,timestamp,model,hour,y_true,y_pred,train_start,train_end,test_day,train_rows,test_rows
0,2020-10-01 14:00:00,Decision Tree,14,-0.10235494109881184,-0.10905427294549086,2019-10-01 14:00:00,2020-10-01 14:00:00,2020-10-01 14:00:00,366,1
1,2020-10-01 14:00:00,Random Forest,14,-0.10235494109881184,-0.09707182283979703,2019-10-01 14:00:00,2020-10-01 14:00:00,2020-10-01 14:00:00,366,1
2,2020-10-01 14:00:00,Neural Network,14,-0.10235494109881184,0.03137173575883301,2019-10-01 14:00:00,2020-10-01 14:00:00,2020-10-01 14:00:00,366,1
3,2020-10-01 14:00:00,Naive,14,-0.10235494109881184,0.5857948430131632,2019-10-01 14:00:00,2020-10-01 14:00:00,2020-10-01 14:00:00,366,1
4,2020-10-02 14:00:00,Decision Tree,14,-0.1886022111998251,-0.16530360326149485,2019-10-02 14:00:00,2020-10-02 14:00:00,2020-10-02 14:00:00,366,1
5,2020-10-02 14:00:00,Random Forest,14,-0.1886022111998251,-0.19685357241942897,2019-10-02 14:00:00,2020-10-02 14:00:00,2020-10-02 14:00:00,366,1
6,2020-10-02 14:00:00,Neural Network,14,-0.1886022111998251,-0.39686343241364086,2019-10-02 14:00:00,2020-10-02 14:00:00,2020-10-02 14:00:00,366,1
7,2020-10-02 14:00:00,Naive,14,-0.1886022111998251,-0.10235494109881184,2019-10-02 14:00:00,2020-10-02 14:00:00,2020-10-02 14:00:00,366,1
8,2020-10-03 14:00:00,Decision Tree,14,-1.5838769980071412,-1.5470075533028487,2019-10-03 14:00:00,2020-10-03 14:00:00,2020-10-03 14:00:00,366,1
9,2020-10-03 14:00:00,Random Forest,14,-1.5838769980071412,-1.5791889454493264,2019-10-03 14:00:00,2020-10-03 14:00:00,2020-10-03 14:00:00,366,1
10,2020-10-03 14:00:00,Neural Network,14,-1.5838769980071412,-1.2471189760277315,2019-10-03 14:00:00,2020-10-03 14:00:00,2020-10-03 14:00:00,366,1
11,2020-10-03 14:00:00,Naive,14,-1.5838769980071412,-0.1886022111998251,2019-10-03 14:00:00,2020-10-03 14:00:00,2020-10-03 14:00:00,366,1
12,2020-10-04 14:00:00,Decision Tree,14,-2.4392814055335257,-2.331940641613645,2019-10-04 14:00:00,2020-10-04 14:00:00,2020-10-04 14:00:00,366,1
13,2020-10-04 14:00:00,Random Forest,14,-2.4392814055335257,-2.45934417120508,2019-10-04 14:00:00,2020-10-04 14:00:00,2020-10-04 14:00:00,366,1
14,2020-10-04 14:00:00,Neural Network,14,-2.4392814055335257,-2.437788166066581,2019-10-04 14:00:00,2020-10-04 14:00:00,2020-10-04 14:00:00,366,1
15,2020-10-04 14:00:00,Naive,14,-2.4392814055335257,-1.5838769980071412,2019-10-04 14:00:00,2020-10-04 14:00:00,2020-10-04 14:00:00,366,1
16,2020-10-05 14:00:00,Decision Tree,14,-0.18996691587642558,-0.2132133411828305,2019-10-05 14:00:00,2020-10-05 14:00:00,2020-10-05 14:00:00,366,1
17,2020-10-05 14:00:00,Random Forest,14,-0.18996691587642558,-0.193437995749082,2019-10-05 14:00:00,2020-10-05 14:00:00,2020-10-05 14:00:00,366,1
18,2020-10-05 14:00:00,Neural Network,14,-0.18996691587642558,-0.14781098778147417,2019-10-05 14:00:00,2020-10-05 14:00:00,2020-10-05 14:00:00,366,1
19,2020-10-05 14:00:00,Naive,14,-0.18996691587642558,-2.4392814055335257,2019-10-05 14:00:00,2020-10-05 14:00:00,2020-10-05 14:00:00,366,1
20,2020-10-06 14:00:00,Decision Tree,14,-0.0813264797807875,-0.07275839322692554,2019-10-06 14:00:00,2020-10-06 14:00:00,2020-10-06 14:00:00,366,1
21,2020-10-06 14:00:00,Random Forest,14,-0.0813264797807875,-0.08583603608353936,2019-10-06 14:00:00,2020-10-06 14:00:00,2020-10-06 14:00:00,366,1
22,2020-10-06 14:00:00,Neural Network,14,-0.0813264797807875,-0.38310200361239605,2019-10-06 14:00:00,2020-10-06 14:00:00,2020-10-06 14:00:00,366,1
23,2020-10-06 14:00:00,Naive,14,-0.0813264797807875,-0.18996691587642558,2019-10-06 14:00:00,2020-10-06 14:00:00,2020-10-06 14:00:00,366,1
24,2020-10-07 14:00:00,Decision Tree,14,-0.07759925101911967,-0.0737104028440213,2019-10-07 14:00:00,2020-10-07 14:00:00,2020-10-07 14:00:00,366,1
25,2020-10-07 14:00:00,Random Forest,14,-0.07759925101911967,-0.0828595864899371,2019-10-07 14:00:00,2020-10-07 14:00:00,2020-10-07 14:00:00,366,1
26,2020-10-07 14:00:00,Neural Network,14,-0.07759925101911967,-0.021585230639062924,2019-10-07 14:00:00,2020-10-07 14:00:00,2020-10-07 14:00:00,366,1
27,2020-10-07 14:00:00,Naive,14,-0.07759925101911967,-0.0813264797807875,2019-10-07 14:00:00,2020-10-07 14:00:00,2020-10-07 14:00:00,366,1
28,2020-10-08 14:00:00,Decision Tree,14,-0.5516410456273341,-0.5405434357256633,2019-10-08 14:00:00,2020-10-08 14:00:00,2020-10-08 14:00:00,366,1
29,2020-10-08 14:00:00,Random Forest,14,-0.5516410456273341,-0.5491634327654281,2019-10-08 14:00:00,2020-10-08 14:00:00,2020-10-08 14:00:00,366,1
30,2020-10-08 14:00:00,Neural Network,14,-0.5516410456273341,-0.673450422916928,2019-10-08 14:00:00,2020-10-08 14:00:00,2020-10-08 14:00:00,366,1
31,2020-10-08 14:00:00,Naive,14,-0.5516410456273341,-0.07759925101911967,2019-10-08 14:00:00,2020-10-08 14:00:00,2020-10-08 14:00:00,366,1
32,2020-10-09 14:00:00,Decision Tree,14,0.12468699639454311,0.09368930648232132,2019-10-09 14:00:00,2020-10-09 14:00:00,2020-10-09 14:00:00,366,1
33,2020-10-09 14:00:00,Random Forest,14,0.12468699639454311,0.10061099875789482,2019-10-09 14:00:00,2020-10-09 14:00:00,2020-10-09 14:00:00,366,1
34,2020-10-09 14:00:00,Neural Network,14,0.12468699639454311,0.496584906904754,2019-10-09 14:00:00,2020-10-09 14:00:00,2020-10-09 14:00:00,366,1
35,2020-10-09 14:00:00,Naive,14,0.12468699639454311,-0.5516410456273341,2019-10-09 14:00:00,2020-10-09 14:00:00,2020-10-09 14:00:00,366,1
36,2020-10-10 14:00:00,Decision Tree,14,-0.537165080128883,-0.54845141876378,2019-10-10 14:00:00,2020-10-10 14:00:00,2020-10-10 14:00:00,366,1
37,2020-10-10 14:00:00,Random Forest,14,-0.537165080128883,-0.5405965511210448,2019-10-10 14:00:00,2020-10-10 14:00:00,2020-10-10 14:00:00,366,1
38,2020-10-10 14:00:00,Neural Network,14,-0.537165080128883,-0.6688660257471623,2019-10-10 14:00:00,2020-10-10 14:00:00,2020-10-10 14:00:00,366,1
39,2020-10-10 14:00:00,Naive,14,-0.537165080128883,0.12468699639454311,2019-10-10 14:00:00,2020-10-10 14:00:00,2020-10-10 14:00:00,366,1
40,2020-10-11 14:00:00,Decision Tree,14,-0.5531458428320712,-0.5520844380012252,2019-10-11 14:00:00,2020-10-11 14:00:00,2020-10-11 14:00:00,366,1
41,2020-10-11 14:00:00,Random Forest,14,-0.5531458428320712,-0.5510785247311658,2019-10-11 14:00:00,2020-10-11 14:00:00,2020-10-11 14:00:00,366,1
42,2020-10-11 14:00:00,Neural Network,14,-0.5531458428320712,-0.2599087598025887,2019-10-11 14:00:00,2020-10-11 14:00:00,2020-10-11 14:00:00,366,1
43,2020-10-11 14:00:00,Naive,14,-0.5531458428320712,-0.537165080128883,2019-10-11 14:00:00,2020-10-11 14:00:00,2020-10-11 14:00:00,366,1
44,2020-10-12 14:00:00,Decision Tree,14,0.6748946652297153,0.6427465686224063,2019-10-12 14:00:00,2020-10-12 14:00:00,2020-10-12 14:00:00,366,1
45,2020-10-12 14:00:00,Random Forest,14,0.6748946652297153,0.6382681931094635,2019-10-12 14:00:00,2020-10-12 14:00:00,2020-10-12 14:00:00,366,1
46,2020-10-12 14:00:00,Neural Network,14,0.6748946652297153,0.6905693390285523,2019-10-12 14:00:00,2020-10-12 14:00:00,2020-10-12 14:00:00,366,1
47,2020-10-12 14:00:00,Naive,14,0.6748946652297153,-0.5531458428320712,2019-10-12 14:00:00,2020-10-12 14:00:00,2020-10-12 14:00:00,366,1
48,2020-10-13 14:00:00,Decision Tree,14,0.46127588299117633,0.44369930105468064,2019-10-13 14:00:00,2020-10-13 14:00:00,2020-10-13 14:00:00,366,1
49,2020-10-13 14:00:00,Random Forest,14,0.46127588299117633,0.4377765696780211,2019-10-13 14:00:00,2020-10-13 14:00:00,2020-10-13 14:00:00,366,1
50,2020-10-13 14:00:00,Neural Network,14,0.46127588299117633,0.6934351592015702,2019-10-13 14:00:00,2020-10-13 14:00:00,2020-10-13 14:00:00,366,1
51,2020-10-13 14:00:00,Naive,14,0.46127588299117633,0.6748946652297153,2019-10-13 14:00:00,2020-10-13 14:00:00,2020-10-13 14:00:00,366,1
52,2020-10-14 14:00:00,Decision Tree,14,-0.17757551025720264,-0.16822531446338282,2019-10-14 14:00:00,2020-10-14 14:00:00,2020-10-14 14:00:00,366,1
53,2020-10-14 14:00:00,Random Forest,14,-0.17757551025720264,-0.19148276207759934,2019-10-14 14:00:00,2020-10-14 14:00:00,2020-10-14 14:00:00,366,1
54,2020-10-14 14:00:00,Neural Network,14,-0.17757551025720264,-0.382610970158212,2019-10-14 14:00:00,2020-10-14 14:00:00,2020-10-14 14:00:00,366,1
55,2020-10-14 14:00:00,Naive,14,-0.17757551025720264,0.46127588299117633,2019-10-14 14:00:00,2020-10-14 14:00:00,2020-10-14 14:00:00,366,1
56,2020-10-15 14:00:00,Decision Tree,14,0.6528409429286546,0.6481045847236244,2019-10-15 14:00:00,2020-10-15 14:00:00,2020-10-15 14:00:00,366,1
57,2020-10-15 14:00:00,Random Forest,14,0.6528409429286546,0.6343274449001031,2019-10-15 14:00:00,2020-10-15 14:00:00,2020-10-15 14:00:00,366,1
58,2020-10-15 14:00:00,Neural Network,14,0.6528409429286546,0.3668762351378468,2019-10-15 14:00:00,2020-10-15 14:00:00,2020-10-15 14:00:00,366,1
59,2020-10-15 14:00:00,Naive,14,0.6528409429286546,-0.17757551025720264,2019-10-15 14:00:00,2020-10-15 14:00:00,2020-10-15 14:00:00,366,1
60,2020-10-16 14:00:00,Decision Tree,14,0.6245058677155181,0.58314586286826,2019-10-16 14:00:00,2020-10-16 14:00:00,2020-10-16 14:00:00,366,1
61,2020-10-16 14:00:00,Random Forest,14,0.6245058677155181,0.5912037812178663,2019-10-16 14:00:00,2020-10-16 14:00:00,2020-10-16 14:00:00,366,1
62,2020-10-16 14:00:00,Neural Network,14,0.6245058677155181,0.7161137553597238,2019-10-16 14:00:00,2020-10-16 14:00:00,2020-10-16 14:00:00,366,1
63,2020-10-16 14:00:00,Naive,14,0.6245058677155181,0.6528409429286546,2019-10-16 14:00:00,2020-10-16 14:00:00,2020-10-16 14:00:00,366,1
64,2020-10-17 14:00:00,Decision Tree,14,0.007175372039470434,-0.008909372582195927,2019-10-17 14:00:00,2020-10-17 14:00:00,2020-10-17 14:00:00,366,1
65,2020-10-17 14:00:00,Random Forest,14,0.007175372039470434,-0.010011808337317707,2019-10-17 14:00:00,2020-10-17 14:00:00,2020-10-17 14:00:00,366,1
66,2020-10-17 14:00:00,Neural Network,14,0.007175372039470434,0.2534519478082958,2019-10-17 14:00:00,2020-10-17 14:00:00,2020-10-17 14:00:00,366,1
67,2020-10-17 14:00:00,Naive,14,0.007175372039470434,0.6245058677155181,2019-10-17 14:00:00,2020-10-17 14:00:00,2020-10-17 14:00:00,366,1
68,2020-10-18 14:00:00,Decision Tree,14,-0.7046455515810699,-0.6930789977507226,2019-10-18 14:00:00,2020-10-18 14:00:00,2020-10-18 14:00:00,366,1
69,2020-10-18 14:00:00,Random Forest,14,-0.7046455515810699,-0.6946198508344942,2019-10-18 14:00:00,2020-10-18 14:00:00,2020-10-18 14:00:00,366,1
70,2020-10-18 14:00:00,Neural Network,14,-0.7046455515810699,-0.6095963969548505,2019-10-18 14:00:00,2020-10-18 14:00:00,2020-10-18 14:00:00,366,1
71,2020-10-18 14:00:00,Naive,14,-0.7046455515810699,0.007175372039470434,2019-10-18 14:00:00,2020-10-18 14:00:00,2020-10-18 14:00:00,366,1
72,2020-10-19 14:00:00,Decision Tree,14,0.35428776787709376,0.35707324567552334,2019-10-19 14:00:00,2020-10-19 14:00:00,2020-10-19 14:00:00,366,1
73,2020-10-19 14:00:00,Random Forest,14,0.35428776787709376,0.32930413209920956,2019-10-19 14:00:00,2020-10-19 14:00:00,2020-10-19 14:00:00,366,1
74,2020-10-19 14:00:00,Neural Network,14,0.35428776787709376,0.4273049418388851,2019-10-19 14:00:00,2020-10-19 14:00:00,2020-10-19 14:00:00,366,1
75,2020-10-19 14:00:00,Naive,14,0.35428776787709376,-0.7046455515810699,2019-10-19 14:00:00,2020-10-19 14:00:00,2020-10-19 14:00:00,366,1
76,2020-10-20 14:00:00,Decision Tree,14,-0.15187137492397498,-0.16167165399224975,2019-10-20 14:00:00,2020-10-20 14:00:00,2020-10-20 14:00:00,366,1
77,2020-10-20 14:00:00,Random Forest,14,-0.15187137492397498,-0.1667741409510846,2019-10-20 14:00:00,2020-10-20 14:00:00,2020-10-20 14:00:00,366,1
78,2020-10-20 14:00:00,Neural Network,14,-0.15187137492397498,-0.07300752304450148,2019-10-20 14:00:00,2020-10-20 14:00:00,2020-10-20 14:00:00,366,1
79,2020-10-20 14:00:00,Naive,14,-0.15187137492397498,0.35428776787709376,2019-10-20 14:00:00,2020-10-20 14:00:00,2020-10-20 14:00:00,366,1
80,2020-10-21 14:00:00,Decision Tree,14,-0.5802563010749643,-0.6007869956484245,2019-10-21 14:00:00,2020-10-21 14:00:00,2020-10-21 14:00:00,366,1
81,2020-10-21 14:00:00,Random Forest,14,-0.5802563010749643,-0.5842198233407057,2019-10-21 14:00:00,2020-10-21 14:00:00,2020-10-21 14:00:00,366,1
82,2020-10-21 14:00:00,Neural Network,14,-0.5802563010749643,-0.3823381048327544,2019-10-21 14:00:00,2020-10-21 14:00:00,2020-10-21 14:00:00,366,1
83,2020-10-21 14:00:00,Naive,14,-0.5802563010749643,-0.15187137492397498,2019-10-21 14:00:00,2020-10-21 14:00:00,2020-10-21 14:00:00,366,1
84,2020-10-22 14:00:00,Decision Tree,14,-0.20216463554492864,-0.19624159661963433,2019-10-22 14:00:00,2020-10-22 14:00:00,2020-10-22 14:00:00,366,1
85,2020-10-22 14:00:00,Random Forest,14,-0.20216463554492864,-0.20312290089848567,2019-10-22 14:00:00,2020-10-22 14:00:00,2020-10-22 14:00:00,366,1
86,2020-10-22 14:00:00,Neural Network,14,-0.20216463554492864,-0.3331106821206175,2019-10-22 14:00:00,2020-10-22 14:00:00,2020-10-22 14:00:00,366,1
87,2020-10-22 14:00:00,Naive,14,-0.20216463554492864,-0.5802563010749643,2019-10-22 14:00:00,2020-10-22 14:00:00,2020-10-22 14:00:00,366,1
88,2020-10-23 14:00:00,Decision Tree,14,0.8115028687824366,0.7060246506023379,2019-10-23 14:00:00,2020-10-23 14:00:00,2020-10-23 14:00:00,366,1
89,2020-10-23 14:00:00,Random Forest,14,0.8115028687824366,0.7495688964586621,2019-10-23 14:00:00,2020-10-23 14:00:00,2020-10-23 14:00:00,366,1
90,2020-10-23 14:00:00,Neural Network,14,0.8115028687824366,0.6853882962868969,2019-10-23 14:00:00,2020-10-23 14:00:00,2020-10-23 14:00:00,366,1
91,2020-10-23 14:00:00,Naive,14,0.8115028687824366,-0.20216463554492864,2019-10-23 14:00:00,2020-10-23 14:00:00,2020-10-23 14:00:00,366,1
92,2020-10-24 14:00:00,Decision Tree,14,-0.7535816116745758,-0.7434229174182436,2019-10-24 14:00:00,2020-10-24 14:00:00,2020-10-24 14:00:00,366,1
93,2020-10-24 14:00:00,Random Forest,14,-0.7535816116745758,-0.7431414870354474,2019-10-24 14:00:00,2020-10-24 14:00:00,2020-10-24 14:00:00,366,1
94,2020-10-24 14:00:00,Neural Network,14,-0.7535816116745758,-0.8609427858655327,2019-10-24 14:00:00,2020-10-24 14:00:00,2020-10-24 14:00:00,366,1
95,2020-10-24 14:00:00,Naive,14,-0.7535816116745758,0.8115028687824366,2019-10-24 14:00:00,2020-10-24 14:00:00,2020-10-24 14:00:00,366,1
96,2020-10-25 14:00:00,Decision Tree,14,-1.1999861420995974,-1.1752984417650687,2019-10-25 14:00:00,2020-10-25 14:00:00,2020-10-25 14:00:00,366,1
97,2020-10-25 14:00:00,Random Forest,14,-1.1999861420995974,-1.1744104325898959,2019-10-25 14:00:00,2020-10-25 14:00:00,2020-10-25 14:00:00,366,1
98,2020-10-25 14:00:00,Neural Network,14,-1.1999861420995974,-0.9497806147899858,2019-10-25 14:00:00,2020-10-25 14:00:00,2020-10-25 14:00:00,366,1
99,2020-10-25 14:00:00,Naive,14,-1.1999861420995974,-0.7535816116745758,2019-10-25 14:00:00,2020-10-25 14:00:00,2020-10-25 14:00:00,366,1
100,2020-10-26 14:00:00,Decision Tree,14,0.5479192515677511,0.5125202494489035,2019-10-26 14:00:00,2020-10-26 14:00:00,2020-10-26 14:00:00,366,1
101,2020-10-26 14:00:00,Random Forest,14,0.5479192515677511,0.5096102083643627,2019-10-26 14:00:00,2020-10-26 14:00:00,2020-10-26 14:00:00,366,1
102,2020-10-26 14:00:00,Neural Network,14,0.5479192515677511,0.4686450152822743,2019-10-26 14:00:00,2020-10-26 14:00:00,2020-10-26 14:00:00,366,1
103,2020-10-26 14:00:00,Naive,14,0.5479192515677511,-1.1999861420995974,2019-10-26 14:00:00,2020-10-26 14:00:00,2020-10-26 14:00:00,366,1
104,2020-10-27 14:00:00,Decision Tree,14,0.01598940134035944,-0.0062285818119182,2019-10-27 14:00:00,2020-10-27 14:00:00,2020-10-27 14:00:00,366,1
105,2020-10-27 14:00:00,Random Forest,14,0.01598940134035944,-0.0122553993560926,2019-10-27 14:00:00,2020-10-27 14:00:00,2020-10-27 14:00:00,366,1
106,2020-10-27 14:00:00,Neural Network,14,0.01598940134035944,-0.03841535291293935,2019-10-27 14:00:00,2020-10-27 14:00:00,2020-10-27 14:00:00,366,1
107,2020-10-27 14:00:00,Naive,14,0.01598940134035944,0.5479192515677511,2019-10-27 14:00:00,2020-10-27 14:00:00,2020-10-27 14:00:00,366,1
108,2020-10-28 14:00:00,Decision Tree,14,-0.09072821793504893,-0.10633371228734083,2019-10-28 14:00:00,2020-10-28 14:00:00,2020-10-28 14:00:00,366,1
109,2020-10-28 14:00:00,Random Forest,14,-0.09072821793504893,-0.11987115060898632,2019-10-28 14:00:00,2020-10-28 14:00:00,2020-10-28 14:00:00,366,1
110,2020-10-28 14:00:00,Neural Network,14,-0.09072821793504893,-0.19878312206307902,2019-10-28 14:00:00,2020-10-28 14:00:00,2020-10-28 14:00:00,366,1
111,2020-10-28 14:00:00,Naive,14,-0.09072821793504893,0.01598940134035944,2019-10-28 14:00:00,2020-10-28 14:00:00,2020-10-28 14:00:00,366,1
112,2020-10-29 14:00:00,Decision Tree,14,0.3810172556886344,0.34910432516334133,2019-10-29 14:00:00,2020-10-29 14:00:00,2020-10-29 14:00:00,366,1
113,2020-10-29 14:00:00,Random Forest,14,0.3810172556886344,0.34821099262215643,2019-10-29 14:00:00,2020-10-29 14:00:00,2020-10-29 14:00:00,366,1
114,2020-10-29 14:00:00,Neural Network,14,0.3810172556886344,-0.05809484003708143,2019-10-29 14:00:00,2020-10-29 14:00:00,2020-10-29 14:00:00,366,1
115,2020-10-29 14:00:00,Naive,14,0.3810172556886344,-0.09072821793504893,2019-10-29 14:00:00,2020-10-29 14:00:00,2020-10-29 14:00:00,366,1
116,2020-10-30 14:00:00,Decision Tree,14,-0.16783365257437363,-0.19708774503753348,2019-10-30 14:00:00,2020-10-30 14:00:00,2020-10-30 14:00:00,366,1
117,2020-10-30 14:00:00,Random Forest,14,-0.16783365257437363,-0.18550339391038756,2019-10-30 14:00:00,2020-10-30 14:00:00,2020-10-30 14:00:00,366,1
118,2020-10-30 14:00:00,Neural Network,14,-0.16783365257437363,-0.33671340656716087,2019-10-30 14:00:00,2020-10-30 14:00:00,2020-10-30 14:00:00,366,1
119,2020-10-30 14:00:00,Naive,14,-0.16783365257437363,0.3810172556886344,2019-10-30 14:00:00,2020-10-30 14:00:00,2020-10-30 14:00:00,366,1
120,2020-10-31 14:00:00,Decision Tree,14,-0.6549890268997595,-0.647885805600919,2019-10-31 14:00:00,2020-10-31 14:00:00,2020-10-31 14:00:00,366,1
121,2020-10-31 14:00:00,Random Forest,14,-0.6549890268997595,-0.6482237178060325,2019-10-31 14:00:00,2020-10-31 14:00:00,2020-10-31 14:00:00,366,1
122,2020-10-31 14:00:00,Neural Network,14,-0.6549890268997595,-0.4332465024672172,2019-10-31 14:00:00,2020-10-31 14:00:00,2020-10-31 14:00:00,366,1
123,2020-10-31 14:00:00,Naive,14,-0.6549890268997595,-0.16783365257437363,2019-10-31 14:00:00,2020-10-31 14:00:00,2020-10-31 14:00:00,366,1
124,2020-11-01 14:00:00,Decision Tree,14,-1.435903437168327,-1.398948925718851,2019-11-01 14:00:00,2020-11-01 14:00:00,2020-11-01 14:00:00,366,1
125,2020-11-01 14:00:00,Random Forest,14,-1.435903437168327,-1.4064152920473327,2019-11-01 14:00:00,2020-11-01 14:00:00,2020-11-01 14:00:00,366,1
126,2020-11-01 14:00:00,Neural Network,14,-1.435903437168327,-1.4883227974117843,2019-11-01 14:00:00,2020-11-01 14:00:00,2020-11-01 14:00:00,366,1
127,2020-11-01 14:00:00,Naive,14,-1.435903437168327,-0.6549890268997595,2019-11-01 14:00:00,2020-11-01 14:00:00,2020-11-01 14:00:00,366,1
128,2020-11-02 14:00:00,Decision Tree,14,-0.4324305017529203,-0.47003394901469725,2019-11-02 14:00:00,2020-11-02 14:00:00,2020-11-02 14:00:00,366,1
129,2020-11-02 14:00:00,Random Forest,14,-0.4324305017529203,-0.4463123865426017,2019-11-02 14:00:00,2020-11-02 14:00:00,2020-11-02 14:00:00,366,1
130,2020-11-02 14:00:00,Neural Network,14,-0.4324305017529203,-0.36541957349636967,2019-11-02 14:00:00,2020-11-02 14:00:00,2020-11-02 14:00:00,366,1
131,2020-11-02 14:00:00,Naive,14,-0.4324305017529203,-1.435903437168327,2019-11-02 14:00:00,2020-11-02 14:00:00,2020-11-02 14:00:00,366,1
132,2020-11-03 14:00:00,Decision Tree,14,0.48029763231718825,0.41091186687472175,2019-11-03 14:00:00,2020-11-03 14:00:00,2020-11-03 14:00:00,366,1
133,2020-11-03 14:00:00,Random Forest,14,0.48029763231718825,0.43090141585048203,2019-11-03 14:00:00,2020-11-03 14:00:00,2020-11-03 14:00:00,366,1
134,2020-11-03 14:00:00,Neural Network,14,0.48029763231718825,0.49979683692430354,2019-11-03 14:00:00,2020-11-03 14:00:00,2020-11-03 14:00:00,366,1
135,2020-11-03 14:00:00,Naive,14,0.48029763231718825,-0.4324305017529203,2019-11-03 14:00:00,2020-11-03 14:00:00,2020-11-03 14:00:00,366,1
136,2020-11-04 14:00:00,Decision Tree,14,0.5621024784819483,0.5136201173875845,2019-11-04 14:00:00,2020-11-04 14:00:00,2020-11-04 14:00:00,366,1
137,2020-11-04 14:00:00,Random Forest,14,0.5621024784819483,0.5260478485092257,2019-11-04 14:00:00,2020-11-04 14:00:00,2020-11-04 14:00:00,366,1
138,2020-11-04 14:00:00,Neural Network,14,0.5621024784819483,0.5650640284217586,2019-11-04 14:00:00,2020-11-04 14:00:00,2020-11-04 14:00:00,366,1
139,2020-11-04 14:00:00,Naive,14,0.5621024784819483,0.48029763231718825,2019-11-04 14:00:00,2020-11-04 14:00:00,2020-11-04 14:00:00,366,1
140,2020-11-05 14:00:00,Decision Tree,14,-0.07905593942026228,-0.10765389203920164,2019-11-05 14:00:00,2020-11-05 14:00:00,2020-11-05 14:00:00,366,1
141,2020-11-05 14:00:00,Random Forest,14,-0.07905593942026228,-0.1128028218357246,2019-11-05 14:00:00,2020-11-05 14:00:00,2020-11-05 14:00:00,366,1
142,2020-11-05 14:00:00,Neural Network,14,-0.07905593942026228,0.16842935378018598,2019-11-05 14:00:00,2020-11-05 14:00:00,2020-11-05 14:00:00,366,1
143,2020-11-05 14:00:00,Naive,14,-0.07905593942026228,0.5621024784819483,2019-11-05 14:00:00,2020-11-05 14:00:00,2020-11-05 14:00:00,366,1
144,2020-11-06 14:00:00,Decision Tree,14,0.244482006420858,0.16883459305990448,2019-11-06 14:00:00,2020-11-06 14:00:00,2020-11-06 14:00:00,366,1
145,2020-11-06 14:00:00,Random Forest,14,0.244482006420858,0.19897893110919995,2019-11-06 14:00:00,2020-11-06 14:00:00,2020-11-06 14:00:00,366,1
146,2020-11-06 14:00:00,Neural Network,14,0.244482006420858,0.3440026622991451,2019-11-06 14:00:00,2020-11-06 14:00:00,2020-11-06 14:00:00,366,1
147,2020-11-06 14:00:00,Naive,14,0.244482006420858,-0.07905593942026228,2019-11-06 14:00:00,2020-11-06 14:00:00,2020-11-06 14:00:00,366,1
148,2020-11-07 14:00:00,Decision Tree,14,-0.13101913587925415,-0.1756349941280786,2019-11-07 14:00:00,2020-11-07 14:00:00,2020-11-07 14:00:00,366,1
149,2020-11-07 14:00:00,Random Forest,14,-0.13101913587925415,-0.16314335203478442,2019-11-07 14:00:00,2020-11-07 14:00:00,2020-11-07 14:00:00,366,1
150,2020-11-07 14:00:00,Neural Network,14,-0.13101913587925415,0.08253678081941573,2019-11-07 14:00:00,2020-11-07 14:00:00,2020-11-07 14:00:00,366,1
151,2020-11-07 14:00:00,Naive,14,-0.13101913587925415,0.244482006420858,2019-11-07 14:00:00,2020-11-07 14:00:00,2020-11-07 14:00:00,366,1
152,2020-11-08 14:00:00,Decision Tree,14,-0.12810631837391953,-0.1426369500331335,2019-11-08 14:00:00,2020-11-08 14:00:00,2020-11-08 14:00:00,366,1
153,2020-11-08 14:00:00,Random Forest,14,-0.12810631837391953,-0.14872908439727162,2019-11-08 14:00:00,2020-11-08 14:00:00,2020-11-08 14:00:00,366,1
154,2020-11-08 14:00:00,Neural Network,14,-0.12810631837391953,-0.05959561155415438,2019-11-08 14:00:00,2020-11-08 14:00:00,2020-11-08 14:00:00,366,1
155,2020-11-08 14:00:00,Naive,14,-0.12810631837391953,-0.13101913587925415,2019-11-08 14:00:00,2020-11-08 14:00:00,2020-11-08 14:00:00,366,1
156,2020-11-09 14:00:00,Decision Tree,14,0.8034372666126959,0.7043909718569531,2019-11-09 14:00:00,2020-11-09 14:00:00,2020-11-09 14:00:00,366,1
157,2020-11-09 14:00:00,Random Forest,14,0.8034372666126959,0.7257027804661704,2019-11-09 14:00:00,2020-11-09 14:00:00,2020-11-09 14:00:00,366,1
158,2020-11-09 14:00:00,Neural Network,14,0.8034372666126959,0.8332401327831099,2019-11-09 14:00:00,2020-11-09 14:00:00,2020-11-09 14:00:00,366,1
159,2020-11-09 14:00:00,Naive,14,0.8034372666126959,-0.12810631837391953,2019-11-09 14:00:00,2020-11-09 14:00:00,2020-11-09 14:00:00,366,1
160,2020-11-10 14:00:00,Decision Tree,14,0.9889079087859061,0.9479698226959734,2019-11-10 14:00:00,2020-11-10 14:00:00,2020-11-10 14:00:00,366,1
161,2020-11-10 14:00:00,Random Forest,14,0.9889079087859061,0.9198452028287875,2019-11-10 14:00:00,2020-11-10 14:00:00,2020-11-10 14:00:00,366,1
162,2020-11-10 14:00:00,Neural Network,14,0.9889079087859061,1.008831560809113,2019-11-10 14:00:00,2020-11-10 14:00:00,2020-11-10 14:00:00,366,1
163,2020-11-10 14:00:00,Naive,14,0.9889079087859061,0.8034372666126959,2019-11-10 14:00:00,2020-11-10 14:00:00,2020-11-10 14:00:00,366,1
164,2020-11-11 14:00:00,Decision Tree,14,0.8762134833722065,0.8028226114216495,2019-11-11 14:00:00,2020-11-11 14:00:00,2020-11-11 14:00:00,366,1
165,2020-11-11 14:00:00,Random Forest,14,0.8762134833722065,0.8028142924345364,2019-11-11 14:00:00,2020-11-11 14:00:00,2020-11-11 14:00:00,366,1
166,2020-11-11 14:00:00,Neural Network,14,0.8762134833722065,0.9267638610050952,2019-11-11 14:00:00,2020-11-11 14:00:00,2020-11-11 14:00:00,366,1
167,2020-11-11 14:00:00,Naive,14,0.8762134833722065,0.9889079087859061,2019-11-11 14:00:00,2020-11-11 14:00:00,2020-11-11 14:00:00,366,1
168,2020-11-12 14:00:00,Decision Tree,14,0.595173907816944,0.5693700177576991,2019-11-12 14:00:00,2020-11-12 14:00:00,2020-11-12 14:00:00,366,1
169,2020-11-12 14:00:00,Random Forest,14,0.595173907816944,0.5430482946197503,2019-11-12 14:00:00,2020-11-12 14:00:00,2020-11-12 14:00:00,366,1
170,2020-11-12 14:00:00,Neural Network,14,0.595173907816944,0.49063801665413886,2019-11-12 14:00:00,2020-11-12 14:00:00,2020-11-12 14:00:00,366,1
171,2020-11-12 14:00:00,Naive,14,0.595173907816944,0.8762134833722065,2019-11-12 14:00:00,2020-11-12 14:00:00,2020-11-12 14:00:00,366,1
172,2020-11-13 14:00:00,Decision Tree,14,0.6422656510929958,0.5736706661009066,2019-11-13 14:00:00,2020-11-13 14:00:00,2020-11-13 14:00:00,366,1
173,2020-11-13 14:00:00,Random Forest,14,0.6422656510929958,0.5818772192371572,2019-11-13 14:00:00,2020-11-13 14:00:00,2020-11-13 14:00:00,366,1
174,2020-11-13 14:00:00,Neural Network,14,0.6422656510929958,0.4926865354810125,2019-11-13 14:00:00,2020-11-13 14:00:00,2020-11-13 14:00:00,366,1
175,2020-11-13 14:00:00,Naive,14,0.6422656510929958,0.595173907816944,2019-11-13 14:00:00,2020-11-13 14:00:00,2020-11-13 14:00:00,366,1
176,2020-11-14 14:00:00,Decision Tree,14,0.06684792337342788,0.01425130061772966,2019-11-14 14:00:00,2020-11-14 14:00:00,2020-11-14 14:00:00,366,1
177,2020-11-14 14:00:00,Random Forest,14,0.06684792337342788,0.01107421292463795,2019-11-14 14:00:00,2020-11-14 14:00:00,2020-11-14 14:00:00,366,1
178,2020-11-14 14:00:00,Neural Network,14,0.06684792337342788,0.2024867350192252,2019-11-14 14:00:00,2020-11-14 14:00:00,2020-11-14 14:00:00,366,1
179,2020-11-14 14:00:00,Naive,14,0.06684792337342788,0.6422656510929958,2019-11-14 14:00:00,2020-11-14 14:00:00,2020-11-14 14:00:00,366,1
180,2020-11-15 14:00:00,Decision Tree,14,-1.5194021210558177,-1.5096639400478795,2019-11-15 14:00:00,2020-11-15 14:00:00,2020-11-15 14:00:00,366,1
181,2020-11-15 14:00:00,Random Forest,14,-1.5194021210558177,-1.5157041584064535,2019-11-15 14:00:00,2020-11-15 14:00:00,2020-11-15 14:00:00,366,1
182,2020-11-15 14:00:00,Neural Network,14,-1.5194021210558177,-1.495687458654837,2019-11-15 14:00:00,2020-11-15 14:00:00,2020-11-15 14:00:00,366,1
183,2020-11-15 14:00:00,Naive,14,-1.5194021210558177,0.06684792337342788,2019-11-15 14:00:00,2020-11-15 14:00:00,2020-11-15 14:00:00,366,1
184,2020-11-16 14:00:00,Decision Tree,14,0.4242841809796265,0.3475147730052353,2019-11-16 14:00:00,2020-11-16 14:00:00,2020-11-16 14:00:00,366,1
185,2020-11-16 14:00:00,Random Forest,14,0.4242841809796265,0.3615809097844585,2019-11-16 14:00:00,2020-11-16 14:00:00,2020-11-16 14:00:00,366,1
186,2020-11-16 14:00:00,Neural Network,14,0.4242841809796265,0.11232240150006245,2019-11-16 14:00:00,2020-11-16 14:00:00,2020-11-16 14:00:00,366,1
187,2020-11-16 14:00:00,Naive,14,0.4242841809796265,-1.5194021210558177,2019-11-16 14:00:00,2020-11-16 14:00:00,2020-11-16 14:00:00,366,1
188,2020-11-17 14:00:00,Decision Tree,14,0.4968887676389999,0.4559254470533155,2019-11-17 14:00:00,2020-11-17 14:00:00,2020-11-17 14:00:00,366,1
189,2020-11-17 14:00:00,Random Forest,14,0.4968887676389999,0.43925932051604993,2019-11-17 14:00:00,2020-11-17 14:00:00,2020-11-17 14:00:00,366,1
190,2020-11-17 14:00:00,Neural Network,14,0.4968887676389999,0.34454977987218094,2019-11-17 14:00:00,2020-11-17 14:00:00,2020-11-17 14:00:00,366,1
191,2020-11-17 14:00:00,Naive,14,0.4968887676389999,0.4242841809796265,2019-11-17 14:00:00,2020-11-17 14:00:00,2020-11-17 14:00:00,366,1
192,2020-11-18 14:00:00,Decision Tree,14,0.513211422892292,0.4604769271183915,2019-11-18 14:00:00,2020-11-18 14:00:00,2020-11-18 14:00:00,366,1
193,2020-11-18 14:00:00,Random Forest,14,0.513211422892292,0.4590074444146104,2019-11-18 14:00:00,2020-11-18 14:00:00,2020-11-18 14:00:00,366,1
194,2020-11-18 14:00:00,Neural Network,14,0.513211422892292,0.253058081324523,2019-11-18 14:00:00,2020-11-18 14:00:00,2020-11-18 14:00:00,366,1
195,2020-11-18 14:00:00,Naive,14,0.513211422892292,0.4968887676389999,2019-11-18 14:00:00,2020-11-18 14:00:00,2020-11-18 14:00:00,366,1
196,2020-11-19 14:00:00,Decision Tree,14,-0.4257032305588973,-0.43883698973094354,2019-11-19 14:00:00,2020-11-19 14:00:00,2020-11-19 14:00:00,366,1
197,2020-11-19 14:00:00,Random Forest,14,-0.4257032305588973,-0.4432401730584247,2019-11-19 14:00:00,2020-11-19 14:00:00,2020-11-19 14:00:00,366,1
198,2020-11-19 14:00:00,Neural Network,14,-0.4257032305588973,-0.43075333736624566,2019-11-19 14:00:00,2020-11-19 14:00:00,2020-11-19 14:00:00,366,1
199,2020-11-19 14:00:00,Naive,14,-0.4257032305588973,0.513211422892292,2019-11-19 14:00:00,2020-11-19 14:00:00,2020-11-19 14:00:00,366,1
200,2020-11-20 14:00:00,Decision Tree,14,0.7302637781904421,0.6470427879665274,2019-11-20 14:00:00,2020-11-20 14:00:00,2020-11-20 14:00:00,366,1
201,2020-11-20 14:00:00,Random Forest,14,0.7302637781904421,0.6418159153289602,2019-11-20 14:00:00,2020-11-20 14:00:00,2020-11-20 14:00:00,366,1
202,2020-11-20 14:00:00,Neural Network,14,0.7302637781904421,0.6064730826545557,2019-11-20 14:00:00,2020-11-20 14:00:00,2020-11-20 14:00:00,366,1
203,2020-11-20 14:00:00,Naive,14,0.7302637781904421,-0.4257032305588973,2019-11-20 14:00:00,2020-11-20 14:00:00,2020-11-20 14:00:00,366,1
204,2020-11-21 14:00:00,Decision Tree,14,-0.4913399872818751,-0.4936273496551398,2019-11-21 14:00:00,2020-11-21 14:00:00,2020-11-21 14:00:00,366,1
205,2020-11-21 14:00:00,Random Forest,14,-0.4913399872818751,-0.5262169675054517,2019-11-21 14:00:00,2020-11-21 14:00:00,2020-11-21 14:00:00,366,1
206,2020-11-21 14:00:00,Neural Network,14,-0.4913399872818751,-0.7648978090821641,2019-11-21 14:00:00,2020-11-21 14:00:00,2020-11-21 14:00:00,366,1
207,2020-11-21 14:00:00,Naive,14,-0.4913399872818751,0.7302637781904421,2019-11-21 14:00:00,2020-11-21 14:00:00,2020-11-21 14:00:00,366,1
208,2020-11-22 14:00:00,Decision Tree,14,-0.2769850448165945,-0.295789461206582,2019-11-22 14:00:00,2020-11-22 14:00:00,2020-11-22 14:00:00,366,1
209,2020-11-22 14:00:00,Random Forest,14,-0.2769850448165945,-0.3144298368848411,2019-11-22 14:00:00,2020-11-22 14:00:00,2020-11-22 14:00:00,366,1
210,2020-11-22 14:00:00,Neural Network,14,-0.2769850448165945,-0.3505204020100914,2019-11-22 14:00:00,2020-11-22 14:00:00,2020-11-22 14:00:00,366,1
211,2020-11-22 14:00:00,Naive,14,-0.2769850448165945,-0.4913399872818751,2019-11-22 14:00:00,2020-11-22 14:00:00,2020-11-22 14:00:00,366,1
212,2020-11-23 14:00:00,Decision Tree,14,0.933627108752944,0.8063984188869782,2019-11-23 14:00:00,2020-11-23 14:00:00,2020-11-23 14:00:00,366,1
213,2020-11-23 14:00:00,Random Forest,14,0.933627108752944,0.8470739368423498,2019-11-23 14:00:00,2020-11-23 14:00:00,2020-11-23 14:00:00,366,1
214,2020-11-23 14:00:00,Neural Network,14,0.933627108752944,0.7986117600997397,2019-11-23 14:00:00,2020-11-23 14:00:00,2020-11-23 14:00:00,366,1
215,2020-11-23 14:00:00,Naive,14,0.933627108752944,-0.2769850448165945,2019-11-23 14:00:00,2020-11-23 14:00:00,2020-11-23 14:00:00,366,1
216,2020-11-24 14:00:00,Decision Tree,14,0.6819197754464853,0.6041113308326039,2019-11-24 14:00:00,2020-11-24 14:00:00,2020-11-24 14:00:00,366,1
217,2020-11-24 14:00:00,Random Forest,14,0.6819197754464853,0.6070639313476427,2019-11-24 14:00:00,2020-11-24 14:00:00,2020-11-24 14:00:00,366,1
218,2020-11-24 14:00:00,Neural Network,14,0.6819197754464853,0.7236461111765025,2019-11-24 14:00:00,2020-11-24 14:00:00,2020-11-24 14:00:00,366,1
219,2020-11-24 14:00:00,Naive,14,0.6819197754464853,0.933627108752944,2019-11-24 14:00:00,2020-11-24 14:00:00,2020-11-24 14:00:00,366,1
220,2020-11-25 14:00:00,Decision Tree,14,1.056375263340584,0.9396385910699179,2019-11-25 14:00:00,2020-11-25 14:00:00,2020-11-25 14:00:00,366,1
221,2020-11-25 14:00:00,Random Forest,14,1.056375263340584,0.9613183422188587,2019-11-25 14:00:00,2020-11-25 14:00:00,2020-11-25 14:00:00,366,1
222,2020-11-25 14:00:00,Neural Network,14,1.056375263340584,0.9003661306321102,2019-11-25 14:00:00,2020-11-25 14:00:00,2020-11-25 14:00:00,366,1
223,2020-11-25 14:00:00,Naive,14,1.056375263340584,0.6819197754464853,2019-11-25 14:00:00,2020-11-25 14:00:00,2020-11-25 14:00:00,366,1
224,2020-11-26 14:00:00,Decision Tree,14,1.4416747036574862,1.0632855477740413,2019-11-26 14:00:00,2020-11-26 14:00:00,2020-11-26 14:00:00,366,1
225,2020-11-26 14:00:00,Random Forest,14,1.4416747036574862,1.104463988420418,2019-11-26 14:00:00,2020-11-26 14:00:00,2020-11-26 14:00:00,366,1
226,2020-11-26 14:00:00,Neural Network,14,1.4416747036574862,1.3533088331741485,2019-11-26 14:00:00,2020-11-26 14:00:00,2020-11-26 14:00:00,366,1
227,2020-11-26 14:00:00,Naive,14,1.4416747036574862,1.056375263340584,2019-11-26 14:00:00,2020-11-26 14:00:00,2020-11-26 14:00:00,366,1
228,2020-11-27 14:00:00,Decision Tree,14,1.6471422783289602,1.1265328095074127,2019-11-27 14:00:00,2020-11-27 14:00:00,2020-11-27 14:00:00,366,1
229,2020-11-27 14:00:00,Random Forest,14,1.6471422783289602,1.2193746877807703,2019-11-27 14:00:00,2020-11-27 14:00:00,2020-11-27 14:00:00,366,1
230,2020-11-27 14:00:00,Neural Network,14,1.6471422783289602,1.8627629322941313,2019-11-27 14:00:00,2020-11-27 14:00:00,2020-11-27 14:00:00,366,1
231,2020-11-27 14:00:00,Naive,14,1.6471422783289602,1.4416747036574862,2019-11-27 14:00:00,2020-11-27 14:00:00,2020-11-27 14:00:00,366,1
232,2020-11-28 14:00:00,Decision Tree,14,0.850165536992237,0.7983440557780369,2019-11-28 14:00:00,2020-11-28 14:00:00,2020-11-28 14:00:00,366,1
233,2020-11-28 14:00:00,Random Forest,14,0.850165536992237,0.7748586630002046,2019-11-28 14:00:00,2020-11-28 14:00:00,2020-11-28 14:00:00,366,1
234,2020-11-28 14:00:00,Neural Network,14,0.850165536992237,0.6170819285451632,2019-11-28 14:00:00,2020-11-28 14:00:00,2020-11-28 14:00:00,366,1
235,2020-11-28 14:00:00,Naive,14,0.850165536992237,1.6471422783289602,2019-11-28 14:00:00,2020-11-28 14:00:00,2020-11-28 14:00:00,366,1
236,2020-11-29 14:00:00,Decision Tree,14,0.6096299769287294,0.5217005109033117,2019-11-29 14:00:00,2020-11-29 14:00:00,2020-11-29 14:00:00,366,1
237,2020-11-29 14:00:00,Random Forest,14,0.6096299769287294,0.5454637722792566,2019-11-29 14:00:00,2020-11-29 14:00:00,2020-11-29 14:00:00,366,1
238,2020-11-29 14:00:00,Neural Network,14,0.6096299769287294,0.4070472185450591,2019-11-29 14:00:00,2020-11-29 14:00:00,2020-11-29 14:00:00,366,1
239,2020-11-29 14:00:00,Naive,14,0.6096299769287294,0.850165536992237,2019-11-29 14:00:00,2020-11-29 14:00:00,2020-11-29 14:00:00,366,1
240,2020-11-30 14:00:00,Decision Tree,14,1.1944375311086226,1.3051221498211583,2019-11-30 14:00:00,2020-11-30 14:00:00,2020-11-30 14:00:00,366,1
241,2020-11-30 14:00:00,Random Forest,14,1.1944375311086226,1.1238158097261182,2019-11-30 14:00:00,2020-11-30 14:00:00,2020-11-30 14:00:00,366,1
242,2020-11-30 14:00:00,Neural Network,14,1.1944375311086226,1.160570978265184,2019-11-30 14:00:00,2020-11-30 14:00:00,2020-11-30 14:00:00,366,1
243,2020-11-30 14:00:00,Naive,14,1.1944375311086226,0.6096299769287294,2019-11-30 14:00:00,2020-11-30 14:00:00,2020-11-30 14:00:00,366,1
244,2020-12-01 14:00:00,Decision Tree,14,1.4362255637636387,1.326596443440923,2019-12-01 14:00:00,2020-12-01 14:00:00,2020-12-01 14:00:00,366,1
245,2020-12-01 14:00:00,Random Forest,14,1.4362255637636387,1.3670335883825036,2019-12-01 14:00:00,2020-12-01 14:00:00,2020-12-01 14:00:00,366,1
246,2020-12-01 14:00:00,Neural Network,14,1.4362255637636387,1.412647496998269,2019-12-01 14:00:00,2020-12-01 14:00:00,2020-12-01 14:00:00,366,1
247,2020-12-01 14:00:00,Naive,14,1.4362255637636387,1.1944375311086226,2019-12-01 14:00:00,2020-12-01 14:00:00,2020-12-01 14:00:00,366,1
248,2020-12-02 14:00:00,Decision Tree,14,2.125909647983866,1.3448679634947087,2019-12-02 14:00:00,2020-12-02 14:00:00,2020-12-02 14:00:00,366,1
249,2020-12-02 14:00:00,Random Forest,14,2.125909647983866,1.4288189143721486,2019-12-02 14:00:00,2020-12-02 14:00:00,2020-12-02 14:00:00,366,1
250,2020-12-02 14:00:00,Neural Network,14,2.125909647983866,2.6537716784182215,2019-12-02 14:00:00,2020-12-02 14:00:00,2020-12-02 14:00:00,366,1
251,2020-12-02 14:00:00,Naive,14,2.125909647983866,1.4362255637636387,2019-12-02 14:00:00,2020-12-02 14:00:00,2020-12-02 14:00:00,366,1
252,2020-12-03 14:00:00,Decision Tree,14,1.2206543076757104,1.0752434108919446,2019-12-03 14:00:00,2020-12-03 14:00:00,2020-12-03 14:00:00,366,1
253,2020-12-03 14:00:00,Random Forest,14,1.2206543076757104,1.1897858724430743,2019-12-03 14:00:00,2020-12-03 14:00:00,2020-12-03 14:00:00,366,1
254,2020-12-03 14:00:00,Neural Network,14,1.2206543076757104,0.9340094910232332,2019-12-03 14:00:00,2020-12-03 14:00:00,2020-12-03 14:00:00,366,1
255,2020-12-03 14:00:00,Naive,14,1.2206543076757104,2.125909647983866,2019-12-03 14:00:00,2020-12-03 14:00:00,2020-12-03 14:00:00,366,1
256,2020-12-04 14:00:00,Decision Tree,14,0.6833545040045242,0.6170794049349174,2019-12-04 14:00:00,2020-12-04 14:00:00,2020-12-04 14:00:00,366,1
257,2020-12-04 14:00:00,Random Forest,14,0.6833545040045242,0.6341205596067182,2019-12-04 14:00:00,2020-12-04 14:00:00,2020-12-04 14:00:00,366,1
258,2020-12-04 14:00:00,Neural Network,14,0.6833545040045242,0.43205334206015333,2019-12-04 14:00:00,2020-12-04 14:00:00,2020-12-04 14:00:00,366,1
259,2020-12-04 14:00:00,Naive,14,0.6833545040045242,1.2206543076757104,2019-12-04 14:00:00,2020-12-04 14:00:00,2020-12-04 14:00:00,366,1
260,2020-12-05 14:00:00,Decision Tree,14,1.0598246029292382,0.9203480399281536,2019-12-05 14:00:00,2020-12-05 14:00:00,2020-12-05 14:00:00,366,1
261,2020-12-05 14:00:00,Random Forest,14,1.0598246029292382,0.9707686709636387,2019-12-05 14:00:00,2020-12-05 14:00:00,2020-12-05 14:00:00,366,1
262,2020-12-05 14:00:00,Neural Network,14,1.0598246029292382,0.8522835557661927,2019-12-05 14:00:00,2020-12-05 14:00:00,2020-12-05 14:00:00,366,1
263,2020-12-05 14:00:00,Naive,14,1.0598246029292382,0.6833545040045242,2019-12-05 14:00:00,2020-12-05 14:00:00,2020-12-05 14:00:00,366,1
264,2020-12-06 14:00:00,Decision Tree,14,0.7473714827655891,0.6770293678941814,2019-12-06 14:00:00,2020-12-06 14:00:00,2020-12-06 14:00:00,366,1
265,2020-12-06 14:00:00,Random Forest,14,0.7473714827655891,0.6820780005895151,2019-12-06 14:00:00,2020-12-06 14:00:00,2020-12-06 14:00:00,366,1
266,2020-12-06 14:00:00,Neural Network,14,0.7473714827655891,0.6878642754021984,2019-12-06 14:00:00,2020-12-06 14:00:00,2020-12-06 14:00:00,366,1
267,2020-12-06 14:00:00,Naive,14,0.7473714827655891,1.0598246029292382,2019-12-06 14:00:00,2020-12-06 14:00:00,2020-12-06 14:00:00,366,1
268,2020-12-07 14:00:00,Decision Tree,14,0.47359729887249535,0.4705098197414791,2019-12-07 14:00:00,2020-12-07 14:00:00,2020-12-07 14:00:00,366,1
269,2020-12-07 14:00:00,Random Forest,14,0.47359729887249535,0.400591605450541,2019-12-07 14:00:00,2020-12-07 14:00:00,2020-12-07 14:00:00,366,1
270,2020-12-07 14:00:00,Neural Network,14,0.47359729887249535,0.6740065678888401,2019-12-07 14:00:00,2020-12-07 14:00:00,2020-12-07 14:00:00,366,1
271,2020-12-07 14:00:00,Naive,14,0.47359729887249535,0.7473714827655891,2019-12-07 14:00:00,2020-12-07 14:00:00,2020-12-07 14:00:00,366,1
272,2020-12-08 14:00:00,Decision Tree,14,1.8589033134304411,1.5675968444770614,2019-12-08 14:00:00,2020-12-08 14:00:00,2020-12-08 14:00:00,366,1
273,2020-12-08 14:00:00,Random Forest,14,1.8589033134304411,1.6300665721156093,2019-12-08 14:00:00,2020-12-08 14:00:00,2020-12-08 14:00:00,366,1
274,2020-12-08 14:00:00,Neural Network,14,1.8589033134304411,2.0583483208920517,2019-12-08 14:00:00,2020-12-08 14:00:00,2020-12-08 14:00:00,366,1
275,2020-12-08 14:00:00,Naive,14,1.8589033134304411,0.47359729887249535,2019-12-08 14:00:00,2020-12-08 14:00:00,2020-12-08 14:00:00,366,1
276,2020-12-09 14:00:00,Decision Tree,14,2.375702823274327,1.5139974218250103,2019-12-09 14:00:00,2020-12-09 14:00:00,2020-12-09 14:00:00,366,1
277,2020-12-09 14:00:00,Random Forest,14,2.375702823274327,1.7397951151427244,2019-12-09 14:00:00,2020-12-09 14:00:00,2020-12-09 14:00:00,366,1
278,2020-12-09 14:00:00,Neural Network,14,2.375702823274327,3.0912720938896294,2019-12-09 14:00:00,2020-12-09 14:00:00,2020-12-09 14:00:00,366,1
279,2020-12-09 14:00:00,Naive,14,2.375702823274327,1.8589033134304411,2019-12-09 14:00:00,2020-12-09 14:00:00,2020-12-09 14:00:00,366,1
280,2020-12-10 14:00:00,Decision Tree,14,2.0436963689205565,1.60974246643049,2019-12-10 14:00:00,2020-12-10 14:00:00,2020-12-10 14:00:00,366,1
281,2020-12-10 14:00:00,Random Forest,14,2.0436963689205565,2.0023181007837034,2019-12-10 14:00:00,2020-12-10 14:00:00,2020-12-10 14:00:00,366,1
282,2020-12-10 14:00:00,Neural Network,14,2.0436963689205565,2.153278542592619,2019-12-10 14:00:00,2020-12-10 14:00:00,2020-12-10 14:00:00,366,1
283,2020-12-10 14:00:00,Naive,14,2.0436963689205565,2.375702823274327,2019-12-10 14:00:00,2020-12-10 14:00:00,2020-12-10 14:00:00,366,1
284,2020-12-11 14:00:00,Decision Tree,14,1.0687042502319013,0.9806196110669495,2019-12-11 14:00:00,2020-12-11 14:00:00,2020-12-11 14:00:00,366,1
285,2020-12-11 14:00:00,Random Forest,14,1.0687042502319013,1.0181704916039072,2019-12-11 14:00:00,2020-12-11 14:00:00,2020-12-11 14:00:00,366,1
286,2020-12-11 14:00:00,Neural Network,14,1.0687042502319013,0.8110382630436597,2019-12-11 14:00:00,2020-12-11 14:00:00,2020-12-11 14:00:00,366,1
287,2020-12-11 14:00:00,Naive,14,1.0687042502319013,2.0436963689205565,2019-12-11 14:00:00,2020-12-11 14:00:00,2020-12-11 14:00:00,366,1
288,2020-12-12 14:00:00,Decision Tree,14,0.9025585244393284,0.8487759946803193,2019-12-12 14:00:00,2020-12-12 14:00:00,2020-12-12 14:00:00,366,1
289,2020-12-12 14:00:00,Random Forest,14,0.9025585244393284,0.8686831548070302,2019-12-12 14:00:00,2020-12-12 14:00:00,2020-12-12 14:00:00,366,1
290,2020-12-12 14:00:00,Neural Network,14,0.9025585244393284,0.898784720676955,2019-12-12 14:00:00,2020-12-12 14:00:00,2020-12-12 14:00:00,366,1
291,2020-12-12 14:00:00,Naive,14,0.9025585244393284,1.0687042502319013,2019-12-12 14:00:00,2020-12-12 14:00:00,2020-12-12 14:00:00,366,1
292,2020-12-13 14:00:00,Decision Tree,14,0.6504982308213996,0.6298339845678355,2019-12-13 14:00:00,2020-12-13 14:00:00,2020-12-13 14:00:00,366,1
293,2020-12-13 14:00:00,Random Forest,14,0.6504982308213996,0.633320870332079,2019-12-13 14:00:00,2020-12-13 14:00:00,2020-12-13 14:00:00,366,1
294,2020-12-13 14:00:00,Neural Network,14,0.6504982308213996,0.6359599715095309,2019-12-13 14:00:00,2020-12-13 14:00:00,2020-12-13 14:00:00,366,1
295,2020-12-13 14:00:00,Naive,14,0.6504982308213996,0.9025585244393284,2019-12-13 14:00:00,2020-12-13 14:00:00,2020-12-13 14:00:00,366,1
296,2020-12-14 14:00:00,Decision Tree,14,0.91755837777856,0.8547518313202092,2019-12-14 14:00:00,2020-12-14 14:00:00,2020-12-14 14:00:00,366,1
297,2020-12-14 14:00:00,Random Forest,14,0.91755837777856,0.9100684601801703,2019-12-14 14:00:00,2020-12-14 14:00:00,2020-12-14 14:00:00,366,1
298,2020-12-14 14:00:00,Neural Network,14,0.91755837777856,0.8217313699597358,2019-12-14 14:00:00,2020-12-14 14:00:00,2020-12-14 14:00:00,366,1
299,2020-12-14 14:00:00,Naive,14,0.91755837777856,0.6504982308213996,2019-12-14 14:00:00,2020-12-14 14:00:00,2020-12-14 14:00:00,366,1
300,2020-12-15 14:00:00,Decision Tree,14,1.3117942274340166,1.1199991910572114,2019-12-15 14:00:00,2020-12-15 14:00:00,2020-12-15 14:00:00,366,1
301,2020-12-15 14:00:00,Random Forest,14,1.3117942274340166,1.2347826995998183,2019-12-15 14:00:00,2020-12-15 14:00:00,2020-12-15 14:00:00,366,1
302,2020-12-15 14:00:00,Neural Network,14,1.3117942274340166,1.1598384387181468,2019-12-15 14:00:00,2020-12-15 14:00:00,2020-12-15 14:00:00,366,1
303,2020-12-15 14:00:00,Naive,14,1.3117942274340166,0.91755837777856,2019-12-15 14:00:00,2020-12-15 14:00:00,2020-12-15 14:00:00,366,1
304,2020-12-16 14:00:00,Decision Tree,14,1.2822646933997954,1.2986363937151386,2019-12-16 14:00:00,2020-12-16 14:00:00,2020-12-16 14:00:00,366,1
305,2020-12-16 14:00:00,Random Forest,14,1.2822646933997954,1.2485126180414043,2019-12-16 14:00:00,2020-12-16 14:00:00,2020-12-16 14:00:00,366,1
306,2020-12-16 14:00:00,Neural Network,14,1.2822646933997954,1.1416059814403767,2019-12-16 14:00:00,2020-12-16 14:00:00,2020-12-16 14:00:00,366,1
307,2020-12-16 14:00:00,Naive,14,1.2822646933997954,1.3117942274340166,2019-12-16 14:00:00,2020-12-16 14:00:00,2020-12-16 14:00:00,366,1
308,2020-12-17 14:00:00,Decision Tree,14,0.6951051478169908,0.6321300119293426,2019-12-17 14:00:00,2020-12-17 14:00:00,2020-12-17 14:00:00,366,1
309,2020-12-17 14:00:00,Random Forest,14,0.6951051478169908,0.6546414416354916,2019-12-17 14:00:00,2020-12-17 14:00:00,2020-12-17 14:00:00,366,1
310,2020-12-17 14:00:00,Neural Network,14,0.6951051478169908,0.6375842051008704,2019-12-17 14:00:00,2020-12-17 14:00:00,2020-12-17 14:00:00,366,1
311,2020-12-17 14:00:00,Naive,14,0.6951051478169908,1.2822646933997954,2019-12-17 14:00:00,2020-12-17 14:00:00,2020-12-17 14:00:00,366,1
312,2020-12-18 14:00:00,Decision Tree,14,0.7827183390021228,0.6949935585274417,2019-12-18 14:00:00,2020-12-18 14:00:00,2020-12-18 14:00:00,366,1
313,2020-12-18 14:00:00,Random Forest,14,0.7827183390021228,0.7091818849303172,2019-12-18 14:00:00,2020-12-18 14:00:00,2020-12-18 14:00:00,366,1
314,2020-12-18 14:00:00,Neural Network,14,0.7827183390021228,0.5904861946578059,2019-12-18 14:00:00,2020-12-18 14:00:00,2020-12-18 14:00:00,366,1
315,2020-12-18 14:00:00,Naive,14,0.7827183390021228,0.6951051478169908,2019-12-18 14:00:00,2020-12-18 14:00:00,2020-12-18 14:00:00,366,1
316,2020-12-19 14:00:00,Decision Tree,14,-0.3369640618901665,-0.37009795859533073,2019-12-19 14:00:00,2020-12-19 14:00:00,2020-12-19 14:00:00,366,1
317,2020-12-19 14:00:00,Random Forest,14,-0.3369640618901665,-0.36411325995740607,2019-12-19 14:00:00,2020-12-19 14:00:00,2020-12-19 14:00:00,366,1
318,2020-12-19 14:00:00,Neural Network,14,-0.3369640618901665,-0.22776861712995983,2019-12-19 14:00:00,2020-12-19 14:00:00,2020-12-19 14:00:00,366,1
319,2020-12-19 14:00:00,Naive,14,-0.3369640618901665,0.7827183390021228,2019-12-19 14:00:00,2020-12-19 14:00:00,2020-12-19 14:00:00,366,1
320,2020-12-20 14:00:00,Decision Tree,14,0.5596420165797156,0.4647473359460219,2019-12-20 14:00:00,2020-12-20 14:00:00,2020-12-20 14:00:00,366,1
321,2020-12-20 14:00:00,Random Forest,14,0.5596420165797156,0.46220110770358513,2019-12-20 14:00:00,2020-12-20 14:00:00,2020-12-20 14:00:00,366,1
322,2020-12-20 14:00:00,Neural Network,14,0.5596420165797156,0.5210824598142255,2019-12-20 14:00:00,2020-12-20 14:00:00,2020-12-20 14:00:00,366,1
323,2020-12-20 14:00:00,Naive,14,0.5596420165797156,-0.3369640618901665,2019-12-20 14:00:00,2020-12-20 14:00:00,2020-12-20 14:00:00,366,1
324,2020-12-21 14:00:00,Decision Tree,14,0.9245396751143894,0.9000443859296473,2019-12-21 14:00:00,2020-12-21 14:00:00,2020-12-21 14:00:00,366,1
325,2020-12-21 14:00:00,Random Forest,14,0.9245396751143894,0.9101299201996538,2019-12-21 14:00:00,2020-12-21 14:00:00,2020-12-21 14:00:00,366,1
326,2020-12-21 14:00:00,Neural Network,14,0.9245396751143894,0.6746196659797202,2019-12-21 14:00:00,2020-12-21 14:00:00,2020-12-21 14:00:00,366,1
327,2020-12-21 14:00:00,Naive,14,0.9245396751143894,0.5596420165797156,2019-12-21 14:00:00,2020-12-21 14:00:00,2020-12-21 14:00:00,366,1
328,2020-12-22 14:00:00,Decision Tree,14,0.08057511927754486,0.02854294412143916,2019-12-22 14:00:00,2020-12-22 14:00:00,2020-12-22 14:00:00,366,1
329,2020-12-22 14:00:00,Random Forest,14,0.08057511927754486,0.034119633833615604,2019-12-22 14:00:00,2020-12-22 14:00:00,2020-12-22 14:00:00,366,1
330,2020-12-22 14:00:00,Neural Network,14,0.08057511927754486,-0.042991549237243576,2019-12-22 14:00:00,2020-12-22 14:00:00,2020-12-22 14:00:00,366,1
331,2020-12-22 14:00:00,Naive,14,0.08057511927754486,0.9245396751143894,2019-12-22 14:00:00,2020-12-22 14:00:00,2020-12-22 14:00:00,366,1
332,2020-12-23 14:00:00,Decision Tree,14,0.9726017615468131,0.903543712956039,2019-12-23 14:00:00,2020-12-23 14:00:00,2020-12-23 14:00:00,366,1
333,2020-12-23 14:00:00,Random Forest,14,0.9726017615468131,0.8988752126256575,2019-12-23 14:00:00,2020-12-23 14:00:00,2020-12-23 14:00:00,366,1
334,2020-12-23 14:00:00,Neural Network,14,0.9726017615468131,0.7594969387452594,2019-12-23 14:00:00,2020-12-23 14:00:00,2020-12-23 14:00:00,366,1
335,2020-12-23 14:00:00,Naive,14,0.9726017615468131,0.08057511927754486,2019-12-23 14:00:00,2020-12-23 14:00:00,2020-12-23 14:00:00,366,1
336,2020-12-24 14:00:00,Decision Tree,14,-0.10079173220614995,-0.14662000672298164,2019-12-24 14:00:00,2020-12-24 14:00:00,2020-12-24 14:00:00,366,1
337,2020-12-24 14:00:00,Random Forest,14,-0.10079173220614995,-0.15123821146590674,2019-12-24 14:00:00,2020-12-24 14:00:00,2020-12-24 14:00:00,366,1
338,2020-12-24 14:00:00,Neural Network,14,-0.10079173220614995,-0.1844521481572693,2019-12-24 14:00:00,2020-12-24 14:00:00,2020-12-24 14:00:00,366,1
339,2020-12-24 14:00:00,Naive,14,-0.10079173220614995,0.9726017615468131,2019-12-24 14:00:00,2020-12-24 14:00:00,2020-12-24 14:00:00,366,1
340,2020-12-25 14:00:00,Decision Tree,14,0.43059663866453307,0.3980902434308401,2019-12-25 14:00:00,2020-12-25 14:00:00,2020-12-25 14:00:00,366,1
341,2020-12-25 14:00:00,Random Forest,14,0.43059663866453307,0.3689641777951786,2019-12-25 14:00:00,2020-12-25 14:00:00,2020-12-25 14:00:00,366,1
342,2020-12-25 14:00:00,Neural Network,14,0.43059663866453307,-0.758100557656382,2019-12-25 14:00:00,2020-12-25 14:00:00,2020-12-25 14:00:00,366,1
343,2020-12-25 14:00:00,Naive,14,0.43059663866453307,-0.10079173220614995,2019-12-25 14:00:00,2020-12-25 14:00:00,2020-12-25 14:00:00,366,1
344,2020-12-26 14:00:00,Decision Tree,14,-1.089531233357383,-1.0642230880360164,2019-12-26 14:00:00,2020-12-26 14:00:00,2020-12-26 14:00:00,366,1
345,2020-12-26 14:00:00,Random Forest,14,-1.089531233357383,-1.0517243041600923,2019-12-26 14:00:00,2020-12-26 14:00:00,2020-12-26 14:00:00,366,1
346,2020-12-26 14:00:00,Neural Network,14,-1.089531233357383,-0.7518960127774621,2019-12-26 14:00:00,2020-12-26 14:00:00,2020-12-26 14:00:00,366,1
347,2020-12-26 14:00:00,Naive,14,-1.089531233357383,0.43059663866453307,2019-12-26 14:00:00,2020-12-26 14:00:00,2020-12-26 14:00:00,366,1
348,2020-12-27 14:00:00,Decision Tree,14,-2.35844777730633,-2.203070972432879,2019-12-27 14:00:00,2020-12-27 14:00:00,2020-12-27 14:00:00,366,1
349,2020-12-27 14:00:00,Random Forest,14,-2.35844777730633,-2.303455199903132,2019-12-27 14:00:00,2020-12-27 14:00:00,2020-12-27 14:00:00,366,1
350,2020-12-27 14:00:00,Neural Network,14,-2.35844777730633,-2.0892221789779137,2019-12-27 14:00:00,2020-12-27 14:00:00,2020-12-27 14:00:00,366,1
351,2020-12-27 14:00:00,Naive,14,-2.35844777730633,-1.089531233357383,2019-12-27 14:00:00,2020-12-27 14:00:00,2020-12-27 14:00:00,366,1
352,2020-12-28 14:00:00,Decision Tree,14,1.0722963133072587,1.0111681154017838,2019-12-28 14:00:00,2020-12-28 14:00:00,2020-12-28 14:00:00,366,1
353,2020-12-28 14:00:00,Random Forest,14,1.0722963133072587,1.0150202765854608,2019-12-28 14:00:00,2020-12-28 14:00:00,2020-12-28 14:00:00,366,1
354,2020-12-28 14:00:00,Neural Network,14,1.0722963133072587,0.5554180856399165,2019-12-28 14:00:00,2020-12-28 14:00:00,2020-12-28 14:00:00,366,1
355,2020-12-28 14:00:00,Naive,14,1.0722963133072587,-2.35844777730633,2019-12-28 14:00:00,2020-12-28 14:00:00,2020-12-28 14:00:00,366,1
356,2020-12-29 14:00:00,Decision Tree,14,1.150144646234483,1.0188091401399682,2019-12-29 14:00:00,2020-12-29 14:00:00,2020-12-29 14:00:00,366,1
357,2020-12-29 14:00:00,Random Forest,14,1.150144646234483,1.0574192807340226,2019-12-29 14:00:00,2020-12-29 14:00:00,2020-12-29 14:00:00,366,1
358,2020-12-29 14:00:00,Neural Network,14,1.150144646234483,0.8332349394485392,2019-12-29 14:00:00,2020-12-29 14:00:00,2020-12-29 14:00:00,366,1
359,2020-12-29 14:00:00,Naive,14,1.150144646234483,1.0722963133072587,2019-12-29 14:00:00,2020-12-29 14:00:00,2020-12-29 14:00:00,366,1
360,2020-12-30 14:00:00,Decision Tree,14,1.164709386487085,1.2780284627406389,2019-12-30 14:00:00,2020-12-30 14:00:00,2020-12-30 14:00:00,366,1
361,2020-12-30 14:00:00,Random Forest,14,1.164709386487085,1.171848562093281,2019-12-30 14:00:00,2020-12-30 14:00:00,2020-12-30 14:00:00,366,1
362,2020-12-30 14:00:00,Neural Network,14,1.164709386487085,0.8632936286298171,2019-12-30 14:00:00,2020-12-30 14:00:00,2020-12-30 14:00:00,366,1
363,2020-12-30 14:00:00,Naive,14,1.164709386487085,1.150144646234483,2019-12-30 14:00:00,2020-12-30 14:00:00,2020-12-30 14:00:00,366,1
364,2020-12-31 14:00:00,Decision Tree,14,1.1275057120567764,1.0188091401399682,2019-12-31 14:00:00,2020-12-31 14:00:00,2020-12-31 14:00:00,366,1
365,2020-12-31 14:00:00,Random Forest,14,1.1275057120567764,1.0803736091264908,2019-12-31 14:00:00,2020-12-31 14:00:00,2020-12-31 14:00:00,366,1
366,2020-12-31 14:00:00,Neural Network,14,1.1275057120567764,0.704310490542051,2019-12-31 14:00:00,2020-12-31 14:00:00,2020-12-31 14:00:00,366,1
367,2020-12-31 14:00:00,Naive,14,1.1275057120567764,1.164709386487085,2019-12-31 14:00:00,2020-12-31 14:00:00,2020-12-31 14:00:00,366,1
368,2021-01-01 14:00:00,Decision Tree,14,0.6844887121889446,0.6062263891997356,2020-01-01 14:00:00,2021-01-01 14:00:00,2021-01-01 14:00:00,366,1
369,2021-01-01 14:00:00,Random Forest,14,0.6844887121889446,0.619223775903213,2020-01-01 14:00:00,2021-01-01 14:00:00,2021-01-01 14:00:00,366,1
370,2021-01-01 14:00:00,Neural Network,14,0.6844887121889446,0.0039600444248153455,2020-01-01 14:00:00,2021-01-01 14:00:00,2021-01-01 14:00:00,366,1
371,2021-01-01 14:00:00,Naive,14,0.6844887121889446,1.1275057120567764,2020-01-01 14:00:00,2021-01-01 14:00:00,2021-01-01 14:00:00,366,1
372,2021-01-02 14:00:00,Decision Tree,14,1.0143782045753817,0.9211831551673736,2020-01-02 14:00:00,2021-01-02 14:00:00,2021-01-02 14:00:00,366,1
373,2021-01-02 14:00:00,Random Forest,14,1.0143782045753817,0.9561595469286502,2020-01-02 14:00:00,2021-01-02 14:00:00,2021-01-02 14:00:00,366,1
374,2021-01-02 14:00:00,Neural Network,14,1.0143782045753817,1.6097139762027048,2020-01-02 14:00:00,2021-01-02 14:00:00,2021-01-02 14:00:00,366,1
375,2021-01-02 14:00:00,Naive,14,1.0143782045753817,0.6844887121889446,2020-01-02 14:00:00,2021-01-02 14:00:00,2021-01-02 14:00:00,366,1
376,2021-01-03 14:00:00,Decision Tree,14,0.3408278702829277,0.2540937380888883,2020-01-03 14:00:00,2021-01-03 14:00:00,2021-01-03 14:00:00,366,1
377,2021-01-03 14:00:00,Random Forest,14,0.3408278702829277,0.25140360049371174,2020-01-03 14:00:00,2021-01-03 14:00:00,2021-01-03 14:00:00,366,1
378,2021-01-03 14:00:00,Neural Network,14,0.3408278702829277,0.6320987522032526,2020-01-03 14:00:00,2021-01-03 14:00:00,2021-01-03 14:00:00,366,1
379,2021-01-03 14:00:00,Naive,14,0.3408278702829277,1.0143782045753817,2020-01-03 14:00:00,2021-01-03 14:00:00,2021-01-03 14:00:00,366,1
380,2021-01-04 14:00:00,Decision Tree,14,1.4101000099650343,1.1647658609076648,2020-01-04 14:00:00,2021-01-04 14:00:00,2021-01-04 14:00:00,366,1
381,2021-01-04 14:00:00,Random Forest,14,1.4101000099650343,1.5453128716755984,2020-01-04 14:00:00,2021-01-04 14:00:00,2021-01-04 14:00:00,366,1
382,2021-01-04 14:00:00,Neural Network,14,1.4101000099650343,0.4422687304251124,2020-01-04 14:00:00,2021-01-04 14:00:00,2021-01-04 14:00:00,366,1
383,2021-01-04 14:00:00,Naive,14,1.4101000099650343,0.3408278702829277,2020-01-04 14:00:00,2021-01-04 14:00:00,2021-01-04 14:00:00,366,1
384,2021-01-05 14:00:00,Decision Tree,14,1.537108126329759,1.3460827882214321,2020-01-05 14:00:00,2021-01-05 14:00:00,2021-01-05 14:00:00,366,1
385,2021-01-05 14:00:00,Random Forest,14,1.537108126329759,1.4957829444768387,2020-01-05 14:00:00,2021-01-05 14:00:00,2021-01-05 14:00:00,366,1
386,2021-01-05 14:00:00,Neural Network,14,1.537108126329759,1.320757373763331,2020-01-05 14:00:00,2021-01-05 14:00:00,2021-01-05 14:00:00,366,1
387,2021-01-05 14:00:00,Naive,14,1.537108126329759,1.4101000099650343,2020-01-05 14:00:00,2021-01-05 14:00:00,2021-01-05 14:00:00,366,1
388,2021-01-06 14:00:00,Decision Tree,14,1.2954907778441684,1.1895354722305471,2020-01-06 14:00:00,2021-01-06 14:00:00,2021-01-06 14:00:00,366,1
389,2021-01-06 14:00:00,Random Forest,14,1.2954907778441684,1.3231761008379448,2020-01-06 14:00:00,2021-01-06 14:00:00,2021-01-06 14:00:00,366,1
390,2021-01-06 14:00:00,Neural Network,14,1.2954907778441684,1.36453838897586,2020-01-06 14:00:00,2021-01-06 14:00:00,2021-01-06 14:00:00,366,1
391,2021-01-06 14:00:00,Naive,14,1.2954907778441684,1.537108126329759,2020-01-06 14:00:00,2021-01-06 14:00:00,2021-01-06 14:00:00,366,1
392,2021-01-07 14:00:00,Decision Tree,14,1.9657427410341162,2.01027088638763,2020-01-07 14:00:00,2021-01-07 14:00:00,2021-01-07 14:00:00,366,1
393,2021-01-07 14:00:00,Random Forest,14,1.9657427410341162,1.9465187509894786,2020-01-07 14:00:00,2021-01-07 14:00:00,2021-01-07 14:00:00,366,1
394,2021-01-07 14:00:00,Neural Network,14,1.9657427410341162,1.4818732666200314,2020-01-07 14:00:00,2021-01-07 14:00:00,2021-01-07 14:00:00,366,1
395,2021-01-07 14:00:00,Naive,14,1.9657427410341162,1.2954907778441684,2020-01-07 14:00:00,2021-01-07 14:00:00,2021-01-07 14:00:00,366,1
396,2021-01-08 14:00:00,Decision Tree,14,2.2355913678547834,2.0739909789286615,2020-01-08 14:00:00,2021-01-08 14:00:00,2021-01-08 14:00:00,366,1
397,2021-01-08 14:00:00,Random Forest,14,2.2355913678547834,2.0484485940500368,2020-01-08 14:00:00,2021-01-08 14:00:00,2021-01-08 14:00:00,366,1
398,2021-01-08 14:00:00,Neural Network,14,2.2355913678547834,1.774127128471202,2020-01-08 14:00:00,2021-01-08 14:00:00,2021-01-08 14:00:00,366,1
399,2021-01-08 14:00:00,Naive,14,2.2355913678547834,1.9657427410341162,2020-01-08 14:00:00,2021-01-08 14:00:00,2021-01-08 14:00:00,366,1
400,2021-01-09 14:00:00,Decision Tree,14,1.4061771586234728,1.4944501364089757,2020-01-09 14:00:00,2021-01-09 14:00:00,2021-01-09 14:00:00,366,1
401,2021-01-09 14:00:00,Random Forest,14,1.4061771586234728,1.4752720507434376,2020-01-09 14:00:00,2021-01-09 14:00:00,2021-01-09 14:00:00,366,1
402,2021-01-09 14:00:00,Neural Network,14,1.4061771586234728,1.6641760221614066,2020-01-09 14:00:00,2021-01-09 14:00:00,2021-01-09 14:00:00,366,1
403,2021-01-09 14:00:00,Naive,14,1.4061771586234728,2.2355913678547834,2020-01-09 14:00:00,2021-01-09 14:00:00,2021-01-09 14:00:00,366,1
404,2021-01-10 14:00:00,Decision Tree,14,1.1325661326688925,1.2148925900991128,2020-01-10 14:00:00,2021-01-10 14:00:00,2021-01-10 14:00:00,366,1
405,2021-01-10 14:00:00,Random Forest,14,1.1325661326688925,1.1627162227476033,2020-01-10 14:00:00,2021-01-10 14:00:00,2021-01-10 14:00:00,366,1
406,2021-01-10 14:00:00,Neural Network,14,1.1325661326688925,1.545937372053535,2020-01-10 14:00:00,2021-01-10 14:00:00,2021-01-10 14:00:00,366,1
407,2021-01-10 14:00:00,Naive,14,1.1325661326688925,1.4061771586234728,2020-01-10 14:00:00,2021-01-10 14:00:00,2021-01-10 14:00:00,366,1
408,2021-01-11 14:00:00,Decision Tree,14,0.9582541674603846,0.9015369611663425,2020-01-11 14:00:00,2021-01-11 14:00:00,2021-01-11 14:00:00,366,1
409,2021-01-11 14:00:00,Random Forest,14,0.9582541674603846,0.9179815244767081,2020-01-11 14:00:00,2021-01-11 14:00:00,2021-01-11 14:00:00,366,1
410,2021-01-11 14:00:00,Neural Network,14,0.9582541674603846,0.3774180873751856,2020-01-11 14:00:00,2021-01-11 14:00:00,2021-01-11 14:00:00,366,1
411,2021-01-11 14:00:00,Naive,14,0.9582541674603846,1.1325661326688925,2020-01-11 14:00:00,2021-01-11 14:00:00,2021-01-11 14:00:00,366,1
412,2021-01-12 14:00:00,Decision Tree,14,1.054990368080051,1.0459604382711591,2020-01-12 14:00:00,2021-01-12 14:00:00,2021-01-12 14:00:00,366,1
413,2021-01-12 14:00:00,Random Forest,14,1.054990368080051,1.007701559870781,2020-01-12 14:00:00,2021-01-12 14:00:00,2021-01-12 14:00:00,366,1
414,2021-01-12 14:00:00,Neural Network,14,1.054990368080051,0.7980233198233676,2020-01-12 14:00:00,2021-01-12 14:00:00,2021-01-12 14:00:00,366,1
415,2021-01-12 14:00:00,Naive,14,1.054990368080051,0.9582541674603846,2020-01-12 14:00:00,2021-01-12 14:00:00,2021-01-12 14:00:00,366,1
416,2021-01-13 14:00:00,Decision Tree,14,0.32346281148362294,0.2748635338646933,2020-01-13 14:00:00,2021-01-13 14:00:00,2021-01-13 14:00:00,366,1
417,2021-01-13 14:00:00,Random Forest,14,0.32346281148362294,0.2606271659427781,2020-01-13 14:00:00,2021-01-13 14:00:00,2021-01-13 14:00:00,366,1
418,2021-01-13 14:00:00,Neural Network,14,0.32346281148362294,0.08624175826692937,2020-01-13 14:00:00,2021-01-13 14:00:00,2021-01-13 14:00:00,366,1
419,2021-01-13 14:00:00,Naive,14,0.32346281148362294,1.054990368080051,2020-01-13 14:00:00,2021-01-13 14:00:00,2021-01-13 14:00:00,366,1
420,2021-01-14 14:00:00,Decision Tree,14,2.037968073543953,2.100924377083015,2020-01-14 14:00:00,2021-01-14 14:00:00,2021-01-14 14:00:00,366,1
421,2021-01-14 14:00:00,Random Forest,14,2.037968073543953,2.0646430867195837,2020-01-14 14:00:00,2021-01-14 14:00:00,2021-01-14 14:00:00,366,1
422,2021-01-14 14:00:00,Neural Network,14,2.037968073543953,1.7641849617321765,2020-01-14 14:00:00,2021-01-14 14:00:00,2021-01-14 14:00:00,366,1
423,2021-01-14 14:00:00,Naive,14,2.037968073543953,0.32346281148362294,2020-01-14 14:00:00,2021-01-14 14:00:00,2021-01-14 14:00:00,366,1
424,2021-01-15 14:00:00,Decision Tree,14,1.8924659425349004,2.0919306194345775,2020-01-15 14:00:00,2021-01-15 14:00:00,2021-01-15 14:00:00,366,1
425,2021-01-15 14:00:00,Random Forest,14,1.8924659425349004,1.9272957805880997,2020-01-15 14:00:00,2021-01-15 14:00:00,2021-01-15 14:00:00,366,1
426,2021-01-15 14:00:00,Neural Network,14,1.8924659425349004,1.864610514704308,2020-01-15 14:00:00,2021-01-15 14:00:00,2021-01-15 14:00:00,366,1
427,2021-01-15 14:00:00,Naive,14,1.8924659425349004,2.037968073543953,2020-01-15 14:00:00,2021-01-15 14:00:00,2021-01-15 14:00:00,366,1
428,2021-01-16 14:00:00,Decision Tree,14,0.9510012074809155,0.9096394192083485,2020-01-16 14:00:00,2021-01-16 14:00:00,2021-01-16 14:00:00,366,1
429,2021-01-16 14:00:00,Random Forest,14,0.9510012074809155,0.9255142407744207,2020-01-16 14:00:00,2021-01-16 14:00:00,2021-01-16 14:00:00,366,1
430,2021-01-16 14:00:00,Neural Network,14,0.9510012074809155,1.1925693030922961,2020-01-16 14:00:00,2021-01-16 14:00:00,2021-01-16 14:00:00,366,1
431,2021-01-16 14:00:00,Naive,14,0.9510012074809155,1.8924659425349004,2020-01-16 14:00:00,2021-01-16 14:00:00,2021-01-16 14:00:00,366,1
432,2021-01-17 14:00:00,Decision Tree,14,0.9738274169822945,0.9538889234362022,2020-01-17 14:00:00,2021-01-17 14:00:00,2021-01-17 14:00:00,366,1
433,2021-01-17 14:00:00,Random Forest,14,0.9738274169822945,0.9399286368265687,2020-01-17 14:00:00,2021-01-17 14:00:00,2021-01-17 14:00:00,366,1
434,2021-01-17 14:00:00,Neural Network,14,0.9738274169822945,1.3136601959764047,2020-01-17 14:00:00,2021-01-17 14:00:00,2021-01-17 14:00:00,366,1
435,2021-01-17 14:00:00,Naive,14,0.9738274169822945,0.9510012074809155,2020-01-17 14:00:00,2021-01-17 14:00:00,2021-01-17 14:00:00,366,1
436,2021-01-18 14:00:00,Decision Tree,14,1.3817052857773564,1.4797379734447251,2020-01-18 14:00:00,2021-01-18 14:00:00,2021-01-18 14:00:00,366,1
437,2021-01-18 14:00:00,Random Forest,14,1.3817052857773564,1.4183829403889165,2020-01-18 14:00:00,2021-01-18 14:00:00,2021-01-18 14:00:00,366,1
438,2021-01-18 14:00:00,Neural Network,14,1.3817052857773564,1.3942387743344518,2020-01-18 14:00:00,2021-01-18 14:00:00,2021-01-18 14:00:00,366,1
439,2021-01-18 14:00:00,Naive,14,1.3817052857773564,0.9738274169822945,2020-01-18 14:00:00,2021-01-18 14:00:00,2021-01-18 14:00:00,366,1
440,2021-01-19 14:00:00,Decision Tree,14,1.0917762609874644,1.0228292765777551,2020-01-19 14:00:00,2021-01-19 14:00:00,2021-01-19 14:00:00,366,1
441,2021-01-19 14:00:00,Random Forest,14,1.0917762609874644,1.0367052815303306,2020-01-19 14:00:00,2021-01-19 14:00:00,2021-01-19 14:00:00,366,1
442,2021-01-19 14:00:00,Neural Network,14,1.0917762609874644,0.7464011904905499,2020-01-19 14:00:00,2021-01-19 14:00:00,2021-01-19 14:00:00,366,1
443,2021-01-19 14:00:00,Naive,14,1.0917762609874644,1.3817052857773564,2020-01-19 14:00:00,2021-01-19 14:00:00,2021-01-19 14:00:00,366,1
444,2021-01-20 14:00:00,Decision Tree,14,0.12023763454188315,0.05814535952970212,2020-01-20 14:00:00,2021-01-20 14:00:00,2021-01-20 14:00:00,366,1
445,2021-01-20 14:00:00,Random Forest,14,0.12023763454188315,0.05500996997065647,2020-01-20 14:00:00,2021-01-20 14:00:00,2021-01-20 14:00:00,366,1
446,2021-01-20 14:00:00,Neural Network,14,0.12023763454188315,0.08743864744163132,2020-01-20 14:00:00,2021-01-20 14:00:00,2021-01-20 14:00:00,366,1
447,2021-01-20 14:00:00,Naive,14,0.12023763454188315,1.0917762609874644,2020-01-20 14:00:00,2021-01-20 14:00:00,2021-01-20 14:00:00,366,1
448,2021-01-21 14:00:00,Decision Tree,14,0.14584152188979282,0.08226485781317305,2020-01-21 14:00:00,2021-01-21 14:00:00,2021-01-21 14:00:00,366,1
449,2021-01-21 14:00:00,Random Forest,14,0.14584152188979282,0.08654251152442068,2020-01-21 14:00:00,2021-01-21 14:00:00,2021-01-21 14:00:00,366,1
450,2021-01-21 14:00:00,Neural Network,14,0.14584152188979282,0.09507785390441875,2020-01-21 14:00:00,2021-01-21 14:00:00,2021-01-21 14:00:00,366,1
451,2021-01-21 14:00:00,Naive,14,0.14584152188979282,0.12023763454188315,2020-01-21 14:00:00,2021-01-21 14:00:00,2021-01-21 14:00:00,366,1
452,2021-01-22 14:00:00,Decision Tree,14,1.0493704123914096,1.0695183591071826,2020-01-22 14:00:00,2021-01-22 14:00:00,2021-01-22 14:00:00,366,1
453,2021-01-22 14:00:00,Random Forest,14,1.0493704123914096,0.9985039857393498,2020-01-22 14:00:00,2021-01-22 14:00:00,2021-01-22 14:00:00,366,1
454,2021-01-22 14:00:00,Neural Network,14,1.0493704123914096,1.0469073776618807,2020-01-22 14:00:00,2021-01-22 14:00:00,2021-01-22 14:00:00,366,1
455,2021-01-22 14:00:00,Naive,14,1.0493704123914096,0.14584152188979282,2020-01-22 14:00:00,2021-01-22 14:00:00,2021-01-22 14:00:00,366,1
456,2021-01-23 14:00:00,Decision Tree,14,1.0323303829244002,0.9613788138353394,2020-01-23 14:00:00,2021-01-23 14:00:00,2021-01-23 14:00:00,366,1
457,2021-01-23 14:00:00,Random Forest,14,1.0323303829244002,0.9902079884794184,2020-01-23 14:00:00,2021-01-23 14:00:00,2021-01-23 14:00:00,366,1
458,2021-01-23 14:00:00,Neural Network,14,1.0323303829244002,1.052671866885023,2020-01-23 14:00:00,2021-01-23 14:00:00,2021-01-23 14:00:00,366,1
459,2021-01-23 14:00:00,Naive,14,1.0323303829244002,1.0493704123914096,2020-01-23 14:00:00,2021-01-23 14:00:00,2021-01-23 14:00:00,366,1
460,2021-01-24 14:00:00,Decision Tree,14,0.6606652506104603,0.6853453583617806,2020-01-24 14:00:00,2021-01-24 14:00:00,2021-01-24 14:00:00,366,1
461,2021-01-24 14:00:00,Random Forest,14,0.6606652506104603,0.6273652183003815,2020-01-24 14:00:00,2021-01-24 14:00:00,2021-01-24 14:00:00,366,1
462,2021-01-24 14:00:00,Neural Network,14,0.6606652506104603,1.160950409528334,2020-01-24 14:00:00,2021-01-24 14:00:00,2021-01-24 14:00:00,366,1
463,2021-01-24 14:00:00,Naive,14,0.6606652506104603,1.0323303829244002,2020-01-24 14:00:00,2021-01-24 14:00:00,2021-01-24 14:00:00,366,1
464,2021-01-25 14:00:00,Decision Tree,14,1.60341768619358,1.4657333037779583,2020-01-25 14:00:00,2021-01-25 14:00:00,2021-01-25 14:00:00,366,1
465,2021-01-25 14:00:00,Random Forest,14,1.60341768619358,1.6150236760051995,2020-01-25 14:00:00,2021-01-25 14:00:00,2021-01-25 14:00:00,366,1
466,2021-01-25 14:00:00,Neural Network,14,1.60341768619358,1.5270901732507305,2020-01-25 14:00:00,2021-01-25 14:00:00,2021-01-25 14:00:00,366,1
467,2021-01-25 14:00:00,Naive,14,1.60341768619358,0.6606652506104603,2020-01-25 14:00:00,2021-01-25 14:00:00,2021-01-25 14:00:00,366,1
468,2021-01-26 14:00:00,Decision Tree,14,1.6159528542918031,1.482943851579911,2020-01-26 14:00:00,2021-01-26 14:00:00,2021-01-26 14:00:00,366,1
469,2021-01-26 14:00:00,Random Forest,14,1.6159528542918031,1.6197207317060736,2020-01-26 14:00:00,2021-01-26 14:00:00,2021-01-26 14:00:00,366,1
470,2021-01-26 14:00:00,Neural Network,14,1.6159528542918031,1.6219678049084083,2020-01-26 14:00:00,2021-01-26 14:00:00,2021-01-26 14:00:00,366,1
471,2021-01-26 14:00:00,Naive,14,1.6159528542918031,1.60341768619358,2020-01-26 14:00:00,2021-01-26 14:00:00,2021-01-26 14:00:00,366,1
472,2021-01-27 14:00:00,Decision Tree,14,1.5985939531366704,1.4977226296590103,2020-01-27 14:00:00,2021-01-27 14:00:00,2021-01-27 14:00:00,366,1
473,2021-01-27 14:00:00,Random Forest,14,1.5985939531366704,1.6066229133011132,2020-01-27 14:00:00,2021-01-27 14:00:00,2021-01-27 14:00:00,366,1
474,2021-01-27 14:00:00,Neural Network,14,1.5985939531366704,1.5585287786954594,2020-01-27 14:00:00,2021-01-27 14:00:00,2021-01-27 14:00:00,366,1
475,2021-01-27 14:00:00,Naive,14,1.5985939531366704,1.6159528542918031,2020-01-27 14:00:00,2021-01-27 14:00:00,2021-01-27 14:00:00,366,1
476,2021-01-28 14:00:00,Decision Tree,14,1.3927367136454323,1.4151765443573976,2020-01-28 14:00:00,2021-01-28 14:00:00,2021-01-28 14:00:00,366,1
477,2021-01-28 14:00:00,Random Forest,14,1.3927367136454323,1.4137684636517451,2020-01-28 14:00:00,2021-01-28 14:00:00,2021-01-28 14:00:00,366,1
478,2021-01-28 14:00:00,Neural Network,14,1.3927367136454323,1.5149864139555587,2020-01-28 14:00:00,2021-01-28 14:00:00,2021-01-28 14:00:00,366,1
479,2021-01-28 14:00:00,Naive,14,1.3927367136454323,1.5985939531366704,2020-01-28 14:00:00,2021-01-28 14:00:00,2021-01-28 14:00:00,366,1
480,2021-01-29 14:00:00,Decision Tree,14,0.7613862569036226,0.7015002254296323,2020-01-29 14:00:00,2021-01-29 14:00:00,2021-01-29 14:00:00,366,1
481,2021-01-29 14:00:00,Random Forest,14,0.7613862569036226,0.7140705322373523,2020-01-29 14:00:00,2021-01-29 14:00:00,2021-01-29 14:00:00,366,1
482,2021-01-29 14:00:00,Neural Network,14,0.7613862569036226,1.042759930951802,2020-01-29 14:00:00,2021-01-29 14:00:00,2021-01-29 14:00:00,366,1
483,2021-01-29 14:00:00,Naive,14,0.7613862569036226,1.3927367136454323,2020-01-29 14:00:00,2021-01-29 14:00:00,2021-01-29 14:00:00,366,1
484,2021-01-30 14:00:00,Decision Tree,14,0.8748558245661998,0.767070538884228,2020-01-30 14:00:00,2021-01-30 14:00:00,2021-01-30 14:00:00,366,1
485,2021-01-30 14:00:00,Random Forest,14,0.8748558245661998,0.8383154762731991,2020-01-30 14:00:00,2021-01-30 14:00:00,2021-01-30 14:00:00,366,1
486,2021-01-30 14:00:00,Neural Network,14,0.8748558245661998,1.1096529967816742,2020-01-30 14:00:00,2021-01-30 14:00:00,2021-01-30 14:00:00,366,1
487,2021-01-30 14:00:00,Naive,14,0.8748558245661998,0.7613862569036226,2020-01-30 14:00:00,2021-01-30 14:00:00,2021-01-30 14:00:00,366,1
488,2021-01-31 14:00:00,Decision Tree,14,0.7556426219429583,0.6343137888764951,2020-01-31 14:00:00,2021-01-31 14:00:00,2021-01-31 14:00:00,366,1
489,2021-01-31 14:00:00,Random Forest,14,0.7556426219429583,0.6806594528147202,2020-01-31 14:00:00,2021-01-31 14:00:00,2021-01-31 14:00:00,366,1
490,2021-01-31 14:00:00,Neural Network,14,0.7556426219429583,0.8626203718088089,2020-01-31 14:00:00,2021-01-31 14:00:00,2021-01-31 14:00:00,366,1
491,2021-01-31 14:00:00,Naive,14,0.7556426219429583,0.8748558245661998,2020-01-31 14:00:00,2021-01-31 14:00:00,2021-01-31 14:00:00,366,1
492,2021-02-01 14:00:00,Decision Tree,14,1.5440400027255434,1.6004429796561546,2020-02-01 14:00:00,2021-02-01 14:00:00,2021-02-01 14:00:00,366,1
493,2021-02-01 14:00:00,Random Forest,14,1.5440400027255434,1.598559180356824,2020-02-01 14:00:00,2021-02-01 14:00:00,2021-02-01 14:00:00,366,1
494,2021-02-01 14:00:00,Neural Network,14,1.5440400027255434,1.4472675807217035,2020-02-01 14:00:00,2021-02-01 14:00:00,2021-02-01 14:00:00,366,1
495,2021-02-01 14:00:00,Naive,14,1.5440400027255434,0.7556426219429583,2020-02-01 14:00:00,2021-02-01 14:00:00,2021-02-01 14:00:00,366,1
496,2021-02-02 14:00:00,Decision Tree,14,1.3907364942214067,1.41143657257207,2020-02-02 14:00:00,2021-02-02 14:00:00,2021-02-02 14:00:00,366,1
497,2021-02-02 14:00:00,Random Forest,14,1.3907364942214067,1.39898440738741,2020-02-02 14:00:00,2021-02-02 14:00:00,2021-02-02 14:00:00,366,1
498,2021-02-02 14:00:00,Neural Network,14,1.3907364942214067,1.4456359762854178,2020-02-02 14:00:00,2021-02-02 14:00:00,2021-02-02 14:00:00,366,1
499,2021-02-02 14:00:00,Naive,14,1.3907364942214067,1.5440400027255434,2020-02-02 14:00:00,2021-02-02 14:00:00,2021-02-02 14:00:00,366,1
500,2021-02-03 14:00:00,Decision Tree,14,0.7568361887393311,0.7185932204207369,2020-02-03 14:00:00,2021-02-03 14:00:00,2021-02-03 14:00:00,366,1
501,2021-02-03 14:00:00,Random Forest,14,0.7568361887393311,0.7320637475785655,2020-02-03 14:00:00,2021-02-03 14:00:00,2021-02-03 14:00:00,366,1
502,2021-02-03 14:00:00,Neural Network,14,0.7568361887393311,1.1958032684236843,2020-02-03 14:00:00,2021-02-03 14:00:00,2021-02-03 14:00:00,366,1
503,2021-02-03 14:00:00,Naive,14,0.7568361887393311,1.3907364942214067,2020-02-03 14:00:00,2021-02-03 14:00:00,2021-02-03 14:00:00,366,1
504,2021-02-04 14:00:00,Decision Tree,14,1.2782901643610343,1.1949783573474322,2020-02-04 14:00:00,2021-02-04 14:00:00,2021-02-04 14:00:00,366,1
505,2021-02-04 14:00:00,Random Forest,14,1.2782901643610343,1.2621602026579195,2020-02-04 14:00:00,2021-02-04 14:00:00,2021-02-04 14:00:00,366,1
506,2021-02-04 14:00:00,Neural Network,14,1.2782901643610343,1.0606042905940747,2020-02-04 14:00:00,2021-02-04 14:00:00,2021-02-04 14:00:00,366,1
507,2021-02-04 14:00:00,Naive,14,1.2782901643610343,0.7568361887393311,2020-02-04 14:00:00,2021-02-04 14:00:00,2021-02-04 14:00:00,366,1
508,2021-02-05 14:00:00,Decision Tree,14,0.9825534401658688,0.9473442450166144,2020-02-05 14:00:00,2021-02-05 14:00:00,2021-02-05 14:00:00,366,1
509,2021-02-05 14:00:00,Random Forest,14,0.9825534401658688,0.9725399983784454,2020-02-05 14:00:00,2021-02-05 14:00:00,2021-02-05 14:00:00,366,1
510,2021-02-05 14:00:00,Neural Network,14,0.9825534401658688,0.9963956827836586,2020-02-05 14:00:00,2021-02-05 14:00:00,2021-02-05 14:00:00,366,1
511,2021-02-05 14:00:00,Naive,14,0.9825534401658688,1.2782901643610343,2020-02-05 14:00:00,2021-02-05 14:00:00,2021-02-05 14:00:00,366,1
512,2021-02-06 14:00:00,Decision Tree,14,0.01357472775664527,-0.028965934810590732,2020-02-06 14:00:00,2021-02-06 14:00:00,2021-02-06 14:00:00,366,1
513,2021-02-06 14:00:00,Random Forest,14,0.01357472775664527,-0.06357126050449632,2020-02-06 14:00:00,2021-02-06 14:00:00,2021-02-06 14:00:00,366,1
514,2021-02-06 14:00:00,Neural Network,14,0.01357472775664527,-0.2088699492068091,2020-02-06 14:00:00,2021-02-06 14:00:00,2021-02-06 14:00:00,366,1
515,2021-02-06 14:00:00,Naive,14,0.01357472775664527,0.9825534401658688,2020-02-06 14:00:00,2021-02-06 14:00:00,2021-02-06 14:00:00,366,1
516,2021-02-07 14:00:00,Decision Tree,14,-1.1660095904464522,-1.1387772669425085,2020-02-07 14:00:00,2021-02-07 14:00:00,2021-02-07 14:00:00,366,1
517,2021-02-07 14:00:00,Random Forest,14,-1.1660095904464522,-1.1220159474655593,2020-02-07 14:00:00,2021-02-07 14:00:00,2021-02-07 14:00:00,366,1
518,2021-02-07 14:00:00,Neural Network,14,-1.1660095904464522,-0.6156589541943812,2020-02-07 14:00:00,2021-02-07 14:00:00,2021-02-07 14:00:00,366,1
519,2021-02-07 14:00:00,Naive,14,-1.1660095904464522,0.01357472775664527,2020-02-07 14:00:00,2021-02-07 14:00:00,2021-02-07 14:00:00,366,1
520,2021-02-08 14:00:00,Decision Tree,14,0.926838866287126,0.853122250794184,2020-02-08 14:00:00,2021-02-08 14:00:00,2021-02-08 14:00:00,366,1
521,2021-02-08 14:00:00,Random Forest,14,0.926838866287126,0.90484484654575,2020-02-08 14:00:00,2021-02-08 14:00:00,2021-02-08 14:00:00,366,1
522,2021-02-08 14:00:00,Neural Network,14,0.926838866287126,1.067495594819686,2020-02-08 14:00:00,2021-02-08 14:00:00,2021-02-08 14:00:00,366,1
523,2021-02-08 14:00:00,Naive,14,0.926838866287126,-1.1660095904464522,2020-02-08 14:00:00,2021-02-08 14:00:00,2021-02-08 14:00:00,366,1
524,2021-02-09 14:00:00,Decision Tree,14,1.7293470644869868,1.5910424835010526,2020-02-09 14:00:00,2021-02-09 14:00:00,2021-02-09 14:00:00,366,1
525,2021-02-09 14:00:00,Random Forest,14,1.7293470644869868,1.6227739418179932,2020-02-09 14:00:00,2021-02-09 14:00:00,2021-02-09 14:00:00,366,1
526,2021-02-09 14:00:00,Neural Network,14,1.7293470644869868,1.6042023140981385,2020-02-09 14:00:00,2021-02-09 14:00:00,2021-02-09 14:00:00,366,1
527,2021-02-09 14:00:00,Naive,14,1.7293470644869868,0.926838866287126,2020-02-09 14:00:00,2021-02-09 14:00:00,2021-02-09 14:00:00,366,1
528,2021-02-10 14:00:00,Decision Tree,14,1.8437388642957315,2.066997534822118,2020-02-10 14:00:00,2021-02-10 14:00:00,2021-02-10 14:00:00,366,1
529,2021-02-10 14:00:00,Random Forest,14,1.8437388642957315,1.9338461085285863,2020-02-10 14:00:00,2021-02-10 14:00:00,2021-02-10 14:00:00,366,1
530,2021-02-10 14:00:00,Neural Network,14,1.8437388642957315,1.5961078444296501,2020-02-10 14:00:00,2021-02-10 14:00:00,2021-02-10 14:00:00,366,1
531,2021-02-10 14:00:00,Naive,14,1.8437388642957315,1.7293470644869868,2020-02-10 14:00:00,2021-02-10 14:00:00,2021-02-10 14:00:00,366,1
532,2021-02-11 14:00:00,Decision Tree,14,1.7275943627704915,1.7943194926154038,2020-02-11 14:00:00,2021-02-11 14:00:00,2021-02-11 14:00:00,366,1
533,2021-02-11 14:00:00,Random Forest,14,1.7275943627704915,1.7011962181203455,2020-02-11 14:00:00,2021-02-11 14:00:00,2021-02-11 14:00:00,366,1
534,2021-02-11 14:00:00,Neural Network,14,1.7275943627704915,1.5366458374495575,2020-02-11 14:00:00,2021-02-11 14:00:00,2021-02-11 14:00:00,366,1
535,2021-02-11 14:00:00,Naive,14,1.7275943627704915,1.8437388642957315,2020-02-11 14:00:00,2021-02-11 14:00:00,2021-02-11 14:00:00,366,1
536,2021-02-12 14:00:00,Decision Tree,14,1.3089250304718172,1.2316464181329192,2020-02-12 14:00:00,2021-02-12 14:00:00,2021-02-12 14:00:00,366,1
537,2021-02-12 14:00:00,Random Forest,14,1.3089250304718172,1.2640085489137178,2020-02-12 14:00:00,2021-02-12 14:00:00,2021-02-12 14:00:00,366,1
538,2021-02-12 14:00:00,Neural Network,14,1.3089250304718172,1.2172052000796665,2020-02-12 14:00:00,2021-02-12 14:00:00,2021-02-12 14:00:00,366,1
539,2021-02-12 14:00:00,Naive,14,1.3089250304718172,1.7275943627704915,2020-02-12 14:00:00,2021-02-12 14:00:00,2021-02-12 14:00:00,366,1
540,2021-02-13 14:00:00,Decision Tree,14,0.8200108637750961,0.7284668605612533,2020-02-13 14:00:00,2021-02-13 14:00:00,2021-02-13 14:00:00,366,1
541,2021-02-13 14:00:00,Random Forest,14,0.8200108637750961,0.7506116861081629,2020-02-13 14:00:00,2021-02-13 14:00:00,2021-02-13 14:00:00,366,1
542,2021-02-13 14:00:00,Neural Network,14,0.8200108637750961,1.0695839572656234,2020-02-13 14:00:00,2021-02-13 14:00:00,2021-02-13 14:00:00,366,1
543,2021-02-13 14:00:00,Naive,14,0.8200108637750961,1.3089250304718172,2020-02-13 14:00:00,2021-02-13 14:00:00,2021-02-13 14:00:00,366,1
544,2021-02-14 14:00:00,Decision Tree,14,0.4665452481261895,0.41714956935502007,2020-02-14 14:00:00,2021-02-14 14:00:00,2021-02-14 14:00:00,366,1
545,2021-02-14 14:00:00,Random Forest,14,0.4665452481261895,0.41915604050773975,2020-02-14 14:00:00,2021-02-14 14:00:00,2021-02-14 14:00:00,366,1
546,2021-02-14 14:00:00,Neural Network,14,0.4665452481261895,0.5446124100913907,2020-02-14 14:00:00,2021-02-14 14:00:00,2021-02-14 14:00:00,366,1
547,2021-02-14 14:00:00,Naive,14,0.4665452481261895,0.8200108637750961,2020-02-14 14:00:00,2021-02-14 14:00:00,2021-02-14 14:00:00,366,1
548,2021-02-15 14:00:00,Decision Tree,14,0.9914230163747718,1.018614404108805,2020-02-15 14:00:00,2021-02-15 14:00:00,2021-02-15 14:00:00,366,1
549,2021-02-15 14:00:00,Random Forest,14,0.9914230163747718,0.9870519631910893,2020-02-15 14:00:00,2021-02-15 14:00:00,2021-02-15 14:00:00,366,1
550,2021-02-15 14:00:00,Neural Network,14,0.9914230163747718,1.0962089320279864,2020-02-15 14:00:00,2021-02-15 14:00:00,2021-02-15 14:00:00,366,1
551,2021-02-15 14:00:00,Naive,14,0.9914230163747718,0.4665452481261895,2020-02-15 14:00:00,2021-02-15 14:00:00,2021-02-15 14:00:00,366,1
552,2021-02-16 14:00:00,Decision Tree,14,0.891274553550615,0.7954871283249991,2020-02-16 14:00:00,2021-02-16 14:00:00,2021-02-16 14:00:00,366,1
553,2021-02-16 14:00:00,Random Forest,14,0.891274553550615,0.8539894359322595,2020-02-16 14:00:00,2021-02-16 14:00:00,2021-02-16 14:00:00,366,1
554,2021-02-16 14:00:00,Neural Network,14,0.891274553550615,1.0728905588448407,2020-02-16 14:00:00,2021-02-16 14:00:00,2021-02-16 14:00:00,366,1
555,2021-02-16 14:00:00,Naive,14,0.891274553550615,0.9914230163747718,2020-02-16 14:00:00,2021-02-16 14:00:00,2021-02-16 14:00:00,366,1
556,2021-02-17 14:00:00,Decision Tree,14,0.7152264930329021,0.6237554750691099,2020-02-17 14:00:00,2021-02-17 14:00:00,2021-02-17 14:00:00,366,1
557,2021-02-17 14:00:00,Random Forest,14,0.7152264930329021,0.6463359576707522,2020-02-17 14:00:00,2021-02-17 14:00:00,2021-02-17 14:00:00,366,1
558,2021-02-17 14:00:00,Neural Network,14,0.7152264930329021,0.5584751907804808,2020-02-17 14:00:00,2021-02-17 14:00:00,2021-02-17 14:00:00,366,1
559,2021-02-17 14:00:00,Naive,14,0.7152264930329021,0.891274553550615,2020-02-17 14:00:00,2021-02-17 14:00:00,2021-02-17 14:00:00,366,1
560,2021-02-18 14:00:00,Decision Tree,14,0.6071941867285253,0.5136201173875844,2020-02-18 14:00:00,2021-02-18 14:00:00,2021-02-18 14:00:00,366,1
561,2021-02-18 14:00:00,Random Forest,14,0.6071941867285253,0.5228435547570102,2020-02-18 14:00:00,2021-02-18 14:00:00,2021-02-18 14:00:00,366,1
562,2021-02-18 14:00:00,Neural Network,14,0.6071941867285253,0.5149952051003914,2020-02-18 14:00:00,2021-02-18 14:00:00,2021-02-18 14:00:00,366,1
563,2021-02-18 14:00:00,Naive,14,0.6071941867285253,0.7152264930329021,2020-02-18 14:00:00,2021-02-18 14:00:00,2021-02-18 14:00:00,366,1
564,2021-02-19 14:00:00,Decision Tree,14,0.6058982742650713,0.5759758443429456,2020-02-19 14:00:00,2021-02-19 14:00:00,2021-02-19 14:00:00,366,1
565,2021-02-19 14:00:00,Random Forest,14,0.6058982742650713,0.5346567328794425,2020-02-19 14:00:00,2021-02-19 14:00:00,2021-02-19 14:00:00,366,1
566,2021-02-19 14:00:00,Neural Network,14,0.6058982742650713,0.5868147074318841,2020-02-19 14:00:00,2021-02-19 14:00:00,2021-02-19 14:00:00,366,1
567,2021-02-19 14:00:00,Naive,14,0.6058982742650713,0.6071941867285253,2020-02-19 14:00:00,2021-02-19 14:00:00,2021-02-19 14:00:00,366,1
568,2021-02-20 14:00:00,Decision Tree,14,-0.9816091100066215,-0.9589288654124687,2020-02-20 14:00:00,2021-02-20 14:00:00,2021-02-20 14:00:00,366,1
569,2021-02-20 14:00:00,Random Forest,14,-0.9816091100066215,-0.9522364388258624,2020-02-20 14:00:00,2021-02-20 14:00:00,2021-02-20 14:00:00,366,1
570,2021-02-20 14:00:00,Neural Network,14,-0.9816091100066215,-0.628712864897,2020-02-20 14:00:00,2021-02-20 14:00:00,2021-02-20 14:00:00,366,1
571,2021-02-20 14:00:00,Naive,14,-0.9816091100066215,0.6058982742650713,2020-02-20 14:00:00,2021-02-20 14:00:00,2021-02-20 14:00:00,366,1
572,2021-02-21 14:00:00,Decision Tree,14,-0.6774007164345605,-0.6544063270892226,2020-02-21 14:00:00,2021-02-21 14:00:00,2021-02-21 14:00:00,366,1
573,2021-02-21 14:00:00,Random Forest,14,-0.6774007164345605,-0.6689545448986285,2020-02-21 14:00:00,2021-02-21 14:00:00,2021-02-21 14:00:00,366,1
574,2021-02-21 14:00:00,Neural Network,14,-0.6774007164345605,0.05038924586547672,2020-02-21 14:00:00,2021-02-21 14:00:00,2021-02-21 14:00:00,366,1
575,2021-02-21 14:00:00,Naive,14,-0.6774007164345605,-0.9816091100066215,2020-02-21 14:00:00,2021-02-21 14:00:00,2021-02-21 14:00:00,366,1
576,2021-02-22 14:00:00,Decision Tree,14,0.6820371678675963,0.6856893726459115,2020-02-22 14:00:00,2021-02-22 14:00:00,2021-02-22 14:00:00,366,1
577,2021-02-22 14:00:00,Random Forest,14,0.6820371678675963,0.6271029299132522,2020-02-22 14:00:00,2021-02-22 14:00:00,2021-02-22 14:00:00,366,1
578,2021-02-22 14:00:00,Neural Network,14,0.6820371678675963,0.5746794597006993,2020-02-22 14:00:00,2021-02-22 14:00:00,2021-02-22 14:00:00,366,1
579,2021-02-22 14:00:00,Naive,14,0.6820371678675963,-0.6774007164345605,2020-02-22 14:00:00,2021-02-22 14:00:00,2021-02-22 14:00:00,366,1
580,2021-02-23 14:00:00,Decision Tree,14,0.2882455730723188,0.1621083653649596,2020-02-23 14:00:00,2021-02-23 14:00:00,2021-02-23 14:00:00,366,1
581,2021-02-23 14:00:00,Random Forest,14,0.2882455730723188,0.26198216088179904,2020-02-23 14:00:00,2021-02-23 14:00:00,2021-02-23 14:00:00,366,1
582,2021-02-23 14:00:00,Neural Network,14,0.2882455730723188,0.3369937163919271,2020-02-23 14:00:00,2021-02-23 14:00:00,2021-02-23 14:00:00,366,1
583,2021-02-23 14:00:00,Naive,14,0.2882455730723188,0.6820371678675963,2020-02-23 14:00:00,2021-02-23 14:00:00,2021-02-23 14:00:00,366,1
584,2021-02-24 14:00:00,Decision Tree,14,0.06305944528964613,0.03078631761909514,2020-02-24 14:00:00,2021-02-24 14:00:00,2021-02-24 14:00:00,366,1
585,2021-02-24 14:00:00,Random Forest,14,0.06305944528964613,0.00967935845962264,2020-02-24 14:00:00,2021-02-24 14:00:00,2021-02-24 14:00:00,366,1
586,2021-02-24 14:00:00,Neural Network,14,0.06305944528964613,-0.0058419173686070636,2020-02-24 14:00:00,2021-02-24 14:00:00,2021-02-24 14:00:00,366,1
587,2021-02-24 14:00:00,Naive,14,0.06305944528964613,0.2882455730723188,2020-02-24 14:00:00,2021-02-24 14:00:00,2021-02-24 14:00:00,366,1
588,2021-02-25 14:00:00,Decision Tree,14,0.528758264530999,0.4703093439804089,2020-02-25 14:00:00,2021-02-25 14:00:00,2021-02-25 14:00:00,366,1
589,2021-02-25 14:00:00,Random Forest,14,0.528758264530999,0.4630888054477338,2020-02-25 14:00:00,2021-02-25 14:00:00,2021-02-25 14:00:00,366,1
590,2021-02-25 14:00:00,Neural Network,14,0.528758264530999,0.26111297460068705,2020-02-25 14:00:00,2021-02-25 14:00:00,2021-02-25 14:00:00,366,1
591,2021-02-25 14:00:00,Naive,14,0.528758264530999,0.06305944528964613,2020-02-25 14:00:00,2021-02-25 14:00:00,2021-02-25 14:00:00,366,1
592,2021-02-26 14:00:00,Decision Tree,14,0.2886634183185383,0.30015541867407014,2020-02-26 14:00:00,2021-02-26 14:00:00,2021-02-26 14:00:00,366,1
593,2021-02-26 14:00:00,Random Forest,14,0.2886634183185383,0.29806703645735233,2020-02-26 14:00:00,2021-02-26 14:00:00,2021-02-26 14:00:00,366,1
594,2021-02-26 14:00:00,Neural Network,14,0.2886634183185383,0.5385296768583117,2020-02-26 14:00:00,2021-02-26 14:00:00,2021-02-26 14:00:00,366,1
595,2021-02-26 14:00:00,Naive,14,0.2886634183185383,0.528758264530999,2020-02-26 14:00:00,2021-02-26 14:00:00,2021-02-26 14:00:00,366,1
596,2021-02-27 14:00:00,Decision Tree,14,0.091290458003928,0.019391907605983742,2020-02-27 14:00:00,2021-02-27 14:00:00,2021-02-27 14:00:00,366,1
597,2021-02-27 14:00:00,Random Forest,14,0.091290458003928,0.025775095640891494,2020-02-27 14:00:00,2021-02-27 14:00:00,2021-02-27 14:00:00,366,1
598,2021-02-27 14:00:00,Neural Network,14,0.091290458003928,0.4283806145827111,2020-02-27 14:00:00,2021-02-27 14:00:00,2021-02-27 14:00:00,366,1
599,2021-02-27 14:00:00,Naive,14,0.091290458003928,0.2886634183185383,2020-02-27 14:00:00,2021-02-27 14:00:00,2021-02-27 14:00:00,366,1
600,2021-02-28 14:00:00,Decision Tree,14,-0.6563091999253535,-0.6582387253134456,2020-02-28 14:00:00,2021-02-28 14:00:00,2021-02-28 14:00:00,366,1
601,2021-02-28 14:00:00,Random Forest,14,-0.6563091999253535,-0.6462155522357887,2020-02-28 14:00:00,2021-02-28 14:00:00,2021-02-28 14:00:00,366,1
602,2021-02-28 14:00:00,Neural Network,14,-0.6563091999253535,-0.09617276659358581,2020-02-28 14:00:00,2021-02-28 14:00:00,2021-02-28 14:00:00,366,1
603,2021-02-28 14:00:00,Naive,14,-0.6563091999253535,0.091290458003928,2020-02-28 14:00:00,2021-02-28 14:00:00,2021-02-28 14:00:00,366,1
604,2021-03-01 14:00:00,Decision Tree,14,0.36341728436792475,0.2988785297456777,2020-03-01 14:00:00,2021-03-01 14:00:00,2021-03-01 14:00:00,365,1
605,2021-03-01 14:00:00,Random Forest,14,0.36341728436792475,0.28212839452266825,2020-03-01 14:00:00,2021-03-01 14:00:00,2021-03-01 14:00:00,365,1
606,2021-03-01 14:00:00,Neural Network,14,0.36341728436792475,0.47077654078071757,2020-03-01 14:00:00,2021-03-01 14:00:00,2021-03-01 14:00:00,365,1
607,2021-03-01 14:00:00,Naive,14,0.36341728436792475,-0.6563091999253535,2020-03-01 14:00:00,2021-03-01 14:00:00,2021-03-01 14:00:00,365,1
608,2021-03-02 14:00:00,Decision Tree,14,0.590721471370303,0.5959997648442437,2020-03-02 14:00:00,2021-03-02 14:00:00,2021-03-02 14:00:00,365,1
609,2021-03-02 14:00:00,Random Forest,14,0.590721471370303,0.5388818029384659,2020-03-02 14:00:00,2021-03-02 14:00:00,2021-03-02 14:00:00,365,1
610,2021-03-02 14:00:00,Neural Network,14,0.590721471370303,0.49268429461526775,2020-03-02 14:00:00,2021-03-02 14:00:00,2021-03-02 14:00:00,365,1
611,2021-03-02 14:00:00,Naive,14,0.590721471370303,0.36341728436792475,2020-03-02 14:00:00,2021-03-02 14:00:00,2021-03-02 14:00:00,365,1
612,2021-03-03 14:00:00,Decision Tree,14,0.5797894122391648,0.5951200492652536,2020-03-03 14:00:00,2021-03-03 14:00:00,2021-03-03 14:00:00,365,1
613,2021-03-03 14:00:00,Random Forest,14,0.5797894122391648,0.5632873171042732,2020-03-03 14:00:00,2021-03-03 14:00:00,2021-03-03 14:00:00,365,1
614,2021-03-03 14:00:00,Neural Network,14,0.5797894122391648,0.5391591942121468,2020-03-03 14:00:00,2021-03-03 14:00:00,2021-03-03 14:00:00,365,1
615,2021-03-03 14:00:00,Naive,14,0.5797894122391648,0.590721471370303,2020-03-03 14:00:00,2021-03-03 14:00:00,2021-03-03 14:00:00,365,1
616,2021-03-04 14:00:00,Decision Tree,14,1.1295939558067476,1.027876422402311,2020-03-04 14:00:00,2021-03-04 14:00:00,2021-03-04 14:00:00,365,1
617,2021-03-04 14:00:00,Random Forest,14,1.1295939558067476,1.1409625958772385,2020-03-04 14:00:00,2021-03-04 14:00:00,2021-03-04 14:00:00,365,1
618,2021-03-04 14:00:00,Neural Network,14,1.1295939558067476,0.9288902873009693,2020-03-04 14:00:00,2021-03-04 14:00:00,2021-03-04 14:00:00,365,1
619,2021-03-04 14:00:00,Naive,14,1.1295939558067476,0.5797894122391648,2020-03-04 14:00:00,2021-03-04 14:00:00,2021-03-04 14:00:00,365,1
620,2021-03-05 14:00:00,Decision Tree,14,0.6437444154252301,0.6332156847885526,2020-03-05 14:00:00,2021-03-05 14:00:00,2021-03-05 14:00:00,365,1
621,2021-03-05 14:00:00,Random Forest,14,0.6437444154252301,0.6346475378650499,2020-03-05 14:00:00,2021-03-05 14:00:00,2021-03-05 14:00:00,365,1
622,2021-03-05 14:00:00,Neural Network,14,0.6437444154252301,0.7463332645414077,2020-03-05 14:00:00,2021-03-05 14:00:00,2021-03-05 14:00:00,365,1
623,2021-03-05 14:00:00,Naive,14,0.6437444154252301,1.1295939558067476,2020-03-05 14:00:00,2021-03-05 14:00:00,2021-03-05 14:00:00,365,1
624,2021-03-06 14:00:00,Decision Tree,14,0.1213566280337312,0.03397534949473499,2020-03-06 14:00:00,2021-03-06 14:00:00,2021-03-06 14:00:00,365,1
625,2021-03-06 14:00:00,Random Forest,14,0.1213566280337312,0.07229192971285764,2020-03-06 14:00:00,2021-03-06 14:00:00,2021-03-06 14:00:00,365,1
626,2021-03-06 14:00:00,Neural Network,14,0.1213566280337312,-0.2444500099662468,2020-03-06 14:00:00,2021-03-06 14:00:00,2021-03-06 14:00:00,365,1
627,2021-03-06 14:00:00,Naive,14,0.1213566280337312,0.6437444154252301,2020-03-06 14:00:00,2021-03-06 14:00:00,2021-03-06 14:00:00,365,1
628,2021-03-07 14:00:00,Decision Tree,14,0.21118047672107457,0.0969256520990303,2020-03-07 14:00:00,2021-03-07 14:00:00,2021-03-07 14:00:00,365,1
629,2021-03-07 14:00:00,Random Forest,14,0.21118047672107457,0.126820070489435,2020-03-07 14:00:00,2021-03-07 14:00:00,2021-03-07 14:00:00,365,1
630,2021-03-07 14:00:00,Neural Network,14,0.21118047672107457,0.006125793709062632,2020-03-07 14:00:00,2021-03-07 14:00:00,2021-03-07 14:00:00,365,1
631,2021-03-07 14:00:00,Naive,14,0.21118047672107457,0.1213566280337312,2020-03-07 14:00:00,2021-03-07 14:00:00,2021-03-07 14:00:00,365,1
632,2021-03-08 14:00:00,Decision Tree,14,1.1658720348419647,1.1983628740651433,2020-03-08 14:00:00,2021-03-08 14:00:00,2021-03-08 14:00:00,365,1
633,2021-03-08 14:00:00,Random Forest,14,1.1658720348419647,1.1773151610161816,2020-03-08 14:00:00,2021-03-08 14:00:00,2021-03-08 14:00:00,365,1
634,2021-03-08 14:00:00,Neural Network,14,1.1658720348419647,0.7993377506864822,2020-03-08 14:00:00,2021-03-08 14:00:00,2021-03-08 14:00:00,365,1
635,2021-03-08 14:00:00,Naive,14,1.1658720348419647,0.21118047672107457,2020-03-08 14:00:00,2021-03-08 14:00:00,2021-03-08 14:00:00,365,1
636,2021-03-09 14:00:00,Decision Tree,14,1.2640797417466412,1.2772994870270313,2020-03-09 14:00:00,2021-03-09 14:00:00,2021-03-09 14:00:00,365,1
637,2021-03-09 14:00:00,Random Forest,14,1.2640797417466412,1.257544714374773,2020-03-09 14:00:00,2021-03-09 14:00:00,2021-03-09 14:00:00,365,1
638,2021-03-09 14:00:00,Neural Network,14,1.2640797417466412,1.0892345235742584,2020-03-09 14:00:00,2021-03-09 14:00:00,2021-03-09 14:00:00,365,1
639,2021-03-09 14:00:00,Naive,14,1.2640797417466412,1.1658720348419647,2020-03-09 14:00:00,2021-03-09 14:00:00,2021-03-09 14:00:00,365,1
640,2021-03-10 14:00:00,Decision Tree,14,0.727847416691889,0.6345317761181374,2020-03-10 14:00:00,2021-03-10 14:00:00,2021-03-10 14:00:00,365,1
641,2021-03-10 14:00:00,Random Forest,14,0.727847416691889,0.675392978430329,2020-03-10 14:00:00,2021-03-10 14:00:00,2021-03-10 14:00:00,365,1
642,2021-03-10 14:00:00,Neural Network,14,0.727847416691889,0.6203982015052303,2020-03-10 14:00:00,2021-03-10 14:00:00,2021-03-10 14:00:00,365,1
643,2021-03-10 14:00:00,Naive,14,0.727847416691889,1.2640797417466412,2020-03-10 14:00:00,2021-03-10 14:00:00,2021-03-10 14:00:00,365,1
644,2021-03-11 14:00:00,Decision Tree,14,-0.6619865162289925,-0.659287874045401,2020-03-11 14:00:00,2021-03-11 14:00:00,2021-03-11 14:00:00,365,1
645,2021-03-11 14:00:00,Random Forest,14,-0.6619865162289925,-0.6507984851091311,2020-03-11 14:00:00,2021-03-11 14:00:00,2021-03-11 14:00:00,365,1
646,2021-03-11 14:00:00,Neural Network,14,-0.6619865162289925,-0.8009857488323411,2020-03-11 14:00:00,2021-03-11 14:00:00,2021-03-11 14:00:00,365,1
647,2021-03-11 14:00:00,Naive,14,-0.6619865162289925,0.727847416691889,2020-03-11 14:00:00,2021-03-11 14:00:00,2021-03-11 14:00:00,365,1
648,2021-03-12 14:00:00,Decision Tree,14,-1.7260675995431176,-1.6479493641227871,2020-03-12 14:00:00,2021-03-12 14:00:00,2021-03-12 14:00:00,365,1
649,2021-03-12 14:00:00,Random Forest,14,-1.7260675995431176,-1.6506789569005533,2020-03-12 14:00:00,2021-03-12 14:00:00,2021-03-12 14:00:00,365,1
650,2021-03-12 14:00:00,Neural Network,14,-1.7260675995431176,-1.666482134787882,2020-03-12 14:00:00,2021-03-12 14:00:00,2021-03-12 14:00:00,365,1
651,2021-03-12 14:00:00,Naive,14,-1.7260675995431176,-0.6619865162289925,2020-03-12 14:00:00,2021-03-12 14:00:00,2021-03-12 14:00:00,365,1
652,2021-03-13 14:00:00,Decision Tree,14,-1.9377020341166815,-1.7536362607297875,2020-03-13 14:00:00,2021-03-13 14:00:00,2021-03-13 14:00:00,365,1
653,2021-03-13 14:00:00,Random Forest,14,-1.9377020341166815,-1.8563836913843583,2020-03-13 14:00:00,2021-03-13 14:00:00,2021-03-13 14:00:00,365,1
654,2021-03-13 14:00:00,Neural Network,14,-1.9377020341166815,-1.8879068526197536,2020-03-13 14:00:00,2021-03-13 14:00:00,2021-03-13 14:00:00,365,1
655,2021-03-13 14:00:00,Naive,14,-1.9377020341166815,-1.7260675995431176,2020-03-13 14:00:00,2021-03-13 14:00:00,2021-03-13 14:00:00,365,1
656,2021-03-14 14:00:00,Decision Tree,14,-1.7265794855672785,-1.6690728590213368,2020-03-14 14:00:00,2021-03-14 14:00:00,2021-03-14 14:00:00,365,1
657,2021-03-14 14:00:00,Random Forest,14,-1.7265794855672785,-1.673294021425859,2020-03-14 14:00:00,2021-03-14 14:00:00,2021-03-14 14:00:00,365,1
658,2021-03-14 14:00:00,Neural Network,14,-1.7265794855672785,-1.7994799951912384,2020-03-14 14:00:00,2021-03-14 14:00:00,2021-03-14 14:00:00,365,1
659,2021-03-14 14:00:00,Naive,14,-1.7265794855672785,-1.9377020341166815,2020-03-14 14:00:00,2021-03-14 14:00:00,2021-03-14 14:00:00,365,1
660,2021-03-15 14:00:00,Decision Tree,14,0.3972309217552811,0.2870494393919051,2020-03-15 14:00:00,2021-03-15 14:00:00,2021-03-15 14:00:00,365,1
661,2021-03-15 14:00:00,Random Forest,14,0.3972309217552811,0.364329434831928,2020-03-15 14:00:00,2021-03-15 14:00:00,2021-03-15 14:00:00,365,1
662,2021-03-15 14:00:00,Neural Network,14,0.3972309217552811,-0.20994159932561834,2020-03-15 14:00:00,2021-03-15 14:00:00,2021-03-15 14:00:00,365,1
663,2021-03-15 14:00:00,Naive,14,0.3972309217552811,-1.7265794855672785,2020-03-15 14:00:00,2021-03-15 14:00:00,2021-03-15 14:00:00,365,1
664,2021-03-16 14:00:00,Decision Tree,14,0.8872185218463,0.8531222507941839,2020-03-16 14:00:00,2021-03-16 14:00:00,2021-03-16 14:00:00,365,1
665,2021-03-16 14:00:00,Random Forest,14,0.8872185218463,0.8903555844861796,2020-03-16 14:00:00,2021-03-16 14:00:00,2021-03-16 14:00:00,365,1
666,2021-03-16 14:00:00,Neural Network,14,0.8872185218463,0.7673796024966569,2020-03-16 14:00:00,2021-03-16 14:00:00,2021-03-16 14:00:00,365,1
667,2021-03-16 14:00:00,Naive,14,0.8872185218463,0.3972309217552811,2020-03-16 14:00:00,2021-03-16 14:00:00,2021-03-16 14:00:00,365,1
668,2021-03-17 14:00:00,Decision Tree,14,0.9714054944863169,0.9834335373874783,2020-03-17 14:00:00,2021-03-17 14:00:00,2021-03-17 14:00:00,365,1
669,2021-03-17 14:00:00,Random Forest,14,0.9714054944863169,0.9816703000280652,2020-03-17 14:00:00,2021-03-17 14:00:00,2021-03-17 14:00:00,365,1
670,2021-03-17 14:00:00,Neural Network,14,0.9714054944863169,0.8621676986087949,2020-03-17 14:00:00,2021-03-17 14:00:00,2021-03-17 14:00:00,365,1
671,2021-03-17 14:00:00,Naive,14,0.9714054944863169,0.8872185218463,2020-03-17 14:00:00,2021-03-17 14:00:00,2021-03-17 14:00:00,365,1
672,2021-03-18 14:00:00,Decision Tree,14,1.4232024160744163,1.3963937696359805,2020-03-18 14:00:00,2021-03-18 14:00:00,2021-03-18 14:00:00,365,1
673,2021-03-18 14:00:00,Random Forest,14,1.4232024160744163,1.4165045796248394,2020-03-18 14:00:00,2021-03-18 14:00:00,2021-03-18 14:00:00,365,1
674,2021-03-18 14:00:00,Neural Network,14,1.4232024160744163,1.1255619561394399,2020-03-18 14:00:00,2021-03-18 14:00:00,2021-03-18 14:00:00,365,1
675,2021-03-18 14:00:00,Naive,14,1.4232024160744163,0.9714054944863169,2020-03-18 14:00:00,2021-03-18 14:00:00,2021-03-18 14:00:00,365,1
676,2021-03-19 14:00:00,Decision Tree,14,0.5512112398665796,0.5283138638878014,2020-03-19 14:00:00,2021-03-19 14:00:00,2021-03-19 14:00:00,365,1
677,2021-03-19 14:00:00,Random Forest,14,0.5512112398665796,0.543864985366169,2020-03-19 14:00:00,2021-03-19 14:00:00,2021-03-19 14:00:00,365,1
678,2021-03-19 14:00:00,Neural Network,14,0.5512112398665796,0.5187632909780087,2020-03-19 14:00:00,2021-03-19 14:00:00,2021-03-19 14:00:00,365,1
679,2021-03-19 14:00:00,Naive,14,0.5512112398665796,1.4232024160744163,2020-03-19 14:00:00,2021-03-19 14:00:00,2021-03-19 14:00:00,365,1
680,2021-03-20 14:00:00,Decision Tree,14,0.4011525471162703,0.43102657181321147,2020-03-20 14:00:00,2021-03-20 14:00:00,2021-03-20 14:00:00,365,1
681,2021-03-20 14:00:00,Random Forest,14,0.4011525471162703,0.4011893902379627,2020-03-20 14:00:00,2021-03-20 14:00:00,2021-03-20 14:00:00,365,1
682,2021-03-20 14:00:00,Neural Network,14,0.4011525471162703,0.13667090933744558,2020-03-20 14:00:00,2021-03-20 14:00:00,2021-03-20 14:00:00,365,1
683,2021-03-20 14:00:00,Naive,14,0.4011525471162703,0.5512112398665796,2020-03-20 14:00:00,2021-03-20 14:00:00,2021-03-20 14:00:00,365,1
684,2021-03-21 14:00:00,Decision Tree,14,-0.9442935132380392,-0.9728745232876811,2020-03-21 14:00:00,2021-03-21 14:00:00,2021-03-21 14:00:00,365,1
685,2021-03-21 14:00:00,Random Forest,14,-0.9442935132380392,-0.9368513418800829,2020-03-21 14:00:00,2021-03-21 14:00:00,2021-03-21 14:00:00,365,1
686,2021-03-21 14:00:00,Neural Network,14,-0.9442935132380392,-0.9582074309965101,2020-03-21 14:00:00,2021-03-21 14:00:00,2021-03-21 14:00:00,365,1
687,2021-03-21 14:00:00,Naive,14,-0.9442935132380392,0.4011525471162703,2020-03-21 14:00:00,2021-03-21 14:00:00,2021-03-21 14:00:00,365,1
688,2021-03-22 14:00:00,Decision Tree,14,1.0433388760633413,1.0377206896916387,2020-03-22 14:00:00,2021-03-22 14:00:00,2021-03-22 14:00:00,365,1
689,2021-03-22 14:00:00,Random Forest,14,1.0433388760633413,1.03973778631715,2020-03-22 14:00:00,2021-03-22 14:00:00,2021-03-22 14:00:00,365,1
690,2021-03-22 14:00:00,Neural Network,14,1.0433388760633413,1.0088357399417767,2020-03-22 14:00:00,2021-03-22 14:00:00,2021-03-22 14:00:00,365,1
691,2021-03-22 14:00:00,Naive,14,1.0433388760633413,-0.9442935132380392,2020-03-22 14:00:00,2021-03-22 14:00:00,2021-03-22 14:00:00,365,1
692,2021-03-23 14:00:00,Decision Tree,14,1.3227012570317596,1.4103197932160303,2020-03-23 14:00:00,2021-03-23 14:00:00,2021-03-23 14:00:00,365,1
693,2021-03-23 14:00:00,Random Forest,14,1.3227012570317596,1.3930712997616197,2020-03-23 14:00:00,2021-03-23 14:00:00,2021-03-23 14:00:00,365,1
694,2021-03-23 14:00:00,Neural Network,14,1.3227012570317596,1.1957433511108806,2020-03-23 14:00:00,2021-03-23 14:00:00,2021-03-23 14:00:00,365,1
695,2021-03-23 14:00:00,Naive,14,1.3227012570317596,1.0433388760633413,2020-03-23 14:00:00,2021-03-23 14:00:00,2021-03-23 14:00:00,365,1
696,2021-03-24 14:00:00,Decision Tree,14,0.6717485992229469,0.6345317761181373,2020-03-24 14:00:00,2021-03-24 14:00:00,2021-03-24 14:00:00,365,1
697,2021-03-24 14:00:00,Random Forest,14,0.6717485992229469,0.6438147251227642,2020-03-24 14:00:00,2021-03-24 14:00:00,2021-03-24 14:00:00,365,1
698,2021-03-24 14:00:00,Neural Network,14,0.6717485992229469,0.5601261619022976,2020-03-24 14:00:00,2021-03-24 14:00:00,2021-03-24 14:00:00,365,1
699,2021-03-24 14:00:00,Naive,14,0.6717485992229469,1.3227012570317596,2020-03-24 14:00:00,2021-03-24 14:00:00,2021-03-24 14:00:00,365,1
700,2021-03-25 14:00:00,Decision Tree,14,0.8775777163730376,0.8579931466587719,2020-03-25 14:00:00,2021-03-25 14:00:00,2021-03-25 14:00:00,365,1
701,2021-03-25 14:00:00,Random Forest,14,0.8775777163730376,0.8965364080501769,2020-03-25 14:00:00,2021-03-25 14:00:00,2021-03-25 14:00:00,365,1
702,2021-03-25 14:00:00,Neural Network,14,0.8775777163730376,0.7943063779261006,2020-03-25 14:00:00,2021-03-25 14:00:00,2021-03-25 14:00:00,365,1
703,2021-03-25 14:00:00,Naive,14,0.8775777163730376,0.6717485992229469,2020-03-25 14:00:00,2021-03-25 14:00:00,2021-03-25 14:00:00,365,1
704,2021-03-26 14:00:00,Decision Tree,14,0.10678769274396484,0.08280819387246086,2020-03-26 14:00:00,2021-03-26 14:00:00,2021-03-26 14:00:00,365,1
705,2021-03-26 14:00:00,Random Forest,14,0.10678769274396484,0.106492964983761,2020-03-26 14:00:00,2021-03-26 14:00:00,2021-03-26 14:00:00,365,1
706,2021-03-26 14:00:00,Neural Network,14,0.10678769274396484,-0.20952594867980237,2020-03-26 14:00:00,2021-03-26 14:00:00,2021-03-26 14:00:00,365,1
707,2021-03-26 14:00:00,Naive,14,0.10678769274396484,0.8775777163730376,2020-03-26 14:00:00,2021-03-26 14:00:00,2021-03-26 14:00:00,365,1
708,2021-03-27 14:00:00,Decision Tree,14,-2.2930747402309235,-2.3941821322417582,2020-03-27 14:00:00,2021-03-27 14:00:00,2021-03-27 14:00:00,365,1
709,2021-03-27 14:00:00,Random Forest,14,-2.2930747402309235,-2.279066517571515,2020-03-27 14:00:00,2021-03-27 14:00:00,2021-03-27 14:00:00,365,1
710,2021-03-27 14:00:00,Neural Network,14,-2.2930747402309235,-2.2704919054438366,2020-03-27 14:00:00,2021-03-27 14:00:00,2021-03-27 14:00:00,365,1
711,2021-03-27 14:00:00,Naive,14,-2.2930747402309235,0.10678769274396484,2020-03-27 14:00:00,2021-03-27 14:00:00,2021-03-27 14:00:00,365,1
712,2021-03-28 14:00:00,Decision Tree,14,-2.552587763023664,-2.45080344409668,2020-03-28 14:00:00,2021-03-28 14:00:00,2021-03-28 14:00:00,365,1
713,2021-03-28 14:00:00,Random Forest,14,-2.552587763023664,-2.4632137026656857,2020-03-28 14:00:00,2021-03-28 14:00:00,2021-03-28 14:00:00,365,1
714,2021-03-28 14:00:00,Neural Network,14,-2.552587763023664,-2.5228244337691867,2020-03-28 14:00:00,2021-03-28 14:00:00,2021-03-28 14:00:00,365,1
715,2021-03-28 14:00:00,Naive,14,-2.552587763023664,-2.2930747402309235,2020-03-28 14:00:00,2021-03-28 14:00:00,2021-03-28 14:00:00,365,1
716,2021-03-29 14:00:00,Decision Tree,14,-1.1260312496674927,-1.092279553931827,2020-03-29 14:00:00,2021-03-29 14:00:00,2021-03-29 14:00:00,365,1
717,2021-03-29 14:00:00,Random Forest,14,-1.1260312496674927,-1.090684399443446,2020-03-29 14:00:00,2021-03-29 14:00:00,2021-03-29 14:00:00,365,1
718,2021-03-29 14:00:00,Neural Network,14,-1.1260312496674927,-1.1368659727974981,2020-03-29 14:00:00,2021-03-29 14:00:00,2021-03-29 14:00:00,365,1
719,2021-03-29 14:00:00,Naive,14,-1.1260312496674927,-2.552587763023664,2020-03-29 14:00:00,2021-03-29 14:00:00,2021-03-29 14:00:00,365,1
720,2021-03-30 14:00:00,Decision Tree,14,0.3113456482706849,0.29989292046688115,2020-03-30 14:00:00,2021-03-30 14:00:00,2021-03-30 14:00:00,365,1
721,2021-03-30 14:00:00,Random Forest,14,0.3113456482706849,0.2996180186796067,2020-03-30 14:00:00,2021-03-30 14:00:00,2021-03-30 14:00:00,365,1
722,2021-03-30 14:00:00,Neural Network,14,0.3113456482706849,0.03155834668495036,2020-03-30 14:00:00,2021-03-30 14:00:00,2021-03-30 14:00:00,365,1
723,2021-03-30 14:00:00,Naive,14,0.3113456482706849,-1.1260312496674927,2020-03-30 14:00:00,2021-03-30 14:00:00,2021-03-30 14:00:00,365,1
724,2021-03-31 14:00:00,Decision Tree,14,0.5258641456274857,0.5315849175990554,2020-03-31 14:00:00,2021-03-31 14:00:00,2021-03-31 14:00:00,365,1
725,2021-03-31 14:00:00,Random Forest,14,0.5258641456274857,0.5253497222715532,2020-03-31 14:00:00,2021-03-31 14:00:00,2021-03-31 14:00:00,365,1
726,2021-03-31 14:00:00,Neural Network,14,0.5258641456274857,0.501998283371806,2020-03-31 14:00:00,2021-03-31 14:00:00,2021-03-31 14:00:00,365,1
727,2021-03-31 14:00:00,Naive,14,0.5258641456274857,0.3113456482706849,2020-03-31 14:00:00,2021-03-31 14:00:00,2021-03-31 14:00:00,365,1
728,2021-04-01 14:00:00,Decision Tree,14,0.04149521452610461,0.04901561505141555,2020-04-01 14:00:00,2021-04-01 14:00:00,2021-04-01 14:00:00,365,1
729,2021-04-01 14:00:00,Random Forest,14,0.04149521452610461,0.049404716394800874,2020-04-01 14:00:00,2021-04-01 14:00:00,2021-04-01 14:00:00,365,1
730,2021-04-01 14:00:00,Neural Network,14,0.04149521452610461,-0.35964783357926244,2020-04-01 14:00:00,2021-04-01 14:00:00,2021-04-01 14:00:00,365,1
731,2021-04-01 14:00:00,Naive,14,0.04149521452610461,0.5258641456274857,2020-04-01 14:00:00,2021-04-01 14:00:00,2021-04-01 14:00:00,365,1
732,2021-04-02 14:00:00,Decision Tree,14,-1.9704924403776602,-1.868946653477416,2020-04-02 14:00:00,2021-04-02 14:00:00,2021-04-02 14:00:00,365,1
733,2021-04-02 14:00:00,Random Forest,14,-1.9704924403776602,-1.9373148967597016,2020-04-02 14:00:00,2021-04-02 14:00:00,2021-04-02 14:00:00,365,1
734,2021-04-02 14:00:00,Neural Network,14,-1.9704924403776602,-1.1532501155680368,2020-04-02 14:00:00,2021-04-02 14:00:00,2021-04-02 14:00:00,365,1
735,2021-04-02 14:00:00,Naive,14,-1.9704924403776602,0.04149521452610461,2020-04-02 14:00:00,2021-04-02 14:00:00,2021-04-02 14:00:00,365,1
736,2021-04-03 14:00:00,Decision Tree,14,-1.1375270928821228,-1.101826850767834,2020-04-03 14:00:00,2021-04-03 14:00:00,2021-04-03 14:00:00,365,1
737,2021-04-03 14:00:00,Random Forest,14,-1.1375270928821228,-1.1096531304385364,2020-04-03 14:00:00,2021-04-03 14:00:00,2021-04-03 14:00:00,365,1
738,2021-04-03 14:00:00,Neural Network,14,-1.1375270928821228,-0.9782763737306712,2020-04-03 14:00:00,2021-04-03 14:00:00,2021-04-03 14:00:00,365,1
739,2021-04-03 14:00:00,Naive,14,-1.1375270928821228,-1.9704924403776602,2020-04-03 14:00:00,2021-04-03 14:00:00,2021-04-03 14:00:00,365,1
740,2021-04-04 14:00:00,Decision Tree,14,-1.6431408784842172,-1.5653249294078813,2020-04-04 14:00:00,2021-04-04 14:00:00,2021-04-04 14:00:00,365,1
741,2021-04-04 14:00:00,Random Forest,14,-1.6431408784842172,-1.597068504407143,2020-04-04 14:00:00,2021-04-04 14:00:00,2021-04-04 14:00:00,365,1
742,2021-04-04 14:00:00,Neural Network,14,-1.6431408784842172,-1.5023154035804112,2020-04-04 14:00:00,2021-04-04 14:00:00,2021-04-04 14:00:00,365,1
743,2021-04-04 14:00:00,Naive,14,-1.6431408784842172,-1.1375270928821228,2020-04-04 14:00:00,2021-04-04 14:00:00,2021-04-04 14:00:00,365,1
744,2021-04-05 14:00:00,Decision Tree,14,-2.57494385409644,-2.6713987220476283,2020-04-05 14:00:00,2021-04-05 14:00:00,2021-04-05 14:00:00,365,1
745,2021-04-05 14:00:00,Random Forest,14,-2.57494385409644,-2.51169340419754,2020-04-05 14:00:00,2021-04-05 14:00:00,2021-04-05 14:00:00,365,1
746,2021-04-05 14:00:00,Neural Network,14,-2.57494385409644,-2.3472881384373894,2020-04-05 14:00:00,2021-04-05 14:00:00,2021-04-05 14:00:00,365,1
747,2021-04-05 14:00:00,Naive,14,-2.57494385409644,-1.6431408784842172,2020-04-05 14:00:00,2021-04-05 14:00:00,2021-04-05 14:00:00,365,1
748,2021-04-06 14:00:00,Decision Tree,14,-1.3952742623954522,-1.3907014566969211,2020-04-06 14:00:00,2021-04-06 14:00:00,2021-04-06 14:00:00,365,1
749,2021-04-06 14:00:00,Random Forest,14,-1.3952742623954522,-1.3582167760843624,2020-04-06 14:00:00,2021-04-06 14:00:00,2021-04-06 14:00:00,365,1
750,2021-04-06 14:00:00,Neural Network,14,-1.3952742623954522,-1.5133312040166926,2020-04-06 14:00:00,2021-04-06 14:00:00,2021-04-06 14:00:00,365,1
751,2021-04-06 14:00:00,Naive,14,-1.3952742623954522,-2.57494385409644,2020-04-06 14:00:00,2021-04-06 14:00:00,2021-04-06 14:00:00,365,1
752,2021-04-07 14:00:00,Decision Tree,14,0.3100636101261865,0.28115299498945656,2020-04-07 14:00:00,2021-04-07 14:00:00,2021-04-07 14:00:00,365,1
753,2021-04-07 14:00:00,Random Forest,14,0.3100636101261865,0.3124793727786428,2020-04-07 14:00:00,2021-04-07 14:00:00,2021-04-07 14:00:00,365,1
754,2021-04-07 14:00:00,Neural Network,14,0.3100636101261865,-0.2557180948785929,2020-04-07 14:00:00,2021-04-07 14:00:00,2021-04-07 14:00:00,365,1
755,2021-04-07 14:00:00,Naive,14,0.3100636101261865,-1.3952742623954522,2020-04-07 14:00:00,2021-04-07 14:00:00,2021-04-07 14:00:00,365,1
756,2021-04-08 14:00:00,Decision Tree,14,0.9883927193955395,1.0945941776808275,2020-04-08 14:00:00,2021-04-08 14:00:00,2021-04-08 14:00:00,365,1
757,2021-04-08 14:00:00,Random Forest,14,0.9883927193955395,1.0396618804940874,2020-04-08 14:00:00,2021-04-08 14:00:00,2021-04-08 14:00:00,365,1
758,2021-04-08 14:00:00,Neural Network,14,0.9883927193955395,0.5878141949465441,2020-04-08 14:00:00,2021-04-08 14:00:00,2021-04-08 14:00:00,365,1
759,2021-04-08 14:00:00,Naive,14,0.9883927193955395,0.3100636101261865,2020-04-08 14:00:00,2021-04-08 14:00:00,2021-04-08 14:00:00,365,1
760,2021-04-09 14:00:00,Decision Tree,14,0.7757381911849421,0.8604412178730552,2020-04-09 14:00:00,2021-04-09 14:00:00,2021-04-09 14:00:00,365,1
761,2021-04-09 14:00:00,Random Forest,14,0.7757381911849421,0.781803761942768,2020-04-09 14:00:00,2021-04-09 14:00:00,2021-04-09 14:00:00,365,1
762,2021-04-09 14:00:00,Neural Network,14,0.7757381911849421,0.001653764713376915,2020-04-09 14:00:00,2021-04-09 14:00:00,2021-04-09 14:00:00,365,1
763,2021-04-09 14:00:00,Naive,14,0.7757381911849421,0.9883927193955395,2020-04-09 14:00:00,2021-04-09 14:00:00,2021-04-09 14:00:00,365,1
764,2021-04-10 14:00:00,Decision Tree,14,0.9178713961657666,0.978362225911213,2020-04-10 14:00:00,2021-04-10 14:00:00,2021-04-10 14:00:00,365,1
765,2021-04-10 14:00:00,Random Forest,14,0.9178713961657666,0.9769851913979984,2020-04-10 14:00:00,2021-04-10 14:00:00,2021-04-10 14:00:00,365,1
766,2021-04-10 14:00:00,Neural Network,14,0.9178713961657666,0.5838079633387618,2020-04-10 14:00:00,2021-04-10 14:00:00,2021-04-10 14:00:00,365,1
767,2021-04-10 14:00:00,Naive,14,0.9178713961657666,0.7757381911849421,2020-04-10 14:00:00,2021-04-10 14:00:00,2021-04-10 14:00:00,365,1
768,2021-04-11 14:00:00,Decision Tree,14,0.4415093577488865,0.4315657539806286,2020-04-11 14:00:00,2021-04-11 14:00:00,2021-04-11 14:00:00,365,1
769,2021-04-11 14:00:00,Random Forest,14,0.4415093577488865,0.42663127566202946,2020-04-11 14:00:00,2021-04-11 14:00:00,2021-04-11 14:00:00,365,1
770,2021-04-11 14:00:00,Neural Network,14,0.4415093577488865,0.07437498567832382,2020-04-11 14:00:00,2021-04-11 14:00:00,2021-04-11 14:00:00,365,1
771,2021-04-11 14:00:00,Naive,14,0.4415093577488865,0.9178713961657666,2020-04-11 14:00:00,2021-04-11 14:00:00,2021-04-11 14:00:00,365,1
772,2021-04-12 14:00:00,Decision Tree,14,0.8224076175579734,0.8462472101008369,2020-04-12 14:00:00,2021-04-12 14:00:00,2021-04-12 14:00:00,365,1
773,2021-04-12 14:00:00,Random Forest,14,0.8224076175579734,0.8430236518093654,2020-04-12 14:00:00,2021-04-12 14:00:00,2021-04-12 14:00:00,365,1
774,2021-04-12 14:00:00,Neural Network,14,0.8224076175579734,0.8936557931954168,2020-04-12 14:00:00,2021-04-12 14:00:00,2021-04-12 14:00:00,365,1
775,2021-04-12 14:00:00,Naive,14,0.8224076175579734,0.4415093577488865,2020-04-12 14:00:00,2021-04-12 14:00:00,2021-04-12 14:00:00,365,1
776,2021-04-13 14:00:00,Decision Tree,14,0.41727176340238836,0.4332230212753383,2020-04-13 14:00:00,2021-04-13 14:00:00,2021-04-13 14:00:00,365,1
777,2021-04-13 14:00:00,Random Forest,14,0.41727176340238836,0.41666618273673917,2020-04-13 14:00:00,2021-04-13 14:00:00,2021-04-13 14:00:00,365,1
778,2021-04-13 14:00:00,Neural Network,14,0.41727176340238836,0.22278337109285243,2020-04-13 14:00:00,2021-04-13 14:00:00,2021-04-13 14:00:00,365,1
779,2021-04-13 14:00:00,Naive,14,0.41727176340238836,0.8224076175579734,2020-04-13 14:00:00,2021-04-13 14:00:00,2021-04-13 14:00:00,365,1
780,2021-04-14 14:00:00,Decision Tree,14,0.9406176009442911,1.0137755222123372,2020-04-14 14:00:00,2021-04-14 14:00:00,2021-04-14 14:00:00,365,1
781,2021-04-14 14:00:00,Random Forest,14,0.9406176009442911,0.9815832394586685,2020-04-14 14:00:00,2021-04-14 14:00:00,2021-04-14 14:00:00,365,1
782,2021-04-14 14:00:00,Neural Network,14,0.9406176009442911,0.9155643466727784,2020-04-14 14:00:00,2021-04-14 14:00:00,2021-04-14 14:00:00,365,1
783,2021-04-14 14:00:00,Naive,14,0.9406176009442911,0.41727176340238836,2020-04-14 14:00:00,2021-04-14 14:00:00,2021-04-14 14:00:00,365,1
784,2021-04-15 14:00:00,Decision Tree,14,0.8625369590094443,0.9004724648451954,2020-04-15 14:00:00,2021-04-15 14:00:00,2021-04-15 14:00:00,365,1
785,2021-04-15 14:00:00,Random Forest,14,0.8625369590094443,0.9019280761718629,2020-04-15 14:00:00,2021-04-15 14:00:00,2021-04-15 14:00:00,365,1
786,2021-04-15 14:00:00,Neural Network,14,0.8625369590094443,0.8803422760355734,2020-04-15 14:00:00,2021-04-15 14:00:00,2021-04-15 14:00:00,365,1
787,2021-04-15 14:00:00,Naive,14,0.8625369590094443,0.9406176009442911,2020-04-15 14:00:00,2021-04-15 14:00:00,2021-04-15 14:00:00,365,1
788,2021-04-16 14:00:00,Decision Tree,14,1.047155337320565,1.152118485600653,2020-04-16 14:00:00,2021-04-16 14:00:00,2021-04-16 14:00:00,365,1
789,2021-04-16 14:00:00,Random Forest,14,1.047155337320565,1.0971979528513547,2020-04-16 14:00:00,2021-04-16 14:00:00,2021-04-16 14:00:00,365,1
790,2021-04-16 14:00:00,Neural Network,14,1.047155337320565,1.0270669615576924,2020-04-16 14:00:00,2021-04-16 14:00:00,2021-04-16 14:00:00,365,1
791,2021-04-16 14:00:00,Naive,14,1.047155337320565,0.8625369590094443,2020-04-16 14:00:00,2021-04-16 14:00:00,2021-04-16 14:00:00,365,1
792,2021-04-17 14:00:00,Decision Tree,14,0.8788773349877717,0.9472246723792264,2020-04-17 14:00:00,2021-04-17 14:00:00,2021-04-17 14:00:00,365,1
793,2021-04-17 14:00:00,Random Forest,14,0.8788773349877717,0.9295596263831584,2020-04-17 14:00:00,2021-04-17 14:00:00,2021-04-17 14:00:00,365,1
794,2021-04-17 14:00:00,Neural Network,14,0.8788773349877717,0.6621957651430762,2020-04-17 14:00:00,2021-04-17 14:00:00,2021-04-17 14:00:00,365,1
795,2021-04-17 14:00:00,Naive,14,0.8788773349877717,1.047155337320565,2020-04-17 14:00:00,2021-04-17 14:00:00,2021-04-17 14:00:00,365,1
796,2021-04-18 14:00:00,Decision Tree,14,0.8747847608618986,0.8618550962311817,2020-04-18 14:00:00,2021-04-18 14:00:00,2021-04-18 14:00:00,365,1
797,2021-04-18 14:00:00,Random Forest,14,0.8747847608618986,0.8926319244982801,2020-04-18 14:00:00,2021-04-18 14:00:00,2021-04-18 14:00:00,365,1
798,2021-04-18 14:00:00,Neural Network,14,0.8747847608618986,0.6952358947020563,2020-04-18 14:00:00,2021-04-18 14:00:00,2021-04-18 14:00:00,365,1
799,2021-04-18 14:00:00,Naive,14,0.8747847608618986,0.8788773349877717,2020-04-18 14:00:00,2021-04-18 14:00:00,2021-04-18 14:00:00,365,1
800,2021-04-19 14:00:00,Decision Tree,14,1.3145099063757792,1.4103197932160305,2020-04-19 14:00:00,2021-04-19 14:00:00,2021-04-19 14:00:00,365,1
801,2021-04-19 14:00:00,Random Forest,14,1.3145099063757792,1.4018945607784203,2020-04-19 14:00:00,2021-04-19 14:00:00,2021-04-19 14:00:00,365,1
802,2021-04-19 14:00:00,Neural Network,14,1.3145099063757792,1.1486355743102012,2020-04-19 14:00:00,2021-04-19 14:00:00,2021-04-19 14:00:00,365,1
803,2021-04-19 14:00:00,Naive,14,1.3145099063757792,0.8747847608618986,2020-04-19 14:00:00,2021-04-19 14:00:00,2021-04-19 14:00:00,365,1
804,2021-04-20 14:00:00,Decision Tree,14,1.244728226964795,1.352363980747625,2020-04-20 14:00:00,2021-04-20 14:00:00,2021-04-20 14:00:00,365,1
805,2021-04-20 14:00:00,Random Forest,14,1.244728226964795,1.2751248944984617,2020-04-20 14:00:00,2021-04-20 14:00:00,2021-04-20 14:00:00,365,1
806,2021-04-20 14:00:00,Neural Network,14,1.244728226964795,1.3041396416012139,2020-04-20 14:00:00,2021-04-20 14:00:00,2021-04-20 14:00:00,365,1
807,2021-04-20 14:00:00,Naive,14,1.244728226964795,1.3145099063757792,2020-04-20 14:00:00,2021-04-20 14:00:00,2021-04-20 14:00:00,365,1
808,2021-04-21 14:00:00,Decision Tree,14,0.5172280391256141,0.5308698211026093,2020-04-21 14:00:00,2021-04-21 14:00:00,2021-04-21 14:00:00,365,1
809,2021-04-21 14:00:00,Random Forest,14,0.5172280391256141,0.5356465717308694,2020-04-21 14:00:00,2021-04-21 14:00:00,2021-04-21 14:00:00,365,1
810,2021-04-21 14:00:00,Neural Network,14,0.5172280391256141,0.408090297837683,2020-04-21 14:00:00,2021-04-21 14:00:00,2021-04-21 14:00:00,365,1
811,2021-04-21 14:00:00,Naive,14,0.5172280391256141,1.244728226964795,2020-04-21 14:00:00,2021-04-21 14:00:00,2021-04-21 14:00:00,365,1
812,2021-04-22 14:00:00,Decision Tree,14,-1.6765065767627685,-1.6839072704788483,2020-04-22 14:00:00,2021-04-22 14:00:00,2021-04-22 14:00:00,365,1
813,2021-04-22 14:00:00,Random Forest,14,-1.6765065767627685,-1.6634151955383396,2020-04-22 14:00:00,2021-04-22 14:00:00,2021-04-22 14:00:00,365,1
814,2021-04-22 14:00:00,Neural Network,14,-1.6765065767627685,-1.6066608512173606,2020-04-22 14:00:00,2021-04-22 14:00:00,2021-04-22 14:00:00,365,1
815,2021-04-22 14:00:00,Naive,14,-1.6765065767627685,0.5172280391256141,2020-04-22 14:00:00,2021-04-22 14:00:00,2021-04-22 14:00:00,365,1
816,2021-04-23 14:00:00,Decision Tree,14,0.20141409127842624,0.15876931454943013,2020-04-23 14:00:00,2021-04-23 14:00:00,2021-04-23 14:00:00,365,1
817,2021-04-23 14:00:00,Random Forest,14,0.20141409127842624,0.2544945414195529,2020-04-23 14:00:00,2021-04-23 14:00:00,2021-04-23 14:00:00,365,1
818,2021-04-23 14:00:00,Neural Network,14,0.20141409127842624,-0.17208051308942146,2020-04-23 14:00:00,2021-04-23 14:00:00,2021-04-23 14:00:00,365,1
819,2021-04-23 14:00:00,Naive,14,0.20141409127842624,-1.6765065767627685,2020-04-23 14:00:00,2021-04-23 14:00:00,2021-04-23 14:00:00,365,1
820,2021-04-24 14:00:00,Decision Tree,14,-0.9676079735867524,-0.9845710319933347,2020-04-24 14:00:00,2021-04-24 14:00:00,2021-04-24 14:00:00,365,1
821,2021-04-24 14:00:00,Random Forest,14,-0.9676079735867524,-0.9703372840058058,2020-04-24 14:00:00,2021-04-24 14:00:00,2021-04-24 14:00:00,365,1
822,2021-04-24 14:00:00,Neural Network,14,-0.9676079735867524,-0.7319836490636834,2020-04-24 14:00:00,2021-04-24 14:00:00,2021-04-24 14:00:00,365,1
823,2021-04-24 14:00:00,Naive,14,-0.9676079735867524,0.20141409127842624,2020-04-24 14:00:00,2021-04-24 14:00:00,2021-04-24 14:00:00,365,1
824,2021-04-25 14:00:00,Decision Tree,14,-1.8398284549836024,-1.9173538467868554,2020-04-25 14:00:00,2021-04-25 14:00:00,2021-04-25 14:00:00,365,1
825,2021-04-25 14:00:00,Random Forest,14,-1.8398284549836024,-1.8822981737244306,2020-04-25 14:00:00,2021-04-25 14:00:00,2021-04-25 14:00:00,365,1
826,2021-04-25 14:00:00,Neural Network,14,-1.8398284549836024,-1.8120186287267568,2020-04-25 14:00:00,2021-04-25 14:00:00,2021-04-25 14:00:00,365,1
827,2021-04-25 14:00:00,Naive,14,-1.8398284549836024,-0.9676079735867524,2020-04-25 14:00:00,2021-04-25 14:00:00,2021-04-25 14:00:00,365,1
828,2021-04-26 14:00:00,Decision Tree,14,0.7996503651531897,0.8324738229023086,2020-04-26 14:00:00,2021-04-26 14:00:00,2021-04-26 14:00:00,365,1
829,2021-04-26 14:00:00,Random Forest,14,0.7996503651531897,0.840902936122037,2020-04-26 14:00:00,2021-04-26 14:00:00,2021-04-26 14:00:00,365,1
830,2021-04-26 14:00:00,Neural Network,14,0.7996503651531897,0.7628850826638353,2020-04-26 14:00:00,2021-04-26 14:00:00,2021-04-26 14:00:00,365,1
831,2021-04-26 14:00:00,Naive,14,0.7996503651531897,-1.8398284549836024,2020-04-26 14:00:00,2021-04-26 14:00:00,2021-04-26 14:00:00,365,1
832,2021-04-27 14:00:00,Decision Tree,14,0.653964130236333,0.7013333365876868,2020-04-27 14:00:00,2021-04-27 14:00:00,2021-04-27 14:00:00,365,1
833,2021-04-27 14:00:00,Random Forest,14,0.653964130236333,0.6779709754345291,2020-04-27 14:00:00,2021-04-27 14:00:00,2021-04-27 14:00:00,365,1
834,2021-04-27 14:00:00,Neural Network,14,0.653964130236333,0.5122041214449392,2020-04-27 14:00:00,2021-04-27 14:00:00,2021-04-27 14:00:00,365,1
835,2021-04-27 14:00:00,Naive,14,0.653964130236333,0.7996503651531897,2020-04-27 14:00:00,2021-04-27 14:00:00,2021-04-27 14:00:00,365,1
836,2021-04-28 14:00:00,Decision Tree,14,0.9202543685097389,1.0002654766232655,2020-04-28 14:00:00,2021-04-28 14:00:00,2021-04-28 14:00:00,365,1
837,2021-04-28 14:00:00,Random Forest,14,0.9202543685097389,0.9829322194457505,2020-04-28 14:00:00,2021-04-28 14:00:00,2021-04-28 14:00:00,365,1
838,2021-04-28 14:00:00,Neural Network,14,0.9202543685097389,0.9407767663959697,2020-04-28 14:00:00,2021-04-28 14:00:00,2021-04-28 14:00:00,365,1
839,2021-04-28 14:00:00,Naive,14,0.9202543685097389,0.653964130236333,2020-04-28 14:00:00,2021-04-28 14:00:00,2021-04-28 14:00:00,365,1
840,2021-04-29 14:00:00,Decision Tree,14,0.7013024191203047,0.7739228245091901,2020-04-29 14:00:00,2021-04-29 14:00:00,2021-04-29 14:00:00,365,1
841,2021-04-29 14:00:00,Random Forest,14,0.7013024191203047,0.7569701450841406,2020-04-29 14:00:00,2021-04-29 14:00:00,2021-04-29 14:00:00,365,1
842,2021-04-29 14:00:00,Neural Network,14,0.7013024191203047,0.43703159318748036,2020-04-29 14:00:00,2021-04-29 14:00:00,2021-04-29 14:00:00,365,1
843,2021-04-29 14:00:00,Naive,14,0.7013024191203047,0.9202543685097389,2020-04-29 14:00:00,2021-04-29 14:00:00,2021-04-29 14:00:00,365,1
844,2021-04-30 14:00:00,Decision Tree,14,1.29705732334014,1.4234759704168096,2020-04-30 14:00:00,2021-04-30 14:00:00,2021-04-30 14:00:00,365,1
845,2021-04-30 14:00:00,Random Forest,14,1.29705732334014,1.3873390760098097,2020-04-30 14:00:00,2021-04-30 14:00:00,2021-04-30 14:00:00,365,1
846,2021-04-30 14:00:00,Neural Network,14,1.29705732334014,1.3036799062852975,2020-04-30 14:00:00,2021-04-30 14:00:00,2021-04-30 14:00:00,365,1
847,2021-04-30 14:00:00,Naive,14,1.29705732334014,0.7013024191203047,2020-04-30 14:00:00,2021-04-30 14:00:00,2021-04-30 14:00:00,365,1
848,2021-05-01 14:00:00,Decision Tree,14,0.7805211161757047,0.8270032466107887,2020-05-01 14:00:00,2021-05-01 14:00:00,2021-05-01 14:00:00,365,1
849,2021-05-01 14:00:00,Random Forest,14,0.7805211161757047,0.8272675261927778,2020-05-01 14:00:00,2021-05-01 14:00:00,2021-05-01 14:00:00,365,1
850,2021-05-01 14:00:00,Neural Network,14,0.7805211161757047,0.07103301320539712,2020-05-01 14:00:00,2021-05-01 14:00:00,2021-05-01 14:00:00,365,1
851,2021-05-01 14:00:00,Naive,14,0.7805211161757047,1.29705732334014,2020-05-01 14:00:00,2021-05-01 14:00:00,2021-05-01 14:00:00,365,1
852,2021-05-02 14:00:00,Decision Tree,14,-1.578211041004042,-1.543192844791895,2020-05-02 14:00:00,2021-05-02 14:00:00,2021-05-02 14:00:00,365,1
853,2021-05-02 14:00:00,Random Forest,14,-1.578211041004042,-1.5957193851120242,2020-05-02 14:00:00,2021-05-02 14:00:00,2021-05-02 14:00:00,365,1
854,2021-05-02 14:00:00,Neural Network,14,-1.578211041004042,-1.5046956231049822,2020-05-02 14:00:00,2021-05-02 14:00:00,2021-05-02 14:00:00,365,1
855,2021-05-02 14:00:00,Naive,14,-1.578211041004042,0.7805211161757047,2020-05-02 14:00:00,2021-05-02 14:00:00,2021-05-02 14:00:00,365,1
856,2021-05-03 14:00:00,Decision Tree,14,0.9082531000137701,0.9367551937718115,2020-05-03 14:00:00,2021-05-03 14:00:00,2021-05-03 14:00:00,365,1
857,2021-05-03 14:00:00,Random Forest,14,0.9082531000137701,0.9639434540713578,2020-05-03 14:00:00,2021-05-03 14:00:00,2021-05-03 14:00:00,365,1
858,2021-05-03 14:00:00,Neural Network,14,0.9082531000137701,0.6693252913078978,2020-05-03 14:00:00,2021-05-03 14:00:00,2021-05-03 14:00:00,365,1
859,2021-05-03 14:00:00,Naive,14,0.9082531000137701,-1.578211041004042,2020-05-03 14:00:00,2021-05-03 14:00:00,2021-05-03 14:00:00,365,1
860,2021-05-04 14:00:00,Decision Tree,14,-1.6000039497999947,-1.6473475162994473,2020-05-04 14:00:00,2021-05-04 14:00:00,2021-05-04 14:00:00,365,1
861,2021-05-04 14:00:00,Random Forest,14,-1.6000039497999947,-1.6234500105529597,2020-05-04 14:00:00,2021-05-04 14:00:00,2021-05-04 14:00:00,365,1
862,2021-05-04 14:00:00,Neural Network,14,-1.6000039497999947,-1.5905293093231412,2020-05-04 14:00:00,2021-05-04 14:00:00,2021-05-04 14:00:00,365,1
863,2021-05-04 14:00:00,Naive,14,-1.6000039497999947,0.9082531000137701,2020-05-04 14:00:00,2021-05-04 14:00:00,2021-05-04 14:00:00,365,1
864,2021-05-05 14:00:00,Decision Tree,14,-2.3269210617839917,-2.383688535841332,2020-05-05 14:00:00,2021-05-05 14:00:00,2021-05-05 14:00:00,365,1
865,2021-05-05 14:00:00,Random Forest,14,-2.3269210617839917,-2.367809163775302,2020-05-05 14:00:00,2021-05-05 14:00:00,2021-05-05 14:00:00,365,1
866,2021-05-05 14:00:00,Neural Network,14,-2.3269210617839917,-2.235741172339185,2020-05-05 14:00:00,2021-05-05 14:00:00,2021-05-05 14:00:00,365,1
867,2021-05-05 14:00:00,Naive,14,-2.3269210617839917,-1.6000039497999947,2020-05-05 14:00:00,2021-05-05 14:00:00,2021-05-05 14:00:00,365,1
868,2021-05-06 14:00:00,Decision Tree,14,1.2872289553934442,1.4234759704168096,2020-05-06 14:00:00,2021-05-06 14:00:00,2021-05-06 14:00:00,365,1
869,2021-05-06 14:00:00,Random Forest,14,1.2872289553934442,1.3719314037616293,2020-05-06 14:00:00,2021-05-06 14:00:00,2021-05-06 14:00:00,365,1
870,2021-05-06 14:00:00,Neural Network,14,1.2872289553934442,1.051165372936605,2020-05-06 14:00:00,2021-05-06 14:00:00,2021-05-06 14:00:00,365,1
871,2021-05-06 14:00:00,Naive,14,1.2872289553934442,-2.3269210617839917,2020-05-06 14:00:00,2021-05-06 14:00:00,2021-05-06 14:00:00,365,1
872,2021-05-07 14:00:00,Decision Tree,14,1.039938078218772,1.152118485600653,2020-05-07 14:00:00,2021-05-07 14:00:00,2021-05-07 14:00:00,365,1
873,2021-05-07 14:00:00,Random Forest,14,1.039938078218772,1.1707518749963306,2020-05-07 14:00:00,2021-05-07 14:00:00,2021-05-07 14:00:00,365,1
874,2021-05-07 14:00:00,Neural Network,14,1.039938078218772,0.66783792539062,2020-05-07 14:00:00,2021-05-07 14:00:00,2021-05-07 14:00:00,365,1
875,2021-05-07 14:00:00,Naive,14,1.039938078218772,1.2872289553934442,2020-05-07 14:00:00,2021-05-07 14:00:00,2021-05-07 14:00:00,365,1
876,2021-05-08 14:00:00,Decision Tree,14,-1.18779860698348,-1.1899123844226955,2020-05-08 14:00:00,2021-05-08 14:00:00,2021-05-08 14:00:00,365,1
877,2021-05-08 14:00:00,Random Forest,14,-1.18779860698348,-1.1944042804108814,2020-05-08 14:00:00,2021-05-08 14:00:00,2021-05-08 14:00:00,365,1
878,2021-05-08 14:00:00,Neural Network,14,-1.18779860698348,-1.0183391774056816,2020-05-08 14:00:00,2021-05-08 14:00:00,2021-05-08 14:00:00,365,1
879,2021-05-08 14:00:00,Naive,14,-1.18779860698348,1.039938078218772,2020-05-08 14:00:00,2021-05-08 14:00:00,2021-05-08 14:00:00,365,1
880,2021-05-09 14:00:00,Decision Tree,14,-2.6542207829605995,-2.6020507493355565,2020-05-09 14:00:00,2021-05-09 14:00:00,2021-05-09 14:00:00,365,1
881,2021-05-09 14:00:00,Random Forest,14,-2.6542207829605995,-2.5819088193083206,2020-05-09 14:00:00,2021-05-09 14:00:00,2021-05-09 14:00:00,365,1
882,2021-05-09 14:00:00,Neural Network,14,-2.6542207829605995,-3.1992190962496867,2020-05-09 14:00:00,2021-05-09 14:00:00,2021-05-09 14:00:00,365,1
883,2021-05-09 14:00:00,Naive,14,-2.6542207829605995,-1.18779860698348,2020-05-09 14:00:00,2021-05-09 14:00:00,2021-05-09 14:00:00,365,1
884,2021-05-10 14:00:00,Decision Tree,14,0.7235858536143404,0.6960243370733699,2020-05-10 14:00:00,2021-05-10 14:00:00,2021-05-10 14:00:00,365,1
885,2021-05-10 14:00:00,Random Forest,14,0.7235858536143404,0.7593232317789691,2020-05-10 14:00:00,2021-05-10 14:00:00,2021-05-10 14:00:00,365,1
886,2021-05-10 14:00:00,Neural Network,14,0.7235858536143404,0.6806681524142254,2020-05-10 14:00:00,2021-05-10 14:00:00,2021-05-10 14:00:00,365,1
887,2021-05-10 14:00:00,Naive,14,0.7235858536143404,-2.6542207829605995,2020-05-10 14:00:00,2021-05-10 14:00:00,2021-05-10 14:00:00,365,1
888,2021-05-11 14:00:00,Decision Tree,14,1.3122752455562245,1.3289399716431078,2020-05-11 14:00:00,2021-05-11 14:00:00,2021-05-11 14:00:00,365,1
889,2021-05-11 14:00:00,Random Forest,14,1.3122752455562245,1.3633425973630264,2020-05-11 14:00:00,2021-05-11 14:00:00,2021-05-11 14:00:00,365,1
890,2021-05-11 14:00:00,Neural Network,14,1.3122752455562245,1.3669206320869633,2020-05-11 14:00:00,2021-05-11 14:00:00,2021-05-11 14:00:00,365,1
891,2021-05-11 14:00:00,Naive,14,1.3122752455562245,0.7235858536143404,2020-05-11 14:00:00,2021-05-11 14:00:00,2021-05-11 14:00:00,365,1
892,2021-05-12 14:00:00,Decision Tree,14,1.275256612840237,1.3067545375394696,2020-05-12 14:00:00,2021-05-12 14:00:00,2021-05-12 14:00:00,365,1
893,2021-05-12 14:00:00,Random Forest,14,1.275256612840237,1.3239982406962678,2020-05-12 14:00:00,2021-05-12 14:00:00,2021-05-12 14:00:00,365,1
894,2021-05-12 14:00:00,Neural Network,14,1.275256612840237,1.3566252034356927,2020-05-12 14:00:00,2021-05-12 14:00:00,2021-05-12 14:00:00,365,1
895,2021-05-12 14:00:00,Naive,14,1.275256612840237,1.3122752455562245,2020-05-12 14:00:00,2021-05-12 14:00:00,2021-05-12 14:00:00,365,1
896,2021-05-13 14:00:00,Decision Tree,14,0.7967531138411789,0.8787116411048445,2020-05-13 14:00:00,2021-05-13 14:00:00,2021-05-13 14:00:00,365,1
897,2021-05-13 14:00:00,Random Forest,14,0.7967531138411789,0.8733784496533531,2020-05-13 14:00:00,2021-05-13 14:00:00,2021-05-13 14:00:00,365,1
898,2021-05-13 14:00:00,Neural Network,14,0.7967531138411789,0.40938510225787733,2020-05-13 14:00:00,2021-05-13 14:00:00,2021-05-13 14:00:00,365,1
899,2021-05-13 14:00:00,Naive,14,0.7967531138411789,1.275256612840237,2020-05-13 14:00:00,2021-05-13 14:00:00,2021-05-13 14:00:00,365,1
900,2021-05-14 14:00:00,Decision Tree,14,1.2941656917734075,1.3015048834229308,2020-05-14 14:00:00,2021-05-14 14:00:00,2021-05-14 14:00:00,365,1
901,2021-05-14 14:00:00,Random Forest,14,1.2941656917734075,1.3038406897915908,2020-05-14 14:00:00,2021-05-14 14:00:00,2021-05-14 14:00:00,365,1
902,2021-05-14 14:00:00,Neural Network,14,1.2941656917734075,0.8383714803223554,2020-05-14 14:00:00,2021-05-14 14:00:00,2021-05-14 14:00:00,365,1
903,2021-05-14 14:00:00,Naive,14,1.2941656917734075,0.7967531138411789,2020-05-14 14:00:00,2021-05-14 14:00:00,2021-05-14 14:00:00,365,1
904,2021-05-15 14:00:00,Decision Tree,14,0.5792927454391049,0.6661080459252519,2020-05-15 14:00:00,2021-05-15 14:00:00,2021-05-15 14:00:00,365,1
905,2021-05-15 14:00:00,Random Forest,14,0.5792927454391049,0.6305868444299743,2020-05-15 14:00:00,2021-05-15 14:00:00,2021-05-15 14:00:00,365,1
906,2021-05-15 14:00:00,Neural Network,14,0.5792927454391049,0.41390934905399984,2020-05-15 14:00:00,2021-05-15 14:00:00,2021-05-15 14:00:00,365,1
907,2021-05-15 14:00:00,Naive,14,0.5792927454391049,1.2941656917734075,2020-05-15 14:00:00,2021-05-15 14:00:00,2021-05-15 14:00:00,365,1
908,2021-05-16 14:00:00,Decision Tree,14,-1.57107846301608,-1.5670770252367718,2020-05-16 14:00:00,2021-05-16 14:00:00,2021-05-16 14:00:00,365,1
909,2021-05-16 14:00:00,Random Forest,14,-1.57107846301608,-1.5870208945286062,2020-05-16 14:00:00,2021-05-16 14:00:00,2021-05-16 14:00:00,365,1
910,2021-05-16 14:00:00,Neural Network,14,-1.57107846301608,-1.3589924078416384,2020-05-16 14:00:00,2021-05-16 14:00:00,2021-05-16 14:00:00,365,1
911,2021-05-16 14:00:00,Naive,14,-1.57107846301608,0.5792927454391049,2020-05-16 14:00:00,2021-05-16 14:00:00,2021-05-16 14:00:00,365,1
912,2021-05-17 14:00:00,Decision Tree,14,1.398388404621395,1.591042483501053,2020-05-17 14:00:00,2021-05-17 14:00:00,2021-05-17 14:00:00,365,1
913,2021-05-17 14:00:00,Random Forest,14,1.398388404621395,1.5680964444300265,2020-05-17 14:00:00,2021-05-17 14:00:00,2021-05-17 14:00:00,365,1
914,2021-05-17 14:00:00,Neural Network,14,1.398388404621395,1.5199412450250427,2020-05-17 14:00:00,2021-05-17 14:00:00,2021-05-17 14:00:00,365,1
915,2021-05-17 14:00:00,Naive,14,1.398388404621395,-1.57107846301608,2020-05-17 14:00:00,2021-05-17 14:00:00,2021-05-17 14:00:00,365,1
916,2021-05-18 14:00:00,Decision Tree,14,1.3486792164646653,1.4634398695287063,2020-05-18 14:00:00,2021-05-18 14:00:00,2021-05-18 14:00:00,365,1
917,2021-05-18 14:00:00,Random Forest,14,1.3486792164646653,1.3868088173923563,2020-05-18 14:00:00,2021-05-18 14:00:00,2021-05-18 14:00:00,365,1
918,2021-05-18 14:00:00,Neural Network,14,1.3486792164646653,1.4713574948918706,2020-05-18 14:00:00,2021-05-18 14:00:00,2021-05-18 14:00:00,365,1
919,2021-05-18 14:00:00,Naive,14,1.3486792164646653,1.398388404621395,2020-05-18 14:00:00,2021-05-18 14:00:00,2021-05-18 14:00:00,365,1
920,2021-05-19 14:00:00,Decision Tree,14,1.3908247584920588,1.6001760814316877,2020-05-19 14:00:00,2021-05-19 14:00:00,2021-05-19 14:00:00,365,1
921,2021-05-19 14:00:00,Random Forest,14,1.3908247584920588,1.4558321234563059,2020-05-19 14:00:00,2021-05-19 14:00:00,2021-05-19 14:00:00,365,1
922,2021-05-19 14:00:00,Neural Network,14,1.3908247584920588,1.521615333913995,2020-05-19 14:00:00,2021-05-19 14:00:00,2021-05-19 14:00:00,365,1
923,2021-05-19 14:00:00,Naive,14,1.3908247584920588,1.3486792164646653,2020-05-19 14:00:00,2021-05-19 14:00:00,2021-05-19 14:00:00,365,1
924,2021-05-20 14:00:00,Decision Tree,14,1.0225027667580882,1.2019506003720049,2020-05-20 14:00:00,2021-05-20 14:00:00,2021-05-20 14:00:00,365,1
925,2021-05-20 14:00:00,Random Forest,14,1.0225027667580882,1.1562089390219994,2020-05-20 14:00:00,2021-05-20 14:00:00,2021-05-20 14:00:00,365,1
926,2021-05-20 14:00:00,Neural Network,14,1.0225027667580882,1.0726705644771029,2020-05-20 14:00:00,2021-05-20 14:00:00,2021-05-20 14:00:00,365,1
927,2021-05-20 14:00:00,Naive,14,1.0225027667580882,1.3908247584920588,2020-05-20 14:00:00,2021-05-20 14:00:00,2021-05-20 14:00:00,365,1
928,2021-05-21 14:00:00,Decision Tree,14,-1.8443122708168984,-1.8824345861285283,2020-05-21 14:00:00,2021-05-21 14:00:00,2021-05-21 14:00:00,365,1
929,2021-05-21 14:00:00,Random Forest,14,-1.8443122708168984,-1.9101682411285321,2020-05-21 14:00:00,2021-05-21 14:00:00,2021-05-21 14:00:00,365,1
930,2021-05-21 14:00:00,Neural Network,14,-1.8443122708168984,-1.7884057477182842,2020-05-21 14:00:00,2021-05-21 14:00:00,2021-05-21 14:00:00,365,1
931,2021-05-21 14:00:00,Naive,14,-1.8443122708168984,1.0225027667580882,2020-05-21 14:00:00,2021-05-21 14:00:00,2021-05-21 14:00:00,365,1
932,2021-05-22 14:00:00,Decision Tree,14,-2.6554843897591547,-2.634832930042311,2020-05-22 14:00:00,2021-05-22 14:00:00,2021-05-22 14:00:00,365,1
933,2021-05-22 14:00:00,Random Forest,14,-2.6554843897591547,-2.631625092465031,2020-05-22 14:00:00,2021-05-22 14:00:00,2021-05-22 14:00:00,365,1
934,2021-05-22 14:00:00,Neural Network,14,-2.6554843897591547,-2.672533908823814,2020-05-22 14:00:00,2021-05-22 14:00:00,2021-05-22 14:00:00,365,1
935,2021-05-22 14:00:00,Naive,14,-2.6554843897591547,-1.8443122708168984,2020-05-22 14:00:00,2021-05-22 14:00:00,2021-05-22 14:00:00,365,1
936,2021-05-23 14:00:00,Decision Tree,14,-2.120207255696608,-2.3899202695323516,2020-05-23 14:00:00,2021-05-23 14:00:00,2021-05-23 14:00:00,365,1
937,2021-05-23 14:00:00,Random Forest,14,-2.120207255696608,-2.343596287900682,2020-05-23 14:00:00,2021-05-23 14:00:00,2021-05-23 14:00:00,365,1
938,2021-05-23 14:00:00,Neural Network,14,-2.120207255696608,-2.2059388059093017,2020-05-23 14:00:00,2021-05-23 14:00:00,2021-05-23 14:00:00,365,1
939,2021-05-23 14:00:00,Naive,14,-2.120207255696608,-2.6554843897591547,2020-05-23 14:00:00,2021-05-23 14:00:00,2021-05-23 14:00:00,365,1
940,2021-05-24 14:00:00,Decision Tree,14,-1.3277865732990135,-1.4397209088344745,2020-05-24 14:00:00,2021-05-24 14:00:00,2021-05-24 14:00:00,365,1
941,2021-05-24 14:00:00,Random Forest,14,-1.3277865732990135,-1.3944843163570577,2020-05-24 14:00:00,2021-05-24 14:00:00,2021-05-24 14:00:00,365,1
942,2021-05-24 14:00:00,Neural Network,14,-1.3277865732990135,-1.5265356994379193,2020-05-24 14:00:00,2021-05-24 14:00:00,2021-05-24 14:00:00,365,1
943,2021-05-24 14:00:00,Naive,14,-1.3277865732990135,-2.120207255696608,2020-05-24 14:00:00,2021-05-24 14:00:00,2021-05-24 14:00:00,365,1
944,2021-05-25 14:00:00,Decision Tree,14,0.3855593885406794,0.4309442701506311,2020-05-25 14:00:00,2021-05-25 14:00:00,2021-05-25 14:00:00,365,1
945,2021-05-25 14:00:00,Random Forest,14,0.3855593885406794,0.42635294941146007,2020-05-25 14:00:00,2021-05-25 14:00:00,2021-05-25 14:00:00,365,1
946,2021-05-25 14:00:00,Neural Network,14,0.3855593885406794,0.24433794222336355,2020-05-25 14:00:00,2021-05-25 14:00:00,2021-05-25 14:00:00,365,1
947,2021-05-25 14:00:00,Naive,14,0.3855593885406794,-1.3277865732990135,2020-05-25 14:00:00,2021-05-25 14:00:00,2021-05-25 14:00:00,365,1
948,2021-05-26 14:00:00,Decision Tree,14,1.0038782002924196,1.0743687352524514,2020-05-26 14:00:00,2021-05-26 14:00:00,2021-05-26 14:00:00,365,1
949,2021-05-26 14:00:00,Random Forest,14,1.0038782002924196,1.073603168471901,2020-05-26 14:00:00,2021-05-26 14:00:00,2021-05-26 14:00:00,365,1
950,2021-05-26 14:00:00,Neural Network,14,1.0038782002924196,0.8138330404589273,2020-05-26 14:00:00,2021-05-26 14:00:00,2021-05-26 14:00:00,365,1
951,2021-05-26 14:00:00,Naive,14,1.0038782002924196,0.3855593885406794,2020-05-26 14:00:00,2021-05-26 14:00:00,2021-05-26 14:00:00,365,1
952,2021-05-27 14:00:00,Decision Tree,14,1.2699215725984139,1.306484276096957,2020-05-27 14:00:00,2021-05-27 14:00:00,2021-05-27 14:00:00,365,1
953,2021-05-27 14:00:00,Random Forest,14,1.2699215725984139,1.301201199987674,2020-05-27 14:00:00,2021-05-27 14:00:00,2021-05-27 14:00:00,365,1
954,2021-05-27 14:00:00,Neural Network,14,1.2699215725984139,1.301061222091771,2020-05-27 14:00:00,2021-05-27 14:00:00,2021-05-27 14:00:00,365,1
955,2021-05-27 14:00:00,Naive,14,1.2699215725984139,1.0038782002924196,2020-05-27 14:00:00,2021-05-27 14:00:00,2021-05-27 14:00:00,365,1
956,2021-05-28 14:00:00,Decision Tree,14,1.1795265000290538,1.302421753486008,2020-05-28 14:00:00,2021-05-28 14:00:00,2021-05-28 14:00:00,365,1
957,2021-05-28 14:00:00,Random Forest,14,1.1795265000290538,1.2806869201358586,2020-05-28 14:00:00,2021-05-28 14:00:00,2021-05-28 14:00:00,365,1
958,2021-05-28 14:00:00,Neural Network,14,1.1795265000290538,1.1665424297087104,2020-05-28 14:00:00,2021-05-28 14:00:00,2021-05-28 14:00:00,365,1
959,2021-05-28 14:00:00,Naive,14,1.1795265000290538,1.2699215725984139,2020-05-28 14:00:00,2021-05-28 14:00:00,2021-05-28 14:00:00,365,1
960,2021-05-29 14:00:00,Decision Tree,14,-1.1428704196574868,-1.180507959470383,2020-05-29 14:00:00,2021-05-29 14:00:00,2021-05-29 14:00:00,365,1
961,2021-05-29 14:00:00,Random Forest,14,-1.1428704196574868,-1.1756208079799886,2020-05-29 14:00:00,2021-05-29 14:00:00,2021-05-29 14:00:00,365,1
962,2021-05-29 14:00:00,Neural Network,14,-1.1428704196574868,-0.9662858470020081,2020-05-29 14:00:00,2021-05-29 14:00:00,2021-05-29 14:00:00,365,1
963,2021-05-29 14:00:00,Naive,14,-1.1428704196574868,1.1795265000290538,2020-05-29 14:00:00,2021-05-29 14:00:00,2021-05-29 14:00:00,365,1
964,2021-05-30 14:00:00,Decision Tree,14,-1.972020988645105,-1.9036497844718157,2020-05-30 14:00:00,2021-05-30 14:00:00,2021-05-30 14:00:00,365,1
965,2021-05-30 14:00:00,Random Forest,14,-1.972020988645105,-1.9270400413556115,2020-05-30 14:00:00,2021-05-30 14:00:00,2021-05-30 14:00:00,365,1
966,2021-05-30 14:00:00,Neural Network,14,-1.972020988645105,-1.9110550593000581,2020-05-30 14:00:00,2021-05-30 14:00:00,2021-05-30 14:00:00,365,1
967,2021-05-30 14:00:00,Naive,14,-1.972020988645105,-1.1428704196574868,2020-05-30 14:00:00,2021-05-30 14:00:00,2021-05-30 14:00:00,365,1
968,2021-05-31 14:00:00,Decision Tree,14,1.0010899537412115,1.0075361477742655,2020-05-31 14:00:00,2021-05-31 14:00:00,2021-05-31 14:00:00,365,1
969,2021-05-31 14:00:00,Random Forest,14,1.0010899537412115,1.0714539004307515,2020-05-31 14:00:00,2021-05-31 14:00:00,2021-05-31 14:00:00,365,1
970,2021-05-31 14:00:00,Neural Network,14,1.0010899537412115,1.0879042095254536,2020-05-31 14:00:00,2021-05-31 14:00:00,2021-05-31 14:00:00,365,1
971,2021-05-31 14:00:00,Naive,14,1.0010899537412115,-1.972020988645105,2020-05-31 14:00:00,2021-05-31 14:00:00,2021-05-31 14:00:00,365,1
972,2021-06-01 14:00:00,Decision Tree,14,1.053575528870798,1.208247706446762,2020-06-01 14:00:00,2021-06-01 14:00:00,2021-06-01 14:00:00,365,1
973,2021-06-01 14:00:00,Random Forest,14,1.053575528870798,1.1987491792873128,2020-06-01 14:00:00,2021-06-01 14:00:00,2021-06-01 14:00:00,365,1
974,2021-06-01 14:00:00,Neural Network,14,1.053575528870798,0.9984834098793965,2020-06-01 14:00:00,2021-06-01 14:00:00,2021-06-01 14:00:00,365,1
975,2021-06-01 14:00:00,Naive,14,1.053575528870798,1.0010899537412115,2020-06-01 14:00:00,2021-06-01 14:00:00,2021-06-01 14:00:00,365,1
976,2021-06-02 14:00:00,Decision Tree,14,0.9829967341542156,1.0119353907813187,2020-06-02 14:00:00,2021-06-02 14:00:00,2021-06-02 14:00:00,365,1
977,2021-06-02 14:00:00,Random Forest,14,0.9829967341542156,1.0402195661412825,2020-06-02 14:00:00,2021-06-02 14:00:00,2021-06-02 14:00:00,365,1
978,2021-06-02 14:00:00,Neural Network,14,0.9829967341542156,0.8046063645013601,2020-06-02 14:00:00,2021-06-02 14:00:00,2021-06-02 14:00:00,365,1
979,2021-06-02 14:00:00,Naive,14,0.9829967341542156,1.053575528870798,2020-06-02 14:00:00,2021-06-02 14:00:00,2021-06-02 14:00:00,365,1
980,2021-06-03 14:00:00,Decision Tree,14,1.0219539801847284,1.0478094271205423,2020-06-03 14:00:00,2021-06-03 14:00:00,2021-06-03 14:00:00,365,1
981,2021-06-03 14:00:00,Random Forest,14,1.0219539801847284,1.1009045774279536,2020-06-03 14:00:00,2021-06-03 14:00:00,2021-06-03 14:00:00,365,1
982,2021-06-03 14:00:00,Neural Network,14,1.0219539801847284,0.8953655995577826,2020-06-03 14:00:00,2021-06-03 14:00:00,2021-06-03 14:00:00,365,1
983,2021-06-03 14:00:00,Naive,14,1.0219539801847284,0.9829967341542156,2020-06-03 14:00:00,2021-06-03 14:00:00,2021-06-03 14:00:00,365,1
984,2021-06-04 14:00:00,Decision Tree,14,1.3154288342394294,1.3024217534860076,2020-06-04 14:00:00,2021-06-04 14:00:00,2021-06-04 14:00:00,365,1
985,2021-06-04 14:00:00,Random Forest,14,1.3154288342394294,1.3716891938023414,2020-06-04 14:00:00,2021-06-04 14:00:00,2021-06-04 14:00:00,365,1
986,2021-06-04 14:00:00,Neural Network,14,1.3154288342394294,1.4495386207978618,2020-06-04 14:00:00,2021-06-04 14:00:00,2021-06-04 14:00:00,365,1
987,2021-06-04 14:00:00,Naive,14,1.3154288342394294,1.0219539801847284,2020-06-04 14:00:00,2021-06-04 14:00:00,2021-06-04 14:00:00,365,1
988,2021-06-05 14:00:00,Decision Tree,14,0.9082878392695343,1.007073234734916,2020-06-05 14:00:00,2021-06-05 14:00:00,2021-06-05 14:00:00,365,1
989,2021-06-05 14:00:00,Random Forest,14,0.9082878392695343,1.0200075031474685,2020-06-05 14:00:00,2021-06-05 14:00:00,2021-06-05 14:00:00,365,1
990,2021-06-05 14:00:00,Neural Network,14,0.9082878392695343,0.8230760485916023,2020-06-05 14:00:00,2021-06-05 14:00:00,2021-06-05 14:00:00,365,1
991,2021-06-05 14:00:00,Naive,14,0.9082878392695343,1.3154288342394294,2020-06-05 14:00:00,2021-06-05 14:00:00,2021-06-05 14:00:00,365,1
992,2021-06-06 14:00:00,Decision Tree,14,0.6909041825853247,0.8203629422629196,2020-06-06 14:00:00,2021-06-06 14:00:00,2021-06-06 14:00:00,365,1
993,2021-06-06 14:00:00,Random Forest,14,0.6909041825853247,0.8149831503736656,2020-06-06 14:00:00,2021-06-06 14:00:00,2021-06-06 14:00:00,365,1
994,2021-06-06 14:00:00,Neural Network,14,0.6909041825853247,0.4667381657272448,2020-06-06 14:00:00,2021-06-06 14:00:00,2021-06-06 14:00:00,365,1
995,2021-06-06 14:00:00,Naive,14,0.6909041825853247,0.9082878392695343,2020-06-06 14:00:00,2021-06-06 14:00:00,2021-06-06 14:00:00,365,1
996,2021-06-07 14:00:00,Decision Tree,14,1.6714362603846182,1.724128479941063,2020-06-07 14:00:00,2021-06-07 14:00:00,2021-06-07 14:00:00,365,1
997,2021-06-07 14:00:00,Random Forest,14,1.6714362603846182,1.866374159404713,2020-06-07 14:00:00,2021-06-07 14:00:00,2021-06-07 14:00:00,365,1
998,2021-06-07 14:00:00,Neural Network,14,1.6714362603846182,1.7561033541593898,2020-06-07 14:00:00,2021-06-07 14:00:00,2021-06-07 14:00:00,365,1
999,2021-06-07 14:00:00,Naive,14,1.6714362603846182,0.6909041825853247,2020-06-07 14:00:00,2021-06-07 14:00:00,2021-06-07 14:00:00,365,1
1000,2021-06-08 14:00:00,Decision Tree,14,1.3712704389369912,1.6388907672876,2020-06-08 14:00:00,2021-06-08 14:00:00,2021-06-08 14:00:00,365,1
1001,2021-06-08 14:00:00,Random Forest,14,1.3712704389369912,1.5784495594612824,2020-06-08 14:00:00,2021-06-08 14:00:00,2021-06-08 14:00:00,365,1
1002,2021-06-08 14:00:00,Neural Network,14,1.3712704389369912,1.534467236555413,2020-06-08 14:00:00,2021-06-08 14:00:00,2021-06-08 14:00:00,365,1
1003,2021-06-08 14:00:00,Naive,14,1.3712704389369912,1.6714362603846182,2020-06-08 14:00:00,2021-06-08 14:00:00,2021-06-08 14:00:00,365,1
1004,2021-06-09 14:00:00,Decision Tree,14,1.4759501372987582,1.6388907672876,2020-06-09 14:00:00,2021-06-09 14:00:00,2021-06-09 14:00:00,365,1
1005,2021-06-09 14:00:00,Random Forest,14,1.4759501372987582,1.651253621009729,2020-06-09 14:00:00,2021-06-09 14:00:00,2021-06-09 14:00:00,365,1
1006,2021-06-09 14:00:00,Neural Network,14,1.4759501372987582,1.7420621411713109,2020-06-09 14:00:00,2021-06-09 14:00:00,2021-06-09 14:00:00,365,1
1007,2021-06-09 14:00:00,Naive,14,1.4759501372987582,1.3712704389369912,2020-06-09 14:00:00,2021-06-09 14:00:00,2021-06-09 14:00:00,365,1
1008,2021-06-10 14:00:00,Decision Tree,14,1.3696700416432355,1.3649183305509078,2020-06-10 14:00:00,2021-06-10 14:00:00,2021-06-10 14:00:00,365,1
1009,2021-06-10 14:00:00,Random Forest,14,1.3696700416432355,1.4380292894716105,2020-06-10 14:00:00,2021-06-10 14:00:00,2021-06-10 14:00:00,365,1
1010,2021-06-10 14:00:00,Neural Network,14,1.3696700416432355,1.5569159473672591,2020-06-10 14:00:00,2021-06-10 14:00:00,2021-06-10 14:00:00,365,1
1011,2021-06-10 14:00:00,Naive,14,1.3696700416432355,1.4759501372987582,2020-06-10 14:00:00,2021-06-10 14:00:00,2021-06-10 14:00:00,365,1
1012,2021-06-11 14:00:00,Decision Tree,14,1.3758553181088267,1.3657102823996292,2020-06-11 14:00:00,2021-06-11 14:00:00,2021-06-11 14:00:00,365,1
1013,2021-06-11 14:00:00,Random Forest,14,1.3758553181088267,1.4279443792187598,2020-06-11 14:00:00,2021-06-11 14:00:00,2021-06-11 14:00:00,365,1
1014,2021-06-11 14:00:00,Neural Network,14,1.3758553181088267,1.3009938447085008,2020-06-11 14:00:00,2021-06-11 14:00:00,2021-06-11 14:00:00,365,1
1015,2021-06-11 14:00:00,Naive,14,1.3758553181088267,1.3696700416432355,2020-06-11 14:00:00,2021-06-11 14:00:00,2021-06-11 14:00:00,365,1
1016,2021-06-12 14:00:00,Decision Tree,14,-2.0343348577583837,-2.596186407161025,2020-06-12 14:00:00,2021-06-12 14:00:00,2021-06-12 14:00:00,365,1
1017,2021-06-12 14:00:00,Random Forest,14,-2.0343348577583837,-2.180020671518956,2020-06-12 14:00:00,2021-06-12 14:00:00,2021-06-12 14:00:00,365,1
1018,2021-06-12 14:00:00,Neural Network,14,-2.0343348577583837,-2.005410993556344,2020-06-12 14:00:00,2021-06-12 14:00:00,2021-06-12 14:00:00,365,1
1019,2021-06-12 14:00:00,Naive,14,-2.0343348577583837,1.3758553181088267,2020-06-12 14:00:00,2021-06-12 14:00:00,2021-06-12 14:00:00,365,1
1020,2021-06-13 14:00:00,Decision Tree,14,-2.2530989138396915,-2.596186407161025,2020-06-13 14:00:00,2021-06-13 14:00:00,2021-06-13 14:00:00,365,1
1021,2021-06-13 14:00:00,Random Forest,14,-2.2530989138396915,-2.3934432936204373,2020-06-13 14:00:00,2021-06-13 14:00:00,2021-06-13 14:00:00,365,1
1022,2021-06-13 14:00:00,Neural Network,14,-2.2530989138396915,-2.2974130284884655,2020-06-13 14:00:00,2021-06-13 14:00:00,2021-06-13 14:00:00,365,1
1023,2021-06-13 14:00:00,Naive,14,-2.2530989138396915,-2.0343348577583837,2020-06-13 14:00:00,2021-06-13 14:00:00,2021-06-13 14:00:00,365,1
1024,2021-06-14 14:00:00,Decision Tree,14,0.8136585323320203,0.932004844812138,2020-06-14 14:00:00,2021-06-14 14:00:00,2021-06-14 14:00:00,365,1
1025,2021-06-14 14:00:00,Random Forest,14,0.8136585323320203,0.9303494367087495,2020-06-14 14:00:00,2021-06-14 14:00:00,2021-06-14 14:00:00,365,1
1026,2021-06-14 14:00:00,Neural Network,14,0.8136585323320203,0.5894182174784868,2020-06-14 14:00:00,2021-06-14 14:00:00,2021-06-14 14:00:00,365,1
1027,2021-06-14 14:00:00,Naive,14,0.8136585323320203,-2.2530989138396915,2020-06-14 14:00:00,2021-06-14 14:00:00,2021-06-14 14:00:00,365,1
1028,2021-06-15 14:00:00,Decision Tree,14,1.544717153076113,1.7872476346505284,2020-06-15 14:00:00,2021-06-15 14:00:00,2021-06-15 14:00:00,365,1
1029,2021-06-15 14:00:00,Random Forest,14,1.544717153076113,1.7161035893069807,2020-06-15 14:00:00,2021-06-15 14:00:00,2021-06-15 14:00:00,365,1
1030,2021-06-15 14:00:00,Neural Network,14,1.544717153076113,1.814648432359186,2020-06-15 14:00:00,2021-06-15 14:00:00,2021-06-15 14:00:00,365,1
1031,2021-06-15 14:00:00,Naive,14,1.544717153076113,0.8136585323320203,2020-06-15 14:00:00,2021-06-15 14:00:00,2021-06-15 14:00:00,365,1
1032,2021-06-16 14:00:00,Decision Tree,14,1.7341194194090168,2.1307685037686004,2020-06-16 14:00:00,2021-06-16 14:00:00,2021-06-16 14:00:00,365,1
1033,2021-06-16 14:00:00,Random Forest,14,1.7341194194090168,1.9464097289962237,2020-06-16 14:00:00,2021-06-16 14:00:00,2021-06-16 14:00:00,365,1
1034,2021-06-16 14:00:00,Neural Network,14,1.7341194194090168,1.9903226496355808,2020-06-16 14:00:00,2021-06-16 14:00:00,2021-06-16 14:00:00,365,1
1035,2021-06-16 14:00:00,Naive,14,1.7341194194090168,1.544717153076113,2020-06-16 14:00:00,2021-06-16 14:00:00,2021-06-16 14:00:00,365,1
1036,2021-06-17 14:00:00,Decision Tree,14,1.1162282007519597,1.2414399608430529,2020-06-17 14:00:00,2021-06-17 14:00:00,2021-06-17 14:00:00,365,1
1037,2021-06-17 14:00:00,Random Forest,14,1.1162282007519597,1.223259057646758,2020-06-17 14:00:00,2021-06-17 14:00:00,2021-06-17 14:00:00,365,1
1038,2021-06-17 14:00:00,Neural Network,14,1.1162282007519597,1.0547271593467233,2020-06-17 14:00:00,2021-06-17 14:00:00,2021-06-17 14:00:00,365,1
1039,2021-06-17 14:00:00,Naive,14,1.1162282007519597,1.7341194194090168,2020-06-17 14:00:00,2021-06-17 14:00:00,2021-06-17 14:00:00,365,1
1040,2021-06-18 14:00:00,Decision Tree,14,1.4029416351994761,1.6178394361979205,2020-06-18 14:00:00,2021-06-18 14:00:00,2021-06-18 14:00:00,365,1
1041,2021-06-18 14:00:00,Random Forest,14,1.4029416351994761,1.5756076669399113,2020-06-18 14:00:00,2021-06-18 14:00:00,2021-06-18 14:00:00,365,1
1042,2021-06-18 14:00:00,Neural Network,14,1.4029416351994761,1.4641577853303225,2020-06-18 14:00:00,2021-06-18 14:00:00,2021-06-18 14:00:00,365,1
1043,2021-06-18 14:00:00,Naive,14,1.4029416351994761,1.1162282007519597,2020-06-18 14:00:00,2021-06-18 14:00:00,2021-06-18 14:00:00,365,1
1044,2021-06-19 14:00:00,Decision Tree,14,0.7716179993347052,0.854465368407328,2020-06-19 14:00:00,2021-06-19 14:00:00,2021-06-19 14:00:00,365,1
1045,2021-06-19 14:00:00,Random Forest,14,0.7716179993347052,0.8788412462922078,2020-06-19 14:00:00,2021-06-19 14:00:00,2021-06-19 14:00:00,365,1
1046,2021-06-19 14:00:00,Neural Network,14,0.7716179993347052,0.48888054220288246,2020-06-19 14:00:00,2021-06-19 14:00:00,2021-06-19 14:00:00,365,1
1047,2021-06-19 14:00:00,Naive,14,0.7716179993347052,1.4029416351994761,2020-06-19 14:00:00,2021-06-19 14:00:00,2021-06-19 14:00:00,365,1
1048,2021-06-20 14:00:00,Decision Tree,14,-0.7514298984735083,-0.7524347194025149,2020-06-20 14:00:00,2021-06-20 14:00:00,2021-06-20 14:00:00,365,1
1049,2021-06-20 14:00:00,Random Forest,14,-0.7514298984735083,-0.7932989509297986,2020-06-20 14:00:00,2021-06-20 14:00:00,2021-06-20 14:00:00,365,1
1050,2021-06-20 14:00:00,Neural Network,14,-0.7514298984735083,-0.7662386535832495,2020-06-20 14:00:00,2021-06-20 14:00:00,2021-06-20 14:00:00,365,1
1051,2021-06-20 14:00:00,Naive,14,-0.7514298984735083,0.7716179993347052,2020-06-20 14:00:00,2021-06-20 14:00:00,2021-06-20 14:00:00,365,1
1052,2021-06-21 14:00:00,Decision Tree,14,1.39861317342478,1.593961902753649,2020-06-21 14:00:00,2021-06-21 14:00:00,2021-06-21 14:00:00,365,1
1053,2021-06-21 14:00:00,Random Forest,14,1.39861317342478,1.4853141948505073,2020-06-21 14:00:00,2021-06-21 14:00:00,2021-06-21 14:00:00,365,1
1054,2021-06-21 14:00:00,Neural Network,14,1.39861317342478,1.5196986122392901,2020-06-21 14:00:00,2021-06-21 14:00:00,2021-06-21 14:00:00,365,1
1055,2021-06-21 14:00:00,Naive,14,1.39861317342478,-0.7514298984735083,2020-06-21 14:00:00,2021-06-21 14:00:00,2021-06-21 14:00:00,365,1
1056,2021-06-22 14:00:00,Decision Tree,14,1.7144409093306714,1.827734423514804,2020-06-22 14:00:00,2021-06-22 14:00:00,2021-06-22 14:00:00,365,1
1057,2021-06-22 14:00:00,Random Forest,14,1.7144409093306714,1.8368091588996838,2020-06-22 14:00:00,2021-06-22 14:00:00,2021-06-22 14:00:00,365,1
1058,2021-06-22 14:00:00,Neural Network,14,1.7144409093306714,1.8015066421928085,2020-06-22 14:00:00,2021-06-22 14:00:00,2021-06-22 14:00:00,365,1
1059,2021-06-22 14:00:00,Naive,14,1.7144409093306714,1.39861317342478,2020-06-22 14:00:00,2021-06-22 14:00:00,2021-06-22 14:00:00,365,1
1060,2021-06-23 14:00:00,Decision Tree,14,1.8095095557732768,2.163773656315497,2020-06-23 14:00:00,2021-06-23 14:00:00,2021-06-23 14:00:00,365,1
1061,2021-06-23 14:00:00,Random Forest,14,1.8095095557732768,1.9766188863893395,2020-06-23 14:00:00,2021-06-23 14:00:00,2021-06-23 14:00:00,365,1
1062,2021-06-23 14:00:00,Neural Network,14,1.8095095557732768,0.696233282951576,2020-06-23 14:00:00,2021-06-23 14:00:00,2021-06-23 14:00:00,365,1
1063,2021-06-23 14:00:00,Naive,14,1.8095095557732768,1.7144409093306714,2020-06-23 14:00:00,2021-06-23 14:00:00,2021-06-23 14:00:00,365,1
1064,2021-06-24 14:00:00,Decision Tree,14,1.825634943395567,2.084874368340697,2020-06-24 14:00:00,2021-06-24 14:00:00,2021-06-24 14:00:00,365,1
1065,2021-06-24 14:00:00,Random Forest,14,1.825634943395567,1.8977461738184545,2020-06-24 14:00:00,2021-06-24 14:00:00,2021-06-24 14:00:00,365,1
1066,2021-06-24 14:00:00,Neural Network,14,1.825634943395567,2.125796244237017,2020-06-24 14:00:00,2021-06-24 14:00:00,2021-06-24 14:00:00,365,1
1067,2021-06-24 14:00:00,Naive,14,1.825634943395567,1.8095095557732768,2020-06-24 14:00:00,2021-06-24 14:00:00,2021-06-24 14:00:00,365,1
1068,2021-06-25 14:00:00,Decision Tree,14,1.689130053456548,1.8306843173931209,2020-06-25 14:00:00,2021-06-25 14:00:00,2021-06-25 14:00:00,365,1
1069,2021-06-25 14:00:00,Random Forest,14,1.689130053456548,1.751146842631755,2020-06-25 14:00:00,2021-06-25 14:00:00,2021-06-25 14:00:00,365,1
1070,2021-06-25 14:00:00,Neural Network,14,1.689130053456548,1.8875240057134164,2020-06-25 14:00:00,2021-06-25 14:00:00,2021-06-25 14:00:00,365,1
1071,2021-06-25 14:00:00,Naive,14,1.689130053456548,1.825634943395567,2020-06-25 14:00:00,2021-06-25 14:00:00,2021-06-25 14:00:00,365,1
1072,2021-06-26 14:00:00,Decision Tree,14,1.3391169707627215,1.4427057100015346,2020-06-26 14:00:00,2021-06-26 14:00:00,2021-06-26 14:00:00,365,1
1073,2021-06-26 14:00:00,Random Forest,14,1.3391169707627215,1.4254312468982222,2020-06-26 14:00:00,2021-06-26 14:00:00,2021-06-26 14:00:00,365,1
1074,2021-06-26 14:00:00,Neural Network,14,1.3391169707627215,1.1892742942810175,2020-06-26 14:00:00,2021-06-26 14:00:00,2021-06-26 14:00:00,365,1
1075,2021-06-26 14:00:00,Naive,14,1.3391169707627215,1.689130053456548,2020-06-26 14:00:00,2021-06-26 14:00:00,2021-06-26 14:00:00,365,1
1076,2021-06-27 14:00:00,Decision Tree,14,-0.8410655950467097,-0.8315883217669189,2020-06-27 14:00:00,2021-06-27 14:00:00,2021-06-27 14:00:00,365,1
1077,2021-06-27 14:00:00,Random Forest,14,-0.8410655950467097,-0.8746509190812223,2020-06-27 14:00:00,2021-06-27 14:00:00,2021-06-27 14:00:00,365,1
1078,2021-06-27 14:00:00,Neural Network,14,-0.8410655950467097,-0.6487817258690746,2020-06-27 14:00:00,2021-06-27 14:00:00,2021-06-27 14:00:00,365,1
1079,2021-06-27 14:00:00,Naive,14,-0.8410655950467097,1.3391169707627215,2020-06-27 14:00:00,2021-06-27 14:00:00,2021-06-27 14:00:00,365,1
1080,2021-06-28 14:00:00,Decision Tree,14,1.6205462242271498,1.7145728321995377,2020-06-28 14:00:00,2021-06-28 14:00:00,2021-06-28 14:00:00,365,1
1081,2021-06-28 14:00:00,Random Forest,14,1.6205462242271498,1.7208843626702033,2020-06-28 14:00:00,2021-06-28 14:00:00,2021-06-28 14:00:00,365,1
1082,2021-06-28 14:00:00,Neural Network,14,1.6205462242271498,1.7424053084754048,2020-06-28 14:00:00,2021-06-28 14:00:00,2021-06-28 14:00:00,365,1
1083,2021-06-28 14:00:00,Naive,14,1.6205462242271498,-0.8410655950467097,2020-06-28 14:00:00,2021-06-28 14:00:00,2021-06-28 14:00:00,365,1
1084,2021-06-29 14:00:00,Decision Tree,14,1.8987791978151236,2.0524694402225556,2020-06-29 14:00:00,2021-06-29 14:00:00,2021-06-29 14:00:00,365,1
1085,2021-06-29 14:00:00,Random Forest,14,1.8987791978151236,1.9743400821938681,2020-06-29 14:00:00,2021-06-29 14:00:00,2021-06-29 14:00:00,365,1
1086,2021-06-29 14:00:00,Neural Network,14,1.8987791978151236,2.0638066583885877,2020-06-29 14:00:00,2021-06-29 14:00:00,2021-06-29 14:00:00,365,1
1087,2021-06-29 14:00:00,Naive,14,1.8987791978151236,1.6205462242271498,2020-06-29 14:00:00,2021-06-29 14:00:00,2021-06-29 14:00:00,365,1
1088,2021-06-30 14:00:00,Decision Tree,14,1.9412350695470668,2.0353927466217296,2020-06-30 14:00:00,2021-06-30 14:00:00,2021-06-30 14:00:00,365,1
1089,2021-06-30 14:00:00,Random Forest,14,1.9412350695470668,1.89146486227776,2020-06-30 14:00:00,2021-06-30 14:00:00,2021-06-30 14:00:00,365,1
1090,2021-06-30 14:00:00,Neural Network,14,1.9412350695470668,2.1458145386559466,2020-06-30 14:00:00,2021-06-30 14:00:00,2021-06-30 14:00:00,365,1
1091,2021-06-30 14:00:00,Naive,14,1.9412350695470668,1.8987791978151236,2020-06-30 14:00:00,2021-06-30 14:00:00,2021-06-30 14:00:00,365,1
1092,2021-07-01 14:00:00,Decision Tree,14,1.8131374279101433,2.13479022209441,2020-07-01 14:00:00,2021-07-01 14:00:00,2021-07-01 14:00:00,365,1
1093,2021-07-01 14:00:00,Random Forest,14,1.8131374279101433,1.8866383608139081,2020-07-01 14:00:00,2021-07-01 14:00:00,2021-07-01 14:00:00,365,1
1094,2021-07-01 14:00:00,Neural Network,14,1.8131374279101433,1.9254774537828294,2020-07-01 14:00:00,2021-07-01 14:00:00,2021-07-01 14:00:00,365,1
1095,2021-07-01 14:00:00,Naive,14,1.8131374279101433,1.9412350695470668,2020-07-01 14:00:00,2021-07-01 14:00:00,2021-07-01 14:00:00,365,1
1096,2021-07-02 14:00:00,Decision Tree,14,1.7423437348736261,1.8576592388882354,2020-07-02 14:00:00,2021-07-02 14:00:00,2021-07-02 14:00:00,365,1
1097,2021-07-02 14:00:00,Random Forest,14,1.7423437348736261,1.7679870371068136,2020-07-02 14:00:00,2021-07-02 14:00:00,2021-07-02 14:00:00,365,1
1098,2021-07-02 14:00:00,Neural Network,14,1.7423437348736261,1.8999311522911366,2020-07-02 14:00:00,2021-07-02 14:00:00,2021-07-02 14:00:00,365,1
1099,2021-07-02 14:00:00,Naive,14,1.7423437348736261,1.8131374279101433,2020-07-02 14:00:00,2021-07-02 14:00:00,2021-07-02 14:00:00,365,1
1100,2021-07-03 14:00:00,Decision Tree,14,1.3458230409523075,1.534658816839147,2020-07-03 14:00:00,2021-07-03 14:00:00,2021-07-03 14:00:00,365,1
1101,2021-07-03 14:00:00,Random Forest,14,1.3458230409523075,1.4284497033329668,2020-07-03 14:00:00,2021-07-03 14:00:00,2021-07-03 14:00:00,365,1
1102,2021-07-03 14:00:00,Neural Network,14,1.3458230409523075,1.2509325882180853,2020-07-03 14:00:00,2021-07-03 14:00:00,2021-07-03 14:00:00,365,1
1103,2021-07-03 14:00:00,Naive,14,1.3458230409523075,1.7423437348736261,2020-07-03 14:00:00,2021-07-03 14:00:00,2021-07-03 14:00:00,365,1
1104,2021-07-04 14:00:00,Decision Tree,14,1.4182315328362725,1.511054344853292,2020-07-04 14:00:00,2021-07-04 14:00:00,2021-07-04 14:00:00,365,1
1105,2021-07-04 14:00:00,Random Forest,14,1.4182315328362725,1.4953197707607415,2020-07-04 14:00:00,2021-07-04 14:00:00,2021-07-04 14:00:00,365,1
1106,2021-07-04 14:00:00,Neural Network,14,1.4182315328362725,1.3371964573049804,2020-07-04 14:00:00,2021-07-04 14:00:00,2021-07-04 14:00:00,365,1
1107,2021-07-04 14:00:00,Naive,14,1.4182315328362725,1.3458230409523075,2020-07-04 14:00:00,2021-07-04 14:00:00,2021-07-04 14:00:00,365,1
1108,2021-07-05 14:00:00,Decision Tree,14,1.8571952550656483,1.796481145723449,2020-07-05 14:00:00,2021-07-05 14:00:00,2021-07-05 14:00:00,365,1
1109,2021-07-05 14:00:00,Random Forest,14,1.8571952550656483,1.8937243803075028,2020-07-05 14:00:00,2021-07-05 14:00:00,2021-07-05 14:00:00,365,1
1110,2021-07-05 14:00:00,Neural Network,14,1.8571952550656483,2.0305168584252695,2020-07-05 14:00:00,2021-07-05 14:00:00,2021-07-05 14:00:00,365,1
1111,2021-07-05 14:00:00,Naive,14,1.8571952550656483,1.4182315328362725,2020-07-05 14:00:00,2021-07-05 14:00:00,2021-07-05 14:00:00,365,1
1112,2021-07-06 14:00:00,Decision Tree,14,1.0604977097927042,1.225788490831666,2020-07-06 14:00:00,2021-07-06 14:00:00,2021-07-06 14:00:00,365,1
1113,2021-07-06 14:00:00,Random Forest,14,1.0604977097927042,1.1865102852207015,2020-07-06 14:00:00,2021-07-06 14:00:00,2021-07-06 14:00:00,365,1
1114,2021-07-06 14:00:00,Neural Network,14,1.0604977097927042,0.9420757379333735,2020-07-06 14:00:00,2021-07-06 14:00:00,2021-07-06 14:00:00,365,1
1115,2021-07-06 14:00:00,Naive,14,1.0604977097927042,1.8571952550656483,2020-07-06 14:00:00,2021-07-06 14:00:00,2021-07-06 14:00:00,365,1
1116,2021-07-07 14:00:00,Decision Tree,14,1.9860855889540483,1.9297508227614544,2020-07-07 14:00:00,2021-07-07 14:00:00,2021-07-07 14:00:00,365,1
1117,2021-07-07 14:00:00,Random Forest,14,1.9860855889540483,1.9149418757135679,2020-07-07 14:00:00,2021-07-07 14:00:00,2021-07-07 14:00:00,365,1
1118,2021-07-07 14:00:00,Neural Network,14,1.9860855889540483,2.2717103486391554,2020-07-07 14:00:00,2021-07-07 14:00:00,2021-07-07 14:00:00,365,1
1119,2021-07-07 14:00:00,Naive,14,1.9860855889540483,1.0604977097927042,2020-07-07 14:00:00,2021-07-07 14:00:00,2021-07-07 14:00:00,365,1
1120,2021-07-08 14:00:00,Decision Tree,14,2.1306750841768753,1.9618409518731508,2020-07-08 14:00:00,2021-07-08 14:00:00,2021-07-08 14:00:00,365,1
1121,2021-07-08 14:00:00,Random Forest,14,2.1306750841768753,1.952254548056698,2020-07-08 14:00:00,2021-07-08 14:00:00,2021-07-08 14:00:00,365,1
1122,2021-07-08 14:00:00,Neural Network,14,2.1306750841768753,2.5232564621378764,2020-07-08 14:00:00,2021-07-08 14:00:00,2021-07-08 14:00:00,365,1
1123,2021-07-08 14:00:00,Naive,14,2.1306750841768753,1.9860855889540483,2020-07-08 14:00:00,2021-07-08 14:00:00,2021-07-08 14:00:00,365,1
1124,2021-07-09 14:00:00,Decision Tree,14,1.8000794959868605,1.9238958016449974,2020-07-09 14:00:00,2021-07-09 14:00:00,2021-07-09 14:00:00,365,1
1125,2021-07-09 14:00:00,Random Forest,14,1.8000794959868605,1.8649578882506581,2020-07-09 14:00:00,2021-07-09 14:00:00,2021-07-09 14:00:00,365,1
1126,2021-07-09 14:00:00,Neural Network,14,1.8000794959868605,1.9306858832531257,2020-07-09 14:00:00,2021-07-09 14:00:00,2021-07-09 14:00:00,365,1
1127,2021-07-09 14:00:00,Naive,14,1.8000794959868605,2.1306750841768753,2020-07-09 14:00:00,2021-07-09 14:00:00,2021-07-09 14:00:00,365,1
1128,2021-07-10 14:00:00,Decision Tree,14,1.3774051857023883,1.369994557206726,2020-07-10 14:00:00,2021-07-10 14:00:00,2021-07-10 14:00:00,365,1
1129,2021-07-10 14:00:00,Random Forest,14,1.3774051857023883,1.443932849664369,2020-07-10 14:00:00,2021-07-10 14:00:00,2021-07-10 14:00:00,365,1
1130,2021-07-10 14:00:00,Neural Network,14,1.3774051857023883,1.0717379576882338,2020-07-10 14:00:00,2021-07-10 14:00:00,2021-07-10 14:00:00,365,1
1131,2021-07-10 14:00:00,Naive,14,1.3774051857023883,1.8000794959868605,2020-07-10 14:00:00,2021-07-10 14:00:00,2021-07-10 14:00:00,365,1
1132,2021-07-11 14:00:00,Decision Tree,14,1.2317322605733094,1.3701355676453624,2020-07-11 14:00:00,2021-07-11 14:00:00,2021-07-11 14:00:00,365,1
1133,2021-07-11 14:00:00,Random Forest,14,1.2317322605733094,1.364095594296909,2020-07-11 14:00:00,2021-07-11 14:00:00,2021-07-11 14:00:00,365,1
1134,2021-07-11 14:00:00,Neural Network,14,1.2317322605733094,1.2264683826765546,2020-07-11 14:00:00,2021-07-11 14:00:00,2021-07-11 14:00:00,365,1
1135,2021-07-11 14:00:00,Naive,14,1.2317322605733094,1.3774051857023883,2020-07-11 14:00:00,2021-07-11 14:00:00,2021-07-11 14:00:00,365,1
1136,2021-07-12 14:00:00,Decision Tree,14,1.784511011218068,1.6907804138163778,2020-07-12 14:00:00,2021-07-12 14:00:00,2021-07-12 14:00:00,365,1
1137,2021-07-12 14:00:00,Random Forest,14,1.784511011218068,1.780803364196742,2020-07-12 14:00:00,2021-07-12 14:00:00,2021-07-12 14:00:00,365,1
1138,2021-07-12 14:00:00,Neural Network,14,1.784511011218068,1.9288880056162383,2020-07-12 14:00:00,2021-07-12 14:00:00,2021-07-12 14:00:00,365,1
1139,2021-07-12 14:00:00,Naive,14,1.784511011218068,1.2317322605733094,2020-07-12 14:00:00,2021-07-12 14:00:00,2021-07-12 14:00:00,365,1
1140,2021-07-13 14:00:00,Decision Tree,14,1.9404405754151446,2.099139825658013,2020-07-13 14:00:00,2021-07-13 14:00:00,2021-07-13 14:00:00,365,1
1141,2021-07-13 14:00:00,Random Forest,14,1.9404405754151446,1.9908797810072323,2020-07-13 14:00:00,2021-07-13 14:00:00,2021-07-13 14:00:00,365,1
1142,2021-07-13 14:00:00,Neural Network,14,1.9404405754151446,2.1696408960916482,2020-07-13 14:00:00,2021-07-13 14:00:00,2021-07-13 14:00:00,365,1
1143,2021-07-13 14:00:00,Naive,14,1.9404405754151446,1.784511011218068,2020-07-13 14:00:00,2021-07-13 14:00:00,2021-07-13 14:00:00,365,1
1144,2021-07-14 14:00:00,Decision Tree,14,1.6255031206925104,1.818040523264983,2020-07-14 14:00:00,2021-07-14 14:00:00,2021-07-14 14:00:00,365,1
1145,2021-07-14 14:00:00,Random Forest,14,1.6255031206925104,1.7862226939844787,2020-07-14 14:00:00,2021-07-14 14:00:00,2021-07-14 14:00:00,365,1
1146,2021-07-14 14:00:00,Neural Network,14,1.6255031206925104,1.6291577203522554,2020-07-14 14:00:00,2021-07-14 14:00:00,2021-07-14 14:00:00,365,1
1147,2021-07-14 14:00:00,Naive,14,1.6255031206925104,1.9404405754151446,2020-07-14 14:00:00,2021-07-14 14:00:00,2021-07-14 14:00:00,365,1
1148,2021-07-15 14:00:00,Decision Tree,14,1.7466418317567238,1.8046302034604558,2020-07-15 14:00:00,2021-07-15 14:00:00,2021-07-15 14:00:00,365,1
1149,2021-07-15 14:00:00,Random Forest,14,1.7466418317567238,1.8111817894476876,2020-07-15 14:00:00,2021-07-15 14:00:00,2021-07-15 14:00:00,365,1
1150,2021-07-15 14:00:00,Neural Network,14,1.7466418317567238,1.7736426770758336,2020-07-15 14:00:00,2021-07-15 14:00:00,2021-07-15 14:00:00,365,1
1151,2021-07-15 14:00:00,Naive,14,1.7466418317567238,1.6255031206925104,2020-07-15 14:00:00,2021-07-15 14:00:00,2021-07-15 14:00:00,365,1
1152,2021-07-16 14:00:00,Decision Tree,14,1.503716150924926,1.646487862434572,2020-07-16 14:00:00,2021-07-16 14:00:00,2021-07-16 14:00:00,365,1
1153,2021-07-16 14:00:00,Random Forest,14,1.503716150924926,1.6515942192395876,2020-07-16 14:00:00,2021-07-16 14:00:00,2021-07-16 14:00:00,365,1
1154,2021-07-16 14:00:00,Neural Network,14,1.503716150924926,1.5214199082102422,2020-07-16 14:00:00,2021-07-16 14:00:00,2021-07-16 14:00:00,365,1
1155,2021-07-16 14:00:00,Naive,14,1.503716150924926,1.7466418317567238,2020-07-16 14:00:00,2021-07-16 14:00:00,2021-07-16 14:00:00,365,1
1156,2021-07-17 14:00:00,Decision Tree,14,-0.43057715243604844,-0.3993125643629511,2020-07-17 14:00:00,2021-07-17 14:00:00,2021-07-17 14:00:00,365,1
1157,2021-07-17 14:00:00,Random Forest,14,-0.43057715243604844,-0.4129409256401126,2020-07-17 14:00:00,2021-07-17 14:00:00,2021-07-17 14:00:00,365,1
1158,2021-07-17 14:00:00,Neural Network,14,-0.43057715243604844,-0.432123807949057,2020-07-17 14:00:00,2021-07-17 14:00:00,2021-07-17 14:00:00,365,1
1159,2021-07-17 14:00:00,Naive,14,-0.43057715243604844,1.503716150924926,2020-07-17 14:00:00,2021-07-17 14:00:00,2021-07-17 14:00:00,365,1
1160,2021-07-18 14:00:00,Decision Tree,14,-1.553413192500955,-1.6815182788741552,2020-07-18 14:00:00,2021-07-18 14:00:00,2021-07-18 14:00:00,365,1
1161,2021-07-18 14:00:00,Random Forest,14,-1.553413192500955,-1.690937303127126,2020-07-18 14:00:00,2021-07-18 14:00:00,2021-07-18 14:00:00,365,1
1162,2021-07-18 14:00:00,Neural Network,14,-1.553413192500955,-1.5197649851986692,2020-07-18 14:00:00,2021-07-18 14:00:00,2021-07-18 14:00:00,365,1
1163,2021-07-18 14:00:00,Naive,14,-1.553413192500955,-0.43057715243604844,2020-07-18 14:00:00,2021-07-18 14:00:00,2021-07-18 14:00:00,365,1
1164,2021-07-19 14:00:00,Decision Tree,14,1.6002912419864215,1.6260919036474795,2020-07-19 14:00:00,2021-07-19 14:00:00,2021-07-19 14:00:00,365,1
1165,2021-07-19 14:00:00,Random Forest,14,1.6002912419864215,1.6676728259312017,2020-07-19 14:00:00,2021-07-19 14:00:00,2021-07-19 14:00:00,365,1
1166,2021-07-19 14:00:00,Neural Network,14,1.6002912419864215,1.6313572449468088,2020-07-19 14:00:00,2021-07-19 14:00:00,2021-07-19 14:00:00,365,1
1167,2021-07-19 14:00:00,Naive,14,1.6002912419864215,-1.553413192500955,2020-07-19 14:00:00,2021-07-19 14:00:00,2021-07-19 14:00:00,365,1
1168,2021-07-20 14:00:00,Decision Tree,14,1.5353143491078691,1.622866820939847,2020-07-20 14:00:00,2021-07-20 14:00:00,2021-07-20 14:00:00,365,1
1169,2021-07-20 14:00:00,Random Forest,14,1.5353143491078691,1.6081437804930219,2020-07-20 14:00:00,2021-07-20 14:00:00,2021-07-20 14:00:00,365,1
1170,2021-07-20 14:00:00,Neural Network,14,1.5353143491078691,1.6214156224603442,2020-07-20 14:00:00,2021-07-20 14:00:00,2021-07-20 14:00:00,365,1
1171,2021-07-20 14:00:00,Naive,14,1.5353143491078691,1.6002912419864215,2020-07-20 14:00:00,2021-07-20 14:00:00,2021-07-20 14:00:00,365,1
1172,2021-07-21 14:00:00,Decision Tree,14,1.5314061593699149,1.613138768514072,2020-07-21 14:00:00,2021-07-21 14:00:00,2021-07-21 14:00:00,365,1
1173,2021-07-21 14:00:00,Random Forest,14,1.5314061593699149,1.5699101366862995,2020-07-21 14:00:00,2021-07-21 14:00:00,2021-07-21 14:00:00,365,1
1174,2021-07-21 14:00:00,Neural Network,14,1.5314061593699149,1.698438057935657,2020-07-21 14:00:00,2021-07-21 14:00:00,2021-07-21 14:00:00,365,1
1175,2021-07-21 14:00:00,Naive,14,1.5314061593699149,1.5353143491078691,2020-07-21 14:00:00,2021-07-21 14:00:00,2021-07-21 14:00:00,365,1
1176,2021-07-22 14:00:00,Decision Tree,14,1.5211170533748686,1.6506848107829843,2020-07-22 14:00:00,2021-07-22 14:00:00,2021-07-22 14:00:00,365,1
1177,2021-07-22 14:00:00,Random Forest,14,1.5211170533748686,1.5767204940637276,2020-07-22 14:00:00,2021-07-22 14:00:00,2021-07-22 14:00:00,365,1
1178,2021-07-22 14:00:00,Neural Network,14,1.5211170533748686,1.6600821251127849,2020-07-22 14:00:00,2021-07-22 14:00:00,2021-07-22 14:00:00,365,1
1179,2021-07-22 14:00:00,Naive,14,1.5211170533748686,1.5314061593699149,2020-07-22 14:00:00,2021-07-22 14:00:00,2021-07-22 14:00:00,365,1
1180,2021-07-23 14:00:00,Decision Tree,14,1.4926404758927267,1.5603264315949716,2020-07-23 14:00:00,2021-07-23 14:00:00,2021-07-23 14:00:00,365,1
1181,2021-07-23 14:00:00,Random Forest,14,1.4926404758927267,1.5173701894271177,2020-07-23 14:00:00,2021-07-23 14:00:00,2021-07-23 14:00:00,365,1
1182,2021-07-23 14:00:00,Neural Network,14,1.4926404758927267,1.6214478384172293,2020-07-23 14:00:00,2021-07-23 14:00:00,2021-07-23 14:00:00,365,1
1183,2021-07-23 14:00:00,Naive,14,1.4926404758927267,1.5211170533748686,2020-07-23 14:00:00,2021-07-23 14:00:00,2021-07-23 14:00:00,365,1
1184,2021-07-24 14:00:00,Decision Tree,14,1.1693662756061456,1.3582842004479387,2020-07-24 14:00:00,2021-07-24 14:00:00,2021-07-24 14:00:00,365,1
1185,2021-07-24 14:00:00,Random Forest,14,1.1693662756061456,1.3118008252614997,2020-07-24 14:00:00,2021-07-24 14:00:00,2021-07-24 14:00:00,365,1
1186,2021-07-24 14:00:00,Neural Network,14,1.1693662756061456,0.9622280487407342,2020-07-24 14:00:00,2021-07-24 14:00:00,2021-07-24 14:00:00,365,1
1187,2021-07-24 14:00:00,Naive,14,1.1693662756061456,1.4926404758927267,2020-07-24 14:00:00,2021-07-24 14:00:00,2021-07-24 14:00:00,365,1
1188,2021-07-25 14:00:00,Decision Tree,14,0.49360764855090755,0.7675902191092534,2020-07-25 14:00:00,2021-07-25 14:00:00,2021-07-25 14:00:00,365,1
1189,2021-07-25 14:00:00,Random Forest,14,0.49360764855090755,0.7228455018497638,2020-07-25 14:00:00,2021-07-25 14:00:00,2021-07-25 14:00:00,365,1
1190,2021-07-25 14:00:00,Neural Network,14,0.49360764855090755,0.3922364370511425,2020-07-25 14:00:00,2021-07-25 14:00:00,2021-07-25 14:00:00,365,1
1191,2021-07-25 14:00:00,Naive,14,0.49360764855090755,1.1693662756061456,2020-07-25 14:00:00,2021-07-25 14:00:00,2021-07-25 14:00:00,365,1
1192,2021-07-26 14:00:00,Decision Tree,14,1.6598895804773064,1.7973816569974892,2020-07-26 14:00:00,2021-07-26 14:00:00,2021-07-26 14:00:00,365,1
1193,2021-07-26 14:00:00,Random Forest,14,1.6598895804773064,1.7429375894255013,2020-07-26 14:00:00,2021-07-26 14:00:00,2021-07-26 14:00:00,365,1
1194,2021-07-26 14:00:00,Neural Network,14,1.6598895804773064,1.7139689253857664,2020-07-26 14:00:00,2021-07-26 14:00:00,2021-07-26 14:00:00,365,1
1195,2021-07-26 14:00:00,Naive,14,1.6598895804773064,0.49360764855090755,2020-07-26 14:00:00,2021-07-26 14:00:00,2021-07-26 14:00:00,365,1
1196,2021-07-27 14:00:00,Decision Tree,14,1.5674087573307778,1.6519898221106892,2020-07-27 14:00:00,2021-07-27 14:00:00,2021-07-27 14:00:00,365,1
1197,2021-07-27 14:00:00,Random Forest,14,1.5674087573307778,1.6496382363853772,2020-07-27 14:00:00,2021-07-27 14:00:00,2021-07-27 14:00:00,365,1
1198,2021-07-27 14:00:00,Neural Network,14,1.5674087573307778,1.680195378196539,2020-07-27 14:00:00,2021-07-27 14:00:00,2021-07-27 14:00:00,365,1
1199,2021-07-27 14:00:00,Naive,14,1.5674087573307778,1.6598895804773064,2020-07-27 14:00:00,2021-07-27 14:00:00,2021-07-27 14:00:00,365,1
1200,2021-07-28 14:00:00,Decision Tree,14,1.0030166078729796,1.264894934694,2020-07-28 14:00:00,2021-07-28 14:00:00,2021-07-28 14:00:00,365,1
1201,2021-07-28 14:00:00,Random Forest,14,1.0030166078729796,1.2155082319790642,2020-07-28 14:00:00,2021-07-28 14:00:00,2021-07-28 14:00:00,365,1
1202,2021-07-28 14:00:00,Neural Network,14,1.0030166078729796,1.056874000094518,2020-07-28 14:00:00,2021-07-28 14:00:00,2021-07-28 14:00:00,365,1
1203,2021-07-28 14:00:00,Naive,14,1.0030166078729796,1.5674087573307778,2020-07-28 14:00:00,2021-07-28 14:00:00,2021-07-28 14:00:00,365,1
1204,2021-07-29 14:00:00,Decision Tree,14,-1.701367357646632,-1.9721405099250815,2020-07-29 14:00:00,2021-07-29 14:00:00,2021-07-29 14:00:00,365,1
1205,2021-07-29 14:00:00,Random Forest,14,-1.701367357646632,-1.9098415852270152,2020-07-29 14:00:00,2021-07-29 14:00:00,2021-07-29 14:00:00,365,1
1206,2021-07-29 14:00:00,Neural Network,14,-1.701367357646632,-1.6883354118206944,2020-07-29 14:00:00,2021-07-29 14:00:00,2021-07-29 14:00:00,365,1
1207,2021-07-29 14:00:00,Naive,14,-1.701367357646632,1.0030166078729796,2020-07-29 14:00:00,2021-07-29 14:00:00,2021-07-29 14:00:00,365,1
1208,2021-07-30 14:00:00,Decision Tree,14,0.1364011023252682,0.31025265665671886,2020-07-30 14:00:00,2021-07-30 14:00:00,2021-07-30 14:00:00,365,1
1209,2021-07-30 14:00:00,Random Forest,14,0.1364011023252682,0.3057210373615539,2020-07-30 14:00:00,2021-07-30 14:00:00,2021-07-30 14:00:00,365,1
1210,2021-07-30 14:00:00,Neural Network,14,0.1364011023252682,0.0652091190482385,2020-07-30 14:00:00,2021-07-30 14:00:00,2021-07-30 14:00:00,365,1
1211,2021-07-30 14:00:00,Naive,14,0.1364011023252682,-1.701367357646632,2020-07-30 14:00:00,2021-07-30 14:00:00,2021-07-30 14:00:00,365,1
1212,2021-07-31 14:00:00,Decision Tree,14,-1.9030269019520203,-2.0045938529083984,2020-07-31 14:00:00,2021-07-31 14:00:00,2021-07-31 14:00:00,365,1
1213,2021-07-31 14:00:00,Random Forest,14,-1.9030269019520203,-2.0356001831546213,2020-07-31 14:00:00,2021-07-31 14:00:00,2021-07-31 14:00:00,365,1
1214,2021-07-31 14:00:00,Neural Network,14,-1.9030269019520203,-1.9241289028434072,2020-07-31 14:00:00,2021-07-31 14:00:00,2021-07-31 14:00:00,365,1
1215,2021-07-31 14:00:00,Naive,14,-1.9030269019520203,0.1364011023252682,2020-07-31 14:00:00,2021-07-31 14:00:00,2021-07-31 14:00:00,365,1
1216,2021-08-01 14:00:00,Decision Tree,14,0.6447193760737138,0.7706909888537868,2020-08-01 14:00:00,2021-08-01 14:00:00,2021-08-01 14:00:00,365,1
1217,2021-08-01 14:00:00,Random Forest,14,0.6447193760737138,0.8413902281215829,2020-08-01 14:00:00,2021-08-01 14:00:00,2021-08-01 14:00:00,365,1
1218,2021-08-01 14:00:00,Neural Network,14,0.6447193760737138,0.6462187361787417,2020-08-01 14:00:00,2021-08-01 14:00:00,2021-08-01 14:00:00,365,1
1219,2021-08-01 14:00:00,Naive,14,0.6447193760737138,-1.9030269019520203,2020-08-01 14:00:00,2021-08-01 14:00:00,2021-08-01 14:00:00,365,1
1220,2021-08-02 14:00:00,Decision Tree,14,1.1876789758586888,1.3528351542613557,2020-08-02 14:00:00,2021-08-02 14:00:00,2021-08-02 14:00:00,365,1
1221,2021-08-02 14:00:00,Random Forest,14,1.1876789758586888,1.3334362023870643,2020-08-02 14:00:00,2021-08-02 14:00:00,2021-08-02 14:00:00,365,1
1222,2021-08-02 14:00:00,Neural Network,14,1.1876789758586888,1.0879063010369077,2020-08-02 14:00:00,2021-08-02 14:00:00,2021-08-02 14:00:00,365,1
1223,2021-08-02 14:00:00,Naive,14,1.1876789758586888,0.6447193760737138,2020-08-02 14:00:00,2021-08-02 14:00:00,2021-08-02 14:00:00,365,1
1224,2021-08-03 14:00:00,Decision Tree,14,1.7097177012478704,1.805244217300898,2020-08-03 14:00:00,2021-08-03 14:00:00,2021-08-03 14:00:00,365,1
1225,2021-08-03 14:00:00,Random Forest,14,1.7097177012478704,1.7701714796423282,2020-08-03 14:00:00,2021-08-03 14:00:00,2021-08-03 14:00:00,365,1
1226,2021-08-03 14:00:00,Neural Network,14,1.7097177012478704,1.7579675319066528,2020-08-03 14:00:00,2021-08-03 14:00:00,2021-08-03 14:00:00,365,1
1227,2021-08-03 14:00:00,Naive,14,1.7097177012478704,1.1876789758586888,2020-08-03 14:00:00,2021-08-03 14:00:00,2021-08-03 14:00:00,365,1
1228,2021-08-04 14:00:00,Decision Tree,14,1.8076284038483876,2.0793024193776546,2020-08-04 14:00:00,2021-08-04 14:00:00,2021-08-04 14:00:00,365,1
1229,2021-08-04 14:00:00,Random Forest,14,1.8076284038483876,1.908780176923508,2020-08-04 14:00:00,2021-08-04 14:00:00,2021-08-04 14:00:00,365,1
1230,2021-08-04 14:00:00,Neural Network,14,1.8076284038483876,1.9724139629052155,2020-08-04 14:00:00,2021-08-04 14:00:00,2021-08-04 14:00:00,365,1
1231,2021-08-04 14:00:00,Naive,14,1.8076284038483876,1.7097177012478704,2020-08-04 14:00:00,2021-08-04 14:00:00,2021-08-04 14:00:00,365,1
1232,2021-08-05 14:00:00,Decision Tree,14,1.6556254263035917,1.6359971099312987,2020-08-05 14:00:00,2021-08-05 14:00:00,2021-08-05 14:00:00,365,1
1233,2021-08-05 14:00:00,Random Forest,14,1.6556254263035917,1.7024671620963256,2020-08-05 14:00:00,2021-08-05 14:00:00,2021-08-05 14:00:00,365,1
1234,2021-08-05 14:00:00,Neural Network,14,1.6556254263035917,1.730228003375609,2020-08-05 14:00:00,2021-08-05 14:00:00,2021-08-05 14:00:00,365,1
1235,2021-08-05 14:00:00,Naive,14,1.6556254263035917,1.8076284038483876,2020-08-05 14:00:00,2021-08-05 14:00:00,2021-08-05 14:00:00,365,1
1236,2021-08-06 14:00:00,Decision Tree,14,0.8340809501102397,1.0376625127091959,2020-08-06 14:00:00,2021-08-06 14:00:00,2021-08-06 14:00:00,365,1
1237,2021-08-06 14:00:00,Random Forest,14,0.8340809501102397,1.0438052932838304,2020-08-06 14:00:00,2021-08-06 14:00:00,2021-08-06 14:00:00,365,1
1238,2021-08-06 14:00:00,Neural Network,14,0.8340809501102397,0.6045767088077869,2020-08-06 14:00:00,2021-08-06 14:00:00,2021-08-06 14:00:00,365,1
1239,2021-08-06 14:00:00,Naive,14,0.8340809501102397,1.6556254263035917,2020-08-06 14:00:00,2021-08-06 14:00:00,2021-08-06 14:00:00,365,1
1240,2021-08-07 14:00:00,Decision Tree,14,0.7873016761040267,0.9645401378605702,2020-08-07 14:00:00,2021-08-07 14:00:00,2021-08-07 14:00:00,365,1
1241,2021-08-07 14:00:00,Random Forest,14,0.7873016761040267,0.9487089992958256,2020-08-07 14:00:00,2021-08-07 14:00:00,2021-08-07 14:00:00,365,1
1242,2021-08-07 14:00:00,Neural Network,14,0.7873016761040267,0.7924499562142524,2020-08-07 14:00:00,2021-08-07 14:00:00,2021-08-07 14:00:00,365,1
1243,2021-08-07 14:00:00,Naive,14,0.7873016761040267,0.8340809501102397,2020-08-07 14:00:00,2021-08-07 14:00:00,2021-08-07 14:00:00,365,1
1244,2021-08-08 14:00:00,Decision Tree,14,-2.429971849307416,-2.585509333853337,2020-08-08 14:00:00,2021-08-08 14:00:00,2021-08-08 14:00:00,365,1
1245,2021-08-08 14:00:00,Random Forest,14,-2.429971849307416,-2.5656521891960606,2020-08-08 14:00:00,2021-08-08 14:00:00,2021-08-08 14:00:00,365,1
1246,2021-08-08 14:00:00,Neural Network,14,-2.429971849307416,-2.71549882274997,2020-08-08 14:00:00,2021-08-08 14:00:00,2021-08-08 14:00:00,365,1
1247,2021-08-08 14:00:00,Naive,14,-2.429971849307416,0.7873016761040267,2020-08-08 14:00:00,2021-08-08 14:00:00,2021-08-08 14:00:00,365,1
1248,2021-08-09 14:00:00,Decision Tree,14,0.6658832600303245,0.7496957200571078,2020-08-09 14:00:00,2021-08-09 14:00:00,2021-08-09 14:00:00,365,1
1249,2021-08-09 14:00:00,Random Forest,14,0.6658832600303245,0.8004622046839397,2020-08-09 14:00:00,2021-08-09 14:00:00,2021-08-09 14:00:00,365,1
1250,2021-08-09 14:00:00,Neural Network,14,0.6658832600303245,0.5938629968752851,2020-08-09 14:00:00,2021-08-09 14:00:00,2021-08-09 14:00:00,365,1
1251,2021-08-09 14:00:00,Naive,14,0.6658832600303245,-2.429971849307416,2020-08-09 14:00:00,2021-08-09 14:00:00,2021-08-09 14:00:00,365,1
1252,2021-08-10 14:00:00,Decision Tree,14,1.4461721520691229,1.5592247483315118,2020-08-10 14:00:00,2021-08-10 14:00:00,2021-08-10 14:00:00,365,1
1253,2021-08-10 14:00:00,Random Forest,14,1.4461721520691229,1.523887756148251,2020-08-10 14:00:00,2021-08-10 14:00:00,2021-08-10 14:00:00,365,1
1254,2021-08-10 14:00:00,Neural Network,14,1.4461721520691229,1.4327065044582277,2020-08-10 14:00:00,2021-08-10 14:00:00,2021-08-10 14:00:00,365,1
1255,2021-08-10 14:00:00,Naive,14,1.4461721520691229,0.6658832600303245,2020-08-10 14:00:00,2021-08-10 14:00:00,2021-08-10 14:00:00,365,1
1256,2021-08-11 14:00:00,Decision Tree,14,1.587982492391834,1.5592247483315118,2020-08-11 14:00:00,2021-08-11 14:00:00,2021-08-11 14:00:00,365,1
1257,2021-08-11 14:00:00,Random Forest,14,1.587982492391834,1.6372833374962017,2020-08-11 14:00:00,2021-08-11 14:00:00,2021-08-11 14:00:00,365,1
1258,2021-08-11 14:00:00,Neural Network,14,1.587982492391834,1.6085636542685757,2020-08-11 14:00:00,2021-08-11 14:00:00,2021-08-11 14:00:00,365,1
1259,2021-08-11 14:00:00,Naive,14,1.587982492391834,1.4461721520691229,2020-08-11 14:00:00,2021-08-11 14:00:00,2021-08-11 14:00:00,365,1
1260,2021-08-12 14:00:00,Decision Tree,14,1.829565157704554,1.9508073199594407,2020-08-12 14:00:00,2021-08-12 14:00:00,2021-08-12 14:00:00,365,1
1261,2021-08-12 14:00:00,Random Forest,14,1.829565157704554,1.8326146063232682,2020-08-12 14:00:00,2021-08-12 14:00:00,2021-08-12 14:00:00,365,1
1262,2021-08-12 14:00:00,Neural Network,14,1.829565157704554,1.8797152842217475,2020-08-12 14:00:00,2021-08-12 14:00:00,2021-08-12 14:00:00,365,1
1263,2021-08-12 14:00:00,Naive,14,1.829565157704554,1.587982492391834,2020-08-12 14:00:00,2021-08-12 14:00:00,2021-08-12 14:00:00,365,1
1264,2021-08-13 14:00:00,Decision Tree,14,1.3836102267818955,1.3981977866973914,2020-08-13 14:00:00,2021-08-13 14:00:00,2021-08-13 14:00:00,365,1
1265,2021-08-13 14:00:00,Random Forest,14,1.3836102267818955,1.4712800516506275,2020-08-13 14:00:00,2021-08-13 14:00:00,2021-08-13 14:00:00,365,1
1266,2021-08-13 14:00:00,Neural Network,14,1.3836102267818955,1.388212437663197,2020-08-13 14:00:00,2021-08-13 14:00:00,2021-08-13 14:00:00,365,1
1267,2021-08-13 14:00:00,Naive,14,1.3836102267818955,1.829565157704554,2020-08-13 14:00:00,2021-08-13 14:00:00,2021-08-13 14:00:00,365,1
1268,2021-08-14 14:00:00,Decision Tree,14,-1.4833126569426403,-1.589169504961058,2020-08-14 14:00:00,2021-08-14 14:00:00,2021-08-14 14:00:00,365,1
1269,2021-08-14 14:00:00,Random Forest,14,-1.4833126569426403,-1.6380161340864523,2020-08-14 14:00:00,2021-08-14 14:00:00,2021-08-14 14:00:00,365,1
1270,2021-08-14 14:00:00,Neural Network,14,-1.4833126569426403,-1.4075081488185237,2020-08-14 14:00:00,2021-08-14 14:00:00,2021-08-14 14:00:00,365,1
1271,2021-08-14 14:00:00,Naive,14,-1.4833126569426403,1.3836102267818955,2020-08-14 14:00:00,2021-08-14 14:00:00,2021-08-14 14:00:00,365,1
1272,2021-08-15 14:00:00,Decision Tree,14,-1.139728160506865,-1.1609824560251594,2020-08-15 14:00:00,2021-08-15 14:00:00,2021-08-15 14:00:00,365,1
1273,2021-08-15 14:00:00,Random Forest,14,-1.139728160506865,-1.2252126681944597,2020-08-15 14:00:00,2021-08-15 14:00:00,2021-08-15 14:00:00,365,1
1274,2021-08-15 14:00:00,Neural Network,14,-1.139728160506865,-0.6978003459145745,2020-08-15 14:00:00,2021-08-15 14:00:00,2021-08-15 14:00:00,365,1
1275,2021-08-15 14:00:00,Naive,14,-1.139728160506865,-1.4833126569426403,2020-08-15 14:00:00,2021-08-15 14:00:00,2021-08-15 14:00:00,365,1
1276,2021-08-16 14:00:00,Decision Tree,14,0.24186586533700463,0.48336897362254144,2020-08-16 14:00:00,2021-08-16 14:00:00,2021-08-16 14:00:00,365,1
1277,2021-08-16 14:00:00,Random Forest,14,0.24186586533700463,0.46467464085482324,2020-08-16 14:00:00,2021-08-16 14:00:00,2021-08-16 14:00:00,365,1
1278,2021-08-16 14:00:00,Neural Network,14,0.24186586533700463,0.11630729692964803,2020-08-16 14:00:00,2021-08-16 14:00:00,2021-08-16 14:00:00,365,1
1279,2021-08-16 14:00:00,Naive,14,0.24186586533700463,-1.139728160506865,2020-08-16 14:00:00,2021-08-16 14:00:00,2021-08-16 14:00:00,365,1
1280,2021-08-17 14:00:00,Decision Tree,14,0.09188368085490582,0.25979594588115135,2020-08-17 14:00:00,2021-08-17 14:00:00,2021-08-17 14:00:00,365,1
1281,2021-08-17 14:00:00,Random Forest,14,0.09188368085490582,0.26379038258922605,2020-08-17 14:00:00,2021-08-17 14:00:00,2021-08-17 14:00:00,365,1
1282,2021-08-17 14:00:00,Neural Network,14,0.09188368085490582,-0.034225901018379856,2020-08-17 14:00:00,2021-08-17 14:00:00,2021-08-17 14:00:00,365,1
1283,2021-08-17 14:00:00,Naive,14,0.09188368085490582,0.24186586533700463,2020-08-17 14:00:00,2021-08-17 14:00:00,2021-08-17 14:00:00,365,1
1284,2021-08-18 14:00:00,Decision Tree,14,1.2517340010619995,1.3942484276683973,2020-08-18 14:00:00,2021-08-18 14:00:00,2021-08-18 14:00:00,365,1
1285,2021-08-18 14:00:00,Random Forest,14,1.2517340010619995,1.43827403292775,2020-08-18 14:00:00,2021-08-18 14:00:00,2021-08-18 14:00:00,365,1
1286,2021-08-18 14:00:00,Neural Network,14,1.2517340010619995,1.4224244462037436,2020-08-18 14:00:00,2021-08-18 14:00:00,2021-08-18 14:00:00,365,1
1287,2021-08-18 14:00:00,Naive,14,1.2517340010619995,0.09188368085490582,2020-08-18 14:00:00,2021-08-18 14:00:00,2021-08-18 14:00:00,365,1
1288,2021-08-19 14:00:00,Decision Tree,14,1.7461090424211907,1.7611463368578708,2020-08-19 14:00:00,2021-08-19 14:00:00,2021-08-19 14:00:00,365,1
1289,2021-08-19 14:00:00,Random Forest,14,1.7461090424211907,1.858253755713904,2020-08-19 14:00:00,2021-08-19 14:00:00,2021-08-19 14:00:00,365,1
1290,2021-08-19 14:00:00,Neural Network,14,1.7461090424211907,1.8506084851495863,2020-08-19 14:00:00,2021-08-19 14:00:00,2021-08-19 14:00:00,365,1
1291,2021-08-19 14:00:00,Naive,14,1.7461090424211907,1.2517340010619995,2020-08-19 14:00:00,2021-08-19 14:00:00,2021-08-19 14:00:00,365,1
1292,2021-08-20 14:00:00,Decision Tree,14,1.6535610580192568,1.7594755263649065,2020-08-20 14:00:00,2021-08-20 14:00:00,2021-08-20 14:00:00,365,1
1293,2021-08-20 14:00:00,Random Forest,14,1.6535610580192568,1.7220681346444329,2020-08-20 14:00:00,2021-08-20 14:00:00,2021-08-20 14:00:00,365,1
1294,2021-08-20 14:00:00,Neural Network,14,1.6535610580192568,1.7399639541849823,2020-08-20 14:00:00,2021-08-20 14:00:00,2021-08-20 14:00:00,365,1
1295,2021-08-20 14:00:00,Naive,14,1.6535610580192568,1.7461090424211907,2020-08-20 14:00:00,2021-08-20 14:00:00,2021-08-20 14:00:00,365,1
1296,2021-08-21 14:00:00,Decision Tree,14,1.4645033843464557,1.583273219884295,2020-08-21 14:00:00,2021-08-21 14:00:00,2021-08-21 14:00:00,365,1
1297,2021-08-21 14:00:00,Random Forest,14,1.4645033843464557,1.5739196359162468,2020-08-21 14:00:00,2021-08-21 14:00:00,2021-08-21 14:00:00,365,1
1298,2021-08-21 14:00:00,Neural Network,14,1.4645033843464557,1.4752010097531978,2020-08-21 14:00:00,2021-08-21 14:00:00,2021-08-21 14:00:00,365,1
1299,2021-08-21 14:00:00,Naive,14,1.4645033843464557,1.6535610580192568,2020-08-21 14:00:00,2021-08-21 14:00:00,2021-08-21 14:00:00,365,1
1300,2021-08-22 14:00:00,Decision Tree,14,1.2592592821579771,1.3704960232339978,2020-08-22 14:00:00,2021-08-22 14:00:00,2021-08-22 14:00:00,365,1
1301,2021-08-22 14:00:00,Random Forest,14,1.2592592821579771,1.402536772523227,2020-08-22 14:00:00,2021-08-22 14:00:00,2021-08-22 14:00:00,365,1
1302,2021-08-22 14:00:00,Neural Network,14,1.2592592821579771,1.2777655199127596,2020-08-22 14:00:00,2021-08-22 14:00:00,2021-08-22 14:00:00,365,1
1303,2021-08-22 14:00:00,Naive,14,1.2592592821579771,1.4645033843464557,2020-08-22 14:00:00,2021-08-22 14:00:00,2021-08-22 14:00:00,365,1
1304,2021-08-23 14:00:00,Decision Tree,14,1.6512390974049924,1.7961902086204689,2020-08-23 14:00:00,2021-08-23 14:00:00,2021-08-23 14:00:00,365,1
1305,2021-08-23 14:00:00,Random Forest,14,1.6512390974049924,1.7693430929609884,2020-08-23 14:00:00,2021-08-23 14:00:00,2021-08-23 14:00:00,365,1
1306,2021-08-23 14:00:00,Neural Network,14,1.6512390974049924,1.7847287270638488,2020-08-23 14:00:00,2021-08-23 14:00:00,2021-08-23 14:00:00,365,1
1307,2021-08-23 14:00:00,Naive,14,1.6512390974049924,1.2592592821579771,2020-08-23 14:00:00,2021-08-23 14:00:00,2021-08-23 14:00:00,365,1
1308,2021-08-24 14:00:00,Decision Tree,14,1.5353708456070227,1.5615636425364225,2020-08-24 14:00:00,2021-08-24 14:00:00,2021-08-24 14:00:00,365,1
1309,2021-08-24 14:00:00,Random Forest,14,1.5353708456070227,1.6302165272767082,2020-08-24 14:00:00,2021-08-24 14:00:00,2021-08-24 14:00:00,365,1
1310,2021-08-24 14:00:00,Neural Network,14,1.5353708456070227,1.6826804922355258,2020-08-24 14:00:00,2021-08-24 14:00:00,2021-08-24 14:00:00,365,1
1311,2021-08-24 14:00:00,Naive,14,1.5353708456070227,1.6512390974049924,2020-08-24 14:00:00,2021-08-24 14:00:00,2021-08-24 14:00:00,365,1
1312,2021-08-25 14:00:00,Decision Tree,14,1.0780438517580195,1.2372669108104901,2020-08-25 14:00:00,2021-08-25 14:00:00,2021-08-25 14:00:00,365,1
1313,2021-08-25 14:00:00,Random Forest,14,1.0780438517580195,1.236118798203319,2020-08-25 14:00:00,2021-08-25 14:00:00,2021-08-25 14:00:00,365,1
1314,2021-08-25 14:00:00,Neural Network,14,1.0780438517580195,1.223771853826548,2020-08-25 14:00:00,2021-08-25 14:00:00,2021-08-25 14:00:00,365,1
1315,2021-08-25 14:00:00,Naive,14,1.0780438517580195,1.5353708456070227,2020-08-25 14:00:00,2021-08-25 14:00:00,2021-08-25 14:00:00,365,1
1316,2021-08-26 14:00:00,Decision Tree,14,1.6340095164896224,1.694629888779729,2020-08-26 14:00:00,2021-08-26 14:00:00,2021-08-26 14:00:00,365,1
1317,2021-08-26 14:00:00,Random Forest,14,1.6340095164896224,1.7067351585498538,2020-08-26 14:00:00,2021-08-26 14:00:00,2021-08-26 14:00:00,365,1
1318,2021-08-26 14:00:00,Neural Network,14,1.6340095164896224,1.858011424203465,2020-08-26 14:00:00,2021-08-26 14:00:00,2021-08-26 14:00:00,365,1
1319,2021-08-26 14:00:00,Naive,14,1.6340095164896224,1.0780438517580195,2020-08-26 14:00:00,2021-08-26 14:00:00,2021-08-26 14:00:00,365,1
1320,2021-08-27 14:00:00,Decision Tree,14,1.6058396386070304,1.685969835595428,2020-08-27 14:00:00,2021-08-27 14:00:00,2021-08-27 14:00:00,365,1
1321,2021-08-27 14:00:00,Random Forest,14,1.6058396386070304,1.6649378412844031,2020-08-27 14:00:00,2021-08-27 14:00:00,2021-08-27 14:00:00,365,1
1322,2021-08-27 14:00:00,Neural Network,14,1.6058396386070304,1.8283305046537932,2020-08-27 14:00:00,2021-08-27 14:00:00,2021-08-27 14:00:00,365,1
1323,2021-08-27 14:00:00,Naive,14,1.6058396386070304,1.6340095164896224,2020-08-27 14:00:00,2021-08-27 14:00:00,2021-08-27 14:00:00,365,1
1324,2021-08-28 14:00:00,Decision Tree,14,1.275147753038998,1.376935675909531,2020-08-28 14:00:00,2021-08-28 14:00:00,2021-08-28 14:00:00,365,1
1325,2021-08-28 14:00:00,Random Forest,14,1.275147753038998,1.4320131793916149,2020-08-28 14:00:00,2021-08-28 14:00:00,2021-08-28 14:00:00,365,1
1326,2021-08-28 14:00:00,Neural Network,14,1.275147753038998,1.4528267063564608,2020-08-28 14:00:00,2021-08-28 14:00:00,2021-08-28 14:00:00,365,1
1327,2021-08-28 14:00:00,Naive,14,1.275147753038998,1.6058396386070304,2020-08-28 14:00:00,2021-08-28 14:00:00,2021-08-28 14:00:00,365,1
1328,2021-08-29 14:00:00,Decision Tree,14,1.3910005374053875,1.5898127386689458,2020-08-29 14:00:00,2021-08-29 14:00:00,2021-08-29 14:00:00,365,1
1329,2021-08-29 14:00:00,Random Forest,14,1.3910005374053875,1.5216604385248855,2020-08-29 14:00:00,2021-08-29 14:00:00,2021-08-29 14:00:00,365,1
1330,2021-08-29 14:00:00,Neural Network,14,1.3910005374053875,1.4582024499044148,2020-08-29 14:00:00,2021-08-29 14:00:00,2021-08-29 14:00:00,365,1
1331,2021-08-29 14:00:00,Naive,14,1.3910005374053875,1.275147753038998,2020-08-29 14:00:00,2021-08-29 14:00:00,2021-08-29 14:00:00,365,1
1332,2021-08-30 14:00:00,Decision Tree,14,1.9485549888930465,1.772031690084556,2020-08-30 14:00:00,2021-08-30 14:00:00,2021-08-30 14:00:00,365,1
1333,2021-08-30 14:00:00,Random Forest,14,1.9485549888930465,1.8921355647298344,2020-08-30 14:00:00,2021-08-30 14:00:00,2021-08-30 14:00:00,365,1
1334,2021-08-30 14:00:00,Neural Network,14,1.9485549888930465,2.2248428015958965,2020-08-30 14:00:00,2021-08-30 14:00:00,2021-08-30 14:00:00,365,1
1335,2021-08-30 14:00:00,Naive,14,1.9485549888930465,1.3910005374053875,2020-08-30 14:00:00,2021-08-30 14:00:00,2021-08-30 14:00:00,365,1
1336,2021-08-31 14:00:00,Decision Tree,14,1.8243217139761718,1.8232737208170495,2020-08-31 14:00:00,2021-08-31 14:00:00,2021-08-31 14:00:00,365,1
1337,2021-08-31 14:00:00,Random Forest,14,1.8243217139761718,1.884650584384456,2020-08-31 14:00:00,2021-08-31 14:00:00,2021-08-31 14:00:00,365,1
1338,2021-08-31 14:00:00,Neural Network,14,1.8243217139761718,2.0747383984943157,2020-08-31 14:00:00,2021-08-31 14:00:00,2021-08-31 14:00:00,365,1
1339,2021-08-31 14:00:00,Naive,14,1.8243217139761718,1.9485549888930465,2020-08-31 14:00:00,2021-08-31 14:00:00,2021-08-31 14:00:00,365,1
1340,2021-09-01 14:00:00,Decision Tree,14,1.7853954910411087,1.8006333554220693,2020-09-01 14:00:00,2021-09-01 14:00:00,2021-09-01 14:00:00,365,1
1341,2021-09-01 14:00:00,Random Forest,14,1.7853954910411087,1.838667543405685,2020-09-01 14:00:00,2021-09-01 14:00:00,2021-09-01 14:00:00,365,1
1342,2021-09-01 14:00:00,Neural Network,14,1.7853954910411087,2.0340996257644792,2020-09-01 14:00:00,2021-09-01 14:00:00,2021-09-01 14:00:00,365,1
1343,2021-09-01 14:00:00,Naive,14,1.7853954910411087,1.8243217139761718,2020-09-01 14:00:00,2021-09-01 14:00:00,2021-09-01 14:00:00,365,1
1344,2021-09-02 14:00:00,Decision Tree,14,1.831739171354472,1.7989402593797403,2020-09-02 14:00:00,2021-09-02 14:00:00,2021-09-02 14:00:00,365,1
1345,2021-09-02 14:00:00,Random Forest,14,1.831739171354472,1.838824415496166,2020-09-02 14:00:00,2021-09-02 14:00:00,2021-09-02 14:00:00,365,1
1346,2021-09-02 14:00:00,Neural Network,14,1.831739171354472,2.1005800401656454,2020-09-02 14:00:00,2021-09-02 14:00:00,2021-09-02 14:00:00,365,1
1347,2021-09-02 14:00:00,Naive,14,1.831739171354472,1.7853954910411087,2020-09-02 14:00:00,2021-09-02 14:00:00,2021-09-02 14:00:00,365,1
1348,2021-09-03 14:00:00,Decision Tree,14,1.6628895481877926,1.7605249965605565,2020-09-03 14:00:00,2021-09-03 14:00:00,2021-09-03 14:00:00,365,1
1349,2021-09-03 14:00:00,Random Forest,14,1.6628895481877926,1.7602616547920342,2020-09-03 14:00:00,2021-09-03 14:00:00,2021-09-03 14:00:00,365,1
1350,2021-09-03 14:00:00,Neural Network,14,1.6628895481877926,1.7911148692573935,2020-09-03 14:00:00,2021-09-03 14:00:00,2021-09-03 14:00:00,365,1
1351,2021-09-03 14:00:00,Naive,14,1.6628895481877926,1.831739171354472,2020-09-03 14:00:00,2021-09-03 14:00:00,2021-09-03 14:00:00,365,1
1352,2021-09-04 14:00:00,Decision Tree,14,1.5747583520572421,1.6584676182047822,2020-09-04 14:00:00,2021-09-04 14:00:00,2021-09-04 14:00:00,365,1
1353,2021-09-04 14:00:00,Random Forest,14,1.5747583520572421,1.619425385578602,2020-09-04 14:00:00,2021-09-04 14:00:00,2021-09-04 14:00:00,365,1
1354,2021-09-04 14:00:00,Neural Network,14,1.5747583520572421,1.7722811653588089,2020-09-04 14:00:00,2021-09-04 14:00:00,2021-09-04 14:00:00,365,1
1355,2021-09-04 14:00:00,Naive,14,1.5747583520572421,1.6628895481877926,2020-09-04 14:00:00,2021-09-04 14:00:00,2021-09-04 14:00:00,365,1
1356,2021-09-05 14:00:00,Decision Tree,14,0.929802303561402,1.1921974111139142,2020-09-05 14:00:00,2021-09-05 14:00:00,2021-09-05 14:00:00,365,1
1357,2021-09-05 14:00:00,Random Forest,14,0.929802303561402,1.2179851176316332,2020-09-05 14:00:00,2021-09-05 14:00:00,2021-09-05 14:00:00,365,1
1358,2021-09-05 14:00:00,Neural Network,14,0.929802303561402,1.1520242482730498,2020-09-05 14:00:00,2021-09-05 14:00:00,2021-09-05 14:00:00,365,1
1359,2021-09-05 14:00:00,Naive,14,0.929802303561402,1.5747583520572421,2020-09-05 14:00:00,2021-09-05 14:00:00,2021-09-05 14:00:00,365,1
1360,2021-09-06 14:00:00,Decision Tree,14,1.9293548121923954,1.8378674878029566,2020-09-06 14:00:00,2021-09-06 14:00:00,2021-09-06 14:00:00,365,1
1361,2021-09-06 14:00:00,Random Forest,14,1.9293548121923954,1.8677698510253478,2020-09-06 14:00:00,2021-09-06 14:00:00,2021-09-06 14:00:00,365,1
1362,2021-09-06 14:00:00,Neural Network,14,1.9293548121923954,2.2451656990002014,2020-09-06 14:00:00,2021-09-06 14:00:00,2021-09-06 14:00:00,365,1
1363,2021-09-06 14:00:00,Naive,14,1.9293548121923954,0.929802303561402,2020-09-06 14:00:00,2021-09-06 14:00:00,2021-09-06 14:00:00,365,1
1364,2021-09-07 14:00:00,Decision Tree,14,1.9619036486959087,2.0793024193776546,2020-09-07 14:00:00,2021-09-07 14:00:00,2021-09-07 14:00:00,365,1
1365,2021-09-07 14:00:00,Random Forest,14,1.9619036486959087,1.920758866865071,2020-09-07 14:00:00,2021-09-07 14:00:00,2021-09-07 14:00:00,365,1
1366,2021-09-07 14:00:00,Neural Network,14,1.9619036486959087,2.3050011729010462,2020-09-07 14:00:00,2021-09-07 14:00:00,2021-09-07 14:00:00,365,1
1367,2021-09-07 14:00:00,Naive,14,1.9619036486959087,1.9293548121923954,2020-09-07 14:00:00,2021-09-07 14:00:00,2021-09-07 14:00:00,365,1
1368,2021-09-08 14:00:00,Decision Tree,14,1.8931397388706177,1.8509371055728765,2020-09-08 14:00:00,2021-09-08 14:00:00,2021-09-08 14:00:00,365,1
1369,2021-09-08 14:00:00,Random Forest,14,1.8931397388706177,1.8900675258020438,2020-09-08 14:00:00,2021-09-08 14:00:00,2021-09-08 14:00:00,365,1
1370,2021-09-08 14:00:00,Neural Network,14,1.8931397388706177,2.152391950724333,2020-09-08 14:00:00,2021-09-08 14:00:00,2021-09-08 14:00:00,365,1
1371,2021-09-08 14:00:00,Naive,14,1.8931397388706177,1.9619036486959087,2020-09-08 14:00:00,2021-09-08 14:00:00,2021-09-08 14:00:00,365,1
1372,2021-09-09 14:00:00,Decision Tree,14,2.0203525050641185,1.8286316127992184,2020-09-09 14:00:00,2021-09-09 14:00:00,2021-09-09 14:00:00,365,1
1373,2021-09-09 14:00:00,Random Forest,14,2.0203525050641185,1.9411755773827815,2020-09-09 14:00:00,2021-09-09 14:00:00,2021-09-09 14:00:00,365,1
1374,2021-09-09 14:00:00,Neural Network,14,2.0203525050641185,2.376199367606896,2020-09-09 14:00:00,2021-09-09 14:00:00,2021-09-09 14:00:00,365,1
1375,2021-09-09 14:00:00,Naive,14,2.0203525050641185,1.8931397388706177,2020-09-09 14:00:00,2021-09-09 14:00:00,2021-09-09 14:00:00,365,1
1376,2021-09-10 14:00:00,Decision Tree,14,2.1066347018101186,1.9581327642485684,2020-09-10 14:00:00,2021-09-10 14:00:00,2021-09-10 14:00:00,365,1
1377,2021-09-10 14:00:00,Random Forest,14,2.1066347018101186,1.9877400332670556,2020-09-10 14:00:00,2021-09-10 14:00:00,2021-09-10 14:00:00,365,1
1378,2021-09-10 14:00:00,Neural Network,14,2.1066347018101186,2.2614551364106052,2020-09-10 14:00:00,2021-09-10 14:00:00,2021-09-10 14:00:00,365,1
1379,2021-09-10 14:00:00,Naive,14,2.1066347018101186,2.0203525050641185,2020-09-10 14:00:00,2021-09-10 14:00:00,2021-09-10 14:00:00,365,1
1380,2021-09-11 14:00:00,Decision Tree,14,1.9137413066433557,2.16328678243658,2020-09-11 14:00:00,2021-09-11 14:00:00,2021-09-11 14:00:00,365,1
1381,2021-09-11 14:00:00,Random Forest,14,1.9137413066433557,1.9080019575337595,2020-09-11 14:00:00,2021-09-11 14:00:00,2021-09-11 14:00:00,365,1
1382,2021-09-11 14:00:00,Neural Network,14,1.9137413066433557,2.0033047821731893,2020-09-11 14:00:00,2021-09-11 14:00:00,2021-09-11 14:00:00,365,1
1383,2021-09-11 14:00:00,Naive,14,1.9137413066433557,2.1066347018101186,2020-09-11 14:00:00,2021-09-11 14:00:00,2021-09-11 14:00:00,365,1
1384,2021-09-12 14:00:00,Decision Tree,14,1.1938135735676687,1.09939388457525,2020-09-12 14:00:00,2021-09-12 14:00:00,2021-09-12 14:00:00,365,1
1385,2021-09-12 14:00:00,Random Forest,14,1.1938135735676687,1.2557231170682623,2020-09-12 14:00:00,2021-09-12 14:00:00,2021-09-12 14:00:00,365,1
1386,2021-09-12 14:00:00,Neural Network,14,1.1938135735676687,1.3657039270327131,2020-09-12 14:00:00,2021-09-12 14:00:00,2021-09-12 14:00:00,365,1
1387,2021-09-12 14:00:00,Naive,14,1.1938135735676687,1.9137413066433557,2020-09-12 14:00:00,2021-09-12 14:00:00,2021-09-12 14:00:00,365,1
1388,2021-09-13 14:00:00,Decision Tree,14,2.079004933237242,1.9793473267573614,2020-09-13 14:00:00,2021-09-13 14:00:00,2021-09-13 14:00:00,365,1
1389,2021-09-13 14:00:00,Random Forest,14,2.079004933237242,2.0100441715363124,2020-09-13 14:00:00,2021-09-13 14:00:00,2021-09-13 14:00:00,365,1
1390,2021-09-13 14:00:00,Neural Network,14,2.079004933237242,2.364325056477851,2020-09-13 14:00:00,2021-09-13 14:00:00,2021-09-13 14:00:00,365,1
1391,2021-09-13 14:00:00,Naive,14,2.079004933237242,1.1938135735676687,2020-09-13 14:00:00,2021-09-13 14:00:00,2021-09-13 14:00:00,365,1
1392,2021-09-14 14:00:00,Decision Tree,14,2.1498156503794816,1.9849325600971355,2020-09-14 14:00:00,2021-09-14 14:00:00,2021-09-14 14:00:00,365,1
1393,2021-09-14 14:00:00,Random Forest,14,2.1498156503794816,2.0242522376891583,2020-09-14 14:00:00,2021-09-14 14:00:00,2021-09-14 14:00:00,365,1
1394,2021-09-14 14:00:00,Neural Network,14,2.1498156503794816,2.558858931038345,2020-09-14 14:00:00,2021-09-14 14:00:00,2021-09-14 14:00:00,365,1
1395,2021-09-14 14:00:00,Naive,14,2.1498156503794816,2.079004933237242,2020-09-14 14:00:00,2021-09-14 14:00:00,2021-09-14 14:00:00,365,1
1396,2021-09-15 14:00:00,Decision Tree,14,2.5994960678457595,2.194902725019994,2020-09-15 14:00:00,2021-09-15 14:00:00,2021-09-15 14:00:00,365,1
1397,2021-09-15 14:00:00,Random Forest,14,2.5994960678457595,2.1038916271448773,2020-09-15 14:00:00,2021-09-15 14:00:00,2021-09-15 14:00:00,365,1
1398,2021-09-15 14:00:00,Neural Network,14,2.5994960678457595,3.3896658498008576,2020-09-15 14:00:00,2021-09-15 14:00:00,2021-09-15 14:00:00,365,1
1399,2021-09-15 14:00:00,Naive,14,2.5994960678457595,2.1498156503794816,2020-09-15 14:00:00,2021-09-15 14:00:00,2021-09-15 14:00:00,365,1
1400,2021-09-16 14:00:00,Decision Tree,14,2.2041302676777508,2.2359883300047763,2020-09-16 14:00:00,2021-09-16 14:00:00,2021-09-16 14:00:00,365,1
1401,2021-09-16 14:00:00,Random Forest,14,2.2041302676777508,2.2355462246014017,2020-09-16 14:00:00,2021-09-16 14:00:00,2021-09-16 14:00:00,365,1
1402,2021-09-16 14:00:00,Neural Network,14,2.2041302676777508,2.6424602750749764,2020-09-16 14:00:00,2021-09-16 14:00:00,2021-09-16 14:00:00,365,1
1403,2021-09-16 14:00:00,Naive,14,2.2041302676777508,2.5994960678457595,2020-09-16 14:00:00,2021-09-16 14:00:00,2021-09-16 14:00:00,365,1
1404,2021-09-17 14:00:00,Decision Tree,14,2.298016554097772,2.0747310872272906,2020-09-17 14:00:00,2021-09-17 14:00:00,2021-09-17 14:00:00,365,1
1405,2021-09-17 14:00:00,Random Forest,14,2.298016554097772,2.1197420919710663,2020-09-17 14:00:00,2021-09-17 14:00:00,2021-09-17 14:00:00,365,1
1406,2021-09-17 14:00:00,Neural Network,14,2.298016554097772,2.5414772562349084,2020-09-17 14:00:00,2021-09-17 14:00:00,2021-09-17 14:00:00,365,1
1407,2021-09-17 14:00:00,Naive,14,2.298016554097772,2.2041302676777508,2020-09-17 14:00:00,2021-09-17 14:00:00,2021-09-17 14:00:00,365,1
1408,2021-09-18 14:00:00,Decision Tree,14,1.872677639305796,1.8407901404912381,2020-09-18 14:00:00,2021-09-18 14:00:00,2021-09-18 14:00:00,365,1
1409,2021-09-18 14:00:00,Random Forest,14,1.872677639305796,1.8995015793362098,2020-09-18 14:00:00,2021-09-18 14:00:00,2021-09-18 14:00:00,365,1
1410,2021-09-18 14:00:00,Neural Network,14,1.872677639305796,1.8926720163069832,2020-09-18 14:00:00,2021-09-18 14:00:00,2021-09-18 14:00:00,365,1
1411,2021-09-18 14:00:00,Naive,14,1.872677639305796,2.298016554097772,2020-09-18 14:00:00,2021-09-18 14:00:00,2021-09-18 14:00:00,365,1
1412,2021-09-19 14:00:00,Decision Tree,14,1.2832564181038992,1.1151304994073197,2020-09-19 14:00:00,2021-09-19 14:00:00,2021-09-19 14:00:00,365,1
1413,2021-09-19 14:00:00,Random Forest,14,1.2832564181038992,1.3548729726592672,2020-09-19 14:00:00,2021-09-19 14:00:00,2021-09-19 14:00:00,365,1
1414,2021-09-19 14:00:00,Neural Network,14,1.2832564181038992,1.4786144120947262,2020-09-19 14:00:00,2021-09-19 14:00:00,2021-09-19 14:00:00,365,1
1415,2021-09-19 14:00:00,Naive,14,1.2832564181038992,1.872677639305796,2020-09-19 14:00:00,2021-09-19 14:00:00,2021-09-19 14:00:00,365,1
1416,2021-09-20 14:00:00,Decision Tree,14,2.301877225178845,2.239759600225523,2020-09-20 14:00:00,2021-09-20 14:00:00,2021-09-20 14:00:00,365,1
1417,2021-09-20 14:00:00,Random Forest,14,2.301877225178845,2.2062411947961817,2020-09-20 14:00:00,2021-09-20 14:00:00,2021-09-20 14:00:00,365,1
1418,2021-09-20 14:00:00,Neural Network,14,2.301877225178845,2.676663254404899,2020-09-20 14:00:00,2021-09-20 14:00:00,2021-09-20 14:00:00,365,1
1419,2021-09-20 14:00:00,Naive,14,2.301877225178845,1.2832564181038992,2020-09-20 14:00:00,2021-09-20 14:00:00,2021-09-20 14:00:00,365,1
1420,2021-09-21 14:00:00,Decision Tree,14,2.1700934724129044,2.063542287837374,2020-09-21 14:00:00,2021-09-21 14:00:00,2021-09-21 14:00:00,365,1
1421,2021-09-21 14:00:00,Random Forest,14,2.1700934724129044,2.119397680016956,2020-09-21 14:00:00,2021-09-21 14:00:00,2021-09-21 14:00:00,365,1
1422,2021-09-21 14:00:00,Neural Network,14,2.1700934724129044,2.3050794543477036,2020-09-21 14:00:00,2021-09-21 14:00:00,2021-09-21 14:00:00,365,1
1423,2021-09-21 14:00:00,Naive,14,2.1700934724129044,2.301877225178845,2020-09-21 14:00:00,2021-09-21 14:00:00,2021-09-21 14:00:00,365,1
1424,2021-09-22 14:00:00,Decision Tree,14,2.1951133989822007,2.02587330752504,2020-09-22 14:00:00,2021-09-22 14:00:00,2021-09-22 14:00:00,365,1
1425,2021-09-22 14:00:00,Random Forest,14,2.1951133989822007,2.171857836884712,2020-09-22 14:00:00,2021-09-22 14:00:00,2021-09-22 14:00:00,365,1
1426,2021-09-22 14:00:00,Neural Network,14,2.1951133989822007,2.3211877852875964,2020-09-22 14:00:00,2021-09-22 14:00:00,2021-09-22 14:00:00,365,1
1427,2021-09-22 14:00:00,Naive,14,2.1951133989822007,2.1700934724129044,2020-09-22 14:00:00,2021-09-22 14:00:00,2021-09-22 14:00:00,365,1
1428,2021-09-23 14:00:00,Decision Tree,14,-1.4026181399739537,-1.6182199778471327,2020-09-23 14:00:00,2021-09-23 14:00:00,2021-09-23 14:00:00,365,1
1429,2021-09-23 14:00:00,Random Forest,14,-1.4026181399739537,-1.5904557954471739,2020-09-23 14:00:00,2021-09-23 14:00:00,2021-09-23 14:00:00,365,1
1430,2021-09-23 14:00:00,Neural Network,14,-1.4026181399739537,-1.2207335090605547,2020-09-23 14:00:00,2021-09-23 14:00:00,2021-09-23 14:00:00,365,1
1431,2021-09-23 14:00:00,Naive,14,-1.4026181399739537,2.1951133989822007,2020-09-23 14:00:00,2021-09-23 14:00:00,2021-09-23 14:00:00,365,1
1432,2021-09-24 14:00:00,Decision Tree,14,1.4498412791446063,1.6479279369664108,2020-09-24 14:00:00,2021-09-24 14:00:00,2021-09-24 14:00:00,365,1
1433,2021-09-24 14:00:00,Random Forest,14,1.4498412791446063,1.614687288309155,2020-09-24 14:00:00,2021-09-24 14:00:00,2021-09-24 14:00:00,365,1
1434,2021-09-24 14:00:00,Neural Network,14,1.4498412791446063,1.5387244730341187,2020-09-24 14:00:00,2021-09-24 14:00:00,2021-09-24 14:00:00,365,1
1435,2021-09-24 14:00:00,Naive,14,1.4498412791446063,-1.4026181399739537,2020-09-24 14:00:00,2021-09-24 14:00:00,2021-09-24 14:00:00,365,1
1436,2021-09-25 14:00:00,Decision Tree,14,1.7854309139472369,1.8366475012452936,2020-09-25 14:00:00,2021-09-25 14:00:00,2021-09-25 14:00:00,365,1
1437,2021-09-25 14:00:00,Random Forest,14,1.7854309139472369,1.8419532585695741,2020-09-25 14:00:00,2021-09-25 14:00:00,2021-09-25 14:00:00,365,1
1438,2021-09-25 14:00:00,Neural Network,14,1.7854309139472369,1.774545538015447,2020-09-25 14:00:00,2021-09-25 14:00:00,2021-09-25 14:00:00,365,1
1439,2021-09-25 14:00:00,Naive,14,1.7854309139472369,1.4498412791446063,2020-09-25 14:00:00,2021-09-25 14:00:00,2021-09-25 14:00:00,365,1
1440,2021-09-26 14:00:00,Decision Tree,14,1.6126976736220227,1.8293308459169997,2020-09-26 14:00:00,2021-09-26 14:00:00,2021-09-26 14:00:00,365,1
1441,2021-09-26 14:00:00,Random Forest,14,1.6126976736220227,1.773800258668645,2020-09-26 14:00:00,2021-09-26 14:00:00,2021-09-26 14:00:00,365,1
1442,2021-09-26 14:00:00,Neural Network,14,1.6126976736220227,1.6701119215805855,2020-09-26 14:00:00,2021-09-26 14:00:00,2021-09-26 14:00:00,365,1
1443,2021-09-26 14:00:00,Naive,14,1.6126976736220227,1.7854309139472369,2020-09-26 14:00:00,2021-09-26 14:00:00,2021-09-26 14:00:00,365,1
1444,2021-09-27 14:00:00,Decision Tree,14,1.9956075920330423,2.3183163370418884,2020-09-27 14:00:00,2021-09-27 14:00:00,2021-09-27 14:00:00,365,1
1445,2021-09-27 14:00:00,Random Forest,14,1.9956075920330423,2.072350925678911,2020-09-27 14:00:00,2021-09-27 14:00:00,2021-09-27 14:00:00,365,1
1446,2021-09-27 14:00:00,Neural Network,14,1.9956075920330423,2.22012399946799,2020-09-27 14:00:00,2021-09-27 14:00:00,2021-09-27 14:00:00,365,1
1447,2021-09-27 14:00:00,Naive,14,1.9956075920330423,1.6126976736220227,2020-09-27 14:00:00,2021-09-27 14:00:00,2021-09-27 14:00:00,365,1
1448,2021-09-28 14:00:00,Decision Tree,14,2.186480321920485,2.1401324313643895,2020-09-28 14:00:00,2021-09-28 14:00:00,2021-09-28 14:00:00,365,1
1449,2021-09-28 14:00:00,Random Forest,14,2.186480321920485,2.094097386231698,2020-09-28 14:00:00,2021-09-28 14:00:00,2021-09-28 14:00:00,365,1
1450,2021-09-28 14:00:00,Neural Network,14,2.186480321920485,2.3051733026444423,2020-09-28 14:00:00,2021-09-28 14:00:00,2021-09-28 14:00:00,365,1
1451,2021-09-28 14:00:00,Naive,14,2.186480321920485,1.9956075920330423,2020-09-28 14:00:00,2021-09-28 14:00:00,2021-09-28 14:00:00,365,1
1452,2021-09-29 14:00:00,Decision Tree,14,1.8859828206291862,2.3183163370418884,2020-09-29 14:00:00,2021-09-29 14:00:00,2021-09-29 14:00:00,365,1
1453,2021-09-29 14:00:00,Random Forest,14,1.8859828206291862,2.1165091807682006,2020-09-29 14:00:00,2021-09-29 14:00:00,2021-09-29 14:00:00,365,1
1454,2021-09-29 14:00:00,Neural Network,14,1.8859828206291862,2.015096489143587,2020-09-29 14:00:00,2021-09-29 14:00:00,2021-09-29 14:00:00,365,1
1455,2021-09-29 14:00:00,Naive,14,1.8859828206291862,2.186480321920485,2020-09-29 14:00:00,2021-09-29 14:00:00,2021-09-29 14:00:00,365,1
1456,2021-09-30 14:00:00,Decision Tree,14,1.3516867720400574,1.5670928720039141,2020-09-30 14:00:00,2021-09-30 14:00:00,2021-09-30 14:00:00,365,1
1457,2021-09-30 14:00:00,Random Forest,14,1.3516867720400574,1.546320144514103,2020-09-30 14:00:00,2021-09-30 14:00:00,2021-09-30 14:00:00,365,1
1458,2021-09-30 14:00:00,Neural Network,14,1.3516867720400574,1.4958682694525742,2020-09-30 14:00:00,2021-09-30 14:00:00,2021-09-30 14:00:00,365,1
1459,2021-09-30 14:00:00,Naive,14,1.3516867720400574,1.8859828206291862,2020-09-30 14:00:00,2021-09-30 14:00:00,2021-09-30 14:00:00,365,1
