,timestamp,model,hour,y_true,y_pred,train_start,train_end,test_day,train_rows,test_rows
0,2020-10-01 03:00:00,Decision Tree,3,-0.43149535021809254,-0.41836972395452904,2019-10-01 03:00:00,2020-10-01 03:00:00,2020-10-01 03:00:00,366,1
1,2020-10-01 03:00:00,Random Forest,3,-0.43149535021809254,-0.4255790657105635,2019-10-01 03:00:00,2020-10-01 03:00:00,2020-10-01 03:00:00,366,1
2,2020-10-01 03:00:00,Neural Network,3,-0.43149535021809254,-0.37708083414402394,2019-10-01 03:00:00,2020-10-01 03:00:00,2020-10-01 03:00:00,366,1
3,2020-10-01 03:00:00,Naive,3,-0.43149535021809254,0.1262832864180001,2019-10-01 03:00:00,2020-10-01 03:00:00,2020-10-01 03:00:00,366,1
4,2020-10-02 03:00:00,Decision Tree,3,-0.22343159962121384,-0.2409864096033681,2019-10-02 03:00:00,2020-10-02 03:00:00,2020-10-02 03:00:00,366,1
5,2020-10-02 03:00:00,Random Forest,3,-0.22343159962121384,-0.22605702437282996,2019-10-02 03:00:00,2020-10-02 03:00:00,2020-10-02 03:00:00,366,1
6,2020-10-02 03:00:00,Neural Network,3,-0.22343159962121384,-0.21969735603168905,2019-10-02 03:00:00,2020-10-02 03:00:00,2020-10-02 03:00:00,366,1
7,2020-10-02 03:00:00,Naive,3,-0.22343159962121384,-0.43149535021809254,2019-10-02 03:00:00,2020-10-02 03:00:00,2020-10-02 03:00:00,366,1
8,2020-10-03 03:00:00,Decision Tree,3,-1.7952150626072834,-1.7699726981738837,2019-10-03 03:00:00,2020-10-03 03:00:00,2020-10-03 03:00:00,366,1
9,2020-10-03 03:00:00,Random Forest,3,-1.7952150626072834,-1.7877480072548708,2019-10-03 03:00:00,2020-10-03 03:00:00,2020-10-03 03:00:00,366,1
10,2020-10-03 03:00:00,Neural Network,3,-1.7952150626072834,-1.318718308863844,2019-10-03 03:00:00,2020-10-03 03:00:00,2020-10-03 03:00:00,366,1
11,2020-10-03 03:00:00,Naive,3,-1.7952150626072834,-0.22343159962121384,2019-10-03 03:00:00,2020-10-03 03:00:00,2020-10-03 03:00:00,366,1
12,2020-10-04 03:00:00,Decision Tree,3,-1.4403742473677719,-1.4193643593538188,2019-10-04 03:00:00,2020-10-04 03:00:00,2020-10-04 03:00:00,366,1
13,2020-10-04 03:00:00,Random Forest,3,-1.4403742473677719,-1.4306640640915789,2019-10-04 03:00:00,2020-10-04 03:00:00,2020-10-04 03:00:00,366,1
14,2020-10-04 03:00:00,Neural Network,3,-1.4403742473677719,-1.3741781937033735,2019-10-04 03:00:00,2020-10-04 03:00:00,2020-10-04 03:00:00,366,1
15,2020-10-04 03:00:00,Naive,3,-1.4403742473677719,-1.7952150626072834,2019-10-04 03:00:00,2020-10-04 03:00:00,2020-10-04 03:00:00,366,1
16,2020-10-05 03:00:00,Decision Tree,3,-1.4824092824987543,-1.495323369283863,2019-10-05 03:00:00,2020-10-05 03:00:00,2020-10-05 03:00:00,366,1
17,2020-10-05 03:00:00,Random Forest,3,-1.4824092824987543,-1.4841632073501063,2019-10-05 03:00:00,2020-10-05 03:00:00,2020-10-05 03:00:00,366,1
18,2020-10-05 03:00:00,Neural Network,3,-1.4824092824987543,-1.4897284914222784,2019-10-05 03:00:00,2020-10-05 03:00:00,2020-10-05 03:00:00,366,1
19,2020-10-05 03:00:00,Naive,3,-1.4824092824987543,-1.4403742473677719,2019-10-05 03:00:00,2020-10-05 03:00:00,2020-10-05 03:00:00,366,1
20,2020-10-06 03:00:00,Decision Tree,3,-1.3385854992959456,-1.2868696659483037,2019-10-06 03:00:00,2020-10-06 03:00:00,2020-10-06 03:00:00,366,1
21,2020-10-06 03:00:00,Random Forest,3,-1.3385854992959456,-1.3194298183621274,2019-10-06 03:00:00,2020-10-06 03:00:00,2020-10-06 03:00:00,366,1
22,2020-10-06 03:00:00,Neural Network,3,-1.3385854992959456,-1.3176260782584492,2019-10-06 03:00:00,2020-10-06 03:00:00,2020-10-06 03:00:00,366,1
23,2020-10-06 03:00:00,Naive,3,-1.3385854992959456,-1.4824092824987543,2019-10-06 03:00:00,2020-10-06 03:00:00,2020-10-06 03:00:00,366,1
24,2020-10-07 03:00:00,Decision Tree,3,-1.0327111150207087,-1.040334583111954,2019-10-07 03:00:00,2020-10-07 03:00:00,2020-10-07 03:00:00,366,1
25,2020-10-07 03:00:00,Random Forest,3,-1.0327111150207087,-1.0364460504470216,2019-10-07 03:00:00,2020-10-07 03:00:00,2020-10-07 03:00:00,366,1
26,2020-10-07 03:00:00,Neural Network,3,-1.0327111150207087,-0.9430818942675949,2019-10-07 03:00:00,2020-10-07 03:00:00,2020-10-07 03:00:00,366,1
27,2020-10-07 03:00:00,Naive,3,-1.0327111150207087,-1.3385854992959456,2019-10-07 03:00:00,2020-10-07 03:00:00,2020-10-07 03:00:00,366,1
28,2020-10-08 03:00:00,Decision Tree,3,-0.7701517655969171,-0.7640166642944385,2019-10-08 03:00:00,2020-10-08 03:00:00,2020-10-08 03:00:00,366,1
29,2020-10-08 03:00:00,Random Forest,3,-0.7701517655969171,-0.7684944247246689,2019-10-08 03:00:00,2020-10-08 03:00:00,2020-10-08 03:00:00,366,1
30,2020-10-08 03:00:00,Neural Network,3,-0.7701517655969171,-0.8246116639735417,2019-10-08 03:00:00,2020-10-08 03:00:00,2020-10-08 03:00:00,366,1
31,2020-10-08 03:00:00,Naive,3,-0.7701517655969171,-1.0327111150207087,2019-10-08 03:00:00,2020-10-08 03:00:00,2020-10-08 03:00:00,366,1
32,2020-10-09 03:00:00,Decision Tree,3,-0.5557422753990523,-0.5555362910454333,2019-10-09 03:00:00,2020-10-09 03:00:00,2020-10-09 03:00:00,366,1
33,2020-10-09 03:00:00,Random Forest,3,-0.5557422753990523,-0.556591300531018,2019-10-09 03:00:00,2020-10-09 03:00:00,2020-10-09 03:00:00,366,1
34,2020-10-09 03:00:00,Neural Network,3,-0.5557422753990523,-0.6303372834207588,2019-10-09 03:00:00,2020-10-09 03:00:00,2020-10-09 03:00:00,366,1
35,2020-10-09 03:00:00,Naive,3,-0.5557422753990523,-0.7701517655969171,2019-10-09 03:00:00,2020-10-09 03:00:00,2020-10-09 03:00:00,366,1
36,2020-10-10 03:00:00,Decision Tree,3,-0.46312415802499984,-0.4659116783754822,2019-10-10 03:00:00,2020-10-10 03:00:00,2020-10-10 03:00:00,366,1
37,2020-10-10 03:00:00,Random Forest,3,-0.46312415802499984,-0.46660843371536864,2019-10-10 03:00:00,2020-10-10 03:00:00,2020-10-10 03:00:00,366,1
38,2020-10-10 03:00:00,Neural Network,3,-0.46312415802499984,-0.49130691634876117,2019-10-10 03:00:00,2020-10-10 03:00:00,2020-10-10 03:00:00,366,1
39,2020-10-10 03:00:00,Naive,3,-0.46312415802499984,-0.5557422753990523,2019-10-10 03:00:00,2020-10-10 03:00:00,2020-10-10 03:00:00,366,1
40,2020-10-11 03:00:00,Decision Tree,3,-0.6732552183700765,-0.6758604126657379,2019-10-11 03:00:00,2020-10-11 03:00:00,2020-10-11 03:00:00,366,1
41,2020-10-11 03:00:00,Random Forest,3,-0.6732552183700765,-0.6696649327631756,2019-10-11 03:00:00,2020-10-11 03:00:00,2020-10-11 03:00:00,366,1
42,2020-10-11 03:00:00,Neural Network,3,-0.6732552183700765,-0.5375038825561664,2019-10-11 03:00:00,2020-10-11 03:00:00,2020-10-11 03:00:00,366,1
43,2020-10-11 03:00:00,Naive,3,-0.6732552183700765,-0.46312415802499984,2019-10-11 03:00:00,2020-10-11 03:00:00,2020-10-11 03:00:00,366,1
44,2020-10-12 03:00:00,Decision Tree,3,-0.48278906034265867,-0.4773979954340132,2019-10-12 03:00:00,2020-10-12 03:00:00,2020-10-12 03:00:00,366,1
45,2020-10-12 03:00:00,Random Forest,3,-0.48278906034265867,-0.4788727835780467,2019-10-12 03:00:00,2020-10-12 03:00:00,2020-10-12 03:00:00,366,1
46,2020-10-12 03:00:00,Neural Network,3,-0.48278906034265867,-0.4654171129218241,2019-10-12 03:00:00,2020-10-12 03:00:00,2020-10-12 03:00:00,366,1
47,2020-10-12 03:00:00,Naive,3,-0.48278906034265867,-0.6732552183700765,2019-10-12 03:00:00,2020-10-12 03:00:00,2020-10-12 03:00:00,366,1
48,2020-10-13 03:00:00,Decision Tree,3,-0.32186089204982704,-0.3145760826474763,2019-10-13 03:00:00,2020-10-13 03:00:00,2020-10-13 03:00:00,366,1
49,2020-10-13 03:00:00,Random Forest,3,-0.32186089204982704,-0.317148186301617,2019-10-13 03:00:00,2020-10-13 03:00:00,2020-10-13 03:00:00,366,1
50,2020-10-13 03:00:00,Neural Network,3,-0.32186089204982704,-0.154617852336579,2019-10-13 03:00:00,2020-10-13 03:00:00,2020-10-13 03:00:00,366,1
51,2020-10-13 03:00:00,Naive,3,-0.32186089204982704,-0.48278906034265867,2019-10-13 03:00:00,2020-10-13 03:00:00,2020-10-13 03:00:00,366,1
52,2020-10-14 03:00:00,Decision Tree,3,-0.4734603524079775,-0.4782965062521207,2019-10-14 03:00:00,2020-10-14 03:00:00,2020-10-14 03:00:00,366,1
53,2020-10-14 03:00:00,Random Forest,3,-0.4734603524079775,-0.4743631370799319,2019-10-14 03:00:00,2020-10-14 03:00:00,2020-10-14 03:00:00,366,1
54,2020-10-14 03:00:00,Neural Network,3,-0.4734603524079775,-0.5309194964476587,2019-10-14 03:00:00,2020-10-14 03:00:00,2020-10-14 03:00:00,366,1
55,2020-10-14 03:00:00,Naive,3,-0.4734603524079775,-0.32186089204982704,2019-10-14 03:00:00,2020-10-14 03:00:00,2020-10-14 03:00:00,366,1
56,2020-10-15 03:00:00,Decision Tree,3,-0.568981346706967,-0.5855470971761266,2019-10-15 03:00:00,2020-10-15 03:00:00,2020-10-15 03:00:00,366,1
57,2020-10-15 03:00:00,Random Forest,3,-0.568981346706967,-0.5640369608674671,2019-10-15 03:00:00,2020-10-15 03:00:00,2020-10-15 03:00:00,366,1
58,2020-10-15 03:00:00,Neural Network,3,-0.568981346706967,-0.5944039098141434,2019-10-15 03:00:00,2020-10-15 03:00:00,2020-10-15 03:00:00,366,1
59,2020-10-15 03:00:00,Naive,3,-0.568981346706967,-0.4734603524079775,2019-10-15 03:00:00,2020-10-15 03:00:00,2020-10-15 03:00:00,366,1
60,2020-10-16 03:00:00,Decision Tree,3,-0.20688285161838801,-0.24107714120151963,2019-10-16 03:00:00,2020-10-16 03:00:00,2020-10-16 03:00:00,366,1
61,2020-10-16 03:00:00,Random Forest,3,-0.20688285161838801,-0.22427251151705965,2019-10-16 03:00:00,2020-10-16 03:00:00,2020-10-16 03:00:00,366,1
62,2020-10-16 03:00:00,Neural Network,3,-0.20688285161838801,-0.23308629759749122,2019-10-16 03:00:00,2020-10-16 03:00:00,2020-10-16 03:00:00,366,1
63,2020-10-16 03:00:00,Naive,3,-0.20688285161838801,-0.568981346706967,2019-10-16 03:00:00,2020-10-16 03:00:00,2020-10-16 03:00:00,366,1
64,2020-10-17 03:00:00,Decision Tree,3,0.023676718712301897,0.020965547013007946,2019-10-17 03:00:00,2020-10-17 03:00:00,2020-10-17 03:00:00,366,1
65,2020-10-17 03:00:00,Random Forest,3,0.023676718712301897,0.004089058363062428,2019-10-17 03:00:00,2020-10-17 03:00:00,2020-10-17 03:00:00,366,1
66,2020-10-17 03:00:00,Neural Network,3,0.023676718712301897,0.02472242763165844,2019-10-17 03:00:00,2020-10-17 03:00:00,2020-10-17 03:00:00,366,1
67,2020-10-17 03:00:00,Naive,3,0.023676718712301897,-0.20688285161838801,2019-10-17 03:00:00,2020-10-17 03:00:00,2020-10-17 03:00:00,366,1
68,2020-10-18 03:00:00,Decision Tree,3,-0.7586070360841484,-0.7469514251460027,2019-10-18 03:00:00,2020-10-18 03:00:00,2020-10-18 03:00:00,366,1
69,2020-10-18 03:00:00,Random Forest,3,-0.7586070360841484,-0.7499597546347203,2019-10-18 03:00:00,2020-10-18 03:00:00,2020-10-18 03:00:00,366,1
70,2020-10-18 03:00:00,Neural Network,3,-0.7586070360841484,-0.6912831498651586,2019-10-18 03:00:00,2020-10-18 03:00:00,2020-10-18 03:00:00,366,1
71,2020-10-18 03:00:00,Naive,3,-0.7586070360841484,0.023676718712301897,2019-10-18 03:00:00,2020-10-18 03:00:00,2020-10-18 03:00:00,366,1
72,2020-10-19 03:00:00,Decision Tree,3,-0.16641232822682633,-0.1464328777056697,2019-10-19 03:00:00,2020-10-19 03:00:00,2020-10-19 03:00:00,366,1
73,2020-10-19 03:00:00,Random Forest,3,-0.16641232822682633,-0.1798264348388405,2019-10-19 03:00:00,2020-10-19 03:00:00,2020-10-19 03:00:00,366,1
74,2020-10-19 03:00:00,Neural Network,3,-0.16641232822682633,-0.18979465060219813,2019-10-19 03:00:00,2020-10-19 03:00:00,2020-10-19 03:00:00,366,1
75,2020-10-19 03:00:00,Naive,3,-0.16641232822682633,-0.7586070360841484,2019-10-19 03:00:00,2020-10-19 03:00:00,2020-10-19 03:00:00,366,1
76,2020-10-20 03:00:00,Decision Tree,3,-0.7336803068579574,-0.7249538559942591,2019-10-20 03:00:00,2020-10-20 03:00:00,2020-10-20 03:00:00,366,1
77,2020-10-20 03:00:00,Random Forest,3,-0.7336803068579574,-0.7234347797958341,2019-10-20 03:00:00,2020-10-20 03:00:00,2020-10-20 03:00:00,366,1
78,2020-10-20 03:00:00,Neural Network,3,-0.7336803068579574,-0.7096490307031293,2019-10-20 03:00:00,2020-10-20 03:00:00,2020-10-20 03:00:00,366,1
79,2020-10-20 03:00:00,Naive,3,-0.7336803068579574,-0.16641232822682633,2019-10-20 03:00:00,2020-10-20 03:00:00,2020-10-20 03:00:00,366,1
80,2020-10-21 03:00:00,Decision Tree,3,-0.6096220036589739,-0.5956157127915225,2019-10-21 03:00:00,2020-10-21 03:00:00,2020-10-21 03:00:00,366,1
81,2020-10-21 03:00:00,Random Forest,3,-0.6096220036589739,-0.6006419930942662,2019-10-21 03:00:00,2020-10-21 03:00:00,2020-10-21 03:00:00,366,1
82,2020-10-21 03:00:00,Neural Network,3,-0.6096220036589739,-0.6143640439406568,2019-10-21 03:00:00,2020-10-21 03:00:00,2020-10-21 03:00:00,366,1
83,2020-10-21 03:00:00,Naive,3,-0.6096220036589739,-0.7336803068579574,2019-10-21 03:00:00,2020-10-21 03:00:00,2020-10-21 03:00:00,366,1
84,2020-10-22 03:00:00,Decision Tree,3,-1.3912711617583942,-1.3677276525217241,2019-10-22 03:00:00,2020-10-22 03:00:00,2020-10-22 03:00:00,366,1
85,2020-10-22 03:00:00,Random Forest,3,-1.3912711617583942,-1.3698280831278404,2019-10-22 03:00:00,2020-10-22 03:00:00,2020-10-22 03:00:00,366,1
86,2020-10-22 03:00:00,Neural Network,3,-1.3912711617583942,-1.3859951400082715,2019-10-22 03:00:00,2020-10-22 03:00:00,2020-10-22 03:00:00,366,1
87,2020-10-22 03:00:00,Naive,3,-1.3912711617583942,-0.6096220036589739,2019-10-22 03:00:00,2020-10-22 03:00:00,2020-10-22 03:00:00,366,1
88,2020-10-23 03:00:00,Decision Tree,3,-0.3306440714967671,-0.31801559139977137,2019-10-23 03:00:00,2020-10-23 03:00:00,2020-10-23 03:00:00,366,1
89,2020-10-23 03:00:00,Random Forest,3,-0.3306440714967671,-0.3248064988035255,2019-10-23 03:00:00,2020-10-23 03:00:00,2020-10-23 03:00:00,366,1
90,2020-10-23 03:00:00,Neural Network,3,-0.3306440714967671,-0.4520185901704287,2019-10-23 03:00:00,2020-10-23 03:00:00,2020-10-23 03:00:00,366,1
91,2020-10-23 03:00:00,Naive,3,-0.3306440714967671,-1.3912711617583942,2019-10-23 03:00:00,2020-10-23 03:00:00,2020-10-23 03:00:00,366,1
92,2020-10-24 03:00:00,Decision Tree,3,-0.6454339259303532,-0.6363324129349687,2019-10-24 03:00:00,2020-10-24 03:00:00,2020-10-24 03:00:00,366,1
93,2020-10-24 03:00:00,Random Forest,3,-0.6454339259303532,-0.6386870683652971,2019-10-24 03:00:00,2020-10-24 03:00:00,2020-10-24 03:00:00,366,1
94,2020-10-24 03:00:00,Neural Network,3,-0.6454339259303532,-0.659536673341869,2019-10-24 03:00:00,2020-10-24 03:00:00,2020-10-24 03:00:00,366,1
95,2020-10-24 03:00:00,Naive,3,-0.6454339259303532,-0.3306440714967671,2019-10-24 03:00:00,2020-10-24 03:00:00,2020-10-24 03:00:00,366,1
96,2020-10-25 03:00:00,Decision Tree,3,-1.6863275782284457,-1.666236898618894,2019-10-25 03:00:00,2020-10-25 03:00:00,2020-10-25 03:00:00,366,1
97,2020-10-25 03:00:00,Random Forest,3,-1.6863275782284457,-1.6586748326861895,2019-10-25 03:00:00,2020-10-25 03:00:00,2020-10-25 03:00:00,366,1
98,2020-10-25 03:00:00,Neural Network,3,-1.6863275782284457,-1.6737338830320565,2019-10-25 03:00:00,2020-10-25 03:00:00,2020-10-25 03:00:00,366,1
99,2020-10-25 03:00:00,Naive,3,-1.6863275782284457,-0.6454339259303532,2019-10-25 03:00:00,2020-10-25 03:00:00,2020-10-25 03:00:00,366,1
100,2020-10-26 03:00:00,Decision Tree,3,-1.0358974994531023,-1.0099900174190524,2019-10-26 03:00:00,2020-10-26 03:00:00,2020-10-26 03:00:00,366,1
101,2020-10-26 03:00:00,Random Forest,3,-1.0358974994531023,-1.018749088014979,2019-10-26 03:00:00,2020-10-26 03:00:00,2020-10-26 03:00:00,366,1
102,2020-10-26 03:00:00,Neural Network,3,-1.0358974994531023,-1.0060465562040168,2019-10-26 03:00:00,2020-10-26 03:00:00,2020-10-26 03:00:00,366,1
103,2020-10-26 03:00:00,Naive,3,-1.0358974994531023,-1.6863275782284457,2019-10-26 03:00:00,2020-10-26 03:00:00,2020-10-26 03:00:00,366,1
104,2020-10-27 03:00:00,Decision Tree,3,-0.669791541642659,-0.67642239626942,2019-10-27 03:00:00,2020-10-27 03:00:00,2020-10-27 03:00:00,366,1
105,2020-10-27 03:00:00,Random Forest,3,-0.669791541642659,-0.665823645878818,2019-10-27 03:00:00,2020-10-27 03:00:00,2020-10-27 03:00:00,366,1
106,2020-10-27 03:00:00,Neural Network,3,-0.669791541642659,-0.696320099602223,2019-10-27 03:00:00,2020-10-27 03:00:00,2020-10-27 03:00:00,366,1
107,2020-10-27 03:00:00,Naive,3,-0.669791541642659,-1.0358974994531023,2019-10-27 03:00:00,2020-10-27 03:00:00,2020-10-27 03:00:00,366,1
108,2020-10-28 03:00:00,Decision Tree,3,-1.5640411573343873,-1.5617169260193517,2019-10-28 03:00:00,2020-10-28 03:00:00,2020-10-28 03:00:00,366,1
109,2020-10-28 03:00:00,Random Forest,3,-1.5640411573343873,-1.545390452861239,2019-10-28 03:00:00,2020-10-28 03:00:00,2020-10-28 03:00:00,366,1
110,2020-10-28 03:00:00,Neural Network,3,-1.5640411573343873,-1.4921125236540023,2019-10-28 03:00:00,2020-10-28 03:00:00,2020-10-28 03:00:00,366,1
111,2020-10-28 03:00:00,Naive,3,-1.5640411573343873,-0.669791541642659,2019-10-28 03:00:00,2020-10-28 03:00:00,2020-10-28 03:00:00,366,1
112,2020-10-29 03:00:00,Decision Tree,3,-1.5154707962080207,-1.488363118388589,2019-10-29 03:00:00,2020-10-29 03:00:00,2020-10-29 03:00:00,366,1
113,2020-10-29 03:00:00,Random Forest,3,-1.5154707962080207,-1.4861920526468186,2019-10-29 03:00:00,2020-10-29 03:00:00,2020-10-29 03:00:00,366,1
114,2020-10-29 03:00:00,Neural Network,3,-1.5154707962080207,-1.501691671611148,2019-10-29 03:00:00,2020-10-29 03:00:00,2020-10-29 03:00:00,366,1
115,2020-10-29 03:00:00,Naive,3,-1.5154707962080207,-1.5640411573343873,2019-10-29 03:00:00,2020-10-29 03:00:00,2020-10-29 03:00:00,366,1
116,2020-10-30 03:00:00,Decision Tree,3,-1.5302990777950196,-1.5048840953162703,2019-10-30 03:00:00,2020-10-30 03:00:00,2020-10-30 03:00:00,366,1
117,2020-10-30 03:00:00,Random Forest,3,-1.5302990777950196,-1.5050044974314667,2019-10-30 03:00:00,2020-10-30 03:00:00,2020-10-30 03:00:00,366,1
118,2020-10-30 03:00:00,Neural Network,3,-1.5302990777950196,-1.4186707425225098,2019-10-30 03:00:00,2020-10-30 03:00:00,2020-10-30 03:00:00,366,1
119,2020-10-30 03:00:00,Naive,3,-1.5302990777950196,-1.5154707962080207,2019-10-30 03:00:00,2020-10-30 03:00:00,2020-10-30 03:00:00,366,1
120,2020-10-31 03:00:00,Decision Tree,3,-0.4032689564638092,-0.42533457903430094,2019-10-31 03:00:00,2020-10-31 03:00:00,2020-10-31 03:00:00,366,1
121,2020-10-31 03:00:00,Random Forest,3,-0.4032689564638092,-0.41593564227550994,2019-10-31 03:00:00,2020-10-31 03:00:00,2020-10-31 03:00:00,366,1
122,2020-10-31 03:00:00,Neural Network,3,-0.4032689564638092,-0.4977181854901765,2019-10-31 03:00:00,2020-10-31 03:00:00,2020-10-31 03:00:00,366,1
123,2020-10-31 03:00:00,Naive,3,-0.4032689564638092,-1.5302990777950196,2019-10-31 03:00:00,2020-10-31 03:00:00,2020-10-31 03:00:00,366,1
124,2020-11-01 03:00:00,Decision Tree,3,-1.2499981325449505,-1.226465118055199,2019-11-01 03:00:00,2020-11-01 03:00:00,2020-11-01 03:00:00,366,1
125,2020-11-01 03:00:00,Random Forest,3,-1.2499981325449505,-1.2300029914380515,2019-11-01 03:00:00,2020-11-01 03:00:00,2020-11-01 03:00:00,366,1
126,2020-11-01 03:00:00,Neural Network,3,-1.2499981325449505,-0.9038101488639156,2019-11-01 03:00:00,2020-11-01 03:00:00,2020-11-01 03:00:00,366,1
127,2020-11-01 03:00:00,Naive,3,-1.2499981325449505,-0.4032689564638092,2019-11-01 03:00:00,2020-11-01 03:00:00,2020-11-01 03:00:00,366,1
128,2020-11-02 03:00:00,Decision Tree,3,-1.9215897118063097,-1.9398357481757476,2019-11-02 03:00:00,2020-11-02 03:00:00,2020-11-02 03:00:00,366,1
129,2020-11-02 03:00:00,Random Forest,3,-1.9215897118063097,-1.9342524026555157,2019-11-02 03:00:00,2020-11-02 03:00:00,2020-11-02 03:00:00,366,1
130,2020-11-02 03:00:00,Neural Network,3,-1.9215897118063097,-1.918463626584364,2019-11-02 03:00:00,2020-11-02 03:00:00,2020-11-02 03:00:00,366,1
131,2020-11-02 03:00:00,Naive,3,-1.9215897118063097,-1.2499981325449505,2019-11-02 03:00:00,2020-11-02 03:00:00,2020-11-02 03:00:00,366,1
132,2020-11-03 03:00:00,Decision Tree,3,-0.9899086169354313,-0.990427824169064,2019-11-03 03:00:00,2020-11-03 03:00:00,2020-11-03 03:00:00,366,1
133,2020-11-03 03:00:00,Random Forest,3,-0.9899086169354313,-0.9856052105954846,2019-11-03 03:00:00,2020-11-03 03:00:00,2020-11-03 03:00:00,366,1
134,2020-11-03 03:00:00,Neural Network,3,-0.9899086169354313,-0.915139811333449,2019-11-03 03:00:00,2020-11-03 03:00:00,2020-11-03 03:00:00,366,1
135,2020-11-03 03:00:00,Naive,3,-0.9899086169354313,-1.9215897118063097,2019-11-03 03:00:00,2020-11-03 03:00:00,2020-11-03 03:00:00,366,1
136,2020-11-04 03:00:00,Decision Tree,3,-0.5664659543855537,-0.5872464772990025,2019-11-04 03:00:00,2020-11-04 03:00:00,2020-11-04 03:00:00,366,1
137,2020-11-04 03:00:00,Random Forest,3,-0.5664659543855537,-0.5844568522537124,2019-11-04 03:00:00,2020-11-04 03:00:00,2020-11-04 03:00:00,366,1
138,2020-11-04 03:00:00,Neural Network,3,-0.5664659543855537,-0.581576402619643,2019-11-04 03:00:00,2020-11-04 03:00:00,2020-11-04 03:00:00,366,1
139,2020-11-04 03:00:00,Naive,3,-0.5664659543855537,-0.9899086169354313,2019-11-04 03:00:00,2020-11-04 03:00:00,2020-11-04 03:00:00,366,1
140,2020-11-05 03:00:00,Decision Tree,3,-0.3907537181447558,-0.3986397557520321,2019-11-05 03:00:00,2020-11-05 03:00:00,2020-11-05 03:00:00,366,1
141,2020-11-05 03:00:00,Random Forest,3,-0.3907537181447558,-0.40742257840428586,2019-11-05 03:00:00,2020-11-05 03:00:00,2020-11-05 03:00:00,366,1
142,2020-11-05 03:00:00,Neural Network,3,-0.3907537181447558,-0.3796739499546514,2019-11-05 03:00:00,2020-11-05 03:00:00,2020-11-05 03:00:00,366,1
143,2020-11-05 03:00:00,Naive,3,-0.3907537181447558,-0.5664659543855537,2019-11-05 03:00:00,2020-11-05 03:00:00,2020-11-05 03:00:00,366,1
144,2020-11-06 03:00:00,Decision Tree,3,-0.38790073826033006,-0.4044536473654684,2019-11-06 03:00:00,2020-11-06 03:00:00,2020-11-06 03:00:00,366,1
145,2020-11-06 03:00:00,Random Forest,3,-0.38790073826033006,-0.4018817036178347,2019-11-06 03:00:00,2020-11-06 03:00:00,2020-11-06 03:00:00,366,1
146,2020-11-06 03:00:00,Neural Network,3,-0.38790073826033006,-0.33404139765078256,2019-11-06 03:00:00,2020-11-06 03:00:00,2020-11-06 03:00:00,366,1
147,2020-11-06 03:00:00,Naive,3,-0.38790073826033006,-0.3907537181447558,2019-11-06 03:00:00,2020-11-06 03:00:00,2020-11-06 03:00:00,366,1
148,2020-11-07 03:00:00,Decision Tree,3,-0.39750128184598366,-0.42474166926515783,2019-11-07 03:00:00,2020-11-07 03:00:00,2020-11-07 03:00:00,366,1
149,2020-11-07 03:00:00,Random Forest,3,-0.39750128184598366,-0.4220423204150097,2019-11-07 03:00:00,2020-11-07 03:00:00,2020-11-07 03:00:00,366,1
150,2020-11-07 03:00:00,Neural Network,3,-0.39750128184598366,-0.41482730745811935,2019-11-07 03:00:00,2020-11-07 03:00:00,2020-11-07 03:00:00,366,1
151,2020-11-07 03:00:00,Naive,3,-0.39750128184598366,-0.38790073826033006,2019-11-07 03:00:00,2020-11-07 03:00:00,2020-11-07 03:00:00,366,1
152,2020-11-08 03:00:00,Decision Tree,3,-0.30032175126634586,-0.3194187558549931,2019-11-08 03:00:00,2020-11-08 03:00:00,2020-11-08 03:00:00,366,1
153,2020-11-08 03:00:00,Random Forest,3,-0.30032175126634586,-0.327763053175277,2019-11-08 03:00:00,2020-11-08 03:00:00,2020-11-08 03:00:00,366,1
154,2020-11-08 03:00:00,Neural Network,3,-0.30032175126634586,-0.3383704190301797,2019-11-08 03:00:00,2020-11-08 03:00:00,2020-11-08 03:00:00,366,1
155,2020-11-08 03:00:00,Naive,3,-0.30032175126634586,-0.39750128184598366,2019-11-08 03:00:00,2020-11-08 03:00:00,2020-11-08 03:00:00,366,1
156,2020-11-09 03:00:00,Decision Tree,3,-0.31370613348514637,-0.31993467252101176,2019-11-09 03:00:00,2020-11-09 03:00:00,2020-11-09 03:00:00,366,1
157,2020-11-09 03:00:00,Random Forest,3,-0.31370613348514637,-0.32885832078428257,2019-11-09 03:00:00,2020-11-09 03:00:00,2020-11-09 03:00:00,366,1
158,2020-11-09 03:00:00,Neural Network,3,-0.31370613348514637,-0.1918098969890164,2019-11-09 03:00:00,2020-11-09 03:00:00,2020-11-09 03:00:00,366,1
159,2020-11-09 03:00:00,Naive,3,-0.31370613348514637,-0.30032175126634586,2019-11-09 03:00:00,2020-11-09 03:00:00,2020-11-09 03:00:00,366,1
160,2020-11-10 03:00:00,Decision Tree,3,-0.24915550393776295,-0.2662053273966022,2019-11-10 03:00:00,2020-11-10 03:00:00,2020-11-10 03:00:00,366,1
161,2020-11-10 03:00:00,Random Forest,3,-0.24915550393776295,-0.2754034316276723,2019-11-10 03:00:00,2020-11-10 03:00:00,2020-11-10 03:00:00,366,1
162,2020-11-10 03:00:00,Neural Network,3,-0.24915550393776295,-0.15902952440889173,2019-11-10 03:00:00,2020-11-10 03:00:00,2020-11-10 03:00:00,366,1
163,2020-11-10 03:00:00,Naive,3,-0.24915550393776295,-0.31370613348514637,2019-11-10 03:00:00,2020-11-10 03:00:00,2020-11-10 03:00:00,366,1
164,2020-11-11 03:00:00,Decision Tree,3,-0.10151127253397821,-0.1931803485857594,2019-11-11 03:00:00,2020-11-11 03:00:00,2020-11-11 03:00:00,366,1
165,2020-11-11 03:00:00,Random Forest,3,-0.10151127253397821,-0.12800462414416056,2019-11-11 03:00:00,2020-11-11 03:00:00,2020-11-11 03:00:00,366,1
166,2020-11-11 03:00:00,Neural Network,3,-0.10151127253397821,-0.02907790732569704,2019-11-11 03:00:00,2020-11-11 03:00:00,2020-11-11 03:00:00,366,1
167,2020-11-11 03:00:00,Naive,3,-0.10151127253397821,-0.24915550393776295,2019-11-11 03:00:00,2020-11-11 03:00:00,2020-11-11 03:00:00,366,1
168,2020-11-12 03:00:00,Decision Tree,3,-0.3869846780229946,-0.3912486566171405,2019-11-12 03:00:00,2020-11-12 03:00:00,2020-11-12 03:00:00,366,1
169,2020-11-12 03:00:00,Random Forest,3,-0.3869846780229946,-0.39842505245218757,2019-11-12 03:00:00,2020-11-12 03:00:00,2020-11-12 03:00:00,366,1
170,2020-11-12 03:00:00,Neural Network,3,-0.3869846780229946,-0.40382937071646724,2019-11-12 03:00:00,2020-11-12 03:00:00,2020-11-12 03:00:00,366,1
171,2020-11-12 03:00:00,Naive,3,-0.3869846780229946,-0.10151127253397821,2019-11-12 03:00:00,2020-11-12 03:00:00,2020-11-12 03:00:00,366,1
172,2020-11-13 03:00:00,Decision Tree,3,-0.42948111250843113,-0.4481463861102345,2019-11-13 03:00:00,2020-11-13 03:00:00,2020-11-13 03:00:00,366,1
173,2020-11-13 03:00:00,Random Forest,3,-0.42948111250843113,-0.4537995161359309,2019-11-13 03:00:00,2020-11-13 03:00:00,2020-11-13 03:00:00,366,1
174,2020-11-13 03:00:00,Neural Network,3,-0.42948111250843113,-0.4061814751094924,2019-11-13 03:00:00,2020-11-13 03:00:00,2020-11-13 03:00:00,366,1
175,2020-11-13 03:00:00,Naive,3,-0.42948111250843113,-0.3869846780229946,2019-11-13 03:00:00,2020-11-13 03:00:00,2020-11-13 03:00:00,366,1
176,2020-11-14 03:00:00,Decision Tree,3,-0.243848025930712,-0.26281357808740696,2019-11-14 03:00:00,2020-11-14 03:00:00,2020-11-14 03:00:00,366,1
177,2020-11-14 03:00:00,Random Forest,3,-0.243848025930712,-0.2608811197916913,2019-11-14 03:00:00,2020-11-14 03:00:00,2020-11-14 03:00:00,366,1
178,2020-11-14 03:00:00,Neural Network,3,-0.243848025930712,-0.33196115119392655,2019-11-14 03:00:00,2020-11-14 03:00:00,2020-11-14 03:00:00,366,1
179,2020-11-14 03:00:00,Naive,3,-0.243848025930712,-0.42948111250843113,2019-11-14 03:00:00,2020-11-14 03:00:00,2020-11-14 03:00:00,366,1
180,2020-11-15 03:00:00,Decision Tree,3,-1.6834505921805454,-1.6421828462889323,2019-11-15 03:00:00,2020-11-15 03:00:00,2020-11-15 03:00:00,366,1
181,2020-11-15 03:00:00,Random Forest,3,-1.6834505921805454,-1.651648798215869,2019-11-15 03:00:00,2020-11-15 03:00:00,2020-11-15 03:00:00,366,1
182,2020-11-15 03:00:00,Neural Network,3,-1.6834505921805454,-1.5298059640385437,2019-11-15 03:00:00,2020-11-15 03:00:00,2020-11-15 03:00:00,366,1
183,2020-11-15 03:00:00,Naive,3,-1.6834505921805454,-0.243848025930712,2019-11-15 03:00:00,2020-11-15 03:00:00,2020-11-15 03:00:00,366,1
184,2020-11-16 03:00:00,Decision Tree,3,-1.817108276600491,-1.7749284727775303,2019-11-16 03:00:00,2020-11-16 03:00:00,2020-11-16 03:00:00,366,1
185,2020-11-16 03:00:00,Random Forest,3,-1.817108276600491,-1.7823685648446583,2019-11-16 03:00:00,2020-11-16 03:00:00,2020-11-16 03:00:00,366,1
186,2020-11-16 03:00:00,Neural Network,3,-1.817108276600491,-1.7742821871397836,2019-11-16 03:00:00,2020-11-16 03:00:00,2020-11-16 03:00:00,366,1
187,2020-11-16 03:00:00,Naive,3,-1.817108276600491,-1.6834505921805454,2019-11-16 03:00:00,2020-11-16 03:00:00,2020-11-16 03:00:00,366,1
188,2020-11-17 03:00:00,Decision Tree,3,-0.6873683526714889,-0.6994337072598293,2019-11-17 03:00:00,2020-11-17 03:00:00,2020-11-17 03:00:00,366,1
189,2020-11-17 03:00:00,Random Forest,3,-0.6873683526714889,-0.6975239116746532,2019-11-17 03:00:00,2020-11-17 03:00:00,2020-11-17 03:00:00,366,1
190,2020-11-17 03:00:00,Neural Network,3,-0.6873683526714889,-0.6602400811816775,2019-11-17 03:00:00,2020-11-17 03:00:00,2020-11-17 03:00:00,366,1
191,2020-11-17 03:00:00,Naive,3,-0.6873683526714889,-1.817108276600491,2019-11-17 03:00:00,2020-11-17 03:00:00,2020-11-17 03:00:00,366,1
192,2020-11-18 03:00:00,Decision Tree,3,-0.41585267438580253,-0.44503550717660056,2019-11-18 03:00:00,2020-11-18 03:00:00,2020-11-18 03:00:00,366,1
193,2020-11-18 03:00:00,Random Forest,3,-0.41585267438580253,-0.44637260880319835,2019-11-18 03:00:00,2020-11-18 03:00:00,2020-11-18 03:00:00,366,1
194,2020-11-18 03:00:00,Neural Network,3,-0.41585267438580253,-0.4853927545557894,2019-11-18 03:00:00,2020-11-18 03:00:00,2020-11-18 03:00:00,366,1
195,2020-11-18 03:00:00,Naive,3,-0.41585267438580253,-0.6873683526714889,2019-11-18 03:00:00,2020-11-18 03:00:00,2020-11-18 03:00:00,366,1
196,2020-11-19 03:00:00,Decision Tree,3,-1.687937912564166,-1.6689565896807081,2019-11-19 03:00:00,2020-11-19 03:00:00,2020-11-19 03:00:00,366,1
197,2020-11-19 03:00:00,Random Forest,3,-1.687937912564166,-1.6577444248537645,2019-11-19 03:00:00,2020-11-19 03:00:00,2020-11-19 03:00:00,366,1
198,2020-11-19 03:00:00,Neural Network,3,-1.687937912564166,-1.5845975642632926,2019-11-19 03:00:00,2020-11-19 03:00:00,2020-11-19 03:00:00,366,1
199,2020-11-19 03:00:00,Naive,3,-1.687937912564166,-0.41585267438580253,2019-11-19 03:00:00,2020-11-19 03:00:00,2020-11-19 03:00:00,366,1
200,2020-11-20 03:00:00,Decision Tree,3,-0.16838239105848998,-0.23599375946879098,2019-11-20 03:00:00,2020-11-20 03:00:00,2020-11-20 03:00:00,366,1
201,2020-11-20 03:00:00,Random Forest,3,-0.16838239105848998,-0.2204761550142474,2019-11-20 03:00:00,2020-11-20 03:00:00,2020-11-20 03:00:00,366,1
202,2020-11-20 03:00:00,Neural Network,3,-0.16838239105848998,-0.3153057698655063,2019-11-20 03:00:00,2020-11-20 03:00:00,2020-11-20 03:00:00,366,1
203,2020-11-20 03:00:00,Naive,3,-0.16838239105848998,-1.687937912564166,2019-11-20 03:00:00,2020-11-20 03:00:00,2020-11-20 03:00:00,366,1
204,2020-11-21 03:00:00,Decision Tree,3,-0.3988649500363202,-0.4225834319555859,2019-11-21 03:00:00,2020-11-21 03:00:00,2020-11-21 03:00:00,366,1
205,2020-11-21 03:00:00,Random Forest,3,-0.3988649500363202,-0.4235250669100896,2019-11-21 03:00:00,2020-11-21 03:00:00,2020-11-21 03:00:00,366,1
206,2020-11-21 03:00:00,Neural Network,3,-0.3988649500363202,-0.3948529477974511,2019-11-21 03:00:00,2020-11-21 03:00:00,2020-11-21 03:00:00,366,1
207,2020-11-21 03:00:00,Naive,3,-0.3988649500363202,-0.16838239105848998,2019-11-21 03:00:00,2020-11-21 03:00:00,2020-11-21 03:00:00,366,1
208,2020-11-22 03:00:00,Decision Tree,3,-0.6445860668400728,-0.6560373548378248,2019-11-22 03:00:00,2020-11-22 03:00:00,2020-11-22 03:00:00,366,1
209,2020-11-22 03:00:00,Random Forest,3,-0.6445860668400728,-0.6571253082468632,2019-11-22 03:00:00,2020-11-22 03:00:00,2020-11-22 03:00:00,366,1
210,2020-11-22 03:00:00,Neural Network,3,-0.6445860668400728,-0.5810802436111442,2019-11-22 03:00:00,2020-11-22 03:00:00,2020-11-22 03:00:00,366,1
211,2020-11-22 03:00:00,Naive,3,-0.6445860668400728,-0.3988649500363202,2019-11-22 03:00:00,2020-11-22 03:00:00,2020-11-22 03:00:00,366,1
212,2020-11-23 03:00:00,Decision Tree,3,-0.2682139867391696,-0.3115082497408489,2019-11-23 03:00:00,2020-11-23 03:00:00,2020-11-23 03:00:00,366,1
213,2020-11-23 03:00:00,Random Forest,3,-0.2682139867391696,-0.3158183502425333,2019-11-23 03:00:00,2020-11-23 03:00:00,2020-11-23 03:00:00,366,1
214,2020-11-23 03:00:00,Neural Network,3,-0.2682139867391696,-0.42043453033687,2019-11-23 03:00:00,2020-11-23 03:00:00,2020-11-23 03:00:00,366,1
215,2020-11-23 03:00:00,Naive,3,-0.2682139867391696,-0.6445860668400728,2019-11-23 03:00:00,2020-11-23 03:00:00,2020-11-23 03:00:00,366,1
216,2020-11-24 03:00:00,Decision Tree,3,-0.19164357992210965,-0.19951694078232227,2019-11-24 03:00:00,2020-11-24 03:00:00,2020-11-24 03:00:00,366,1
217,2020-11-24 03:00:00,Random Forest,3,-0.19164357992210965,-0.24037875509067003,2019-11-24 03:00:00,2020-11-24 03:00:00,2020-11-24 03:00:00,366,1
218,2020-11-24 03:00:00,Neural Network,3,-0.19164357992210965,-0.32320534778921217,2019-11-24 03:00:00,2020-11-24 03:00:00,2020-11-24 03:00:00,366,1
219,2020-11-24 03:00:00,Naive,3,-0.19164357992210965,-0.2682139867391696,2019-11-24 03:00:00,2020-11-24 03:00:00,2020-11-24 03:00:00,366,1
220,2020-11-25 03:00:00,Decision Tree,3,-0.14371659020282543,-0.1982047139722868,2019-11-25 03:00:00,2020-11-25 03:00:00,2020-11-25 03:00:00,366,1
221,2020-11-25 03:00:00,Random Forest,3,-0.14371659020282543,-0.18196836383532827,2019-11-25 03:00:00,2020-11-25 03:00:00,2020-11-25 03:00:00,366,1
222,2020-11-25 03:00:00,Neural Network,3,-0.14371659020282543,-0.31663756142234845,2019-11-25 03:00:00,2020-11-25 03:00:00,2020-11-25 03:00:00,366,1
223,2020-11-25 03:00:00,Naive,3,-0.14371659020282543,-0.19164357992210965,2019-11-25 03:00:00,2020-11-25 03:00:00,2020-11-25 03:00:00,366,1
224,2020-11-26 03:00:00,Decision Tree,3,0.10070221320826249,-0.011519184076071127,2019-11-26 03:00:00,2020-11-26 03:00:00,2020-11-26 03:00:00,366,1
225,2020-11-26 03:00:00,Random Forest,3,0.10070221320826249,0.01726289677371433,2019-11-26 03:00:00,2020-11-26 03:00:00,2020-11-26 03:00:00,366,1
226,2020-11-26 03:00:00,Neural Network,3,0.10070221320826249,-0.003950379521575065,2019-11-26 03:00:00,2020-11-26 03:00:00,2020-11-26 03:00:00,366,1
227,2020-11-26 03:00:00,Naive,3,0.10070221320826249,-0.14371659020282543,2019-11-26 03:00:00,2020-11-26 03:00:00,2020-11-26 03:00:00,366,1
228,2020-11-27 03:00:00,Decision Tree,3,0.3824882758120891,0.2454904051083818,2019-11-27 03:00:00,2020-11-27 03:00:00,2020-11-27 03:00:00,366,1
229,2020-11-27 03:00:00,Random Forest,3,0.3824882758120891,0.27336788662094585,2019-11-27 03:00:00,2020-11-27 03:00:00,2020-11-27 03:00:00,366,1
230,2020-11-27 03:00:00,Neural Network,3,0.3824882758120891,0.31035527787970196,2019-11-27 03:00:00,2020-11-27 03:00:00,2020-11-27 03:00:00,366,1
231,2020-11-27 03:00:00,Naive,3,0.3824882758120891,0.10070221320826249,2019-11-27 03:00:00,2020-11-27 03:00:00,2020-11-27 03:00:00,366,1
232,2020-11-28 03:00:00,Decision Tree,3,0.4943416543283832,0.29673140298719963,2019-11-28 03:00:00,2020-11-28 03:00:00,2020-11-28 03:00:00,366,1
233,2020-11-28 03:00:00,Random Forest,3,0.4943416543283832,0.31230578101741585,2019-11-28 03:00:00,2020-11-28 03:00:00,2020-11-28 03:00:00,366,1
234,2020-11-28 03:00:00,Neural Network,3,0.4943416543283832,0.3756557811217285,2019-11-28 03:00:00,2020-11-28 03:00:00,2020-11-28 03:00:00,366,1
235,2020-11-28 03:00:00,Naive,3,0.4943416543283832,0.3824882758120891,2019-11-28 03:00:00,2020-11-28 03:00:00,2020-11-28 03:00:00,366,1
236,2020-11-29 03:00:00,Decision Tree,3,0.05991051033777727,-0.044525142628517166,2019-11-29 03:00:00,2020-11-29 03:00:00,2020-11-29 03:00:00,366,1
237,2020-11-29 03:00:00,Random Forest,3,0.05991051033777727,-0.013597125827421428,2019-11-29 03:00:00,2020-11-29 03:00:00,2020-11-29 03:00:00,366,1
238,2020-11-29 03:00:00,Neural Network,3,0.05991051033777727,-0.03127024580974336,2019-11-29 03:00:00,2020-11-29 03:00:00,2020-11-29 03:00:00,366,1
239,2020-11-29 03:00:00,Naive,3,0.05991051033777727,0.4943416543283832,2019-11-29 03:00:00,2020-11-29 03:00:00,2020-11-29 03:00:00,366,1
240,2020-11-30 03:00:00,Decision Tree,3,0.27150057123975324,0.36344089297339865,2019-11-30 03:00:00,2020-11-30 03:00:00,2020-11-30 03:00:00,366,1
241,2020-11-30 03:00:00,Random Forest,3,0.27150057123975324,0.1700625508515491,2019-11-30 03:00:00,2020-11-30 03:00:00,2020-11-30 03:00:00,366,1
242,2020-11-30 03:00:00,Neural Network,3,0.27150057123975324,0.11336389785182355,2019-11-30 03:00:00,2020-11-30 03:00:00,2020-11-30 03:00:00,366,1
243,2020-11-30 03:00:00,Naive,3,0.27150057123975324,0.05991051033777727,2019-11-30 03:00:00,2020-11-30 03:00:00,2020-11-30 03:00:00,366,1
244,2020-12-01 03:00:00,Decision Tree,3,-0.08289606015885387,-0.13419036409817797,2019-12-01 03:00:00,2020-12-01 03:00:00,2020-12-01 03:00:00,366,1
245,2020-12-01 03:00:00,Random Forest,3,-0.08289606015885387,-0.12618542126096702,2019-12-01 03:00:00,2020-12-01 03:00:00,2020-12-01 03:00:00,366,1
246,2020-12-01 03:00:00,Neural Network,3,-0.08289606015885387,-0.23199340697726423,2019-12-01 03:00:00,2020-12-01 03:00:00,2020-12-01 03:00:00,366,1
247,2020-12-01 03:00:00,Naive,3,-0.08289606015885387,0.27150057123975324,2019-12-01 03:00:00,2020-12-01 03:00:00,2020-12-01 03:00:00,366,1
248,2020-12-02 03:00:00,Decision Tree,3,0.586094442585364,0.3848951893151947,2019-12-02 03:00:00,2020-12-02 03:00:00,2020-12-02 03:00:00,366,1
249,2020-12-02 03:00:00,Random Forest,3,0.586094442585364,0.3845790054856703,2019-12-02 03:00:00,2020-12-02 03:00:00,2020-12-02 03:00:00,366,1
250,2020-12-02 03:00:00,Neural Network,3,0.586094442585364,0.4907368854730877,2019-12-02 03:00:00,2020-12-02 03:00:00,2020-12-02 03:00:00,366,1
251,2020-12-02 03:00:00,Naive,3,0.586094442585364,-0.08289606015885387,2019-12-02 03:00:00,2020-12-02 03:00:00,2020-12-02 03:00:00,366,1
252,2020-12-03 03:00:00,Decision Tree,3,0.2278770674861341,0.08985046174769867,2019-12-03 03:00:00,2020-12-03 03:00:00,2020-12-03 03:00:00,366,1
253,2020-12-03 03:00:00,Random Forest,3,0.2278770674861341,0.16039261080029063,2019-12-03 03:00:00,2020-12-03 03:00:00,2020-12-03 03:00:00,366,1
254,2020-12-03 03:00:00,Neural Network,3,0.2278770674861341,0.0042170793315765565,2019-12-03 03:00:00,2020-12-03 03:00:00,2020-12-03 03:00:00,366,1
255,2020-12-03 03:00:00,Naive,3,0.2278770674861341,0.586094442585364,2019-12-03 03:00:00,2020-12-03 03:00:00,2020-12-03 03:00:00,366,1
256,2020-12-04 03:00:00,Decision Tree,3,-0.5738871416329072,-0.5872464772990025,2019-12-04 03:00:00,2020-12-04 03:00:00,2020-12-04 03:00:00,366,1
257,2020-12-04 03:00:00,Random Forest,3,-0.5738871416329072,-0.5867861433811611,2019-12-04 03:00:00,2020-12-04 03:00:00,2020-12-04 03:00:00,366,1
258,2020-12-04 03:00:00,Neural Network,3,-0.5738871416329072,-0.5996375668210641,2019-12-04 03:00:00,2020-12-04 03:00:00,2020-12-04 03:00:00,366,1
259,2020-12-04 03:00:00,Naive,3,-0.5738871416329072,0.2278770674861341,2019-12-04 03:00:00,2020-12-04 03:00:00,2020-12-04 03:00:00,366,1
260,2020-12-05 03:00:00,Decision Tree,3,0.23352796400838755,0.09692245929829436,2019-12-05 03:00:00,2020-12-05 03:00:00,2020-12-05 03:00:00,366,1
261,2020-12-05 03:00:00,Random Forest,3,0.23352796400838755,0.20232414736843407,2019-12-05 03:00:00,2020-12-05 03:00:00,2020-12-05 03:00:00,366,1
262,2020-12-05 03:00:00,Neural Network,3,0.23352796400838755,0.12066759528349902,2019-12-05 03:00:00,2020-12-05 03:00:00,2020-12-05 03:00:00,366,1
263,2020-12-05 03:00:00,Naive,3,0.23352796400838755,-0.5738871416329072,2019-12-05 03:00:00,2020-12-05 03:00:00,2020-12-05 03:00:00,366,1
264,2020-12-06 03:00:00,Decision Tree,3,-0.014366461439160748,-0.07120761436144885,2019-12-06 03:00:00,2020-12-06 03:00:00,2020-12-06 03:00:00,366,1
265,2020-12-06 03:00:00,Random Forest,3,-0.014366461439160748,-0.08408585431472576,2019-12-06 03:00:00,2020-12-06 03:00:00,2020-12-06 03:00:00,366,1
266,2020-12-06 03:00:00,Neural Network,3,-0.014366461439160748,0.07068069298681467,2019-12-06 03:00:00,2020-12-06 03:00:00,2020-12-06 03:00:00,366,1
267,2020-12-06 03:00:00,Naive,3,-0.014366461439160748,0.23352796400838755,2019-12-06 03:00:00,2020-12-06 03:00:00,2020-12-06 03:00:00,366,1
268,2020-12-07 03:00:00,Decision Tree,3,-0.42144604383853856,-0.4457532254564128,2019-12-07 03:00:00,2020-12-07 03:00:00,2020-12-07 03:00:00,366,1
269,2020-12-07 03:00:00,Random Forest,3,-0.42144604383853856,-0.44401254445991023,2019-12-07 03:00:00,2020-12-07 03:00:00,2020-12-07 03:00:00,366,1
270,2020-12-07 03:00:00,Neural Network,3,-0.42144604383853856,-0.4081839975990017,2019-12-07 03:00:00,2020-12-07 03:00:00,2020-12-07 03:00:00,366,1
271,2020-12-07 03:00:00,Naive,3,-0.42144604383853856,-0.014366461439160748,2019-12-07 03:00:00,2020-12-07 03:00:00,2020-12-07 03:00:00,366,1
272,2020-12-08 03:00:00,Decision Tree,3,0.14591219681069026,0.05955792923052116,2019-12-08 03:00:00,2020-12-08 03:00:00,2020-12-08 03:00:00,366,1
273,2020-12-08 03:00:00,Random Forest,3,0.14591219681069026,0.10716220742116349,2019-12-08 03:00:00,2020-12-08 03:00:00,2020-12-08 03:00:00,366,1
274,2020-12-08 03:00:00,Neural Network,3,0.14591219681069026,0.17282596062446154,2019-12-08 03:00:00,2020-12-08 03:00:00,2020-12-08 03:00:00,366,1
275,2020-12-08 03:00:00,Naive,3,0.14591219681069026,-0.42144604383853856,2019-12-08 03:00:00,2020-12-08 03:00:00,2020-12-08 03:00:00,366,1
276,2020-12-09 03:00:00,Decision Tree,3,0.06231393978046414,0.04868775366552586,2019-12-09 03:00:00,2020-12-09 03:00:00,2020-12-09 03:00:00,366,1
277,2020-12-09 03:00:00,Random Forest,3,0.06231393978046414,0.05841047589206937,2019-12-09 03:00:00,2020-12-09 03:00:00,2020-12-09 03:00:00,366,1
278,2020-12-09 03:00:00,Neural Network,3,0.06231393978046414,0.12059029158221957,2019-12-09 03:00:00,2020-12-09 03:00:00,2020-12-09 03:00:00,366,1
279,2020-12-09 03:00:00,Naive,3,0.06231393978046414,0.14591219681069026,2019-12-09 03:00:00,2020-12-09 03:00:00,2020-12-09 03:00:00,366,1
280,2020-12-10 03:00:00,Decision Tree,3,0.04555793888287556,0.050958784684682235,2019-12-10 03:00:00,2020-12-10 03:00:00,2020-12-10 03:00:00,366,1
281,2020-12-10 03:00:00,Random Forest,3,0.04555793888287556,0.0573674591398622,2019-12-10 03:00:00,2020-12-10 03:00:00,2020-12-10 03:00:00,366,1
282,2020-12-10 03:00:00,Neural Network,3,0.04555793888287556,0.16137058231996704,2019-12-10 03:00:00,2020-12-10 03:00:00,2020-12-10 03:00:00,366,1
283,2020-12-10 03:00:00,Naive,3,0.04555793888287556,0.06231393978046414,2019-12-10 03:00:00,2020-12-10 03:00:00,2020-12-10 03:00:00,366,1
284,2020-12-11 03:00:00,Decision Tree,3,-0.04363636841654087,-0.07381874646467249,2019-12-11 03:00:00,2020-12-11 03:00:00,2020-12-11 03:00:00,366,1
285,2020-12-11 03:00:00,Random Forest,3,-0.04363636841654087,-0.09901224516140796,2019-12-11 03:00:00,2020-12-11 03:00:00,2020-12-11 03:00:00,366,1
286,2020-12-11 03:00:00,Neural Network,3,-0.04363636841654087,-0.06397973327258588,2019-12-11 03:00:00,2020-12-11 03:00:00,2020-12-11 03:00:00,366,1
287,2020-12-11 03:00:00,Naive,3,-0.04363636841654087,0.04555793888287556,2019-12-11 03:00:00,2020-12-11 03:00:00,2020-12-11 03:00:00,366,1
288,2020-12-12 03:00:00,Decision Tree,3,0.08965975637763542,0.05018723528442414,2019-12-12 03:00:00,2020-12-12 03:00:00,2020-12-12 03:00:00,366,1
289,2020-12-12 03:00:00,Random Forest,3,0.08965975637763542,0.07700252977530925,2019-12-12 03:00:00,2020-12-12 03:00:00,2020-12-12 03:00:00,366,1
290,2020-12-12 03:00:00,Neural Network,3,0.08965975637763542,-0.002624515330055366,2019-12-12 03:00:00,2020-12-12 03:00:00,2020-12-12 03:00:00,366,1
291,2020-12-12 03:00:00,Naive,3,0.08965975637763542,-0.04363636841654087,2019-12-12 03:00:00,2020-12-12 03:00:00,2020-12-12 03:00:00,366,1
292,2020-12-13 03:00:00,Decision Tree,3,0.1193717207784855,0.05512130042107555,2019-12-13 03:00:00,2020-12-13 03:00:00,2020-12-13 03:00:00,366,1
293,2020-12-13 03:00:00,Random Forest,3,0.1193717207784855,0.08080483872600143,2019-12-13 03:00:00,2020-12-13 03:00:00,2020-12-13 03:00:00,366,1
294,2020-12-13 03:00:00,Neural Network,3,0.1193717207784855,0.10343018357941514,2019-12-13 03:00:00,2020-12-13 03:00:00,2020-12-13 03:00:00,366,1
295,2020-12-13 03:00:00,Naive,3,0.1193717207784855,0.08965975637763542,2019-12-13 03:00:00,2020-12-13 03:00:00,2020-12-13 03:00:00,366,1
296,2020-12-14 03:00:00,Decision Tree,3,-0.7102595506319905,-0.7095016570992817,2019-12-14 03:00:00,2020-12-14 03:00:00,2020-12-14 03:00:00,366,1
297,2020-12-14 03:00:00,Random Forest,3,-0.7102595506319905,-0.7021925131872309,2019-12-14 03:00:00,2020-12-14 03:00:00,2020-12-14 03:00:00,366,1
298,2020-12-14 03:00:00,Neural Network,3,-0.7102595506319905,-0.6366388079288258,2019-12-14 03:00:00,2020-12-14 03:00:00,2020-12-14 03:00:00,366,1
299,2020-12-14 03:00:00,Naive,3,-0.7102595506319905,0.1193717207784855,2019-12-14 03:00:00,2020-12-14 03:00:00,2020-12-14 03:00:00,366,1
300,2020-12-15 03:00:00,Decision Tree,3,-0.09609871985837706,-0.12369368966023749,2019-12-15 03:00:00,2020-12-15 03:00:00,2020-12-15 03:00:00,366,1
301,2020-12-15 03:00:00,Random Forest,3,-0.09609871985837706,-0.10764449279369605,2019-12-15 03:00:00,2020-12-15 03:00:00,2020-12-15 03:00:00,366,1
302,2020-12-15 03:00:00,Neural Network,3,-0.09609871985837706,-0.19139681776126038,2019-12-15 03:00:00,2020-12-15 03:00:00,2020-12-15 03:00:00,366,1
303,2020-12-15 03:00:00,Naive,3,-0.09609871985837706,-0.7102595506319905,2019-12-15 03:00:00,2020-12-15 03:00:00,2020-12-15 03:00:00,366,1
304,2020-12-16 03:00:00,Decision Tree,3,0.35315636844830806,0.4184283981935563,2019-12-16 03:00:00,2020-12-16 03:00:00,2020-12-16 03:00:00,366,1
305,2020-12-16 03:00:00,Random Forest,3,0.35315636844830806,0.36358895459430013,2019-12-16 03:00:00,2020-12-16 03:00:00,2020-12-16 03:00:00,366,1
306,2020-12-16 03:00:00,Neural Network,3,0.35315636844830806,0.225425099288457,2019-12-16 03:00:00,2020-12-16 03:00:00,2020-12-16 03:00:00,366,1
307,2020-12-16 03:00:00,Naive,3,0.35315636844830806,-0.09609871985837706,2019-12-16 03:00:00,2020-12-16 03:00:00,2020-12-16 03:00:00,366,1
308,2020-12-17 03:00:00,Decision Tree,3,-0.13297730878208588,-0.12062758190447521,2019-12-17 03:00:00,2020-12-17 03:00:00,2020-12-17 03:00:00,366,1
309,2020-12-17 03:00:00,Random Forest,3,-0.13297730878208588,-0.15273891905757067,2019-12-17 03:00:00,2020-12-17 03:00:00,2020-12-17 03:00:00,366,1
310,2020-12-17 03:00:00,Neural Network,3,-0.13297730878208588,-0.23273213199304998,2019-12-17 03:00:00,2020-12-17 03:00:00,2020-12-17 03:00:00,366,1
311,2020-12-17 03:00:00,Naive,3,-0.13297730878208588,0.35315636844830806,2019-12-17 03:00:00,2020-12-17 03:00:00,2020-12-17 03:00:00,366,1
312,2020-12-18 03:00:00,Decision Tree,3,0.03980052362904919,0.05512130042107555,2019-12-18 03:00:00,2020-12-18 03:00:00,2020-12-18 03:00:00,366,1
313,2020-12-18 03:00:00,Random Forest,3,0.03980052362904919,0.05445278600593675,2019-12-18 03:00:00,2020-12-18 03:00:00,2020-12-18 03:00:00,366,1
314,2020-12-18 03:00:00,Neural Network,3,0.03980052362904919,-0.08093578851383476,2019-12-18 03:00:00,2020-12-18 03:00:00,2020-12-18 03:00:00,366,1
315,2020-12-18 03:00:00,Naive,3,0.03980052362904919,-0.13297730878208588,2019-12-18 03:00:00,2020-12-18 03:00:00,2020-12-18 03:00:00,366,1
316,2020-12-19 03:00:00,Decision Tree,3,-0.5170157515331195,-0.5444190491643248,2019-12-19 03:00:00,2020-12-19 03:00:00,2020-12-19 03:00:00,366,1
317,2020-12-19 03:00:00,Random Forest,3,-0.5170157515331195,-0.5305325288822622,2019-12-19 03:00:00,2020-12-19 03:00:00,2020-12-19 03:00:00,366,1
318,2020-12-19 03:00:00,Neural Network,3,-0.5170157515331195,-0.45188872485908316,2019-12-19 03:00:00,2020-12-19 03:00:00,2020-12-19 03:00:00,366,1
319,2020-12-19 03:00:00,Naive,3,-0.5170157515331195,0.03980052362904919,2019-12-19 03:00:00,2020-12-19 03:00:00,2020-12-19 03:00:00,366,1
320,2020-12-20 03:00:00,Decision Tree,3,-0.39339447216551293,-0.40441768316151344,2019-12-20 03:00:00,2020-12-20 03:00:00,2020-12-20 03:00:00,366,1
321,2020-12-20 03:00:00,Random Forest,3,-0.39339447216551293,-0.41120823942788887,2019-12-20 03:00:00,2020-12-20 03:00:00,2020-12-20 03:00:00,366,1
322,2020-12-20 03:00:00,Neural Network,3,-0.39339447216551293,-0.2950001940829914,2019-12-20 03:00:00,2020-12-20 03:00:00,2020-12-20 03:00:00,366,1
323,2020-12-20 03:00:00,Naive,3,-0.39339447216551293,-0.5170157515331195,2019-12-20 03:00:00,2020-12-20 03:00:00,2020-12-20 03:00:00,366,1
324,2020-12-21 03:00:00,Decision Tree,3,-0.17407279523821315,-0.2045631911213789,2019-12-21 03:00:00,2020-12-21 03:00:00,2020-12-21 03:00:00,366,1
325,2020-12-21 03:00:00,Random Forest,3,-0.17407279523821315,-0.1996281514258283,2019-12-21 03:00:00,2020-12-21 03:00:00,2020-12-21 03:00:00,366,1
326,2020-12-21 03:00:00,Neural Network,3,-0.17407279523821315,-0.2596575951332968,2019-12-21 03:00:00,2020-12-21 03:00:00,2020-12-21 03:00:00,366,1
327,2020-12-21 03:00:00,Naive,3,-0.17407279523821315,-0.39339447216551293,2019-12-21 03:00:00,2020-12-21 03:00:00,2020-12-21 03:00:00,366,1
328,2020-12-22 03:00:00,Decision Tree,3,-1.9540414370087205,-1.8993849759609975,2019-12-22 03:00:00,2020-12-22 03:00:00,2020-12-22 03:00:00,366,1
329,2020-12-22 03:00:00,Random Forest,3,-1.9540414370087205,-1.9229612252720825,2019-12-22 03:00:00,2020-12-22 03:00:00,2020-12-22 03:00:00,366,1
330,2020-12-22 03:00:00,Neural Network,3,-1.9540414370087205,-1.7750942062830426,2019-12-22 03:00:00,2020-12-22 03:00:00,2020-12-22 03:00:00,366,1
331,2020-12-22 03:00:00,Naive,3,-1.9540414370087205,-0.17407279523821315,2019-12-22 03:00:00,2020-12-22 03:00:00,2020-12-22 03:00:00,366,1
332,2020-12-23 03:00:00,Decision Tree,3,-0.12627504171423057,-0.1363754717796184,2019-12-23 03:00:00,2020-12-23 03:00:00,2020-12-23 03:00:00,366,1
333,2020-12-23 03:00:00,Random Forest,3,-0.12627504171423057,-0.1446879382564979,2019-12-23 03:00:00,2020-12-23 03:00:00,2020-12-23 03:00:00,366,1
334,2020-12-23 03:00:00,Neural Network,3,-0.12627504171423057,-0.14872139402531248,2019-12-23 03:00:00,2020-12-23 03:00:00,2020-12-23 03:00:00,366,1
335,2020-12-23 03:00:00,Naive,3,-0.12627504171423057,-1.9540414370087205,2019-12-23 03:00:00,2020-12-23 03:00:00,2020-12-23 03:00:00,366,1
336,2020-12-24 03:00:00,Decision Tree,3,-1.7208760884202616,-1.6727457074405983,2019-12-24 03:00:00,2020-12-24 03:00:00,2020-12-24 03:00:00,366,1
337,2020-12-24 03:00:00,Random Forest,3,-1.7208760884202616,-1.6760139151768059,2019-12-24 03:00:00,2020-12-24 03:00:00,2020-12-24 03:00:00,366,1
338,2020-12-24 03:00:00,Neural Network,3,-1.7208760884202616,-1.695881492998306,2019-12-24 03:00:00,2020-12-24 03:00:00,2020-12-24 03:00:00,366,1
339,2020-12-24 03:00:00,Naive,3,-1.7208760884202616,-0.12627504171423057,2019-12-24 03:00:00,2020-12-24 03:00:00,2020-12-24 03:00:00,366,1
340,2020-12-25 03:00:00,Decision Tree,3,-1.320160727253054,-1.2671668812874621,2019-12-25 03:00:00,2020-12-25 03:00:00,2020-12-25 03:00:00,366,1
341,2020-12-25 03:00:00,Random Forest,3,-1.320160727253054,-1.2658622486597895,2019-12-25 03:00:00,2020-12-25 03:00:00,2020-12-25 03:00:00,366,1
342,2020-12-25 03:00:00,Neural Network,3,-1.320160727253054,-1.223614791406605,2019-12-25 03:00:00,2020-12-25 03:00:00,2020-12-25 03:00:00,366,1
343,2020-12-25 03:00:00,Naive,3,-1.320160727253054,-1.7208760884202616,2019-12-25 03:00:00,2020-12-25 03:00:00,2020-12-25 03:00:00,366,1
344,2020-12-26 03:00:00,Decision Tree,3,-0.9961179675703193,-0.9664923191701249,2019-12-26 03:00:00,2020-12-26 03:00:00,2020-12-26 03:00:00,366,1
345,2020-12-26 03:00:00,Random Forest,3,-0.9961179675703193,-0.965523801923018,2019-12-26 03:00:00,2020-12-26 03:00:00,2020-12-26 03:00:00,366,1
346,2020-12-26 03:00:00,Neural Network,3,-0.9961179675703193,-1.0900117408461734,2019-12-26 03:00:00,2020-12-26 03:00:00,2020-12-26 03:00:00,366,1
347,2020-12-26 03:00:00,Naive,3,-0.9961179675703193,-1.320160727253054,2019-12-26 03:00:00,2020-12-26 03:00:00,2020-12-26 03:00:00,366,1
348,2020-12-27 03:00:00,Decision Tree,3,-2.134389876227953,-1.965599133190084,2019-12-27 03:00:00,2020-12-27 03:00:00,2020-12-27 03:00:00,366,1
349,2020-12-27 03:00:00,Random Forest,3,-2.134389876227953,-1.9778097397683791,2019-12-27 03:00:00,2020-12-27 03:00:00,2020-12-27 03:00:00,366,1
350,2020-12-27 03:00:00,Neural Network,3,-2.134389876227953,-2.024479925668712,2019-12-27 03:00:00,2020-12-27 03:00:00,2020-12-27 03:00:00,366,1
351,2020-12-27 03:00:00,Naive,3,-2.134389876227953,-0.9961179675703193,2019-12-27 03:00:00,2020-12-27 03:00:00,2020-12-27 03:00:00,366,1
352,2020-12-28 03:00:00,Decision Tree,3,-1.5458261892607443,-1.5108259838809142,2019-12-28 03:00:00,2020-12-28 03:00:00,2020-12-28 03:00:00,366,1
353,2020-12-28 03:00:00,Random Forest,3,-1.5458261892607443,-1.5040103278208155,2019-12-28 03:00:00,2020-12-28 03:00:00,2020-12-28 03:00:00,366,1
354,2020-12-28 03:00:00,Neural Network,3,-1.5458261892607443,-1.3911089100405436,2019-12-28 03:00:00,2020-12-28 03:00:00,2020-12-28 03:00:00,366,1
355,2020-12-28 03:00:00,Naive,3,-1.5458261892607443,-2.134389876227953,2019-12-28 03:00:00,2020-12-28 03:00:00,2020-12-28 03:00:00,366,1
356,2020-12-29 03:00:00,Decision Tree,3,-0.06357390960189936,-0.1346920667687204,2019-12-29 03:00:00,2020-12-29 03:00:00,2020-12-29 03:00:00,366,1
357,2020-12-29 03:00:00,Random Forest,3,-0.06357390960189936,-0.11371515171157472,2019-12-29 03:00:00,2020-12-29 03:00:00,2020-12-29 03:00:00,366,1
358,2020-12-29 03:00:00,Neural Network,3,-0.06357390960189936,-0.17219161790422421,2019-12-29 03:00:00,2020-12-29 03:00:00,2020-12-29 03:00:00,366,1
359,2020-12-29 03:00:00,Naive,3,-0.06357390960189936,-1.5458261892607443,2019-12-29 03:00:00,2020-12-29 03:00:00,2020-12-29 03:00:00,366,1
360,2020-12-30 03:00:00,Decision Tree,3,-0.23581865057390838,-0.27864434432105634,2019-12-30 03:00:00,2020-12-30 03:00:00,2020-12-30 03:00:00,366,1
361,2020-12-30 03:00:00,Random Forest,3,-0.23581865057390838,-0.25362516013668235,2019-12-30 03:00:00,2020-12-30 03:00:00,2020-12-30 03:00:00,366,1
362,2020-12-30 03:00:00,Neural Network,3,-0.23581865057390838,-0.3306119959499666,2019-12-30 03:00:00,2020-12-30 03:00:00,2020-12-30 03:00:00,366,1
363,2020-12-30 03:00:00,Naive,3,-0.23581865057390838,-0.06357390960189936,2019-12-30 03:00:00,2020-12-30 03:00:00,2020-12-30 03:00:00,366,1
364,2020-12-31 03:00:00,Decision Tree,3,-0.43737619563668567,-0.464184139985686,2019-12-31 03:00:00,2020-12-31 03:00:00,2020-12-31 03:00:00,366,1
365,2020-12-31 03:00:00,Random Forest,3,-0.43737619563668567,-0.4617104463568696,2019-12-31 03:00:00,2020-12-31 03:00:00,2020-12-31 03:00:00,366,1
366,2020-12-31 03:00:00,Neural Network,3,-0.43737619563668567,-0.3939085744884831,2019-12-31 03:00:00,2020-12-31 03:00:00,2020-12-31 03:00:00,366,1
367,2020-12-31 03:00:00,Naive,3,-0.43737619563668567,-0.23581865057390838,2019-12-31 03:00:00,2020-12-31 03:00:00,2020-12-31 03:00:00,366,1
368,2021-01-01 03:00:00,Decision Tree,3,0.5686202417164568,0.4091038225156637,2020-01-01 03:00:00,2021-01-01 03:00:00,2021-01-01 03:00:00,366,1
369,2021-01-01 03:00:00,Random Forest,3,0.5686202417164568,0.4737127067075793,2020-01-01 03:00:00,2021-01-01 03:00:00,2021-01-01 03:00:00,366,1
370,2021-01-01 03:00:00,Neural Network,3,0.5686202417164568,0.1884950652981351,2020-01-01 03:00:00,2021-01-01 03:00:00,2021-01-01 03:00:00,366,1
371,2021-01-01 03:00:00,Naive,3,0.5686202417164568,-0.43737619563668567,2020-01-01 03:00:00,2021-01-01 03:00:00,2021-01-01 03:00:00,366,1
372,2021-01-02 03:00:00,Decision Tree,3,0.3652965030037513,0.45154948972662134,2020-01-02 03:00:00,2021-01-02 03:00:00,2021-01-02 03:00:00,366,1
373,2021-01-02 03:00:00,Random Forest,3,0.3652965030037513,0.36631515102992035,2020-01-02 03:00:00,2021-01-02 03:00:00,2021-01-02 03:00:00,366,1
374,2021-01-02 03:00:00,Neural Network,3,0.3652965030037513,1.0927751127180811,2020-01-02 03:00:00,2021-01-02 03:00:00,2021-01-02 03:00:00,366,1
375,2021-01-02 03:00:00,Naive,3,0.3652965030037513,0.5686202417164568,2020-01-02 03:00:00,2021-01-02 03:00:00,2021-01-02 03:00:00,366,1
376,2021-01-03 03:00:00,Decision Tree,3,0.0019282170998139395,-0.06724091589398168,2020-01-03 03:00:00,2021-01-03 03:00:00,2021-01-03 03:00:00,366,1
377,2021-01-03 03:00:00,Random Forest,3,0.0019282170998139395,-0.05866796850946071,2020-01-03 03:00:00,2021-01-03 03:00:00,2021-01-03 03:00:00,366,1
378,2021-01-03 03:00:00,Neural Network,3,0.0019282170998139395,0.2076476486499349,2020-01-03 03:00:00,2021-01-03 03:00:00,2021-01-03 03:00:00,366,1
379,2021-01-03 03:00:00,Naive,3,0.0019282170998139395,0.3652965030037513,2020-01-03 03:00:00,2021-01-03 03:00:00,2021-01-03 03:00:00,366,1
380,2021-01-04 03:00:00,Decision Tree,3,-0.7317945227395843,-0.7248822199327913,2020-01-04 03:00:00,2021-01-04 03:00:00,2021-01-04 03:00:00,366,1
381,2021-01-04 03:00:00,Random Forest,3,-0.7317945227395843,-0.7268008141232913,2020-01-04 03:00:00,2021-01-04 03:00:00,2021-01-04 03:00:00,366,1
382,2021-01-04 03:00:00,Neural Network,3,-0.7317945227395843,-0.5318786045696167,2020-01-04 03:00:00,2021-01-04 03:00:00,2021-01-04 03:00:00,366,1
383,2021-01-04 03:00:00,Naive,3,-0.7317945227395843,0.0019282170998139395,2020-01-04 03:00:00,2021-01-04 03:00:00,2021-01-04 03:00:00,366,1
384,2021-01-05 03:00:00,Decision Tree,3,0.34120359557021823,0.4407678663862626,2020-01-05 03:00:00,2021-01-05 03:00:00,2021-01-05 03:00:00,366,1
385,2021-01-05 03:00:00,Random Forest,3,0.34120359557021823,0.36112649307339983,2020-01-05 03:00:00,2021-01-05 03:00:00,2021-01-05 03:00:00,366,1
386,2021-01-05 03:00:00,Neural Network,3,0.34120359557021823,-0.3468260340271268,2020-01-05 03:00:00,2021-01-05 03:00:00,2021-01-05 03:00:00,366,1
387,2021-01-05 03:00:00,Naive,3,0.34120359557021823,-0.7317945227395843,2020-01-05 03:00:00,2021-01-05 03:00:00,2021-01-05 03:00:00,366,1
388,2021-01-06 03:00:00,Decision Tree,3,0.5180414678158671,0.4297051696289243,2020-01-06 03:00:00,2021-01-06 03:00:00,2021-01-06 03:00:00,366,1
389,2021-01-06 03:00:00,Random Forest,3,0.5180414678158671,0.49685070305233364,2020-01-06 03:00:00,2021-01-06 03:00:00,2021-01-06 03:00:00,366,1
390,2021-01-06 03:00:00,Neural Network,3,0.5180414678158671,0.2075806109147581,2020-01-06 03:00:00,2021-01-06 03:00:00,2021-01-06 03:00:00,366,1
391,2021-01-06 03:00:00,Naive,3,0.5180414678158671,0.34120359557021823,2020-01-06 03:00:00,2021-01-06 03:00:00,2021-01-06 03:00:00,366,1
392,2021-01-07 03:00:00,Decision Tree,3,0.8050995336779722,0.5272498567342855,2020-01-07 03:00:00,2021-01-07 03:00:00,2021-01-07 03:00:00,366,1
393,2021-01-07 03:00:00,Random Forest,3,0.8050995336779722,0.5127848378852107,2020-01-07 03:00:00,2021-01-07 03:00:00,2021-01-07 03:00:00,366,1
394,2021-01-07 03:00:00,Neural Network,3,0.8050995336779722,0.5025548196930792,2020-01-07 03:00:00,2021-01-07 03:00:00,2021-01-07 03:00:00,366,1
395,2021-01-07 03:00:00,Naive,3,0.8050995336779722,0.5180414678158671,2020-01-07 03:00:00,2021-01-07 03:00:00,2021-01-07 03:00:00,366,1
396,2021-01-08 03:00:00,Decision Tree,3,0.7378195403580478,0.5735581362248999,2020-01-08 03:00:00,2021-01-08 03:00:00,2021-01-08 03:00:00,366,1
397,2021-01-08 03:00:00,Random Forest,3,0.7378195403580478,0.6220043517219498,2020-01-08 03:00:00,2021-01-08 03:00:00,2021-01-08 03:00:00,366,1
398,2021-01-08 03:00:00,Neural Network,3,0.7378195403580478,0.6751410136905528,2020-01-08 03:00:00,2021-01-08 03:00:00,2021-01-08 03:00:00,366,1
399,2021-01-08 03:00:00,Naive,3,0.7378195403580478,0.8050995336779722,2020-01-08 03:00:00,2021-01-08 03:00:00,2021-01-08 03:00:00,366,1
400,2021-01-09 03:00:00,Decision Tree,3,1.0242700884491645,0.5970240511010639,2020-01-09 03:00:00,2021-01-09 03:00:00,2021-01-09 03:00:00,366,1
401,2021-01-09 03:00:00,Random Forest,3,1.0242700884491645,0.6593409278605208,2020-01-09 03:00:00,2021-01-09 03:00:00,2021-01-09 03:00:00,366,1
402,2021-01-09 03:00:00,Neural Network,3,1.0242700884491645,0.7763945165443384,2020-01-09 03:00:00,2021-01-09 03:00:00,2021-01-09 03:00:00,366,1
403,2021-01-09 03:00:00,Naive,3,1.0242700884491645,0.7378195403580478,2020-01-09 03:00:00,2021-01-09 03:00:00,2021-01-09 03:00:00,366,1
404,2021-01-10 03:00:00,Decision Tree,3,0.873534215447592,0.6985092206687269,2020-01-10 03:00:00,2021-01-10 03:00:00,2021-01-10 03:00:00,366,1
405,2021-01-10 03:00:00,Random Forest,3,0.873534215447592,0.7915473314043239,2020-01-10 03:00:00,2021-01-10 03:00:00,2021-01-10 03:00:00,366,1
406,2021-01-10 03:00:00,Neural Network,3,0.873534215447592,0.8081195551644534,2020-01-10 03:00:00,2021-01-10 03:00:00,2021-01-10 03:00:00,366,1
407,2021-01-10 03:00:00,Naive,3,0.873534215447592,1.0242700884491645,2020-01-10 03:00:00,2021-01-10 03:00:00,2021-01-10 03:00:00,366,1
408,2021-01-11 03:00:00,Decision Tree,3,0.6418625042170409,0.805363564103628,2020-01-11 03:00:00,2021-01-11 03:00:00,2021-01-11 03:00:00,366,1
409,2021-01-11 03:00:00,Random Forest,3,0.6418625042170409,0.5559910408432372,2020-01-11 03:00:00,2021-01-11 03:00:00,2021-01-11 03:00:00,366,1
410,2021-01-11 03:00:00,Neural Network,3,0.6418625042170409,0.09681036171651713,2020-01-11 03:00:00,2021-01-11 03:00:00,2021-01-11 03:00:00,366,1
411,2021-01-11 03:00:00,Naive,3,0.6418625042170409,0.873534215447592,2020-01-11 03:00:00,2021-01-11 03:00:00,2021-01-11 03:00:00,366,1
412,2021-01-12 03:00:00,Decision Tree,3,-0.7720103239056474,-0.7641659416143392,2020-01-12 03:00:00,2021-01-12 03:00:00,2021-01-12 03:00:00,366,1
413,2021-01-12 03:00:00,Random Forest,3,-0.7720103239056474,-0.7595351633423986,2020-01-12 03:00:00,2021-01-12 03:00:00,2021-01-12 03:00:00,366,1
414,2021-01-12 03:00:00,Neural Network,3,-0.7720103239056474,-0.950756743485365,2020-01-12 03:00:00,2021-01-12 03:00:00,2021-01-12 03:00:00,366,1
415,2021-01-12 03:00:00,Naive,3,-0.7720103239056474,0.6418625042170409,2020-01-12 03:00:00,2021-01-12 03:00:00,2021-01-12 03:00:00,366,1
416,2021-01-13 03:00:00,Decision Tree,3,-0.33152528859475705,-0.3271153874940015,2020-01-13 03:00:00,2021-01-13 03:00:00,2021-01-13 03:00:00,366,1
417,2021-01-13 03:00:00,Random Forest,3,-0.33152528859475705,-0.32965975848199736,2020-01-13 03:00:00,2021-01-13 03:00:00,2021-01-13 03:00:00,366,1
418,2021-01-13 03:00:00,Neural Network,3,-0.33152528859475705,-0.5078391413603542,2020-01-13 03:00:00,2021-01-13 03:00:00,2021-01-13 03:00:00,366,1
419,2021-01-13 03:00:00,Naive,3,-0.33152528859475705,-0.7720103239056474,2020-01-13 03:00:00,2021-01-13 03:00:00,2021-01-13 03:00:00,366,1
420,2021-01-14 03:00:00,Decision Tree,3,0.3494284242808618,0.3367732136740853,2020-01-14 03:00:00,2021-01-14 03:00:00,2021-01-14 03:00:00,366,1
421,2021-01-14 03:00:00,Random Forest,3,0.3494284242808618,0.35216865544179976,2020-01-14 03:00:00,2021-01-14 03:00:00,2021-01-14 03:00:00,366,1
422,2021-01-14 03:00:00,Neural Network,3,0.3494284242808618,-0.07255787749870357,2020-01-14 03:00:00,2021-01-14 03:00:00,2021-01-14 03:00:00,366,1
423,2021-01-14 03:00:00,Naive,3,0.3494284242808618,-0.33152528859475705,2020-01-14 03:00:00,2021-01-14 03:00:00,2021-01-14 03:00:00,366,1
424,2021-01-15 03:00:00,Decision Tree,3,0.7941081467704301,0.8165171764299635,2020-01-15 03:00:00,2021-01-15 03:00:00,2021-01-15 03:00:00,366,1
425,2021-01-15 03:00:00,Random Forest,3,0.7941081467704301,0.803971863970275,2020-01-15 03:00:00,2021-01-15 03:00:00,2021-01-15 03:00:00,366,1
426,2021-01-15 03:00:00,Neural Network,3,0.7941081467704301,0.802286857496159,2020-01-15 03:00:00,2021-01-15 03:00:00,2021-01-15 03:00:00,366,1
427,2021-01-15 03:00:00,Naive,3,0.7941081467704301,0.3494284242808618,2020-01-15 03:00:00,2021-01-15 03:00:00,2021-01-15 03:00:00,366,1
428,2021-01-16 03:00:00,Decision Tree,3,1.0364987157890229,0.8127823381533745,2020-01-16 03:00:00,2021-01-16 03:00:00,2021-01-16 03:00:00,366,1
429,2021-01-16 03:00:00,Random Forest,3,1.0364987157890229,0.8464650670560706,2020-01-16 03:00:00,2021-01-16 03:00:00,2021-01-16 03:00:00,366,1
430,2021-01-16 03:00:00,Neural Network,3,1.0364987157890229,0.9329848029703031,2020-01-16 03:00:00,2021-01-16 03:00:00,2021-01-16 03:00:00,366,1
431,2021-01-16 03:00:00,Naive,3,1.0364987157890229,0.7941081467704301,2020-01-16 03:00:00,2021-01-16 03:00:00,2021-01-16 03:00:00,366,1
432,2021-01-17 03:00:00,Decision Tree,3,0.7615499836294551,0.546351964648078,2020-01-17 03:00:00,2021-01-17 03:00:00,2021-01-17 03:00:00,366,1
433,2021-01-17 03:00:00,Random Forest,3,0.7615499836294551,0.7261831387031914,2020-01-17 03:00:00,2021-01-17 03:00:00,2021-01-17 03:00:00,366,1
434,2021-01-17 03:00:00,Neural Network,3,0.7615499836294551,0.637436507427927,2020-01-17 03:00:00,2021-01-17 03:00:00,2021-01-17 03:00:00,366,1
435,2021-01-17 03:00:00,Naive,3,0.7615499836294551,1.0364987157890229,2020-01-17 03:00:00,2021-01-17 03:00:00,2021-01-17 03:00:00,366,1
436,2021-01-18 03:00:00,Decision Tree,3,0.7914352663479864,0.8618400320173836,2020-01-18 03:00:00,2021-01-18 03:00:00,2021-01-18 03:00:00,366,1
437,2021-01-18 03:00:00,Random Forest,3,0.7914352663479864,0.7676138592514006,2020-01-18 03:00:00,2021-01-18 03:00:00,2021-01-18 03:00:00,366,1
438,2021-01-18 03:00:00,Neural Network,3,0.7914352663479864,0.5140657157058711,2020-01-18 03:00:00,2021-01-18 03:00:00,2021-01-18 03:00:00,366,1
439,2021-01-18 03:00:00,Naive,3,0.7914352663479864,0.7615499836294551,2020-01-18 03:00:00,2021-01-18 03:00:00,2021-01-18 03:00:00,366,1
440,2021-01-19 03:00:00,Decision Tree,3,0.05553590411044849,0.04074742580750063,2020-01-19 03:00:00,2021-01-19 03:00:00,2021-01-19 03:00:00,366,1
441,2021-01-19 03:00:00,Random Forest,3,0.05553590411044849,0.04717543387078173,2020-01-19 03:00:00,2021-01-19 03:00:00,2021-01-19 03:00:00,366,1
442,2021-01-19 03:00:00,Neural Network,3,0.05553590411044849,-0.0862967622297185,2020-01-19 03:00:00,2021-01-19 03:00:00,2021-01-19 03:00:00,366,1
443,2021-01-19 03:00:00,Naive,3,0.05553590411044849,0.7914352663479864,2020-01-19 03:00:00,2021-01-19 03:00:00,2021-01-19 03:00:00,366,1
444,2021-01-20 03:00:00,Decision Tree,3,-0.7178506142195221,-0.7073362226415622,2020-01-20 03:00:00,2021-01-20 03:00:00,2021-01-20 03:00:00,366,1
445,2021-01-20 03:00:00,Random Forest,3,-0.7178506142195221,-0.7065296731703754,2020-01-20 03:00:00,2021-01-20 03:00:00,2021-01-20 03:00:00,366,1
446,2021-01-20 03:00:00,Neural Network,3,-0.7178506142195221,-0.587949850154992,2020-01-20 03:00:00,2021-01-20 03:00:00,2021-01-20 03:00:00,366,1
447,2021-01-20 03:00:00,Naive,3,-0.7178506142195221,0.05553590411044849,2020-01-20 03:00:00,2021-01-20 03:00:00,2021-01-20 03:00:00,366,1
448,2021-01-21 03:00:00,Decision Tree,3,-1.7042565955717084,-1.6454936931632054,2020-01-21 03:00:00,2021-01-21 03:00:00,2021-01-21 03:00:00,366,1
449,2021-01-21 03:00:00,Random Forest,3,-1.7042565955717084,-1.6477153761849266,2020-01-21 03:00:00,2021-01-21 03:00:00,2021-01-21 03:00:00,366,1
450,2021-01-21 03:00:00,Neural Network,3,-1.7042565955717084,-1.3571499452677327,2020-01-21 03:00:00,2021-01-21 03:00:00,2021-01-21 03:00:00,366,1
451,2021-01-21 03:00:00,Naive,3,-1.7042565955717084,-0.7178506142195221,2020-01-21 03:00:00,2021-01-21 03:00:00,2021-01-21 03:00:00,366,1
452,2021-01-22 03:00:00,Decision Tree,3,-1.3680930099343724,-1.284251990038661,2020-01-22 03:00:00,2021-01-22 03:00:00,2021-01-22 03:00:00,366,1
453,2021-01-22 03:00:00,Random Forest,3,-1.3680930099343724,-1.321282979318879,2020-01-22 03:00:00,2021-01-22 03:00:00,2021-01-22 03:00:00,366,1
454,2021-01-22 03:00:00,Neural Network,3,-1.3680930099343724,-1.3469432254632245,2020-01-22 03:00:00,2021-01-22 03:00:00,2021-01-22 03:00:00,366,1
455,2021-01-22 03:00:00,Naive,3,-1.3680930099343724,-1.7042565955717084,2020-01-22 03:00:00,2021-01-22 03:00:00,2021-01-22 03:00:00,366,1
456,2021-01-23 03:00:00,Decision Tree,3,0.5272295440471794,0.546351964648078,2020-01-23 03:00:00,2021-01-23 03:00:00,2021-01-23 03:00:00,366,1
457,2021-01-23 03:00:00,Random Forest,3,0.5272295440471794,0.5450244001031073,2020-01-23 03:00:00,2021-01-23 03:00:00,2021-01-23 03:00:00,366,1
458,2021-01-23 03:00:00,Neural Network,3,0.5272295440471794,0.6413434133681171,2020-01-23 03:00:00,2021-01-23 03:00:00,2021-01-23 03:00:00,366,1
459,2021-01-23 03:00:00,Naive,3,0.5272295440471794,-1.3680930099343724,2020-01-23 03:00:00,2021-01-23 03:00:00,2021-01-23 03:00:00,366,1
460,2021-01-24 03:00:00,Decision Tree,3,0.382355121423916,0.35147270790308044,2020-01-24 03:00:00,2021-01-24 03:00:00,2021-01-24 03:00:00,366,1
461,2021-01-24 03:00:00,Random Forest,3,0.382355121423916,0.3589602532488732,2020-01-24 03:00:00,2021-01-24 03:00:00,2021-01-24 03:00:00,366,1
462,2021-01-24 03:00:00,Neural Network,3,0.382355121423916,0.7765397478544188,2020-01-24 03:00:00,2021-01-24 03:00:00,2021-01-24 03:00:00,366,1
463,2021-01-24 03:00:00,Naive,3,0.382355121423916,0.5272295440471794,2020-01-24 03:00:00,2021-01-24 03:00:00,2021-01-24 03:00:00,366,1
464,2021-01-25 03:00:00,Decision Tree,3,0.5467191321968423,0.5436201902765212,2020-01-25 03:00:00,2021-01-25 03:00:00,2021-01-25 03:00:00,366,1
465,2021-01-25 03:00:00,Random Forest,3,0.5467191321968423,0.5612117256602442,2020-01-25 03:00:00,2021-01-25 03:00:00,2021-01-25 03:00:00,366,1
466,2021-01-25 03:00:00,Neural Network,3,0.5467191321968423,0.5498183200113272,2020-01-25 03:00:00,2021-01-25 03:00:00,2021-01-25 03:00:00,366,1
467,2021-01-25 03:00:00,Naive,3,0.5467191321968423,0.382355121423916,2020-01-25 03:00:00,2021-01-25 03:00:00,2021-01-25 03:00:00,366,1
468,2021-01-26 03:00:00,Decision Tree,3,0.6830048453029969,0.5440075580165613,2020-01-26 03:00:00,2021-01-26 03:00:00,2021-01-26 03:00:00,366,1
469,2021-01-26 03:00:00,Random Forest,3,0.6830048453029969,0.6650812442388128,2020-01-26 03:00:00,2021-01-26 03:00:00,2021-01-26 03:00:00,366,1
470,2021-01-26 03:00:00,Neural Network,3,0.6830048453029969,0.7053140676431945,2020-01-26 03:00:00,2021-01-26 03:00:00,2021-01-26 03:00:00,366,1
471,2021-01-26 03:00:00,Naive,3,0.6830048453029969,0.5467191321968423,2020-01-26 03:00:00,2021-01-26 03:00:00,2021-01-26 03:00:00,366,1
472,2021-01-27 03:00:00,Decision Tree,3,0.5069156294864705,0.5594517010483875,2020-01-27 03:00:00,2021-01-27 03:00:00,2021-01-27 03:00:00,366,1
473,2021-01-27 03:00:00,Random Forest,3,0.5069156294864705,0.5314333898995658,2020-01-27 03:00:00,2021-01-27 03:00:00,2021-01-27 03:00:00,366,1
474,2021-01-27 03:00:00,Neural Network,3,0.5069156294864705,0.4235871175697553,2020-01-27 03:00:00,2021-01-27 03:00:00,2021-01-27 03:00:00,366,1
475,2021-01-27 03:00:00,Naive,3,0.5069156294864705,0.6830048453029969,2020-01-27 03:00:00,2021-01-27 03:00:00,2021-01-27 03:00:00,366,1
476,2021-01-28 03:00:00,Decision Tree,3,0.5314161641830495,0.5186494855749485,2020-01-28 03:00:00,2021-01-28 03:00:00,2021-01-28 03:00:00,366,1
477,2021-01-28 03:00:00,Random Forest,3,0.5314161641830495,0.5392910791522358,2020-01-28 03:00:00,2021-01-28 03:00:00,2021-01-28 03:00:00,366,1
478,2021-01-28 03:00:00,Neural Network,3,0.5314161641830495,0.6486677302345899,2020-01-28 03:00:00,2021-01-28 03:00:00,2021-01-28 03:00:00,366,1
479,2021-01-28 03:00:00,Naive,3,0.5314161641830495,0.5069156294864705,2020-01-28 03:00:00,2021-01-28 03:00:00,2021-01-28 03:00:00,366,1
480,2021-01-29 03:00:00,Decision Tree,3,0.2030401285119433,0.16109646385065474,2020-01-29 03:00:00,2021-01-29 03:00:00,2021-01-29 03:00:00,366,1
481,2021-01-29 03:00:00,Random Forest,3,0.2030401285119433,0.14819526170604938,2020-01-29 03:00:00,2021-01-29 03:00:00,2021-01-29 03:00:00,366,1
482,2021-01-29 03:00:00,Neural Network,3,0.2030401285119433,0.32813379947041066,2020-01-29 03:00:00,2021-01-29 03:00:00,2021-01-29 03:00:00,366,1
483,2021-01-29 03:00:00,Naive,3,0.2030401285119433,0.5314161641830495,2020-01-29 03:00:00,2021-01-29 03:00:00,2021-01-29 03:00:00,366,1
484,2021-01-30 03:00:00,Decision Tree,3,0.046499845020134774,0.05812021195617404,2020-01-30 03:00:00,2021-01-30 03:00:00,2021-01-30 03:00:00,366,1
485,2021-01-30 03:00:00,Random Forest,3,0.046499845020134774,0.04983073224458666,2020-01-30 03:00:00,2021-01-30 03:00:00,2021-01-30 03:00:00,366,1
486,2021-01-30 03:00:00,Neural Network,3,0.046499845020134774,0.23312399670327755,2020-01-30 03:00:00,2021-01-30 03:00:00,2021-01-30 03:00:00,366,1
487,2021-01-30 03:00:00,Naive,3,0.046499845020134774,0.2030401285119433,2020-01-30 03:00:00,2021-01-30 03:00:00,2021-01-30 03:00:00,366,1
488,2021-01-31 03:00:00,Decision Tree,3,0.32729788575244345,0.3440528534686612,2020-01-31 03:00:00,2021-01-31 03:00:00,2021-01-31 03:00:00,366,1
489,2021-01-31 03:00:00,Random Forest,3,0.32729788575244345,0.3499041742237503,2020-01-31 03:00:00,2021-01-31 03:00:00,2021-01-31 03:00:00,366,1
490,2021-01-31 03:00:00,Neural Network,3,0.32729788575244345,0.4115084841469008,2020-01-31 03:00:00,2021-01-31 03:00:00,2021-01-31 03:00:00,366,1
491,2021-01-31 03:00:00,Naive,3,0.32729788575244345,0.046499845020134774,2020-01-31 03:00:00,2021-01-31 03:00:00,2021-01-31 03:00:00,366,1
492,2021-02-01 03:00:00,Decision Tree,3,0.25379060035847073,0.16633942193331583,2020-02-01 03:00:00,2021-02-01 03:00:00,2021-02-01 03:00:00,366,1
493,2021-02-01 03:00:00,Random Forest,3,0.25379060035847073,0.21052335282747406,2020-02-01 03:00:00,2021-02-01 03:00:00,2021-02-01 03:00:00,366,1
494,2021-02-01 03:00:00,Neural Network,3,0.25379060035847073,0.2981018983781647,2020-02-01 03:00:00,2021-02-01 03:00:00,2021-02-01 03:00:00,366,1
495,2021-02-01 03:00:00,Naive,3,0.25379060035847073,0.32729788575244345,2020-02-01 03:00:00,2021-02-01 03:00:00,2021-02-01 03:00:00,366,1
496,2021-02-02 03:00:00,Decision Tree,3,0.5113461300855783,0.5207772653429653,2020-02-02 03:00:00,2021-02-02 03:00:00,2021-02-02 03:00:00,366,1
497,2021-02-02 03:00:00,Random Forest,3,0.5113461300855783,0.5457077589076927,2020-02-02 03:00:00,2021-02-02 03:00:00,2021-02-02 03:00:00,366,1
498,2021-02-02 03:00:00,Neural Network,3,0.5113461300855783,0.637038924658968,2020-02-02 03:00:00,2021-02-02 03:00:00,2021-02-02 03:00:00,366,1
499,2021-02-02 03:00:00,Naive,3,0.5113461300855783,0.25379060035847073,2020-02-02 03:00:00,2021-02-02 03:00:00,2021-02-02 03:00:00,366,1
500,2021-02-03 03:00:00,Decision Tree,3,-0.39424665856028185,-0.3886588528548963,2020-02-03 03:00:00,2021-02-03 03:00:00,2021-02-03 03:00:00,366,1
501,2021-02-03 03:00:00,Random Forest,3,-0.39424665856028185,-0.39744429339579435,2020-02-03 03:00:00,2021-02-03 03:00:00,2021-02-03 03:00:00,366,1
502,2021-02-03 03:00:00,Neural Network,3,-0.39424665856028185,-0.11854293546254069,2020-02-03 03:00:00,2021-02-03 03:00:00,2021-02-03 03:00:00,366,1
503,2021-02-03 03:00:00,Naive,3,-0.39424665856028185,0.5113461300855783,2020-02-03 03:00:00,2021-02-03 03:00:00,2021-02-03 03:00:00,366,1
504,2021-02-04 03:00:00,Decision Tree,3,-0.2463640694799633,-0.26569370091312094,2020-02-04 03:00:00,2021-02-04 03:00:00,2021-02-04 03:00:00,366,1
505,2021-02-04 03:00:00,Random Forest,3,-0.2463640694799633,-0.2334934385248233,2020-02-04 03:00:00,2021-02-04 03:00:00,2021-02-04 03:00:00,366,1
506,2021-02-04 03:00:00,Neural Network,3,-0.2463640694799633,-0.297074000704711,2020-02-04 03:00:00,2021-02-04 03:00:00,2021-02-04 03:00:00,366,1
507,2021-02-04 03:00:00,Naive,3,-0.2463640694799633,-0.39424665856028185,2020-02-04 03:00:00,2021-02-04 03:00:00,2021-02-04 03:00:00,366,1
508,2021-02-05 03:00:00,Decision Tree,3,0.45043458286689564,0.35102751778274743,2020-02-05 03:00:00,2021-02-05 03:00:00,2021-02-05 03:00:00,366,1
509,2021-02-05 03:00:00,Random Forest,3,0.45043458286689564,0.4012622046835112,2020-02-05 03:00:00,2021-02-05 03:00:00,2021-02-05 03:00:00,366,1
510,2021-02-05 03:00:00,Neural Network,3,0.45043458286689564,0.33941202324466624,2020-02-05 03:00:00,2021-02-05 03:00:00,2021-02-05 03:00:00,366,1
511,2021-02-05 03:00:00,Naive,3,0.45043458286689564,-0.2463640694799633,2020-02-05 03:00:00,2021-02-05 03:00:00,2021-02-05 03:00:00,366,1
512,2021-02-06 03:00:00,Decision Tree,3,-0.008920691038100457,-0.05784372647091142,2020-02-06 03:00:00,2021-02-06 03:00:00,2021-02-06 03:00:00,366,1
513,2021-02-06 03:00:00,Random Forest,3,-0.008920691038100457,-0.02810886284626338,2020-02-06 03:00:00,2021-02-06 03:00:00,2021-02-06 03:00:00,366,1
514,2021-02-06 03:00:00,Neural Network,3,-0.008920691038100457,-0.23720016081512768,2020-02-06 03:00:00,2021-02-06 03:00:00,2021-02-06 03:00:00,366,1
515,2021-02-06 03:00:00,Naive,3,-0.008920691038100457,0.45043458286689564,2020-02-06 03:00:00,2021-02-06 03:00:00,2021-02-06 03:00:00,366,1
516,2021-02-07 03:00:00,Decision Tree,3,-1.7313549963370007,-1.6489921658221747,2020-02-07 03:00:00,2021-02-07 03:00:00,2021-02-07 03:00:00,366,1
517,2021-02-07 03:00:00,Random Forest,3,-1.7313549963370007,-1.6654373304338852,2020-02-07 03:00:00,2021-02-07 03:00:00,2021-02-07 03:00:00,366,1
518,2021-02-07 03:00:00,Neural Network,3,-1.7313549963370007,-1.387311071949158,2020-02-07 03:00:00,2021-02-07 03:00:00,2021-02-07 03:00:00,366,1
519,2021-02-07 03:00:00,Naive,3,-1.7313549963370007,-0.008920691038100457,2020-02-07 03:00:00,2021-02-07 03:00:00,2021-02-07 03:00:00,366,1
520,2021-02-08 03:00:00,Decision Tree,3,-1.3204607671645963,-1.302772331019153,2020-02-08 03:00:00,2021-02-08 03:00:00,2021-02-08 03:00:00,366,1
521,2021-02-08 03:00:00,Random Forest,3,-1.3204607671645963,-1.2732811459215818,2020-02-08 03:00:00,2021-02-08 03:00:00,2021-02-08 03:00:00,366,1
522,2021-02-08 03:00:00,Neural Network,3,-1.3204607671645963,-1.094018473449825,2020-02-08 03:00:00,2021-02-08 03:00:00,2021-02-08 03:00:00,366,1
523,2021-02-08 03:00:00,Naive,3,-1.3204607671645963,-1.7313549963370007,2020-02-08 03:00:00,2021-02-08 03:00:00,2021-02-08 03:00:00,366,1
524,2021-02-09 03:00:00,Decision Tree,3,0.7652394437341377,0.8530394363087088,2020-02-09 03:00:00,2021-02-09 03:00:00,2021-02-09 03:00:00,366,1
525,2021-02-09 03:00:00,Random Forest,3,0.7652394437341377,0.7600930192804844,2020-02-09 03:00:00,2021-02-09 03:00:00,2021-02-09 03:00:00,366,1
526,2021-02-09 03:00:00,Neural Network,3,0.7652394437341377,0.6165754213584282,2020-02-09 03:00:00,2021-02-09 03:00:00,2021-02-09 03:00:00,366,1
527,2021-02-09 03:00:00,Naive,3,0.7652394437341377,-1.3204607671645963,2020-02-09 03:00:00,2021-02-09 03:00:00,2021-02-09 03:00:00,366,1
528,2021-02-10 03:00:00,Decision Tree,3,0.847050820137284,0.8432838815782009,2020-02-10 03:00:00,2021-02-10 03:00:00,2021-02-10 03:00:00,366,1
529,2021-02-10 03:00:00,Random Forest,3,0.847050820137284,0.8460887489528252,2020-02-10 03:00:00,2021-02-10 03:00:00,2021-02-10 03:00:00,366,1
530,2021-02-10 03:00:00,Neural Network,3,0.847050820137284,0.7951049516138877,2020-02-10 03:00:00,2021-02-10 03:00:00,2021-02-10 03:00:00,366,1
531,2021-02-10 03:00:00,Naive,3,0.847050820137284,0.7652394437341377,2020-02-10 03:00:00,2021-02-10 03:00:00,2021-02-10 03:00:00,366,1
532,2021-02-11 03:00:00,Decision Tree,3,0.9816867938798216,0.9172906747002072,2020-02-11 03:00:00,2021-02-11 03:00:00,2021-02-11 03:00:00,366,1
533,2021-02-11 03:00:00,Random Forest,3,0.9816867938798216,0.8954483861885701,2020-02-11 03:00:00,2021-02-11 03:00:00,2021-02-11 03:00:00,366,1
534,2021-02-11 03:00:00,Neural Network,3,0.9816867938798216,0.9687628204584349,2020-02-11 03:00:00,2021-02-11 03:00:00,2021-02-11 03:00:00,366,1
535,2021-02-11 03:00:00,Naive,3,0.9816867938798216,0.847050820137284,2020-02-11 03:00:00,2021-02-11 03:00:00,2021-02-11 03:00:00,366,1
536,2021-02-12 03:00:00,Decision Tree,3,0.8806371272725289,0.9526081267405768,2020-02-12 03:00:00,2021-02-12 03:00:00,2021-02-12 03:00:00,366,1
537,2021-02-12 03:00:00,Random Forest,3,0.8806371272725289,0.8556905896639244,2020-02-12 03:00:00,2021-02-12 03:00:00,2021-02-12 03:00:00,366,1
538,2021-02-12 03:00:00,Neural Network,3,0.8806371272725289,0.8045347629667793,2020-02-12 03:00:00,2021-02-12 03:00:00,2021-02-12 03:00:00,366,1
539,2021-02-12 03:00:00,Naive,3,0.8806371272725289,0.9816867938798216,2020-02-12 03:00:00,2021-02-12 03:00:00,2021-02-12 03:00:00,366,1
540,2021-02-13 03:00:00,Decision Tree,3,0.7325101449586116,0.7585744537972612,2020-02-13 03:00:00,2021-02-13 03:00:00,2021-02-13 03:00:00,366,1
541,2021-02-13 03:00:00,Random Forest,3,0.7325101449586116,0.778997125456896,2020-02-13 03:00:00,2021-02-13 03:00:00,2021-02-13 03:00:00,366,1
542,2021-02-13 03:00:00,Neural Network,3,0.7325101449586116,0.7794582829548469,2020-02-13 03:00:00,2021-02-13 03:00:00,2021-02-13 03:00:00,366,1
543,2021-02-13 03:00:00,Naive,3,0.7325101449586116,0.8806371272725289,2020-02-13 03:00:00,2021-02-13 03:00:00,2021-02-13 03:00:00,366,1
544,2021-02-14 03:00:00,Decision Tree,3,0.5617990086895628,0.5382051669923748,2020-02-14 03:00:00,2021-02-14 03:00:00,2021-02-14 03:00:00,366,1
545,2021-02-14 03:00:00,Random Forest,3,0.5617990086895628,0.5156848013701376,2020-02-14 03:00:00,2021-02-14 03:00:00,2021-02-14 03:00:00,366,1
546,2021-02-14 03:00:00,Neural Network,3,0.5617990086895628,0.49236885942005815,2020-02-14 03:00:00,2021-02-14 03:00:00,2021-02-14 03:00:00,366,1
547,2021-02-14 03:00:00,Naive,3,0.5617990086895628,0.7325101449586116,2020-02-14 03:00:00,2021-02-14 03:00:00,2021-02-14 03:00:00,366,1
548,2021-02-15 03:00:00,Decision Tree,3,-0.07795488908914162,-0.07695122497115647,2020-02-15 03:00:00,2021-02-15 03:00:00,2021-02-15 03:00:00,366,1
549,2021-02-15 03:00:00,Random Forest,3,-0.07795488908914162,-0.09145665770360005,2020-02-15 03:00:00,2021-02-15 03:00:00,2021-02-15 03:00:00,366,1
550,2021-02-15 03:00:00,Neural Network,3,-0.07795488908914162,-0.09289729529106616,2020-02-15 03:00:00,2021-02-15 03:00:00,2021-02-15 03:00:00,366,1
551,2021-02-15 03:00:00,Naive,3,-0.07795488908914162,0.5617990086895628,2020-02-15 03:00:00,2021-02-15 03:00:00,2021-02-15 03:00:00,366,1
552,2021-02-16 03:00:00,Decision Tree,3,0.5155261722732423,0.496215892916639,2020-02-16 03:00:00,2021-02-16 03:00:00,2021-02-16 03:00:00,366,1
553,2021-02-16 03:00:00,Random Forest,3,0.5155261722732423,0.5131579424943449,2020-02-16 03:00:00,2021-02-16 03:00:00,2021-02-16 03:00:00,366,1
554,2021-02-16 03:00:00,Neural Network,3,0.5155261722732423,0.5264973598265917,2020-02-16 03:00:00,2021-02-16 03:00:00,2021-02-16 03:00:00,366,1
555,2021-02-16 03:00:00,Naive,3,0.5155261722732423,-0.07795488908914162,2020-02-16 03:00:00,2021-02-16 03:00:00,2021-02-16 03:00:00,366,1
556,2021-02-17 03:00:00,Decision Tree,3,0.16574297196717555,0.10257984946622052,2020-02-17 03:00:00,2021-02-17 03:00:00,2021-02-17 03:00:00,366,1
557,2021-02-17 03:00:00,Random Forest,3,0.16574297196717555,0.15152070133479534,2020-02-17 03:00:00,2021-02-17 03:00:00,2021-02-17 03:00:00,366,1
558,2021-02-17 03:00:00,Neural Network,3,0.16574297196717555,-0.03264891845375739,2020-02-17 03:00:00,2021-02-17 03:00:00,2021-02-17 03:00:00,366,1
559,2021-02-17 03:00:00,Naive,3,0.16574297196717555,0.5155261722732423,2020-02-17 03:00:00,2021-02-17 03:00:00,2021-02-17 03:00:00,366,1
560,2021-02-18 03:00:00,Decision Tree,3,0.26885806443708826,0.34219119038908147,2020-02-18 03:00:00,2021-02-18 03:00:00,2021-02-18 03:00:00,366,1
561,2021-02-18 03:00:00,Random Forest,3,0.26885806443708826,0.2541333873286807,2020-02-18 03:00:00,2021-02-18 03:00:00,2021-02-18 03:00:00,366,1
562,2021-02-18 03:00:00,Neural Network,3,0.26885806443708826,0.2576096314688947,2020-02-18 03:00:00,2021-02-18 03:00:00,2021-02-18 03:00:00,366,1
563,2021-02-18 03:00:00,Naive,3,0.26885806443708826,0.16574297196717555,2020-02-18 03:00:00,2021-02-18 03:00:00,2021-02-18 03:00:00,366,1
564,2021-02-19 03:00:00,Decision Tree,3,0.06085930403521917,0.05396362762634005,2020-02-19 03:00:00,2021-02-19 03:00:00,2021-02-19 03:00:00,366,1
565,2021-02-19 03:00:00,Random Forest,3,0.06085930403521917,0.05345847288295368,2020-02-19 03:00:00,2021-02-19 03:00:00,2021-02-19 03:00:00,366,1
566,2021-02-19 03:00:00,Neural Network,3,0.06085930403521917,-0.09146084481391059,2020-02-19 03:00:00,2021-02-19 03:00:00,2021-02-19 03:00:00,366,1
567,2021-02-19 03:00:00,Naive,3,0.06085930403521917,0.26885806443708826,2020-02-19 03:00:00,2021-02-19 03:00:00,2021-02-19 03:00:00,366,1
568,2021-02-20 03:00:00,Decision Tree,3,-0.016957812045721107,-0.004522988236569351,2020-02-20 03:00:00,2021-02-20 03:00:00,2021-02-20 03:00:00,366,1
569,2021-02-20 03:00:00,Random Forest,3,-0.016957812045721107,-0.013955156916651766,2020-02-20 03:00:00,2021-02-20 03:00:00,2021-02-20 03:00:00,366,1
570,2021-02-20 03:00:00,Neural Network,3,-0.016957812045721107,0.006860295465886068,2020-02-20 03:00:00,2021-02-20 03:00:00,2021-02-20 03:00:00,366,1
571,2021-02-20 03:00:00,Naive,3,-0.016957812045721107,0.06085930403521917,2020-02-20 03:00:00,2021-02-20 03:00:00,2021-02-20 03:00:00,366,1
572,2021-02-21 03:00:00,Decision Tree,3,-1.2909602750621534,-1.2826696132211313,2020-02-21 03:00:00,2021-02-21 03:00:00,2021-02-21 03:00:00,366,1
573,2021-02-21 03:00:00,Random Forest,3,-1.2909602750621534,-1.2477205701450387,2020-02-21 03:00:00,2021-02-21 03:00:00,2021-02-21 03:00:00,366,1
574,2021-02-21 03:00:00,Neural Network,3,-1.2909602750621534,-1.0888461094502628,2020-02-21 03:00:00,2021-02-21 03:00:00,2021-02-21 03:00:00,366,1
575,2021-02-21 03:00:00,Naive,3,-1.2909602750621534,-0.016957812045721107,2020-02-21 03:00:00,2021-02-21 03:00:00,2021-02-21 03:00:00,366,1
576,2021-02-22 03:00:00,Decision Tree,3,0.19683409494557852,0.18120858077929858,2020-02-22 03:00:00,2021-02-22 03:00:00,2021-02-22 03:00:00,366,1
577,2021-02-22 03:00:00,Random Forest,3,0.19683409494557852,0.15457406513218933,2020-02-22 03:00:00,2021-02-22 03:00:00,2021-02-22 03:00:00,366,1
578,2021-02-22 03:00:00,Neural Network,3,0.19683409494557852,0.22720846617906887,2020-02-22 03:00:00,2021-02-22 03:00:00,2021-02-22 03:00:00,366,1
579,2021-02-22 03:00:00,Naive,3,0.19683409494557852,-1.2909602750621534,2020-02-22 03:00:00,2021-02-22 03:00:00,2021-02-22 03:00:00,366,1
580,2021-02-23 03:00:00,Decision Tree,3,0.19337205824827616,0.21282959143512517,2020-02-23 03:00:00,2021-02-23 03:00:00,2021-02-23 03:00:00,366,1
581,2021-02-23 03:00:00,Random Forest,3,0.19337205824827616,0.17896451329161045,2020-02-23 03:00:00,2021-02-23 03:00:00,2021-02-23 03:00:00,366,1
582,2021-02-23 03:00:00,Neural Network,3,0.19337205824827616,0.2043130089977182,2020-02-23 03:00:00,2021-02-23 03:00:00,2021-02-23 03:00:00,366,1
583,2021-02-23 03:00:00,Naive,3,0.19337205824827616,0.19683409494557852,2020-02-23 03:00:00,2021-02-23 03:00:00,2021-02-23 03:00:00,366,1
584,2021-02-24 03:00:00,Decision Tree,3,-1.1916652204991514,-1.1376748057010755,2020-02-24 03:00:00,2021-02-24 03:00:00,2021-02-24 03:00:00,366,1
585,2021-02-24 03:00:00,Random Forest,3,-1.1916652204991514,-1.1436821890022644,2020-02-24 03:00:00,2021-02-24 03:00:00,2021-02-24 03:00:00,366,1
586,2021-02-24 03:00:00,Neural Network,3,-1.1916652204991514,-0.9505557527374495,2020-02-24 03:00:00,2021-02-24 03:00:00,2021-02-24 03:00:00,366,1
587,2021-02-24 03:00:00,Naive,3,-1.1916652204991514,0.19337205824827616,2020-02-24 03:00:00,2021-02-24 03:00:00,2021-02-24 03:00:00,366,1
588,2021-02-25 03:00:00,Decision Tree,3,-0.14561173839004415,-0.13309599775686906,2020-02-25 03:00:00,2021-02-25 03:00:00,2021-02-25 03:00:00,366,1
589,2021-02-25 03:00:00,Random Forest,3,-0.14561173839004415,-0.13674764586294613,2020-02-25 03:00:00,2021-02-25 03:00:00,2021-02-25 03:00:00,366,1
590,2021-02-25 03:00:00,Neural Network,3,-0.14561173839004415,-0.058664880585949764,2020-02-25 03:00:00,2021-02-25 03:00:00,2021-02-25 03:00:00,366,1
591,2021-02-25 03:00:00,Naive,3,-0.14561173839004415,-1.1916652204991514,2020-02-25 03:00:00,2021-02-25 03:00:00,2021-02-25 03:00:00,366,1
592,2021-02-26 03:00:00,Decision Tree,3,0.3788216631865755,0.3580580473316913,2020-02-26 03:00:00,2021-02-26 03:00:00,2021-02-26 03:00:00,366,1
593,2021-02-26 03:00:00,Random Forest,3,0.3788216631865755,0.36195875924930293,2020-02-26 03:00:00,2021-02-26 03:00:00,2021-02-26 03:00:00,366,1
594,2021-02-26 03:00:00,Neural Network,3,0.3788216631865755,0.3628842591081347,2020-02-26 03:00:00,2021-02-26 03:00:00,2021-02-26 03:00:00,366,1
595,2021-02-26 03:00:00,Naive,3,0.3788216631865755,-0.14561173839004415,2020-02-26 03:00:00,2021-02-26 03:00:00,2021-02-26 03:00:00,366,1
596,2021-02-27 03:00:00,Decision Tree,3,0.24416305073271374,0.23605807865453698,2020-02-27 03:00:00,2021-02-27 03:00:00,2021-02-27 03:00:00,366,1
597,2021-02-27 03:00:00,Random Forest,3,0.24416305073271374,0.2148491259918571,2020-02-27 03:00:00,2021-02-27 03:00:00,2021-02-27 03:00:00,366,1
598,2021-02-27 03:00:00,Neural Network,3,0.24416305073271374,0.32919914287243435,2020-02-27 03:00:00,2021-02-27 03:00:00,2021-02-27 03:00:00,366,1
599,2021-02-27 03:00:00,Naive,3,0.24416305073271374,0.3788216631865755,2020-02-27 03:00:00,2021-02-27 03:00:00,2021-02-27 03:00:00,366,1
600,2021-02-28 03:00:00,Decision Tree,3,0.3187601728918695,0.3541157561609506,2020-02-28 03:00:00,2021-02-28 03:00:00,2021-02-28 03:00:00,366,1
601,2021-02-28 03:00:00,Random Forest,3,0.3187601728918695,0.33669960373757435,2020-02-28 03:00:00,2021-02-28 03:00:00,2021-02-28 03:00:00,366,1
602,2021-02-28 03:00:00,Neural Network,3,0.3187601728918695,0.39996114316273523,2020-02-28 03:00:00,2021-02-28 03:00:00,2021-02-28 03:00:00,366,1
603,2021-02-28 03:00:00,Naive,3,0.3187601728918695,0.24416305073271374,2020-02-28 03:00:00,2021-02-28 03:00:00,2021-02-28 03:00:00,366,1
604,2021-03-01 03:00:00,Decision Tree,3,0.4289500927514794,0.49621589291663887,2020-03-01 03:00:00,2021-03-01 03:00:00,2021-03-01 03:00:00,365,1
605,2021-03-01 03:00:00,Random Forest,3,0.4289500927514794,0.4228137884890742,2020-03-01 03:00:00,2021-03-01 03:00:00,2021-03-01 03:00:00,365,1
606,2021-03-01 03:00:00,Neural Network,3,0.4289500927514794,0.2707618334712424,2020-03-01 03:00:00,2021-03-01 03:00:00,2021-03-01 03:00:00,365,1
607,2021-03-01 03:00:00,Naive,3,0.4289500927514794,0.3187601728918695,2020-03-01 03:00:00,2021-03-01 03:00:00,2021-03-01 03:00:00,365,1
608,2021-03-02 03:00:00,Decision Tree,3,0.510922742790116,0.496215892916639,2020-03-02 03:00:00,2021-03-02 03:00:00,2021-03-02 03:00:00,365,1
609,2021-03-02 03:00:00,Random Forest,3,0.510922742790116,0.5133284036334349,2020-03-02 03:00:00,2021-03-02 03:00:00,2021-03-02 03:00:00,365,1
610,2021-03-02 03:00:00,Neural Network,3,0.510922742790116,0.5491677522485168,2020-03-02 03:00:00,2021-03-02 03:00:00,2021-03-02 03:00:00,365,1
611,2021-03-02 03:00:00,Naive,3,0.510922742790116,0.4289500927514794,2020-03-02 03:00:00,2021-03-02 03:00:00,2021-03-02 03:00:00,365,1
612,2021-03-03 03:00:00,Decision Tree,3,0.6278048919986775,0.6762582954844122,2020-03-03 03:00:00,2021-03-03 03:00:00,2021-03-03 03:00:00,365,1
613,2021-03-03 03:00:00,Random Forest,3,0.6278048919986775,0.6496939480663727,2020-03-03 03:00:00,2021-03-03 03:00:00,2021-03-03 03:00:00,365,1
614,2021-03-03 03:00:00,Neural Network,3,0.6278048919986775,0.7253830500463552,2020-03-03 03:00:00,2021-03-03 03:00:00,2021-03-03 03:00:00,365,1
615,2021-03-03 03:00:00,Naive,3,0.6278048919986775,0.510922742790116,2020-03-03 03:00:00,2021-03-03 03:00:00,2021-03-03 03:00:00,365,1
616,2021-03-04 03:00:00,Decision Tree,3,0.5915601128268825,0.6542553658125382,2020-03-04 03:00:00,2021-03-04 03:00:00,2021-03-04 03:00:00,365,1
617,2021-03-04 03:00:00,Random Forest,3,0.5915601128268825,0.569402427785467,2020-03-04 03:00:00,2021-03-04 03:00:00,2021-03-04 03:00:00,365,1
618,2021-03-04 03:00:00,Neural Network,3,0.5915601128268825,0.4628376386368286,2020-03-04 03:00:00,2021-03-04 03:00:00,2021-03-04 03:00:00,365,1
619,2021-03-04 03:00:00,Naive,3,0.5915601128268825,0.6278048919986775,2020-03-04 03:00:00,2021-03-04 03:00:00,2021-03-04 03:00:00,365,1
620,2021-03-05 03:00:00,Decision Tree,3,0.4979455477361838,0.5366813225929263,2020-03-05 03:00:00,2021-03-05 03:00:00,2021-03-05 03:00:00,365,1
621,2021-03-05 03:00:00,Random Forest,3,0.4979455477361838,0.5075360970761021,2020-03-05 03:00:00,2021-03-05 03:00:00,2021-03-05 03:00:00,365,1
622,2021-03-05 03:00:00,Neural Network,3,0.4979455477361838,0.5409282925548624,2020-03-05 03:00:00,2021-03-05 03:00:00,2021-03-05 03:00:00,365,1
623,2021-03-05 03:00:00,Naive,3,0.4979455477361838,0.5915601128268825,2020-03-05 03:00:00,2021-03-05 03:00:00,2021-03-05 03:00:00,365,1
624,2021-03-06 03:00:00,Decision Tree,3,0.41032980680124387,0.47571750143388253,2020-03-06 03:00:00,2021-03-06 03:00:00,2021-03-06 03:00:00,365,1
625,2021-03-06 03:00:00,Random Forest,3,0.41032980680124387,0.41501093993961674,2020-03-06 03:00:00,2021-03-06 03:00:00,2021-03-06 03:00:00,365,1
626,2021-03-06 03:00:00,Neural Network,3,0.41032980680124387,0.39251983226720555,2020-03-06 03:00:00,2021-03-06 03:00:00,2021-03-06 03:00:00,365,1
627,2021-03-06 03:00:00,Naive,3,0.41032980680124387,0.4979455477361838,2020-03-06 03:00:00,2021-03-06 03:00:00,2021-03-06 03:00:00,365,1
628,2021-03-07 03:00:00,Decision Tree,3,0.5889687450937211,0.6260653593861923,2020-03-07 03:00:00,2021-03-07 03:00:00,2021-03-07 03:00:00,365,1
629,2021-03-07 03:00:00,Random Forest,3,0.5889687450937211,0.5841664164151944,2020-03-07 03:00:00,2021-03-07 03:00:00,2021-03-07 03:00:00,365,1
630,2021-03-07 03:00:00,Neural Network,3,0.5889687450937211,0.4529807015559417,2020-03-07 03:00:00,2021-03-07 03:00:00,2021-03-07 03:00:00,365,1
631,2021-03-07 03:00:00,Naive,3,0.5889687450937211,0.41032980680124387,2020-03-07 03:00:00,2021-03-07 03:00:00,2021-03-07 03:00:00,365,1
632,2021-03-08 03:00:00,Decision Tree,3,0.5598870710185271,0.5341559280097412,2020-03-08 03:00:00,2021-03-08 03:00:00,2021-03-08 03:00:00,365,1
633,2021-03-08 03:00:00,Random Forest,3,0.5598870710185271,0.5365129328107465,2020-03-08 03:00:00,2021-03-08 03:00:00,2021-03-08 03:00:00,365,1
634,2021-03-08 03:00:00,Neural Network,3,0.5598870710185271,0.48158511368168877,2020-03-08 03:00:00,2021-03-08 03:00:00,2021-03-08 03:00:00,365,1
635,2021-03-08 03:00:00,Naive,3,0.5598870710185271,0.5889687450937211,2020-03-08 03:00:00,2021-03-08 03:00:00,2021-03-08 03:00:00,365,1
636,2021-03-09 03:00:00,Decision Tree,3,0.5631283520249245,0.5378318055824248,2020-03-09 03:00:00,2021-03-09 03:00:00,2021-03-09 03:00:00,365,1
637,2021-03-09 03:00:00,Random Forest,3,0.5631283520249245,0.5421700600563183,2020-03-09 03:00:00,2021-03-09 03:00:00,2021-03-09 03:00:00,365,1
638,2021-03-09 03:00:00,Neural Network,3,0.5631283520249245,0.535335184136139,2020-03-09 03:00:00,2021-03-09 03:00:00,2021-03-09 03:00:00,365,1
639,2021-03-09 03:00:00,Naive,3,0.5631283520249245,0.5598870710185271,2020-03-09 03:00:00,2021-03-09 03:00:00,2021-03-09 03:00:00,365,1
640,2021-03-10 03:00:00,Decision Tree,3,0.9132630523041774,0.9593253881676258,2020-03-10 03:00:00,2021-03-10 03:00:00,2021-03-10 03:00:00,365,1
641,2021-03-10 03:00:00,Random Forest,3,0.9132630523041774,0.92528569838011,2020-03-10 03:00:00,2021-03-10 03:00:00,2021-03-10 03:00:00,365,1
642,2021-03-10 03:00:00,Neural Network,3,0.9132630523041774,0.84950516901436,2020-03-10 03:00:00,2021-03-10 03:00:00,2021-03-10 03:00:00,365,1
643,2021-03-10 03:00:00,Naive,3,0.9132630523041774,0.5631283520249245,2020-03-10 03:00:00,2021-03-10 03:00:00,2021-03-10 03:00:00,365,1
644,2021-03-11 03:00:00,Decision Tree,3,-1.7284531949554551,-1.685856505840016,2020-03-11 03:00:00,2021-03-11 03:00:00,2021-03-11 03:00:00,365,1
645,2021-03-11 03:00:00,Random Forest,3,-1.7284531949554551,-1.6702110205942022,2020-03-11 03:00:00,2021-03-11 03:00:00,2021-03-11 03:00:00,365,1
646,2021-03-11 03:00:00,Neural Network,3,-1.7284531949554551,-1.8467712108068457,2020-03-11 03:00:00,2021-03-11 03:00:00,2021-03-11 03:00:00,365,1
647,2021-03-11 03:00:00,Naive,3,-1.7284531949554551,0.9132630523041774,2020-03-11 03:00:00,2021-03-11 03:00:00,2021-03-11 03:00:00,365,1
648,2021-03-12 03:00:00,Decision Tree,3,-1.5997585906820262,-1.5403476228533617,2020-03-12 03:00:00,2021-03-12 03:00:00,2021-03-12 03:00:00,365,1
649,2021-03-12 03:00:00,Random Forest,3,-1.5997585906820262,-1.5542060138837563,2020-03-12 03:00:00,2021-03-12 03:00:00,2021-03-12 03:00:00,365,1
650,2021-03-12 03:00:00,Neural Network,3,-1.5997585906820262,-1.678989291556964,2020-03-12 03:00:00,2021-03-12 03:00:00,2021-03-12 03:00:00,365,1
651,2021-03-12 03:00:00,Naive,3,-1.5997585906820262,-1.7284531949554551,2020-03-12 03:00:00,2021-03-12 03:00:00,2021-03-12 03:00:00,365,1
652,2021-03-13 03:00:00,Decision Tree,3,-1.1351463109437254,-1.0858565400311897,2020-03-13 03:00:00,2021-03-13 03:00:00,2021-03-13 03:00:00,365,1
653,2021-03-13 03:00:00,Random Forest,3,-1.1351463109437254,-1.0874089676735763,2020-03-13 03:00:00,2021-03-13 03:00:00,2021-03-13 03:00:00,365,1
654,2021-03-13 03:00:00,Neural Network,3,-1.1351463109437254,-1.2394686276119247,2020-03-13 03:00:00,2021-03-13 03:00:00,2021-03-13 03:00:00,365,1
655,2021-03-13 03:00:00,Naive,3,-1.1351463109437254,-1.5997585906820262,2020-03-13 03:00:00,2021-03-13 03:00:00,2021-03-13 03:00:00,365,1
656,2021-03-14 03:00:00,Decision Tree,3,-1.7537513615834486,-1.7038605964500346,2020-03-14 03:00:00,2021-03-14 03:00:00,2021-03-14 03:00:00,365,1
657,2021-03-14 03:00:00,Random Forest,3,-1.7537513615834486,-1.7119411597574454,2020-03-14 03:00:00,2021-03-14 03:00:00,2021-03-14 03:00:00,365,1
658,2021-03-14 03:00:00,Neural Network,3,-1.7537513615834486,-1.9789713786164789,2020-03-14 03:00:00,2021-03-14 03:00:00,2021-03-14 03:00:00,365,1
659,2021-03-14 03:00:00,Naive,3,-1.7537513615834486,-1.1351463109437254,2020-03-14 03:00:00,2021-03-14 03:00:00,2021-03-14 03:00:00,365,1
660,2021-03-15 03:00:00,Decision Tree,3,-0.03218604699742889,-0.015874655371523407,2020-03-15 03:00:00,2021-03-15 03:00:00,2021-03-15 03:00:00,365,1
661,2021-03-15 03:00:00,Random Forest,3,-0.03218604699742889,-0.017641136266929005,2020-03-15 03:00:00,2021-03-15 03:00:00,2021-03-15 03:00:00,365,1
662,2021-03-15 03:00:00,Neural Network,3,-0.03218604699742889,-0.49740313366251543,2020-03-15 03:00:00,2021-03-15 03:00:00,2021-03-15 03:00:00,365,1
663,2021-03-15 03:00:00,Naive,3,-0.03218604699742889,-1.7537513615834486,2020-03-15 03:00:00,2021-03-15 03:00:00,2021-03-15 03:00:00,365,1
664,2021-03-16 03:00:00,Decision Tree,3,0.5550090028864878,0.5409938738877373,2020-03-16 03:00:00,2021-03-16 03:00:00,2021-03-16 03:00:00,365,1
665,2021-03-16 03:00:00,Random Forest,3,0.5550090028864878,0.5441391755399727,2020-03-16 03:00:00,2021-03-16 03:00:00,2021-03-16 03:00:00,365,1
666,2021-03-16 03:00:00,Neural Network,3,0.5550090028864878,0.33482069720781116,2020-03-16 03:00:00,2021-03-16 03:00:00,2021-03-16 03:00:00,365,1
667,2021-03-16 03:00:00,Naive,3,0.5550090028864878,-0.03218604699742889,2020-03-16 03:00:00,2021-03-16 03:00:00,2021-03-16 03:00:00,365,1
668,2021-03-17 03:00:00,Decision Tree,3,0.6354476251935632,0.6198825903374471,2020-03-17 03:00:00,2021-03-17 03:00:00,2021-03-17 03:00:00,365,1
669,2021-03-17 03:00:00,Random Forest,3,0.6354476251935632,0.6723219914917812,2020-03-17 03:00:00,2021-03-17 03:00:00,2021-03-17 03:00:00,365,1
670,2021-03-17 03:00:00,Neural Network,3,0.6354476251935632,0.5045246720099756,2020-03-17 03:00:00,2021-03-17 03:00:00,2021-03-17 03:00:00,365,1
671,2021-03-17 03:00:00,Naive,3,0.6354476251935632,0.5550090028864878,2020-03-17 03:00:00,2021-03-17 03:00:00,2021-03-17 03:00:00,365,1
672,2021-03-18 03:00:00,Decision Tree,3,0.8424242526969692,0.9516483321903846,2020-03-18 03:00:00,2021-03-18 03:00:00,2021-03-18 03:00:00,365,1
673,2021-03-18 03:00:00,Random Forest,3,0.8424242526969692,0.9011504957005643,2020-03-18 03:00:00,2021-03-18 03:00:00,2021-03-18 03:00:00,365,1
674,2021-03-18 03:00:00,Neural Network,3,0.8424242526969692,0.7950349630448849,2020-03-18 03:00:00,2021-03-18 03:00:00,2021-03-18 03:00:00,365,1
675,2021-03-18 03:00:00,Naive,3,0.8424242526969692,0.6354476251935632,2020-03-18 03:00:00,2021-03-18 03:00:00,2021-03-18 03:00:00,365,1
676,2021-03-19 03:00:00,Decision Tree,3,0.8719819035415897,0.967271155538943,2020-03-19 03:00:00,2021-03-19 03:00:00,2021-03-19 03:00:00,365,1
677,2021-03-19 03:00:00,Random Forest,3,0.8719819035415897,0.8756540697022163,2020-03-19 03:00:00,2021-03-19 03:00:00,2021-03-19 03:00:00,365,1
678,2021-03-19 03:00:00,Neural Network,3,0.8719819035415897,0.7839361820274149,2020-03-19 03:00:00,2021-03-19 03:00:00,2021-03-19 03:00:00,365,1
679,2021-03-19 03:00:00,Naive,3,0.8719819035415897,0.8424242526969692,2020-03-19 03:00:00,2021-03-19 03:00:00,2021-03-19 03:00:00,365,1
680,2021-03-20 03:00:00,Decision Tree,3,0.9900536610553715,0.9190385521686832,2020-03-20 03:00:00,2021-03-20 03:00:00,2021-03-20 03:00:00,365,1
681,2021-03-20 03:00:00,Random Forest,3,0.9900536610553715,0.9573314693001336,2020-03-20 03:00:00,2021-03-20 03:00:00,2021-03-20 03:00:00,365,1
682,2021-03-20 03:00:00,Neural Network,3,0.9900536610553715,0.8194549537367867,2020-03-20 03:00:00,2021-03-20 03:00:00,2021-03-20 03:00:00,365,1
683,2021-03-20 03:00:00,Naive,3,0.9900536610553715,0.8719819035415897,2020-03-20 03:00:00,2021-03-20 03:00:00,2021-03-20 03:00:00,365,1
684,2021-03-21 03:00:00,Decision Tree,3,-0.6284956231825298,-0.6098015046818637,2020-03-21 03:00:00,2021-03-21 03:00:00,2021-03-21 03:00:00,365,1
685,2021-03-21 03:00:00,Random Forest,3,-0.6284956231825298,-0.6145235465190723,2020-03-21 03:00:00,2021-03-21 03:00:00,2021-03-21 03:00:00,365,1
686,2021-03-21 03:00:00,Neural Network,3,-0.6284956231825298,-0.8173274916805149,2020-03-21 03:00:00,2021-03-21 03:00:00,2021-03-21 03:00:00,365,1
687,2021-03-21 03:00:00,Naive,3,-0.6284956231825298,0.9900536610553715,2020-03-21 03:00:00,2021-03-21 03:00:00,2021-03-21 03:00:00,365,1
688,2021-03-22 03:00:00,Decision Tree,3,0.7853526242268682,0.7588458630974548,2020-03-22 03:00:00,2021-03-22 03:00:00,2021-03-22 03:00:00,365,1
689,2021-03-22 03:00:00,Random Forest,3,0.7853526242268682,0.7894567459648507,2020-03-22 03:00:00,2021-03-22 03:00:00,2021-03-22 03:00:00,365,1
690,2021-03-22 03:00:00,Neural Network,3,0.7853526242268682,0.5954026994305557,2020-03-22 03:00:00,2021-03-22 03:00:00,2021-03-22 03:00:00,365,1
691,2021-03-22 03:00:00,Naive,3,0.7853526242268682,-0.6284956231825298,2020-03-22 03:00:00,2021-03-22 03:00:00,2021-03-22 03:00:00,365,1
692,2021-03-23 03:00:00,Decision Tree,3,0.9729986479803007,0.9891544622955115,2020-03-23 03:00:00,2021-03-23 03:00:00,2021-03-23 03:00:00,365,1
693,2021-03-23 03:00:00,Random Forest,3,0.9729986479803007,0.9555712213274,2020-03-23 03:00:00,2021-03-23 03:00:00,2021-03-23 03:00:00,365,1
694,2021-03-23 03:00:00,Neural Network,3,0.9729986479803007,0.8943100021669396,2020-03-23 03:00:00,2021-03-23 03:00:00,2021-03-23 03:00:00,365,1
695,2021-03-23 03:00:00,Naive,3,0.9729986479803007,0.7853526242268682,2020-03-23 03:00:00,2021-03-23 03:00:00,2021-03-23 03:00:00,365,1
696,2021-03-24 03:00:00,Decision Tree,3,0.6851139934464767,0.7617910587785007,2020-03-24 03:00:00,2021-03-24 03:00:00,2021-03-24 03:00:00,365,1
697,2021-03-24 03:00:00,Random Forest,3,0.6851139934464767,0.7490925406232759,2020-03-24 03:00:00,2021-03-24 03:00:00,2021-03-24 03:00:00,365,1
698,2021-03-24 03:00:00,Neural Network,3,0.6851139934464767,0.618219796277645,2020-03-24 03:00:00,2021-03-24 03:00:00,2021-03-24 03:00:00,365,1
699,2021-03-24 03:00:00,Naive,3,0.6851139934464767,0.9729986479803007,2020-03-24 03:00:00,2021-03-24 03:00:00,2021-03-24 03:00:00,365,1
700,2021-03-25 03:00:00,Decision Tree,3,0.8775777163730376,0.9494360228577299,2020-03-25 03:00:00,2021-03-25 03:00:00,2021-03-25 03:00:00,365,1
701,2021-03-25 03:00:00,Random Forest,3,0.8775777163730376,0.9006577023684258,2020-03-25 03:00:00,2021-03-25 03:00:00,2021-03-25 03:00:00,365,1
702,2021-03-25 03:00:00,Neural Network,3,0.8775777163730376,0.8627550564356322,2020-03-25 03:00:00,2021-03-25 03:00:00,2021-03-25 03:00:00,365,1
703,2021-03-25 03:00:00,Naive,3,0.8775777163730376,0.6851139934464767,2020-03-25 03:00:00,2021-03-25 03:00:00,2021-03-25 03:00:00,365,1
704,2021-03-26 03:00:00,Decision Tree,3,0.7160777201226771,0.727539658571621,2020-03-26 03:00:00,2021-03-26 03:00:00,2021-03-26 03:00:00,365,1
705,2021-03-26 03:00:00,Random Forest,3,0.7160777201226771,0.7605971686160354,2020-03-26 03:00:00,2021-03-26 03:00:00,2021-03-26 03:00:00,365,1
706,2021-03-26 03:00:00,Neural Network,3,0.7160777201226771,0.5989893098045349,2020-03-26 03:00:00,2021-03-26 03:00:00,2021-03-26 03:00:00,365,1
707,2021-03-26 03:00:00,Naive,3,0.7160777201226771,0.8775777163730376,2020-03-26 03:00:00,2021-03-26 03:00:00,2021-03-26 03:00:00,365,1
708,2021-03-27 03:00:00,Decision Tree,3,-0.12219455683175183,-0.07982996197190016,2020-03-27 03:00:00,2021-03-27 03:00:00,2021-03-27 03:00:00,365,1
709,2021-03-27 03:00:00,Random Forest,3,-0.12219455683175183,-0.11189760036900478,2020-03-27 03:00:00,2021-03-27 03:00:00,2021-03-27 03:00:00,365,1
710,2021-03-27 03:00:00,Neural Network,3,-0.12219455683175183,-0.2802965543703745,2020-03-27 03:00:00,2021-03-27 03:00:00,2021-03-27 03:00:00,365,1
711,2021-03-27 03:00:00,Naive,3,-0.12219455683175183,0.7160777201226771,2020-03-27 03:00:00,2021-03-27 03:00:00,2021-03-27 03:00:00,365,1
712,2021-03-28 03:00:00,Decision Tree,3,-0.016395725858794473,-0.018593220642507655,2020-03-28 03:00:00,2021-03-28 03:00:00,2021-03-28 03:00:00,365,1
713,2021-03-28 03:00:00,Random Forest,3,-0.016395725858794473,-0.008961431668007462,2020-03-28 03:00:00,2021-03-28 03:00:00,2021-03-28 03:00:00,365,1
714,2021-03-28 03:00:00,Neural Network,3,-0.016395725858794473,-0.05406595382327245,2020-03-28 03:00:00,2021-03-28 03:00:00,2021-03-28 03:00:00,365,1
715,2021-03-28 03:00:00,Naive,3,-0.016395725858794473,-0.12219455683175183,2020-03-28 03:00:00,2021-03-28 03:00:00,2021-03-28 03:00:00,365,1
716,2021-03-29 03:00:00,Decision Tree,3,-0.851146169368265,-0.8142944779642673,2020-03-29 03:00:00,2021-03-29 03:00:00,2021-03-29 03:00:00,365,1
717,2021-03-29 03:00:00,Random Forest,3,-0.851146169368265,-0.8236311741342827,2020-03-29 03:00:00,2021-03-29 03:00:00,2021-03-29 03:00:00,365,1
718,2021-03-29 03:00:00,Neural Network,3,-0.851146169368265,-0.9419657694941437,2020-03-29 03:00:00,2021-03-29 03:00:00,2021-03-29 03:00:00,365,1
719,2021-03-29 03:00:00,Naive,3,-0.851146169368265,-0.016395725858794473,2020-03-29 03:00:00,2021-03-29 03:00:00,2021-03-29 03:00:00,365,1
720,2021-03-30 03:00:00,Decision Tree,3,0.6857296881559016,0.7259022387932003,2020-03-30 03:00:00,2021-03-30 03:00:00,2021-03-30 03:00:00,365,1
721,2021-03-30 03:00:00,Random Forest,3,0.6857296881559016,0.7255884063006572,2020-03-30 03:00:00,2021-03-30 03:00:00,2021-03-30 03:00:00,365,1
722,2021-03-30 03:00:00,Neural Network,3,0.6857296881559016,0.5635386669148531,2020-03-30 03:00:00,2021-03-30 03:00:00,2021-03-30 03:00:00,365,1
723,2021-03-30 03:00:00,Naive,3,0.6857296881559016,-0.851146169368265,2020-03-30 03:00:00,2021-03-30 03:00:00,2021-03-30 03:00:00,365,1
724,2021-03-31 03:00:00,Decision Tree,3,0.8833677513237377,0.8723527268247399,2020-03-31 03:00:00,2021-03-31 03:00:00,2021-03-31 03:00:00,365,1
725,2021-03-31 03:00:00,Random Forest,3,0.8833677513237377,0.8992470389848645,2020-03-31 03:00:00,2021-03-31 03:00:00,2021-03-31 03:00:00,365,1
726,2021-03-31 03:00:00,Neural Network,3,0.8833677513237377,0.749461971676851,2020-03-31 03:00:00,2021-03-31 03:00:00,2021-03-31 03:00:00,365,1
727,2021-03-31 03:00:00,Naive,3,0.8833677513237377,0.6857296881559016,2020-03-31 03:00:00,2021-03-31 03:00:00,2021-03-31 03:00:00,365,1
728,2021-04-01 03:00:00,Decision Tree,3,0.5925125598278942,0.611956386985875,2020-04-01 03:00:00,2021-04-01 03:00:00,2021-04-01 03:00:00,365,1
729,2021-04-01 03:00:00,Random Forest,3,0.5925125598278942,0.6325042441674549,2020-04-01 03:00:00,2021-04-01 03:00:00,2021-04-01 03:00:00,365,1
730,2021-04-01 03:00:00,Neural Network,3,0.5925125598278942,0.45710163894920386,2020-04-01 03:00:00,2021-04-01 03:00:00,2021-04-01 03:00:00,365,1
731,2021-04-01 03:00:00,Naive,3,0.5925125598278942,0.8833677513237377,2020-04-01 03:00:00,2021-04-01 03:00:00,2021-04-01 03:00:00,365,1
732,2021-04-02 03:00:00,Decision Tree,3,0.5597485698454168,0.6091786973918777,2020-04-02 03:00:00,2021-04-02 03:00:00,2021-04-02 03:00:00,365,1
733,2021-04-02 03:00:00,Random Forest,3,0.5597485698454168,0.6069731527844219,2020-04-02 03:00:00,2021-04-02 03:00:00,2021-04-02 03:00:00,365,1
734,2021-04-02 03:00:00,Neural Network,3,0.5597485698454168,0.2979922779091573,2020-04-02 03:00:00,2021-04-02 03:00:00,2021-04-02 03:00:00,365,1
735,2021-04-02 03:00:00,Naive,3,0.5597485698454168,0.5925125598278942,2020-04-02 03:00:00,2021-04-02 03:00:00,2021-04-02 03:00:00,365,1
736,2021-04-03 03:00:00,Decision Tree,3,0.11058891979118352,0.1580581580919559,2020-04-03 03:00:00,2021-04-03 03:00:00,2021-04-03 03:00:00,365,1
737,2021-04-03 03:00:00,Random Forest,3,0.11058891979118352,0.16217633594367858,2020-04-03 03:00:00,2021-04-03 03:00:00,2021-04-03 03:00:00,365,1
738,2021-04-03 03:00:00,Neural Network,3,0.11058891979118352,-0.10764847924990939,2020-04-03 03:00:00,2021-04-03 03:00:00,2021-04-03 03:00:00,365,1
739,2021-04-03 03:00:00,Naive,3,0.11058891979118352,0.5597485698454168,2020-04-03 03:00:00,2021-04-03 03:00:00,2021-04-03 03:00:00,365,1
740,2021-04-04 03:00:00,Decision Tree,3,0.30110974581521316,0.3311273638687749,2020-04-04 03:00:00,2021-04-04 03:00:00,2021-04-04 03:00:00,365,1
741,2021-04-04 03:00:00,Random Forest,3,0.30110974581521316,0.3353026971533022,2020-04-04 03:00:00,2021-04-04 03:00:00,2021-04-04 03:00:00,365,1
742,2021-04-04 03:00:00,Neural Network,3,0.30110974581521316,0.17127763660178613,2020-04-04 03:00:00,2021-04-04 03:00:00,2021-04-04 03:00:00,365,1
743,2021-04-04 03:00:00,Naive,3,0.30110974581521316,0.11058891979118352,2020-04-04 03:00:00,2021-04-04 03:00:00,2021-04-04 03:00:00,365,1
744,2021-04-05 03:00:00,Decision Tree,3,-2.282257951966484,-1.949071992545467,2020-04-05 03:00:00,2021-04-05 03:00:00,2021-04-05 03:00:00,365,1
745,2021-04-05 03:00:00,Random Forest,3,-2.282257951966484,-1.9577013495117153,2020-04-05 03:00:00,2021-04-05 03:00:00,2021-04-05 03:00:00,365,1
746,2021-04-05 03:00:00,Neural Network,3,-2.282257951966484,-1.978595062183159,2020-04-05 03:00:00,2021-04-05 03:00:00,2021-04-05 03:00:00,365,1
747,2021-04-05 03:00:00,Naive,3,-2.282257951966484,0.30110974581521316,2020-04-05 03:00:00,2021-04-05 03:00:00,2021-04-05 03:00:00,365,1
748,2021-04-06 03:00:00,Decision Tree,3,-1.237776454845704,-1.2158261084369275,2020-04-06 03:00:00,2021-04-06 03:00:00,2021-04-06 03:00:00,365,1
749,2021-04-06 03:00:00,Random Forest,3,-1.237776454845704,-1.2087440676917225,2020-04-06 03:00:00,2021-04-06 03:00:00,2021-04-06 03:00:00,365,1
750,2021-04-06 03:00:00,Neural Network,3,-1.237776454845704,-1.4394461660650548,2020-04-06 03:00:00,2021-04-06 03:00:00,2021-04-06 03:00:00,365,1
751,2021-04-06 03:00:00,Naive,3,-1.237776454845704,-2.282257951966484,2020-04-06 03:00:00,2021-04-06 03:00:00,2021-04-06 03:00:00,365,1
752,2021-04-07 03:00:00,Decision Tree,3,0.6955291756276787,0.7150707680112641,2020-04-07 03:00:00,2021-04-07 03:00:00,2021-04-07 03:00:00,365,1
753,2021-04-07 03:00:00,Random Forest,3,0.6955291756276787,0.7282908577661327,2020-04-07 03:00:00,2021-04-07 03:00:00,2021-04-07 03:00:00,365,1
754,2021-04-07 03:00:00,Neural Network,3,0.6955291756276787,0.6787719398942089,2020-04-07 03:00:00,2021-04-07 03:00:00,2021-04-07 03:00:00,365,1
755,2021-04-07 03:00:00,Naive,3,0.6955291756276787,-1.237776454845704,2020-04-07 03:00:00,2021-04-07 03:00:00,2021-04-07 03:00:00,365,1
756,2021-04-08 03:00:00,Decision Tree,3,0.6328579400770411,0.712628068963316,2020-04-08 03:00:00,2021-04-08 03:00:00,2021-04-08 03:00:00,365,1
757,2021-04-08 03:00:00,Random Forest,3,0.6328579400770411,0.6722656757557751,2020-04-08 03:00:00,2021-04-08 03:00:00,2021-04-08 03:00:00,365,1
758,2021-04-08 03:00:00,Neural Network,3,0.6328579400770411,0.6110860632347497,2020-04-08 03:00:00,2021-04-08 03:00:00,2021-04-08 03:00:00,365,1
759,2021-04-08 03:00:00,Naive,3,0.6328579400770411,0.6955291756276787,2020-04-08 03:00:00,2021-04-08 03:00:00,2021-04-08 03:00:00,365,1
760,2021-04-09 03:00:00,Decision Tree,3,0.16675150323020194,0.18098029009673275,2020-04-09 03:00:00,2021-04-09 03:00:00,2021-04-09 03:00:00,365,1
761,2021-04-09 03:00:00,Random Forest,3,0.16675150323020194,0.17615139139178082,2020-04-09 03:00:00,2021-04-09 03:00:00,2021-04-09 03:00:00,365,1
762,2021-04-09 03:00:00,Neural Network,3,0.16675150323020194,0.03271218662047776,2020-04-09 03:00:00,2021-04-09 03:00:00,2021-04-09 03:00:00,365,1
763,2021-04-09 03:00:00,Naive,3,0.16675150323020194,0.6328579400770411,2020-04-09 03:00:00,2021-04-09 03:00:00,2021-04-09 03:00:00,365,1
764,2021-04-10 03:00:00,Decision Tree,3,1.168264212874931,1.0011015814307362,2020-04-10 03:00:00,2021-04-10 03:00:00,2021-04-10 03:00:00,365,1
765,2021-04-10 03:00:00,Random Forest,3,1.168264212874931,0.9863675757524463,2020-04-10 03:00:00,2021-04-10 03:00:00,2021-04-10 03:00:00,365,1
766,2021-04-10 03:00:00,Neural Network,3,1.168264212874931,0.9011989943204877,2020-04-10 03:00:00,2021-04-10 03:00:00,2021-04-10 03:00:00,365,1
767,2021-04-10 03:00:00,Naive,3,1.168264212874931,0.16675150323020194,2020-04-10 03:00:00,2021-04-10 03:00:00,2021-04-10 03:00:00,365,1
768,2021-04-11 03:00:00,Decision Tree,3,0.6395018649525712,0.6371370949237074,2020-04-11 03:00:00,2021-04-11 03:00:00,2021-04-11 03:00:00,365,1
769,2021-04-11 03:00:00,Random Forest,3,0.6395018649525712,0.659929217542584,2020-04-11 03:00:00,2021-04-11 03:00:00,2021-04-11 03:00:00,365,1
770,2021-04-11 03:00:00,Neural Network,3,0.6395018649525712,0.5901370758812516,2020-04-11 03:00:00,2021-04-11 03:00:00,2021-04-11 03:00:00,365,1
771,2021-04-11 03:00:00,Naive,3,0.6395018649525712,1.168264212874931,2020-04-11 03:00:00,2021-04-11 03:00:00,2021-04-11 03:00:00,365,1
772,2021-04-12 03:00:00,Decision Tree,3,0.9489149964622616,1.0289620200047687,2020-04-12 03:00:00,2021-04-12 03:00:00,2021-04-12 03:00:00,365,1
773,2021-04-12 03:00:00,Random Forest,3,0.9489149964622616,1.0036026005332912,2020-04-12 03:00:00,2021-04-12 03:00:00,2021-04-12 03:00:00,365,1
774,2021-04-12 03:00:00,Neural Network,3,0.9489149964622616,0.7795346683226275,2020-04-12 03:00:00,2021-04-12 03:00:00,2021-04-12 03:00:00,365,1
775,2021-04-12 03:00:00,Naive,3,0.9489149964622616,0.6395018649525712,2020-04-12 03:00:00,2021-04-12 03:00:00,2021-04-12 03:00:00,365,1
776,2021-04-13 03:00:00,Decision Tree,3,0.8775503544427241,0.8833936277104438,2020-04-13 03:00:00,2021-04-13 03:00:00,2021-04-13 03:00:00,365,1
777,2021-04-13 03:00:00,Random Forest,3,0.8775503544427241,0.8883992411106573,2020-04-13 03:00:00,2021-04-13 03:00:00,2021-04-13 03:00:00,365,1
778,2021-04-13 03:00:00,Neural Network,3,0.8775503544427241,0.8856687763243152,2020-04-13 03:00:00,2021-04-13 03:00:00,2021-04-13 03:00:00,365,1
779,2021-04-13 03:00:00,Naive,3,0.8775503544427241,0.9489149964622616,2020-04-13 03:00:00,2021-04-13 03:00:00,2021-04-13 03:00:00,365,1
780,2021-04-14 03:00:00,Decision Tree,3,1.0909518214085907,1.0175267309272678,2020-04-14 03:00:00,2021-04-14 03:00:00,2021-04-14 03:00:00,365,1
781,2021-04-14 03:00:00,Random Forest,3,1.0909518214085907,1.0439558554334827,2020-04-14 03:00:00,2021-04-14 03:00:00,2021-04-14 03:00:00,365,1
782,2021-04-14 03:00:00,Neural Network,3,1.0909518214085907,1.1099346309650282,2020-04-14 03:00:00,2021-04-14 03:00:00,2021-04-14 03:00:00,365,1
783,2021-04-14 03:00:00,Naive,3,1.0909518214085907,0.8775503544427241,2020-04-14 03:00:00,2021-04-14 03:00:00,2021-04-14 03:00:00,365,1
784,2021-04-15 03:00:00,Decision Tree,3,1.2408601622433573,1.026704867237433,2020-04-15 03:00:00,2021-04-15 03:00:00,2021-04-15 03:00:00,365,1
785,2021-04-15 03:00:00,Random Forest,3,1.2408601622433573,1.07600744094111,2020-04-15 03:00:00,2021-04-15 03:00:00,2021-04-15 03:00:00,365,1
786,2021-04-15 03:00:00,Neural Network,3,1.2408601622433573,1.306423768650044,2020-04-15 03:00:00,2021-04-15 03:00:00,2021-04-15 03:00:00,365,1
787,2021-04-15 03:00:00,Naive,3,1.2408601622433573,1.0909518214085907,2020-04-15 03:00:00,2021-04-15 03:00:00,2021-04-15 03:00:00,365,1
788,2021-04-16 03:00:00,Decision Tree,3,1.0130613019737167,1.050499900015869,2020-04-16 03:00:00,2021-04-16 03:00:00,2021-04-16 03:00:00,365,1
789,2021-04-16 03:00:00,Random Forest,3,1.0130613019737167,1.0422175863148493,2020-04-16 03:00:00,2021-04-16 03:00:00,2021-04-16 03:00:00,365,1
790,2021-04-16 03:00:00,Neural Network,3,1.0130613019737167,0.9989133305777661,2020-04-16 03:00:00,2021-04-16 03:00:00,2021-04-16 03:00:00,365,1
791,2021-04-16 03:00:00,Naive,3,1.0130613019737167,1.2408601622433573,2020-04-16 03:00:00,2021-04-16 03:00:00,2021-04-16 03:00:00,365,1
792,2021-04-17 03:00:00,Decision Tree,3,1.1765730080069339,1.1099272428579234,2020-04-17 03:00:00,2021-04-17 03:00:00,2021-04-17 03:00:00,365,1
793,2021-04-17 03:00:00,Random Forest,3,1.1765730080069339,1.1412851918855906,2020-04-17 03:00:00,2021-04-17 03:00:00,2021-04-17 03:00:00,365,1
794,2021-04-17 03:00:00,Neural Network,3,1.1765730080069339,1.154209973808946,2020-04-17 03:00:00,2021-04-17 03:00:00,2021-04-17 03:00:00,365,1
795,2021-04-17 03:00:00,Naive,3,1.1765730080069339,1.0130613019737167,2020-04-17 03:00:00,2021-04-17 03:00:00,2021-04-17 03:00:00,365,1
796,2021-04-18 03:00:00,Decision Tree,3,1.4028001869358413,1.1379421013015059,2020-04-18 03:00:00,2021-04-18 03:00:00,2021-04-18 03:00:00,365,1
797,2021-04-18 03:00:00,Random Forest,3,1.4028001869358413,1.164813907497696,2020-04-18 03:00:00,2021-04-18 03:00:00,2021-04-18 03:00:00,365,1
798,2021-04-18 03:00:00,Neural Network,3,1.4028001869358413,1.3397958109505939,2020-04-18 03:00:00,2021-04-18 03:00:00,2021-04-18 03:00:00,365,1
799,2021-04-18 03:00:00,Naive,3,1.4028001869358413,1.1765730080069339,2020-04-18 03:00:00,2021-04-18 03:00:00,2021-04-18 03:00:00,365,1
800,2021-04-19 03:00:00,Decision Tree,3,1.1783965377446006,1.2158898782939307,2020-04-19 03:00:00,2021-04-19 03:00:00,2021-04-19 03:00:00,365,1
801,2021-04-19 03:00:00,Random Forest,3,1.1783965377446006,1.2181402583304919,2020-04-19 03:00:00,2021-04-19 03:00:00,2021-04-19 03:00:00,365,1
802,2021-04-19 03:00:00,Neural Network,3,1.1783965377446006,1.0636885069451996,2020-04-19 03:00:00,2021-04-19 03:00:00,2021-04-19 03:00:00,365,1
803,2021-04-19 03:00:00,Naive,3,1.1783965377446006,1.4028001869358413,2020-04-19 03:00:00,2021-04-19 03:00:00,2021-04-19 03:00:00,365,1
804,2021-04-20 03:00:00,Decision Tree,3,1.4564806279146307,1.2096409882023758,2020-04-20 03:00:00,2021-04-20 03:00:00,2021-04-20 03:00:00,365,1
805,2021-04-20 03:00:00,Random Forest,3,1.4564806279146307,1.2364581150857357,2020-04-20 03:00:00,2021-04-20 03:00:00,2021-04-20 03:00:00,365,1
806,2021-04-20 03:00:00,Neural Network,3,1.4564806279146307,1.5988382370251575,2020-04-20 03:00:00,2021-04-20 03:00:00,2021-04-20 03:00:00,365,1
807,2021-04-20 03:00:00,Naive,3,1.4564806279146307,1.1783965377446006,2020-04-20 03:00:00,2021-04-20 03:00:00,2021-04-20 03:00:00,365,1
808,2021-04-21 03:00:00,Decision Tree,3,1.3613815636240498,1.2705624559533824,2020-04-21 03:00:00,2021-04-21 03:00:00,2021-04-21 03:00:00,365,1
809,2021-04-21 03:00:00,Random Forest,3,1.3613815636240498,1.3329278491653347,2020-04-21 03:00:00,2021-04-21 03:00:00,2021-04-21 03:00:00,365,1
810,2021-04-21 03:00:00,Neural Network,3,1.3613815636240498,1.4403804886173739,2020-04-21 03:00:00,2021-04-21 03:00:00,2021-04-21 03:00:00,365,1
811,2021-04-21 03:00:00,Naive,3,1.3613815636240498,1.4564806279146307,2020-04-21 03:00:00,2021-04-21 03:00:00,2021-04-21 03:00:00,365,1
812,2021-04-22 03:00:00,Decision Tree,3,0.7194853802374717,0.7741232455013609,2020-04-22 03:00:00,2021-04-22 03:00:00,2021-04-22 03:00:00,365,1
813,2021-04-22 03:00:00,Random Forest,3,0.7194853802374717,0.7737754910030962,2020-04-22 03:00:00,2021-04-22 03:00:00,2021-04-22 03:00:00,365,1
814,2021-04-22 03:00:00,Neural Network,3,0.7194853802374717,0.8174935551735969,2020-04-22 03:00:00,2021-04-22 03:00:00,2021-04-22 03:00:00,365,1
815,2021-04-22 03:00:00,Naive,3,0.7194853802374717,1.3613815636240498,2020-04-22 03:00:00,2021-04-22 03:00:00,2021-04-22 03:00:00,365,1
816,2021-04-23 03:00:00,Decision Tree,3,1.2389996153976701,1.2835366141920495,2020-04-23 03:00:00,2021-04-23 03:00:00,2021-04-23 03:00:00,365,1
817,2021-04-23 03:00:00,Random Forest,3,1.2389996153976701,1.225677265743893,2020-04-23 03:00:00,2021-04-23 03:00:00,2021-04-23 03:00:00,365,1
818,2021-04-23 03:00:00,Neural Network,3,1.2389996153976701,1.1926498752266623,2020-04-23 03:00:00,2021-04-23 03:00:00,2021-04-23 03:00:00,365,1
819,2021-04-23 03:00:00,Naive,3,1.2389996153976701,0.7194853802374717,2020-04-23 03:00:00,2021-04-23 03:00:00,2021-04-23 03:00:00,365,1
820,2021-04-24 03:00:00,Decision Tree,3,1.1957713806082653,1.277969489342752,2020-04-24 03:00:00,2021-04-24 03:00:00,2021-04-24 03:00:00,365,1
821,2021-04-24 03:00:00,Random Forest,3,1.1957713806082653,1.2142246317373062,2020-04-24 03:00:00,2021-04-24 03:00:00,2021-04-24 03:00:00,365,1
822,2021-04-24 03:00:00,Neural Network,3,1.1957713806082653,1.0609521788249892,2020-04-24 03:00:00,2021-04-24 03:00:00,2021-04-24 03:00:00,365,1
823,2021-04-24 03:00:00,Naive,3,1.1957713806082653,1.2389996153976701,2020-04-24 03:00:00,2021-04-24 03:00:00,2021-04-24 03:00:00,365,1
824,2021-04-25 03:00:00,Decision Tree,3,0.7975926945840117,0.8741541326155156,2020-04-25 03:00:00,2021-04-25 03:00:00,2021-04-25 03:00:00,365,1
825,2021-04-25 03:00:00,Random Forest,3,0.7975926945840117,0.8738816850540204,2020-04-25 03:00:00,2021-04-25 03:00:00,2021-04-25 03:00:00,365,1
826,2021-04-25 03:00:00,Neural Network,3,0.7975926945840117,0.5727374065638078,2020-04-25 03:00:00,2021-04-25 03:00:00,2021-04-25 03:00:00,365,1
827,2021-04-25 03:00:00,Naive,3,0.7975926945840117,1.1957713806082653,2020-04-25 03:00:00,2021-04-25 03:00:00,2021-04-25 03:00:00,365,1
828,2021-04-26 03:00:00,Decision Tree,3,0.9402531856403185,1.0073045033747814,2020-04-26 03:00:00,2021-04-26 03:00:00,2021-04-26 03:00:00,365,1
829,2021-04-26 03:00:00,Random Forest,3,0.9402531856403185,1.0228030061507434,2020-04-26 03:00:00,2021-04-26 03:00:00,2021-04-26 03:00:00,365,1
830,2021-04-26 03:00:00,Neural Network,3,0.9402531856403185,0.6445756943910776,2020-04-26 03:00:00,2021-04-26 03:00:00,2021-04-26 03:00:00,365,1
831,2021-04-26 03:00:00,Naive,3,0.9402531856403185,0.7975926945840117,2020-04-26 03:00:00,2021-04-26 03:00:00,2021-04-26 03:00:00,365,1
832,2021-04-27 03:00:00,Decision Tree,3,0.8986409251290551,0.9998543569598412,2020-04-27 03:00:00,2021-04-27 03:00:00,2021-04-27 03:00:00,365,1
833,2021-04-27 03:00:00,Random Forest,3,0.8986409251290551,0.9655418909024098,2020-04-27 03:00:00,2021-04-27 03:00:00,2021-04-27 03:00:00,365,1
834,2021-04-27 03:00:00,Neural Network,3,0.8986409251290551,0.8667794381808407,2020-04-27 03:00:00,2021-04-27 03:00:00,2021-04-27 03:00:00,365,1
835,2021-04-27 03:00:00,Naive,3,0.8986409251290551,0.9402531856403185,2020-04-27 03:00:00,2021-04-27 03:00:00,2021-04-27 03:00:00,365,1
836,2021-04-28 03:00:00,Decision Tree,3,1.0473324137852478,1.0210070226521626,2020-04-28 03:00:00,2021-04-28 03:00:00,2021-04-28 03:00:00,365,1
837,2021-04-28 03:00:00,Random Forest,3,1.0473324137852478,1.06158806100252,2020-04-28 03:00:00,2021-04-28 03:00:00,2021-04-28 03:00:00,365,1
838,2021-04-28 03:00:00,Neural Network,3,1.0473324137852478,0.9840525488712637,2020-04-28 03:00:00,2021-04-28 03:00:00,2021-04-28 03:00:00,365,1
839,2021-04-28 03:00:00,Naive,3,1.0473324137852478,0.8986409251290551,2020-04-28 03:00:00,2021-04-28 03:00:00,2021-04-28 03:00:00,365,1
840,2021-04-29 03:00:00,Decision Tree,3,0.9774383430160771,1.02539458784101,2020-04-29 03:00:00,2021-04-29 03:00:00,2021-04-29 03:00:00,365,1
841,2021-04-29 03:00:00,Random Forest,3,0.9774383430160771,1.0251249929001591,2020-04-29 03:00:00,2021-04-29 03:00:00,2021-04-29 03:00:00,365,1
842,2021-04-29 03:00:00,Neural Network,3,0.9774383430160771,0.8938559728899392,2020-04-29 03:00:00,2021-04-29 03:00:00,2021-04-29 03:00:00,365,1
843,2021-04-29 03:00:00,Naive,3,0.9774383430160771,1.0473324137852478,2020-04-29 03:00:00,2021-04-29 03:00:00,2021-04-29 03:00:00,365,1
844,2021-04-30 03:00:00,Decision Tree,3,1.2612694268038924,1.2688363661500313,2020-04-30 03:00:00,2021-04-30 03:00:00,2021-04-30 03:00:00,365,1
845,2021-04-30 03:00:00,Random Forest,3,1.2612694268038924,1.237293027953654,2020-04-30 03:00:00,2021-04-30 03:00:00,2021-04-30 03:00:00,365,1
846,2021-04-30 03:00:00,Neural Network,3,1.2612694268038924,1.3620788149199252,2020-04-30 03:00:00,2021-04-30 03:00:00,2021-04-30 03:00:00,365,1
847,2021-04-30 03:00:00,Naive,3,1.2612694268038924,0.9774383430160771,2020-04-30 03:00:00,2021-04-30 03:00:00,2021-04-30 03:00:00,365,1
848,2021-05-01 03:00:00,Decision Tree,3,1.2935465795803653,1.3441862841352168,2020-05-01 03:00:00,2021-05-01 03:00:00,2021-05-01 03:00:00,365,1
849,2021-05-01 03:00:00,Random Forest,3,1.2935465795803653,1.3033574345725887,2020-05-01 03:00:00,2021-05-01 03:00:00,2021-05-01 03:00:00,365,1
850,2021-05-01 03:00:00,Neural Network,3,1.2935465795803653,1.3272493809936377,2020-05-01 03:00:00,2021-05-01 03:00:00,2021-05-01 03:00:00,365,1
851,2021-05-01 03:00:00,Naive,3,1.2935465795803653,1.2612694268038924,2020-05-01 03:00:00,2021-05-01 03:00:00,2021-05-01 03:00:00,365,1
852,2021-05-02 03:00:00,Decision Tree,3,0.8192926251592465,0.8847481555970532,2020-05-02 03:00:00,2021-05-02 03:00:00,2021-05-02 03:00:00,365,1
853,2021-05-02 03:00:00,Random Forest,3,0.8192926251592465,0.8809418314860481,2020-05-02 03:00:00,2021-05-02 03:00:00,2021-05-02 03:00:00,365,1
854,2021-05-02 03:00:00,Neural Network,3,0.8192926251592465,0.5988112081543278,2020-05-02 03:00:00,2021-05-02 03:00:00,2021-05-02 03:00:00,365,1
855,2021-05-02 03:00:00,Naive,3,0.8192926251592465,1.2935465795803653,2020-05-02 03:00:00,2021-05-02 03:00:00,2021-05-02 03:00:00,365,1
856,2021-05-03 03:00:00,Decision Tree,3,0.9480399381749224,1.0149824413896886,2020-05-03 03:00:00,2021-05-03 03:00:00,2021-05-03 03:00:00,365,1
857,2021-05-03 03:00:00,Random Forest,3,0.9480399381749224,0.9863006751579214,2020-05-03 03:00:00,2021-05-03 03:00:00,2021-05-03 03:00:00,365,1
858,2021-05-03 03:00:00,Neural Network,3,0.9480399381749224,0.8123150084323478,2020-05-03 03:00:00,2021-05-03 03:00:00,2021-05-03 03:00:00,365,1
859,2021-05-03 03:00:00,Naive,3,0.9480399381749224,0.8192926251592465,2020-05-03 03:00:00,2021-05-03 03:00:00,2021-05-03 03:00:00,365,1
860,2021-05-04 03:00:00,Decision Tree,3,-1.6513995542340951,-1.7454396286027936,2020-05-04 03:00:00,2021-05-04 03:00:00,2021-05-04 03:00:00,365,1
861,2021-05-04 03:00:00,Random Forest,3,-1.6513995542340951,-1.700130890079537,2020-05-04 03:00:00,2021-05-04 03:00:00,2021-05-04 03:00:00,365,1
862,2021-05-04 03:00:00,Neural Network,3,-1.6513995542340951,-1.8177173250612921,2020-05-04 03:00:00,2021-05-04 03:00:00,2021-05-04 03:00:00,365,1
863,2021-05-04 03:00:00,Naive,3,-1.6513995542340951,0.9480399381749224,2020-05-04 03:00:00,2021-05-04 03:00:00,2021-05-04 03:00:00,365,1
864,2021-05-05 03:00:00,Decision Tree,3,-0.7261521161836992,-0.729510098858153,2020-05-05 03:00:00,2021-05-05 03:00:00,2021-05-05 03:00:00,365,1
865,2021-05-05 03:00:00,Random Forest,3,-0.7261521161836992,-0.7307862110459793,2020-05-05 03:00:00,2021-05-05 03:00:00,2021-05-05 03:00:00,365,1
866,2021-05-05 03:00:00,Neural Network,3,-0.7261521161836992,-0.7327467501334876,2020-05-05 03:00:00,2021-05-05 03:00:00,2021-05-05 03:00:00,365,1
867,2021-05-05 03:00:00,Naive,3,-0.7261521161836992,-1.6513995542340951,2020-05-05 03:00:00,2021-05-05 03:00:00,2021-05-05 03:00:00,365,1
868,2021-05-06 03:00:00,Decision Tree,3,0.8696903979812248,1.0201616424196265,2020-05-06 03:00:00,2021-05-06 03:00:00,2021-05-06 03:00:00,365,1
869,2021-05-06 03:00:00,Random Forest,3,0.8696903979812248,0.9466610630451565,2020-05-06 03:00:00,2021-05-06 03:00:00,2021-05-06 03:00:00,365,1
870,2021-05-06 03:00:00,Neural Network,3,0.8696903979812248,0.8748807833028946,2020-05-06 03:00:00,2021-05-06 03:00:00,2021-05-06 03:00:00,365,1
871,2021-05-06 03:00:00,Naive,3,0.8696903979812248,-0.7261521161836992,2020-05-06 03:00:00,2021-05-06 03:00:00,2021-05-06 03:00:00,365,1
872,2021-05-07 03:00:00,Decision Tree,3,1.2923084690951503,1.355095676971756,2020-05-07 03:00:00,2021-05-07 03:00:00,2021-05-07 03:00:00,365,1
873,2021-05-07 03:00:00,Random Forest,3,1.2923084690951503,1.3099616337623288,2020-05-07 03:00:00,2021-05-07 03:00:00,2021-05-07 03:00:00,365,1
874,2021-05-07 03:00:00,Neural Network,3,1.2923084690951503,1.2715379773107696,2020-05-07 03:00:00,2021-05-07 03:00:00,2021-05-07 03:00:00,365,1
875,2021-05-07 03:00:00,Naive,3,1.2923084690951503,0.8696903979812248,2020-05-07 03:00:00,2021-05-07 03:00:00,2021-05-07 03:00:00,365,1
876,2021-05-08 03:00:00,Decision Tree,3,1.3703456034747141,1.3613034854300075,2020-05-08 03:00:00,2021-05-08 03:00:00,2021-05-08 03:00:00,365,1
877,2021-05-08 03:00:00,Random Forest,3,1.3703456034747141,1.3448327689943818,2020-05-08 03:00:00,2021-05-08 03:00:00,2021-05-08 03:00:00,365,1
878,2021-05-08 03:00:00,Neural Network,3,1.3703456034747141,1.3266073571323154,2020-05-08 03:00:00,2021-05-08 03:00:00,2021-05-08 03:00:00,365,1
879,2021-05-08 03:00:00,Naive,3,1.3703456034747141,1.2923084690951503,2020-05-08 03:00:00,2021-05-08 03:00:00,2021-05-08 03:00:00,365,1
880,2021-05-09 03:00:00,Decision Tree,3,-1.6025557235859504,-1.6749455719484507,2020-05-09 03:00:00,2021-05-09 03:00:00,2021-05-09 03:00:00,365,1
881,2021-05-09 03:00:00,Random Forest,3,-1.6025557235859504,-1.639102947479602,2020-05-09 03:00:00,2021-05-09 03:00:00,2021-05-09 03:00:00,365,1
882,2021-05-09 03:00:00,Neural Network,3,-1.6025557235859504,-1.7960637683376888,2020-05-09 03:00:00,2021-05-09 03:00:00,2021-05-09 03:00:00,365,1
883,2021-05-09 03:00:00,Naive,3,-1.6025557235859504,1.3703456034747141,2020-05-09 03:00:00,2021-05-09 03:00:00,2021-05-09 03:00:00,365,1
884,2021-05-10 03:00:00,Decision Tree,3,-0.03934089856847176,-0.018279292816262917,2020-05-10 03:00:00,2021-05-10 03:00:00,2021-05-10 03:00:00,365,1
885,2021-05-10 03:00:00,Random Forest,3,-0.03934089856847176,-0.02236904995703668,2020-05-10 03:00:00,2021-05-10 03:00:00,2021-05-10 03:00:00,365,1
886,2021-05-10 03:00:00,Neural Network,3,-0.03934089856847176,-0.22723020350452644,2020-05-10 03:00:00,2021-05-10 03:00:00,2021-05-10 03:00:00,365,1
887,2021-05-10 03:00:00,Naive,3,-0.03934089856847176,-1.6025557235859504,2020-05-10 03:00:00,2021-05-10 03:00:00,2021-05-10 03:00:00,365,1
888,2021-05-11 03:00:00,Decision Tree,3,1.149874554328653,1.2085906205256642,2020-05-11 03:00:00,2021-05-11 03:00:00,2021-05-11 03:00:00,365,1
889,2021-05-11 03:00:00,Random Forest,3,1.149874554328653,1.2117990710948645,2020-05-11 03:00:00,2021-05-11 03:00:00,2021-05-11 03:00:00,365,1
890,2021-05-11 03:00:00,Neural Network,3,1.149874554328653,1.0916450242901223,2020-05-11 03:00:00,2021-05-11 03:00:00,2021-05-11 03:00:00,365,1
891,2021-05-11 03:00:00,Naive,3,1.149874554328653,-0.03934089856847176,2020-05-11 03:00:00,2021-05-11 03:00:00,2021-05-11 03:00:00,365,1
892,2021-05-12 03:00:00,Decision Tree,3,1.071827072721319,1.2012511122510379,2020-05-12 03:00:00,2021-05-12 03:00:00,2021-05-12 03:00:00,365,1
893,2021-05-12 03:00:00,Random Forest,3,1.071827072721319,1.1372123375643166,2020-05-12 03:00:00,2021-05-12 03:00:00,2021-05-12 03:00:00,365,1
894,2021-05-12 03:00:00,Neural Network,3,1.071827072721319,1.0612746947085618,2020-05-12 03:00:00,2021-05-12 03:00:00,2021-05-12 03:00:00,365,1
895,2021-05-12 03:00:00,Naive,3,1.071827072721319,1.149874554328653,2020-05-12 03:00:00,2021-05-12 03:00:00,2021-05-12 03:00:00,365,1
896,2021-05-13 03:00:00,Decision Tree,3,1.300621114822033,1.3628105051041253,2020-05-13 03:00:00,2021-05-13 03:00:00,2021-05-13 03:00:00,365,1
897,2021-05-13 03:00:00,Random Forest,3,1.300621114822033,1.3437988366122686,2020-05-13 03:00:00,2021-05-13 03:00:00,2021-05-13 03:00:00,365,1
898,2021-05-13 03:00:00,Neural Network,3,1.300621114822033,1.31869222541826,2020-05-13 03:00:00,2021-05-13 03:00:00,2021-05-13 03:00:00,365,1
899,2021-05-13 03:00:00,Naive,3,1.300621114822033,1.071827072721319,2020-05-13 03:00:00,2021-05-13 03:00:00,2021-05-13 03:00:00,365,1
900,2021-05-14 03:00:00,Decision Tree,3,1.345442809928629,1.3539263064923976,2020-05-14 03:00:00,2021-05-14 03:00:00,2021-05-14 03:00:00,365,1
901,2021-05-14 03:00:00,Random Forest,3,1.345442809928629,1.3667455163629842,2020-05-14 03:00:00,2021-05-14 03:00:00,2021-05-14 03:00:00,365,1
902,2021-05-14 03:00:00,Neural Network,3,1.345442809928629,1.1781106485438846,2020-05-14 03:00:00,2021-05-14 03:00:00,2021-05-14 03:00:00,365,1
903,2021-05-14 03:00:00,Naive,3,1.345442809928629,1.300621114822033,2020-05-14 03:00:00,2021-05-14 03:00:00,2021-05-14 03:00:00,365,1
904,2021-05-15 03:00:00,Decision Tree,3,1.1933335770606066,1.2012511122510379,2020-05-15 03:00:00,2021-05-15 03:00:00,2021-05-15 03:00:00,365,1
905,2021-05-15 03:00:00,Random Forest,3,1.1933335770606066,1.2420479100090638,2020-05-15 03:00:00,2021-05-15 03:00:00,2021-05-15 03:00:00,365,1
906,2021-05-15 03:00:00,Neural Network,3,1.1933335770606066,1.0085546172515718,2020-05-15 03:00:00,2021-05-15 03:00:00,2021-05-15 03:00:00,365,1
907,2021-05-15 03:00:00,Naive,3,1.1933335770606066,1.345442809928629,2020-05-15 03:00:00,2021-05-15 03:00:00,2021-05-15 03:00:00,365,1
908,2021-05-16 03:00:00,Decision Tree,3,-0.11104894074942072,-0.11098292177877776,2020-05-16 03:00:00,2021-05-16 03:00:00,2021-05-16 03:00:00,365,1
909,2021-05-16 03:00:00,Random Forest,3,-0.11104894074942072,-0.11534921128264979,2020-05-16 03:00:00,2021-05-16 03:00:00,2021-05-16 03:00:00,365,1
910,2021-05-16 03:00:00,Neural Network,3,-0.11104894074942072,0.0898587559548607,2020-05-16 03:00:00,2021-05-16 03:00:00,2021-05-16 03:00:00,365,1
911,2021-05-16 03:00:00,Naive,3,-0.11104894074942072,1.1933335770606066,2020-05-16 03:00:00,2021-05-16 03:00:00,2021-05-16 03:00:00,365,1
912,2021-05-17 03:00:00,Decision Tree,3,1.0188795963115642,1.0401221905809903,2020-05-17 03:00:00,2021-05-17 03:00:00,2021-05-17 03:00:00,365,1
913,2021-05-17 03:00:00,Random Forest,3,1.0188795963115642,1.041429528358664,2020-05-17 03:00:00,2021-05-17 03:00:00,2021-05-17 03:00:00,365,1
914,2021-05-17 03:00:00,Neural Network,3,1.0188795963115642,1.0087403072457133,2020-05-17 03:00:00,2021-05-17 03:00:00,2021-05-17 03:00:00,365,1
915,2021-05-17 03:00:00,Naive,3,1.0188795963115642,-0.11104894074942072,2020-05-17 03:00:00,2021-05-17 03:00:00,2021-05-17 03:00:00,365,1
916,2021-05-18 03:00:00,Decision Tree,3,1.1363864208465189,1.200371386118768,2020-05-18 03:00:00,2021-05-18 03:00:00,2021-05-18 03:00:00,365,1
917,2021-05-18 03:00:00,Random Forest,3,1.1363864208465189,1.174208087545419,2020-05-18 03:00:00,2021-05-18 03:00:00,2021-05-18 03:00:00,365,1
918,2021-05-18 03:00:00,Neural Network,3,1.1363864208465189,1.1800813060992166,2020-05-18 03:00:00,2021-05-18 03:00:00,2021-05-18 03:00:00,365,1
919,2021-05-18 03:00:00,Naive,3,1.1363864208465189,1.0188795963115642,2020-05-18 03:00:00,2021-05-18 03:00:00,2021-05-18 03:00:00,365,1
920,2021-05-19 03:00:00,Decision Tree,3,1.328189657807906,1.3528658694219267,2020-05-19 03:00:00,2021-05-19 03:00:00,2021-05-19 03:00:00,365,1
921,2021-05-19 03:00:00,Random Forest,3,1.328189657807906,1.3514391293701957,2020-05-19 03:00:00,2021-05-19 03:00:00,2021-05-19 03:00:00,365,1
922,2021-05-19 03:00:00,Neural Network,3,1.328189657807906,1.3672293021234323,2020-05-19 03:00:00,2021-05-19 03:00:00,2021-05-19 03:00:00,365,1
923,2021-05-19 03:00:00,Naive,3,1.328189657807906,1.1363864208465189,2020-05-19 03:00:00,2021-05-19 03:00:00,2021-05-19 03:00:00,365,1
924,2021-05-20 03:00:00,Decision Tree,3,1.2533312594722137,1.35012406813148,2020-05-20 03:00:00,2021-05-20 03:00:00,2021-05-20 03:00:00,365,1
925,2021-05-20 03:00:00,Random Forest,3,1.2533312594722137,1.3229536573951102,2020-05-20 03:00:00,2021-05-20 03:00:00,2021-05-20 03:00:00,365,1
926,2021-05-20 03:00:00,Neural Network,3,1.2533312594722137,1.2912444514148842,2020-05-20 03:00:00,2021-05-20 03:00:00,2021-05-20 03:00:00,365,1
927,2021-05-20 03:00:00,Naive,3,1.2533312594722137,1.328189657807906,2020-05-20 03:00:00,2021-05-20 03:00:00,2021-05-20 03:00:00,365,1
928,2021-05-21 03:00:00,Decision Tree,3,-1.4048568362907066,-1.385717590603047,2020-05-21 03:00:00,2021-05-21 03:00:00,2021-05-21 03:00:00,365,1
929,2021-05-21 03:00:00,Random Forest,3,-1.4048568362907066,-1.4358930890033261,2020-05-21 03:00:00,2021-05-21 03:00:00,2021-05-21 03:00:00,365,1
930,2021-05-21 03:00:00,Neural Network,3,-1.4048568362907066,-1.3337832522143387,2020-05-21 03:00:00,2021-05-21 03:00:00,2021-05-21 03:00:00,365,1
931,2021-05-21 03:00:00,Naive,3,-1.4048568362907066,1.2533312594722137,2020-05-21 03:00:00,2021-05-21 03:00:00,2021-05-21 03:00:00,365,1
932,2021-05-22 03:00:00,Decision Tree,3,-1.622470841126666,-1.675804472000103,2020-05-22 03:00:00,2021-05-22 03:00:00,2021-05-22 03:00:00,365,1
933,2021-05-22 03:00:00,Random Forest,3,-1.622470841126666,-1.6883683964413185,2020-05-22 03:00:00,2021-05-22 03:00:00,2021-05-22 03:00:00,365,1
934,2021-05-22 03:00:00,Neural Network,3,-1.622470841126666,-1.722122999326237,2020-05-22 03:00:00,2021-05-22 03:00:00,2021-05-22 03:00:00,365,1
935,2021-05-22 03:00:00,Naive,3,-1.622470841126666,-1.4048568362907066,2020-05-22 03:00:00,2021-05-22 03:00:00,2021-05-22 03:00:00,365,1
936,2021-05-23 03:00:00,Decision Tree,3,-1.4149935838075542,-1.4151607105276551,2020-05-23 03:00:00,2021-05-23 03:00:00,2021-05-23 03:00:00,365,1
937,2021-05-23 03:00:00,Random Forest,3,-1.4149935838075542,-1.4326296677378394,2020-05-23 03:00:00,2021-05-23 03:00:00,2021-05-23 03:00:00,365,1
938,2021-05-23 03:00:00,Neural Network,3,-1.4149935838075542,-1.332922264051135,2020-05-23 03:00:00,2021-05-23 03:00:00,2021-05-23 03:00:00,365,1
939,2021-05-23 03:00:00,Naive,3,-1.4149935838075542,-1.622470841126666,2020-05-23 03:00:00,2021-05-23 03:00:00,2021-05-23 03:00:00,365,1
940,2021-05-24 03:00:00,Decision Tree,3,-1.1232513721368378,-1.155881902130381,2020-05-24 03:00:00,2021-05-24 03:00:00,2021-05-24 03:00:00,365,1
941,2021-05-24 03:00:00,Random Forest,3,-1.1232513721368378,-1.1682856026516943,2020-05-24 03:00:00,2021-05-24 03:00:00,2021-05-24 03:00:00,365,1
942,2021-05-24 03:00:00,Neural Network,3,-1.1232513721368378,-1.392655689780606,2020-05-24 03:00:00,2021-05-24 03:00:00,2021-05-24 03:00:00,365,1
943,2021-05-24 03:00:00,Naive,3,-1.1232513721368378,-1.4149935838075542,2020-05-24 03:00:00,2021-05-24 03:00:00,2021-05-24 03:00:00,365,1
944,2021-05-25 03:00:00,Decision Tree,3,0.3836899726034261,0.5126316725273412,2020-05-25 03:00:00,2021-05-25 03:00:00,2021-05-25 03:00:00,365,1
945,2021-05-25 03:00:00,Random Forest,3,0.3836899726034261,0.4988893306278567,2020-05-25 03:00:00,2021-05-25 03:00:00,2021-05-25 03:00:00,365,1
946,2021-05-25 03:00:00,Neural Network,3,0.3836899726034261,0.5468128395277561,2020-05-25 03:00:00,2021-05-25 03:00:00,2021-05-25 03:00:00,365,1
947,2021-05-25 03:00:00,Naive,3,0.3836899726034261,-1.1232513721368378,2020-05-25 03:00:00,2021-05-25 03:00:00,2021-05-25 03:00:00,365,1
948,2021-05-26 03:00:00,Decision Tree,3,0.8814003406154681,0.9798084470709298,2020-05-26 03:00:00,2021-05-26 03:00:00,2021-05-26 03:00:00,365,1
949,2021-05-26 03:00:00,Random Forest,3,0.8814003406154681,0.9759955440086092,2020-05-26 03:00:00,2021-05-26 03:00:00,2021-05-26 03:00:00,365,1
950,2021-05-26 03:00:00,Neural Network,3,0.8814003406154681,0.8904404489724432,2020-05-26 03:00:00,2021-05-26 03:00:00,2021-05-26 03:00:00,365,1
951,2021-05-26 03:00:00,Naive,3,0.8814003406154681,0.3836899726034261,2020-05-26 03:00:00,2021-05-26 03:00:00,2021-05-26 03:00:00,365,1
952,2021-05-27 03:00:00,Decision Tree,3,0.9517824894064223,1.0484104412400874,2020-05-27 03:00:00,2021-05-27 03:00:00,2021-05-27 03:00:00,365,1
953,2021-05-27 03:00:00,Random Forest,3,0.9517824894064223,0.9723333818704657,2020-05-27 03:00:00,2021-05-27 03:00:00,2021-05-27 03:00:00,365,1
954,2021-05-27 03:00:00,Neural Network,3,0.9517824894064223,1.0697966885904688,2020-05-27 03:00:00,2021-05-27 03:00:00,2021-05-27 03:00:00,365,1
955,2021-05-27 03:00:00,Naive,3,0.9517824894064223,0.8814003406154681,2020-05-27 03:00:00,2021-05-27 03:00:00,2021-05-27 03:00:00,365,1
956,2021-05-28 03:00:00,Decision Tree,3,1.3099892491486698,1.3571962542003693,2020-05-28 03:00:00,2021-05-28 03:00:00,2021-05-28 03:00:00,365,1
957,2021-05-28 03:00:00,Random Forest,3,1.3099892491486698,1.361499755480204,2020-05-28 03:00:00,2021-05-28 03:00:00,2021-05-28 03:00:00,365,1
958,2021-05-28 03:00:00,Neural Network,3,1.3099892491486698,1.3967032505798984,2020-05-28 03:00:00,2021-05-28 03:00:00,2021-05-28 03:00:00,365,1
959,2021-05-28 03:00:00,Naive,3,1.3099892491486698,0.9517824894064223,2020-05-28 03:00:00,2021-05-28 03:00:00,2021-05-28 03:00:00,365,1
960,2021-05-29 03:00:00,Decision Tree,3,1.3964187981684806,1.3806517772123441,2020-05-29 03:00:00,2021-05-29 03:00:00,2021-05-29 03:00:00,365,1
961,2021-05-29 03:00:00,Random Forest,3,1.3964187981684806,1.3696962288720655,2020-05-29 03:00:00,2021-05-29 03:00:00,2021-05-29 03:00:00,365,1
962,2021-05-29 03:00:00,Neural Network,3,1.3964187981684806,1.4575091271441376,2020-05-29 03:00:00,2021-05-29 03:00:00,2021-05-29 03:00:00,365,1
963,2021-05-29 03:00:00,Naive,3,1.3964187981684806,1.3099892491486698,2020-05-29 03:00:00,2021-05-29 03:00:00,2021-05-29 03:00:00,365,1
964,2021-05-30 03:00:00,Decision Tree,3,0.7623009118804054,0.8512614194015324,2020-05-30 03:00:00,2021-05-30 03:00:00,2021-05-30 03:00:00,365,1
965,2021-05-30 03:00:00,Random Forest,3,0.7623009118804054,0.8518972867058433,2020-05-30 03:00:00,2021-05-30 03:00:00,2021-05-30 03:00:00,365,1
966,2021-05-30 03:00:00,Neural Network,3,0.7623009118804054,0.5863057121019726,2020-05-30 03:00:00,2021-05-30 03:00:00,2021-05-30 03:00:00,365,1
967,2021-05-30 03:00:00,Naive,3,0.7623009118804054,1.3964187981684806,2020-05-30 03:00:00,2021-05-30 03:00:00,2021-05-30 03:00:00,365,1
968,2021-05-31 03:00:00,Decision Tree,3,1.0420145299841665,1.1254872814099364,2020-05-31 03:00:00,2021-05-31 03:00:00,2021-05-31 03:00:00,365,1
969,2021-05-31 03:00:00,Random Forest,3,1.0420145299841665,1.1074281616731292,2020-05-31 03:00:00,2021-05-31 03:00:00,2021-05-31 03:00:00,365,1
970,2021-05-31 03:00:00,Neural Network,3,1.0420145299841665,0.9619176581955322,2020-05-31 03:00:00,2021-05-31 03:00:00,2021-05-31 03:00:00,365,1
971,2021-05-31 03:00:00,Naive,3,1.0420145299841665,0.7623009118804054,2020-05-31 03:00:00,2021-05-31 03:00:00,2021-05-31 03:00:00,365,1
972,2021-06-01 03:00:00,Decision Tree,3,1.0871701471694266,1.1115751561723082,2020-06-01 03:00:00,2021-06-01 03:00:00,2021-06-01 03:00:00,365,1
973,2021-06-01 03:00:00,Random Forest,3,1.0871701471694266,1.1640299729875592,2020-06-01 03:00:00,2021-06-01 03:00:00,2021-06-01 03:00:00,365,1
974,2021-06-01 03:00:00,Neural Network,3,1.0871701471694266,1.0679676012311252,2020-06-01 03:00:00,2021-06-01 03:00:00,2021-06-01 03:00:00,365,1
975,2021-06-01 03:00:00,Naive,3,1.0871701471694266,1.0420145299841665,2020-06-01 03:00:00,2021-06-01 03:00:00,2021-06-01 03:00:00,365,1
976,2021-06-02 03:00:00,Decision Tree,3,1.224752823323147,1.3000796650442852,2020-06-02 03:00:00,2021-06-02 03:00:00,2021-06-02 03:00:00,365,1
977,2021-06-02 03:00:00,Random Forest,3,1.224752823323147,1.2748995114867268,2020-06-02 03:00:00,2021-06-02 03:00:00,2021-06-02 03:00:00,365,1
978,2021-06-02 03:00:00,Neural Network,3,1.224752823323147,1.2405346489127254,2020-06-02 03:00:00,2021-06-02 03:00:00,2021-06-02 03:00:00,365,1
979,2021-06-02 03:00:00,Naive,3,1.224752823323147,1.0871701471694266,2020-06-02 03:00:00,2021-06-02 03:00:00,2021-06-02 03:00:00,365,1
980,2021-06-03 03:00:00,Decision Tree,3,0.8272495960359886,0.9482117577684929,2020-06-03 03:00:00,2021-06-03 03:00:00,2021-06-03 03:00:00,365,1
981,2021-06-03 03:00:00,Random Forest,3,0.8272495960359886,0.9283862596812562,2020-06-03 03:00:00,2021-06-03 03:00:00,2021-06-03 03:00:00,365,1
982,2021-06-03 03:00:00,Neural Network,3,0.8272495960359886,0.8551049801261038,2020-06-03 03:00:00,2021-06-03 03:00:00,2021-06-03 03:00:00,365,1
983,2021-06-03 03:00:00,Naive,3,0.8272495960359886,1.224752823323147,2020-06-03 03:00:00,2021-06-03 03:00:00,2021-06-03 03:00:00,365,1
984,2021-06-04 03:00:00,Decision Tree,3,1.219749467172788,1.2709716121828003,2020-06-04 03:00:00,2021-06-04 03:00:00,2021-06-04 03:00:00,365,1
985,2021-06-04 03:00:00,Random Forest,3,1.219749467172788,1.2434119104752221,2020-06-04 03:00:00,2021-06-04 03:00:00,2021-06-04 03:00:00,365,1
986,2021-06-04 03:00:00,Neural Network,3,1.219749467172788,1.2979505379140182,2020-06-04 03:00:00,2021-06-04 03:00:00,2021-06-04 03:00:00,365,1
987,2021-06-04 03:00:00,Naive,3,1.219749467172788,0.8272495960359886,2020-06-04 03:00:00,2021-06-04 03:00:00,2021-06-04 03:00:00,365,1
988,2021-06-05 03:00:00,Decision Tree,3,1.0997973719999297,1.2357349212958118,2020-06-05 03:00:00,2021-06-05 03:00:00,2021-06-05 03:00:00,365,1
989,2021-06-05 03:00:00,Random Forest,3,1.0997973719999297,1.1769500074877568,2020-06-05 03:00:00,2021-06-05 03:00:00,2021-06-05 03:00:00,365,1
990,2021-06-05 03:00:00,Neural Network,3,1.0997973719999297,1.0993412180135298,2020-06-05 03:00:00,2021-06-05 03:00:00,2021-06-05 03:00:00,365,1
991,2021-06-05 03:00:00,Naive,3,1.0997973719999297,1.219749467172788,2020-06-05 03:00:00,2021-06-05 03:00:00,2021-06-05 03:00:00,365,1
992,2021-06-06 03:00:00,Decision Tree,3,1.106031594396508,1.1876570468845278,2020-06-06 03:00:00,2021-06-06 03:00:00,2021-06-06 03:00:00,365,1
993,2021-06-06 03:00:00,Random Forest,3,1.106031594396508,1.1606715212049465,2020-06-06 03:00:00,2021-06-06 03:00:00,2021-06-06 03:00:00,365,1
994,2021-06-06 03:00:00,Neural Network,3,1.106031594396508,1.0505572654556063,2020-06-06 03:00:00,2021-06-06 03:00:00,2021-06-06 03:00:00,365,1
995,2021-06-06 03:00:00,Naive,3,1.106031594396508,1.0997973719999297,2020-06-06 03:00:00,2021-06-06 03:00:00,2021-06-06 03:00:00,365,1
996,2021-06-07 03:00:00,Decision Tree,3,1.2050228932737774,1.235491319555249,2020-06-07 03:00:00,2021-06-07 03:00:00,2021-06-07 03:00:00,365,1
997,2021-06-07 03:00:00,Random Forest,3,1.2050228932737774,1.238944708773579,2020-06-07 03:00:00,2021-06-07 03:00:00,2021-06-07 03:00:00,365,1
998,2021-06-07 03:00:00,Neural Network,3,1.2050228932737774,1.0598721283740518,2020-06-07 03:00:00,2021-06-07 03:00:00,2021-06-07 03:00:00,365,1
999,2021-06-07 03:00:00,Naive,3,1.2050228932737774,1.106031594396508,2020-06-07 03:00:00,2021-06-07 03:00:00,2021-06-07 03:00:00,365,1
1000,2021-06-08 03:00:00,Decision Tree,3,1.2717443443223122,1.3184980108995616,2020-06-08 03:00:00,2021-06-08 03:00:00,2021-06-08 03:00:00,365,1
1001,2021-06-08 03:00:00,Random Forest,3,1.2717443443223122,1.3493680399114223,2020-06-08 03:00:00,2021-06-08 03:00:00,2021-06-08 03:00:00,365,1
1002,2021-06-08 03:00:00,Neural Network,3,1.2717443443223122,1.4029428575329,2020-06-08 03:00:00,2021-06-08 03:00:00,2021-06-08 03:00:00,365,1
1003,2021-06-08 03:00:00,Naive,3,1.2717443443223122,1.2050228932737774,2020-06-08 03:00:00,2021-06-08 03:00:00,2021-06-08 03:00:00,365,1
1004,2021-06-09 03:00:00,Decision Tree,3,1.3375538187829945,1.3603103157028038,2020-06-09 03:00:00,2021-06-09 03:00:00,2021-06-09 03:00:00,365,1
1005,2021-06-09 03:00:00,Random Forest,3,1.3375538187829945,1.3717379249582557,2020-06-09 03:00:00,2021-06-09 03:00:00,2021-06-09 03:00:00,365,1
1006,2021-06-09 03:00:00,Neural Network,3,1.3375538187829945,1.541442840949129,2020-06-09 03:00:00,2021-06-09 03:00:00,2021-06-09 03:00:00,365,1
1007,2021-06-09 03:00:00,Naive,3,1.3375538187829945,1.2717443443223122,2020-06-09 03:00:00,2021-06-09 03:00:00,2021-06-09 03:00:00,365,1
1008,2021-06-10 03:00:00,Decision Tree,3,1.381926558765562,1.3848403075342148,2020-06-10 03:00:00,2021-06-10 03:00:00,2021-06-10 03:00:00,365,1
1009,2021-06-10 03:00:00,Random Forest,3,1.381926558765562,1.356695677940581,2020-06-10 03:00:00,2021-06-10 03:00:00,2021-06-10 03:00:00,365,1
1010,2021-06-10 03:00:00,Neural Network,3,1.381926558765562,1.5650119803900848,2020-06-10 03:00:00,2021-06-10 03:00:00,2021-06-10 03:00:00,365,1
1011,2021-06-10 03:00:00,Naive,3,1.381926558765562,1.3375538187829945,2020-06-10 03:00:00,2021-06-10 03:00:00,2021-06-10 03:00:00,365,1
1012,2021-06-11 03:00:00,Decision Tree,3,1.4086927841089156,1.384424057710122,2020-06-11 03:00:00,2021-06-11 03:00:00,2021-06-11 03:00:00,365,1
1013,2021-06-11 03:00:00,Random Forest,3,1.4086927841089156,1.375914999119045,2020-06-11 03:00:00,2021-06-11 03:00:00,2021-06-11 03:00:00,365,1
1014,2021-06-11 03:00:00,Neural Network,3,1.4086927841089156,1.5530472845394656,2020-06-11 03:00:00,2021-06-11 03:00:00,2021-06-11 03:00:00,365,1
1015,2021-06-11 03:00:00,Naive,3,1.4086927841089156,1.381926558765562,2020-06-11 03:00:00,2021-06-11 03:00:00,2021-06-11 03:00:00,365,1
1016,2021-06-12 03:00:00,Decision Tree,3,1.2062547037524383,1.3107057331366867,2020-06-12 03:00:00,2021-06-12 03:00:00,2021-06-12 03:00:00,365,1
1017,2021-06-12 03:00:00,Random Forest,3,1.2062547037524383,1.267874054874203,2020-06-12 03:00:00,2021-06-12 03:00:00,2021-06-12 03:00:00,365,1
1018,2021-06-12 03:00:00,Neural Network,3,1.2062547037524383,1.2013944949767832,2020-06-12 03:00:00,2021-06-12 03:00:00,2021-06-12 03:00:00,365,1
1019,2021-06-12 03:00:00,Naive,3,1.2062547037524383,1.4086927841089156,2020-06-12 03:00:00,2021-06-12 03:00:00,2021-06-12 03:00:00,365,1
1020,2021-06-13 03:00:00,Decision Tree,3,-1.4583343701588034,-1.5544491555651634,2020-06-13 03:00:00,2021-06-13 03:00:00,2021-06-13 03:00:00,365,1
1021,2021-06-13 03:00:00,Random Forest,3,-1.4583343701588034,-1.5665997305397934,2020-06-13 03:00:00,2021-06-13 03:00:00,2021-06-13 03:00:00,365,1
1022,2021-06-13 03:00:00,Neural Network,3,-1.4583343701588034,-1.299472320960285,2020-06-13 03:00:00,2021-06-13 03:00:00,2021-06-13 03:00:00,365,1
1023,2021-06-13 03:00:00,Naive,3,-1.4583343701588034,1.2062547037524383,2020-06-13 03:00:00,2021-06-13 03:00:00,2021-06-13 03:00:00,365,1
1024,2021-06-14 03:00:00,Decision Tree,3,1.1859307136451482,1.2146855133300711,2020-06-14 03:00:00,2021-06-14 03:00:00,2021-06-14 03:00:00,365,1
1025,2021-06-14 03:00:00,Random Forest,3,1.1859307136451482,1.2141300486924593,2020-06-14 03:00:00,2021-06-14 03:00:00,2021-06-14 03:00:00,365,1
1026,2021-06-14 03:00:00,Neural Network,3,1.1859307136451482,1.1017149375884356,2020-06-14 03:00:00,2021-06-14 03:00:00,2021-06-14 03:00:00,365,1
1027,2021-06-14 03:00:00,Naive,3,1.1859307136451482,-1.4583343701588034,2020-06-14 03:00:00,2021-06-14 03:00:00,2021-06-14 03:00:00,365,1
1028,2021-06-15 03:00:00,Decision Tree,3,1.4393268036748859,1.3874576485099712,2020-06-15 03:00:00,2021-06-15 03:00:00,2021-06-15 03:00:00,365,1
1029,2021-06-15 03:00:00,Random Forest,3,1.4393268036748859,1.3773690139778372,2020-06-15 03:00:00,2021-06-15 03:00:00,2021-06-15 03:00:00,365,1
1030,2021-06-15 03:00:00,Neural Network,3,1.4393268036748859,1.5488785745631148,2020-06-15 03:00:00,2021-06-15 03:00:00,2021-06-15 03:00:00,365,1
1031,2021-06-15 03:00:00,Naive,3,1.4393268036748859,1.1859307136451482,2020-06-15 03:00:00,2021-06-15 03:00:00,2021-06-15 03:00:00,365,1
1032,2021-06-16 03:00:00,Decision Tree,3,1.4037252552370336,1.3932208879727395,2020-06-16 03:00:00,2021-06-16 03:00:00,2021-06-16 03:00:00,365,1
1033,2021-06-16 03:00:00,Random Forest,3,1.4037252552370336,1.3803810122932791,2020-06-16 03:00:00,2021-06-16 03:00:00,2021-06-16 03:00:00,365,1
1034,2021-06-16 03:00:00,Neural Network,3,1.4037252552370336,1.6314760616687751,2020-06-16 03:00:00,2021-06-16 03:00:00,2021-06-16 03:00:00,365,1
1035,2021-06-16 03:00:00,Naive,3,1.4037252552370336,1.4393268036748859,2020-06-16 03:00:00,2021-06-16 03:00:00,2021-06-16 03:00:00,365,1
1036,2021-06-17 03:00:00,Decision Tree,3,1.2680360462805735,1.4155292012217975,2020-06-17 03:00:00,2021-06-17 03:00:00,2021-06-17 03:00:00,365,1
1037,2021-06-17 03:00:00,Random Forest,3,1.2680360462805735,1.364994029926657,2020-06-17 03:00:00,2021-06-17 03:00:00,2021-06-17 03:00:00,365,1
1038,2021-06-17 03:00:00,Neural Network,3,1.2680360462805735,1.4389238275696845,2020-06-17 03:00:00,2021-06-17 03:00:00,2021-06-17 03:00:00,365,1
1039,2021-06-17 03:00:00,Naive,3,1.2680360462805735,1.4037252552370336,2020-06-17 03:00:00,2021-06-17 03:00:00,2021-06-17 03:00:00,365,1
1040,2021-06-18 03:00:00,Decision Tree,3,1.3441515754602145,1.4034463780932145,2020-06-18 03:00:00,2021-06-18 03:00:00,2021-06-18 03:00:00,365,1
1041,2021-06-18 03:00:00,Random Forest,3,1.3441515754602145,1.3717565516269425,2020-06-18 03:00:00,2021-06-18 03:00:00,2021-06-18 03:00:00,365,1
1042,2021-06-18 03:00:00,Neural Network,3,1.3441515754602145,1.4272348481155788,2020-06-18 03:00:00,2021-06-18 03:00:00,2021-06-18 03:00:00,365,1
1043,2021-06-18 03:00:00,Naive,3,1.3441515754602145,1.2680360462805735,2020-06-18 03:00:00,2021-06-18 03:00:00,2021-06-18 03:00:00,365,1
1044,2021-06-19 03:00:00,Decision Tree,3,1.4824059011016182,1.3960345277640895,2020-06-19 03:00:00,2021-06-19 03:00:00,2021-06-19 03:00:00,365,1
1045,2021-06-19 03:00:00,Random Forest,3,1.4824059011016182,1.3610543392210208,2020-06-19 03:00:00,2021-06-19 03:00:00,2021-06-19 03:00:00,365,1
1046,2021-06-19 03:00:00,Neural Network,3,1.4824059011016182,1.6573412346641407,2020-06-19 03:00:00,2021-06-19 03:00:00,2021-06-19 03:00:00,365,1
1047,2021-06-19 03:00:00,Naive,3,1.4824059011016182,1.3441515754602145,2020-06-19 03:00:00,2021-06-19 03:00:00,2021-06-19 03:00:00,365,1
1048,2021-06-20 03:00:00,Decision Tree,3,1.166596845984962,1.2058406963713175,2020-06-20 03:00:00,2021-06-20 03:00:00,2021-06-20 03:00:00,365,1
1049,2021-06-20 03:00:00,Random Forest,3,1.166596845984962,1.2070874908775115,2020-06-20 03:00:00,2021-06-20 03:00:00,2021-06-20 03:00:00,365,1
1050,2021-06-20 03:00:00,Neural Network,3,1.166596845984962,1.0601624685453612,2020-06-20 03:00:00,2021-06-20 03:00:00,2021-06-20 03:00:00,365,1
1051,2021-06-20 03:00:00,Naive,3,1.166596845984962,1.4824059011016182,2020-06-20 03:00:00,2021-06-20 03:00:00,2021-06-20 03:00:00,365,1
1052,2021-06-21 03:00:00,Decision Tree,3,1.122761199488003,1.2002344320304097,2020-06-21 03:00:00,2021-06-21 03:00:00,2021-06-21 03:00:00,365,1
1053,2021-06-21 03:00:00,Random Forest,3,1.122761199488003,1.2021565893997372,2020-06-21 03:00:00,2021-06-21 03:00:00,2021-06-21 03:00:00,365,1
1054,2021-06-21 03:00:00,Neural Network,3,1.122761199488003,1.1797115890103562,2020-06-21 03:00:00,2021-06-21 03:00:00,2021-06-21 03:00:00,365,1
1055,2021-06-21 03:00:00,Naive,3,1.122761199488003,1.166596845984962,2020-06-21 03:00:00,2021-06-21 03:00:00,2021-06-21 03:00:00,365,1
1056,2021-06-22 03:00:00,Decision Tree,3,1.3458400644944661,1.405631347023815,2020-06-22 03:00:00,2021-06-22 03:00:00,2021-06-22 03:00:00,365,1
1057,2021-06-22 03:00:00,Random Forest,3,1.3458400644944661,1.3791316182505335,2020-06-22 03:00:00,2021-06-22 03:00:00,2021-06-22 03:00:00,365,1
1058,2021-06-22 03:00:00,Neural Network,3,1.3458400644944661,1.4189846178676315,2020-06-22 03:00:00,2021-06-22 03:00:00,2021-06-22 03:00:00,365,1
1059,2021-06-22 03:00:00,Naive,3,1.3458400644944661,1.122761199488003,2020-06-22 03:00:00,2021-06-22 03:00:00,2021-06-22 03:00:00,365,1
1060,2021-06-23 03:00:00,Decision Tree,3,1.4688444565786265,1.4159981617233839,2020-06-23 03:00:00,2021-06-23 03:00:00,2021-06-23 03:00:00,365,1
1061,2021-06-23 03:00:00,Random Forest,3,1.4688444565786265,1.418251155840431,2020-06-23 03:00:00,2021-06-23 03:00:00,2021-06-23 03:00:00,365,1
1062,2021-06-23 03:00:00,Neural Network,3,1.4688444565786265,1.207963250453043,2020-06-23 03:00:00,2021-06-23 03:00:00,2021-06-23 03:00:00,365,1
1063,2021-06-23 03:00:00,Naive,3,1.4688444565786265,1.3458400644944661,2020-06-23 03:00:00,2021-06-23 03:00:00,2021-06-23 03:00:00,365,1
1064,2021-06-24 03:00:00,Decision Tree,3,1.55106278213681,1.440599040140216,2020-06-24 03:00:00,2021-06-24 03:00:00,2021-06-24 03:00:00,365,1
1065,2021-06-24 03:00:00,Random Forest,3,1.55106278213681,1.4304993223920117,2020-06-24 03:00:00,2021-06-24 03:00:00,2021-06-24 03:00:00,365,1
1066,2021-06-24 03:00:00,Neural Network,3,1.55106278213681,1.8819820152331106,2020-06-24 03:00:00,2021-06-24 03:00:00,2021-06-24 03:00:00,365,1
1067,2021-06-24 03:00:00,Naive,3,1.55106278213681,1.4688444565786265,2020-06-24 03:00:00,2021-06-24 03:00:00,2021-06-24 03:00:00,365,1
1068,2021-06-25 03:00:00,Decision Tree,3,1.6012000788454361,1.4590096638063148,2020-06-25 03:00:00,2021-06-25 03:00:00,2021-06-25 03:00:00,365,1
1069,2021-06-25 03:00:00,Random Forest,3,1.6012000788454361,1.4697938629132243,2020-06-25 03:00:00,2021-06-25 03:00:00,2021-06-25 03:00:00,365,1
1070,2021-06-25 03:00:00,Neural Network,3,1.6012000788454361,1.9054987791130809,2020-06-25 03:00:00,2021-06-25 03:00:00,2021-06-25 03:00:00,365,1
1071,2021-06-25 03:00:00,Naive,3,1.6012000788454361,1.55106278213681,2020-06-25 03:00:00,2021-06-25 03:00:00,2021-06-25 03:00:00,365,1
1072,2021-06-26 03:00:00,Decision Tree,3,1.7300966040350603,1.5085680044674752,2020-06-26 03:00:00,2021-06-26 03:00:00,2021-06-26 03:00:00,365,1
1073,2021-06-26 03:00:00,Random Forest,3,1.7300966040350603,1.5207156255492955,2020-06-26 03:00:00,2021-06-26 03:00:00,2021-06-26 03:00:00,365,1
1074,2021-06-26 03:00:00,Neural Network,3,1.7300966040350603,2.061955150098245,2020-06-26 03:00:00,2021-06-26 03:00:00,2021-06-26 03:00:00,365,1
1075,2021-06-26 03:00:00,Naive,3,1.7300966040350603,1.6012000788454361,2020-06-26 03:00:00,2021-06-26 03:00:00,2021-06-26 03:00:00,365,1
1076,2021-06-27 03:00:00,Decision Tree,3,1.409703838136994,1.390457365178576,2020-06-27 03:00:00,2021-06-27 03:00:00,2021-06-27 03:00:00,365,1
1077,2021-06-27 03:00:00,Random Forest,3,1.409703838136994,1.4455931858101787,2020-06-27 03:00:00,2021-06-27 03:00:00,2021-06-27 03:00:00,365,1
1078,2021-06-27 03:00:00,Neural Network,3,1.409703838136994,1.4477823701916035,2020-06-27 03:00:00,2021-06-27 03:00:00,2021-06-27 03:00:00,365,1
1079,2021-06-27 03:00:00,Naive,3,1.409703838136994,1.7300966040350603,2020-06-27 03:00:00,2021-06-27 03:00:00,2021-06-27 03:00:00,365,1
1080,2021-06-28 03:00:00,Decision Tree,3,1.4290739027149666,1.401457749130459,2020-06-28 03:00:00,2021-06-28 03:00:00,2021-06-28 03:00:00,365,1
1081,2021-06-28 03:00:00,Random Forest,3,1.4290739027149666,1.4185320165390225,2020-06-28 03:00:00,2021-06-28 03:00:00,2021-06-28 03:00:00,365,1
1082,2021-06-28 03:00:00,Neural Network,3,1.4290739027149666,1.4801799914054001,2020-06-28 03:00:00,2021-06-28 03:00:00,2021-06-28 03:00:00,365,1
1083,2021-06-28 03:00:00,Naive,3,1.4290739027149666,1.409703838136994,2020-06-28 03:00:00,2021-06-28 03:00:00,2021-06-28 03:00:00,365,1
1084,2021-06-29 03:00:00,Decision Tree,3,1.547253851775531,1.56672196453951,2020-06-29 03:00:00,2021-06-29 03:00:00,2021-06-29 03:00:00,365,1
1085,2021-06-29 03:00:00,Random Forest,3,1.547253851775531,1.5639004711612698,2020-06-29 03:00:00,2021-06-29 03:00:00,2021-06-29 03:00:00,365,1
1086,2021-06-29 03:00:00,Neural Network,3,1.547253851775531,1.6800010889452268,2020-06-29 03:00:00,2021-06-29 03:00:00,2021-06-29 03:00:00,365,1
1087,2021-06-29 03:00:00,Naive,3,1.547253851775531,1.4290739027149666,2020-06-29 03:00:00,2021-06-29 03:00:00,2021-06-29 03:00:00,365,1
1088,2021-06-30 03:00:00,Decision Tree,3,1.5637400602239448,1.563477279078847,2020-06-30 03:00:00,2021-06-30 03:00:00,2021-06-30 03:00:00,365,1
1089,2021-06-30 03:00:00,Random Forest,3,1.5637400602239448,1.569279921900014,2020-06-30 03:00:00,2021-06-30 03:00:00,2021-06-30 03:00:00,365,1
1090,2021-06-30 03:00:00,Neural Network,3,1.5637400602239448,1.594300795912966,2020-06-30 03:00:00,2021-06-30 03:00:00,2021-06-30 03:00:00,365,1
1091,2021-06-30 03:00:00,Naive,3,1.5637400602239448,1.547253851775531,2020-06-30 03:00:00,2021-06-30 03:00:00,2021-06-30 03:00:00,365,1
1092,2021-07-01 03:00:00,Decision Tree,3,1.5059728389926015,1.5986706754033566,2020-07-01 03:00:00,2021-07-01 03:00:00,2021-07-01 03:00:00,365,1
1093,2021-07-01 03:00:00,Random Forest,3,1.5059728389926015,1.5537901932651443,2020-07-01 03:00:00,2021-07-01 03:00:00,2021-07-01 03:00:00,365,1
1094,2021-07-01 03:00:00,Neural Network,3,1.5059728389926015,1.6044450188892927,2020-07-01 03:00:00,2021-07-01 03:00:00,2021-07-01 03:00:00,365,1
1095,2021-07-01 03:00:00,Naive,3,1.5059728389926015,1.5637400602239448,2020-07-01 03:00:00,2021-07-01 03:00:00,2021-07-01 03:00:00,365,1
1096,2021-07-02 03:00:00,Decision Tree,3,1.7419273196322398,1.5986706754033566,2020-07-02 03:00:00,2021-07-02 03:00:00,2021-07-02 03:00:00,365,1
1097,2021-07-02 03:00:00,Random Forest,3,1.7419273196322398,1.5933752640544732,2020-07-02 03:00:00,2021-07-02 03:00:00,2021-07-02 03:00:00,365,1
1098,2021-07-02 03:00:00,Neural Network,3,1.7419273196322398,1.9828420665251736,2020-07-02 03:00:00,2021-07-02 03:00:00,2021-07-02 03:00:00,365,1
1099,2021-07-02 03:00:00,Naive,3,1.7419273196322398,1.5059728389926015,2020-07-02 03:00:00,2021-07-02 03:00:00,2021-07-02 03:00:00,365,1
1100,2021-07-03 03:00:00,Decision Tree,3,1.6320887335555898,1.5769448770357632,2020-07-03 03:00:00,2021-07-03 03:00:00,2021-07-03 03:00:00,365,1
1101,2021-07-03 03:00:00,Random Forest,3,1.6320887335555898,1.6312661403294821,2020-07-03 03:00:00,2021-07-03 03:00:00,2021-07-03 03:00:00,365,1
1102,2021-07-03 03:00:00,Neural Network,3,1.6320887335555898,1.7905072569664777,2020-07-03 03:00:00,2021-07-03 03:00:00,2021-07-03 03:00:00,365,1
1103,2021-07-03 03:00:00,Naive,3,1.6320887335555898,1.7419273196322398,2020-07-03 03:00:00,2021-07-03 03:00:00,2021-07-03 03:00:00,365,1
1104,2021-07-04 03:00:00,Decision Tree,3,1.5821221244316037,1.6091677836496516,2020-07-04 03:00:00,2021-07-04 03:00:00,2021-07-04 03:00:00,365,1
1105,2021-07-04 03:00:00,Random Forest,3,1.5821221244316037,1.62347373014693,2020-07-04 03:00:00,2021-07-04 03:00:00,2021-07-04 03:00:00,365,1
1106,2021-07-04 03:00:00,Neural Network,3,1.5821221244316037,1.7202148141286058,2020-07-04 03:00:00,2021-07-04 03:00:00,2021-07-04 03:00:00,365,1
1107,2021-07-04 03:00:00,Naive,3,1.5821221244316037,1.6320887335555898,2020-07-04 03:00:00,2021-07-04 03:00:00,2021-07-04 03:00:00,365,1
1108,2021-07-05 03:00:00,Decision Tree,3,1.4876404592307413,1.6061627104032017,2020-07-05 03:00:00,2021-07-05 03:00:00,2021-07-05 03:00:00,365,1
1109,2021-07-05 03:00:00,Random Forest,3,1.4876404592307413,1.5256507495269305,2020-07-05 03:00:00,2021-07-05 03:00:00,2021-07-05 03:00:00,365,1
1110,2021-07-05 03:00:00,Neural Network,3,1.4876404592307413,1.5706243324769111,2020-07-05 03:00:00,2021-07-05 03:00:00,2021-07-05 03:00:00,365,1
1111,2021-07-05 03:00:00,Naive,3,1.4876404592307413,1.5821221244316037,2020-07-05 03:00:00,2021-07-05 03:00:00,2021-07-05 03:00:00,365,1
1112,2021-07-06 03:00:00,Decision Tree,3,1.450077754991096,1.4345389916504345,2020-07-06 03:00:00,2021-07-06 03:00:00,2021-07-06 03:00:00,365,1
1113,2021-07-06 03:00:00,Random Forest,3,1.450077754991096,1.4794102273160035,2020-07-06 03:00:00,2021-07-06 03:00:00,2021-07-06 03:00:00,365,1
1114,2021-07-06 03:00:00,Neural Network,3,1.450077754991096,1.5736242707799275,2020-07-06 03:00:00,2021-07-06 03:00:00,2021-07-06 03:00:00,365,1
1115,2021-07-06 03:00:00,Naive,3,1.450077754991096,1.4876404592307413,2020-07-06 03:00:00,2021-07-06 03:00:00,2021-07-06 03:00:00,365,1
1116,2021-07-07 03:00:00,Decision Tree,3,1.554501196889442,1.5311339984719257,2020-07-07 03:00:00,2021-07-07 03:00:00,2021-07-07 03:00:00,365,1
1117,2021-07-07 03:00:00,Random Forest,3,1.554501196889442,1.581218621689438,2020-07-07 03:00:00,2021-07-07 03:00:00,2021-07-07 03:00:00,365,1
1118,2021-07-07 03:00:00,Neural Network,3,1.554501196889442,1.7227959341030106,2020-07-07 03:00:00,2021-07-07 03:00:00,2021-07-07 03:00:00,365,1
1119,2021-07-07 03:00:00,Naive,3,1.554501196889442,1.450077754991096,2020-07-07 03:00:00,2021-07-07 03:00:00,2021-07-07 03:00:00,365,1
1120,2021-07-08 03:00:00,Decision Tree,3,1.653064337972143,1.535028531541512,2020-07-08 03:00:00,2021-07-08 03:00:00,2021-07-08 03:00:00,365,1
1121,2021-07-08 03:00:00,Random Forest,3,1.653064337972143,1.6717628937159523,2020-07-08 03:00:00,2021-07-08 03:00:00,2021-07-08 03:00:00,365,1
1122,2021-07-08 03:00:00,Neural Network,3,1.653064337972143,1.8404216613374538,2020-07-08 03:00:00,2021-07-08 03:00:00,2021-07-08 03:00:00,365,1
1123,2021-07-08 03:00:00,Naive,3,1.653064337972143,1.554501196889442,2020-07-08 03:00:00,2021-07-08 03:00:00,2021-07-08 03:00:00,365,1
1124,2021-07-09 03:00:00,Decision Tree,3,1.5451087216988053,1.5350285315415118,2020-07-09 03:00:00,2021-07-09 03:00:00,2021-07-09 03:00:00,365,1
1125,2021-07-09 03:00:00,Random Forest,3,1.5451087216988053,1.5765538452886887,2020-07-09 03:00:00,2021-07-09 03:00:00,2021-07-09 03:00:00,365,1
1126,2021-07-09 03:00:00,Neural Network,3,1.5451087216988053,1.7099981289644075,2020-07-09 03:00:00,2021-07-09 03:00:00,2021-07-09 03:00:00,365,1
1127,2021-07-09 03:00:00,Naive,3,1.5451087216988053,1.653064337972143,2020-07-09 03:00:00,2021-07-09 03:00:00,2021-07-09 03:00:00,365,1
1128,2021-07-10 03:00:00,Decision Tree,3,1.5151867260609722,1.5445599987241638,2020-07-10 03:00:00,2021-07-10 03:00:00,2021-07-10 03:00:00,365,1
1129,2021-07-10 03:00:00,Random Forest,3,1.5151867260609722,1.559652485201545,2020-07-10 03:00:00,2021-07-10 03:00:00,2021-07-10 03:00:00,365,1
1130,2021-07-10 03:00:00,Neural Network,3,1.5151867260609722,1.6444948541366242,2020-07-10 03:00:00,2021-07-10 03:00:00,2021-07-10 03:00:00,365,1
1131,2021-07-10 03:00:00,Naive,3,1.5151867260609722,1.5451087216988053,2020-07-10 03:00:00,2021-07-10 03:00:00,2021-07-10 03:00:00,365,1
1132,2021-07-11 03:00:00,Decision Tree,3,1.4123501525410083,1.4364813370680172,2020-07-11 03:00:00,2021-07-11 03:00:00,2021-07-11 03:00:00,365,1
1133,2021-07-11 03:00:00,Random Forest,3,1.4123501525410083,1.461410293365537,2020-07-11 03:00:00,2021-07-11 03:00:00,2021-07-11 03:00:00,365,1
1134,2021-07-11 03:00:00,Neural Network,3,1.4123501525410083,1.558436521175017,2020-07-11 03:00:00,2021-07-11 03:00:00,2021-07-11 03:00:00,365,1
1135,2021-07-11 03:00:00,Naive,3,1.4123501525410083,1.5151867260609722,2020-07-11 03:00:00,2021-07-11 03:00:00,2021-07-11 03:00:00,365,1
1136,2021-07-12 03:00:00,Decision Tree,3,1.4843382850178268,1.5338083296261058,2020-07-12 03:00:00,2021-07-12 03:00:00,2021-07-12 03:00:00,365,1
1137,2021-07-12 03:00:00,Random Forest,3,1.4843382850178268,1.539362297560056,2020-07-12 03:00:00,2021-07-12 03:00:00,2021-07-12 03:00:00,365,1
1138,2021-07-12 03:00:00,Neural Network,3,1.4843382850178268,1.5242367598561308,2020-07-12 03:00:00,2021-07-12 03:00:00,2021-07-12 03:00:00,365,1
1139,2021-07-12 03:00:00,Naive,3,1.4843382850178268,1.4123501525410083,2020-07-12 03:00:00,2021-07-12 03:00:00,2021-07-12 03:00:00,365,1
1140,2021-07-13 03:00:00,Decision Tree,3,1.580831118191886,1.656749866412012,2020-07-13 03:00:00,2021-07-13 03:00:00,2021-07-13 03:00:00,365,1
1141,2021-07-13 03:00:00,Random Forest,3,1.580831118191886,1.624318190991503,2020-07-13 03:00:00,2021-07-13 03:00:00,2021-07-13 03:00:00,365,1
1142,2021-07-13 03:00:00,Neural Network,3,1.580831118191886,1.6786526885217066,2020-07-13 03:00:00,2021-07-13 03:00:00,2021-07-13 03:00:00,365,1
1143,2021-07-13 03:00:00,Naive,3,1.580831118191886,1.4843382850178268,2020-07-13 03:00:00,2021-07-13 03:00:00,2021-07-13 03:00:00,365,1
1144,2021-07-14 03:00:00,Decision Tree,3,1.4727342177497378,1.515242490535747,2020-07-14 03:00:00,2021-07-14 03:00:00,2021-07-14 03:00:00,365,1
1145,2021-07-14 03:00:00,Random Forest,3,1.4727342177497378,1.4976793015883005,2020-07-14 03:00:00,2021-07-14 03:00:00,2021-07-14 03:00:00,365,1
1146,2021-07-14 03:00:00,Neural Network,3,1.4727342177497378,1.6252059633966527,2020-07-14 03:00:00,2021-07-14 03:00:00,2021-07-14 03:00:00,365,1
1147,2021-07-14 03:00:00,Naive,3,1.4727342177497378,1.580831118191886,2020-07-14 03:00:00,2021-07-14 03:00:00,2021-07-14 03:00:00,365,1
1148,2021-07-15 03:00:00,Decision Tree,3,1.544244990531344,1.5693344364178465,2020-07-15 03:00:00,2021-07-15 03:00:00,2021-07-15 03:00:00,365,1
1149,2021-07-15 03:00:00,Random Forest,3,1.544244990531344,1.5746906706588921,2020-07-15 03:00:00,2021-07-15 03:00:00,2021-07-15 03:00:00,365,1
1150,2021-07-15 03:00:00,Neural Network,3,1.544244990531344,1.6290185354147229,2020-07-15 03:00:00,2021-07-15 03:00:00,2021-07-15 03:00:00,365,1
1151,2021-07-15 03:00:00,Naive,3,1.544244990531344,1.4727342177497378,2020-07-15 03:00:00,2021-07-15 03:00:00,2021-07-15 03:00:00,365,1
1152,2021-07-16 03:00:00,Decision Tree,3,1.4440428658511995,1.5091698801377458,2020-07-16 03:00:00,2021-07-16 03:00:00,2021-07-16 03:00:00,365,1
1153,2021-07-16 03:00:00,Random Forest,3,1.4440428658511995,1.4829445943909663,2020-07-16 03:00:00,2021-07-16 03:00:00,2021-07-16 03:00:00,365,1
1154,2021-07-16 03:00:00,Neural Network,3,1.4440428658511995,1.5051608632800932,2020-07-16 03:00:00,2021-07-16 03:00:00,2021-07-16 03:00:00,365,1
1155,2021-07-16 03:00:00,Naive,3,1.4440428658511995,1.544244990531344,2020-07-16 03:00:00,2021-07-16 03:00:00,2021-07-16 03:00:00,365,1
1156,2021-07-17 03:00:00,Decision Tree,3,1.095713101351979,1.190550277962609,2020-07-17 03:00:00,2021-07-17 03:00:00,2021-07-17 03:00:00,365,1
1157,2021-07-17 03:00:00,Random Forest,3,1.095713101351979,1.2085381221085136,2020-07-17 03:00:00,2021-07-17 03:00:00,2021-07-17 03:00:00,365,1
1158,2021-07-17 03:00:00,Neural Network,3,1.095713101351979,1.1589772099424986,2020-07-17 03:00:00,2021-07-17 03:00:00,2021-07-17 03:00:00,365,1
1159,2021-07-17 03:00:00,Naive,3,1.095713101351979,1.4440428658511995,2020-07-17 03:00:00,2021-07-17 03:00:00,2021-07-17 03:00:00,365,1
1160,2021-07-18 03:00:00,Decision Tree,3,0.6770060092756908,0.8152252451281754,2020-07-18 03:00:00,2021-07-18 03:00:00,2021-07-18 03:00:00,365,1
1161,2021-07-18 03:00:00,Random Forest,3,0.6770060092756908,0.867483412777431,2020-07-18 03:00:00,2021-07-18 03:00:00,2021-07-18 03:00:00,365,1
1162,2021-07-18 03:00:00,Neural Network,3,0.6770060092756908,0.6674520150059858,2020-07-18 03:00:00,2021-07-18 03:00:00,2021-07-18 03:00:00,365,1
1163,2021-07-18 03:00:00,Naive,3,0.6770060092756908,1.095713101351979,2020-07-18 03:00:00,2021-07-18 03:00:00,2021-07-18 03:00:00,365,1
1164,2021-07-19 03:00:00,Decision Tree,3,1.2409492999289615,1.3028862455454582,2020-07-19 03:00:00,2021-07-19 03:00:00,2021-07-19 03:00:00,365,1
1165,2021-07-19 03:00:00,Random Forest,3,1.2409492999289615,1.363538735027885,2020-07-19 03:00:00,2021-07-19 03:00:00,2021-07-19 03:00:00,365,1
1166,2021-07-19 03:00:00,Neural Network,3,1.2409492999289615,1.3248678041005233,2020-07-19 03:00:00,2021-07-19 03:00:00,2021-07-19 03:00:00,365,1
1167,2021-07-19 03:00:00,Naive,3,1.2409492999289615,0.6770060092756908,2020-07-19 03:00:00,2021-07-19 03:00:00,2021-07-19 03:00:00,365,1
1168,2021-07-20 03:00:00,Decision Tree,3,1.5707856043609403,1.6676016226773835,2020-07-20 03:00:00,2021-07-20 03:00:00,2021-07-20 03:00:00,365,1
1169,2021-07-20 03:00:00,Random Forest,3,1.5707856043609403,1.6120197553736162,2020-07-20 03:00:00,2021-07-20 03:00:00,2021-07-20 03:00:00,365,1
1170,2021-07-20 03:00:00,Neural Network,3,1.5707856043609403,1.7073706125361494,2020-07-20 03:00:00,2021-07-20 03:00:00,2021-07-20 03:00:00,365,1
1171,2021-07-20 03:00:00,Naive,3,1.5707856043609403,1.2409492999289615,2020-07-20 03:00:00,2021-07-20 03:00:00,2021-07-20 03:00:00,365,1
1172,2021-07-21 03:00:00,Decision Tree,3,1.5449217065636236,1.5673926129732088,2020-07-21 03:00:00,2021-07-21 03:00:00,2021-07-21 03:00:00,365,1
1173,2021-07-21 03:00:00,Random Forest,3,1.5449217065636236,1.5701359358641782,2020-07-21 03:00:00,2021-07-21 03:00:00,2021-07-21 03:00:00,365,1
1174,2021-07-21 03:00:00,Neural Network,3,1.5449217065636236,1.6892472060471877,2020-07-21 03:00:00,2021-07-21 03:00:00,2021-07-21 03:00:00,365,1
1175,2021-07-21 03:00:00,Naive,3,1.5449217065636236,1.5707856043609403,2020-07-21 03:00:00,2021-07-21 03:00:00,2021-07-21 03:00:00,365,1
1176,2021-07-22 03:00:00,Decision Tree,3,1.5058920975010441,1.5645837496720105,2020-07-22 03:00:00,2021-07-22 03:00:00,2021-07-22 03:00:00,365,1
1177,2021-07-22 03:00:00,Random Forest,3,1.5058920975010441,1.5766041649627356,2020-07-22 03:00:00,2021-07-22 03:00:00,2021-07-22 03:00:00,365,1
1178,2021-07-22 03:00:00,Neural Network,3,1.5058920975010441,1.7194269492984675,2020-07-22 03:00:00,2021-07-22 03:00:00,2021-07-22 03:00:00,365,1
1179,2021-07-22 03:00:00,Naive,3,1.5058920975010441,1.5449217065636236,2020-07-22 03:00:00,2021-07-22 03:00:00,2021-07-22 03:00:00,365,1
1180,2021-07-23 03:00:00,Decision Tree,3,1.5070639997720965,1.56470427673602,2020-07-23 03:00:00,2021-07-23 03:00:00,2021-07-23 03:00:00,365,1
1181,2021-07-23 03:00:00,Random Forest,3,1.5070639997720965,1.559783705640364,2020-07-23 03:00:00,2021-07-23 03:00:00,2021-07-23 03:00:00,365,1
1182,2021-07-23 03:00:00,Neural Network,3,1.5070639997720965,1.5654128821213011,2020-07-23 03:00:00,2021-07-23 03:00:00,2021-07-23 03:00:00,365,1
1183,2021-07-23 03:00:00,Naive,3,1.5070639997720965,1.5058920975010441,2020-07-23 03:00:00,2021-07-23 03:00:00,2021-07-23 03:00:00,365,1
1184,2021-07-24 03:00:00,Decision Tree,3,1.4094229764587747,1.4515442262127096,2020-07-24 03:00:00,2021-07-24 03:00:00,2021-07-24 03:00:00,365,1
1185,2021-07-24 03:00:00,Random Forest,3,1.4094229764587747,1.4436614367245244,2020-07-24 03:00:00,2021-07-24 03:00:00,2021-07-24 03:00:00,365,1
1186,2021-07-24 03:00:00,Neural Network,3,1.4094229764587747,1.3439891309269132,2020-07-24 03:00:00,2021-07-24 03:00:00,2021-07-24 03:00:00,365,1
1187,2021-07-24 03:00:00,Naive,3,1.4094229764587747,1.5070639997720965,2020-07-24 03:00:00,2021-07-24 03:00:00,2021-07-24 03:00:00,365,1
1188,2021-07-25 03:00:00,Decision Tree,3,0.6086741154398683,0.792188705819428,2020-07-25 03:00:00,2021-07-25 03:00:00,2021-07-25 03:00:00,365,1
1189,2021-07-25 03:00:00,Random Forest,3,0.6086741154398683,0.7897563087982339,2020-07-25 03:00:00,2021-07-25 03:00:00,2021-07-25 03:00:00,365,1
1190,2021-07-25 03:00:00,Neural Network,3,0.6086741154398683,0.6029723692536023,2020-07-25 03:00:00,2021-07-25 03:00:00,2021-07-25 03:00:00,365,1
1191,2021-07-25 03:00:00,Naive,3,0.6086741154398683,1.4094229764587747,2020-07-25 03:00:00,2021-07-25 03:00:00,2021-07-25 03:00:00,365,1
1192,2021-07-26 03:00:00,Decision Tree,3,1.3473176105650948,1.4128552250177555,2020-07-26 03:00:00,2021-07-26 03:00:00,2021-07-26 03:00:00,365,1
1193,2021-07-26 03:00:00,Random Forest,3,1.3473176105650948,1.426353585225688,2020-07-26 03:00:00,2021-07-26 03:00:00,2021-07-26 03:00:00,365,1
1194,2021-07-26 03:00:00,Neural Network,3,1.3473176105650948,1.3728435657684515,2020-07-26 03:00:00,2021-07-26 03:00:00,2021-07-26 03:00:00,365,1
1195,2021-07-26 03:00:00,Naive,3,1.3473176105650948,0.6086741154398683,2020-07-26 03:00:00,2021-07-26 03:00:00,2021-07-26 03:00:00,365,1
1196,2021-07-27 03:00:00,Decision Tree,3,1.4256623623390778,1.5003497166255435,2020-07-27 03:00:00,2021-07-27 03:00:00,2021-07-27 03:00:00,365,1
1197,2021-07-27 03:00:00,Random Forest,3,1.4256623623390778,1.4724267654563608,2020-07-27 03:00:00,2021-07-27 03:00:00,2021-07-27 03:00:00,365,1
1198,2021-07-27 03:00:00,Neural Network,3,1.4256623623390778,1.5680363417130452,2020-07-27 03:00:00,2021-07-27 03:00:00,2021-07-27 03:00:00,365,1
1199,2021-07-27 03:00:00,Naive,3,1.4256623623390778,1.3473176105650948,2020-07-27 03:00:00,2021-07-27 03:00:00,2021-07-27 03:00:00,365,1
1200,2021-07-28 03:00:00,Decision Tree,3,1.4685965712556257,1.5362261795073309,2020-07-28 03:00:00,2021-07-28 03:00:00,2021-07-28 03:00:00,365,1
1201,2021-07-28 03:00:00,Random Forest,3,1.4685965712556257,1.540188955886258,2020-07-28 03:00:00,2021-07-28 03:00:00,2021-07-28 03:00:00,365,1
1202,2021-07-28 03:00:00,Neural Network,3,1.4685965712556257,1.5421299120831953,2020-07-28 03:00:00,2021-07-28 03:00:00,2021-07-28 03:00:00,365,1
1203,2021-07-28 03:00:00,Naive,3,1.4685965712556257,1.4256623623390778,2020-07-28 03:00:00,2021-07-28 03:00:00,2021-07-28 03:00:00,365,1
1204,2021-07-29 03:00:00,Decision Tree,3,0.30933317155035134,0.5908353524700123,2020-07-29 03:00:00,2021-07-29 03:00:00,2021-07-29 03:00:00,365,1
1205,2021-07-29 03:00:00,Random Forest,3,0.30933317155035134,0.581257440739349,2020-07-29 03:00:00,2021-07-29 03:00:00,2021-07-29 03:00:00,365,1
1206,2021-07-29 03:00:00,Neural Network,3,0.30933317155035134,0.29230231713380306,2020-07-29 03:00:00,2021-07-29 03:00:00,2021-07-29 03:00:00,365,1
1207,2021-07-29 03:00:00,Naive,3,0.30933317155035134,1.4685965712556257,2020-07-29 03:00:00,2021-07-29 03:00:00,2021-07-29 03:00:00,365,1
1208,2021-07-30 03:00:00,Decision Tree,3,0.4903057181082545,0.7672935123433747,2020-07-30 03:00:00,2021-07-30 03:00:00,2021-07-30 03:00:00,365,1
1209,2021-07-30 03:00:00,Random Forest,3,0.4903057181082545,0.7276125219229271,2020-07-30 03:00:00,2021-07-30 03:00:00,2021-07-30 03:00:00,365,1
1210,2021-07-30 03:00:00,Neural Network,3,0.4903057181082545,0.49765301450504323,2020-07-30 03:00:00,2021-07-30 03:00:00,2021-07-30 03:00:00,365,1
1211,2021-07-30 03:00:00,Naive,3,0.4903057181082545,0.30933317155035134,2020-07-30 03:00:00,2021-07-30 03:00:00,2021-07-30 03:00:00,365,1
1212,2021-07-31 03:00:00,Decision Tree,3,0.060508800536871,0.31213815010449114,2020-07-31 03:00:00,2021-07-31 03:00:00,2021-07-31 03:00:00,365,1
1213,2021-07-31 03:00:00,Random Forest,3,0.060508800536871,0.25206104083407616,2020-07-31 03:00:00,2021-07-31 03:00:00,2021-07-31 03:00:00,365,1
1214,2021-07-31 03:00:00,Neural Network,3,0.060508800536871,0.025564656887990672,2020-07-31 03:00:00,2021-07-31 03:00:00,2021-07-31 03:00:00,365,1
1215,2021-07-31 03:00:00,Naive,3,0.060508800536871,0.4903057181082545,2020-07-31 03:00:00,2021-07-31 03:00:00,2021-07-31 03:00:00,365,1
1216,2021-08-01 03:00:00,Decision Tree,3,0.6321120567817647,0.7329732712678444,2020-08-01 03:00:00,2021-08-01 03:00:00,2021-08-01 03:00:00,365,1
1217,2021-08-01 03:00:00,Random Forest,3,0.6321120567817647,0.7272888216899569,2020-08-01 03:00:00,2021-08-01 03:00:00,2021-08-01 03:00:00,365,1
1218,2021-08-01 03:00:00,Neural Network,3,0.6321120567817647,0.6605134977667344,2020-08-01 03:00:00,2021-08-01 03:00:00,2021-08-01 03:00:00,365,1
1219,2021-08-01 03:00:00,Naive,3,0.6321120567817647,0.060508800536871,2020-08-01 03:00:00,2021-08-01 03:00:00,2021-08-01 03:00:00,365,1
1220,2021-08-02 03:00:00,Decision Tree,3,0.6977554390741424,0.9340781900598787,2020-08-02 03:00:00,2021-08-02 03:00:00,2021-08-02 03:00:00,365,1
1221,2021-08-02 03:00:00,Random Forest,3,0.6977554390741424,0.9234650136256166,2020-08-02 03:00:00,2021-08-02 03:00:00,2021-08-02 03:00:00,365,1
1222,2021-08-02 03:00:00,Neural Network,3,0.6977554390741424,0.7852217627668356,2020-08-02 03:00:00,2021-08-02 03:00:00,2021-08-02 03:00:00,365,1
1223,2021-08-02 03:00:00,Naive,3,0.6977554390741424,0.6321120567817647,2020-08-02 03:00:00,2021-08-02 03:00:00,2021-08-02 03:00:00,365,1
1224,2021-08-03 03:00:00,Decision Tree,3,1.4814981979882376,1.5352612152170666,2020-08-03 03:00:00,2021-08-03 03:00:00,2021-08-03 03:00:00,365,1
1225,2021-08-03 03:00:00,Random Forest,3,1.4814981979882376,1.529448051486891,2020-08-03 03:00:00,2021-08-03 03:00:00,2021-08-03 03:00:00,365,1
1226,2021-08-03 03:00:00,Neural Network,3,1.4814981979882376,1.548796524492112,2020-08-03 03:00:00,2021-08-03 03:00:00,2021-08-03 03:00:00,365,1
1227,2021-08-03 03:00:00,Naive,3,1.4814981979882376,0.6977554390741424,2020-08-03 03:00:00,2021-08-03 03:00:00,2021-08-03 03:00:00,365,1
1228,2021-08-04 03:00:00,Decision Tree,3,1.5175647452422383,1.5664047900437834,2020-08-04 03:00:00,2021-08-04 03:00:00,2021-08-04 03:00:00,365,1
1229,2021-08-04 03:00:00,Random Forest,3,1.5175647452422383,1.569273191197772,2020-08-04 03:00:00,2021-08-04 03:00:00,2021-08-04 03:00:00,365,1
1230,2021-08-04 03:00:00,Neural Network,3,1.5175647452422383,1.7034473123696443,2020-08-04 03:00:00,2021-08-04 03:00:00,2021-08-04 03:00:00,365,1
1231,2021-08-04 03:00:00,Naive,3,1.5175647452422383,1.4814981979882376,2020-08-04 03:00:00,2021-08-04 03:00:00,2021-08-04 03:00:00,365,1
1232,2021-08-05 03:00:00,Decision Tree,3,1.5508329075430498,1.6655925199111945,2020-08-05 03:00:00,2021-08-05 03:00:00,2021-08-05 03:00:00,365,1
1233,2021-08-05 03:00:00,Random Forest,3,1.5508329075430498,1.6249761942107546,2020-08-05 03:00:00,2021-08-05 03:00:00,2021-08-05 03:00:00,365,1
1234,2021-08-05 03:00:00,Neural Network,3,1.5508329075430498,1.702117289723625,2020-08-05 03:00:00,2021-08-05 03:00:00,2021-08-05 03:00:00,365,1
1235,2021-08-05 03:00:00,Naive,3,1.5508329075430498,1.5175647452422383,2020-08-05 03:00:00,2021-08-05 03:00:00,2021-08-05 03:00:00,365,1
1236,2021-08-06 03:00:00,Decision Tree,3,1.1735261231587029,1.3532696072361416,2020-08-06 03:00:00,2021-08-06 03:00:00,2021-08-06 03:00:00,365,1
1237,2021-08-06 03:00:00,Random Forest,3,1.1735261231587029,1.3200535446418464,2020-08-06 03:00:00,2021-08-06 03:00:00,2021-08-06 03:00:00,365,1
1238,2021-08-06 03:00:00,Neural Network,3,1.1735261231587029,1.240613336698854,2020-08-06 03:00:00,2021-08-06 03:00:00,2021-08-06 03:00:00,365,1
1239,2021-08-06 03:00:00,Naive,3,1.1735261231587029,1.5508329075430498,2020-08-06 03:00:00,2021-08-06 03:00:00,2021-08-06 03:00:00,365,1
1240,2021-08-07 03:00:00,Decision Tree,3,0.9266674590958082,1.1442516919973074,2020-08-07 03:00:00,2021-08-07 03:00:00,2021-08-07 03:00:00,365,1
1241,2021-08-07 03:00:00,Random Forest,3,0.9266674590958082,1.1211014986236765,2020-08-07 03:00:00,2021-08-07 03:00:00,2021-08-07 03:00:00,365,1
1242,2021-08-07 03:00:00,Neural Network,3,0.9266674590958082,1.025613946981202,2020-08-07 03:00:00,2021-08-07 03:00:00,2021-08-07 03:00:00,365,1
1243,2021-08-07 03:00:00,Naive,3,0.9266674590958082,1.1735261231587029,2020-08-07 03:00:00,2021-08-07 03:00:00,2021-08-07 03:00:00,365,1
1244,2021-08-08 03:00:00,Decision Tree,3,-1.481428390411509,-1.6699030991354362,2020-08-08 03:00:00,2021-08-08 03:00:00,2021-08-08 03:00:00,365,1
1245,2021-08-08 03:00:00,Random Forest,3,-1.481428390411509,-1.6566324636254828,2020-08-08 03:00:00,2021-08-08 03:00:00,2021-08-08 03:00:00,365,1
1246,2021-08-08 03:00:00,Neural Network,3,-1.481428390411509,-1.418307949155753,2020-08-08 03:00:00,2021-08-08 03:00:00,2021-08-08 03:00:00,365,1
1247,2021-08-08 03:00:00,Naive,3,-1.481428390411509,0.9266674590958082,2020-08-08 03:00:00,2021-08-08 03:00:00,2021-08-08 03:00:00,365,1
1248,2021-08-09 03:00:00,Decision Tree,3,-0.3303688167703228,-0.25636823991223573,2020-08-09 03:00:00,2021-08-09 03:00:00,2021-08-09 03:00:00,365,1
1249,2021-08-09 03:00:00,Random Forest,3,-0.3303688167703228,-0.2732891602511382,2020-08-09 03:00:00,2021-08-09 03:00:00,2021-08-09 03:00:00,365,1
1250,2021-08-09 03:00:00,Neural Network,3,-0.3303688167703228,-0.5601472435653052,2020-08-09 03:00:00,2021-08-09 03:00:00,2021-08-09 03:00:00,365,1
1251,2021-08-09 03:00:00,Naive,3,-0.3303688167703228,-1.481428390411509,2020-08-09 03:00:00,2021-08-09 03:00:00,2021-08-09 03:00:00,365,1
1252,2021-08-10 03:00:00,Decision Tree,3,1.1973542029081785,1.2676681566022747,2020-08-10 03:00:00,2021-08-10 03:00:00,2021-08-10 03:00:00,365,1
1253,2021-08-10 03:00:00,Random Forest,3,1.1973542029081785,1.284700000404755,2020-08-10 03:00:00,2021-08-10 03:00:00,2021-08-10 03:00:00,365,1
1254,2021-08-10 03:00:00,Neural Network,3,1.1973542029081785,1.2340328549556503,2020-08-10 03:00:00,2021-08-10 03:00:00,2021-08-10 03:00:00,365,1
1255,2021-08-10 03:00:00,Naive,3,1.1973542029081785,-0.3303688167703228,2020-08-10 03:00:00,2021-08-10 03:00:00,2021-08-10 03:00:00,365,1
1256,2021-08-11 03:00:00,Decision Tree,3,1.6266853019677887,1.6616019805476163,2020-08-11 03:00:00,2021-08-11 03:00:00,2021-08-11 03:00:00,365,1
1257,2021-08-11 03:00:00,Random Forest,3,1.6266853019677887,1.6599292768965235,2020-08-11 03:00:00,2021-08-11 03:00:00,2021-08-11 03:00:00,365,1
1258,2021-08-11 03:00:00,Neural Network,3,1.6266853019677887,1.8108089449543623,2020-08-11 03:00:00,2021-08-11 03:00:00,2021-08-11 03:00:00,365,1
1259,2021-08-11 03:00:00,Naive,3,1.6266853019677887,1.1973542029081785,2020-08-11 03:00:00,2021-08-11 03:00:00,2021-08-11 03:00:00,365,1
1260,2021-08-12 03:00:00,Decision Tree,3,1.7205506181860268,1.6557825341176453,2020-08-12 03:00:00,2021-08-12 03:00:00,2021-08-12 03:00:00,365,1
1261,2021-08-12 03:00:00,Random Forest,3,1.7205506181860268,1.6610148870411692,2020-08-12 03:00:00,2021-08-12 03:00:00,2021-08-12 03:00:00,365,1
1262,2021-08-12 03:00:00,Neural Network,3,1.7205506181860268,1.9475474887127722,2020-08-12 03:00:00,2021-08-12 03:00:00,2021-08-12 03:00:00,365,1
1263,2021-08-12 03:00:00,Naive,3,1.7205506181860268,1.6266853019677887,2020-08-12 03:00:00,2021-08-12 03:00:00,2021-08-12 03:00:00,365,1
1264,2021-08-13 03:00:00,Decision Tree,3,1.5724223328314453,1.6944648363586516,2020-08-13 03:00:00,2021-08-13 03:00:00,2021-08-13 03:00:00,365,1
1265,2021-08-13 03:00:00,Random Forest,3,1.5724223328314453,1.6697756412090912,2020-08-13 03:00:00,2021-08-13 03:00:00,2021-08-13 03:00:00,365,1
1266,2021-08-13 03:00:00,Neural Network,3,1.5724223328314453,1.7040859537120068,2020-08-13 03:00:00,2021-08-13 03:00:00,2021-08-13 03:00:00,365,1
1267,2021-08-13 03:00:00,Naive,3,1.5724223328314453,1.7205506181860268,2020-08-13 03:00:00,2021-08-13 03:00:00,2021-08-13 03:00:00,365,1
1268,2021-08-14 03:00:00,Decision Tree,3,1.308397240015046,1.4460663527173296,2020-08-14 03:00:00,2021-08-14 03:00:00,2021-08-14 03:00:00,365,1
1269,2021-08-14 03:00:00,Random Forest,3,1.308397240015046,1.3933606442636066,2020-08-14 03:00:00,2021-08-14 03:00:00,2021-08-14 03:00:00,365,1
1270,2021-08-14 03:00:00,Neural Network,3,1.308397240015046,1.487435458292455,2020-08-14 03:00:00,2021-08-14 03:00:00,2021-08-14 03:00:00,365,1
1271,2021-08-14 03:00:00,Naive,3,1.308397240015046,1.5724223328314453,2020-08-14 03:00:00,2021-08-14 03:00:00,2021-08-14 03:00:00,365,1
1272,2021-08-15 03:00:00,Decision Tree,3,1.0916105122824746,1.2451411473541767,2020-08-15 03:00:00,2021-08-15 03:00:00,2021-08-15 03:00:00,365,1
1273,2021-08-15 03:00:00,Random Forest,3,1.0916105122824746,1.2383301280756582,2020-08-15 03:00:00,2021-08-15 03:00:00,2021-08-15 03:00:00,365,1
1274,2021-08-15 03:00:00,Neural Network,3,1.0916105122824746,0.9749562981477888,2020-08-15 03:00:00,2021-08-15 03:00:00,2021-08-15 03:00:00,365,1
1275,2021-08-15 03:00:00,Naive,3,1.0916105122824746,1.308397240015046,2020-08-15 03:00:00,2021-08-15 03:00:00,2021-08-15 03:00:00,365,1
1276,2021-08-16 03:00:00,Decision Tree,3,1.0096518989049807,1.1593052498435512,2020-08-16 03:00:00,2021-08-16 03:00:00,2021-08-16 03:00:00,365,1
1277,2021-08-16 03:00:00,Random Forest,3,1.0096518989049807,1.1546585976985804,2020-08-16 03:00:00,2021-08-16 03:00:00,2021-08-16 03:00:00,365,1
1278,2021-08-16 03:00:00,Neural Network,3,1.0096518989049807,1.0527995263167345,2020-08-16 03:00:00,2021-08-16 03:00:00,2021-08-16 03:00:00,365,1
1279,2021-08-16 03:00:00,Naive,3,1.0096518989049807,1.0916105122824746,2020-08-16 03:00:00,2021-08-16 03:00:00,2021-08-16 03:00:00,365,1
1280,2021-08-17 03:00:00,Decision Tree,3,-1.0743834883331094,-1.283476354493316,2020-08-17 03:00:00,2021-08-17 03:00:00,2021-08-17 03:00:00,365,1
1281,2021-08-17 03:00:00,Random Forest,3,-1.0743834883331094,-1.25389440053064,2020-08-17 03:00:00,2021-08-17 03:00:00,2021-08-17 03:00:00,365,1
1282,2021-08-17 03:00:00,Neural Network,3,-1.0743834883331094,-1.3967698563091846,2020-08-17 03:00:00,2021-08-17 03:00:00,2021-08-17 03:00:00,365,1
1283,2021-08-17 03:00:00,Naive,3,-1.0743834883331094,1.0096518989049807,2020-08-17 03:00:00,2021-08-17 03:00:00,2021-08-17 03:00:00,365,1
1284,2021-08-18 03:00:00,Decision Tree,3,1.1081271752833501,1.194295236911778,2020-08-18 03:00:00,2021-08-18 03:00:00,2021-08-18 03:00:00,365,1
1285,2021-08-18 03:00:00,Random Forest,3,1.1081271752833501,1.1638053334371785,2020-08-18 03:00:00,2021-08-18 03:00:00,2021-08-18 03:00:00,365,1
1286,2021-08-18 03:00:00,Neural Network,3,1.1081271752833501,1.2634671440365846,2020-08-18 03:00:00,2021-08-18 03:00:00,2021-08-18 03:00:00,365,1
1287,2021-08-18 03:00:00,Naive,3,1.1081271752833501,-1.0743834883331094,2020-08-18 03:00:00,2021-08-18 03:00:00,2021-08-18 03:00:00,365,1
1288,2021-08-19 03:00:00,Decision Tree,3,1.0287260950043942,1.1410510970498597,2020-08-19 03:00:00,2021-08-19 03:00:00,2021-08-19 03:00:00,365,1
1289,2021-08-19 03:00:00,Random Forest,3,1.0287260950043942,1.1111734849432469,2020-08-19 03:00:00,2021-08-19 03:00:00,2021-08-19 03:00:00,365,1
1290,2021-08-19 03:00:00,Neural Network,3,1.0287260950043942,1.267802885088529,2020-08-19 03:00:00,2021-08-19 03:00:00,2021-08-19 03:00:00,365,1
1291,2021-08-19 03:00:00,Naive,3,1.0287260950043942,1.1081271752833501,2020-08-19 03:00:00,2021-08-19 03:00:00,2021-08-19 03:00:00,365,1
1292,2021-08-20 03:00:00,Decision Tree,3,1.6134728762816717,1.6741244191041174,2020-08-20 03:00:00,2021-08-20 03:00:00,2021-08-20 03:00:00,365,1
1293,2021-08-20 03:00:00,Random Forest,3,1.6134728762816717,1.6820131842978363,2020-08-20 03:00:00,2021-08-20 03:00:00,2021-08-20 03:00:00,365,1
1294,2021-08-20 03:00:00,Neural Network,3,1.6134728762816717,1.7330477279480372,2020-08-20 03:00:00,2021-08-20 03:00:00,2021-08-20 03:00:00,365,1
1295,2021-08-20 03:00:00,Naive,3,1.6134728762816717,1.0287260950043942,2020-08-20 03:00:00,2021-08-20 03:00:00,2021-08-20 03:00:00,365,1
1296,2021-08-21 03:00:00,Decision Tree,3,1.6125008747339546,1.665459912986625,2020-08-21 03:00:00,2021-08-21 03:00:00,2021-08-21 03:00:00,365,1
1297,2021-08-21 03:00:00,Random Forest,3,1.6125008747339546,1.655565728100185,2020-08-21 03:00:00,2021-08-21 03:00:00,2021-08-21 03:00:00,365,1
1298,2021-08-21 03:00:00,Neural Network,3,1.6125008747339546,1.7961666396081841,2020-08-21 03:00:00,2021-08-21 03:00:00,2021-08-21 03:00:00,365,1
1299,2021-08-21 03:00:00,Naive,3,1.6125008747339546,1.6134728762816717,2020-08-21 03:00:00,2021-08-21 03:00:00,2021-08-21 03:00:00,365,1
1300,2021-08-22 03:00:00,Decision Tree,3,1.3506041482236697,1.441562033663868,2020-08-22 03:00:00,2021-08-22 03:00:00,2021-08-22 03:00:00,365,1
1301,2021-08-22 03:00:00,Random Forest,3,1.3506041482236697,1.4627515650841223,2020-08-22 03:00:00,2021-08-22 03:00:00,2021-08-22 03:00:00,365,1
1302,2021-08-22 03:00:00,Neural Network,3,1.3506041482236697,1.5018226334046874,2020-08-22 03:00:00,2021-08-22 03:00:00,2021-08-22 03:00:00,365,1
1303,2021-08-22 03:00:00,Naive,3,1.3506041482236697,1.6125008747339546,2020-08-22 03:00:00,2021-08-22 03:00:00,2021-08-22 03:00:00,365,1
1304,2021-08-23 03:00:00,Decision Tree,3,1.3801196561512192,1.5134073087939615,2020-08-23 03:00:00,2021-08-23 03:00:00,2021-08-23 03:00:00,365,1
1305,2021-08-23 03:00:00,Random Forest,3,1.3801196561512192,1.498881978002129,2020-08-23 03:00:00,2021-08-23 03:00:00,2021-08-23 03:00:00,365,1
1306,2021-08-23 03:00:00,Neural Network,3,1.3801196561512192,1.4117726501575758,2020-08-23 03:00:00,2021-08-23 03:00:00,2021-08-23 03:00:00,365,1
1307,2021-08-23 03:00:00,Naive,3,1.3801196561512192,1.3506041482236697,2020-08-23 03:00:00,2021-08-23 03:00:00,2021-08-23 03:00:00,365,1
1308,2021-08-24 03:00:00,Decision Tree,3,1.5084121735653628,1.593337505742509,2020-08-24 03:00:00,2021-08-24 03:00:00,2021-08-24 03:00:00,365,1
1309,2021-08-24 03:00:00,Random Forest,3,1.5084121735653628,1.5925474163895053,2020-08-24 03:00:00,2021-08-24 03:00:00,2021-08-24 03:00:00,365,1
1310,2021-08-24 03:00:00,Neural Network,3,1.5084121735653628,1.625196282801021,2020-08-24 03:00:00,2021-08-24 03:00:00,2021-08-24 03:00:00,365,1
1311,2021-08-24 03:00:00,Naive,3,1.5084121735653628,1.3801196561512192,2020-08-24 03:00:00,2021-08-24 03:00:00,2021-08-24 03:00:00,365,1
1312,2021-08-25 03:00:00,Decision Tree,3,1.5484661691196469,1.6588400332050415,2020-08-25 03:00:00,2021-08-25 03:00:00,2021-08-25 03:00:00,365,1
1313,2021-08-25 03:00:00,Random Forest,3,1.5484661691196469,1.6664617852597479,2020-08-25 03:00:00,2021-08-25 03:00:00,2021-08-25 03:00:00,365,1
1314,2021-08-25 03:00:00,Neural Network,3,1.5484661691196469,1.7190449854966687,2020-08-25 03:00:00,2021-08-25 03:00:00,2021-08-25 03:00:00,365,1
1315,2021-08-25 03:00:00,Naive,3,1.5484661691196469,1.5084121735653628,2020-08-25 03:00:00,2021-08-25 03:00:00,2021-08-25 03:00:00,365,1
1316,2021-08-26 03:00:00,Decision Tree,3,1.2712307458308298,1.4210822523771462,2020-08-26 03:00:00,2021-08-26 03:00:00,2021-08-26 03:00:00,365,1
1317,2021-08-26 03:00:00,Random Forest,3,1.2712307458308298,1.3858373262419748,2020-08-26 03:00:00,2021-08-26 03:00:00,2021-08-26 03:00:00,365,1
1318,2021-08-26 03:00:00,Neural Network,3,1.2712307458308298,1.5271345921113038,2020-08-26 03:00:00,2021-08-26 03:00:00,2021-08-26 03:00:00,365,1
1319,2021-08-26 03:00:00,Naive,3,1.2712307458308298,1.5484661691196469,2020-08-26 03:00:00,2021-08-26 03:00:00,2021-08-26 03:00:00,365,1
1320,2021-08-27 03:00:00,Decision Tree,3,1.4807587720352942,1.542694639344015,2020-08-27 03:00:00,2021-08-27 03:00:00,2021-08-27 03:00:00,365,1
1321,2021-08-27 03:00:00,Random Forest,3,1.4807587720352942,1.5542690877758085,2020-08-27 03:00:00,2021-08-27 03:00:00,2021-08-27 03:00:00,365,1
1322,2021-08-27 03:00:00,Neural Network,3,1.4807587720352942,1.8501739948506069,2020-08-27 03:00:00,2021-08-27 03:00:00,2021-08-27 03:00:00,365,1
1323,2021-08-27 03:00:00,Naive,3,1.4807587720352942,1.2712307458308298,2020-08-27 03:00:00,2021-08-27 03:00:00,2021-08-27 03:00:00,365,1
1324,2021-08-28 03:00:00,Decision Tree,3,1.4238294808569654,1.5078133592748366,2020-08-28 03:00:00,2021-08-28 03:00:00,2021-08-28 03:00:00,365,1
1325,2021-08-28 03:00:00,Random Forest,3,1.4238294808569654,1.526100859097895,2020-08-28 03:00:00,2021-08-28 03:00:00,2021-08-28 03:00:00,365,1
1326,2021-08-28 03:00:00,Neural Network,3,1.4238294808569654,1.6938715737450485,2020-08-28 03:00:00,2021-08-28 03:00:00,2021-08-28 03:00:00,365,1
1327,2021-08-28 03:00:00,Naive,3,1.4238294808569654,1.4807587720352942,2020-08-28 03:00:00,2021-08-28 03:00:00,2021-08-28 03:00:00,365,1
1328,2021-08-29 03:00:00,Decision Tree,3,1.2293104379074515,1.3516534416584687,2020-08-29 03:00:00,2021-08-29 03:00:00,2021-08-29 03:00:00,365,1
1329,2021-08-29 03:00:00,Random Forest,3,1.2293104379074515,1.3154047598214227,2020-08-29 03:00:00,2021-08-29 03:00:00,2021-08-29 03:00:00,365,1
1330,2021-08-29 03:00:00,Neural Network,3,1.2293104379074515,1.5247472469819787,2020-08-29 03:00:00,2021-08-29 03:00:00,2021-08-29 03:00:00,365,1
1331,2021-08-29 03:00:00,Naive,3,1.2293104379074515,1.4238294808569654,2020-08-29 03:00:00,2021-08-29 03:00:00,2021-08-29 03:00:00,365,1
1332,2021-08-30 03:00:00,Decision Tree,3,1.3334804483136815,1.402810803336345,2020-08-30 03:00:00,2021-08-30 03:00:00,2021-08-30 03:00:00,365,1
1333,2021-08-30 03:00:00,Random Forest,3,1.3334804483136815,1.398413247580496,2020-08-30 03:00:00,2021-08-30 03:00:00,2021-08-30 03:00:00,365,1
1334,2021-08-30 03:00:00,Neural Network,3,1.3334804483136815,1.4362218829240414,2020-08-30 03:00:00,2021-08-30 03:00:00,2021-08-30 03:00:00,365,1
1335,2021-08-30 03:00:00,Naive,3,1.3334804483136815,1.2293104379074515,2020-08-30 03:00:00,2021-08-30 03:00:00,2021-08-30 03:00:00,365,1
1336,2021-08-31 03:00:00,Decision Tree,3,1.6453318712382998,1.6465762705288862,2020-08-31 03:00:00,2021-08-31 03:00:00,2021-08-31 03:00:00,365,1
1337,2021-08-31 03:00:00,Random Forest,3,1.6453318712382998,1.5974994826049926,2020-08-31 03:00:00,2021-08-31 03:00:00,2021-08-31 03:00:00,365,1
1338,2021-08-31 03:00:00,Neural Network,3,1.6453318712382998,1.7494344323850362,2020-08-31 03:00:00,2021-08-31 03:00:00,2021-08-31 03:00:00,365,1
1339,2021-08-31 03:00:00,Naive,3,1.6453318712382998,1.3334804483136815,2020-08-31 03:00:00,2021-08-31 03:00:00,2021-08-31 03:00:00,365,1
1340,2021-09-01 03:00:00,Decision Tree,3,1.6994827340235557,1.6788210097890235,2020-09-01 03:00:00,2021-09-01 03:00:00,2021-09-01 03:00:00,365,1
1341,2021-09-01 03:00:00,Random Forest,3,1.6994827340235557,1.638731231736595,2020-09-01 03:00:00,2021-09-01 03:00:00,2021-09-01 03:00:00,365,1
1342,2021-09-01 03:00:00,Neural Network,3,1.6994827340235557,1.8820723714939585,2020-09-01 03:00:00,2021-09-01 03:00:00,2021-09-01 03:00:00,365,1
1343,2021-09-01 03:00:00,Naive,3,1.6994827340235557,1.6453318712382998,2020-09-01 03:00:00,2021-09-01 03:00:00,2021-09-01 03:00:00,365,1
1344,2021-09-02 03:00:00,Decision Tree,3,1.794690487480235,1.6822646304947788,2020-09-02 03:00:00,2021-09-02 03:00:00,2021-09-02 03:00:00,365,1
1345,2021-09-02 03:00:00,Random Forest,3,1.794690487480235,1.6875730008724743,2020-09-02 03:00:00,2021-09-02 03:00:00,2021-09-02 03:00:00,365,1
1346,2021-09-02 03:00:00,Neural Network,3,1.794690487480235,2.113694503278527,2020-09-02 03:00:00,2021-09-02 03:00:00,2021-09-02 03:00:00,365,1
1347,2021-09-02 03:00:00,Naive,3,1.794690487480235,1.6994827340235557,2020-09-02 03:00:00,2021-09-02 03:00:00,2021-09-02 03:00:00,365,1
1348,2021-09-03 03:00:00,Decision Tree,3,1.720489311798898,1.7280658734611412,2020-09-03 03:00:00,2021-09-03 03:00:00,2021-09-03 03:00:00,365,1
1349,2021-09-03 03:00:00,Random Forest,3,1.720489311798898,1.7107876979229266,2020-09-03 03:00:00,2021-09-03 03:00:00,2021-09-03 03:00:00,365,1
1350,2021-09-03 03:00:00,Neural Network,3,1.720489311798898,1.911510389912605,2020-09-03 03:00:00,2021-09-03 03:00:00,2021-09-03 03:00:00,365,1
1351,2021-09-03 03:00:00,Naive,3,1.720489311798898,1.794690487480235,2020-09-03 03:00:00,2021-09-03 03:00:00,2021-09-03 03:00:00,365,1
1352,2021-09-04 03:00:00,Decision Tree,3,1.7873931771041158,1.7268031131841004,2020-09-04 03:00:00,2021-09-04 03:00:00,2021-09-04 03:00:00,365,1
1353,2021-09-04 03:00:00,Random Forest,3,1.7873931771041158,1.715356549918755,2020-09-04 03:00:00,2021-09-04 03:00:00,2021-09-04 03:00:00,365,1
1354,2021-09-04 03:00:00,Neural Network,3,1.7873931771041158,2.0171016296421422,2020-09-04 03:00:00,2021-09-04 03:00:00,2021-09-04 03:00:00,365,1
1355,2021-09-04 03:00:00,Naive,3,1.7873931771041158,1.720489311798898,2020-09-04 03:00:00,2021-09-04 03:00:00,2021-09-04 03:00:00,365,1
1356,2021-09-05 03:00:00,Decision Tree,3,1.7287628160925477,1.6169088800280516,2020-09-05 03:00:00,2021-09-05 03:00:00,2021-09-05 03:00:00,365,1
1357,2021-09-05 03:00:00,Random Forest,3,1.7287628160925477,1.6557932496726706,2020-09-05 03:00:00,2021-09-05 03:00:00,2021-09-05 03:00:00,365,1
1358,2021-09-05 03:00:00,Neural Network,3,1.7287628160925477,1.8720244592424182,2020-09-05 03:00:00,2021-09-05 03:00:00,2021-09-05 03:00:00,365,1
1359,2021-09-05 03:00:00,Naive,3,1.7287628160925477,1.7873931771041158,2020-09-05 03:00:00,2021-09-05 03:00:00,2021-09-05 03:00:00,365,1
1360,2021-09-06 03:00:00,Decision Tree,3,1.814544590165258,1.7354588366012453,2020-09-06 03:00:00,2021-09-06 03:00:00,2021-09-06 03:00:00,365,1
1361,2021-09-06 03:00:00,Random Forest,3,1.814544590165258,1.7414389657553688,2020-09-06 03:00:00,2021-09-06 03:00:00,2021-09-06 03:00:00,365,1
1362,2021-09-06 03:00:00,Neural Network,3,1.814544590165258,2.0023696428358986,2020-09-06 03:00:00,2021-09-06 03:00:00,2021-09-06 03:00:00,365,1
1363,2021-09-06 03:00:00,Naive,3,1.814544590165258,1.7287628160925477,2020-09-06 03:00:00,2021-09-06 03:00:00,2021-09-06 03:00:00,365,1
1364,2021-09-07 03:00:00,Decision Tree,3,1.9561762289136184,1.745344555796747,2020-09-07 03:00:00,2021-09-07 03:00:00,2021-09-07 03:00:00,365,1
1365,2021-09-07 03:00:00,Random Forest,3,1.9561762289136184,1.7691163937140042,2020-09-07 03:00:00,2021-09-07 03:00:00,2021-09-07 03:00:00,365,1
1366,2021-09-07 03:00:00,Neural Network,3,1.9561762289136184,2.2515852600196573,2020-09-07 03:00:00,2021-09-07 03:00:00,2021-09-07 03:00:00,365,1
1367,2021-09-07 03:00:00,Naive,3,1.9561762289136184,1.814544590165258,2020-09-07 03:00:00,2021-09-07 03:00:00,2021-09-07 03:00:00,365,1
1368,2021-09-08 03:00:00,Decision Tree,3,1.905939240856371,1.8163134599511548,2020-09-08 03:00:00,2021-09-08 03:00:00,2021-09-08 03:00:00,365,1
1369,2021-09-08 03:00:00,Random Forest,3,1.905939240856371,1.8205585351708764,2020-09-08 03:00:00,2021-09-08 03:00:00,2021-09-08 03:00:00,365,1
1370,2021-09-08 03:00:00,Neural Network,3,1.905939240856371,2.269590316754649,2020-09-08 03:00:00,2021-09-08 03:00:00,2021-09-08 03:00:00,365,1
1371,2021-09-08 03:00:00,Naive,3,1.905939240856371,1.9561762289136184,2020-09-08 03:00:00,2021-09-08 03:00:00,2021-09-08 03:00:00,365,1
1372,2021-09-09 03:00:00,Decision Tree,3,1.8593584405990027,1.8517487449039198,2020-09-09 03:00:00,2021-09-09 03:00:00,2021-09-09 03:00:00,365,1
1373,2021-09-09 03:00:00,Random Forest,3,1.8593584405990027,1.8383773583932699,2020-09-09 03:00:00,2021-09-09 03:00:00,2021-09-09 03:00:00,365,1
1374,2021-09-09 03:00:00,Neural Network,3,1.8593584405990027,2.013177043432503,2020-09-09 03:00:00,2021-09-09 03:00:00,2021-09-09 03:00:00,365,1
1375,2021-09-09 03:00:00,Naive,3,1.8593584405990027,1.905939240856371,2020-09-09 03:00:00,2021-09-09 03:00:00,2021-09-09 03:00:00,365,1
1376,2021-09-10 03:00:00,Decision Tree,3,1.9948249366417488,1.853017027519767,2020-09-10 03:00:00,2021-09-10 03:00:00,2021-09-10 03:00:00,365,1
1377,2021-09-10 03:00:00,Random Forest,3,1.9948249366417488,1.8799517853432777,2020-09-10 03:00:00,2021-09-10 03:00:00,2021-09-10 03:00:00,365,1
1378,2021-09-10 03:00:00,Neural Network,3,1.9948249366417488,2.156453674518457,2020-09-10 03:00:00,2021-09-10 03:00:00,2021-09-10 03:00:00,365,1
1379,2021-09-10 03:00:00,Naive,3,1.9948249366417488,1.8593584405990027,2020-09-10 03:00:00,2021-09-10 03:00:00,2021-09-10 03:00:00,365,1
1380,2021-09-11 03:00:00,Decision Tree,3,1.9661805750332628,1.8732753002514786,2020-09-11 03:00:00,2021-09-11 03:00:00,2021-09-11 03:00:00,365,1
1381,2021-09-11 03:00:00,Random Forest,3,1.9661805750332628,1.8730360737257532,2020-09-11 03:00:00,2021-09-11 03:00:00,2021-09-11 03:00:00,365,1
1382,2021-09-11 03:00:00,Neural Network,3,1.9661805750332628,2.199222807378498,2020-09-11 03:00:00,2021-09-11 03:00:00,2021-09-11 03:00:00,365,1
1383,2021-09-11 03:00:00,Naive,3,1.9661805750332628,1.9948249366417488,2020-09-11 03:00:00,2021-09-11 03:00:00,2021-09-11 03:00:00,365,1
1384,2021-09-12 03:00:00,Decision Tree,3,1.744863361084869,1.7389057007611173,2020-09-12 03:00:00,2021-09-12 03:00:00,2021-09-12 03:00:00,365,1
1385,2021-09-12 03:00:00,Random Forest,3,1.744863361084869,1.7725636285262445,2020-09-12 03:00:00,2021-09-12 03:00:00,2021-09-12 03:00:00,365,1
1386,2021-09-12 03:00:00,Neural Network,3,1.744863361084869,1.7959432385292748,2020-09-12 03:00:00,2021-09-12 03:00:00,2021-09-12 03:00:00,365,1
1387,2021-09-12 03:00:00,Naive,3,1.744863361084869,1.9661805750332628,2020-09-12 03:00:00,2021-09-12 03:00:00,2021-09-12 03:00:00,365,1
1388,2021-09-13 03:00:00,Decision Tree,3,1.8745465390192053,1.9364958844088007,2020-09-13 03:00:00,2021-09-13 03:00:00,2021-09-13 03:00:00,365,1
1389,2021-09-13 03:00:00,Random Forest,3,1.8745465390192053,1.896141623710125,2020-09-13 03:00:00,2021-09-13 03:00:00,2021-09-13 03:00:00,365,1
1390,2021-09-13 03:00:00,Neural Network,3,1.8745465390192053,1.9331761592171732,2020-09-13 03:00:00,2021-09-13 03:00:00,2021-09-13 03:00:00,365,1
1391,2021-09-13 03:00:00,Naive,3,1.8745465390192053,1.744863361084869,2020-09-13 03:00:00,2021-09-13 03:00:00,2021-09-13 03:00:00,365,1
1392,2021-09-14 03:00:00,Decision Tree,3,1.928182888194035,1.926170993510535,2020-09-14 03:00:00,2021-09-14 03:00:00,2021-09-14 03:00:00,365,1
1393,2021-09-14 03:00:00,Random Forest,3,1.928182888194035,1.9367253430809372,2020-09-14 03:00:00,2021-09-14 03:00:00,2021-09-14 03:00:00,365,1
1394,2021-09-14 03:00:00,Neural Network,3,1.928182888194035,2.197394294502856,2020-09-14 03:00:00,2021-09-14 03:00:00,2021-09-14 03:00:00,365,1
1395,2021-09-14 03:00:00,Naive,3,1.928182888194035,1.8745465390192053,2020-09-14 03:00:00,2021-09-14 03:00:00,2021-09-14 03:00:00,365,1
1396,2021-09-15 03:00:00,Decision Tree,3,2.119276463278096,1.9264584070367492,2020-09-15 03:00:00,2021-09-15 03:00:00,2021-09-15 03:00:00,365,1
1397,2021-09-15 03:00:00,Random Forest,3,2.119276463278096,1.93104688171246,2020-09-15 03:00:00,2021-09-15 03:00:00,2021-09-15 03:00:00,365,1
1398,2021-09-15 03:00:00,Neural Network,3,2.119276463278096,2.3399874897081734,2020-09-15 03:00:00,2021-09-15 03:00:00,2021-09-15 03:00:00,365,1
1399,2021-09-15 03:00:00,Naive,3,2.119276463278096,1.928182888194035,2020-09-15 03:00:00,2021-09-15 03:00:00,2021-09-15 03:00:00,365,1
1400,2021-09-16 03:00:00,Decision Tree,3,2.0300192616724555,1.9784300554861887,2020-09-16 03:00:00,2021-09-16 03:00:00,2021-09-16 03:00:00,365,1
1401,2021-09-16 03:00:00,Random Forest,3,2.0300192616724555,2.0063965991910564,2020-09-16 03:00:00,2021-09-16 03:00:00,2021-09-16 03:00:00,365,1
1402,2021-09-16 03:00:00,Neural Network,3,2.0300192616724555,2.054121527510312,2020-09-16 03:00:00,2021-09-16 03:00:00,2021-09-16 03:00:00,365,1
1403,2021-09-16 03:00:00,Naive,3,2.0300192616724555,2.119276463278096,2020-09-16 03:00:00,2021-09-16 03:00:00,2021-09-16 03:00:00,365,1
1404,2021-09-17 03:00:00,Decision Tree,3,2.048909333321109,1.985799942084227,2020-09-17 03:00:00,2021-09-17 03:00:00,2021-09-17 03:00:00,365,1
1405,2021-09-17 03:00:00,Random Forest,3,2.048909333321109,2.020181689778183,2020-09-17 03:00:00,2021-09-17 03:00:00,2021-09-17 03:00:00,365,1
1406,2021-09-17 03:00:00,Neural Network,3,2.048909333321109,2.1320207616380094,2020-09-17 03:00:00,2021-09-17 03:00:00,2021-09-17 03:00:00,365,1
1407,2021-09-17 03:00:00,Naive,3,2.048909333321109,2.0300192616724555,2020-09-17 03:00:00,2021-09-17 03:00:00,2021-09-17 03:00:00,365,1
1408,2021-09-18 03:00:00,Decision Tree,3,2.0777712974059717,2.0192311331433817,2020-09-18 03:00:00,2021-09-18 03:00:00,2021-09-18 03:00:00,365,1
1409,2021-09-18 03:00:00,Random Forest,3,2.0777712974059717,1.997576390773526,2020-09-18 03:00:00,2021-09-18 03:00:00,2021-09-18 03:00:00,365,1
1410,2021-09-18 03:00:00,Neural Network,3,2.0777712974059717,2.2859965511842026,2020-09-18 03:00:00,2021-09-18 03:00:00,2021-09-18 03:00:00,365,1
1411,2021-09-18 03:00:00,Naive,3,2.0777712974059717,2.048909333321109,2020-09-18 03:00:00,2021-09-18 03:00:00,2021-09-18 03:00:00,365,1
1412,2021-09-19 03:00:00,Decision Tree,3,1.3508801018853744,1.475914939544983,2020-09-19 03:00:00,2021-09-19 03:00:00,2021-09-19 03:00:00,365,1
1413,2021-09-19 03:00:00,Random Forest,3,1.3508801018853744,1.4888788618611921,2020-09-19 03:00:00,2021-09-19 03:00:00,2021-09-19 03:00:00,365,1
1414,2021-09-19 03:00:00,Neural Network,3,1.3508801018853744,1.5063887824286422,2020-09-19 03:00:00,2021-09-19 03:00:00,2021-09-19 03:00:00,365,1
1415,2021-09-19 03:00:00,Naive,3,1.3508801018853744,2.0777712974059717,2020-09-19 03:00:00,2021-09-19 03:00:00,2021-09-19 03:00:00,365,1
1416,2021-09-20 03:00:00,Decision Tree,3,1.7651237831328255,1.8520936233454603,2020-09-20 03:00:00,2021-09-20 03:00:00,2021-09-20 03:00:00,365,1
1417,2021-09-20 03:00:00,Random Forest,3,1.7651237831328255,1.794379266192996,2020-09-20 03:00:00,2021-09-20 03:00:00,2021-09-20 03:00:00,365,1
1418,2021-09-20 03:00:00,Neural Network,3,1.7651237831328255,1.7662515397602514,2020-09-20 03:00:00,2021-09-20 03:00:00,2021-09-20 03:00:00,365,1
1419,2021-09-20 03:00:00,Naive,3,1.7651237831328255,1.3508801018853744,2020-09-20 03:00:00,2021-09-20 03:00:00,2021-09-20 03:00:00,365,1
1420,2021-09-21 03:00:00,Decision Tree,3,1.9959469381779205,2.0275940137523234,2020-09-21 03:00:00,2021-09-21 03:00:00,2021-09-21 03:00:00,365,1
1421,2021-09-21 03:00:00,Random Forest,3,1.9959469381779205,2.0156520275456558,2020-09-21 03:00:00,2021-09-21 03:00:00,2021-09-21 03:00:00,365,1
1422,2021-09-21 03:00:00,Neural Network,3,1.9959469381779205,2.181593771023695,2020-09-21 03:00:00,2021-09-21 03:00:00,2021-09-21 03:00:00,365,1
1423,2021-09-21 03:00:00,Naive,3,1.9959469381779205,1.7651237831328255,2020-09-21 03:00:00,2021-09-21 03:00:00,2021-09-21 03:00:00,365,1
1424,2021-09-22 03:00:00,Decision Tree,3,1.6923359570673682,1.7134762356450686,2020-09-22 03:00:00,2021-09-22 03:00:00,2021-09-22 03:00:00,365,1
1425,2021-09-22 03:00:00,Random Forest,3,1.6923359570673682,1.7569308396197654,2020-09-22 03:00:00,2021-09-22 03:00:00,2021-09-22 03:00:00,365,1
1426,2021-09-22 03:00:00,Neural Network,3,1.6923359570673682,1.7618166265272404,2020-09-22 03:00:00,2021-09-22 03:00:00,2021-09-22 03:00:00,365,1
1427,2021-09-22 03:00:00,Naive,3,1.6923359570673682,1.9959469381779205,2020-09-22 03:00:00,2021-09-22 03:00:00,2021-09-22 03:00:00,365,1
1428,2021-09-23 03:00:00,Decision Tree,3,1.2979626962108495,1.460285584837532,2020-09-23 03:00:00,2021-09-23 03:00:00,2021-09-23 03:00:00,365,1
1429,2021-09-23 03:00:00,Random Forest,3,1.2979626962108495,1.4144548951939235,2020-09-23 03:00:00,2021-09-23 03:00:00,2021-09-23 03:00:00,365,1
1430,2021-09-23 03:00:00,Neural Network,3,1.2979626962108495,1.645228038082708,2020-09-23 03:00:00,2021-09-23 03:00:00,2021-09-23 03:00:00,365,1
1431,2021-09-23 03:00:00,Naive,3,1.2979626962108495,1.6923359570673682,2020-09-23 03:00:00,2021-09-23 03:00:00,2021-09-23 03:00:00,365,1
1432,2021-09-24 03:00:00,Decision Tree,3,0.8667044366292872,1.0860082202481578,2020-09-24 03:00:00,2021-09-24 03:00:00,2021-09-24 03:00:00,365,1
1433,2021-09-24 03:00:00,Random Forest,3,0.8667044366292872,1.0623630613524648,2020-09-24 03:00:00,2021-09-24 03:00:00,2021-09-24 03:00:00,365,1
1434,2021-09-24 03:00:00,Neural Network,3,0.8667044366292872,0.8791131281544948,2020-09-24 03:00:00,2021-09-24 03:00:00,2021-09-24 03:00:00,365,1
1435,2021-09-24 03:00:00,Naive,3,0.8667044366292872,1.2979626962108495,2020-09-24 03:00:00,2021-09-24 03:00:00,2021-09-24 03:00:00,365,1
1436,2021-09-25 03:00:00,Decision Tree,3,1.8048475538823234,1.915063985435916,2020-09-25 03:00:00,2021-09-25 03:00:00,2021-09-25 03:00:00,365,1
1437,2021-09-25 03:00:00,Random Forest,3,1.8048475538823234,1.8697294306669585,2020-09-25 03:00:00,2021-09-25 03:00:00,2021-09-25 03:00:00,365,1
1438,2021-09-25 03:00:00,Neural Network,3,1.8048475538823234,1.646692955723482,2020-09-25 03:00:00,2021-09-25 03:00:00,2021-09-25 03:00:00,365,1
1439,2021-09-25 03:00:00,Naive,3,1.8048475538823234,0.8667044366292872,2020-09-25 03:00:00,2021-09-25 03:00:00,2021-09-25 03:00:00,365,1
1440,2021-09-26 03:00:00,Decision Tree,3,1.8628272996898319,1.8745749325101877,2020-09-26 03:00:00,2021-09-26 03:00:00,2021-09-26 03:00:00,365,1
1441,2021-09-26 03:00:00,Random Forest,3,1.8628272996898319,1.9289690302824745,2020-09-26 03:00:00,2021-09-26 03:00:00,2021-09-26 03:00:00,365,1
1442,2021-09-26 03:00:00,Neural Network,3,1.8628272996898319,1.9243679428451612,2020-09-26 03:00:00,2021-09-26 03:00:00,2021-09-26 03:00:00,365,1
1443,2021-09-26 03:00:00,Naive,3,1.8628272996898319,1.8048475538823234,2020-09-26 03:00:00,2021-09-26 03:00:00,2021-09-26 03:00:00,365,1
1444,2021-09-27 03:00:00,Decision Tree,3,1.7659232169271353,1.7958316276355186,2020-09-27 03:00:00,2021-09-27 03:00:00,2021-09-27 03:00:00,365,1
1445,2021-09-27 03:00:00,Random Forest,3,1.7659232169271353,1.795191584201239,2020-09-27 03:00:00,2021-09-27 03:00:00,2021-09-27 03:00:00,365,1
1446,2021-09-27 03:00:00,Neural Network,3,1.7659232169271353,1.7605459485006847,2020-09-27 03:00:00,2021-09-27 03:00:00,2021-09-27 03:00:00,365,1
1447,2021-09-27 03:00:00,Naive,3,1.7659232169271353,1.8628272996898319,2020-09-27 03:00:00,2021-09-27 03:00:00,2021-09-27 03:00:00,365,1
1448,2021-09-28 03:00:00,Decision Tree,3,1.7334918876591134,1.7920930762969707,2020-09-28 03:00:00,2021-09-28 03:00:00,2021-09-28 03:00:00,365,1
1449,2021-09-28 03:00:00,Random Forest,3,1.7334918876591134,1.7736547440878916,2020-09-28 03:00:00,2021-09-28 03:00:00,2021-09-28 03:00:00,365,1
1450,2021-09-28 03:00:00,Neural Network,3,1.7334918876591134,1.7302076122564818,2020-09-28 03:00:00,2021-09-28 03:00:00,2021-09-28 03:00:00,365,1
1451,2021-09-28 03:00:00,Naive,3,1.7334918876591134,1.7659232169271353,2020-09-28 03:00:00,2021-09-28 03:00:00,2021-09-28 03:00:00,365,1
1452,2021-09-29 03:00:00,Decision Tree,3,1.5645705566382055,1.6308906220361137,2020-09-29 03:00:00,2021-09-29 03:00:00,2021-09-29 03:00:00,365,1
1453,2021-09-29 03:00:00,Random Forest,3,1.5645705566382055,1.6798049917978732,2020-09-29 03:00:00,2021-09-29 03:00:00,2021-09-29 03:00:00,365,1
1454,2021-09-29 03:00:00,Neural Network,3,1.5645705566382055,1.5904873276430387,2020-09-29 03:00:00,2021-09-29 03:00:00,2021-09-29 03:00:00,365,1
1455,2021-09-29 03:00:00,Naive,3,1.5645705566382055,1.7334918876591134,2020-09-29 03:00:00,2021-09-29 03:00:00,2021-09-29 03:00:00,365,1
1456,2021-09-30 03:00:00,Decision Tree,3,0.8047388468541077,1.0051876534729636,2020-09-30 03:00:00,2021-09-30 03:00:00,2021-09-30 03:00:00,365,1
1457,2021-09-30 03:00:00,Random Forest,3,0.8047388468541077,0.9993179065588219,2020-09-30 03:00:00,2021-09-30 03:00:00,2021-09-30 03:00:00,365,1
1458,2021-09-30 03:00:00,Neural Network,3,0.8047388468541077,0.9261053967278825,2020-09-30 03:00:00,2021-09-30 03:00:00,2021-09-30 03:00:00,365,1
1459,2021-09-30 03:00:00,Naive,3,0.8047388468541077,1.5645705566382055,2020-09-30 03:00:00,2021-09-30 03:00:00,2021-09-30 03:00:00,365,1
