,timestamp,model,hour,y_true,y_pred,train_start,train_end,test_day,train_rows,test_rows
0,2020-10-01 08:00:00,Decision Tree,8,1.0903970812001111,1.0815427445698964,2019-10-01 08:00:00,2020-10-01 08:00:00,2020-10-01 08:00:00,366,1
1,2020-10-01 08:00:00,Random Forest,8,1.0903970812001111,1.086226429004059,2019-10-01 08:00:00,2020-10-01 08:00:00,2020-10-01 08:00:00,366,1
2,2020-10-01 08:00:00,Neural Network,8,1.0903970812001111,1.0319686592127117,2019-10-01 08:00:00,2020-10-01 08:00:00,2020-10-01 08:00:00,366,1
3,2020-10-01 08:00:00,Naive,8,1.0903970812001111,1.6660687004911148,2019-10-01 08:00:00,2020-10-01 08:00:00,2020-10-01 08:00:00,366,1
4,2020-10-02 08:00:00,Decision Tree,8,1.0575356309190416,1.0531592632571267,2019-10-02 08:00:00,2020-10-02 08:00:00,2020-10-02 08:00:00,366,1
5,2020-10-02 08:00:00,Random Forest,8,1.0575356309190416,1.058914567355111,2019-10-02 08:00:00,2020-10-02 08:00:00,2020-10-02 08:00:00,366,1
6,2020-10-02 08:00:00,Neural Network,8,1.0575356309190416,1.0766279366157363,2019-10-02 08:00:00,2020-10-02 08:00:00,2020-10-02 08:00:00,366,1
7,2020-10-02 08:00:00,Naive,8,1.0575356309190416,1.0903970812001111,2019-10-02 08:00:00,2020-10-02 08:00:00,2020-10-02 08:00:00,366,1
8,2020-10-03 08:00:00,Decision Tree,8,-1.3093182928463825,-1.3556913471680219,2019-10-03 08:00:00,2020-10-03 08:00:00,2020-10-03 08:00:00,366,1
9,2020-10-03 08:00:00,Random Forest,8,-1.3093182928463825,-1.3384776793141482,2019-10-03 08:00:00,2020-10-03 08:00:00,2020-10-03 08:00:00,366,1
10,2020-10-03 08:00:00,Neural Network,8,-1.3093182928463825,-0.7459499241787729,2019-10-03 08:00:00,2020-10-03 08:00:00,2020-10-03 08:00:00,366,1
11,2020-10-03 08:00:00,Naive,8,-1.3093182928463825,1.0575356309190416,2019-10-03 08:00:00,2020-10-03 08:00:00,2020-10-03 08:00:00,366,1
12,2020-10-04 08:00:00,Decision Tree,8,-1.5886198034426477,-1.5685552093801842,2019-10-04 08:00:00,2020-10-04 08:00:00,2020-10-04 08:00:00,366,1
13,2020-10-04 08:00:00,Random Forest,8,-1.5886198034426477,-1.671370840482239,2019-10-04 08:00:00,2020-10-04 08:00:00,2020-10-04 08:00:00,366,1
14,2020-10-04 08:00:00,Neural Network,8,-1.5886198034426477,-1.4627557295078877,2019-10-04 08:00:00,2020-10-04 08:00:00,2020-10-04 08:00:00,366,1
15,2020-10-04 08:00:00,Naive,8,-1.5886198034426477,-1.3093182928463825,2019-10-04 08:00:00,2020-10-04 08:00:00,2020-10-04 08:00:00,366,1
16,2020-10-05 08:00:00,Decision Tree,8,0.706887202635411,0.713225801268538,2019-10-05 08:00:00,2020-10-05 08:00:00,2020-10-05 08:00:00,366,1
17,2020-10-05 08:00:00,Random Forest,8,0.706887202635411,0.7052740180746756,2019-10-05 08:00:00,2020-10-05 08:00:00,2020-10-05 08:00:00,366,1
18,2020-10-05 08:00:00,Neural Network,8,0.706887202635411,0.6829232829553354,2019-10-05 08:00:00,2020-10-05 08:00:00,2020-10-05 08:00:00,366,1
19,2020-10-05 08:00:00,Naive,8,0.706887202635411,-1.5886198034426477,2019-10-05 08:00:00,2020-10-05 08:00:00,2020-10-05 08:00:00,366,1
20,2020-10-06 08:00:00,Decision Tree,8,0.6945032182114094,0.7121693681630169,2019-10-06 08:00:00,2020-10-06 08:00:00,2020-10-06 08:00:00,366,1
21,2020-10-06 08:00:00,Random Forest,8,0.6945032182114094,0.7032502342654857,2019-10-06 08:00:00,2020-10-06 08:00:00,2020-10-06 08:00:00,366,1
22,2020-10-06 08:00:00,Neural Network,8,0.6945032182114094,0.5011787004798207,2019-10-06 08:00:00,2020-10-06 08:00:00,2020-10-06 08:00:00,366,1
23,2020-10-06 08:00:00,Naive,8,0.6945032182114094,0.706887202635411,2019-10-06 08:00:00,2020-10-06 08:00:00,2020-10-06 08:00:00,366,1
24,2020-10-07 08:00:00,Decision Tree,8,0.9440383670939221,0.9349221756387838,2019-10-07 08:00:00,2020-10-07 08:00:00,2020-10-07 08:00:00,366,1
25,2020-10-07 08:00:00,Random Forest,8,0.9440383670939221,0.9288201878751632,2019-10-07 08:00:00,2020-10-07 08:00:00,2020-10-07 08:00:00,366,1
26,2020-10-07 08:00:00,Neural Network,8,0.9440383670939221,0.9968636867260139,2019-10-07 08:00:00,2020-10-07 08:00:00,2020-10-07 08:00:00,366,1
27,2020-10-07 08:00:00,Naive,8,0.9440383670939221,0.6945032182114094,2019-10-07 08:00:00,2020-10-07 08:00:00,2020-10-07 08:00:00,366,1
28,2020-10-08 08:00:00,Decision Tree,8,0.9090827567231797,0.909209269513347,2019-10-08 08:00:00,2020-10-08 08:00:00,2020-10-08 08:00:00,366,1
29,2020-10-08 08:00:00,Random Forest,8,0.9090827567231797,0.8933530741972713,2019-10-08 08:00:00,2020-10-08 08:00:00,2020-10-08 08:00:00,366,1
30,2020-10-08 08:00:00,Neural Network,8,0.9090827567231797,0.8504177009286399,2019-10-08 08:00:00,2020-10-08 08:00:00,2020-10-08 08:00:00,366,1
31,2020-10-08 08:00:00,Naive,8,0.9090827567231797,0.9440383670939221,2019-10-08 08:00:00,2020-10-08 08:00:00,2020-10-08 08:00:00,366,1
32,2020-10-09 08:00:00,Decision Tree,8,1.3830389658942115,1.3843908013608204,2019-10-09 08:00:00,2020-10-09 08:00:00,2020-10-09 08:00:00,366,1
33,2020-10-09 08:00:00,Random Forest,8,1.3830389658942115,1.3393066841804626,2019-10-09 08:00:00,2020-10-09 08:00:00,2020-10-09 08:00:00,366,1
34,2020-10-09 08:00:00,Neural Network,8,1.3830389658942115,1.3799130370588633,2019-10-09 08:00:00,2020-10-09 08:00:00,2020-10-09 08:00:00,366,1
35,2020-10-09 08:00:00,Naive,8,1.3830389658942115,0.9090827567231797,2019-10-09 08:00:00,2020-10-09 08:00:00,2020-10-09 08:00:00,366,1
36,2020-10-10 08:00:00,Decision Tree,8,0.026183952438985133,-0.0036196696131289272,2019-10-10 08:00:00,2020-10-10 08:00:00,2020-10-10 08:00:00,366,1
37,2020-10-10 08:00:00,Random Forest,8,0.026183952438985133,0.02795986891583112,2019-10-10 08:00:00,2020-10-10 08:00:00,2020-10-10 08:00:00,366,1
38,2020-10-10 08:00:00,Neural Network,8,0.026183952438985133,-0.06763084677132566,2019-10-10 08:00:00,2020-10-10 08:00:00,2020-10-10 08:00:00,366,1
39,2020-10-10 08:00:00,Naive,8,0.026183952438985133,1.3830389658942115,2019-10-10 08:00:00,2020-10-10 08:00:00,2020-10-10 08:00:00,366,1
40,2020-10-11 08:00:00,Decision Tree,8,-0.4679161265694544,-0.49081884910661217,2019-10-11 08:00:00,2020-10-11 08:00:00,2020-10-11 08:00:00,366,1
41,2020-10-11 08:00:00,Random Forest,8,-0.4679161265694544,-0.4681994319467289,2019-10-11 08:00:00,2020-10-11 08:00:00,2020-10-11 08:00:00,366,1
42,2020-10-11 08:00:00,Neural Network,8,-0.4679161265694544,-0.3769137465808337,2019-10-11 08:00:00,2020-10-11 08:00:00,2020-10-11 08:00:00,366,1
43,2020-10-11 08:00:00,Naive,8,-0.4679161265694544,0.026183952438985133,2019-10-11 08:00:00,2020-10-11 08:00:00,2020-10-11 08:00:00,366,1
44,2020-10-12 08:00:00,Decision Tree,8,1.3601387722198603,1.384165495449719,2019-10-12 08:00:00,2020-10-12 08:00:00,2020-10-12 08:00:00,366,1
45,2020-10-12 08:00:00,Random Forest,8,1.3601387722198603,1.348257542325171,2019-10-12 08:00:00,2020-10-12 08:00:00,2020-10-12 08:00:00,366,1
46,2020-10-12 08:00:00,Neural Network,8,1.3601387722198603,1.2951370007872,2019-10-12 08:00:00,2020-10-12 08:00:00,2020-10-12 08:00:00,366,1
47,2020-10-12 08:00:00,Naive,8,1.3601387722198603,-0.4679161265694544,2019-10-12 08:00:00,2020-10-12 08:00:00,2020-10-12 08:00:00,366,1
48,2020-10-13 08:00:00,Decision Tree,8,1.629969654550829,1.5227456755491513,2019-10-13 08:00:00,2020-10-13 08:00:00,2020-10-13 08:00:00,366,1
49,2020-10-13 08:00:00,Random Forest,8,1.629969654550829,1.613467060081383,2019-10-13 08:00:00,2020-10-13 08:00:00,2020-10-13 08:00:00,366,1
50,2020-10-13 08:00:00,Neural Network,8,1.629969654550829,1.6603812601429644,2019-10-13 08:00:00,2020-10-13 08:00:00,2020-10-13 08:00:00,366,1
51,2020-10-13 08:00:00,Naive,8,1.629969654550829,1.3601387722198603,2019-10-13 08:00:00,2020-10-13 08:00:00,2020-10-13 08:00:00,366,1
52,2020-10-14 08:00:00,Decision Tree,8,0.8327986507645398,0.8163345110620472,2019-10-14 08:00:00,2020-10-14 08:00:00,2020-10-14 08:00:00,366,1
53,2020-10-14 08:00:00,Random Forest,8,0.8327986507645398,0.8249159220682406,2019-10-14 08:00:00,2020-10-14 08:00:00,2020-10-14 08:00:00,366,1
54,2020-10-14 08:00:00,Neural Network,8,0.8327986507645398,0.6353960378076038,2019-10-14 08:00:00,2020-10-14 08:00:00,2020-10-14 08:00:00,366,1
55,2020-10-14 08:00:00,Naive,8,0.8327986507645398,1.629969654550829,2019-10-14 08:00:00,2020-10-14 08:00:00,2020-10-14 08:00:00,366,1
56,2020-10-15 08:00:00,Decision Tree,8,0.6691519001829075,0.6266261301899849,2019-10-15 08:00:00,2020-10-15 08:00:00,2020-10-15 08:00:00,366,1
57,2020-10-15 08:00:00,Random Forest,8,0.6691519001829075,0.6369304474912978,2019-10-15 08:00:00,2020-10-15 08:00:00,2020-10-15 08:00:00,366,1
58,2020-10-15 08:00:00,Neural Network,8,0.6691519001829075,0.6414952803579763,2019-10-15 08:00:00,2020-10-15 08:00:00,2020-10-15 08:00:00,366,1
59,2020-10-15 08:00:00,Naive,8,0.6691519001829075,0.8327986507645398,2019-10-15 08:00:00,2020-10-15 08:00:00,2020-10-15 08:00:00,366,1
60,2020-10-16 08:00:00,Decision Tree,8,1.5644958956431714,1.5829456187600317,2019-10-16 08:00:00,2020-10-16 08:00:00,2020-10-16 08:00:00,366,1
61,2020-10-16 08:00:00,Random Forest,8,1.5644958956431714,1.512360686444844,2019-10-16 08:00:00,2020-10-16 08:00:00,2020-10-16 08:00:00,366,1
62,2020-10-16 08:00:00,Neural Network,8,1.5644958956431714,1.5689792522026569,2019-10-16 08:00:00,2020-10-16 08:00:00,2020-10-16 08:00:00,366,1
63,2020-10-16 08:00:00,Naive,8,1.5644958956431714,0.6691519001829075,2019-10-16 08:00:00,2020-10-16 08:00:00,2020-10-16 08:00:00,366,1
64,2020-10-17 08:00:00,Decision Tree,8,0.6838028161078573,0.6337137585221387,2019-10-17 08:00:00,2020-10-17 08:00:00,2020-10-17 08:00:00,366,1
65,2020-10-17 08:00:00,Random Forest,8,0.6838028161078573,0.6598357813659649,2019-10-17 08:00:00,2020-10-17 08:00:00,2020-10-17 08:00:00,366,1
66,2020-10-17 08:00:00,Neural Network,8,0.6838028161078573,0.7897269686507526,2019-10-17 08:00:00,2020-10-17 08:00:00,2020-10-17 08:00:00,366,1
67,2020-10-17 08:00:00,Naive,8,0.6838028161078573,1.5644958956431714,2019-10-17 08:00:00,2020-10-17 08:00:00,2020-10-17 08:00:00,366,1
68,2020-10-18 08:00:00,Decision Tree,8,-0.6358137551037749,-0.6123814908627941,2019-10-18 08:00:00,2020-10-18 08:00:00,2020-10-18 08:00:00,366,1
69,2020-10-18 08:00:00,Random Forest,8,-0.6358137551037749,-0.6308911461117137,2019-10-18 08:00:00,2020-10-18 08:00:00,2020-10-18 08:00:00,366,1
70,2020-10-18 08:00:00,Neural Network,8,-0.6358137551037749,-0.6103111026560438,2019-10-18 08:00:00,2020-10-18 08:00:00,2020-10-18 08:00:00,366,1
71,2020-10-18 08:00:00,Naive,8,-0.6358137551037749,0.6838028161078573,2019-10-18 08:00:00,2020-10-18 08:00:00,2020-10-18 08:00:00,366,1
72,2020-10-19 08:00:00,Decision Tree,8,1.6393652929443974,1.6341264536534428,2019-10-19 08:00:00,2020-10-19 08:00:00,2020-10-19 08:00:00,366,1
73,2020-10-19 08:00:00,Random Forest,8,1.6393652929443974,1.616812130162859,2019-10-19 08:00:00,2020-10-19 08:00:00,2020-10-19 08:00:00,366,1
74,2020-10-19 08:00:00,Neural Network,8,1.6393652929443974,1.6949266646079844,2019-10-19 08:00:00,2020-10-19 08:00:00,2020-10-19 08:00:00,366,1
75,2020-10-19 08:00:00,Naive,8,1.6393652929443974,-0.6358137551037749,2019-10-19 08:00:00,2020-10-19 08:00:00,2020-10-19 08:00:00,366,1
76,2020-10-20 08:00:00,Decision Tree,8,0.8441016647234617,0.8443720626016272,2019-10-20 08:00:00,2020-10-20 08:00:00,2020-10-20 08:00:00,366,1
77,2020-10-20 08:00:00,Random Forest,8,0.8441016647234617,0.8286430582679636,2019-10-20 08:00:00,2020-10-20 08:00:00,2020-10-20 08:00:00,366,1
78,2020-10-20 08:00:00,Neural Network,8,0.8441016647234617,0.8275079507393235,2019-10-20 08:00:00,2020-10-20 08:00:00,2020-10-20 08:00:00,366,1
79,2020-10-20 08:00:00,Naive,8,0.8441016647234617,1.6393652929443974,2019-10-20 08:00:00,2020-10-20 08:00:00,2020-10-20 08:00:00,366,1
80,2020-10-21 08:00:00,Decision Tree,8,1.0389081847523638,1.0082183476448363,2019-10-21 08:00:00,2020-10-21 08:00:00,2020-10-21 08:00:00,366,1
81,2020-10-21 08:00:00,Random Forest,8,1.0389081847523638,0.9981388002580605,2019-10-21 08:00:00,2020-10-21 08:00:00,2020-10-21 08:00:00,366,1
82,2020-10-21 08:00:00,Neural Network,8,1.0389081847523638,1.0575984643167406,2019-10-21 08:00:00,2020-10-21 08:00:00,2020-10-21 08:00:00,366,1
83,2020-10-21 08:00:00,Naive,8,1.0389081847523638,0.8441016647234617,2019-10-21 08:00:00,2020-10-21 08:00:00,2020-10-21 08:00:00,366,1
84,2020-10-22 08:00:00,Decision Tree,8,0.7872622381929133,0.7542819122673465,2019-10-22 08:00:00,2020-10-22 08:00:00,2020-10-22 08:00:00,366,1
85,2020-10-22 08:00:00,Random Forest,8,0.7872622381929133,0.744996719060702,2019-10-22 08:00:00,2020-10-22 08:00:00,2020-10-22 08:00:00,366,1
86,2020-10-22 08:00:00,Neural Network,8,0.7872622381929133,0.6343178634558195,2019-10-22 08:00:00,2020-10-22 08:00:00,2020-10-22 08:00:00,366,1
87,2020-10-22 08:00:00,Naive,8,0.7872622381929133,1.0389081847523638,2019-10-22 08:00:00,2020-10-22 08:00:00,2020-10-22 08:00:00,366,1
88,2020-10-23 08:00:00,Decision Tree,8,1.0907974515411363,1.0607819365160287,2019-10-23 08:00:00,2020-10-23 08:00:00,2020-10-23 08:00:00,366,1
89,2020-10-23 08:00:00,Random Forest,8,1.0907974515411363,1.05225947142671,2019-10-23 08:00:00,2020-10-23 08:00:00,2020-10-23 08:00:00,366,1
90,2020-10-23 08:00:00,Neural Network,8,1.0907974515411363,1.1373954964657293,2019-10-23 08:00:00,2020-10-23 08:00:00,2020-10-23 08:00:00,366,1
91,2020-10-23 08:00:00,Naive,8,1.0907974515411363,0.7872622381929133,2019-10-23 08:00:00,2020-10-23 08:00:00,2020-10-23 08:00:00,366,1
92,2020-10-24 08:00:00,Decision Tree,8,0.0537011137428094,0.011105810611610383,2019-10-24 08:00:00,2020-10-24 08:00:00,2020-10-24 08:00:00,366,1
93,2020-10-24 08:00:00,Random Forest,8,0.0537011137428094,0.029876557380857493,2019-10-24 08:00:00,2020-10-24 08:00:00,2020-10-24 08:00:00,366,1
94,2020-10-24 08:00:00,Neural Network,8,0.0537011137428094,-0.04118573702002435,2019-10-24 08:00:00,2020-10-24 08:00:00,2020-10-24 08:00:00,366,1
95,2020-10-24 08:00:00,Naive,8,0.0537011137428094,1.0907974515411363,2019-10-24 08:00:00,2020-10-24 08:00:00,2020-10-24 08:00:00,366,1
96,2020-10-25 08:00:00,Decision Tree,8,-1.6832029658179857,-1.564763208489766,2019-10-25 08:00:00,2020-10-25 08:00:00,2020-10-25 08:00:00,366,1
97,2020-10-25 08:00:00,Random Forest,8,-1.6832029658179857,-1.6577289026100526,2019-10-25 08:00:00,2020-10-25 08:00:00,2020-10-25 08:00:00,366,1
98,2020-10-25 08:00:00,Neural Network,8,-1.6832029658179857,-1.5071592502760682,2019-10-25 08:00:00,2020-10-25 08:00:00,2020-10-25 08:00:00,366,1
99,2020-10-25 08:00:00,Naive,8,-1.6832029658179857,0.0537011137428094,2019-10-25 08:00:00,2020-10-25 08:00:00,2020-10-25 08:00:00,366,1
100,2020-10-26 08:00:00,Decision Tree,8,0.8004234751428843,0.7597786332549411,2019-10-26 08:00:00,2020-10-26 08:00:00,2020-10-26 08:00:00,366,1
101,2020-10-26 08:00:00,Random Forest,8,0.8004234751428843,0.7642395531323513,2019-10-26 08:00:00,2020-10-26 08:00:00,2020-10-26 08:00:00,366,1
102,2020-10-26 08:00:00,Neural Network,8,0.8004234751428843,1.0798863766723583,2019-10-26 08:00:00,2020-10-26 08:00:00,2020-10-26 08:00:00,366,1
103,2020-10-26 08:00:00,Naive,8,0.8004234751428843,-1.6832029658179857,2019-10-26 08:00:00,2020-10-26 08:00:00,2020-10-26 08:00:00,366,1
104,2020-10-27 08:00:00,Decision Tree,8,0.7753991805610938,0.7097610163586475,2019-10-27 08:00:00,2020-10-27 08:00:00,2020-10-27 08:00:00,366,1
105,2020-10-27 08:00:00,Random Forest,8,0.7753991805610938,0.7209267356139921,2019-10-27 08:00:00,2020-10-27 08:00:00,2020-10-27 08:00:00,366,1
106,2020-10-27 08:00:00,Neural Network,8,0.7753991805610938,0.8718891584508597,2019-10-27 08:00:00,2020-10-27 08:00:00,2020-10-27 08:00:00,366,1
107,2020-10-27 08:00:00,Naive,8,0.7753991805610938,0.8004234751428843,2019-10-27 08:00:00,2020-10-27 08:00:00,2020-10-27 08:00:00,366,1
108,2020-10-28 08:00:00,Decision Tree,8,0.6585532199297989,0.5935576504140274,2019-10-28 08:00:00,2020-10-28 08:00:00,2020-10-28 08:00:00,366,1
109,2020-10-28 08:00:00,Random Forest,8,0.6585532199297989,0.6138154689107473,2019-10-28 08:00:00,2020-10-28 08:00:00,2020-10-28 08:00:00,366,1
110,2020-10-28 08:00:00,Neural Network,8,0.6585532199297989,0.6755896669382511,2019-10-28 08:00:00,2020-10-28 08:00:00,2020-10-28 08:00:00,366,1
111,2020-10-28 08:00:00,Naive,8,0.6585532199297989,0.7753991805610938,2019-10-28 08:00:00,2020-10-28 08:00:00,2020-10-28 08:00:00,366,1
112,2020-10-29 08:00:00,Decision Tree,8,0.5858811811465702,0.5212060023646721,2019-10-29 08:00:00,2020-10-29 08:00:00,2020-10-29 08:00:00,366,1
113,2020-10-29 08:00:00,Random Forest,8,0.5858811811465702,0.532213085901037,2019-10-29 08:00:00,2020-10-29 08:00:00,2020-10-29 08:00:00,366,1
114,2020-10-29 08:00:00,Neural Network,8,0.5858811811465702,0.5560253877907478,2019-10-29 08:00:00,2020-10-29 08:00:00,2020-10-29 08:00:00,366,1
115,2020-10-29 08:00:00,Naive,8,0.5858811811465702,0.6585532199297989,2019-10-29 08:00:00,2020-10-29 08:00:00,2020-10-29 08:00:00,366,1
116,2020-10-30 08:00:00,Decision Tree,8,0.11458694406749728,0.06774364693128998,2019-10-30 08:00:00,2020-10-30 08:00:00,2020-10-30 08:00:00,366,1
117,2020-10-30 08:00:00,Random Forest,8,0.11458694406749728,0.07112905022450625,2019-10-30 08:00:00,2020-10-30 08:00:00,2020-10-30 08:00:00,366,1
118,2020-10-30 08:00:00,Neural Network,8,0.11458694406749728,0.20189457762539767,2019-10-30 08:00:00,2020-10-30 08:00:00,2020-10-30 08:00:00,366,1
119,2020-10-30 08:00:00,Naive,8,0.11458694406749728,0.5858811811465702,2019-10-30 08:00:00,2020-10-30 08:00:00,2020-10-30 08:00:00,366,1
120,2020-10-31 08:00:00,Decision Tree,8,0.0900043535855319,0.06774364693128998,2019-10-31 08:00:00,2020-10-31 08:00:00,2020-10-31 08:00:00,366,1
121,2020-10-31 08:00:00,Random Forest,8,0.0900043535855319,0.05330351786948419,2019-10-31 08:00:00,2020-10-31 08:00:00,2020-10-31 08:00:00,366,1
122,2020-10-31 08:00:00,Neural Network,8,0.0900043535855319,0.29102331904900247,2019-10-31 08:00:00,2020-10-31 08:00:00,2020-10-31 08:00:00,366,1
123,2020-10-31 08:00:00,Naive,8,0.0900043535855319,0.11458694406749728,2019-10-31 08:00:00,2020-10-31 08:00:00,2020-10-31 08:00:00,366,1
124,2020-11-01 08:00:00,Decision Tree,8,-1.3788395687074047,-1.3490666251220735,2019-11-01 08:00:00,2020-11-01 08:00:00,2020-11-01 08:00:00,366,1
125,2020-11-01 08:00:00,Random Forest,8,-1.3788395687074047,-1.351185935400858,2019-11-01 08:00:00,2020-11-01 08:00:00,2020-11-01 08:00:00,366,1
126,2020-11-01 08:00:00,Neural Network,8,-1.3788395687074047,-1.1373111178628181,2019-11-01 08:00:00,2020-11-01 08:00:00,2020-11-01 08:00:00,366,1
127,2020-11-01 08:00:00,Naive,8,-1.3788395687074047,0.0900043535855319,2019-11-01 08:00:00,2020-11-01 08:00:00,2020-11-01 08:00:00,366,1
128,2020-11-02 08:00:00,Decision Tree,8,-0.15100457420170338,-0.20237056900573094,2019-11-02 08:00:00,2020-11-02 08:00:00,2020-11-02 08:00:00,366,1
129,2020-11-02 08:00:00,Random Forest,8,-0.15100457420170338,-0.18341320713495862,2019-11-02 08:00:00,2020-11-02 08:00:00,2020-11-02 08:00:00,366,1
130,2020-11-02 08:00:00,Neural Network,8,-0.15100457420170338,0.13183521568397177,2019-11-02 08:00:00,2020-11-02 08:00:00,2020-11-02 08:00:00,366,1
131,2020-11-02 08:00:00,Naive,8,-0.15100457420170338,-1.3788395687074047,2019-11-02 08:00:00,2020-11-02 08:00:00,2020-11-02 08:00:00,366,1
132,2020-11-03 08:00:00,Decision Tree,8,0.48159516872758407,0.447330139263005,2019-11-03 08:00:00,2020-11-03 08:00:00,2020-11-03 08:00:00,366,1
133,2020-11-03 08:00:00,Random Forest,8,0.48159516872758407,0.428764119780383,2019-11-03 08:00:00,2020-11-03 08:00:00,2020-11-03 08:00:00,366,1
134,2020-11-03 08:00:00,Neural Network,8,0.48159516872758407,0.7351564500820331,2019-11-03 08:00:00,2020-11-03 08:00:00,2020-11-03 08:00:00,366,1
135,2020-11-03 08:00:00,Naive,8,0.48159516872758407,-0.15100457420170338,2019-11-03 08:00:00,2020-11-03 08:00:00,2020-11-03 08:00:00,366,1
136,2020-11-04 08:00:00,Decision Tree,8,0.9191593235469356,0.8399924448053403,2019-11-04 08:00:00,2020-11-04 08:00:00,2020-11-04 08:00:00,366,1
137,2020-11-04 08:00:00,Random Forest,8,0.9191593235469356,0.8477802815180439,2019-11-04 08:00:00,2020-11-04 08:00:00,2020-11-04 08:00:00,366,1
138,2020-11-04 08:00:00,Neural Network,8,0.9191593235469356,0.9885789462040041,2019-11-04 08:00:00,2020-11-04 08:00:00,2020-11-04 08:00:00,366,1
139,2020-11-04 08:00:00,Naive,8,0.9191593235469356,0.48159516872758407,2019-11-04 08:00:00,2020-11-04 08:00:00,2020-11-04 08:00:00,366,1
140,2020-11-05 08:00:00,Decision Tree,8,0.7474149337045766,0.706052702037106,2019-11-05 08:00:00,2020-11-05 08:00:00,2020-11-05 08:00:00,366,1
141,2020-11-05 08:00:00,Random Forest,8,0.7474149337045766,0.6939319535701822,2019-11-05 08:00:00,2020-11-05 08:00:00,2020-11-05 08:00:00,366,1
142,2020-11-05 08:00:00,Neural Network,8,0.7474149337045766,0.8335769201410141,2019-11-05 08:00:00,2020-11-05 08:00:00,2020-11-05 08:00:00,366,1
143,2020-11-05 08:00:00,Naive,8,0.7474149337045766,0.9191593235469356,2019-11-05 08:00:00,2020-11-05 08:00:00,2020-11-05 08:00:00,366,1
144,2020-11-06 08:00:00,Decision Tree,8,0.9379547879386431,0.9183013993360756,2019-11-06 08:00:00,2020-11-06 08:00:00,2020-11-06 08:00:00,366,1
145,2020-11-06 08:00:00,Random Forest,8,0.9379547879386431,0.8963027213586569,2019-11-06 08:00:00,2020-11-06 08:00:00,2020-11-06 08:00:00,366,1
146,2020-11-06 08:00:00,Neural Network,8,0.9379547879386431,1.032359701891949,2019-11-06 08:00:00,2020-11-06 08:00:00,2020-11-06 08:00:00,366,1
147,2020-11-06 08:00:00,Naive,8,0.9379547879386431,0.7474149337045766,2019-11-06 08:00:00,2020-11-06 08:00:00,2020-11-06 08:00:00,366,1
148,2020-11-07 08:00:00,Decision Tree,8,-0.06419311873521871,-0.10587780398463001,2019-11-07 08:00:00,2020-11-07 08:00:00,2020-11-07 08:00:00,366,1
149,2020-11-07 08:00:00,Random Forest,8,-0.06419311873521871,-0.10715070811936867,2019-11-07 08:00:00,2020-11-07 08:00:00,2020-11-07 08:00:00,366,1
150,2020-11-07 08:00:00,Neural Network,8,-0.06419311873521871,0.26484915583663565,2019-11-07 08:00:00,2020-11-07 08:00:00,2020-11-07 08:00:00,366,1
151,2020-11-07 08:00:00,Naive,8,-0.06419311873521871,0.9379547879386431,2019-11-07 08:00:00,2020-11-07 08:00:00,2020-11-07 08:00:00,366,1
152,2020-11-08 08:00:00,Decision Tree,8,-0.2502675573487236,-0.282094710133658,2019-11-08 08:00:00,2020-11-08 08:00:00,2020-11-08 08:00:00,366,1
153,2020-11-08 08:00:00,Random Forest,8,-0.2502675573487236,-0.2831944344387881,2019-11-08 08:00:00,2020-11-08 08:00:00,2020-11-08 08:00:00,366,1
154,2020-11-08 08:00:00,Neural Network,8,-0.2502675573487236,0.04368757098050994,2019-11-08 08:00:00,2020-11-08 08:00:00,2020-11-08 08:00:00,366,1
155,2020-11-08 08:00:00,Naive,8,-0.2502675573487236,-0.06419311873521871,2019-11-08 08:00:00,2020-11-08 08:00:00,2020-11-08 08:00:00,366,1
156,2020-11-09 08:00:00,Decision Tree,8,0.9273543622496451,0.8322409895271152,2019-11-09 08:00:00,2020-11-09 08:00:00,2020-11-09 08:00:00,366,1
157,2020-11-09 08:00:00,Random Forest,8,0.9273543622496451,0.8499602914326155,2019-11-09 08:00:00,2020-11-09 08:00:00,2020-11-09 08:00:00,366,1
158,2020-11-09 08:00:00,Neural Network,8,0.9273543622496451,1.0244687429905035,2019-11-09 08:00:00,2020-11-09 08:00:00,2020-11-09 08:00:00,366,1
159,2020-11-09 08:00:00,Naive,8,0.9273543622496451,-0.2502675573487236,2019-11-09 08:00:00,2020-11-09 08:00:00,2020-11-09 08:00:00,366,1
160,2020-11-10 08:00:00,Decision Tree,8,1.1240334200347841,1.040369493214907,2019-11-10 08:00:00,2020-11-10 08:00:00,2020-11-10 08:00:00,366,1
161,2020-11-10 08:00:00,Random Forest,8,1.1240334200347841,1.0718598943083302,2019-11-10 08:00:00,2020-11-10 08:00:00,2020-11-10 08:00:00,366,1
162,2020-11-10 08:00:00,Neural Network,8,1.1240334200347841,1.296242370883147,2019-11-10 08:00:00,2020-11-10 08:00:00,2020-11-10 08:00:00,366,1
163,2020-11-10 08:00:00,Naive,8,1.1240334200347841,0.9273543622496451,2019-11-10 08:00:00,2020-11-10 08:00:00,2020-11-10 08:00:00,366,1
164,2020-11-11 08:00:00,Decision Tree,8,1.0125270051328599,0.9513686481847634,2019-11-11 08:00:00,2020-11-11 08:00:00,2020-11-11 08:00:00,366,1
165,2020-11-11 08:00:00,Random Forest,8,1.0125270051328599,0.9422401458361745,2019-11-11 08:00:00,2020-11-11 08:00:00,2020-11-11 08:00:00,366,1
166,2020-11-11 08:00:00,Neural Network,8,1.0125270051328599,1.2285834453538707,2019-11-11 08:00:00,2020-11-11 08:00:00,2020-11-11 08:00:00,366,1
167,2020-11-11 08:00:00,Naive,8,1.0125270051328599,1.1240334200347841,2019-11-11 08:00:00,2020-11-11 08:00:00,2020-11-11 08:00:00,366,1
168,2020-11-12 08:00:00,Decision Tree,8,0.7810863554163135,0.7112229809955398,2019-11-12 08:00:00,2020-11-12 08:00:00,2020-11-12 08:00:00,366,1
169,2020-11-12 08:00:00,Random Forest,8,0.7810863554163135,0.7261302561558287,2019-11-12 08:00:00,2020-11-12 08:00:00,2020-11-12 08:00:00,366,1
170,2020-11-12 08:00:00,Neural Network,8,0.7810863554163135,0.8033035452280217,2019-11-12 08:00:00,2020-11-12 08:00:00,2020-11-12 08:00:00,366,1
171,2020-11-12 08:00:00,Naive,8,0.7810863554163135,1.0125270051328599,2019-11-12 08:00:00,2020-11-12 08:00:00,2020-11-12 08:00:00,366,1
172,2020-11-13 08:00:00,Decision Tree,8,0.8296850969990597,0.8294932328736706,2019-11-13 08:00:00,2020-11-13 08:00:00,2020-11-13 08:00:00,366,1
173,2020-11-13 08:00:00,Random Forest,8,0.8296850969990597,0.7809486956744511,2019-11-13 08:00:00,2020-11-13 08:00:00,2020-11-13 08:00:00,366,1
174,2020-11-13 08:00:00,Neural Network,8,0.8296850969990597,0.8536907140414561,2019-11-13 08:00:00,2020-11-13 08:00:00,2020-11-13 08:00:00,366,1
175,2020-11-13 08:00:00,Naive,8,0.8296850969990597,0.7810863554163135,2019-11-13 08:00:00,2020-11-13 08:00:00,2020-11-13 08:00:00,366,1
176,2020-11-14 08:00:00,Decision Tree,8,0.4679283166995608,0.41392183394715243,2019-11-14 08:00:00,2020-11-14 08:00:00,2020-11-14 08:00:00,366,1
177,2020-11-14 08:00:00,Random Forest,8,0.4679283166995608,0.4156865202554386,2019-11-14 08:00:00,2020-11-14 08:00:00,2020-11-14 08:00:00,366,1
178,2020-11-14 08:00:00,Neural Network,8,0.4679283166995608,0.5324318114022357,2019-11-14 08:00:00,2020-11-14 08:00:00,2020-11-14 08:00:00,366,1
179,2020-11-14 08:00:00,Naive,8,0.4679283166995608,0.8296850969990597,2019-11-14 08:00:00,2020-11-14 08:00:00,2020-11-14 08:00:00,366,1
180,2020-11-15 08:00:00,Decision Tree,8,-1.3565666360236752,-1.3527882430702398,2019-11-15 08:00:00,2020-11-15 08:00:00,2020-11-15 08:00:00,366,1
181,2020-11-15 08:00:00,Random Forest,8,-1.3565666360236752,-1.3533668014134286,2019-11-15 08:00:00,2020-11-15 08:00:00,2020-11-15 08:00:00,366,1
182,2020-11-15 08:00:00,Neural Network,8,-1.3565666360236752,-1.0978428661598796,2019-11-15 08:00:00,2020-11-15 08:00:00,2020-11-15 08:00:00,366,1
183,2020-11-15 08:00:00,Naive,8,-1.3565666360236752,0.4679283166995608,2019-11-15 08:00:00,2020-11-15 08:00:00,2020-11-15 08:00:00,366,1
184,2020-11-16 08:00:00,Decision Tree,8,0.5266953872755237,0.45866437589310793,2019-11-16 08:00:00,2020-11-16 08:00:00,2020-11-16 08:00:00,366,1
185,2020-11-16 08:00:00,Random Forest,8,0.5266953872755237,0.4673675620678323,2019-11-16 08:00:00,2020-11-16 08:00:00,2020-11-16 08:00:00,366,1
186,2020-11-16 08:00:00,Neural Network,8,0.5266953872755237,0.5777612922255938,2019-11-16 08:00:00,2020-11-16 08:00:00,2020-11-16 08:00:00,366,1
187,2020-11-16 08:00:00,Naive,8,0.5266953872755237,-1.3565666360236752,2019-11-16 08:00:00,2020-11-16 08:00:00,2020-11-16 08:00:00,366,1
188,2020-11-17 08:00:00,Decision Tree,8,0.6897376061794009,0.6503905107042445,2019-11-17 08:00:00,2020-11-17 08:00:00,2020-11-17 08:00:00,366,1
189,2020-11-17 08:00:00,Random Forest,8,0.6897376061794009,0.6487986434258356,2019-11-17 08:00:00,2020-11-17 08:00:00,2020-11-17 08:00:00,366,1
190,2020-11-17 08:00:00,Neural Network,8,0.6897376061794009,0.7283279727879639,2019-11-17 08:00:00,2020-11-17 08:00:00,2020-11-17 08:00:00,366,1
191,2020-11-17 08:00:00,Naive,8,0.6897376061794009,0.5266953872755237,2019-11-17 08:00:00,2020-11-17 08:00:00,2020-11-17 08:00:00,366,1
192,2020-11-18 08:00:00,Decision Tree,8,0.8588685366036429,0.829514551109825,2019-11-18 08:00:00,2020-11-18 08:00:00,2020-11-18 08:00:00,366,1
193,2020-11-18 08:00:00,Random Forest,8,0.8588685366036429,0.812254211164645,2019-11-18 08:00:00,2020-11-18 08:00:00,2020-11-18 08:00:00,366,1
194,2020-11-18 08:00:00,Neural Network,8,0.8588685366036429,0.7995592311595161,2019-11-18 08:00:00,2020-11-18 08:00:00,2020-11-18 08:00:00,366,1
195,2020-11-18 08:00:00,Naive,8,0.8588685366036429,0.6897376061794009,2019-11-18 08:00:00,2020-11-18 08:00:00,2020-11-18 08:00:00,366,1
196,2020-11-19 08:00:00,Decision Tree,8,-0.09868116401669151,-0.17559702470141317,2019-11-19 08:00:00,2020-11-19 08:00:00,2020-11-19 08:00:00,366,1
197,2020-11-19 08:00:00,Random Forest,8,-0.09868116401669151,-0.15802911698413888,2019-11-19 08:00:00,2020-11-19 08:00:00,2020-11-19 08:00:00,366,1
198,2020-11-19 08:00:00,Neural Network,8,-0.09868116401669151,0.09368413610013984,2019-11-19 08:00:00,2020-11-19 08:00:00,2020-11-19 08:00:00,366,1
199,2020-11-19 08:00:00,Naive,8,-0.09868116401669151,0.8588685366036429,2019-11-19 08:00:00,2020-11-19 08:00:00,2020-11-19 08:00:00,366,1
200,2020-11-20 08:00:00,Decision Tree,8,1.1128173006546866,1.0369362656740804,2019-11-20 08:00:00,2020-11-20 08:00:00,2020-11-20 08:00:00,366,1
201,2020-11-20 08:00:00,Random Forest,8,1.1128173006546866,1.0191646725072891,2019-11-20 08:00:00,2020-11-20 08:00:00,2020-11-20 08:00:00,366,1
202,2020-11-20 08:00:00,Neural Network,8,1.1128173006546866,0.9434549282142786,2019-11-20 08:00:00,2020-11-20 08:00:00,2020-11-20 08:00:00,366,1
203,2020-11-20 08:00:00,Naive,8,1.1128173006546866,-0.09868116401669151,2019-11-20 08:00:00,2020-11-20 08:00:00,2020-11-20 08:00:00,366,1
204,2020-11-21 08:00:00,Decision Tree,8,-0.182564572835927,-0.25473191674418916,2019-11-21 08:00:00,2020-11-21 08:00:00,2020-11-21 08:00:00,366,1
205,2020-11-21 08:00:00,Random Forest,8,-0.182564572835927,-0.24124757834863148,2019-11-21 08:00:00,2020-11-21 08:00:00,2020-11-21 08:00:00,366,1
206,2020-11-21 08:00:00,Neural Network,8,-0.182564572835927,-0.3213783248474054,2019-11-21 08:00:00,2020-11-21 08:00:00,2020-11-21 08:00:00,366,1
207,2020-11-21 08:00:00,Naive,8,-0.182564572835927,1.1128173006546866,2019-11-21 08:00:00,2020-11-21 08:00:00,2020-11-21 08:00:00,366,1
208,2020-11-22 08:00:00,Decision Tree,8,-0.6744182617142283,-0.7028929546223683,2019-11-22 08:00:00,2020-11-22 08:00:00,2020-11-22 08:00:00,366,1
209,2020-11-22 08:00:00,Random Forest,8,-0.6744182617142283,-0.6935424548400372,2019-11-22 08:00:00,2020-11-22 08:00:00,2020-11-22 08:00:00,366,1
210,2020-11-22 08:00:00,Neural Network,8,-0.6744182617142283,-0.6200730111429891,2019-11-22 08:00:00,2020-11-22 08:00:00,2020-11-22 08:00:00,366,1
211,2020-11-22 08:00:00,Naive,8,-0.6744182617142283,-0.182564572835927,2019-11-22 08:00:00,2020-11-22 08:00:00,2020-11-22 08:00:00,366,1
212,2020-11-23 08:00:00,Decision Tree,8,1.1877086535434385,1.073857061674989,2019-11-23 08:00:00,2020-11-23 08:00:00,2020-11-23 08:00:00,366,1
213,2020-11-23 08:00:00,Random Forest,8,1.1877086535434385,1.0849142819588833,2019-11-23 08:00:00,2020-11-23 08:00:00,2020-11-23 08:00:00,366,1
214,2020-11-23 08:00:00,Neural Network,8,1.1877086535434385,1.1633409089695659,2019-11-23 08:00:00,2020-11-23 08:00:00,2020-11-23 08:00:00,366,1
215,2020-11-23 08:00:00,Naive,8,1.1877086535434385,-0.6744182617142283,2019-11-23 08:00:00,2020-11-23 08:00:00,2020-11-23 08:00:00,366,1
216,2020-11-24 08:00:00,Decision Tree,8,1.0661710984328994,0.9688274038706723,2019-11-24 08:00:00,2020-11-24 08:00:00,2020-11-24 08:00:00,366,1
217,2020-11-24 08:00:00,Random Forest,8,1.0661710984328994,0.977286744303985,2019-11-24 08:00:00,2020-11-24 08:00:00,2020-11-24 08:00:00,366,1
218,2020-11-24 08:00:00,Neural Network,8,1.0661710984328994,1.1039015658813256,2019-11-24 08:00:00,2020-11-24 08:00:00,2020-11-24 08:00:00,366,1
219,2020-11-24 08:00:00,Naive,8,1.0661710984328994,1.1877086535434385,2019-11-24 08:00:00,2020-11-24 08:00:00,2020-11-24 08:00:00,366,1
220,2020-11-25 08:00:00,Decision Tree,8,1.1239651934406338,1.0819490381931494,2019-11-25 08:00:00,2020-11-25 08:00:00,2020-11-25 08:00:00,366,1
221,2020-11-25 08:00:00,Random Forest,8,1.1239651934406338,1.0488833853781836,2019-11-25 08:00:00,2020-11-25 08:00:00,2020-11-25 08:00:00,366,1
222,2020-11-25 08:00:00,Neural Network,8,1.1239651934406338,1.0248264614997349,2019-11-25 08:00:00,2020-11-25 08:00:00,2020-11-25 08:00:00,366,1
223,2020-11-25 08:00:00,Naive,8,1.1239651934406338,1.0661710984328994,2019-11-25 08:00:00,2020-11-25 08:00:00,2020-11-25 08:00:00,366,1
224,2020-11-26 08:00:00,Decision Tree,8,1.5692749465139133,1.4279371435308583,2019-11-26 08:00:00,2020-11-26 08:00:00,2020-11-26 08:00:00,366,1
225,2020-11-26 08:00:00,Random Forest,8,1.5692749465139133,1.4627976448374302,2019-11-26 08:00:00,2020-11-26 08:00:00,2020-11-26 08:00:00,366,1
226,2020-11-26 08:00:00,Neural Network,8,1.5692749465139133,1.5803182203442905,2019-11-26 08:00:00,2020-11-26 08:00:00,2020-11-26 08:00:00,366,1
227,2020-11-26 08:00:00,Naive,8,1.5692749465139133,1.1239651934406338,2019-11-26 08:00:00,2020-11-26 08:00:00,2020-11-26 08:00:00,366,1
228,2020-11-27 08:00:00,Decision Tree,8,2.1532069617003837,1.9038395437340216,2019-11-27 08:00:00,2020-11-27 08:00:00,2020-11-27 08:00:00,366,1
229,2020-11-27 08:00:00,Random Forest,8,2.1532069617003837,1.8964484718839345,2019-11-27 08:00:00,2020-11-27 08:00:00,2020-11-27 08:00:00,366,1
230,2020-11-27 08:00:00,Neural Network,8,2.1532069617003837,2.4999855333729277,2019-11-27 08:00:00,2020-11-27 08:00:00,2020-11-27 08:00:00,366,1
231,2020-11-27 08:00:00,Naive,8,2.1532069617003837,1.5692749465139133,2019-11-27 08:00:00,2020-11-27 08:00:00,2020-11-27 08:00:00,366,1
232,2020-11-28 08:00:00,Decision Tree,8,0.7270433710136835,0.6608229860770346,2019-11-28 08:00:00,2020-11-28 08:00:00,2020-11-28 08:00:00,366,1
233,2020-11-28 08:00:00,Random Forest,8,0.7270433710136835,0.6646221864033613,2019-11-28 08:00:00,2020-11-28 08:00:00,2020-11-28 08:00:00,366,1
234,2020-11-28 08:00:00,Neural Network,8,0.7270433710136835,0.7293973220365084,2019-11-28 08:00:00,2020-11-28 08:00:00,2020-11-28 08:00:00,366,1
235,2020-11-28 08:00:00,Naive,8,0.7270433710136835,2.1532069617003837,2019-11-28 08:00:00,2020-11-28 08:00:00,2020-11-28 08:00:00,366,1
236,2020-11-29 08:00:00,Decision Tree,8,0.5609131470056206,0.4783814324966231,2019-11-29 08:00:00,2020-11-29 08:00:00,2020-11-29 08:00:00,366,1
237,2020-11-29 08:00:00,Random Forest,8,0.5609131470056206,0.4687670116343868,2019-11-29 08:00:00,2020-11-29 08:00:00,2020-11-29 08:00:00,366,1
238,2020-11-29 08:00:00,Neural Network,8,0.5609131470056206,0.40884026434646864,2019-11-29 08:00:00,2020-11-29 08:00:00,2020-11-29 08:00:00,366,1
239,2020-11-29 08:00:00,Naive,8,0.5609131470056206,0.7270433710136835,2019-11-29 08:00:00,2020-11-29 08:00:00,2020-11-29 08:00:00,366,1
240,2020-11-30 08:00:00,Decision Tree,8,1.870080674337956,1.9454007800617488,2019-11-30 08:00:00,2020-11-30 08:00:00,2020-11-30 08:00:00,366,1
241,2020-11-30 08:00:00,Random Forest,8,1.870080674337956,1.739809112611742,2019-11-30 08:00:00,2020-11-30 08:00:00,2020-11-30 08:00:00,366,1
242,2020-11-30 08:00:00,Neural Network,8,1.870080674337956,2.0078680424002364,2019-11-30 08:00:00,2020-11-30 08:00:00,2020-11-30 08:00:00,366,1
243,2020-11-30 08:00:00,Naive,8,1.870080674337956,0.5609131470056206,2019-11-30 08:00:00,2020-11-30 08:00:00,2020-11-30 08:00:00,366,1
244,2020-12-01 08:00:00,Decision Tree,8,1.2980416755590027,1.166219054879505,2019-12-01 08:00:00,2020-12-01 08:00:00,2020-12-01 08:00:00,366,1
245,2020-12-01 08:00:00,Random Forest,8,1.2980416755590027,1.1891747832709882,2019-12-01 08:00:00,2020-12-01 08:00:00,2020-12-01 08:00:00,366,1
246,2020-12-01 08:00:00,Neural Network,8,1.2980416755590027,1.3194265298099015,2019-12-01 08:00:00,2020-12-01 08:00:00,2020-12-01 08:00:00,366,1
247,2020-12-01 08:00:00,Naive,8,1.2980416755590027,1.870080674337956,2019-12-01 08:00:00,2020-12-01 08:00:00,2020-12-01 08:00:00,366,1
248,2020-12-02 08:00:00,Decision Tree,8,2.3688388588042124,1.9346407649583497,2019-12-02 08:00:00,2020-12-02 08:00:00,2020-12-02 08:00:00,366,1
249,2020-12-02 08:00:00,Random Forest,8,2.3688388588042124,1.9783280308679787,2019-12-02 08:00:00,2020-12-02 08:00:00,2020-12-02 08:00:00,366,1
250,2020-12-02 08:00:00,Neural Network,8,2.3688388588042124,2.916415906479986,2019-12-02 08:00:00,2020-12-02 08:00:00,2020-12-02 08:00:00,366,1
251,2020-12-02 08:00:00,Naive,8,2.3688388588042124,1.2980416755590027,2019-12-02 08:00:00,2020-12-02 08:00:00,2020-12-02 08:00:00,366,1
252,2020-12-03 08:00:00,Decision Tree,8,1.471312016362599,1.3428003677661107,2019-12-03 08:00:00,2020-12-03 08:00:00,2020-12-03 08:00:00,366,1
253,2020-12-03 08:00:00,Random Forest,8,1.471312016362599,1.3692163631776897,2019-12-03 08:00:00,2020-12-03 08:00:00,2020-12-03 08:00:00,366,1
254,2020-12-03 08:00:00,Neural Network,8,1.471312016362599,1.3201964847765,2019-12-03 08:00:00,2020-12-03 08:00:00,2020-12-03 08:00:00,366,1
255,2020-12-03 08:00:00,Naive,8,1.471312016362599,2.3688388588042124,2019-12-03 08:00:00,2020-12-03 08:00:00,2020-12-03 08:00:00,366,1
256,2020-12-04 08:00:00,Decision Tree,8,0.2695353206536417,0.20232368817888816,2019-12-04 08:00:00,2020-12-04 08:00:00,2020-12-04 08:00:00,366,1
257,2020-12-04 08:00:00,Random Forest,8,0.2695353206536417,0.1968054909094836,2019-12-04 08:00:00,2020-12-04 08:00:00,2020-12-04 08:00:00,366,1
258,2020-12-04 08:00:00,Neural Network,8,0.2695353206536417,0.46268969731477777,2019-12-04 08:00:00,2020-12-04 08:00:00,2020-12-04 08:00:00,366,1
259,2020-12-04 08:00:00,Naive,8,0.2695353206536417,1.471312016362599,2019-12-04 08:00:00,2020-12-04 08:00:00,2020-12-04 08:00:00,366,1
260,2020-12-05 08:00:00,Decision Tree,8,0.04756651532474726,-0.020297329772814034,2019-12-05 08:00:00,2020-12-05 08:00:00,2020-12-05 08:00:00,366,1
261,2020-12-05 08:00:00,Random Forest,8,0.04756651532474726,-0.015918684615323517,2019-12-05 08:00:00,2020-12-05 08:00:00,2020-12-05 08:00:00,366,1
262,2020-12-05 08:00:00,Neural Network,8,0.04756651532474726,0.5710299027631406,2019-12-05 08:00:00,2020-12-05 08:00:00,2020-12-05 08:00:00,366,1
263,2020-12-05 08:00:00,Naive,8,0.04756651532474726,0.2695353206536417,2019-12-05 08:00:00,2020-12-05 08:00:00,2020-12-05 08:00:00,366,1
264,2020-12-06 08:00:00,Decision Tree,8,0.21017282188545708,0.1301230084221023,2019-12-06 08:00:00,2020-12-06 08:00:00,2020-12-06 08:00:00,366,1
265,2020-12-06 08:00:00,Random Forest,8,0.21017282188545708,0.1317348248897275,2019-12-06 08:00:00,2020-12-06 08:00:00,2020-12-06 08:00:00,366,1
266,2020-12-06 08:00:00,Neural Network,8,0.21017282188545708,0.3488768130567552,2019-12-06 08:00:00,2020-12-06 08:00:00,2020-12-06 08:00:00,366,1
267,2020-12-06 08:00:00,Naive,8,0.21017282188545708,0.04756651532474726,2019-12-06 08:00:00,2020-12-06 08:00:00,2020-12-06 08:00:00,366,1
268,2020-12-07 08:00:00,Decision Tree,8,1.322012613113964,1.244285571316214,2019-12-07 08:00:00,2020-12-07 08:00:00,2020-12-07 08:00:00,366,1
269,2020-12-07 08:00:00,Random Forest,8,1.322012613113964,1.270086029929884,2019-12-07 08:00:00,2020-12-07 08:00:00,2020-12-07 08:00:00,366,1
270,2020-12-07 08:00:00,Neural Network,8,1.322012613113964,1.1357806326638455,2019-12-07 08:00:00,2020-12-07 08:00:00,2020-12-07 08:00:00,366,1
271,2020-12-07 08:00:00,Naive,8,1.322012613113964,0.21017282188545708,2019-12-07 08:00:00,2020-12-07 08:00:00,2020-12-07 08:00:00,366,1
272,2020-12-08 08:00:00,Decision Tree,8,1.8027119910237153,1.6249276366935403,2019-12-08 08:00:00,2020-12-08 08:00:00,2020-12-08 08:00:00,366,1
273,2020-12-08 08:00:00,Random Forest,8,1.8027119910237153,1.6522832614012504,2019-12-08 08:00:00,2020-12-08 08:00:00,2020-12-08 08:00:00,366,1
274,2020-12-08 08:00:00,Neural Network,8,1.8027119910237153,1.9009765989730092,2019-12-08 08:00:00,2020-12-08 08:00:00,2020-12-08 08:00:00,366,1
275,2020-12-08 08:00:00,Naive,8,1.8027119910237153,1.322012613113964,2019-12-08 08:00:00,2020-12-08 08:00:00,2020-12-08 08:00:00,366,1
276,2020-12-09 08:00:00,Decision Tree,8,2.231572383933103,1.9947674374972653,2019-12-09 08:00:00,2020-12-09 08:00:00,2020-12-09 08:00:00,366,1
277,2020-12-09 08:00:00,Random Forest,8,2.231572383933103,2.06921809157813,2019-12-09 08:00:00,2020-12-09 08:00:00,2020-12-09 08:00:00,366,1
278,2020-12-09 08:00:00,Neural Network,8,2.231572383933103,2.45507910305998,2019-12-09 08:00:00,2020-12-09 08:00:00,2020-12-09 08:00:00,366,1
279,2020-12-09 08:00:00,Naive,8,2.231572383933103,1.8027119910237153,2019-12-09 08:00:00,2020-12-09 08:00:00,2020-12-09 08:00:00,366,1
280,2020-12-10 08:00:00,Decision Tree,8,2.2402701169485226,2.021079098212359,2019-12-10 08:00:00,2020-12-10 08:00:00,2020-12-10 08:00:00,366,1
281,2020-12-10 08:00:00,Random Forest,8,2.2402701169485226,2.188831839731723,2019-12-10 08:00:00,2020-12-10 08:00:00,2020-12-10 08:00:00,366,1
282,2020-12-10 08:00:00,Neural Network,8,2.2402701169485226,2.498851735386988,2019-12-10 08:00:00,2020-12-10 08:00:00,2020-12-10 08:00:00,366,1
283,2020-12-10 08:00:00,Naive,8,2.2402701169485226,2.231572383933103,2019-12-10 08:00:00,2020-12-10 08:00:00,2020-12-10 08:00:00,366,1
284,2020-12-11 08:00:00,Decision Tree,8,1.2505256318760423,1.1654178729493634,2019-12-11 08:00:00,2020-12-11 08:00:00,2020-12-11 08:00:00,366,1
285,2020-12-11 08:00:00,Random Forest,8,1.2505256318760423,1.1609420705351012,2019-12-11 08:00:00,2020-12-11 08:00:00,2020-12-11 08:00:00,366,1
286,2020-12-11 08:00:00,Neural Network,8,1.2505256318760423,0.9931409760365694,2019-12-11 08:00:00,2020-12-11 08:00:00,2020-12-11 08:00:00,366,1
287,2020-12-11 08:00:00,Naive,8,1.2505256318760423,2.2402701169485226,2019-12-11 08:00:00,2020-12-11 08:00:00,2020-12-11 08:00:00,366,1
288,2020-12-12 08:00:00,Decision Tree,8,0.5000752076580567,0.39992238566705957,2019-12-12 08:00:00,2020-12-12 08:00:00,2020-12-12 08:00:00,366,1
289,2020-12-12 08:00:00,Random Forest,8,0.5000752076580567,0.4391005327755423,2019-12-12 08:00:00,2020-12-12 08:00:00,2020-12-12 08:00:00,366,1
290,2020-12-12 08:00:00,Neural Network,8,0.5000752076580567,0.5654857973831556,2019-12-12 08:00:00,2020-12-12 08:00:00,2020-12-12 08:00:00,366,1
291,2020-12-12 08:00:00,Naive,8,0.5000752076580567,1.2505256318760423,2019-12-12 08:00:00,2020-12-12 08:00:00,2020-12-12 08:00:00,366,1
292,2020-12-13 08:00:00,Decision Tree,8,0.4551245041478961,0.3484199696084095,2019-12-13 08:00:00,2020-12-13 08:00:00,2020-12-13 08:00:00,366,1
293,2020-12-13 08:00:00,Random Forest,8,0.4551245041478961,0.3620665935998138,2019-12-13 08:00:00,2020-12-13 08:00:00,2020-12-13 08:00:00,366,1
294,2020-12-13 08:00:00,Neural Network,8,0.4551245041478961,0.44009879764075666,2019-12-13 08:00:00,2020-12-13 08:00:00,2020-12-13 08:00:00,366,1
295,2020-12-13 08:00:00,Naive,8,0.4551245041478961,0.5000752076580567,2019-12-13 08:00:00,2020-12-13 08:00:00,2020-12-13 08:00:00,366,1
296,2020-12-14 08:00:00,Decision Tree,8,0.6335422174054112,0.518254763643932,2019-12-14 08:00:00,2020-12-14 08:00:00,2020-12-14 08:00:00,366,1
297,2020-12-14 08:00:00,Random Forest,8,0.6335422174054112,0.5345441659752874,2019-12-14 08:00:00,2020-12-14 08:00:00,2020-12-14 08:00:00,366,1
298,2020-12-14 08:00:00,Neural Network,8,0.6335422174054112,0.837895756317402,2019-12-14 08:00:00,2020-12-14 08:00:00,2020-12-14 08:00:00,366,1
299,2020-12-14 08:00:00,Naive,8,0.6335422174054112,0.4551245041478961,2019-12-14 08:00:00,2020-12-14 08:00:00,2020-12-14 08:00:00,366,1
300,2020-12-15 08:00:00,Decision Tree,8,1.3048679879489329,1.2553894344301781,2019-12-15 08:00:00,2020-12-15 08:00:00,2020-12-15 08:00:00,366,1
301,2020-12-15 08:00:00,Random Forest,8,1.3048679879489329,1.2699883574357769,2019-12-15 08:00:00,2020-12-15 08:00:00,2020-12-15 08:00:00,366,1
302,2020-12-15 08:00:00,Neural Network,8,1.3048679879489329,1.2399386281248517,2019-12-15 08:00:00,2020-12-15 08:00:00,2020-12-15 08:00:00,366,1
303,2020-12-15 08:00:00,Naive,8,1.3048679879489329,0.6335422174054112,2019-12-15 08:00:00,2020-12-15 08:00:00,2020-12-15 08:00:00,366,1
304,2020-12-16 08:00:00,Decision Tree,8,1.6088719421458733,1.5112895258553516,2019-12-16 08:00:00,2020-12-16 08:00:00,2020-12-16 08:00:00,366,1
305,2020-12-16 08:00:00,Random Forest,8,1.6088719421458733,1.5290427058642,2019-12-16 08:00:00,2020-12-16 08:00:00,2020-12-16 08:00:00,366,1
306,2020-12-16 08:00:00,Neural Network,8,1.6088719421458733,1.4930647063105607,2019-12-16 08:00:00,2020-12-16 08:00:00,2020-12-16 08:00:00,366,1
307,2020-12-16 08:00:00,Naive,8,1.6088719421458733,1.3048679879489329,2019-12-16 08:00:00,2020-12-16 08:00:00,2020-12-16 08:00:00,366,1
308,2020-12-17 08:00:00,Decision Tree,8,1.1063720161930672,0.990682467632218,2019-12-17 08:00:00,2020-12-17 08:00:00,2020-12-17 08:00:00,366,1
309,2020-12-17 08:00:00,Random Forest,8,1.1063720161930672,1.0306649304266973,2019-12-17 08:00:00,2020-12-17 08:00:00,2020-12-17 08:00:00,366,1
310,2020-12-17 08:00:00,Neural Network,8,1.1063720161930672,0.9800959737347887,2019-12-17 08:00:00,2020-12-17 08:00:00,2020-12-17 08:00:00,366,1
311,2020-12-17 08:00:00,Naive,8,1.1063720161930672,1.6088719421458733,2019-12-17 08:00:00,2020-12-17 08:00:00,2020-12-17 08:00:00,366,1
312,2020-12-18 08:00:00,Decision Tree,8,1.2924484731684547,1.1775761242246034,2019-12-18 08:00:00,2020-12-18 08:00:00,2020-12-18 08:00:00,366,1
313,2020-12-18 08:00:00,Random Forest,8,1.2924484731684547,1.207382945355785,2019-12-18 08:00:00,2020-12-18 08:00:00,2020-12-18 08:00:00,366,1
314,2020-12-18 08:00:00,Neural Network,8,1.2924484731684547,1.046531660385428,2019-12-18 08:00:00,2020-12-18 08:00:00,2020-12-18 08:00:00,366,1
315,2020-12-18 08:00:00,Naive,8,1.2924484731684547,1.1063720161930672,2019-12-18 08:00:00,2020-12-18 08:00:00,2020-12-18 08:00:00,366,1
316,2020-12-19 08:00:00,Decision Tree,8,-0.3801430714857912,-0.40570652014559005,2019-12-19 08:00:00,2020-12-19 08:00:00,2020-12-19 08:00:00,366,1
317,2020-12-19 08:00:00,Random Forest,8,-0.3801430714857912,-0.4058713011526662,2019-12-19 08:00:00,2020-12-19 08:00:00,2020-12-19 08:00:00,366,1
318,2020-12-19 08:00:00,Neural Network,8,-0.3801430714857912,-0.12719657979790586,2019-12-19 08:00:00,2020-12-19 08:00:00,2020-12-19 08:00:00,366,1
319,2020-12-19 08:00:00,Naive,8,-0.3801430714857912,1.2924484731684547,2019-12-19 08:00:00,2020-12-19 08:00:00,2020-12-19 08:00:00,366,1
320,2020-12-20 08:00:00,Decision Tree,8,0.13464441990804643,0.0917688413562312,2019-12-20 08:00:00,2020-12-20 08:00:00,2020-12-20 08:00:00,366,1
321,2020-12-20 08:00:00,Random Forest,8,0.13464441990804643,0.0724091307696039,2019-12-20 08:00:00,2020-12-20 08:00:00,2020-12-20 08:00:00,366,1
322,2020-12-20 08:00:00,Neural Network,8,0.13464441990804643,0.15199243774083077,2019-12-20 08:00:00,2020-12-20 08:00:00,2020-12-20 08:00:00,366,1
323,2020-12-20 08:00:00,Naive,8,0.13464441990804643,-0.3801430714857912,2019-12-20 08:00:00,2020-12-20 08:00:00,2020-12-20 08:00:00,366,1
324,2020-12-21 08:00:00,Decision Tree,8,1.2109101587867466,1.1412657867668952,2019-12-21 08:00:00,2020-12-21 08:00:00,2020-12-21 08:00:00,366,1
325,2020-12-21 08:00:00,Random Forest,8,1.2109101587867466,1.1543129609529508,2019-12-21 08:00:00,2020-12-21 08:00:00,2020-12-21 08:00:00,366,1
326,2020-12-21 08:00:00,Neural Network,8,1.2109101587867466,1.2108817115281982,2019-12-21 08:00:00,2020-12-21 08:00:00,2020-12-21 08:00:00,366,1
327,2020-12-21 08:00:00,Naive,8,1.2109101587867466,0.13464441990804643,2019-12-21 08:00:00,2020-12-21 08:00:00,2020-12-21 08:00:00,366,1
328,2020-12-22 08:00:00,Decision Tree,8,-0.39097016557347714,-0.40144594536895695,2019-12-22 08:00:00,2020-12-22 08:00:00,2020-12-22 08:00:00,366,1
329,2020-12-22 08:00:00,Random Forest,8,-0.39097016557347714,-0.41725299630827095,2019-12-22 08:00:00,2020-12-22 08:00:00,2020-12-22 08:00:00,366,1
330,2020-12-22 08:00:00,Neural Network,8,-0.39097016557347714,-0.1684210164852276,2019-12-22 08:00:00,2020-12-22 08:00:00,2020-12-22 08:00:00,366,1
331,2020-12-22 08:00:00,Naive,8,-0.39097016557347714,1.2109101587867466,2019-12-22 08:00:00,2020-12-22 08:00:00,2020-12-22 08:00:00,366,1
332,2020-12-23 08:00:00,Decision Tree,8,1.1152560747742448,1.093103284841978,2019-12-23 08:00:00,2020-12-23 08:00:00,2020-12-23 08:00:00,366,1
333,2020-12-23 08:00:00,Random Forest,8,1.1152560747742448,1.0486169583029998,2019-12-23 08:00:00,2020-12-23 08:00:00,2020-12-23 08:00:00,366,1
334,2020-12-23 08:00:00,Neural Network,8,1.1152560747742448,1.0652589830334007,2019-12-23 08:00:00,2020-12-23 08:00:00,2020-12-23 08:00:00,366,1
335,2020-12-23 08:00:00,Naive,8,1.1152560747742448,-0.39097016557347714,2019-12-23 08:00:00,2020-12-23 08:00:00,2020-12-23 08:00:00,366,1
336,2020-12-24 08:00:00,Decision Tree,8,-0.9994240149608031,-0.9731538703379877,2019-12-24 08:00:00,2020-12-24 08:00:00,2020-12-24 08:00:00,366,1
337,2020-12-24 08:00:00,Random Forest,8,-0.9994240149608031,-0.9735860068946158,2019-12-24 08:00:00,2020-12-24 08:00:00,2020-12-24 08:00:00,366,1
338,2020-12-24 08:00:00,Neural Network,8,-0.9994240149608031,-0.8344774429824209,2019-12-24 08:00:00,2020-12-24 08:00:00,2020-12-24 08:00:00,366,1
339,2020-12-24 08:00:00,Naive,8,-0.9994240149608031,1.1152560747742448,2019-12-24 08:00:00,2020-12-24 08:00:00,2020-12-24 08:00:00,366,1
340,2020-12-25 08:00:00,Decision Tree,8,-0.623344767033846,-0.6374192925085358,2019-12-25 08:00:00,2020-12-25 08:00:00,2020-12-25 08:00:00,366,1
341,2020-12-25 08:00:00,Random Forest,8,-0.623344767033846,-0.6309057838018798,2019-12-25 08:00:00,2020-12-25 08:00:00,2020-12-25 08:00:00,366,1
342,2020-12-25 08:00:00,Neural Network,8,-0.623344767033846,-0.8397480224686351,2019-12-25 08:00:00,2020-12-25 08:00:00,2020-12-25 08:00:00,366,1
343,2020-12-25 08:00:00,Naive,8,-0.623344767033846,-0.9994240149608031,2019-12-25 08:00:00,2020-12-25 08:00:00,2020-12-25 08:00:00,366,1
344,2020-12-26 08:00:00,Decision Tree,8,-0.570119754722936,-0.5797266820355648,2019-12-26 08:00:00,2020-12-26 08:00:00,2020-12-26 08:00:00,366,1
345,2020-12-26 08:00:00,Random Forest,8,-0.570119754722936,-0.5736823099100136,2019-12-26 08:00:00,2020-12-26 08:00:00,2020-12-26 08:00:00,366,1
346,2020-12-26 08:00:00,Neural Network,8,-0.570119754722936,-0.7575593447160949,2019-12-26 08:00:00,2020-12-26 08:00:00,2020-12-26 08:00:00,366,1
347,2020-12-26 08:00:00,Naive,8,-0.570119754722936,-0.623344767033846,2019-12-26 08:00:00,2020-12-26 08:00:00,2020-12-26 08:00:00,366,1
348,2020-12-27 08:00:00,Decision Tree,8,-2.1468631738314854,-1.8576122142688145,2019-12-27 08:00:00,2020-12-27 08:00:00,2020-12-27 08:00:00,366,1
349,2020-12-27 08:00:00,Random Forest,8,-2.1468631738314854,-1.909551694558469,2019-12-27 08:00:00,2020-12-27 08:00:00,2020-12-27 08:00:00,366,1
350,2020-12-27 08:00:00,Neural Network,8,-2.1468631738314854,-1.9286821211489285,2019-12-27 08:00:00,2020-12-27 08:00:00,2020-12-27 08:00:00,366,1
351,2020-12-27 08:00:00,Naive,8,-2.1468631738314854,-0.570119754722936,2019-12-27 08:00:00,2020-12-27 08:00:00,2020-12-27 08:00:00,366,1
352,2020-12-28 08:00:00,Decision Tree,8,0.9387722798116607,0.8304158278917699,2019-12-28 08:00:00,2020-12-28 08:00:00,2020-12-28 08:00:00,366,1
353,2020-12-28 08:00:00,Random Forest,8,0.9387722798116607,0.8351041335452507,2019-12-28 08:00:00,2020-12-28 08:00:00,2020-12-28 08:00:00,366,1
354,2020-12-28 08:00:00,Neural Network,8,0.9387722798116607,0.641288953680984,2019-12-28 08:00:00,2020-12-28 08:00:00,2020-12-28 08:00:00,366,1
355,2020-12-28 08:00:00,Naive,8,0.9387722798116607,-2.1468631738314854,2019-12-28 08:00:00,2020-12-28 08:00:00,2020-12-28 08:00:00,366,1
356,2020-12-29 08:00:00,Decision Tree,8,1.1767590371869936,1.0862027113814074,2019-12-29 08:00:00,2020-12-29 08:00:00,2020-12-29 08:00:00,366,1
357,2020-12-29 08:00:00,Random Forest,8,1.1767590371869936,1.0975251849135153,2019-12-29 08:00:00,2020-12-29 08:00:00,2020-12-29 08:00:00,366,1
358,2020-12-29 08:00:00,Neural Network,8,1.1767590371869936,0.9933341344263353,2019-12-29 08:00:00,2020-12-29 08:00:00,2020-12-29 08:00:00,366,1
359,2020-12-29 08:00:00,Naive,8,1.1767590371869936,0.9387722798116607,2019-12-29 08:00:00,2020-12-29 08:00:00,2020-12-29 08:00:00,366,1
360,2020-12-30 08:00:00,Decision Tree,8,1.122963542680417,1.0678468758570872,2019-12-30 08:00:00,2020-12-30 08:00:00,2020-12-30 08:00:00,366,1
361,2020-12-30 08:00:00,Random Forest,8,1.122963542680417,1.095025820181434,2019-12-30 08:00:00,2020-12-30 08:00:00,2020-12-30 08:00:00,366,1
362,2020-12-30 08:00:00,Neural Network,8,1.122963542680417,0.9803332031560303,2019-12-30 08:00:00,2020-12-30 08:00:00,2020-12-30 08:00:00,366,1
363,2020-12-30 08:00:00,Naive,8,1.122963542680417,1.1767590371869936,2019-12-30 08:00:00,2020-12-30 08:00:00,2020-12-30 08:00:00,366,1
364,2020-12-31 08:00:00,Decision Tree,8,0.796112789513454,0.6722436150079006,2019-12-31 08:00:00,2020-12-31 08:00:00,2020-12-31 08:00:00,366,1
365,2020-12-31 08:00:00,Random Forest,8,0.796112789513454,0.7067810268466258,2019-12-31 08:00:00,2020-12-31 08:00:00,2020-12-31 08:00:00,366,1
366,2020-12-31 08:00:00,Neural Network,8,0.796112789513454,0.5346256069767173,2019-12-31 08:00:00,2020-12-31 08:00:00,2020-12-31 08:00:00,366,1
367,2020-12-31 08:00:00,Naive,8,0.796112789513454,1.122963542680417,2019-12-31 08:00:00,2020-12-31 08:00:00,2020-12-31 08:00:00,366,1
368,2021-01-01 08:00:00,Decision Tree,8,0.456611290153015,0.33378902978981595,2020-01-01 08:00:00,2021-01-01 08:00:00,2021-01-01 08:00:00,366,1
369,2021-01-01 08:00:00,Random Forest,8,0.456611290153015,0.36018721603244114,2020-01-01 08:00:00,2021-01-01 08:00:00,2021-01-01 08:00:00,366,1
370,2021-01-01 08:00:00,Neural Network,8,0.456611290153015,-0.2535029108390748,2020-01-01 08:00:00,2021-01-01 08:00:00,2021-01-01 08:00:00,366,1
371,2021-01-01 08:00:00,Naive,8,0.456611290153015,0.796112789513454,2020-01-01 08:00:00,2021-01-01 08:00:00,2021-01-01 08:00:00,366,1
372,2021-01-02 08:00:00,Decision Tree,8,0.8988298702824244,0.839822732827165,2020-01-02 08:00:00,2021-01-02 08:00:00,2021-01-02 08:00:00,366,1
373,2021-01-02 08:00:00,Random Forest,8,0.8988298702824244,0.8273911148194973,2020-01-02 08:00:00,2021-01-02 08:00:00,2021-01-02 08:00:00,366,1
374,2021-01-02 08:00:00,Neural Network,8,0.8988298702824244,1.2899885592708316,2020-01-02 08:00:00,2021-01-02 08:00:00,2021-01-02 08:00:00,366,1
375,2021-01-02 08:00:00,Naive,8,0.8988298702824244,0.456611290153015,2020-01-02 08:00:00,2021-01-02 08:00:00,2021-01-02 08:00:00,366,1
376,2021-01-03 08:00:00,Decision Tree,8,0.13418657948836726,0.03706000288603316,2020-01-03 08:00:00,2021-01-03 08:00:00,2021-01-03 08:00:00,366,1
377,2021-01-03 08:00:00,Random Forest,8,0.13418657948836726,0.06792899630938391,2020-01-03 08:00:00,2021-01-03 08:00:00,2021-01-03 08:00:00,366,1
378,2021-01-03 08:00:00,Neural Network,8,0.13418657948836726,0.6093573349414633,2020-01-03 08:00:00,2021-01-03 08:00:00,2021-01-03 08:00:00,366,1
379,2021-01-03 08:00:00,Naive,8,0.13418657948836726,0.8988298702824244,2020-01-03 08:00:00,2021-01-03 08:00:00,2021-01-03 08:00:00,366,1
380,2021-01-04 08:00:00,Decision Tree,8,1.2453350554514102,1.1412657867668952,2020-01-04 08:00:00,2021-01-04 08:00:00,2021-01-04 08:00:00,366,1
381,2021-01-04 08:00:00,Random Forest,8,1.2453350554514102,1.182967320717436,2020-01-04 08:00:00,2021-01-04 08:00:00,2021-01-04 08:00:00,366,1
382,2021-01-04 08:00:00,Neural Network,8,1.2453350554514102,0.369160840124471,2020-01-04 08:00:00,2021-01-04 08:00:00,2021-01-04 08:00:00,366,1
383,2021-01-04 08:00:00,Naive,8,1.2453350554514102,0.13418657948836726,2020-01-04 08:00:00,2021-01-04 08:00:00,2021-01-04 08:00:00,366,1
384,2021-01-05 08:00:00,Decision Tree,8,1.5307423831507008,1.4886005040368677,2020-01-05 08:00:00,2021-01-05 08:00:00,2021-01-05 08:00:00,366,1
385,2021-01-05 08:00:00,Random Forest,8,1.5307423831507008,1.4423839246925014,2020-01-05 08:00:00,2021-01-05 08:00:00,2021-01-05 08:00:00,366,1
386,2021-01-05 08:00:00,Neural Network,8,1.5307423831507008,1.2199212592199413,2020-01-05 08:00:00,2021-01-05 08:00:00,2021-01-05 08:00:00,366,1
387,2021-01-05 08:00:00,Naive,8,1.5307423831507008,1.2453350554514102,2020-01-05 08:00:00,2021-01-05 08:00:00,2021-01-05 08:00:00,366,1
388,2021-01-06 08:00:00,Decision Tree,8,1.1449288019873989,1.0180232467617203,2020-01-06 08:00:00,2021-01-06 08:00:00,2021-01-06 08:00:00,366,1
389,2021-01-06 08:00:00,Random Forest,8,1.1449288019873989,1.0432543755957253,2020-01-06 08:00:00,2021-01-06 08:00:00,2021-01-06 08:00:00,366,1
390,2021-01-06 08:00:00,Neural Network,8,1.1449288019873989,1.223163781346887,2020-01-06 08:00:00,2021-01-06 08:00:00,2021-01-06 08:00:00,366,1
391,2021-01-06 08:00:00,Naive,8,1.1449288019873989,1.5307423831507008,2020-01-06 08:00:00,2021-01-06 08:00:00,2021-01-06 08:00:00,366,1
392,2021-01-07 08:00:00,Decision Tree,8,2.0880672102927353,2.069696667759559,2020-01-07 08:00:00,2021-01-07 08:00:00,2021-01-07 08:00:00,366,1
393,2021-01-07 08:00:00,Random Forest,8,2.0880672102927353,2.06838078671325,2020-01-07 08:00:00,2021-01-07 08:00:00,2021-01-07 08:00:00,366,1
394,2021-01-07 08:00:00,Neural Network,8,2.0880672102927353,1.5081452323014304,2020-01-07 08:00:00,2021-01-07 08:00:00,2021-01-07 08:00:00,366,1
395,2021-01-07 08:00:00,Naive,8,2.0880672102927353,1.1449288019873989,2020-01-07 08:00:00,2021-01-07 08:00:00,2021-01-07 08:00:00,366,1
396,2021-01-08 08:00:00,Decision Tree,8,2.36636010403285,2.2163911063357915,2020-01-08 08:00:00,2021-01-08 08:00:00,2021-01-08 08:00:00,366,1
397,2021-01-08 08:00:00,Random Forest,8,2.36636010403285,2.132771544546062,2020-01-08 08:00:00,2021-01-08 08:00:00,2021-01-08 08:00:00,366,1
398,2021-01-08 08:00:00,Neural Network,8,2.36636010403285,1.9350990250801077,2020-01-08 08:00:00,2021-01-08 08:00:00,2021-01-08 08:00:00,366,1
399,2021-01-08 08:00:00,Naive,8,2.36636010403285,2.0880672102927353,2020-01-08 08:00:00,2021-01-08 08:00:00,2021-01-08 08:00:00,366,1
400,2021-01-09 08:00:00,Decision Tree,8,1.3990095638257725,1.3293533621990687,2020-01-09 08:00:00,2021-01-09 08:00:00,2021-01-09 08:00:00,366,1
401,2021-01-09 08:00:00,Random Forest,8,1.3990095638257725,1.262143547479762,2020-01-09 08:00:00,2021-01-09 08:00:00,2021-01-09 08:00:00,366,1
402,2021-01-09 08:00:00,Neural Network,8,1.3990095638257725,1.5868329492785362,2020-01-09 08:00:00,2021-01-09 08:00:00,2021-01-09 08:00:00,366,1
403,2021-01-09 08:00:00,Naive,8,1.3990095638257725,2.36636010403285,2020-01-09 08:00:00,2021-01-09 08:00:00,2021-01-09 08:00:00,366,1
404,2021-01-10 08:00:00,Decision Tree,8,0.9525587005683406,0.869021706345614,2020-01-10 08:00:00,2021-01-10 08:00:00,2021-01-10 08:00:00,366,1
405,2021-01-10 08:00:00,Random Forest,8,0.9525587005683406,0.8764889859861523,2020-01-10 08:00:00,2021-01-10 08:00:00,2021-01-10 08:00:00,366,1
406,2021-01-10 08:00:00,Neural Network,8,0.9525587005683406,1.364796607050215,2020-01-10 08:00:00,2021-01-10 08:00:00,2021-01-10 08:00:00,366,1
407,2021-01-10 08:00:00,Naive,8,0.9525587005683406,1.3990095638257725,2020-01-10 08:00:00,2021-01-10 08:00:00,2021-01-10 08:00:00,366,1
408,2021-01-11 08:00:00,Decision Tree,8,1.7314209654229569,1.6724603360922983,2020-01-11 08:00:00,2021-01-11 08:00:00,2021-01-11 08:00:00,366,1
409,2021-01-11 08:00:00,Random Forest,8,1.7314209654229569,1.6717357431707098,2020-01-11 08:00:00,2021-01-11 08:00:00,2021-01-11 08:00:00,366,1
410,2021-01-11 08:00:00,Neural Network,8,1.7314209654229569,1.4798204362563043,2020-01-11 08:00:00,2021-01-11 08:00:00,2021-01-11 08:00:00,366,1
411,2021-01-11 08:00:00,Naive,8,1.7314209654229569,0.9525587005683406,2020-01-11 08:00:00,2021-01-11 08:00:00,2021-01-11 08:00:00,366,1
412,2021-01-12 08:00:00,Decision Tree,8,1.4267723082488135,1.355162787740743,2020-01-12 08:00:00,2021-01-12 08:00:00,2021-01-12 08:00:00,366,1
413,2021-01-12 08:00:00,Random Forest,8,1.4267723082488135,1.3332610458908523,2020-01-12 08:00:00,2021-01-12 08:00:00,2021-01-12 08:00:00,366,1
414,2021-01-12 08:00:00,Neural Network,8,1.4267723082488135,1.2363650962810937,2020-01-12 08:00:00,2021-01-12 08:00:00,2021-01-12 08:00:00,366,1
415,2021-01-12 08:00:00,Naive,8,1.4267723082488135,1.7314209654229569,2020-01-12 08:00:00,2021-01-12 08:00:00,2021-01-12 08:00:00,366,1
416,2021-01-13 08:00:00,Decision Tree,8,1.258000095186115,1.2088040768869335,2020-01-13 08:00:00,2021-01-13 08:00:00,2021-01-13 08:00:00,366,1
417,2021-01-13 08:00:00,Random Forest,8,1.258000095186115,1.2103229799786674,2020-01-13 08:00:00,2021-01-13 08:00:00,2021-01-13 08:00:00,366,1
418,2021-01-13 08:00:00,Neural Network,8,1.258000095186115,0.8756519752836397,2020-01-13 08:00:00,2021-01-13 08:00:00,2021-01-13 08:00:00,366,1
419,2021-01-13 08:00:00,Naive,8,1.258000095186115,1.4267723082488135,2020-01-13 08:00:00,2021-01-13 08:00:00,2021-01-13 08:00:00,366,1
420,2021-01-14 08:00:00,Decision Tree,8,2.129697886236298,1.9535748164570907,2020-01-14 08:00:00,2021-01-14 08:00:00,2021-01-14 08:00:00,366,1
421,2021-01-14 08:00:00,Random Forest,8,2.129697886236298,2.103871271468065,2020-01-14 08:00:00,2021-01-14 08:00:00,2021-01-14 08:00:00,366,1
422,2021-01-14 08:00:00,Neural Network,8,2.129697886236298,1.9111390600093068,2020-01-14 08:00:00,2021-01-14 08:00:00,2021-01-14 08:00:00,366,1
423,2021-01-14 08:00:00,Naive,8,2.129697886236298,1.258000095186115,2020-01-14 08:00:00,2021-01-14 08:00:00,2021-01-14 08:00:00,366,1
424,2021-01-15 08:00:00,Decision Tree,8,2.220574820710201,2.248324385275895,2020-01-15 08:00:00,2021-01-15 08:00:00,2021-01-15 08:00:00,366,1
425,2021-01-15 08:00:00,Random Forest,8,2.220574820710201,2.208397898122905,2020-01-15 08:00:00,2021-01-15 08:00:00,2021-01-15 08:00:00,366,1
426,2021-01-15 08:00:00,Neural Network,8,2.220574820710201,2.0693793969141683,2020-01-15 08:00:00,2021-01-15 08:00:00,2021-01-15 08:00:00,366,1
427,2021-01-15 08:00:00,Naive,8,2.220574820710201,2.129697886236298,2020-01-15 08:00:00,2021-01-15 08:00:00,2021-01-15 08:00:00,366,1
428,2021-01-16 08:00:00,Decision Tree,8,1.4451479797648408,1.3670977078254216,2020-01-16 08:00:00,2021-01-16 08:00:00,2021-01-16 08:00:00,366,1
429,2021-01-16 08:00:00,Random Forest,8,1.4451479797648408,1.3892551156305966,2020-01-16 08:00:00,2021-01-16 08:00:00,2021-01-16 08:00:00,366,1
430,2021-01-16 08:00:00,Neural Network,8,1.4451479797648408,1.4368513800727492,2020-01-16 08:00:00,2021-01-16 08:00:00,2021-01-16 08:00:00,366,1
431,2021-01-16 08:00:00,Naive,8,1.4451479797648408,2.220574820710201,2020-01-16 08:00:00,2021-01-16 08:00:00,2021-01-16 08:00:00,366,1
432,2021-01-17 08:00:00,Decision Tree,8,0.8382793519409566,0.7264333420996031,2020-01-17 08:00:00,2021-01-17 08:00:00,2021-01-17 08:00:00,366,1
433,2021-01-17 08:00:00,Random Forest,8,0.8382793519409566,0.759480845177365,2020-01-17 08:00:00,2021-01-17 08:00:00,2021-01-17 08:00:00,366,1
434,2021-01-17 08:00:00,Neural Network,8,0.8382793519409566,1.2404649450934573,2020-01-17 08:00:00,2021-01-17 08:00:00,2021-01-17 08:00:00,366,1
435,2021-01-17 08:00:00,Naive,8,0.8382793519409566,1.4451479797648408,2020-01-17 08:00:00,2021-01-17 08:00:00,2021-01-17 08:00:00,366,1
436,2021-01-18 08:00:00,Decision Tree,8,1.929638674316829,1.893625286201635,2020-01-18 08:00:00,2021-01-18 08:00:00,2021-01-18 08:00:00,366,1
437,2021-01-18 08:00:00,Random Forest,8,1.929638674316829,1.9674689564134236,2020-01-18 08:00:00,2021-01-18 08:00:00,2021-01-18 08:00:00,366,1
438,2021-01-18 08:00:00,Neural Network,8,1.929638674316829,1.6112052188740382,2020-01-18 08:00:00,2021-01-18 08:00:00,2021-01-18 08:00:00,366,1
439,2021-01-18 08:00:00,Naive,8,1.929638674316829,0.8382793519409566,2020-01-18 08:00:00,2021-01-18 08:00:00,2021-01-18 08:00:00,366,1
440,2021-01-19 08:00:00,Decision Tree,8,1.2148470225276777,1.2727677113863336,2020-01-19 08:00:00,2021-01-19 08:00:00,2021-01-19 08:00:00,366,1
441,2021-01-19 08:00:00,Random Forest,8,1.2148470225276777,1.1995811704703303,2020-01-19 08:00:00,2021-01-19 08:00:00,2021-01-19 08:00:00,366,1
442,2021-01-19 08:00:00,Neural Network,8,1.2148470225276777,1.4290584721986113,2020-01-19 08:00:00,2021-01-19 08:00:00,2021-01-19 08:00:00,366,1
443,2021-01-19 08:00:00,Naive,8,1.2148470225276777,1.929638674316829,2020-01-19 08:00:00,2021-01-19 08:00:00,2021-01-19 08:00:00,366,1
444,2021-01-20 08:00:00,Decision Tree,8,0.5194667340478938,0.4063703567195289,2020-01-20 08:00:00,2021-01-20 08:00:00,2021-01-20 08:00:00,366,1
445,2021-01-20 08:00:00,Random Forest,8,0.5194667340478938,0.4293051115891592,2020-01-20 08:00:00,2021-01-20 08:00:00,2021-01-20 08:00:00,366,1
446,2021-01-20 08:00:00,Neural Network,8,0.5194667340478938,0.3785979837001383,2020-01-20 08:00:00,2021-01-20 08:00:00,2021-01-20 08:00:00,366,1
447,2021-01-20 08:00:00,Naive,8,0.5194667340478938,1.2148470225276777,2020-01-20 08:00:00,2021-01-20 08:00:00,2021-01-20 08:00:00,366,1
448,2021-01-21 08:00:00,Decision Tree,8,0.1550299612145242,0.11288909054237062,2020-01-21 08:00:00,2021-01-21 08:00:00,2021-01-21 08:00:00,366,1
449,2021-01-21 08:00:00,Random Forest,8,0.1550299612145242,0.0966945148807983,2020-01-21 08:00:00,2021-01-21 08:00:00,2021-01-21 08:00:00,366,1
450,2021-01-21 08:00:00,Neural Network,8,0.1550299612145242,-0.009658277999381237,2020-01-21 08:00:00,2021-01-21 08:00:00,2021-01-21 08:00:00,366,1
451,2021-01-21 08:00:00,Naive,8,0.1550299612145242,0.5194667340478938,2020-01-21 08:00:00,2021-01-21 08:00:00,2021-01-21 08:00:00,366,1
452,2021-01-22 08:00:00,Decision Tree,8,1.0570853089645034,0.9343612932893496,2020-01-22 08:00:00,2021-01-22 08:00:00,2021-01-22 08:00:00,366,1
453,2021-01-22 08:00:00,Random Forest,8,1.0570853089645034,0.9379826454498584,2020-01-22 08:00:00,2021-01-22 08:00:00,2021-01-22 08:00:00,366,1
454,2021-01-22 08:00:00,Neural Network,8,1.0570853089645034,0.6519733288056366,2020-01-22 08:00:00,2021-01-22 08:00:00,2021-01-22 08:00:00,366,1
455,2021-01-22 08:00:00,Naive,8,1.0570853089645034,0.1550299612145242,2020-01-22 08:00:00,2021-01-22 08:00:00,2021-01-22 08:00:00,366,1
456,2021-01-23 08:00:00,Decision Tree,8,0.9823745520027832,0.9228855474368504,2020-01-23 08:00:00,2021-01-23 08:00:00,2021-01-23 08:00:00,366,1
457,2021-01-23 08:00:00,Random Forest,8,0.9823745520027832,0.925992493458137,2020-01-23 08:00:00,2021-01-23 08:00:00,2021-01-23 08:00:00,366,1
458,2021-01-23 08:00:00,Neural Network,8,0.9823745520027832,1.2233467965826412,2020-01-23 08:00:00,2021-01-23 08:00:00,2021-01-23 08:00:00,366,1
459,2021-01-23 08:00:00,Naive,8,0.9823745520027832,1.0570853089645034,2020-01-23 08:00:00,2021-01-23 08:00:00,2021-01-23 08:00:00,366,1
460,2021-01-24 08:00:00,Decision Tree,8,0.7624932114842601,0.6690636716931136,2020-01-24 08:00:00,2021-01-24 08:00:00,2021-01-24 08:00:00,366,1
461,2021-01-24 08:00:00,Random Forest,8,0.7624932114842601,0.683785419504375,2020-01-24 08:00:00,2021-01-24 08:00:00,2021-01-24 08:00:00,366,1
462,2021-01-24 08:00:00,Neural Network,8,0.7624932114842601,1.0220036897503193,2020-01-24 08:00:00,2021-01-24 08:00:00,2021-01-24 08:00:00,366,1
463,2021-01-24 08:00:00,Naive,8,0.7624932114842601,0.9823745520027832,2020-01-24 08:00:00,2021-01-24 08:00:00,2021-01-24 08:00:00,366,1
464,2021-01-25 08:00:00,Decision Tree,8,1.8612208960157972,1.7278214514699128,2020-01-25 08:00:00,2021-01-25 08:00:00,2021-01-25 08:00:00,366,1
465,2021-01-25 08:00:00,Random Forest,8,1.8612208960157972,1.823036420925808,2020-01-25 08:00:00,2021-01-25 08:00:00,2021-01-25 08:00:00,366,1
466,2021-01-25 08:00:00,Neural Network,8,1.8612208960157972,1.745028607516333,2020-01-25 08:00:00,2021-01-25 08:00:00,2021-01-25 08:00:00,366,1
467,2021-01-25 08:00:00,Naive,8,1.8612208960157972,0.7624932114842601,2020-01-25 08:00:00,2021-01-25 08:00:00,2021-01-25 08:00:00,366,1
468,2021-01-26 08:00:00,Decision Tree,8,1.8211090802283865,1.7747939127849228,2020-01-26 08:00:00,2021-01-26 08:00:00,2021-01-26 08:00:00,366,1
469,2021-01-26 08:00:00,Random Forest,8,1.8211090802283865,1.7638355489819402,2020-01-26 08:00:00,2021-01-26 08:00:00,2021-01-26 08:00:00,366,1
470,2021-01-26 08:00:00,Neural Network,8,1.8211090802283865,1.9546889045048925,2020-01-26 08:00:00,2021-01-26 08:00:00,2021-01-26 08:00:00,366,1
471,2021-01-26 08:00:00,Naive,8,1.8211090802283865,1.8612208960157972,2020-01-26 08:00:00,2021-01-26 08:00:00,2021-01-26 08:00:00,366,1
472,2021-01-27 08:00:00,Decision Tree,8,1.6268028612205334,1.8173087214057624,2020-01-27 08:00:00,2021-01-27 08:00:00,2021-01-27 08:00:00,366,1
473,2021-01-27 08:00:00,Random Forest,8,1.6268028612205334,1.600861057393647,2020-01-27 08:00:00,2021-01-27 08:00:00,2021-01-27 08:00:00,366,1
474,2021-01-27 08:00:00,Neural Network,8,1.6268028612205334,1.6930802665701052,2020-01-27 08:00:00,2021-01-27 08:00:00,2021-01-27 08:00:00,366,1
475,2021-01-27 08:00:00,Naive,8,1.6268028612205334,1.8211090802283865,2020-01-27 08:00:00,2021-01-27 08:00:00,2021-01-27 08:00:00,366,1
476,2021-01-28 08:00:00,Decision Tree,8,1.6727071027169067,1.5771605545703913,2020-01-28 08:00:00,2021-01-28 08:00:00,2021-01-28 08:00:00,366,1
477,2021-01-28 08:00:00,Random Forest,8,1.6727071027169067,1.6020504865908474,2020-01-28 08:00:00,2021-01-28 08:00:00,2021-01-28 08:00:00,366,1
478,2021-01-28 08:00:00,Neural Network,8,1.6727071027169067,1.6696360798919012,2020-01-28 08:00:00,2021-01-28 08:00:00,2021-01-28 08:00:00,366,1
479,2021-01-28 08:00:00,Naive,8,1.6727071027169067,1.6268028612205334,2020-01-28 08:00:00,2021-01-28 08:00:00,2021-01-28 08:00:00,366,1
480,2021-01-29 08:00:00,Decision Tree,8,1.3544126069736264,1.2902680837153406,2020-01-29 08:00:00,2021-01-29 08:00:00,2021-01-29 08:00:00,366,1
481,2021-01-29 08:00:00,Random Forest,8,1.3544126069736264,1.2785369488319223,2020-01-29 08:00:00,2021-01-29 08:00:00,2021-01-29 08:00:00,366,1
482,2021-01-29 08:00:00,Neural Network,8,1.3544126069736264,1.5176052885600966,2020-01-29 08:00:00,2021-01-29 08:00:00,2021-01-29 08:00:00,366,1
483,2021-01-29 08:00:00,Naive,8,1.3544126069736264,1.6727071027169067,2020-01-29 08:00:00,2021-01-29 08:00:00,2021-01-29 08:00:00,366,1
484,2021-01-30 08:00:00,Decision Tree,8,0.9155660055593389,0.846388050227196,2020-01-30 08:00:00,2021-01-30 08:00:00,2021-01-30 08:00:00,366,1
485,2021-01-30 08:00:00,Random Forest,8,0.9155660055593389,0.8708262089441346,2020-01-30 08:00:00,2021-01-30 08:00:00,2021-01-30 08:00:00,366,1
486,2021-01-30 08:00:00,Neural Network,8,0.9155660055593389,1.073714837554508,2020-01-30 08:00:00,2021-01-30 08:00:00,2021-01-30 08:00:00,366,1
487,2021-01-30 08:00:00,Naive,8,0.9155660055593389,1.3544126069736264,2020-01-30 08:00:00,2021-01-30 08:00:00,2021-01-30 08:00:00,366,1
488,2021-01-31 08:00:00,Decision Tree,8,0.6916940691895002,0.563021968811746,2020-01-31 08:00:00,2021-01-31 08:00:00,2021-01-31 08:00:00,366,1
489,2021-01-31 08:00:00,Random Forest,8,0.6916940691895002,0.5803364297740735,2020-01-31 08:00:00,2021-01-31 08:00:00,2021-01-31 08:00:00,366,1
490,2021-01-31 08:00:00,Neural Network,8,0.6916940691895002,0.8336534699275411,2020-01-31 08:00:00,2021-01-31 08:00:00,2021-01-31 08:00:00,366,1
491,2021-01-31 08:00:00,Naive,8,0.6916940691895002,0.9155660055593389,2020-01-31 08:00:00,2021-01-31 08:00:00,2021-01-31 08:00:00,366,1
492,2021-02-01 08:00:00,Decision Tree,8,1.5694201386026556,1.4580947716116828,2020-02-01 08:00:00,2021-02-01 08:00:00,2021-02-01 08:00:00,366,1
493,2021-02-01 08:00:00,Random Forest,8,1.5694201386026556,1.4950388441825715,2020-02-01 08:00:00,2021-02-01 08:00:00,2021-02-01 08:00:00,366,1
494,2021-02-01 08:00:00,Neural Network,8,1.5694201386026556,1.2322129423107457,2020-02-01 08:00:00,2021-02-01 08:00:00,2021-02-01 08:00:00,366,1
495,2021-02-01 08:00:00,Naive,8,1.5694201386026556,0.6916940691895002,2020-02-01 08:00:00,2021-02-01 08:00:00,2021-02-01 08:00:00,366,1
496,2021-02-02 08:00:00,Decision Tree,8,1.9189797070454389,1.9635011497869028,2020-02-02 08:00:00,2021-02-02 08:00:00,2021-02-02 08:00:00,366,1
497,2021-02-02 08:00:00,Random Forest,8,1.9189797070454389,1.9043763403053107,2020-02-02 08:00:00,2021-02-02 08:00:00,2021-02-02 08:00:00,366,1
498,2021-02-02 08:00:00,Neural Network,8,1.9189797070454389,1.7613460213384196,2020-02-02 08:00:00,2021-02-02 08:00:00,2021-02-02 08:00:00,366,1
499,2021-02-02 08:00:00,Naive,8,1.9189797070454389,1.5694201386026556,2020-02-02 08:00:00,2021-02-02 08:00:00,2021-02-02 08:00:00,366,1
500,2021-02-03 08:00:00,Decision Tree,8,1.2591790932640492,1.2453444061660743,2020-02-03 08:00:00,2021-02-03 08:00:00,2021-02-03 08:00:00,366,1
501,2021-02-03 08:00:00,Random Forest,8,1.2591790932640492,1.2451375702348093,2020-02-03 08:00:00,2021-02-03 08:00:00,2021-02-03 08:00:00,366,1
502,2021-02-03 08:00:00,Neural Network,8,1.2591790932640492,1.4480113290337204,2020-02-03 08:00:00,2021-02-03 08:00:00,2021-02-03 08:00:00,366,1
503,2021-02-03 08:00:00,Naive,8,1.2591790932640492,1.9189797070454389,2020-02-03 08:00:00,2021-02-03 08:00:00,2021-02-03 08:00:00,366,1
504,2021-02-04 08:00:00,Decision Tree,8,1.379160859606122,1.299431587037953,2020-02-04 08:00:00,2021-02-04 08:00:00,2021-02-04 08:00:00,366,1
505,2021-02-04 08:00:00,Random Forest,8,1.379160859606122,1.3036309161973478,2020-02-04 08:00:00,2021-02-04 08:00:00,2021-02-04 08:00:00,366,1
506,2021-02-04 08:00:00,Neural Network,8,1.379160859606122,1.3997435452166291,2020-02-04 08:00:00,2021-02-04 08:00:00,2021-02-04 08:00:00,366,1
507,2021-02-04 08:00:00,Naive,8,1.379160859606122,1.2591790932640492,2020-02-04 08:00:00,2021-02-04 08:00:00,2021-02-04 08:00:00,366,1
508,2021-02-05 08:00:00,Decision Tree,8,1.479230025306183,1.3944318901945996,2020-02-05 08:00:00,2021-02-05 08:00:00,2021-02-05 08:00:00,366,1
509,2021-02-05 08:00:00,Random Forest,8,1.479230025306183,1.4258555827879542,2020-02-05 08:00:00,2021-02-05 08:00:00,2021-02-05 08:00:00,366,1
510,2021-02-05 08:00:00,Neural Network,8,1.479230025306183,1.4005414895563129,2020-02-05 08:00:00,2021-02-05 08:00:00,2021-02-05 08:00:00,366,1
511,2021-02-05 08:00:00,Naive,8,1.479230025306183,1.379160859606122,2020-02-05 08:00:00,2021-02-05 08:00:00,2021-02-05 08:00:00,366,1
512,2021-02-06 08:00:00,Decision Tree,8,0.4984483479559058,0.4574776507965447,2020-02-06 08:00:00,2021-02-06 08:00:00,2021-02-06 08:00:00,366,1
513,2021-02-06 08:00:00,Random Forest,8,0.4984483479559058,0.4857833497192335,2020-02-06 08:00:00,2021-02-06 08:00:00,2021-02-06 08:00:00,366,1
514,2021-02-06 08:00:00,Neural Network,8,0.4984483479559058,-0.07428808502675463,2020-02-06 08:00:00,2021-02-06 08:00:00,2021-02-06 08:00:00,366,1
515,2021-02-06 08:00:00,Naive,8,0.4984483479559058,1.479230025306183,2020-02-06 08:00:00,2021-02-06 08:00:00,2021-02-06 08:00:00,366,1
516,2021-02-07 08:00:00,Decision Tree,8,-1.7919833312440394,-1.9560238235720455,2020-02-07 08:00:00,2021-02-07 08:00:00,2021-02-07 08:00:00,366,1
517,2021-02-07 08:00:00,Random Forest,8,-1.7919833312440394,-1.6824355916092595,2020-02-07 08:00:00,2021-02-07 08:00:00,2021-02-07 08:00:00,366,1
518,2021-02-07 08:00:00,Neural Network,8,-1.7919833312440394,-1.040823739900175,2020-02-07 08:00:00,2021-02-07 08:00:00,2021-02-07 08:00:00,366,1
519,2021-02-07 08:00:00,Naive,8,-1.7919833312440394,0.4984483479559058,2020-02-07 08:00:00,2021-02-07 08:00:00,2021-02-07 08:00:00,366,1
520,2021-02-08 08:00:00,Decision Tree,8,1.3430907416637639,1.3316991486403296,2020-02-08 08:00:00,2021-02-08 08:00:00,2021-02-08 08:00:00,366,1
521,2021-02-08 08:00:00,Random Forest,8,1.3430907416637639,1.3066404616115572,2020-02-08 08:00:00,2021-02-08 08:00:00,2021-02-08 08:00:00,366,1
522,2021-02-08 08:00:00,Neural Network,8,1.3430907416637639,1.3899646909959265,2020-02-08 08:00:00,2021-02-08 08:00:00,2021-02-08 08:00:00,366,1
523,2021-02-08 08:00:00,Naive,8,1.3430907416637639,-1.7919833312440394,2020-02-08 08:00:00,2021-02-08 08:00:00,2021-02-08 08:00:00,366,1
524,2021-02-09 08:00:00,Decision Tree,8,1.9730874444140027,1.9571409436809797,2020-02-09 08:00:00,2021-02-09 08:00:00,2021-02-09 08:00:00,366,1
525,2021-02-09 08:00:00,Random Forest,8,1.9730874444140027,1.9176371596900954,2020-02-09 08:00:00,2021-02-09 08:00:00,2021-02-09 08:00:00,366,1
526,2021-02-09 08:00:00,Neural Network,8,1.9730874444140027,1.9195791430243,2020-02-09 08:00:00,2021-02-09 08:00:00,2021-02-09 08:00:00,366,1
527,2021-02-09 08:00:00,Naive,8,1.9730874444140027,1.3430907416637639,2020-02-09 08:00:00,2021-02-09 08:00:00,2021-02-09 08:00:00,366,1
528,2021-02-10 08:00:00,Decision Tree,8,2.1935215285337697,2.2443601617665103,2020-02-10 08:00:00,2021-02-10 08:00:00,2021-02-10 08:00:00,366,1
529,2021-02-10 08:00:00,Random Forest,8,2.1935215285337697,2.1571379133544326,2020-02-10 08:00:00,2021-02-10 08:00:00,2021-02-10 08:00:00,366,1
530,2021-02-10 08:00:00,Neural Network,8,2.1935215285337697,2.074878799164261,2020-02-10 08:00:00,2021-02-10 08:00:00,2021-02-10 08:00:00,366,1
531,2021-02-10 08:00:00,Naive,8,2.1935215285337697,1.9730874444140027,2020-02-10 08:00:00,2021-02-10 08:00:00,2021-02-10 08:00:00,366,1
532,2021-02-11 08:00:00,Decision Tree,8,2.7592844198726287,2.2855232568857775,2020-02-11 08:00:00,2021-02-11 08:00:00,2021-02-11 08:00:00,366,1
533,2021-02-11 08:00:00,Random Forest,8,2.7592844198726287,2.2905030407535945,2020-02-11 08:00:00,2021-02-11 08:00:00,2021-02-11 08:00:00,366,1
534,2021-02-11 08:00:00,Neural Network,8,2.7592844198726287,3.126160530838947,2020-02-11 08:00:00,2021-02-11 08:00:00,2021-02-11 08:00:00,366,1
535,2021-02-11 08:00:00,Naive,8,2.7592844198726287,2.1935215285337697,2020-02-11 08:00:00,2021-02-11 08:00:00,2021-02-11 08:00:00,366,1
536,2021-02-12 08:00:00,Decision Tree,8,1.9447240305806448,1.9648706204479172,2020-02-12 08:00:00,2021-02-12 08:00:00,2021-02-12 08:00:00,366,1
537,2021-02-12 08:00:00,Random Forest,8,1.9447240305806448,1.9950553192794163,2020-02-12 08:00:00,2021-02-12 08:00:00,2021-02-12 08:00:00,366,1
538,2021-02-12 08:00:00,Neural Network,8,1.9447240305806448,1.7551357196385826,2020-02-12 08:00:00,2021-02-12 08:00:00,2021-02-12 08:00:00,366,1
539,2021-02-12 08:00:00,Naive,8,1.9447240305806448,2.7592844198726287,2020-02-12 08:00:00,2021-02-12 08:00:00,2021-02-12 08:00:00,366,1
540,2021-02-13 08:00:00,Decision Tree,8,1.4057633023947744,1.4065459094962542,2020-02-13 08:00:00,2021-02-13 08:00:00,2021-02-13 08:00:00,366,1
541,2021-02-13 08:00:00,Random Forest,8,1.4057633023947744,1.3615078032887495,2020-02-13 08:00:00,2021-02-13 08:00:00,2021-02-13 08:00:00,366,1
542,2021-02-13 08:00:00,Neural Network,8,1.4057633023947744,1.2902100839307138,2020-02-13 08:00:00,2021-02-13 08:00:00,2021-02-13 08:00:00,366,1
543,2021-02-13 08:00:00,Naive,8,1.4057633023947744,1.9447240305806448,2020-02-13 08:00:00,2021-02-13 08:00:00,2021-02-13 08:00:00,366,1
544,2021-02-14 08:00:00,Decision Tree,8,0.7551638458476959,0.7124509660406557,2020-02-14 08:00:00,2021-02-14 08:00:00,2021-02-14 08:00:00,366,1
545,2021-02-14 08:00:00,Random Forest,8,0.7551638458476959,0.7003112368910861,2020-02-14 08:00:00,2021-02-14 08:00:00,2021-02-14 08:00:00,366,1
546,2021-02-14 08:00:00,Neural Network,8,0.7551638458476959,0.8371896581268552,2020-02-14 08:00:00,2021-02-14 08:00:00,2021-02-14 08:00:00,366,1
547,2021-02-14 08:00:00,Naive,8,0.7551638458476959,1.4057633023947744,2020-02-14 08:00:00,2021-02-14 08:00:00,2021-02-14 08:00:00,366,1
548,2021-02-15 08:00:00,Decision Tree,8,1.4894573066677286,1.4064480836085693,2020-02-15 08:00:00,2021-02-15 08:00:00,2021-02-15 08:00:00,366,1
549,2021-02-15 08:00:00,Random Forest,8,1.4894573066677286,1.4356929177089133,2020-02-15 08:00:00,2021-02-15 08:00:00,2021-02-15 08:00:00,366,1
550,2021-02-15 08:00:00,Neural Network,8,1.4894573066677286,1.495255093307114,2020-02-15 08:00:00,2021-02-15 08:00:00,2021-02-15 08:00:00,366,1
551,2021-02-15 08:00:00,Naive,8,1.4894573066677286,0.7551638458476959,2020-02-15 08:00:00,2021-02-15 08:00:00,2021-02-15 08:00:00,366,1
552,2021-02-16 08:00:00,Decision Tree,8,1.6473798881382287,1.577003158348162,2020-02-16 08:00:00,2021-02-16 08:00:00,2021-02-16 08:00:00,366,1
553,2021-02-16 08:00:00,Random Forest,8,1.6473798881382287,1.6101049282056594,2020-02-16 08:00:00,2021-02-16 08:00:00,2021-02-16 08:00:00,366,1
554,2021-02-16 08:00:00,Neural Network,8,1.6473798881382287,1.597560759657503,2020-02-16 08:00:00,2021-02-16 08:00:00,2021-02-16 08:00:00,366,1
555,2021-02-16 08:00:00,Naive,8,1.6473798881382287,1.4894573066677286,2020-02-16 08:00:00,2021-02-16 08:00:00,2021-02-16 08:00:00,366,1
556,2021-02-17 08:00:00,Decision Tree,8,1.4048625515095148,1.4064480836085693,2020-02-17 08:00:00,2021-02-17 08:00:00,2021-02-17 08:00:00,366,1
557,2021-02-17 08:00:00,Random Forest,8,1.4048625515095148,1.4167652280833138,2020-02-17 08:00:00,2021-02-17 08:00:00,2021-02-17 08:00:00,366,1
558,2021-02-17 08:00:00,Neural Network,8,1.4048625515095148,1.4179075570245856,2020-02-17 08:00:00,2021-02-17 08:00:00,2021-02-17 08:00:00,366,1
559,2021-02-17 08:00:00,Naive,8,1.4048625515095148,1.6473798881382287,2020-02-17 08:00:00,2021-02-17 08:00:00,2021-02-17 08:00:00,366,1
560,2021-02-18 08:00:00,Decision Tree,8,1.4679987769366678,1.406271913375341,2020-02-18 08:00:00,2021-02-18 08:00:00,2021-02-18 08:00:00,366,1
561,2021-02-18 08:00:00,Random Forest,8,1.4679987769366678,1.4327837908924697,2020-02-18 08:00:00,2021-02-18 08:00:00,2021-02-18 08:00:00,366,1
562,2021-02-18 08:00:00,Neural Network,8,1.4679987769366678,1.3526332515505866,2020-02-18 08:00:00,2021-02-18 08:00:00,2021-02-18 08:00:00,366,1
563,2021-02-18 08:00:00,Naive,8,1.4679987769366678,1.4048625515095148,2020-02-18 08:00:00,2021-02-18 08:00:00,2021-02-18 08:00:00,366,1
564,2021-02-19 08:00:00,Decision Tree,8,1.4158707566958244,1.4369253928791907,2020-02-19 08:00:00,2021-02-19 08:00:00,2021-02-19 08:00:00,366,1
565,2021-02-19 08:00:00,Random Forest,8,1.4158707566958244,1.425595130117519,2020-02-19 08:00:00,2021-02-19 08:00:00,2021-02-19 08:00:00,366,1
566,2021-02-19 08:00:00,Neural Network,8,1.4158707566958244,1.336596930873758,2020-02-19 08:00:00,2021-02-19 08:00:00,2021-02-19 08:00:00,366,1
567,2021-02-19 08:00:00,Naive,8,1.4158707566958244,1.4679987769366678,2020-02-19 08:00:00,2021-02-19 08:00:00,2021-02-19 08:00:00,366,1
568,2021-02-20 08:00:00,Decision Tree,8,0.2822226455509329,0.21037194992765443,2020-02-20 08:00:00,2021-02-20 08:00:00,2021-02-20 08:00:00,366,1
569,2021-02-20 08:00:00,Random Forest,8,0.2822226455509329,0.21113629314156812,2020-02-20 08:00:00,2021-02-20 08:00:00,2021-02-20 08:00:00,366,1
570,2021-02-20 08:00:00,Neural Network,8,0.2822226455509329,0.17864830082908523,2020-02-20 08:00:00,2021-02-20 08:00:00,2021-02-20 08:00:00,366,1
571,2021-02-20 08:00:00,Naive,8,0.2822226455509329,1.4158707566958244,2020-02-20 08:00:00,2021-02-20 08:00:00,2021-02-20 08:00:00,366,1
572,2021-02-21 08:00:00,Decision Tree,8,-0.2942246972563533,-0.26582988149786474,2020-02-21 08:00:00,2021-02-21 08:00:00,2021-02-21 08:00:00,366,1
573,2021-02-21 08:00:00,Random Forest,8,-0.2942246972563533,-0.3407187330845133,2020-02-21 08:00:00,2021-02-21 08:00:00,2021-02-21 08:00:00,366,1
574,2021-02-21 08:00:00,Neural Network,8,-0.2942246972563533,-0.30942667354617953,2020-02-21 08:00:00,2021-02-21 08:00:00,2021-02-21 08:00:00,366,1
575,2021-02-21 08:00:00,Naive,8,-0.2942246972563533,0.2822226455509329,2020-02-21 08:00:00,2021-02-21 08:00:00,2021-02-21 08:00:00,366,1
576,2021-02-22 08:00:00,Decision Tree,8,1.3667597239753124,1.3277192797191237,2020-02-22 08:00:00,2021-02-22 08:00:00,2021-02-22 08:00:00,366,1
577,2021-02-22 08:00:00,Random Forest,8,1.3667597239753124,1.3042396110120054,2020-02-22 08:00:00,2021-02-22 08:00:00,2021-02-22 08:00:00,366,1
578,2021-02-22 08:00:00,Neural Network,8,1.3667597239753124,1.244236611527845,2020-02-22 08:00:00,2021-02-22 08:00:00,2021-02-22 08:00:00,366,1
579,2021-02-22 08:00:00,Naive,8,1.3667597239753124,-0.2942246972563533,2020-02-22 08:00:00,2021-02-22 08:00:00,2021-02-22 08:00:00,366,1
580,2021-02-23 08:00:00,Decision Tree,8,1.3732078730577206,1.3790084785641266,2020-02-23 08:00:00,2021-02-23 08:00:00,2021-02-23 08:00:00,366,1
581,2021-02-23 08:00:00,Random Forest,8,1.3732078730577206,1.3310665390685081,2020-02-23 08:00:00,2021-02-23 08:00:00,2021-02-23 08:00:00,366,1
582,2021-02-23 08:00:00,Neural Network,8,1.3732078730577206,1.3012998052511577,2020-02-23 08:00:00,2021-02-23 08:00:00,2021-02-23 08:00:00,366,1
583,2021-02-23 08:00:00,Naive,8,1.3732078730577206,1.3667597239753124,2020-02-23 08:00:00,2021-02-23 08:00:00,2021-02-23 08:00:00,366,1
584,2021-02-24 08:00:00,Decision Tree,8,1.1369535638732762,1.0947110392059134,2020-02-24 08:00:00,2021-02-24 08:00:00,2021-02-24 08:00:00,366,1
585,2021-02-24 08:00:00,Random Forest,8,1.1369535638732762,1.0816007910391943,2020-02-24 08:00:00,2021-02-24 08:00:00,2021-02-24 08:00:00,366,1
586,2021-02-24 08:00:00,Neural Network,8,1.1369535638732762,0.9356731991856578,2020-02-24 08:00:00,2021-02-24 08:00:00,2021-02-24 08:00:00,366,1
587,2021-02-24 08:00:00,Naive,8,1.1369535638732762,1.3732078730577206,2020-02-24 08:00:00,2021-02-24 08:00:00,2021-02-24 08:00:00,366,1
588,2021-02-25 08:00:00,Decision Tree,8,1.1599841619489755,1.101751459983807,2020-02-25 08:00:00,2021-02-25 08:00:00,2021-02-25 08:00:00,366,1
589,2021-02-25 08:00:00,Random Forest,8,1.1599841619489755,1.0860796889134932,2020-02-25 08:00:00,2021-02-25 08:00:00,2021-02-25 08:00:00,366,1
590,2021-02-25 08:00:00,Neural Network,8,1.1599841619489755,0.9196132723680464,2020-02-25 08:00:00,2021-02-25 08:00:00,2021-02-25 08:00:00,366,1
591,2021-02-25 08:00:00,Naive,8,1.1599841619489755,1.1369535638732762,2020-02-25 08:00:00,2021-02-25 08:00:00,2021-02-25 08:00:00,366,1
592,2021-02-26 08:00:00,Decision Tree,8,1.4306963326487525,1.4470039693904657,2020-02-26 08:00:00,2021-02-26 08:00:00,2021-02-26 08:00:00,366,1
593,2021-02-26 08:00:00,Random Forest,8,1.4306963326487525,1.4084380653949409,2020-02-26 08:00:00,2021-02-26 08:00:00,2021-02-26 08:00:00,366,1
594,2021-02-26 08:00:00,Neural Network,8,1.4306963326487525,1.216242351788314,2020-02-26 08:00:00,2021-02-26 08:00:00,2021-02-26 08:00:00,366,1
595,2021-02-26 08:00:00,Naive,8,1.4306963326487525,1.1599841619489755,2020-02-26 08:00:00,2021-02-26 08:00:00,2021-02-26 08:00:00,366,1
596,2021-02-27 08:00:00,Decision Tree,8,1.1515645898242421,1.0750669014551364,2020-02-27 08:00:00,2021-02-27 08:00:00,2021-02-27 08:00:00,366,1
597,2021-02-27 08:00:00,Random Forest,8,1.1515645898242421,1.092864448077307,2020-02-27 08:00:00,2021-02-27 08:00:00,2021-02-27 08:00:00,366,1
598,2021-02-27 08:00:00,Neural Network,8,1.1515645898242421,1.0111826897684972,2020-02-27 08:00:00,2021-02-27 08:00:00,2021-02-27 08:00:00,366,1
599,2021-02-27 08:00:00,Naive,8,1.1515645898242421,1.4306963326487525,2020-02-27 08:00:00,2021-02-27 08:00:00,2021-02-27 08:00:00,366,1
600,2021-02-28 08:00:00,Decision Tree,8,0.5038650096409243,0.3715234489856395,2020-02-28 08:00:00,2021-02-28 08:00:00,2021-02-28 08:00:00,366,1
601,2021-02-28 08:00:00,Random Forest,8,0.5038650096409243,0.4443255945689762,2020-02-28 08:00:00,2021-02-28 08:00:00,2021-02-28 08:00:00,366,1
602,2021-02-28 08:00:00,Neural Network,8,0.5038650096409243,0.7075570734459011,2020-02-28 08:00:00,2021-02-28 08:00:00,2021-02-28 08:00:00,366,1
603,2021-02-28 08:00:00,Naive,8,0.5038650096409243,1.1515645898242421,2020-02-28 08:00:00,2021-02-28 08:00:00,2021-02-28 08:00:00,366,1
604,2021-03-01 08:00:00,Decision Tree,8,1.6086755128663617,1.5887326133131732,2020-03-01 08:00:00,2021-03-01 08:00:00,2021-03-01 08:00:00,365,1
605,2021-03-01 08:00:00,Random Forest,8,1.6086755128663617,1.5993455141576234,2020-03-01 08:00:00,2021-03-01 08:00:00,2021-03-01 08:00:00,365,1
606,2021-03-01 08:00:00,Neural Network,8,1.6086755128663617,1.2802245763984128,2020-03-01 08:00:00,2021-03-01 08:00:00,2021-03-01 08:00:00,365,1
607,2021-03-01 08:00:00,Naive,8,1.6086755128663617,0.5038650096409243,2020-03-01 08:00:00,2021-03-01 08:00:00,2021-03-01 08:00:00,365,1
608,2021-03-02 08:00:00,Decision Tree,8,1.7379314203253153,1.660578498492172,2020-03-02 08:00:00,2021-03-02 08:00:00,2021-03-02 08:00:00,365,1
609,2021-03-02 08:00:00,Random Forest,8,1.7379314203253153,1.6643811949687635,2020-03-02 08:00:00,2021-03-02 08:00:00,2021-03-02 08:00:00,365,1
610,2021-03-02 08:00:00,Neural Network,8,1.7379314203253153,1.5743193756897953,2020-03-02 08:00:00,2021-03-02 08:00:00,2021-03-02 08:00:00,365,1
611,2021-03-02 08:00:00,Naive,8,1.7379314203253153,1.6086755128663617,2020-03-02 08:00:00,2021-03-02 08:00:00,2021-03-02 08:00:00,365,1
612,2021-03-03 08:00:00,Decision Tree,8,1.6205109342369433,1.580287559165992,2020-03-03 08:00:00,2021-03-03 08:00:00,2021-03-03 08:00:00,365,1
613,2021-03-03 08:00:00,Random Forest,8,1.6205109342369433,1.6110095453422382,2020-03-03 08:00:00,2021-03-03 08:00:00,2021-03-03 08:00:00,365,1
614,2021-03-03 08:00:00,Neural Network,8,1.6205109342369433,1.5095305056541102,2020-03-03 08:00:00,2021-03-03 08:00:00,2021-03-03 08:00:00,365,1
615,2021-03-03 08:00:00,Naive,8,1.6205109342369433,1.7379314203253153,2020-03-03 08:00:00,2021-03-03 08:00:00,2021-03-03 08:00:00,365,1
616,2021-03-04 08:00:00,Decision Tree,8,1.5893233880517335,1.6352152598357947,2020-03-04 08:00:00,2021-03-04 08:00:00,2021-03-04 08:00:00,365,1
617,2021-03-04 08:00:00,Random Forest,8,1.5893233880517335,1.5592690603519608,2020-03-04 08:00:00,2021-03-04 08:00:00,2021-03-04 08:00:00,365,1
618,2021-03-04 08:00:00,Neural Network,8,1.5893233880517335,1.3808679427714927,2020-03-04 08:00:00,2021-03-04 08:00:00,2021-03-04 08:00:00,365,1
619,2021-03-04 08:00:00,Naive,8,1.5893233880517335,1.6205109342369433,2020-03-04 08:00:00,2021-03-04 08:00:00,2021-03-04 08:00:00,365,1
620,2021-03-05 08:00:00,Decision Tree,8,1.6540268220196002,1.627566614538451,2020-03-05 08:00:00,2021-03-05 08:00:00,2021-03-05 08:00:00,365,1
621,2021-03-05 08:00:00,Random Forest,8,1.6540268220196002,1.6107803042813666,2020-03-05 08:00:00,2021-03-05 08:00:00,2021-03-05 08:00:00,365,1
622,2021-03-05 08:00:00,Neural Network,8,1.6540268220196002,1.4805931944450028,2020-03-05 08:00:00,2021-03-05 08:00:00,2021-03-05 08:00:00,365,1
623,2021-03-05 08:00:00,Naive,8,1.6540268220196002,1.5893233880517335,2020-03-05 08:00:00,2021-03-05 08:00:00,2021-03-05 08:00:00,365,1
624,2021-03-06 08:00:00,Decision Tree,8,0.8661799666242497,0.8381431110002047,2020-03-06 08:00:00,2021-03-06 08:00:00,2021-03-06 08:00:00,365,1
625,2021-03-06 08:00:00,Random Forest,8,0.8661799666242497,0.8118650182298968,2020-03-06 08:00:00,2021-03-06 08:00:00,2021-03-06 08:00:00,365,1
626,2021-03-06 08:00:00,Neural Network,8,0.8661799666242497,0.6965205204932847,2020-03-06 08:00:00,2021-03-06 08:00:00,2021-03-06 08:00:00,365,1
627,2021-03-06 08:00:00,Naive,8,0.8661799666242497,1.6540268220196002,2020-03-06 08:00:00,2021-03-06 08:00:00,2021-03-06 08:00:00,365,1
628,2021-03-07 08:00:00,Decision Tree,8,0.32055027598376984,0.24126899092310677,2020-03-07 08:00:00,2021-03-07 08:00:00,2021-03-07 08:00:00,365,1
629,2021-03-07 08:00:00,Random Forest,8,0.32055027598376984,0.2533796465356402,2020-03-07 08:00:00,2021-03-07 08:00:00,2021-03-07 08:00:00,365,1
630,2021-03-07 08:00:00,Neural Network,8,0.32055027598376984,0.22251236042942493,2020-03-07 08:00:00,2021-03-07 08:00:00,2021-03-07 08:00:00,365,1
631,2021-03-07 08:00:00,Naive,8,0.32055027598376984,0.8661799666242497,2020-03-07 08:00:00,2021-03-07 08:00:00,2021-03-07 08:00:00,365,1
632,2021-03-08 08:00:00,Decision Tree,8,2.0843343009832083,1.9623522967145082,2020-03-08 08:00:00,2021-03-08 08:00:00,2021-03-08 08:00:00,365,1
633,2021-03-08 08:00:00,Random Forest,8,2.0843343009832083,1.9886615171802469,2020-03-08 08:00:00,2021-03-08 08:00:00,2021-03-08 08:00:00,365,1
634,2021-03-08 08:00:00,Neural Network,8,2.0843343009832083,1.973338212269557,2020-03-08 08:00:00,2021-03-08 08:00:00,2021-03-08 08:00:00,365,1
635,2021-03-08 08:00:00,Naive,8,2.0843343009832083,0.32055027598376984,2020-03-08 08:00:00,2021-03-08 08:00:00,2021-03-08 08:00:00,365,1
636,2021-03-09 08:00:00,Decision Tree,8,1.9791990201488734,1.9759058527443638,2020-03-09 08:00:00,2021-03-09 08:00:00,2021-03-09 08:00:00,365,1
637,2021-03-09 08:00:00,Random Forest,8,1.9791990201488734,1.9409204133439546,2020-03-09 08:00:00,2021-03-09 08:00:00,2021-03-09 08:00:00,365,1
638,2021-03-09 08:00:00,Neural Network,8,1.9791990201488734,1.9126395972127255,2020-03-09 08:00:00,2021-03-09 08:00:00,2021-03-09 08:00:00,365,1
639,2021-03-09 08:00:00,Naive,8,1.9791990201488734,2.0843343009832083,2020-03-09 08:00:00,2021-03-09 08:00:00,2021-03-09 08:00:00,365,1
640,2021-03-10 08:00:00,Decision Tree,8,1.651542193029062,1.6351251660639907,2020-03-10 08:00:00,2021-03-10 08:00:00,2021-03-10 08:00:00,365,1
641,2021-03-10 08:00:00,Random Forest,8,1.651542193029062,1.639876880661647,2020-03-10 08:00:00,2021-03-10 08:00:00,2021-03-10 08:00:00,365,1
642,2021-03-10 08:00:00,Neural Network,8,1.651542193029062,1.5661959659614468,2020-03-10 08:00:00,2021-03-10 08:00:00,2021-03-10 08:00:00,365,1
643,2021-03-10 08:00:00,Naive,8,1.651542193029062,1.9791990201488734,2020-03-10 08:00:00,2021-03-10 08:00:00,2021-03-10 08:00:00,365,1
644,2021-03-11 08:00:00,Decision Tree,8,0.33006592612199026,0.27722886984553097,2020-03-11 08:00:00,2021-03-11 08:00:00,2021-03-11 08:00:00,365,1
645,2021-03-11 08:00:00,Random Forest,8,0.33006592612199026,0.28226227721754565,2020-03-11 08:00:00,2021-03-11 08:00:00,2021-03-11 08:00:00,365,1
646,2021-03-11 08:00:00,Neural Network,8,0.33006592612199026,-0.22339304281202044,2020-03-11 08:00:00,2021-03-11 08:00:00,2021-03-11 08:00:00,365,1
647,2021-03-11 08:00:00,Naive,8,0.33006592612199026,1.651542193029062,2020-03-11 08:00:00,2021-03-11 08:00:00,2021-03-11 08:00:00,365,1
648,2021-03-12 08:00:00,Decision Tree,8,0.0668608871702577,0.02210698782716728,2020-03-12 08:00:00,2021-03-12 08:00:00,2021-03-12 08:00:00,365,1
649,2021-03-12 08:00:00,Random Forest,8,0.0668608871702577,0.03105516374489817,2020-03-12 08:00:00,2021-03-12 08:00:00,2021-03-12 08:00:00,365,1
650,2021-03-12 08:00:00,Neural Network,8,0.0668608871702577,-0.27654820160786897,2020-03-12 08:00:00,2021-03-12 08:00:00,2021-03-12 08:00:00,365,1
651,2021-03-12 08:00:00,Naive,8,0.0668608871702577,0.33006592612199026,2020-03-12 08:00:00,2021-03-12 08:00:00,2021-03-12 08:00:00,365,1
652,2021-03-13 08:00:00,Decision Tree,8,-1.6148739853732814,-1.6225030743766682,2020-03-13 08:00:00,2021-03-13 08:00:00,2021-03-13 08:00:00,365,1
653,2021-03-13 08:00:00,Random Forest,8,-1.6148739853732814,-1.608157165763813,2020-03-13 08:00:00,2021-03-13 08:00:00,2021-03-13 08:00:00,365,1
654,2021-03-13 08:00:00,Neural Network,8,-1.6148739853732814,-1.5538692010219366,2020-03-13 08:00:00,2021-03-13 08:00:00,2021-03-13 08:00:00,365,1
655,2021-03-13 08:00:00,Naive,8,-1.6148739853732814,0.0668608871702577,2020-03-13 08:00:00,2021-03-13 08:00:00,2021-03-13 08:00:00,365,1
656,2021-03-14 08:00:00,Decision Tree,8,-1.594971052691014,-1.621549438251245,2020-03-14 08:00:00,2021-03-14 08:00:00,2021-03-14 08:00:00,365,1
657,2021-03-14 08:00:00,Random Forest,8,-1.594971052691014,-1.5825141289152118,2020-03-14 08:00:00,2021-03-14 08:00:00,2021-03-14 08:00:00,365,1
658,2021-03-14 08:00:00,Neural Network,8,-1.594971052691014,-1.6243117995074492,2020-03-14 08:00:00,2021-03-14 08:00:00,2021-03-14 08:00:00,365,1
659,2021-03-14 08:00:00,Naive,8,-1.594971052691014,-1.6148739853732814,2020-03-14 08:00:00,2021-03-14 08:00:00,2021-03-14 08:00:00,365,1
660,2021-03-15 08:00:00,Decision Tree,8,1.5527858355011956,1.4943853895724308,2020-03-15 08:00:00,2021-03-15 08:00:00,2021-03-15 08:00:00,365,1
661,2021-03-15 08:00:00,Random Forest,8,1.5527858355011956,1.4901174713229963,2020-03-15 08:00:00,2021-03-15 08:00:00,2021-03-15 08:00:00,365,1
662,2021-03-15 08:00:00,Neural Network,8,1.5527858355011956,1.4436029620859498,2020-03-15 08:00:00,2021-03-15 08:00:00,2021-03-15 08:00:00,365,1
663,2021-03-15 08:00:00,Naive,8,1.5527858355011956,-1.594971052691014,2020-03-15 08:00:00,2021-03-15 08:00:00,2021-03-15 08:00:00,365,1
664,2021-03-16 08:00:00,Decision Tree,8,1.671739457135534,1.5812501625264594,2020-03-16 08:00:00,2021-03-16 08:00:00,2021-03-16 08:00:00,365,1
665,2021-03-16 08:00:00,Random Forest,8,1.671739457135534,1.6351930695600323,2020-03-16 08:00:00,2021-03-16 08:00:00,2021-03-16 08:00:00,365,1
666,2021-03-16 08:00:00,Neural Network,8,1.671739457135534,1.5717474252696488,2020-03-16 08:00:00,2021-03-16 08:00:00,2021-03-16 08:00:00,365,1
667,2021-03-16 08:00:00,Naive,8,1.671739457135534,1.5527858355011956,2020-03-16 08:00:00,2021-03-16 08:00:00,2021-03-16 08:00:00,365,1
668,2021-03-17 08:00:00,Decision Tree,8,1.5212088555372,1.577895964307172,2020-03-17 08:00:00,2021-03-17 08:00:00,2021-03-17 08:00:00,365,1
669,2021-03-17 08:00:00,Random Forest,8,1.5212088555372,1.512213054352366,2020-03-17 08:00:00,2021-03-17 08:00:00,2021-03-17 08:00:00,365,1
670,2021-03-17 08:00:00,Neural Network,8,1.5212088555372,1.4246265916189789,2020-03-17 08:00:00,2021-03-17 08:00:00,2021-03-17 08:00:00,365,1
671,2021-03-17 08:00:00,Naive,8,1.5212088555372,1.671739457135534,2020-03-17 08:00:00,2021-03-17 08:00:00,2021-03-17 08:00:00,365,1
672,2021-03-18 08:00:00,Decision Tree,8,1.8998951581522292,1.8548204697302588,2020-03-18 08:00:00,2021-03-18 08:00:00,2021-03-18 08:00:00,365,1
673,2021-03-18 08:00:00,Random Forest,8,1.8998951581522292,1.9381225293321303,2020-03-18 08:00:00,2021-03-18 08:00:00,2021-03-18 08:00:00,365,1
674,2021-03-18 08:00:00,Neural Network,8,1.8998951581522292,1.9017240026565467,2020-03-18 08:00:00,2021-03-18 08:00:00,2021-03-18 08:00:00,365,1
675,2021-03-18 08:00:00,Naive,8,1.8998951581522292,1.5212088555372,2020-03-18 08:00:00,2021-03-18 08:00:00,2021-03-18 08:00:00,365,1
676,2021-03-19 08:00:00,Decision Tree,8,1.7338671103032857,1.686561326774896,2020-03-19 08:00:00,2021-03-19 08:00:00,2021-03-19 08:00:00,365,1
677,2021-03-19 08:00:00,Random Forest,8,1.7338671103032857,1.6753364097813037,2020-03-19 08:00:00,2021-03-19 08:00:00,2021-03-19 08:00:00,365,1
678,2021-03-19 08:00:00,Neural Network,8,1.7338671103032857,1.562446396798028,2020-03-19 08:00:00,2021-03-19 08:00:00,2021-03-19 08:00:00,365,1
679,2021-03-19 08:00:00,Naive,8,1.7338671103032857,1.8998951581522292,2020-03-19 08:00:00,2021-03-19 08:00:00,2021-03-19 08:00:00,365,1
680,2021-03-20 08:00:00,Decision Tree,8,1.110907721245394,1.0839770823670096,2020-03-20 08:00:00,2021-03-20 08:00:00,2021-03-20 08:00:00,365,1
681,2021-03-20 08:00:00,Random Forest,8,1.110907721245394,1.0998487436492204,2020-03-20 08:00:00,2021-03-20 08:00:00,2021-03-20 08:00:00,365,1
682,2021-03-20 08:00:00,Neural Network,8,1.110907721245394,0.965449696584634,2020-03-20 08:00:00,2021-03-20 08:00:00,2021-03-20 08:00:00,365,1
683,2021-03-20 08:00:00,Naive,8,1.110907721245394,1.7338671103032857,2020-03-20 08:00:00,2021-03-20 08:00:00,2021-03-20 08:00:00,365,1
684,2021-03-21 08:00:00,Decision Tree,8,-0.43458650273167726,-0.45521038763433136,2020-03-21 08:00:00,2021-03-21 08:00:00,2021-03-21 08:00:00,365,1
685,2021-03-21 08:00:00,Random Forest,8,-0.43458650273167726,-0.43924364994177767,2020-03-21 08:00:00,2021-03-21 08:00:00,2021-03-21 08:00:00,365,1
686,2021-03-21 08:00:00,Neural Network,8,-0.43458650273167726,-0.6480546898156243,2020-03-21 08:00:00,2021-03-21 08:00:00,2021-03-21 08:00:00,365,1
687,2021-03-21 08:00:00,Naive,8,-0.43458650273167726,1.110907721245394,2020-03-21 08:00:00,2021-03-21 08:00:00,2021-03-21 08:00:00,365,1
688,2021-03-22 08:00:00,Decision Tree,8,1.813201685260509,1.8623329178005872,2020-03-22 08:00:00,2021-03-22 08:00:00,2021-03-22 08:00:00,365,1
689,2021-03-22 08:00:00,Random Forest,8,1.813201685260509,1.8478975830868085,2020-03-22 08:00:00,2021-03-22 08:00:00,2021-03-22 08:00:00,365,1
690,2021-03-22 08:00:00,Neural Network,8,1.813201685260509,1.681906460883058,2020-03-22 08:00:00,2021-03-22 08:00:00,2021-03-22 08:00:00,365,1
691,2021-03-22 08:00:00,Naive,8,1.813201685260509,-0.43458650273167726,2020-03-22 08:00:00,2021-03-22 08:00:00,2021-03-22 08:00:00,365,1
692,2021-03-23 08:00:00,Decision Tree,8,1.831644570491391,1.8336648653732728,2020-03-23 08:00:00,2021-03-23 08:00:00,2021-03-23 08:00:00,365,1
693,2021-03-23 08:00:00,Random Forest,8,1.831644570491391,1.8477631238153678,2020-03-23 08:00:00,2021-03-23 08:00:00,2021-03-23 08:00:00,365,1
694,2021-03-23 08:00:00,Neural Network,8,1.831644570491391,1.8108182826246966,2020-03-23 08:00:00,2021-03-23 08:00:00,2021-03-23 08:00:00,365,1
695,2021-03-23 08:00:00,Naive,8,1.831644570491391,1.813201685260509,2020-03-23 08:00:00,2021-03-23 08:00:00,2021-03-23 08:00:00,365,1
696,2021-03-24 08:00:00,Decision Tree,8,1.6223366506830943,1.69331929585038,2020-03-24 08:00:00,2021-03-24 08:00:00,2021-03-24 08:00:00,365,1
697,2021-03-24 08:00:00,Random Forest,8,1.6223366506830943,1.649124767019623,2020-03-24 08:00:00,2021-03-24 08:00:00,2021-03-24 08:00:00,365,1
698,2021-03-24 08:00:00,Neural Network,8,1.6223366506830943,1.5204679743267042,2020-03-24 08:00:00,2021-03-24 08:00:00,2021-03-24 08:00:00,365,1
699,2021-03-24 08:00:00,Naive,8,1.6223366506830943,1.831644570491391,2020-03-24 08:00:00,2021-03-24 08:00:00,2021-03-24 08:00:00,365,1
700,2021-03-25 08:00:00,Decision Tree,8,1.803511604490057,1.8333281495596259,2020-03-25 08:00:00,2021-03-25 08:00:00,2021-03-25 08:00:00,365,1
701,2021-03-25 08:00:00,Random Forest,8,1.803511604490057,1.837487795637572,2020-03-25 08:00:00,2021-03-25 08:00:00,2021-03-25 08:00:00,365,1
702,2021-03-25 08:00:00,Neural Network,8,1.803511604490057,1.8538371711847408,2020-03-25 08:00:00,2021-03-25 08:00:00,2021-03-25 08:00:00,365,1
703,2021-03-25 08:00:00,Naive,8,1.803511604490057,1.6223366506830943,2020-03-25 08:00:00,2021-03-25 08:00:00,2021-03-25 08:00:00,365,1
704,2021-03-26 08:00:00,Decision Tree,8,1.4856206672729044,1.5050383785591226,2020-03-26 08:00:00,2021-03-26 08:00:00,2021-03-26 08:00:00,365,1
705,2021-03-26 08:00:00,Random Forest,8,1.4856206672729044,1.5003761822305948,2020-03-26 08:00:00,2021-03-26 08:00:00,2021-03-26 08:00:00,365,1
706,2021-03-26 08:00:00,Neural Network,8,1.4856206672729044,1.2808675502440034,2020-03-26 08:00:00,2021-03-26 08:00:00,2021-03-26 08:00:00,365,1
707,2021-03-26 08:00:00,Naive,8,1.4856206672729044,1.803511604490057,2020-03-26 08:00:00,2021-03-26 08:00:00,2021-03-26 08:00:00,365,1
708,2021-03-27 08:00:00,Decision Tree,8,-0.7244639680250826,-0.7033784597056809,2020-03-27 08:00:00,2021-03-27 08:00:00,2021-03-27 08:00:00,365,1
709,2021-03-27 08:00:00,Random Forest,8,-0.7244639680250826,-0.7119502849974524,2020-03-27 08:00:00,2021-03-27 08:00:00,2021-03-27 08:00:00,365,1
710,2021-03-27 08:00:00,Neural Network,8,-0.7244639680250826,-0.7322993242572122,2020-03-27 08:00:00,2021-03-27 08:00:00,2021-03-27 08:00:00,365,1
711,2021-03-27 08:00:00,Naive,8,-0.7244639680250826,1.4856206672729044,2020-03-27 08:00:00,2021-03-27 08:00:00,2021-03-27 08:00:00,365,1
712,2021-03-28 08:00:00,Decision Tree,8,-0.5636723149519067,-0.5322900483468458,2020-03-28 08:00:00,2021-03-28 08:00:00,2021-03-28 08:00:00,365,1
713,2021-03-28 08:00:00,Random Forest,8,-0.5636723149519067,-0.5505316433263883,2020-03-28 08:00:00,2021-03-28 08:00:00,2021-03-28 08:00:00,365,1
714,2021-03-28 08:00:00,Neural Network,8,-0.5636723149519067,-0.5750294481659053,2020-03-28 08:00:00,2021-03-28 08:00:00,2021-03-28 08:00:00,365,1
715,2021-03-28 08:00:00,Naive,8,-0.5636723149519067,-0.7244639680250826,2020-03-28 08:00:00,2021-03-28 08:00:00,2021-03-28 08:00:00,365,1
716,2021-03-29 08:00:00,Decision Tree,8,1.6926532643275118,1.6943224290144012,2020-03-29 08:00:00,2021-03-29 08:00:00,2021-03-29 08:00:00,365,1
717,2021-03-29 08:00:00,Random Forest,8,1.6926532643275118,1.6900302071943885,2020-03-29 08:00:00,2021-03-29 08:00:00,2021-03-29 08:00:00,365,1
718,2021-03-29 08:00:00,Neural Network,8,1.6926532643275118,1.625269852716689,2020-03-29 08:00:00,2021-03-29 08:00:00,2021-03-29 08:00:00,365,1
719,2021-03-29 08:00:00,Naive,8,1.6926532643275118,-0.5636723149519067,2020-03-29 08:00:00,2021-03-29 08:00:00,2021-03-29 08:00:00,365,1
720,2021-03-30 08:00:00,Decision Tree,8,1.8369503828083682,1.829068643121116,2020-03-30 08:00:00,2021-03-30 08:00:00,2021-03-30 08:00:00,365,1
721,2021-03-30 08:00:00,Random Forest,8,1.8369503828083682,1.854514166337344,2020-03-30 08:00:00,2021-03-30 08:00:00,2021-03-30 08:00:00,365,1
722,2021-03-30 08:00:00,Neural Network,8,1.8369503828083682,1.7625815438552541,2020-03-30 08:00:00,2021-03-30 08:00:00,2021-03-30 08:00:00,365,1
723,2021-03-30 08:00:00,Naive,8,1.8369503828083682,1.6926532643275118,2020-03-30 08:00:00,2021-03-30 08:00:00,2021-03-30 08:00:00,365,1
724,2021-03-31 08:00:00,Decision Tree,8,1.826029432418305,1.8300538605820225,2020-03-31 08:00:00,2021-03-31 08:00:00,2021-03-31 08:00:00,365,1
725,2021-03-31 08:00:00,Random Forest,8,1.826029432418305,1.8415846456652165,2020-03-31 08:00:00,2021-03-31 08:00:00,2021-03-31 08:00:00,365,1
726,2021-03-31 08:00:00,Neural Network,8,1.826029432418305,1.8495470894350328,2020-03-31 08:00:00,2021-03-31 08:00:00,2021-03-31 08:00:00,365,1
727,2021-03-31 08:00:00,Naive,8,1.826029432418305,1.8369503828083682,2020-03-31 08:00:00,2021-03-31 08:00:00,2021-03-31 08:00:00,365,1
728,2021-04-01 08:00:00,Decision Tree,8,1.5782049286603546,1.6185385169027602,2020-04-01 08:00:00,2021-04-01 08:00:00,2021-04-01 08:00:00,365,1
729,2021-04-01 08:00:00,Random Forest,8,1.5782049286603546,1.5802743031135102,2020-04-01 08:00:00,2021-04-01 08:00:00,2021-04-01 08:00:00,365,1
730,2021-04-01 08:00:00,Neural Network,8,1.5782049286603546,1.4201529397772163,2020-04-01 08:00:00,2021-04-01 08:00:00,2021-04-01 08:00:00,365,1
731,2021-04-01 08:00:00,Naive,8,1.5782049286603546,1.826029432418305,2020-04-01 08:00:00,2021-04-01 08:00:00,2021-04-01 08:00:00,365,1
732,2021-04-02 08:00:00,Decision Tree,8,1.3718477577610182,1.303174133491527,2020-04-02 08:00:00,2021-04-02 08:00:00,2021-04-02 08:00:00,365,1
733,2021-04-02 08:00:00,Random Forest,8,1.3718477577610182,1.3916131467354136,2020-04-02 08:00:00,2021-04-02 08:00:00,2021-04-02 08:00:00,365,1
734,2021-04-02 08:00:00,Neural Network,8,1.3718477577610182,0.33844612320605433,2020-04-02 08:00:00,2021-04-02 08:00:00,2021-04-02 08:00:00,365,1
735,2021-04-02 08:00:00,Naive,8,1.3718477577610182,1.5782049286603546,2020-04-02 08:00:00,2021-04-02 08:00:00,2021-04-02 08:00:00,365,1
736,2021-04-03 08:00:00,Decision Tree,8,0.693022856859819,0.7449232067933902,2020-04-03 08:00:00,2021-04-03 08:00:00,2021-04-03 08:00:00,365,1
737,2021-04-03 08:00:00,Random Forest,8,0.693022856859819,0.712977671453801,2020-04-03 08:00:00,2021-04-03 08:00:00,2021-04-03 08:00:00,365,1
738,2021-04-03 08:00:00,Neural Network,8,0.693022856859819,0.37170776468549926,2020-04-03 08:00:00,2021-04-03 08:00:00,2021-04-03 08:00:00,365,1
739,2021-04-03 08:00:00,Naive,8,0.693022856859819,1.3718477577610182,2020-04-03 08:00:00,2021-04-03 08:00:00,2021-04-03 08:00:00,365,1
740,2021-04-04 08:00:00,Decision Tree,8,0.2770196466206171,0.24126899092310677,2020-04-04 08:00:00,2021-04-04 08:00:00,2021-04-04 08:00:00,365,1
741,2021-04-04 08:00:00,Random Forest,8,0.2770196466206171,0.2603008858348517,2020-04-04 08:00:00,2021-04-04 08:00:00,2021-04-04 08:00:00,365,1
742,2021-04-04 08:00:00,Neural Network,8,0.2770196466206171,0.11017367132085132,2020-04-04 08:00:00,2021-04-04 08:00:00,2021-04-04 08:00:00,365,1
743,2021-04-04 08:00:00,Naive,8,0.2770196466206171,0.693022856859819,2020-04-04 08:00:00,2021-04-04 08:00:00,2021-04-04 08:00:00,365,1
744,2021-04-05 08:00:00,Decision Tree,8,-2.2162188581254196,-1.9759428543072233,2020-04-05 08:00:00,2021-04-05 08:00:00,2021-04-05 08:00:00,365,1
745,2021-04-05 08:00:00,Random Forest,8,-2.2162188581254196,-1.9265574065446698,2020-04-05 08:00:00,2021-04-05 08:00:00,2021-04-05 08:00:00,365,1
746,2021-04-05 08:00:00,Neural Network,8,-2.2162188581254196,-2.3553206683558634,2020-04-05 08:00:00,2021-04-05 08:00:00,2021-04-05 08:00:00,365,1
747,2021-04-05 08:00:00,Naive,8,-2.2162188581254196,0.2770196466206171,2020-04-05 08:00:00,2021-04-05 08:00:00,2021-04-05 08:00:00,365,1
748,2021-04-06 08:00:00,Decision Tree,8,1.3436954571066912,1.4101900915498367,2020-04-06 08:00:00,2021-04-06 08:00:00,2021-04-06 08:00:00,365,1
749,2021-04-06 08:00:00,Random Forest,8,1.3436954571066912,1.3896919910442145,2020-04-06 08:00:00,2021-04-06 08:00:00,2021-04-06 08:00:00,365,1
750,2021-04-06 08:00:00,Neural Network,8,1.3436954571066912,1.016320177803676,2020-04-06 08:00:00,2021-04-06 08:00:00,2021-04-06 08:00:00,365,1
751,2021-04-06 08:00:00,Naive,8,1.3436954571066912,-2.2162188581254196,2020-04-06 08:00:00,2021-04-06 08:00:00,2021-04-06 08:00:00,365,1
752,2021-04-07 08:00:00,Decision Tree,8,1.9878759816561236,1.9387200476704467,2020-04-07 08:00:00,2021-04-07 08:00:00,2021-04-07 08:00:00,365,1
753,2021-04-07 08:00:00,Random Forest,8,1.9878759816561236,1.9610340282517233,2020-04-07 08:00:00,2021-04-07 08:00:00,2021-04-07 08:00:00,365,1
754,2021-04-07 08:00:00,Neural Network,8,1.9878759816561236,2.0273006253634565,2020-04-07 08:00:00,2021-04-07 08:00:00,2021-04-07 08:00:00,365,1
755,2021-04-07 08:00:00,Naive,8,1.9878759816561236,1.3436954571066912,2020-04-07 08:00:00,2021-04-07 08:00:00,2021-04-07 08:00:00,365,1
756,2021-04-08 08:00:00,Decision Tree,8,2.2433033006037473,2.2959252311968856,2020-04-08 08:00:00,2021-04-08 08:00:00,2021-04-08 08:00:00,365,1
757,2021-04-08 08:00:00,Random Forest,8,2.2433033006037473,2.261015563752009,2020-04-08 08:00:00,2021-04-08 08:00:00,2021-04-08 08:00:00,365,1
758,2021-04-08 08:00:00,Neural Network,8,2.2433033006037473,2.256194326050505,2020-04-08 08:00:00,2021-04-08 08:00:00,2021-04-08 08:00:00,365,1
759,2021-04-08 08:00:00,Naive,8,2.2433033006037473,1.9878759816561236,2020-04-08 08:00:00,2021-04-08 08:00:00,2021-04-08 08:00:00,365,1
760,2021-04-09 08:00:00,Decision Tree,8,1.306803625495375,1.3239440818181505,2020-04-09 08:00:00,2021-04-09 08:00:00,2021-04-09 08:00:00,365,1
761,2021-04-09 08:00:00,Random Forest,8,1.306803625495375,1.3161330519719476,2020-04-09 08:00:00,2021-04-09 08:00:00,2021-04-09 08:00:00,365,1
762,2021-04-09 08:00:00,Neural Network,8,1.306803625495375,1.1343276559891213,2020-04-09 08:00:00,2021-04-09 08:00:00,2021-04-09 08:00:00,365,1
763,2021-04-09 08:00:00,Naive,8,1.306803625495375,2.2433033006037473,2020-04-09 08:00:00,2021-04-09 08:00:00,2021-04-09 08:00:00,365,1
764,2021-04-10 08:00:00,Decision Tree,8,1.5421182975843961,1.5672835718361264,2020-04-10 08:00:00,2021-04-10 08:00:00,2021-04-10 08:00:00,365,1
765,2021-04-10 08:00:00,Random Forest,8,1.5421182975843961,1.5594834855853474,2020-04-10 08:00:00,2021-04-10 08:00:00,2021-04-10 08:00:00,365,1
766,2021-04-10 08:00:00,Neural Network,8,1.5421182975843961,1.1228099633392805,2020-04-10 08:00:00,2021-04-10 08:00:00,2021-04-10 08:00:00,365,1
767,2021-04-10 08:00:00,Naive,8,1.5421182975843961,1.306803625495375,2020-04-10 08:00:00,2021-04-10 08:00:00,2021-04-10 08:00:00,365,1
768,2021-04-11 08:00:00,Decision Tree,8,0.6753217441826599,0.7362731484711283,2020-04-11 08:00:00,2021-04-11 08:00:00,2021-04-11 08:00:00,365,1
769,2021-04-11 08:00:00,Random Forest,8,0.6753217441826599,0.7047207159864591,2020-04-11 08:00:00,2021-04-11 08:00:00,2021-04-11 08:00:00,365,1
770,2021-04-11 08:00:00,Neural Network,8,0.6753217441826599,0.29958056385168064,2020-04-11 08:00:00,2021-04-11 08:00:00,2021-04-11 08:00:00,365,1
771,2021-04-11 08:00:00,Naive,8,0.6753217441826599,1.5421182975843961,2020-04-11 08:00:00,2021-04-11 08:00:00,2021-04-11 08:00:00,365,1
772,2021-04-12 08:00:00,Decision Tree,8,2.25083112120348,2.395611360052392,2020-04-12 08:00:00,2021-04-12 08:00:00,2021-04-12 08:00:00,365,1
773,2021-04-12 08:00:00,Random Forest,8,2.25083112120348,2.3060675854692425,2020-04-12 08:00:00,2021-04-12 08:00:00,2021-04-12 08:00:00,365,1
774,2021-04-12 08:00:00,Neural Network,8,2.25083112120348,2.436399932739864,2020-04-12 08:00:00,2021-04-12 08:00:00,2021-04-12 08:00:00,365,1
775,2021-04-12 08:00:00,Naive,8,2.25083112120348,0.6753217441826599,2020-04-12 08:00:00,2021-04-12 08:00:00,2021-04-12 08:00:00,365,1
776,2021-04-13 08:00:00,Decision Tree,8,1.8213903950502972,1.8296067018971651,2020-04-13 08:00:00,2021-04-13 08:00:00,2021-04-13 08:00:00,365,1
777,2021-04-13 08:00:00,Random Forest,8,1.8213903950502972,1.8453173017036273,2020-04-13 08:00:00,2021-04-13 08:00:00,2021-04-13 08:00:00,365,1
778,2021-04-13 08:00:00,Neural Network,8,1.8213903950502972,1.8719372883968806,2020-04-13 08:00:00,2021-04-13 08:00:00,2021-04-13 08:00:00,365,1
779,2021-04-13 08:00:00,Naive,8,1.8213903950502972,2.25083112120348,2020-04-13 08:00:00,2021-04-13 08:00:00,2021-04-13 08:00:00,365,1
780,2021-04-14 08:00:00,Decision Tree,8,2.5704377426276404,2.397723560903384,2020-04-14 08:00:00,2021-04-14 08:00:00,2021-04-14 08:00:00,365,1
781,2021-04-14 08:00:00,Random Forest,8,2.5704377426276404,2.4538471236311272,2020-04-14 08:00:00,2021-04-14 08:00:00,2021-04-14 08:00:00,365,1
782,2021-04-14 08:00:00,Neural Network,8,2.5704377426276404,2.909296584575595,2020-04-14 08:00:00,2021-04-14 08:00:00,2021-04-14 08:00:00,365,1
783,2021-04-14 08:00:00,Naive,8,2.5704377426276404,1.8213903950502972,2020-04-14 08:00:00,2021-04-14 08:00:00,2021-04-14 08:00:00,365,1
784,2021-04-15 08:00:00,Decision Tree,8,2.489597928529888,2.4631504493081624,2020-04-15 08:00:00,2021-04-15 08:00:00,2021-04-15 08:00:00,365,1
785,2021-04-15 08:00:00,Random Forest,8,2.489597928529888,2.5237021233811427,2020-04-15 08:00:00,2021-04-15 08:00:00,2021-04-15 08:00:00,365,1
786,2021-04-15 08:00:00,Neural Network,8,2.489597928529888,2.629450865425918,2020-04-15 08:00:00,2021-04-15 08:00:00,2021-04-15 08:00:00,365,1
787,2021-04-15 08:00:00,Naive,8,2.489597928529888,2.5704377426276404,2020-04-15 08:00:00,2021-04-15 08:00:00,2021-04-15 08:00:00,365,1
788,2021-04-16 08:00:00,Decision Tree,8,2.185770996815567,2.207872264983688,2020-04-16 08:00:00,2021-04-16 08:00:00,2021-04-16 08:00:00,365,1
789,2021-04-16 08:00:00,Random Forest,8,2.185770996815567,2.261971874343478,2020-04-16 08:00:00,2021-04-16 08:00:00,2021-04-16 08:00:00,365,1
790,2021-04-16 08:00:00,Neural Network,8,2.185770996815567,2.0825831638785646,2020-04-16 08:00:00,2021-04-16 08:00:00,2021-04-16 08:00:00,365,1
791,2021-04-16 08:00:00,Naive,8,2.185770996815567,2.489597928529888,2020-04-16 08:00:00,2021-04-16 08:00:00,2021-04-16 08:00:00,365,1
792,2021-04-17 08:00:00,Decision Tree,8,1.7296511168605835,1.6940839769162743,2020-04-17 08:00:00,2021-04-17 08:00:00,2021-04-17 08:00:00,365,1
793,2021-04-17 08:00:00,Random Forest,8,1.7296511168605835,1.6809700165929022,2020-04-17 08:00:00,2021-04-17 08:00:00,2021-04-17 08:00:00,365,1
794,2021-04-17 08:00:00,Neural Network,8,1.7296511168605835,1.3132793069297954,2020-04-17 08:00:00,2021-04-17 08:00:00,2021-04-17 08:00:00,365,1
795,2021-04-17 08:00:00,Naive,8,1.7296511168605835,2.185770996815567,2020-04-17 08:00:00,2021-04-17 08:00:00,2021-04-17 08:00:00,365,1
796,2021-04-18 08:00:00,Decision Tree,8,1.4813801553288168,1.4928695515619994,2020-04-18 08:00:00,2021-04-18 08:00:00,2021-04-18 08:00:00,365,1
797,2021-04-18 08:00:00,Random Forest,8,1.4813801553288168,1.493764302278941,2020-04-18 08:00:00,2021-04-18 08:00:00,2021-04-18 08:00:00,365,1
798,2021-04-18 08:00:00,Neural Network,8,1.4813801553288168,1.0883723420666542,2020-04-18 08:00:00,2021-04-18 08:00:00,2021-04-18 08:00:00,365,1
799,2021-04-18 08:00:00,Naive,8,1.4813801553288168,1.7296511168605835,2020-04-18 08:00:00,2021-04-18 08:00:00,2021-04-18 08:00:00,365,1
800,2021-04-19 08:00:00,Decision Tree,8,2.474627138681704,2.510903810773444,2020-04-19 08:00:00,2021-04-19 08:00:00,2021-04-19 08:00:00,365,1
801,2021-04-19 08:00:00,Random Forest,8,2.474627138681704,2.513548281445607,2020-04-19 08:00:00,2021-04-19 08:00:00,2021-04-19 08:00:00,365,1
802,2021-04-19 08:00:00,Neural Network,8,2.474627138681704,2.5988003515611235,2020-04-19 08:00:00,2021-04-19 08:00:00,2021-04-19 08:00:00,365,1
803,2021-04-19 08:00:00,Naive,8,2.474627138681704,1.4813801553288168,2020-04-19 08:00:00,2021-04-19 08:00:00,2021-04-19 08:00:00,365,1
804,2021-04-20 08:00:00,Decision Tree,8,2.3854911849026075,2.532557217703215,2020-04-20 08:00:00,2021-04-20 08:00:00,2021-04-20 08:00:00,365,1
805,2021-04-20 08:00:00,Random Forest,8,2.3854911849026075,2.446958535665184,2020-04-20 08:00:00,2021-04-20 08:00:00,2021-04-20 08:00:00,365,1
806,2021-04-20 08:00:00,Neural Network,8,2.3854911849026075,2.497960899049477,2020-04-20 08:00:00,2021-04-20 08:00:00,2021-04-20 08:00:00,365,1
807,2021-04-20 08:00:00,Naive,8,2.3854911849026075,2.474627138681704,2020-04-20 08:00:00,2021-04-20 08:00:00,2021-04-20 08:00:00,365,1
808,2021-04-21 08:00:00,Decision Tree,8,1.7887617170410768,1.8202167000055074,2020-04-21 08:00:00,2021-04-21 08:00:00,2021-04-21 08:00:00,365,1
809,2021-04-21 08:00:00,Random Forest,8,1.7887617170410768,1.8306868214698413,2020-04-21 08:00:00,2021-04-21 08:00:00,2021-04-21 08:00:00,365,1
810,2021-04-21 08:00:00,Neural Network,8,1.7887617170410768,1.751256920101189,2020-04-21 08:00:00,2021-04-21 08:00:00,2021-04-21 08:00:00,365,1
811,2021-04-21 08:00:00,Naive,8,1.7887617170410768,2.3854911849026075,2020-04-21 08:00:00,2021-04-21 08:00:00,2021-04-21 08:00:00,365,1
812,2021-04-22 08:00:00,Decision Tree,8,1.294366742816371,1.226823857578031,2020-04-22 08:00:00,2021-04-22 08:00:00,2021-04-22 08:00:00,365,1
813,2021-04-22 08:00:00,Random Forest,8,1.294366742816371,1.3047417236429326,2020-04-22 08:00:00,2021-04-22 08:00:00,2021-04-22 08:00:00,365,1
814,2021-04-22 08:00:00,Neural Network,8,1.294366742816371,1.2423847889025794,2020-04-22 08:00:00,2021-04-22 08:00:00,2021-04-22 08:00:00,365,1
815,2021-04-22 08:00:00,Naive,8,1.294366742816371,1.7887617170410768,2020-04-22 08:00:00,2021-04-22 08:00:00,2021-04-22 08:00:00,365,1
816,2021-04-23 08:00:00,Decision Tree,8,1.9372078902441232,1.9629050302232947,2020-04-23 08:00:00,2021-04-23 08:00:00,2021-04-23 08:00:00,365,1
817,2021-04-23 08:00:00,Random Forest,8,1.9372078902441232,1.9696440513021594,2020-04-23 08:00:00,2021-04-23 08:00:00,2021-04-23 08:00:00,365,1
818,2021-04-23 08:00:00,Neural Network,8,1.9372078902441232,1.705251308146063,2020-04-23 08:00:00,2021-04-23 08:00:00,2021-04-23 08:00:00,365,1
819,2021-04-23 08:00:00,Naive,8,1.9372078902441232,1.294366742816371,2020-04-23 08:00:00,2021-04-23 08:00:00,2021-04-23 08:00:00,365,1
820,2021-04-24 08:00:00,Decision Tree,8,1.1508014293298579,1.1784592636023297,2020-04-24 08:00:00,2021-04-24 08:00:00,2021-04-24 08:00:00,365,1
821,2021-04-24 08:00:00,Random Forest,8,1.1508014293298579,1.1607418214587215,2020-04-24 08:00:00,2021-04-24 08:00:00,2021-04-24 08:00:00,365,1
822,2021-04-24 08:00:00,Neural Network,8,1.1508014293298579,0.8955333270377742,2020-04-24 08:00:00,2021-04-24 08:00:00,2021-04-24 08:00:00,365,1
823,2021-04-24 08:00:00,Naive,8,1.1508014293298579,1.9372078902441232,2020-04-24 08:00:00,2021-04-24 08:00:00,2021-04-24 08:00:00,365,1
824,2021-04-25 08:00:00,Decision Tree,8,0.5166562043259817,0.4209217051567105,2020-04-25 08:00:00,2021-04-25 08:00:00,2021-04-25 08:00:00,365,1
825,2021-04-25 08:00:00,Random Forest,8,0.5166562043259817,0.48242816876968997,2020-04-25 08:00:00,2021-04-25 08:00:00,2021-04-25 08:00:00,365,1
826,2021-04-25 08:00:00,Neural Network,8,0.5166562043259817,0.42478278419946036,2020-04-25 08:00:00,2021-04-25 08:00:00,2021-04-25 08:00:00,365,1
827,2021-04-25 08:00:00,Naive,8,0.5166562043259817,1.1508014293298579,2020-04-25 08:00:00,2021-04-25 08:00:00,2021-04-25 08:00:00,365,1
828,2021-04-26 08:00:00,Decision Tree,8,1.9456181902602145,1.9228417261688342,2020-04-26 08:00:00,2021-04-26 08:00:00,2021-04-26 08:00:00,365,1
829,2021-04-26 08:00:00,Random Forest,8,1.9456181902602145,1.9372314291593182,2020-04-26 08:00:00,2021-04-26 08:00:00,2021-04-26 08:00:00,365,1
830,2021-04-26 08:00:00,Neural Network,8,1.9456181902602145,1.994156719023362,2020-04-26 08:00:00,2021-04-26 08:00:00,2021-04-26 08:00:00,365,1
831,2021-04-26 08:00:00,Naive,8,1.9456181902602145,0.5166562043259817,2020-04-26 08:00:00,2021-04-26 08:00:00,2021-04-26 08:00:00,365,1
832,2021-04-27 08:00:00,Decision Tree,8,1.8981776359254934,1.9266378035173979,2020-04-27 08:00:00,2021-04-27 08:00:00,2021-04-27 08:00:00,365,1
833,2021-04-27 08:00:00,Random Forest,8,1.8981776359254934,1.9480319511395339,2020-04-27 08:00:00,2021-04-27 08:00:00,2021-04-27 08:00:00,365,1
834,2021-04-27 08:00:00,Neural Network,8,1.8981776359254934,2.000224229006849,2020-04-27 08:00:00,2021-04-27 08:00:00,2021-04-27 08:00:00,365,1
835,2021-04-27 08:00:00,Naive,8,1.8981776359254934,1.9456181902602145,2020-04-27 08:00:00,2021-04-27 08:00:00,2021-04-27 08:00:00,365,1
836,2021-04-28 08:00:00,Decision Tree,8,1.9716244020444018,1.9462777698105929,2020-04-28 08:00:00,2021-04-28 08:00:00,2021-04-28 08:00:00,365,1
837,2021-04-28 08:00:00,Random Forest,8,1.9716244020444018,1.9463529980228718,2020-04-28 08:00:00,2021-04-28 08:00:00,2021-04-28 08:00:00,365,1
838,2021-04-28 08:00:00,Neural Network,8,1.9716244020444018,2.1226820430138833,2020-04-28 08:00:00,2021-04-28 08:00:00,2021-04-28 08:00:00,365,1
839,2021-04-28 08:00:00,Naive,8,1.9716244020444018,1.8981776359254934,2020-04-28 08:00:00,2021-04-28 08:00:00,2021-04-28 08:00:00,365,1
840,2021-04-29 08:00:00,Decision Tree,8,1.9600560132178266,1.9617664285121255,2020-04-29 08:00:00,2021-04-29 08:00:00,2021-04-29 08:00:00,365,1
841,2021-04-29 08:00:00,Random Forest,8,1.9600560132178266,1.9656528029406721,2020-04-29 08:00:00,2021-04-29 08:00:00,2021-04-29 08:00:00,365,1
842,2021-04-29 08:00:00,Neural Network,8,1.9600560132178266,1.8580459852318105,2020-04-29 08:00:00,2021-04-29 08:00:00,2021-04-29 08:00:00,365,1
843,2021-04-29 08:00:00,Naive,8,1.9600560132178266,1.9716244020444018,2020-04-29 08:00:00,2021-04-29 08:00:00,2021-04-29 08:00:00,365,1
844,2021-04-30 08:00:00,Decision Tree,8,1.9549037343383466,1.9351256656461022,2020-04-30 08:00:00,2021-04-30 08:00:00,2021-04-30 08:00:00,365,1
845,2021-04-30 08:00:00,Random Forest,8,1.9549037343383466,1.9470983928288998,2020-04-30 08:00:00,2021-04-30 08:00:00,2021-04-30 08:00:00,365,1
846,2021-04-30 08:00:00,Neural Network,8,1.9549037343383466,1.9255878199094023,2020-04-30 08:00:00,2021-04-30 08:00:00,2021-04-30 08:00:00,365,1
847,2021-04-30 08:00:00,Naive,8,1.9549037343383466,1.9600560132178266,2020-04-30 08:00:00,2021-04-30 08:00:00,2021-04-30 08:00:00,365,1
848,2021-05-01 08:00:00,Decision Tree,8,1.1981250865676907,1.1556317061546664,2020-05-01 08:00:00,2021-05-01 08:00:00,2021-05-01 08:00:00,365,1
849,2021-05-01 08:00:00,Random Forest,8,1.1981250865676907,1.1905166396795708,2020-05-01 08:00:00,2021-05-01 08:00:00,2021-05-01 08:00:00,365,1
850,2021-05-01 08:00:00,Neural Network,8,1.1981250865676907,0.19166647856715946,2020-05-01 08:00:00,2021-05-01 08:00:00,2021-05-01 08:00:00,365,1
851,2021-05-01 08:00:00,Naive,8,1.1981250865676907,1.9549037343383466,2020-05-01 08:00:00,2021-05-01 08:00:00,2021-05-01 08:00:00,365,1
852,2021-05-02 08:00:00,Decision Tree,8,0.9063408117093298,0.9304709439048001,2020-05-02 08:00:00,2021-05-02 08:00:00,2021-05-02 08:00:00,365,1
853,2021-05-02 08:00:00,Random Forest,8,0.9063408117093298,0.927291165853579,2020-05-02 08:00:00,2021-05-02 08:00:00,2021-05-02 08:00:00,365,1
854,2021-05-02 08:00:00,Neural Network,8,0.9063408117093298,0.593597044127507,2020-05-02 08:00:00,2021-05-02 08:00:00,2021-05-02 08:00:00,365,1
855,2021-05-02 08:00:00,Naive,8,0.9063408117093298,1.1981250865676907,2020-05-02 08:00:00,2021-05-02 08:00:00,2021-05-02 08:00:00,365,1
856,2021-05-03 08:00:00,Decision Tree,8,2.0033769324685013,2.0846547215355953,2020-05-03 08:00:00,2021-05-03 08:00:00,2021-05-03 08:00:00,365,1
857,2021-05-03 08:00:00,Random Forest,8,2.0033769324685013,2.1045218449252276,2020-05-03 08:00:00,2021-05-03 08:00:00,2021-05-03 08:00:00,365,1
858,2021-05-03 08:00:00,Neural Network,8,2.0033769324685013,1.8282384572627364,2020-05-03 08:00:00,2021-05-03 08:00:00,2021-05-03 08:00:00,365,1
859,2021-05-03 08:00:00,Naive,8,2.0033769324685013,0.9063408117093298,2020-05-03 08:00:00,2021-05-03 08:00:00,2021-05-03 08:00:00,365,1
860,2021-05-04 08:00:00,Decision Tree,8,0.8941879288583229,0.9164692692679756,2020-05-04 08:00:00,2021-05-04 08:00:00,2021-05-04 08:00:00,365,1
861,2021-05-04 08:00:00,Random Forest,8,0.8941879288583229,0.9036216819513595,2020-05-04 08:00:00,2021-05-04 08:00:00,2021-05-04 08:00:00,365,1
862,2021-05-04 08:00:00,Neural Network,8,0.8941879288583229,0.3192026520353964,2020-05-04 08:00:00,2021-05-04 08:00:00,2021-05-04 08:00:00,365,1
863,2021-05-04 08:00:00,Naive,8,0.8941879288583229,2.0033769324685013,2020-05-04 08:00:00,2021-05-04 08:00:00,2021-05-04 08:00:00,365,1
864,2021-05-05 08:00:00,Decision Tree,8,1.4179682115387813,1.4787180341579647,2020-05-05 08:00:00,2021-05-05 08:00:00,2021-05-05 08:00:00,365,1
865,2021-05-05 08:00:00,Random Forest,8,1.4179682115387813,1.4957111967020555,2020-05-05 08:00:00,2021-05-05 08:00:00,2021-05-05 08:00:00,365,1
866,2021-05-05 08:00:00,Neural Network,8,1.4179682115387813,1.2211691582070152,2020-05-05 08:00:00,2021-05-05 08:00:00,2021-05-05 08:00:00,365,1
867,2021-05-05 08:00:00,Naive,8,1.4179682115387813,0.8941879288583229,2020-05-05 08:00:00,2021-05-05 08:00:00,2021-05-05 08:00:00,365,1
868,2021-05-06 08:00:00,Decision Tree,8,1.614530099369054,1.698529869409313,2020-05-06 08:00:00,2021-05-06 08:00:00,2021-05-06 08:00:00,365,1
869,2021-05-06 08:00:00,Random Forest,8,1.614530099369054,1.6998106489718432,2020-05-06 08:00:00,2021-05-06 08:00:00,2021-05-06 08:00:00,365,1
870,2021-05-06 08:00:00,Neural Network,8,1.614530099369054,1.4603926120735715,2020-05-06 08:00:00,2021-05-06 08:00:00,2021-05-06 08:00:00,365,1
871,2021-05-06 08:00:00,Naive,8,1.614530099369054,1.4179682115387813,2020-05-06 08:00:00,2021-05-06 08:00:00,2021-05-06 08:00:00,365,1
872,2021-05-07 08:00:00,Decision Tree,8,2.220162858395294,2.2556714701761615,2020-05-07 08:00:00,2021-05-07 08:00:00,2021-05-07 08:00:00,365,1
873,2021-05-07 08:00:00,Random Forest,8,2.220162858395294,2.279591197912436,2020-05-07 08:00:00,2021-05-07 08:00:00,2021-05-07 08:00:00,365,1
874,2021-05-07 08:00:00,Neural Network,8,2.220162858395294,2.1232426129808153,2020-05-07 08:00:00,2021-05-07 08:00:00,2021-05-07 08:00:00,365,1
875,2021-05-07 08:00:00,Naive,8,2.220162858395294,1.614530099369054,2020-05-07 08:00:00,2021-05-07 08:00:00,2021-05-07 08:00:00,365,1
876,2021-05-08 08:00:00,Decision Tree,8,1.1675391079306257,1.1609433787062944,2020-05-08 08:00:00,2021-05-08 08:00:00,2021-05-08 08:00:00,365,1
877,2021-05-08 08:00:00,Random Forest,8,1.1675391079306257,1.173648789402066,2020-05-08 08:00:00,2021-05-08 08:00:00,2021-05-08 08:00:00,365,1
878,2021-05-08 08:00:00,Neural Network,8,1.1675391079306257,0.9460939498781225,2020-05-08 08:00:00,2021-05-08 08:00:00,2021-05-08 08:00:00,365,1
879,2021-05-08 08:00:00,Naive,8,1.1675391079306257,2.220162858395294,2020-05-08 08:00:00,2021-05-08 08:00:00,2021-05-08 08:00:00,365,1
880,2021-05-09 08:00:00,Decision Tree,8,-1.6365579237006067,-1.9973775726216905,2020-05-09 08:00:00,2021-05-09 08:00:00,2021-05-09 08:00:00,365,1
881,2021-05-09 08:00:00,Random Forest,8,-1.6365579237006067,-1.6631888361391538,2020-05-09 08:00:00,2021-05-09 08:00:00,2021-05-09 08:00:00,365,1
882,2021-05-09 08:00:00,Neural Network,8,-1.6365579237006067,-1.383032518827205,2020-05-09 08:00:00,2021-05-09 08:00:00,2021-05-09 08:00:00,365,1
883,2021-05-09 08:00:00,Naive,8,-1.6365579237006067,1.1675391079306257,2020-05-09 08:00:00,2021-05-09 08:00:00,2021-05-09 08:00:00,365,1
884,2021-05-10 08:00:00,Decision Tree,8,1.6933403973207681,1.7940370955726503,2020-05-10 08:00:00,2021-05-10 08:00:00,2021-05-10 08:00:00,365,1
885,2021-05-10 08:00:00,Random Forest,8,1.6933403973207681,1.8025822521821693,2020-05-10 08:00:00,2021-05-10 08:00:00,2021-05-10 08:00:00,365,1
886,2021-05-10 08:00:00,Neural Network,8,1.6933403973207681,1.5438610411163258,2020-05-10 08:00:00,2021-05-10 08:00:00,2021-05-10 08:00:00,365,1
887,2021-05-10 08:00:00,Naive,8,1.6933403973207681,-1.6365579237006067,2020-05-10 08:00:00,2021-05-10 08:00:00,2021-05-10 08:00:00,365,1
888,2021-05-11 08:00:00,Decision Tree,8,2.081644529230607,2.214341969388233,2020-05-11 08:00:00,2021-05-11 08:00:00,2021-05-11 08:00:00,365,1
889,2021-05-11 08:00:00,Random Forest,8,2.081644529230607,2.220503312688707,2020-05-11 08:00:00,2021-05-11 08:00:00,2021-05-11 08:00:00,365,1
890,2021-05-11 08:00:00,Neural Network,8,2.081644529230607,2.0707744617423542,2020-05-11 08:00:00,2021-05-11 08:00:00,2021-05-11 08:00:00,365,1
891,2021-05-11 08:00:00,Naive,8,2.081644529230607,1.6933403973207681,2020-05-11 08:00:00,2021-05-11 08:00:00,2021-05-11 08:00:00,365,1
892,2021-05-12 08:00:00,Decision Tree,8,1.9496345807859528,2.0877270747388565,2020-05-12 08:00:00,2021-05-12 08:00:00,2021-05-12 08:00:00,365,1
893,2021-05-12 08:00:00,Random Forest,8,1.9496345807859528,2.0204363956268536,2020-05-12 08:00:00,2021-05-12 08:00:00,2021-05-12 08:00:00,365,1
894,2021-05-12 08:00:00,Neural Network,8,1.9496345807859528,1.8481256312849061,2020-05-12 08:00:00,2021-05-12 08:00:00,2021-05-12 08:00:00,365,1
895,2021-05-12 08:00:00,Naive,8,1.9496345807859528,2.081644529230607,2020-05-12 08:00:00,2021-05-12 08:00:00,2021-05-12 08:00:00,365,1
896,2021-05-13 08:00:00,Decision Tree,8,1.5152934990975702,1.5992054177568755,2020-05-13 08:00:00,2021-05-13 08:00:00,2021-05-13 08:00:00,365,1
897,2021-05-13 08:00:00,Random Forest,8,1.5152934990975702,1.57341130033967,2020-05-13 08:00:00,2021-05-13 08:00:00,2021-05-13 08:00:00,365,1
898,2021-05-13 08:00:00,Neural Network,8,1.5152934990975702,1.2375252582700853,2020-05-13 08:00:00,2021-05-13 08:00:00,2021-05-13 08:00:00,365,1
899,2021-05-13 08:00:00,Naive,8,1.5152934990975702,1.9496345807859528,2020-05-13 08:00:00,2021-05-13 08:00:00,2021-05-13 08:00:00,365,1
900,2021-05-14 08:00:00,Decision Tree,8,1.8668180619756025,1.9176373980836967,2020-05-14 08:00:00,2021-05-14 08:00:00,2021-05-14 08:00:00,365,1
901,2021-05-14 08:00:00,Random Forest,8,1.8668180619756025,1.9369453989370484,2020-05-14 08:00:00,2021-05-14 08:00:00,2021-05-14 08:00:00,365,1
902,2021-05-14 08:00:00,Neural Network,8,1.8668180619756025,1.5849289665200654,2020-05-14 08:00:00,2021-05-14 08:00:00,2021-05-14 08:00:00,365,1
903,2021-05-14 08:00:00,Naive,8,1.8668180619756025,1.5152934990975702,2020-05-14 08:00:00,2021-05-14 08:00:00,2021-05-14 08:00:00,365,1
904,2021-05-15 08:00:00,Decision Tree,8,1.2885702778459511,1.362240940839176,2020-05-15 08:00:00,2021-05-15 08:00:00,2021-05-15 08:00:00,365,1
905,2021-05-15 08:00:00,Random Forest,8,1.2885702778459511,1.371399656283962,2020-05-15 08:00:00,2021-05-15 08:00:00,2021-05-15 08:00:00,365,1
906,2021-05-15 08:00:00,Neural Network,8,1.2885702778459511,1.2227255836422417,2020-05-15 08:00:00,2021-05-15 08:00:00,2021-05-15 08:00:00,365,1
907,2021-05-15 08:00:00,Naive,8,1.2885702778459511,1.8668180619756025,2020-05-15 08:00:00,2021-05-15 08:00:00,2021-05-15 08:00:00,365,1
908,2021-05-16 08:00:00,Decision Tree,8,-0.31754544540819074,-0.33493238416554066,2020-05-16 08:00:00,2021-05-16 08:00:00,2021-05-16 08:00:00,365,1
909,2021-05-16 08:00:00,Random Forest,8,-0.31754544540819074,-0.3058507229908463,2020-05-16 08:00:00,2021-05-16 08:00:00,2021-05-16 08:00:00,365,1
910,2021-05-16 08:00:00,Neural Network,8,-0.31754544540819074,0.16337190013144143,2020-05-16 08:00:00,2021-05-16 08:00:00,2021-05-16 08:00:00,365,1
911,2021-05-16 08:00:00,Naive,8,-0.31754544540819074,1.2885702778459511,2020-05-16 08:00:00,2021-05-16 08:00:00,2021-05-16 08:00:00,365,1
912,2021-05-17 08:00:00,Decision Tree,8,2.199847395513629,2.258631617938553,2020-05-17 08:00:00,2021-05-17 08:00:00,2021-05-17 08:00:00,365,1
913,2021-05-17 08:00:00,Random Forest,8,2.199847395513629,2.251965182333262,2020-05-17 08:00:00,2021-05-17 08:00:00,2021-05-17 08:00:00,365,1
914,2021-05-17 08:00:00,Neural Network,8,2.199847395513629,2.2202288893770237,2020-05-17 08:00:00,2021-05-17 08:00:00,2021-05-17 08:00:00,365,1
915,2021-05-17 08:00:00,Naive,8,2.199847395513629,-0.31754544540819074,2020-05-17 08:00:00,2021-05-17 08:00:00,2021-05-17 08:00:00,365,1
916,2021-05-18 08:00:00,Decision Tree,8,2.010757667566945,2.0877270747388565,2020-05-18 08:00:00,2021-05-18 08:00:00,2021-05-18 08:00:00,365,1
917,2021-05-18 08:00:00,Random Forest,8,2.010757667566945,2.1063700997095545,2020-05-18 08:00:00,2021-05-18 08:00:00,2021-05-18 08:00:00,365,1
918,2021-05-18 08:00:00,Neural Network,8,2.010757667566945,2.016690760582126,2020-05-18 08:00:00,2021-05-18 08:00:00,2021-05-18 08:00:00,365,1
919,2021-05-18 08:00:00,Naive,8,2.010757667566945,2.199847395513629,2020-05-18 08:00:00,2021-05-18 08:00:00,2021-05-18 08:00:00,365,1
920,2021-05-19 08:00:00,Decision Tree,8,2.1975254079941573,2.219983134506344,2020-05-19 08:00:00,2021-05-19 08:00:00,2021-05-19 08:00:00,365,1
921,2021-05-19 08:00:00,Random Forest,8,2.1975254079941573,2.2206971885015347,2020-05-19 08:00:00,2021-05-19 08:00:00,2021-05-19 08:00:00,365,1
922,2021-05-19 08:00:00,Neural Network,8,2.1975254079941573,2.2677852279369897,2020-05-19 08:00:00,2021-05-19 08:00:00,2021-05-19 08:00:00,365,1
923,2021-05-19 08:00:00,Naive,8,2.1975254079941573,2.010757667566945,2020-05-19 08:00:00,2021-05-19 08:00:00,2021-05-19 08:00:00,365,1
924,2021-05-20 08:00:00,Decision Tree,8,2.0883491138909327,2.2093219918644786,2020-05-20 08:00:00,2021-05-20 08:00:00,2021-05-20 08:00:00,365,1
925,2021-05-20 08:00:00,Random Forest,8,2.0883491138909327,2.197333158569593,2020-05-20 08:00:00,2021-05-20 08:00:00,2021-05-20 08:00:00,365,1
926,2021-05-20 08:00:00,Neural Network,8,2.0883491138909327,2.144656418996232,2020-05-20 08:00:00,2021-05-20 08:00:00,2021-05-20 08:00:00,365,1
927,2021-05-20 08:00:00,Naive,8,2.0883491138909327,2.1975254079941573,2020-05-20 08:00:00,2021-05-20 08:00:00,2021-05-20 08:00:00,365,1
928,2021-05-21 08:00:00,Decision Tree,8,1.455876934475319,1.60640800216665,2020-05-21 08:00:00,2021-05-21 08:00:00,2021-05-21 08:00:00,365,1
929,2021-05-21 08:00:00,Random Forest,8,1.455876934475319,1.5529709435838082,2020-05-21 08:00:00,2021-05-21 08:00:00,2021-05-21 08:00:00,365,1
930,2021-05-21 08:00:00,Neural Network,8,1.455876934475319,1.4719369931264188,2020-05-21 08:00:00,2021-05-21 08:00:00,2021-05-21 08:00:00,365,1
931,2021-05-21 08:00:00,Naive,8,1.455876934475319,2.0883491138909327,2020-05-21 08:00:00,2021-05-21 08:00:00,2021-05-21 08:00:00,365,1
932,2021-05-22 08:00:00,Decision Tree,8,-1.626046156561336,-1.5992956107893164,2020-05-22 08:00:00,2021-05-22 08:00:00,2021-05-22 08:00:00,365,1
933,2021-05-22 08:00:00,Random Forest,8,-1.626046156561336,-1.6867456133240342,2020-05-22 08:00:00,2021-05-22 08:00:00,2021-05-22 08:00:00,365,1
934,2021-05-22 08:00:00,Neural Network,8,-1.626046156561336,-1.4055891091310808,2020-05-22 08:00:00,2021-05-22 08:00:00,2021-05-22 08:00:00,365,1
935,2021-05-22 08:00:00,Naive,8,-1.626046156561336,1.455876934475319,2020-05-22 08:00:00,2021-05-22 08:00:00,2021-05-22 08:00:00,365,1
936,2021-05-23 08:00:00,Decision Tree,8,-1.2201495225105303,-1.3251784225896486,2020-05-23 08:00:00,2021-05-23 08:00:00,2021-05-23 08:00:00,365,1
937,2021-05-23 08:00:00,Random Forest,8,-1.2201495225105303,-1.251081386249525,2020-05-23 08:00:00,2021-05-23 08:00:00,2021-05-23 08:00:00,365,1
938,2021-05-23 08:00:00,Neural Network,8,-1.2201495225105303,-0.9041593553131274,2020-05-23 08:00:00,2021-05-23 08:00:00,2021-05-23 08:00:00,365,1
939,2021-05-23 08:00:00,Naive,8,-1.2201495225105303,-1.626046156561336,2020-05-23 08:00:00,2021-05-23 08:00:00,2021-05-23 08:00:00,365,1
940,2021-05-24 08:00:00,Decision Tree,8,-0.00972646624318831,0.027079643309732886,2020-05-24 08:00:00,2021-05-24 08:00:00,2021-05-24 08:00:00,365,1
941,2021-05-24 08:00:00,Random Forest,8,-0.00972646624318831,0.012749182251616309,2020-05-24 08:00:00,2021-05-24 08:00:00,2021-05-24 08:00:00,365,1
942,2021-05-24 08:00:00,Neural Network,8,-0.00972646624318831,-1.0233099317580643,2020-05-24 08:00:00,2021-05-24 08:00:00,2021-05-24 08:00:00,365,1
943,2021-05-24 08:00:00,Naive,8,-0.00972646624318831,-1.2201495225105303,2020-05-24 08:00:00,2021-05-24 08:00:00,2021-05-24 08:00:00,365,1
944,2021-05-25 08:00:00,Decision Tree,8,1.894439841458407,1.9491960367560197,2020-05-25 08:00:00,2021-05-25 08:00:00,2021-05-25 08:00:00,365,1
945,2021-05-25 08:00:00,Random Forest,8,1.894439841458407,1.9404151028880274,2020-05-25 08:00:00,2021-05-25 08:00:00,2021-05-25 08:00:00,365,1
946,2021-05-25 08:00:00,Neural Network,8,1.894439841458407,2.008111559379495,2020-05-25 08:00:00,2021-05-25 08:00:00,2021-05-25 08:00:00,365,1
947,2021-05-25 08:00:00,Naive,8,1.894439841458407,-0.00972646624318831,2020-05-25 08:00:00,2021-05-25 08:00:00,2021-05-25 08:00:00,365,1
948,2021-05-26 08:00:00,Decision Tree,8,1.869842601578329,1.958995428566644,2020-05-26 08:00:00,2021-05-26 08:00:00,2021-05-26 08:00:00,365,1
949,2021-05-26 08:00:00,Random Forest,8,1.869842601578329,1.9457983416820612,2020-05-26 08:00:00,2021-05-26 08:00:00,2021-05-26 08:00:00,365,1
950,2021-05-26 08:00:00,Neural Network,8,1.869842601578329,1.8557207967332103,2020-05-26 08:00:00,2021-05-26 08:00:00,2021-05-26 08:00:00,365,1
951,2021-05-26 08:00:00,Naive,8,1.869842601578329,1.894439841458407,2020-05-26 08:00:00,2021-05-26 08:00:00,2021-05-26 08:00:00,365,1
952,2021-05-27 08:00:00,Decision Tree,8,1.9245628102115833,2.047366874335506,2020-05-27 08:00:00,2021-05-27 08:00:00,2021-05-27 08:00:00,365,1
953,2021-05-27 08:00:00,Random Forest,8,1.9245628102115833,2.014931076602958,2020-05-27 08:00:00,2021-05-27 08:00:00,2021-05-27 08:00:00,365,1
954,2021-05-27 08:00:00,Neural Network,8,1.9245628102115833,1.9531014316802713,2020-05-27 08:00:00,2021-05-27 08:00:00,2021-05-27 08:00:00,365,1
955,2021-05-27 08:00:00,Naive,8,1.9245628102115833,1.869842601578329,2020-05-27 08:00:00,2021-05-27 08:00:00,2021-05-27 08:00:00,365,1
956,2021-05-28 08:00:00,Decision Tree,8,2.0295497730171848,2.144114681665942,2020-05-28 08:00:00,2021-05-28 08:00:00,2021-05-28 08:00:00,365,1
957,2021-05-28 08:00:00,Random Forest,8,2.0295497730171848,2.1140597541032244,2020-05-28 08:00:00,2021-05-28 08:00:00,2021-05-28 08:00:00,365,1
958,2021-05-28 08:00:00,Neural Network,8,2.0295497730171848,2.089118210998961,2020-05-28 08:00:00,2021-05-28 08:00:00,2021-05-28 08:00:00,365,1
959,2021-05-28 08:00:00,Naive,8,2.0295497730171848,1.9245628102115833,2020-05-28 08:00:00,2021-05-28 08:00:00,2021-05-28 08:00:00,365,1
960,2021-05-29 08:00:00,Decision Tree,8,1.403521353012613,1.466776473829132,2020-05-29 08:00:00,2021-05-29 08:00:00,2021-05-29 08:00:00,365,1
961,2021-05-29 08:00:00,Random Forest,8,1.403521353012613,1.461954160115134,2020-05-29 08:00:00,2021-05-29 08:00:00,2021-05-29 08:00:00,365,1
962,2021-05-29 08:00:00,Neural Network,8,1.403521353012613,1.3906636745451446,2020-05-29 08:00:00,2021-05-29 08:00:00,2021-05-29 08:00:00,365,1
963,2021-05-29 08:00:00,Naive,8,1.403521353012613,2.0295497730171848,2020-05-29 08:00:00,2021-05-29 08:00:00,2021-05-29 08:00:00,365,1
964,2021-05-30 08:00:00,Decision Tree,8,0.2067732599184093,0.2186931264792529,2020-05-30 08:00:00,2021-05-30 08:00:00,2021-05-30 08:00:00,365,1
965,2021-05-30 08:00:00,Random Forest,8,0.2067732599184093,0.2288993642386358,2020-05-30 08:00:00,2021-05-30 08:00:00,2021-05-30 08:00:00,365,1
966,2021-05-30 08:00:00,Neural Network,8,0.2067732599184093,0.3928165301835669,2020-05-30 08:00:00,2021-05-30 08:00:00,2021-05-30 08:00:00,365,1
967,2021-05-30 08:00:00,Naive,8,0.2067732599184093,1.403521353012613,2020-05-30 08:00:00,2021-05-30 08:00:00,2021-05-30 08:00:00,365,1
968,2021-05-31 08:00:00,Decision Tree,8,1.9208161034935793,2.037997080803247,2020-05-31 08:00:00,2021-05-31 08:00:00,2021-05-31 08:00:00,365,1
969,2021-05-31 08:00:00,Random Forest,8,1.9208161034935793,2.0131124654957633,2020-05-31 08:00:00,2021-05-31 08:00:00,2021-05-31 08:00:00,365,1
970,2021-05-31 08:00:00,Neural Network,8,1.9208161034935793,2.1815148937606406,2020-05-31 08:00:00,2021-05-31 08:00:00,2021-05-31 08:00:00,365,1
971,2021-05-31 08:00:00,Naive,8,1.9208161034935793,0.2067732599184093,2020-05-31 08:00:00,2021-05-31 08:00:00,2021-05-31 08:00:00,365,1
972,2021-06-01 08:00:00,Decision Tree,8,1.9238706791512301,2.0129123591406746,2020-06-01 08:00:00,2021-06-01 08:00:00,2021-06-01 08:00:00,365,1
973,2021-06-01 08:00:00,Random Forest,8,1.9238706791512301,1.9699117901390628,2020-06-01 08:00:00,2021-06-01 08:00:00,2021-06-01 08:00:00,365,1
974,2021-06-01 08:00:00,Neural Network,8,1.9238706791512301,2.08078446732499,2020-06-01 08:00:00,2021-06-01 08:00:00,2021-06-01 08:00:00,365,1
975,2021-06-01 08:00:00,Naive,8,1.9238706791512301,1.9208161034935793,2020-06-01 08:00:00,2021-06-01 08:00:00,2021-06-01 08:00:00,365,1
976,2021-06-02 08:00:00,Decision Tree,8,1.8003212261320873,1.9078569262215928,2020-06-02 08:00:00,2021-06-02 08:00:00,2021-06-02 08:00:00,365,1
977,2021-06-02 08:00:00,Random Forest,8,1.8003212261320873,1.8957385036921095,2020-06-02 08:00:00,2021-06-02 08:00:00,2021-06-02 08:00:00,365,1
978,2021-06-02 08:00:00,Neural Network,8,1.8003212261320873,1.7406669483322568,2020-06-02 08:00:00,2021-06-02 08:00:00,2021-06-02 08:00:00,365,1
979,2021-06-02 08:00:00,Naive,8,1.8003212261320873,1.9238706791512301,2020-06-02 08:00:00,2021-06-02 08:00:00,2021-06-02 08:00:00,365,1
980,2021-06-03 08:00:00,Decision Tree,8,1.2201644206564366,1.349962497006972,2020-06-03 08:00:00,2021-06-03 08:00:00,2021-06-03 08:00:00,365,1
981,2021-06-03 08:00:00,Random Forest,8,1.2201644206564366,1.3133257701335375,2020-06-03 08:00:00,2021-06-03 08:00:00,2021-06-03 08:00:00,365,1
982,2021-06-03 08:00:00,Neural Network,8,1.2201644206564366,0.9166759783415116,2020-06-03 08:00:00,2021-06-03 08:00:00,2021-06-03 08:00:00,365,1
983,2021-06-03 08:00:00,Naive,8,1.2201644206564366,1.8003212261320873,2020-06-03 08:00:00,2021-06-03 08:00:00,2021-06-03 08:00:00,365,1
984,2021-06-04 08:00:00,Decision Tree,8,1.8888069761418131,1.9276909398134676,2020-06-04 08:00:00,2021-06-04 08:00:00,2021-06-04 08:00:00,365,1
985,2021-06-04 08:00:00,Random Forest,8,1.8888069761418131,1.9333562225780812,2020-06-04 08:00:00,2021-06-04 08:00:00,2021-06-04 08:00:00,365,1
986,2021-06-04 08:00:00,Neural Network,8,1.8888069761418131,1.9230578545135737,2020-06-04 08:00:00,2021-06-04 08:00:00,2021-06-04 08:00:00,365,1
987,2021-06-04 08:00:00,Naive,8,1.8888069761418131,1.2201644206564366,2020-06-04 08:00:00,2021-06-04 08:00:00,2021-06-04 08:00:00,365,1
988,2021-06-05 08:00:00,Decision Tree,8,1.4096576685141624,1.4588695837270669,2020-06-05 08:00:00,2021-06-05 08:00:00,2021-06-05 08:00:00,365,1
989,2021-06-05 08:00:00,Random Forest,8,1.4096576685141624,1.4763602763334562,2020-06-05 08:00:00,2021-06-05 08:00:00,2021-06-05 08:00:00,365,1
990,2021-06-05 08:00:00,Neural Network,8,1.4096576685141624,1.3382621160576962,2020-06-05 08:00:00,2021-06-05 08:00:00,2021-06-05 08:00:00,365,1
991,2021-06-05 08:00:00,Naive,8,1.4096576685141624,1.8888069761418131,2020-06-05 08:00:00,2021-06-05 08:00:00,2021-06-05 08:00:00,365,1
992,2021-06-06 08:00:00,Decision Tree,8,1.1021536191161816,1.1638401042405353,2020-06-06 08:00:00,2021-06-06 08:00:00,2021-06-06 08:00:00,365,1
993,2021-06-06 08:00:00,Random Forest,8,1.1021536191161816,1.1751386733547722,2020-06-06 08:00:00,2021-06-06 08:00:00,2021-06-06 08:00:00,365,1
994,2021-06-06 08:00:00,Neural Network,8,1.1021536191161816,1.0346147629980909,2020-06-06 08:00:00,2021-06-06 08:00:00,2021-06-06 08:00:00,365,1
995,2021-06-06 08:00:00,Naive,8,1.1021536191161816,1.4096576685141624,2020-06-06 08:00:00,2021-06-06 08:00:00,2021-06-06 08:00:00,365,1
996,2021-06-07 08:00:00,Decision Tree,8,1.9553473937219086,2.099729724380865,2020-06-07 08:00:00,2021-06-07 08:00:00,2021-06-07 08:00:00,365,1
997,2021-06-07 08:00:00,Random Forest,8,1.9553473937219086,2.046882016621602,2020-06-07 08:00:00,2021-06-07 08:00:00,2021-06-07 08:00:00,365,1
998,2021-06-07 08:00:00,Neural Network,8,1.9553473937219086,1.951894263670571,2020-06-07 08:00:00,2021-06-07 08:00:00,2021-06-07 08:00:00,365,1
999,2021-06-07 08:00:00,Naive,8,1.9553473937219086,1.1021536191161816,2020-06-07 08:00:00,2021-06-07 08:00:00,2021-06-07 08:00:00,365,1
1000,2021-06-08 08:00:00,Decision Tree,8,2.020819448434035,2.178331154521916,2020-06-08 08:00:00,2021-06-08 08:00:00,2021-06-08 08:00:00,365,1
1001,2021-06-08 08:00:00,Random Forest,8,2.020819448434035,2.1090460906890596,2020-06-08 08:00:00,2021-06-08 08:00:00,2021-06-08 08:00:00,365,1
1002,2021-06-08 08:00:00,Neural Network,8,2.020819448434035,2.0988048682338554,2020-06-08 08:00:00,2021-06-08 08:00:00,2021-06-08 08:00:00,365,1
1003,2021-06-08 08:00:00,Naive,8,2.020819448434035,1.9553473937219086,2020-06-08 08:00:00,2021-06-08 08:00:00,2021-06-08 08:00:00,365,1
1004,2021-06-09 08:00:00,Decision Tree,8,1.9191635359960906,1.990461086172149,2020-06-09 08:00:00,2021-06-09 08:00:00,2021-06-09 08:00:00,365,1
1005,2021-06-09 08:00:00,Random Forest,8,1.9191635359960906,1.9892889289451776,2020-06-09 08:00:00,2021-06-09 08:00:00,2021-06-09 08:00:00,365,1
1006,2021-06-09 08:00:00,Neural Network,8,1.9191635359960906,2.0127418178544,2020-06-09 08:00:00,2021-06-09 08:00:00,2021-06-09 08:00:00,365,1
1007,2021-06-09 08:00:00,Naive,8,1.9191635359960906,2.020819448434035,2020-06-09 08:00:00,2021-06-09 08:00:00,2021-06-09 08:00:00,365,1
1008,2021-06-10 08:00:00,Decision Tree,8,1.9931448135107104,2.0718181485551415,2020-06-10 08:00:00,2021-06-10 08:00:00,2021-06-10 08:00:00,365,1
1009,2021-06-10 08:00:00,Random Forest,8,1.9931448135107104,2.0393695011672452,2020-06-10 08:00:00,2021-06-10 08:00:00,2021-06-10 08:00:00,365,1
1010,2021-06-10 08:00:00,Neural Network,8,1.9931448135107104,2.0928861782860926,2020-06-10 08:00:00,2021-06-10 08:00:00,2021-06-10 08:00:00,365,1
1011,2021-06-10 08:00:00,Naive,8,1.9931448135107104,1.9191635359960906,2020-06-10 08:00:00,2021-06-10 08:00:00,2021-06-10 08:00:00,365,1
1012,2021-06-11 08:00:00,Decision Tree,8,1.9863467821716885,2.063076666883538,2020-06-11 08:00:00,2021-06-11 08:00:00,2021-06-11 08:00:00,365,1
1013,2021-06-11 08:00:00,Random Forest,8,1.9863467821716885,2.035559549539092,2020-06-11 08:00:00,2021-06-11 08:00:00,2021-06-11 08:00:00,365,1
1014,2021-06-11 08:00:00,Neural Network,8,1.9863467821716885,2.0387342522304785,2020-06-11 08:00:00,2021-06-11 08:00:00,2021-06-11 08:00:00,365,1
1015,2021-06-11 08:00:00,Naive,8,1.9863467821716885,1.9931448135107104,2020-06-11 08:00:00,2021-06-11 08:00:00,2021-06-11 08:00:00,365,1
1016,2021-06-12 08:00:00,Decision Tree,8,1.3570930005871162,1.4370154862350084,2020-06-12 08:00:00,2021-06-12 08:00:00,2021-06-12 08:00:00,365,1
1017,2021-06-12 08:00:00,Random Forest,8,1.3570930005871162,1.4306171563947803,2020-06-12 08:00:00,2021-06-12 08:00:00,2021-06-12 08:00:00,365,1
1018,2021-06-12 08:00:00,Neural Network,8,1.3570930005871162,0.9807754696864955,2020-06-12 08:00:00,2021-06-12 08:00:00,2021-06-12 08:00:00,365,1
1019,2021-06-12 08:00:00,Naive,8,1.3570930005871162,1.9863467821716885,2020-06-12 08:00:00,2021-06-12 08:00:00,2021-06-12 08:00:00,365,1
1020,2021-06-13 08:00:00,Decision Tree,8,-1.4846091029945163,-1.948283627820997,2020-06-13 08:00:00,2021-06-13 08:00:00,2021-06-13 08:00:00,365,1
1021,2021-06-13 08:00:00,Random Forest,8,-1.4846091029945163,-1.6318729776599452,2020-06-13 08:00:00,2021-06-13 08:00:00,2021-06-13 08:00:00,365,1
1022,2021-06-13 08:00:00,Neural Network,8,-1.4846091029945163,-1.0717877473056383,2020-06-13 08:00:00,2021-06-13 08:00:00,2021-06-13 08:00:00,365,1
1023,2021-06-13 08:00:00,Naive,8,-1.4846091029945163,1.3570930005871162,2020-06-13 08:00:00,2021-06-13 08:00:00,2021-06-13 08:00:00,365,1
1024,2021-06-14 08:00:00,Decision Tree,8,1.9921371278274351,2.0203771689885284,2020-06-14 08:00:00,2021-06-14 08:00:00,2021-06-14 08:00:00,365,1
1025,2021-06-14 08:00:00,Random Forest,8,1.9921371278274351,2.02301180914662,2020-06-14 08:00:00,2021-06-14 08:00:00,2021-06-14 08:00:00,365,1
1026,2021-06-14 08:00:00,Neural Network,8,1.9921371278274351,2.046552083268886,2020-06-14 08:00:00,2021-06-14 08:00:00,2021-06-14 08:00:00,365,1
1027,2021-06-14 08:00:00,Naive,8,1.9921371278274351,-1.4846091029945163,2020-06-14 08:00:00,2021-06-14 08:00:00,2021-06-14 08:00:00,365,1
1028,2021-06-15 08:00:00,Decision Tree,8,2.050533505820146,2.178331154521916,2020-06-15 08:00:00,2021-06-15 08:00:00,2021-06-15 08:00:00,365,1
1029,2021-06-15 08:00:00,Random Forest,8,2.050533505820146,2.1774364408964066,2020-06-15 08:00:00,2021-06-15 08:00:00,2021-06-15 08:00:00,365,1
1030,2021-06-15 08:00:00,Neural Network,8,2.050533505820146,2.2560423068279167,2020-06-15 08:00:00,2021-06-15 08:00:00,2021-06-15 08:00:00,365,1
1031,2021-06-15 08:00:00,Naive,8,2.050533505820146,1.9921371278274351,2020-06-15 08:00:00,2021-06-15 08:00:00,2021-06-15 08:00:00,365,1
1032,2021-06-16 08:00:00,Decision Tree,8,2.0982363215543507,2.1444052840068863,2020-06-16 08:00:00,2021-06-16 08:00:00,2021-06-16 08:00:00,365,1
1033,2021-06-16 08:00:00,Random Forest,8,2.0982363215543507,2.134634744345166,2020-06-16 08:00:00,2021-06-16 08:00:00,2021-06-16 08:00:00,365,1
1034,2021-06-16 08:00:00,Neural Network,8,2.0982363215543507,2.2455038390364566,2020-06-16 08:00:00,2021-06-16 08:00:00,2021-06-16 08:00:00,365,1
1035,2021-06-16 08:00:00,Naive,8,2.0982363215543507,2.050533505820146,2020-06-16 08:00:00,2021-06-16 08:00:00,2021-06-16 08:00:00,365,1
1036,2021-06-17 08:00:00,Decision Tree,8,2.0788139663976777,2.126898348954643,2020-06-17 08:00:00,2021-06-17 08:00:00,2021-06-17 08:00:00,365,1
1037,2021-06-17 08:00:00,Random Forest,8,2.0788139663976777,2.132317488696292,2020-06-17 08:00:00,2021-06-17 08:00:00,2021-06-17 08:00:00,365,1
1038,2021-06-17 08:00:00,Neural Network,8,2.0788139663976777,2.1655835352083908,2020-06-17 08:00:00,2021-06-17 08:00:00,2021-06-17 08:00:00,365,1
1039,2021-06-17 08:00:00,Naive,8,2.0788139663976777,2.0982363215543507,2020-06-17 08:00:00,2021-06-17 08:00:00,2021-06-17 08:00:00,365,1
1040,2021-06-18 08:00:00,Decision Tree,8,2.090495286347217,2.118884285195149,2020-06-18 08:00:00,2021-06-18 08:00:00,2021-06-18 08:00:00,365,1
1041,2021-06-18 08:00:00,Random Forest,8,2.090495286347217,2.115633386460001,2020-06-18 08:00:00,2021-06-18 08:00:00,2021-06-18 08:00:00,365,1
1042,2021-06-18 08:00:00,Neural Network,8,2.090495286347217,2.1971176084900845,2020-06-18 08:00:00,2021-06-18 08:00:00,2021-06-18 08:00:00,365,1
1043,2021-06-18 08:00:00,Naive,8,2.090495286347217,2.0788139663976777,2020-06-18 08:00:00,2021-06-18 08:00:00,2021-06-18 08:00:00,365,1
1044,2021-06-19 08:00:00,Decision Tree,8,1.593364573451232,1.8153287063616208,2020-06-19 08:00:00,2021-06-19 08:00:00,2021-06-19 08:00:00,365,1
1045,2021-06-19 08:00:00,Random Forest,8,1.593364573451232,1.767135411501599,2020-06-19 08:00:00,2021-06-19 08:00:00,2021-06-19 08:00:00,365,1
1046,2021-06-19 08:00:00,Neural Network,8,1.593364573451232,1.3284514447605735,2020-06-19 08:00:00,2021-06-19 08:00:00,2021-06-19 08:00:00,365,1
1047,2021-06-19 08:00:00,Naive,8,1.593364573451232,2.090495286347217,2020-06-19 08:00:00,2021-06-19 08:00:00,2021-06-19 08:00:00,365,1
1048,2021-06-20 08:00:00,Decision Tree,8,0.9735531478481665,1.1414247385848892,2020-06-20 08:00:00,2021-06-20 08:00:00,2021-06-20 08:00:00,365,1
1049,2021-06-20 08:00:00,Random Forest,8,0.9735531478481665,1.1280655329440756,2020-06-20 08:00:00,2021-06-20 08:00:00,2021-06-20 08:00:00,365,1
1050,2021-06-20 08:00:00,Neural Network,8,0.9735531478481665,1.012837574371252,2020-06-20 08:00:00,2021-06-20 08:00:00,2021-06-20 08:00:00,365,1
1051,2021-06-20 08:00:00,Naive,8,0.9735531478481665,1.593364573451232,2020-06-20 08:00:00,2021-06-20 08:00:00,2021-06-20 08:00:00,365,1
1052,2021-06-21 08:00:00,Decision Tree,8,1.949697129583655,2.057528148418171,2020-06-21 08:00:00,2021-06-21 08:00:00,2021-06-21 08:00:00,365,1
1053,2021-06-21 08:00:00,Random Forest,8,1.949697129583655,2.036659402816335,2020-06-21 08:00:00,2021-06-21 08:00:00,2021-06-21 08:00:00,365,1
1054,2021-06-21 08:00:00,Neural Network,8,1.949697129583655,1.992259851922022,2020-06-21 08:00:00,2021-06-21 08:00:00,2021-06-21 08:00:00,365,1
1055,2021-06-21 08:00:00,Naive,8,1.949697129583655,0.9735531478481665,2020-06-21 08:00:00,2021-06-21 08:00:00,2021-06-21 08:00:00,365,1
1056,2021-06-22 08:00:00,Decision Tree,8,2.0137330989009024,2.081285638802065,2020-06-22 08:00:00,2021-06-22 08:00:00,2021-06-22 08:00:00,365,1
1057,2021-06-22 08:00:00,Random Forest,8,2.0137330989009024,2.1249463994603635,2020-06-22 08:00:00,2021-06-22 08:00:00,2021-06-22 08:00:00,365,1
1058,2021-06-22 08:00:00,Neural Network,8,2.0137330989009024,2.0615807061523475,2020-06-22 08:00:00,2021-06-22 08:00:00,2021-06-22 08:00:00,365,1
1059,2021-06-22 08:00:00,Naive,8,2.0137330989009024,1.949697129583655,2020-06-22 08:00:00,2021-06-22 08:00:00,2021-06-22 08:00:00,365,1
1060,2021-06-23 08:00:00,Decision Tree,8,2.3427367599966513,2.487805339635933,2020-06-23 08:00:00,2021-06-23 08:00:00,2021-06-23 08:00:00,365,1
1061,2021-06-23 08:00:00,Random Forest,8,2.3427367599966513,2.481100846381433,2020-06-23 08:00:00,2021-06-23 08:00:00,2021-06-23 08:00:00,365,1
1062,2021-06-23 08:00:00,Neural Network,8,2.3427367599966513,2.106953538384688,2020-06-23 08:00:00,2021-06-23 08:00:00,2021-06-23 08:00:00,365,1
1063,2021-06-23 08:00:00,Naive,8,2.3427367599966513,2.0137330989009024,2020-06-23 08:00:00,2021-06-23 08:00:00,2021-06-23 08:00:00,365,1
1064,2021-06-24 08:00:00,Decision Tree,8,2.338563234936158,2.4696717671810227,2020-06-24 08:00:00,2021-06-24 08:00:00,2021-06-24 08:00:00,365,1
1065,2021-06-24 08:00:00,Random Forest,8,2.338563234936158,2.4236734707217304,2020-06-24 08:00:00,2021-06-24 08:00:00,2021-06-24 08:00:00,365,1
1066,2021-06-24 08:00:00,Neural Network,8,2.338563234936158,2.497762663117184,2020-06-24 08:00:00,2021-06-24 08:00:00,2021-06-24 08:00:00,365,1
1067,2021-06-24 08:00:00,Naive,8,2.338563234936158,2.3427367599966513,2020-06-24 08:00:00,2021-06-24 08:00:00,2021-06-24 08:00:00,365,1
1068,2021-06-25 08:00:00,Decision Tree,8,2.1511954147481314,2.4551041524871486,2020-06-25 08:00:00,2021-06-25 08:00:00,2021-06-25 08:00:00,365,1
1069,2021-06-25 08:00:00,Random Forest,8,2.1511954147481314,2.3557112563699576,2020-06-25 08:00:00,2021-06-25 08:00:00,2021-06-25 08:00:00,365,1
1070,2021-06-25 08:00:00,Neural Network,8,2.1511954147481314,2.2438814189693175,2020-06-25 08:00:00,2021-06-25 08:00:00,2021-06-25 08:00:00,365,1
1071,2021-06-25 08:00:00,Naive,8,2.1511954147481314,2.338563234936158,2020-06-25 08:00:00,2021-06-25 08:00:00,2021-06-25 08:00:00,365,1
1072,2021-06-26 08:00:00,Decision Tree,8,1.7637713311935934,1.8640457414572478,2020-06-26 08:00:00,2021-06-26 08:00:00,2021-06-26 08:00:00,365,1
1073,2021-06-26 08:00:00,Random Forest,8,1.7637713311935934,1.8743485812651492,2020-06-26 08:00:00,2021-06-26 08:00:00,2021-06-26 08:00:00,365,1
1074,2021-06-26 08:00:00,Neural Network,8,1.7637713311935934,1.741379106323964,2020-06-26 08:00:00,2021-06-26 08:00:00,2021-06-26 08:00:00,365,1
1075,2021-06-26 08:00:00,Naive,8,1.7637713311935934,2.1511954147481314,2020-06-26 08:00:00,2021-06-26 08:00:00,2021-06-26 08:00:00,365,1
1076,2021-06-27 08:00:00,Decision Tree,8,1.2283777799520996,1.3922222958327541,2020-06-27 08:00:00,2021-06-27 08:00:00,2021-06-27 08:00:00,365,1
1077,2021-06-27 08:00:00,Random Forest,8,1.2283777799520996,1.3791990492304615,2020-06-27 08:00:00,2021-06-27 08:00:00,2021-06-27 08:00:00,365,1
1078,2021-06-27 08:00:00,Neural Network,8,1.2283777799520996,1.2569828690133216,2020-06-27 08:00:00,2021-06-27 08:00:00,2021-06-27 08:00:00,365,1
1079,2021-06-27 08:00:00,Naive,8,1.2283777799520996,1.7637713311935934,2020-06-27 08:00:00,2021-06-27 08:00:00,2021-06-27 08:00:00,365,1
1080,2021-06-28 08:00:00,Decision Tree,8,2.042883607133193,2.1329836755614062,2020-06-28 08:00:00,2021-06-28 08:00:00,2021-06-28 08:00:00,365,1
1081,2021-06-28 08:00:00,Random Forest,8,2.042883607133193,2.067329736627555,2020-06-28 08:00:00,2021-06-28 08:00:00,2021-06-28 08:00:00,365,1
1082,2021-06-28 08:00:00,Neural Network,8,2.042883607133193,2.1502428475036006,2020-06-28 08:00:00,2021-06-28 08:00:00,2021-06-28 08:00:00,365,1
1083,2021-06-28 08:00:00,Naive,8,2.042883607133193,1.2283777799520996,2020-06-28 08:00:00,2021-06-28 08:00:00,2021-06-28 08:00:00,365,1
1084,2021-06-29 08:00:00,Decision Tree,8,2.2220124604894944,2.510903810773444,2020-06-29 08:00:00,2021-06-29 08:00:00,2021-06-29 08:00:00,365,1
1085,2021-06-29 08:00:00,Random Forest,8,2.2220124604894944,2.3137417686742228,2020-06-29 08:00:00,2021-06-29 08:00:00,2021-06-29 08:00:00,365,1
1086,2021-06-29 08:00:00,Neural Network,8,2.2220124604894944,2.360976711051705,2020-06-29 08:00:00,2021-06-29 08:00:00,2021-06-29 08:00:00,365,1
1087,2021-06-29 08:00:00,Naive,8,2.2220124604894944,2.042883607133193,2020-06-29 08:00:00,2021-06-29 08:00:00,2021-06-29 08:00:00,365,1
1088,2021-06-30 08:00:00,Decision Tree,8,2.1811661285256134,2.2846693457949296,2020-06-30 08:00:00,2021-06-30 08:00:00,2021-06-30 08:00:00,365,1
1089,2021-06-30 08:00:00,Random Forest,8,2.1811661285256134,2.289205343168325,2020-06-30 08:00:00,2021-06-30 08:00:00,2021-06-30 08:00:00,365,1
1090,2021-06-30 08:00:00,Neural Network,8,2.1811661285256134,2.264538270686253,2020-06-30 08:00:00,2021-06-30 08:00:00,2021-06-30 08:00:00,365,1
1091,2021-06-30 08:00:00,Naive,8,2.1811661285256134,2.2220124604894944,2020-06-30 08:00:00,2021-06-30 08:00:00,2021-06-30 08:00:00,365,1
1092,2021-07-01 08:00:00,Decision Tree,8,2.037905016672051,2.2286517963166195,2020-07-01 08:00:00,2021-07-01 08:00:00,2021-07-01 08:00:00,365,1
1093,2021-07-01 08:00:00,Random Forest,8,2.037905016672051,2.2027648343384487,2020-07-01 08:00:00,2021-07-01 08:00:00,2021-07-01 08:00:00,365,1
1094,2021-07-01 08:00:00,Neural Network,8,2.037905016672051,2.1166004460623524,2020-07-01 08:00:00,2021-07-01 08:00:00,2021-07-01 08:00:00,365,1
1095,2021-07-01 08:00:00,Naive,8,2.037905016672051,2.1811661285256134,2020-07-01 08:00:00,2021-07-01 08:00:00,2021-07-01 08:00:00,365,1
1096,2021-07-02 08:00:00,Decision Tree,8,2.355867423076736,2.267418809583377,2020-07-02 08:00:00,2021-07-02 08:00:00,2021-07-02 08:00:00,365,1
1097,2021-07-02 08:00:00,Random Forest,8,2.355867423076736,2.3578924153070884,2020-07-02 08:00:00,2021-07-02 08:00:00,2021-07-02 08:00:00,365,1
1098,2021-07-02 08:00:00,Neural Network,8,2.355867423076736,2.579469522292402,2020-07-02 08:00:00,2021-07-02 08:00:00,2021-07-02 08:00:00,365,1
1099,2021-07-02 08:00:00,Naive,8,2.355867423076736,2.037905016672051,2020-07-02 08:00:00,2021-07-02 08:00:00,2021-07-02 08:00:00,365,1
1100,2021-07-03 08:00:00,Decision Tree,8,1.75069977675863,1.8390386124676037,2020-07-03 08:00:00,2021-07-03 08:00:00,2021-07-03 08:00:00,365,1
1101,2021-07-03 08:00:00,Random Forest,8,1.75069977675863,1.8394528300298205,2020-07-03 08:00:00,2021-07-03 08:00:00,2021-07-03 08:00:00,365,1
1102,2021-07-03 08:00:00,Neural Network,8,1.75069977675863,1.6149003589823967,2020-07-03 08:00:00,2021-07-03 08:00:00,2021-07-03 08:00:00,365,1
1103,2021-07-03 08:00:00,Naive,8,1.75069977675863,2.355867423076736,2020-07-03 08:00:00,2021-07-03 08:00:00,2021-07-03 08:00:00,365,1
1104,2021-07-04 08:00:00,Decision Tree,8,1.6533409709246467,1.8243154731827749,2020-07-04 08:00:00,2021-07-04 08:00:00,2021-07-04 08:00:00,365,1
1105,2021-07-04 08:00:00,Random Forest,8,1.6533409709246467,1.7963986610096148,2020-07-04 08:00:00,2021-07-04 08:00:00,2021-07-04 08:00:00,365,1
1106,2021-07-04 08:00:00,Neural Network,8,1.6533409709246467,1.7177084092837438,2020-07-04 08:00:00,2021-07-04 08:00:00,2021-07-04 08:00:00,365,1
1107,2021-07-04 08:00:00,Naive,8,1.6533409709246467,1.75069977675863,2020-07-04 08:00:00,2021-07-04 08:00:00,2021-07-04 08:00:00,365,1
1108,2021-07-05 08:00:00,Decision Tree,8,2.1280215409411958,2.2800543257967134,2020-07-05 08:00:00,2021-07-05 08:00:00,2021-07-05 08:00:00,365,1
1109,2021-07-05 08:00:00,Random Forest,8,2.1280215409411958,2.2100271529579403,2020-07-05 08:00:00,2021-07-05 08:00:00,2021-07-05 08:00:00,365,1
1110,2021-07-05 08:00:00,Neural Network,8,2.1280215409411958,2.1846316682903226,2020-07-05 08:00:00,2021-07-05 08:00:00,2021-07-05 08:00:00,365,1
1111,2021-07-05 08:00:00,Naive,8,2.1280215409411958,1.6533409709246467,2020-07-05 08:00:00,2021-07-05 08:00:00,2021-07-05 08:00:00,365,1
1112,2021-07-06 08:00:00,Decision Tree,8,1.9902268078225986,1.9986124237847964,2020-07-06 08:00:00,2021-07-06 08:00:00,2021-07-06 08:00:00,365,1
1113,2021-07-06 08:00:00,Random Forest,8,1.9902268078225986,2.0452186864201116,2020-07-06 08:00:00,2021-07-06 08:00:00,2021-07-06 08:00:00,365,1
1114,2021-07-06 08:00:00,Neural Network,8,1.9902268078225986,2.044258975543411,2020-07-06 08:00:00,2021-07-06 08:00:00,2021-07-06 08:00:00,365,1
1115,2021-07-06 08:00:00,Naive,8,1.9902268078225986,2.1280215409411958,2020-07-06 08:00:00,2021-07-06 08:00:00,2021-07-06 08:00:00,365,1
1116,2021-07-07 08:00:00,Decision Tree,8,2.1548546301619065,2.1406626827527466,2020-07-07 08:00:00,2021-07-07 08:00:00,2021-07-07 08:00:00,365,1
1117,2021-07-07 08:00:00,Random Forest,8,2.1548546301619065,2.196552879533608,2020-07-07 08:00:00,2021-07-07 08:00:00,2021-07-07 08:00:00,365,1
1118,2021-07-07 08:00:00,Neural Network,8,2.1548546301619065,2.224223647676695,2020-07-07 08:00:00,2021-07-07 08:00:00,2021-07-07 08:00:00,365,1
1119,2021-07-07 08:00:00,Naive,8,2.1548546301619065,1.9902268078225986,2020-07-07 08:00:00,2021-07-07 08:00:00,2021-07-07 08:00:00,365,1
1120,2021-07-08 08:00:00,Decision Tree,8,2.3181310191703197,2.4376242547903897,2020-07-08 08:00:00,2021-07-08 08:00:00,2021-07-08 08:00:00,365,1
1121,2021-07-08 08:00:00,Random Forest,8,2.3181310191703197,2.323426733893999,2020-07-08 08:00:00,2021-07-08 08:00:00,2021-07-08 08:00:00,365,1
1122,2021-07-08 08:00:00,Neural Network,8,2.3181310191703197,2.4587646166559085,2020-07-08 08:00:00,2021-07-08 08:00:00,2021-07-08 08:00:00,365,1
1123,2021-07-08 08:00:00,Naive,8,2.3181310191703197,2.1548546301619065,2020-07-08 08:00:00,2021-07-08 08:00:00,2021-07-08 08:00:00,365,1
1124,2021-07-09 08:00:00,Decision Tree,8,2.139722033648516,2.2898992486079166,2020-07-09 08:00:00,2021-07-09 08:00:00,2021-07-09 08:00:00,365,1
1125,2021-07-09 08:00:00,Random Forest,8,2.139722033648516,2.1942106975029807,2020-07-09 08:00:00,2021-07-09 08:00:00,2021-07-09 08:00:00,365,1
1126,2021-07-09 08:00:00,Neural Network,8,2.139722033648516,2.1692298925142577,2020-07-09 08:00:00,2021-07-09 08:00:00,2021-07-09 08:00:00,365,1
1127,2021-07-09 08:00:00,Naive,8,2.139722033648516,2.3181310191703197,2020-07-09 08:00:00,2021-07-09 08:00:00,2021-07-09 08:00:00,365,1
1128,2021-07-10 08:00:00,Decision Tree,8,1.6631321790485907,1.7882318680738278,2020-07-10 08:00:00,2021-07-10 08:00:00,2021-07-10 08:00:00,365,1
1129,2021-07-10 08:00:00,Random Forest,8,1.6631321790485907,1.7730152801715118,2020-07-10 08:00:00,2021-07-10 08:00:00,2021-07-10 08:00:00,365,1
1130,2021-07-10 08:00:00,Neural Network,8,1.6631321790485907,1.5477775916242105,2020-07-10 08:00:00,2021-07-10 08:00:00,2021-07-10 08:00:00,365,1
1131,2021-07-10 08:00:00,Naive,8,1.6631321790485907,2.139722033648516,2020-07-10 08:00:00,2021-07-10 08:00:00,2021-07-10 08:00:00,365,1
1132,2021-07-11 08:00:00,Decision Tree,8,1.450664626798866,1.6607818161705001,2020-07-11 08:00:00,2021-07-11 08:00:00,2021-07-11 08:00:00,365,1
1133,2021-07-11 08:00:00,Random Forest,8,1.450664626798866,1.6300905596395334,2020-07-11 08:00:00,2021-07-11 08:00:00,2021-07-11 08:00:00,365,1
1134,2021-07-11 08:00:00,Neural Network,8,1.450664626798866,1.3933596424454144,2020-07-11 08:00:00,2021-07-11 08:00:00,2021-07-11 08:00:00,365,1
1135,2021-07-11 08:00:00,Naive,8,1.450664626798866,1.6631321790485907,2020-07-11 08:00:00,2021-07-11 08:00:00,2021-07-11 08:00:00,365,1
1136,2021-07-12 08:00:00,Decision Tree,8,2.1068870660048353,2.1422395657982087,2020-07-12 08:00:00,2021-07-12 08:00:00,2021-07-12 08:00:00,365,1
1137,2021-07-12 08:00:00,Random Forest,8,2.1068870660048353,2.111616706357044,2020-07-12 08:00:00,2021-07-12 08:00:00,2021-07-12 08:00:00,365,1
1138,2021-07-12 08:00:00,Neural Network,8,2.1068870660048353,2.209995977588144,2020-07-12 08:00:00,2021-07-12 08:00:00,2021-07-12 08:00:00,365,1
1139,2021-07-12 08:00:00,Naive,8,2.1068870660048353,1.450664626798866,2020-07-12 08:00:00,2021-07-12 08:00:00,2021-07-12 08:00:00,365,1
1140,2021-07-13 08:00:00,Decision Tree,8,2.158603390483475,2.315462179533872,2020-07-13 08:00:00,2021-07-13 08:00:00,2021-07-13 08:00:00,365,1
1141,2021-07-13 08:00:00,Random Forest,8,2.158603390483475,2.218913126171616,2020-07-13 08:00:00,2021-07-13 08:00:00,2021-07-13 08:00:00,365,1
1142,2021-07-13 08:00:00,Neural Network,8,2.158603390483475,2.3052313624858467,2020-07-13 08:00:00,2021-07-13 08:00:00,2021-07-13 08:00:00,365,1
1143,2021-07-13 08:00:00,Naive,8,2.158603390483475,2.1068870660048353,2020-07-13 08:00:00,2021-07-13 08:00:00,2021-07-13 08:00:00,365,1
1144,2021-07-14 08:00:00,Decision Tree,8,2.1723085574994507,2.315462179533872,2020-07-14 08:00:00,2021-07-14 08:00:00,2021-07-14 08:00:00,365,1
1145,2021-07-14 08:00:00,Random Forest,8,2.1723085574994507,2.238308384328151,2020-07-14 08:00:00,2021-07-14 08:00:00,2021-07-14 08:00:00,365,1
1146,2021-07-14 08:00:00,Neural Network,8,2.1723085574994507,2.247326598350395,2020-07-14 08:00:00,2021-07-14 08:00:00,2021-07-14 08:00:00,365,1
1147,2021-07-14 08:00:00,Naive,8,2.1723085574994507,2.158603390483475,2020-07-14 08:00:00,2021-07-14 08:00:00,2021-07-14 08:00:00,365,1
1148,2021-07-15 08:00:00,Decision Tree,8,2.083748913804161,2.131902528234433,2020-07-15 08:00:00,2021-07-15 08:00:00,2021-07-15 08:00:00,365,1
1149,2021-07-15 08:00:00,Random Forest,8,2.083748913804161,2.141084384817425,2020-07-15 08:00:00,2021-07-15 08:00:00,2021-07-15 08:00:00,365,1
1150,2021-07-15 08:00:00,Neural Network,8,2.083748913804161,2.1354091900603454,2020-07-15 08:00:00,2021-07-15 08:00:00,2021-07-15 08:00:00,365,1
1151,2021-07-15 08:00:00,Naive,8,2.083748913804161,2.1723085574994507,2020-07-15 08:00:00,2021-07-15 08:00:00,2021-07-15 08:00:00,365,1
1152,2021-07-16 08:00:00,Decision Tree,8,2.031201564695314,2.1250234404586794,2020-07-16 08:00:00,2021-07-16 08:00:00,2021-07-16 08:00:00,365,1
1153,2021-07-16 08:00:00,Random Forest,8,2.031201564695314,2.1182021957831747,2020-07-16 08:00:00,2021-07-16 08:00:00,2021-07-16 08:00:00,365,1
1154,2021-07-16 08:00:00,Neural Network,8,2.031201564695314,2.078720815453003,2020-07-16 08:00:00,2021-07-16 08:00:00,2021-07-16 08:00:00,365,1
1155,2021-07-16 08:00:00,Naive,8,2.031201564695314,2.083748913804161,2020-07-16 08:00:00,2021-07-16 08:00:00,2021-07-16 08:00:00,365,1
1156,2021-07-17 08:00:00,Decision Tree,8,1.5364745881618753,1.7395524639802127,2020-07-17 08:00:00,2021-07-17 08:00:00,2021-07-17 08:00:00,365,1
1157,2021-07-17 08:00:00,Random Forest,8,1.5364745881618753,1.7133351066996825,2020-07-17 08:00:00,2021-07-17 08:00:00,2021-07-17 08:00:00,365,1
1158,2021-07-17 08:00:00,Neural Network,8,1.5364745881618753,1.5366683744443947,2020-07-17 08:00:00,2021-07-17 08:00:00,2021-07-17 08:00:00,365,1
1159,2021-07-17 08:00:00,Naive,8,1.5364745881618753,2.031201564695314,2020-07-17 08:00:00,2021-07-17 08:00:00,2021-07-17 08:00:00,365,1
1160,2021-07-18 08:00:00,Decision Tree,8,0.8822456671334429,1.0407552865075338,2020-07-18 08:00:00,2021-07-18 08:00:00,2021-07-18 08:00:00,365,1
1161,2021-07-18 08:00:00,Random Forest,8,0.8822456671334429,1.0525897297628233,2020-07-18 08:00:00,2021-07-18 08:00:00,2021-07-18 08:00:00,365,1
1162,2021-07-18 08:00:00,Neural Network,8,0.8822456671334429,0.7932816983889609,2020-07-18 08:00:00,2021-07-18 08:00:00,2021-07-18 08:00:00,365,1
1163,2021-07-18 08:00:00,Naive,8,0.8822456671334429,1.5364745881618753,2020-07-18 08:00:00,2021-07-18 08:00:00,2021-07-18 08:00:00,365,1
1164,2021-07-19 08:00:00,Decision Tree,8,2.0777398841615815,2.0834632494874548,2020-07-19 08:00:00,2021-07-19 08:00:00,2021-07-19 08:00:00,365,1
1165,2021-07-19 08:00:00,Random Forest,8,2.0777398841615815,2.0921605896001227,2020-07-19 08:00:00,2021-07-19 08:00:00,2021-07-19 08:00:00,365,1
1166,2021-07-19 08:00:00,Neural Network,8,2.0777398841615815,2.1335426816900616,2020-07-19 08:00:00,2021-07-19 08:00:00,2021-07-19 08:00:00,365,1
1167,2021-07-19 08:00:00,Naive,8,2.0777398841615815,0.8822456671334429,2020-07-19 08:00:00,2021-07-19 08:00:00,2021-07-19 08:00:00,365,1
1168,2021-07-20 08:00:00,Decision Tree,8,2.1586474532981916,2.0825093552664757,2020-07-20 08:00:00,2021-07-20 08:00:00,2021-07-20 08:00:00,365,1
1169,2021-07-20 08:00:00,Random Forest,8,2.1586474532981916,2.1680182254677494,2020-07-20 08:00:00,2021-07-20 08:00:00,2021-07-20 08:00:00,365,1
1170,2021-07-20 08:00:00,Neural Network,8,2.1586474532981916,2.334534400660057,2020-07-20 08:00:00,2021-07-20 08:00:00,2021-07-20 08:00:00,365,1
1171,2021-07-20 08:00:00,Naive,8,2.1586474532981916,2.0777398841615815,2020-07-20 08:00:00,2021-07-20 08:00:00,2021-07-20 08:00:00,365,1
1172,2021-07-21 08:00:00,Decision Tree,8,2.114451542765988,2.093386226413864,2020-07-21 08:00:00,2021-07-21 08:00:00,2021-07-21 08:00:00,365,1
1173,2021-07-21 08:00:00,Random Forest,8,2.114451542765988,2.134046310930991,2020-07-21 08:00:00,2021-07-21 08:00:00,2021-07-21 08:00:00,365,1
1174,2021-07-21 08:00:00,Neural Network,8,2.114451542765988,2.188157688213175,2020-07-21 08:00:00,2021-07-21 08:00:00,2021-07-21 08:00:00,365,1
1175,2021-07-21 08:00:00,Naive,8,2.114451542765988,2.1586474532981916,2020-07-21 08:00:00,2021-07-21 08:00:00,2021-07-21 08:00:00,365,1
1176,2021-07-22 08:00:00,Decision Tree,8,2.0660632413178917,2.103610217218549,2020-07-22 08:00:00,2021-07-22 08:00:00,2021-07-22 08:00:00,365,1
1177,2021-07-22 08:00:00,Random Forest,8,2.0660632413178917,2.110213368708655,2020-07-22 08:00:00,2021-07-22 08:00:00,2021-07-22 08:00:00,365,1
1178,2021-07-22 08:00:00,Neural Network,8,2.0660632413178917,2.160165439749414,2020-07-22 08:00:00,2021-07-22 08:00:00,2021-07-22 08:00:00,365,1
1179,2021-07-22 08:00:00,Naive,8,2.0660632413178917,2.114451542765988,2020-07-22 08:00:00,2021-07-22 08:00:00,2021-07-22 08:00:00,365,1
1180,2021-07-23 08:00:00,Decision Tree,8,2.088647815066496,2.0926909298867695,2020-07-23 08:00:00,2021-07-23 08:00:00,2021-07-23 08:00:00,365,1
1181,2021-07-23 08:00:00,Random Forest,8,2.088647815066496,2.1146133816943284,2020-07-23 08:00:00,2021-07-23 08:00:00,2021-07-23 08:00:00,365,1
1182,2021-07-23 08:00:00,Neural Network,8,2.088647815066496,2.1927075872308004,2020-07-23 08:00:00,2021-07-23 08:00:00,2021-07-23 08:00:00,365,1
1183,2021-07-23 08:00:00,Naive,8,2.088647815066496,2.0660632413178917,2020-07-23 08:00:00,2021-07-23 08:00:00,2021-07-23 08:00:00,365,1
1184,2021-07-24 08:00:00,Decision Tree,8,1.5813741575075775,1.7395524639802127,2020-07-24 08:00:00,2021-07-24 08:00:00,2021-07-24 08:00:00,365,1
1185,2021-07-24 08:00:00,Random Forest,8,1.5813741575075775,1.7008894441447802,2020-07-24 08:00:00,2021-07-24 08:00:00,2021-07-24 08:00:00,365,1
1186,2021-07-24 08:00:00,Neural Network,8,1.5813741575075775,1.608540639398119,2020-07-24 08:00:00,2021-07-24 08:00:00,2021-07-24 08:00:00,365,1
1187,2021-07-24 08:00:00,Naive,8,1.5813741575075775,2.088647815066496,2020-07-24 08:00:00,2021-07-24 08:00:00,2021-07-24 08:00:00,365,1
1188,2021-07-25 08:00:00,Decision Tree,8,0.8134709078117285,1.0267977012446494,2020-07-25 08:00:00,2021-07-25 08:00:00,2021-07-25 08:00:00,365,1
1189,2021-07-25 08:00:00,Random Forest,8,0.8134709078117285,1.00922183118576,2020-07-25 08:00:00,2021-07-25 08:00:00,2021-07-25 08:00:00,365,1
1190,2021-07-25 08:00:00,Neural Network,8,0.8134709078117285,0.8409355361440508,2020-07-25 08:00:00,2021-07-25 08:00:00,2021-07-25 08:00:00,365,1
1191,2021-07-25 08:00:00,Naive,8,0.8134709078117285,1.5813741575075775,2020-07-25 08:00:00,2021-07-25 08:00:00,2021-07-25 08:00:00,365,1
1192,2021-07-26 08:00:00,Decision Tree,8,2.0144131266550724,2.0772652542838297,2020-07-26 08:00:00,2021-07-26 08:00:00,2021-07-26 08:00:00,365,1
1193,2021-07-26 08:00:00,Random Forest,8,2.0144131266550724,2.0969285866602623,2020-07-26 08:00:00,2021-07-26 08:00:00,2021-07-26 08:00:00,365,1
1194,2021-07-26 08:00:00,Neural Network,8,2.0144131266550724,2.093708240873708,2020-07-26 08:00:00,2021-07-26 08:00:00,2021-07-26 08:00:00,365,1
1195,2021-07-26 08:00:00,Naive,8,2.0144131266550724,0.8134709078117285,2020-07-26 08:00:00,2021-07-26 08:00:00,2021-07-26 08:00:00,365,1
1196,2021-07-27 08:00:00,Decision Tree,8,1.9939409930146432,2.0315883384155824,2020-07-27 08:00:00,2021-07-27 08:00:00,2021-07-27 08:00:00,365,1
1197,2021-07-27 08:00:00,Random Forest,8,1.9939409930146432,2.065178702737194,2020-07-27 08:00:00,2021-07-27 08:00:00,2021-07-27 08:00:00,365,1
1198,2021-07-27 08:00:00,Neural Network,8,1.9939409930146432,2.102981466257636,2020-07-27 08:00:00,2021-07-27 08:00:00,2021-07-27 08:00:00,365,1
1199,2021-07-27 08:00:00,Naive,8,1.9939409930146432,2.0144131266550724,2020-07-27 08:00:00,2021-07-27 08:00:00,2021-07-27 08:00:00,365,1
1200,2021-07-28 08:00:00,Decision Tree,8,2.1435933627978687,2.1472725243830055,2020-07-28 08:00:00,2021-07-28 08:00:00,2021-07-28 08:00:00,365,1
1201,2021-07-28 08:00:00,Random Forest,8,2.1435933627978687,2.175126533109122,2020-07-28 08:00:00,2021-07-28 08:00:00,2021-07-28 08:00:00,365,1
1202,2021-07-28 08:00:00,Neural Network,8,2.1435933627978687,1.725978565713667,2020-07-28 08:00:00,2021-07-28 08:00:00,2021-07-28 08:00:00,365,1
1203,2021-07-28 08:00:00,Naive,8,2.1435933627978687,1.9939409930146432,2020-07-28 08:00:00,2021-07-28 08:00:00,2021-07-28 08:00:00,365,1
1204,2021-07-29 08:00:00,Decision Tree,8,1.2437536378769474,1.4255979882853096,2020-07-29 08:00:00,2021-07-29 08:00:00,2021-07-29 08:00:00,365,1
1205,2021-07-29 08:00:00,Random Forest,8,1.2437536378769474,1.456752862990429,2020-07-29 08:00:00,2021-07-29 08:00:00,2021-07-29 08:00:00,365,1
1206,2021-07-29 08:00:00,Neural Network,8,1.2437536378769474,1.404810950771354,2020-07-29 08:00:00,2021-07-29 08:00:00,2021-07-29 08:00:00,365,1
1207,2021-07-29 08:00:00,Naive,8,1.2437536378769474,2.1435933627978687,2020-07-29 08:00:00,2021-07-29 08:00:00,2021-07-29 08:00:00,365,1
1208,2021-07-30 08:00:00,Decision Tree,8,1.6077838790216878,1.6824636830866075,2020-07-30 08:00:00,2021-07-30 08:00:00,2021-07-30 08:00:00,365,1
1209,2021-07-30 08:00:00,Random Forest,8,1.6077838790216878,1.7889850454338496,2020-07-30 08:00:00,2021-07-30 08:00:00,2021-07-30 08:00:00,365,1
1210,2021-07-30 08:00:00,Neural Network,8,1.6077838790216878,1.5830720214329594,2020-07-30 08:00:00,2021-07-30 08:00:00,2021-07-30 08:00:00,365,1
1211,2021-07-30 08:00:00,Naive,8,1.6077838790216878,1.2437536378769474,2020-07-30 08:00:00,2021-07-30 08:00:00,2021-07-30 08:00:00,365,1
1212,2021-07-31 08:00:00,Decision Tree,8,-0.09435653392489801,0.030345372623646165,2020-07-31 08:00:00,2021-07-31 08:00:00,2021-07-31 08:00:00,365,1
1213,2021-07-31 08:00:00,Random Forest,8,-0.09435653392489801,0.022589931109841033,2020-07-31 08:00:00,2021-07-31 08:00:00,2021-07-31 08:00:00,365,1
1214,2021-07-31 08:00:00,Neural Network,8,-0.09435653392489801,-0.057924497430741795,2020-07-31 08:00:00,2021-07-31 08:00:00,2021-07-31 08:00:00,365,1
1215,2021-07-31 08:00:00,Naive,8,-0.09435653392489801,1.6077838790216878,2020-07-31 08:00:00,2021-07-31 08:00:00,2021-07-31 08:00:00,365,1
1216,2021-08-01 08:00:00,Decision Tree,8,0.9686233268016821,1.2267121713220859,2020-08-01 08:00:00,2021-08-01 08:00:00,2021-08-01 08:00:00,365,1
1217,2021-08-01 08:00:00,Random Forest,8,0.9686233268016821,1.1991079950235832,2020-08-01 08:00:00,2021-08-01 08:00:00,2021-08-01 08:00:00,365,1
1218,2021-08-01 08:00:00,Neural Network,8,0.9686233268016821,0.9784998466210474,2020-08-01 08:00:00,2021-08-01 08:00:00,2021-08-01 08:00:00,365,1
1219,2021-08-01 08:00:00,Naive,8,0.9686233268016821,-0.09435653392489801,2020-08-01 08:00:00,2021-08-01 08:00:00,2021-08-01 08:00:00,365,1
1220,2021-08-02 08:00:00,Decision Tree,8,1.927989499786292,2.0182636025382967,2020-08-02 08:00:00,2021-08-02 08:00:00,2021-08-02 08:00:00,365,1
1221,2021-08-02 08:00:00,Random Forest,8,1.927989499786292,2.039216222532834,2020-08-02 08:00:00,2021-08-02 08:00:00,2021-08-02 08:00:00,365,1
1222,2021-08-02 08:00:00,Neural Network,8,1.927989499786292,1.9233324483173153,2020-08-02 08:00:00,2021-08-02 08:00:00,2021-08-02 08:00:00,365,1
1223,2021-08-02 08:00:00,Naive,8,1.927989499786292,0.9686233268016821,2020-08-02 08:00:00,2021-08-02 08:00:00,2021-08-02 08:00:00,365,1
1224,2021-08-03 08:00:00,Decision Tree,8,2.2157415708609167,2.456155708361466,2020-08-03 08:00:00,2021-08-03 08:00:00,2021-08-03 08:00:00,365,1
1225,2021-08-03 08:00:00,Random Forest,8,2.2157415708609167,2.308095763940084,2020-08-03 08:00:00,2021-08-03 08:00:00,2021-08-03 08:00:00,365,1
1226,2021-08-03 08:00:00,Neural Network,8,2.2157415708609167,2.3191509502753176,2020-08-03 08:00:00,2021-08-03 08:00:00,2021-08-03 08:00:00,365,1
1227,2021-08-03 08:00:00,Naive,8,2.2157415708609167,1.927989499786292,2020-08-03 08:00:00,2021-08-03 08:00:00,2021-08-03 08:00:00,365,1
1228,2021-08-04 08:00:00,Decision Tree,8,2.2666932499075925,2.42944302641696,2020-08-04 08:00:00,2021-08-04 08:00:00,2021-08-04 08:00:00,365,1
1229,2021-08-04 08:00:00,Random Forest,8,2.2666932499075925,2.3036967558378154,2020-08-04 08:00:00,2021-08-04 08:00:00,2021-08-04 08:00:00,365,1
1230,2021-08-04 08:00:00,Neural Network,8,2.2666932499075925,2.320030753153433,2020-08-04 08:00:00,2021-08-04 08:00:00,2021-08-04 08:00:00,365,1
1231,2021-08-04 08:00:00,Naive,8,2.2666932499075925,2.2157415708609167,2020-08-04 08:00:00,2021-08-04 08:00:00,2021-08-04 08:00:00,365,1
1232,2021-08-05 08:00:00,Decision Tree,8,2.301068270817538,2.529962930557719,2020-08-05 08:00:00,2021-08-05 08:00:00,2021-08-05 08:00:00,365,1
1233,2021-08-05 08:00:00,Random Forest,8,2.301068270817538,2.3568137179180924,2020-08-05 08:00:00,2021-08-05 08:00:00,2021-08-05 08:00:00,365,1
1234,2021-08-05 08:00:00,Neural Network,8,2.301068270817538,2.373393212112859,2020-08-05 08:00:00,2021-08-05 08:00:00,2021-08-05 08:00:00,365,1
1235,2021-08-05 08:00:00,Naive,8,2.301068270817538,2.2666932499075925,2020-08-05 08:00:00,2021-08-05 08:00:00,2021-08-05 08:00:00,365,1
1236,2021-08-06 08:00:00,Decision Tree,8,1.8775393649299146,2.1466593307854827,2020-08-06 08:00:00,2021-08-06 08:00:00,2021-08-06 08:00:00,365,1
1237,2021-08-06 08:00:00,Random Forest,8,1.8775393649299146,2.0593121180527887,2020-08-06 08:00:00,2021-08-06 08:00:00,2021-08-06 08:00:00,365,1
1238,2021-08-06 08:00:00,Neural Network,8,1.8775393649299146,1.9230476698225056,2020-08-06 08:00:00,2021-08-06 08:00:00,2021-08-06 08:00:00,365,1
1239,2021-08-06 08:00:00,Naive,8,1.8775393649299146,2.301068270817538,2020-08-06 08:00:00,2021-08-06 08:00:00,2021-08-06 08:00:00,365,1
1240,2021-08-07 08:00:00,Decision Tree,8,1.174366498497616,1.3054904729552554,2020-08-07 08:00:00,2021-08-07 08:00:00,2021-08-07 08:00:00,365,1
1241,2021-08-07 08:00:00,Random Forest,8,1.174366498497616,1.3656348679171175,2020-08-07 08:00:00,2021-08-07 08:00:00,2021-08-07 08:00:00,365,1
1242,2021-08-07 08:00:00,Neural Network,8,1.174366498497616,1.0635897585980052,2020-08-07 08:00:00,2021-08-07 08:00:00,2021-08-07 08:00:00,365,1
1243,2021-08-07 08:00:00,Naive,8,1.174366498497616,1.8775393649299146,2020-08-07 08:00:00,2021-08-07 08:00:00,2021-08-07 08:00:00,365,1
1244,2021-08-08 08:00:00,Decision Tree,8,-1.4996073180633738,-1.892862897116053,2020-08-08 08:00:00,2021-08-08 08:00:00,2021-08-08 08:00:00,365,1
1245,2021-08-08 08:00:00,Random Forest,8,-1.4996073180633738,-1.6597761598358567,2020-08-08 08:00:00,2021-08-08 08:00:00,2021-08-08 08:00:00,365,1
1246,2021-08-08 08:00:00,Neural Network,8,-1.4996073180633738,-1.3968954142788612,2020-08-08 08:00:00,2021-08-08 08:00:00,2021-08-08 08:00:00,365,1
1247,2021-08-08 08:00:00,Naive,8,-1.4996073180633738,1.174366498497616,2020-08-08 08:00:00,2021-08-08 08:00:00,2021-08-08 08:00:00,365,1
1248,2021-08-09 08:00:00,Decision Tree,8,1.7262382233629197,1.968786833392075,2020-08-09 08:00:00,2021-08-09 08:00:00,2021-08-09 08:00:00,365,1
1249,2021-08-09 08:00:00,Random Forest,8,1.7262382233629197,1.8946858651769807,2020-08-09 08:00:00,2021-08-09 08:00:00,2021-08-09 08:00:00,365,1
1250,2021-08-09 08:00:00,Neural Network,8,1.7262382233629197,1.7858556687811353,2020-08-09 08:00:00,2021-08-09 08:00:00,2021-08-09 08:00:00,365,1
1251,2021-08-09 08:00:00,Naive,8,1.7262382233629197,-1.4996073180633738,2020-08-09 08:00:00,2021-08-09 08:00:00,2021-08-09 08:00:00,365,1
1252,2021-08-10 08:00:00,Decision Tree,8,2.160840067772129,2.5299629305577196,2020-08-10 08:00:00,2021-08-10 08:00:00,2021-08-10 08:00:00,365,1
1253,2021-08-10 08:00:00,Random Forest,8,2.160840067772129,2.2425189406747177,2020-08-10 08:00:00,2021-08-10 08:00:00,2021-08-10 08:00:00,365,1
1254,2021-08-10 08:00:00,Neural Network,8,2.160840067772129,2.1457733635372227,2020-08-10 08:00:00,2021-08-10 08:00:00,2021-08-10 08:00:00,365,1
1255,2021-08-10 08:00:00,Naive,8,2.160840067772129,1.7262382233629197,2020-08-10 08:00:00,2021-08-10 08:00:00,2021-08-10 08:00:00,365,1
1256,2021-08-11 08:00:00,Decision Tree,8,2.238779836380401,2.2971556842815297,2020-08-11 08:00:00,2021-08-11 08:00:00,2021-08-11 08:00:00,365,1
1257,2021-08-11 08:00:00,Random Forest,8,2.238779836380401,2.2572061454442927,2020-08-11 08:00:00,2021-08-11 08:00:00,2021-08-11 08:00:00,365,1
1258,2021-08-11 08:00:00,Neural Network,8,2.238779836380401,2.2629123383742025,2020-08-11 08:00:00,2021-08-11 08:00:00,2021-08-11 08:00:00,365,1
1259,2021-08-11 08:00:00,Naive,8,2.238779836380401,2.160840067772129,2020-08-11 08:00:00,2021-08-11 08:00:00,2021-08-11 08:00:00,365,1
1260,2021-08-12 08:00:00,Decision Tree,8,2.2245423509312325,2.288816277438511,2020-08-12 08:00:00,2021-08-12 08:00:00,2021-08-12 08:00:00,365,1
1261,2021-08-12 08:00:00,Random Forest,8,2.2245423509312325,2.2669533396391985,2020-08-12 08:00:00,2021-08-12 08:00:00,2021-08-12 08:00:00,365,1
1262,2021-08-12 08:00:00,Neural Network,8,2.2245423509312325,2.2929665331918208,2020-08-12 08:00:00,2021-08-12 08:00:00,2021-08-12 08:00:00,365,1
1263,2021-08-12 08:00:00,Naive,8,2.2245423509312325,2.238779836380401,2020-08-12 08:00:00,2021-08-12 08:00:00,2021-08-12 08:00:00,365,1
1264,2021-08-13 08:00:00,Decision Tree,8,2.23426454720755,2.529962930557719,2020-08-13 08:00:00,2021-08-13 08:00:00,2021-08-13 08:00:00,365,1
1265,2021-08-13 08:00:00,Random Forest,8,2.23426454720755,2.255825741807413,2020-08-13 08:00:00,2021-08-13 08:00:00,2021-08-13 08:00:00,365,1
1266,2021-08-13 08:00:00,Neural Network,8,2.23426454720755,2.2924852271621274,2020-08-13 08:00:00,2021-08-13 08:00:00,2021-08-13 08:00:00,365,1
1267,2021-08-13 08:00:00,Naive,8,2.23426454720755,2.2245423509312325,2020-08-13 08:00:00,2021-08-13 08:00:00,2021-08-13 08:00:00,365,1
1268,2021-08-14 08:00:00,Decision Tree,8,1.4526261006271688,1.559852298038426,2020-08-14 08:00:00,2021-08-14 08:00:00,2021-08-14 08:00:00,365,1
1269,2021-08-14 08:00:00,Random Forest,8,1.4526261006271688,1.5930880718051679,2020-08-14 08:00:00,2021-08-14 08:00:00,2021-08-14 08:00:00,365,1
1270,2021-08-14 08:00:00,Neural Network,8,1.4526261006271688,1.5615990234240786,2020-08-14 08:00:00,2021-08-14 08:00:00,2021-08-14 08:00:00,365,1
1271,2021-08-14 08:00:00,Naive,8,1.4526261006271688,2.23426454720755,2020-08-14 08:00:00,2021-08-14 08:00:00,2021-08-14 08:00:00,365,1
1272,2021-08-15 08:00:00,Decision Tree,8,0.9192538176187718,1.1149684998772131,2020-08-15 08:00:00,2021-08-15 08:00:00,2021-08-15 08:00:00,365,1
1273,2021-08-15 08:00:00,Random Forest,8,0.9192538176187718,1.0720274786237902,2020-08-15 08:00:00,2021-08-15 08:00:00,2021-08-15 08:00:00,365,1
1274,2021-08-15 08:00:00,Neural Network,8,0.9192538176187718,0.1981870440238509,2020-08-15 08:00:00,2021-08-15 08:00:00,2021-08-15 08:00:00,365,1
1275,2021-08-15 08:00:00,Naive,8,0.9192538176187718,1.4526261006271688,2020-08-15 08:00:00,2021-08-15 08:00:00,2021-08-15 08:00:00,365,1
1276,2021-08-16 08:00:00,Decision Tree,8,1.874176616353895,1.9603251798534285,2020-08-16 08:00:00,2021-08-16 08:00:00,2021-08-16 08:00:00,365,1
1277,2021-08-16 08:00:00,Random Forest,8,1.874176616353895,1.9762089820764905,2020-08-16 08:00:00,2021-08-16 08:00:00,2021-08-16 08:00:00,365,1
1278,2021-08-16 08:00:00,Neural Network,8,1.874176616353895,1.9415678629473154,2020-08-16 08:00:00,2021-08-16 08:00:00,2021-08-16 08:00:00,365,1
1279,2021-08-16 08:00:00,Naive,8,1.874176616353895,0.9192538176187718,2020-08-16 08:00:00,2021-08-16 08:00:00,2021-08-16 08:00:00,365,1
1280,2021-08-17 08:00:00,Decision Tree,8,1.2863853298555803,1.5096846776273423,2020-08-17 08:00:00,2021-08-17 08:00:00,2021-08-17 08:00:00,365,1
1281,2021-08-17 08:00:00,Random Forest,8,1.2863853298555803,1.5874667836775442,2020-08-17 08:00:00,2021-08-17 08:00:00,2021-08-17 08:00:00,365,1
1282,2021-08-17 08:00:00,Neural Network,8,1.2863853298555803,1.2644218437874732,2020-08-17 08:00:00,2021-08-17 08:00:00,2021-08-17 08:00:00,365,1
1283,2021-08-17 08:00:00,Naive,8,1.2863853298555803,1.874176616353895,2020-08-17 08:00:00,2021-08-17 08:00:00,2021-08-17 08:00:00,365,1
1284,2021-08-18 08:00:00,Decision Tree,8,1.8897756715098484,2.053365283947317,2020-08-18 08:00:00,2021-08-18 08:00:00,2021-08-18 08:00:00,365,1
1285,2021-08-18 08:00:00,Random Forest,8,1.8897756715098484,2.03038891284759,2020-08-18 08:00:00,2021-08-18 08:00:00,2021-08-18 08:00:00,365,1
1286,2021-08-18 08:00:00,Neural Network,8,1.8897756715098484,2.390548066177091,2020-08-18 08:00:00,2021-08-18 08:00:00,2021-08-18 08:00:00,365,1
1287,2021-08-18 08:00:00,Naive,8,1.8897756715098484,1.2863853298555803,2020-08-18 08:00:00,2021-08-18 08:00:00,2021-08-18 08:00:00,365,1
1288,2021-08-19 08:00:00,Decision Tree,8,1.9471181357711067,2.2195538774552097,2020-08-19 08:00:00,2021-08-19 08:00:00,2021-08-19 08:00:00,365,1
1289,2021-08-19 08:00:00,Random Forest,8,1.9471181357711067,2.1198725326730044,2020-08-19 08:00:00,2021-08-19 08:00:00,2021-08-19 08:00:00,365,1
1290,2021-08-19 08:00:00,Neural Network,8,1.9471181357711067,2.027701507906922,2020-08-19 08:00:00,2021-08-19 08:00:00,2021-08-19 08:00:00,365,1
1291,2021-08-19 08:00:00,Naive,8,1.9471181357711067,1.8897756715098484,2020-08-19 08:00:00,2021-08-19 08:00:00,2021-08-19 08:00:00,365,1
1292,2021-08-20 08:00:00,Decision Tree,8,2.240668244777399,2.2911829658249085,2020-08-20 08:00:00,2021-08-20 08:00:00,2021-08-20 08:00:00,365,1
1293,2021-08-20 08:00:00,Random Forest,8,2.240668244777399,2.2973530577280896,2020-08-20 08:00:00,2021-08-20 08:00:00,2021-08-20 08:00:00,365,1
1294,2021-08-20 08:00:00,Neural Network,8,2.240668244777399,2.2872199482694433,2020-08-20 08:00:00,2021-08-20 08:00:00,2021-08-20 08:00:00,365,1
1295,2021-08-20 08:00:00,Naive,8,2.240668244777399,1.9471181357711067,2020-08-20 08:00:00,2021-08-20 08:00:00,2021-08-20 08:00:00,365,1
1296,2021-08-21 08:00:00,Decision Tree,8,1.8534460200553222,1.8575154568564245,2020-08-21 08:00:00,2021-08-21 08:00:00,2021-08-21 08:00:00,365,1
1297,2021-08-21 08:00:00,Random Forest,8,1.8534460200553222,1.9197261046654197,2020-08-21 08:00:00,2021-08-21 08:00:00,2021-08-21 08:00:00,365,1
1298,2021-08-21 08:00:00,Neural Network,8,1.8534460200553222,1.74925637847256,2020-08-21 08:00:00,2021-08-21 08:00:00,2021-08-21 08:00:00,365,1
1299,2021-08-21 08:00:00,Naive,8,1.8534460200553222,2.240668244777399,2020-08-21 08:00:00,2021-08-21 08:00:00,2021-08-21 08:00:00,365,1
1300,2021-08-22 08:00:00,Decision Tree,8,1.4086018533425022,1.4724681196653824,2020-08-22 08:00:00,2021-08-22 08:00:00,2021-08-22 08:00:00,365,1
1301,2021-08-22 08:00:00,Random Forest,8,1.4086018533425022,1.5110431980999117,2020-08-22 08:00:00,2021-08-22 08:00:00,2021-08-22 08:00:00,365,1
1302,2021-08-22 08:00:00,Neural Network,8,1.4086018533425022,1.6174660502045226,2020-08-22 08:00:00,2021-08-22 08:00:00,2021-08-22 08:00:00,365,1
1303,2021-08-22 08:00:00,Naive,8,1.4086018533425022,1.8534460200553222,2020-08-22 08:00:00,2021-08-22 08:00:00,2021-08-22 08:00:00,365,1
1304,2021-08-23 08:00:00,Decision Tree,8,2.1242914164023468,2.178857245453009,2020-08-23 08:00:00,2021-08-23 08:00:00,2021-08-23 08:00:00,365,1
1305,2021-08-23 08:00:00,Random Forest,8,2.1242914164023468,2.192655693510797,2020-08-23 08:00:00,2021-08-23 08:00:00,2021-08-23 08:00:00,365,1
1306,2021-08-23 08:00:00,Neural Network,8,2.1242914164023468,2.1730173836172817,2020-08-23 08:00:00,2021-08-23 08:00:00,2021-08-23 08:00:00,365,1
1307,2021-08-23 08:00:00,Naive,8,2.1242914164023468,1.4086018533425022,2020-08-23 08:00:00,2021-08-23 08:00:00,2021-08-23 08:00:00,365,1
1308,2021-08-24 08:00:00,Decision Tree,8,2.1914311445767187,2.266195168125521,2020-08-24 08:00:00,2021-08-24 08:00:00,2021-08-24 08:00:00,365,1
1309,2021-08-24 08:00:00,Random Forest,8,2.1914311445767187,2.259888355706818,2020-08-24 08:00:00,2021-08-24 08:00:00,2021-08-24 08:00:00,365,1
1310,2021-08-24 08:00:00,Neural Network,8,2.1914311445767187,2.3165147983268253,2020-08-24 08:00:00,2021-08-24 08:00:00,2021-08-24 08:00:00,365,1
1311,2021-08-24 08:00:00,Naive,8,2.1914311445767187,2.1242914164023468,2020-08-24 08:00:00,2021-08-24 08:00:00,2021-08-24 08:00:00,365,1
1312,2021-08-25 08:00:00,Decision Tree,8,1.9934280968562823,2.1003291251491847,2020-08-25 08:00:00,2021-08-25 08:00:00,2021-08-25 08:00:00,365,1
1313,2021-08-25 08:00:00,Random Forest,8,1.9934280968562823,2.0906531205408667,2020-08-25 08:00:00,2021-08-25 08:00:00,2021-08-25 08:00:00,365,1
1314,2021-08-25 08:00:00,Neural Network,8,1.9934280968562823,2.037609208107751,2020-08-25 08:00:00,2021-08-25 08:00:00,2021-08-25 08:00:00,365,1
1315,2021-08-25 08:00:00,Naive,8,1.9934280968562823,2.1914311445767187,2020-08-25 08:00:00,2021-08-25 08:00:00,2021-08-25 08:00:00,365,1
1316,2021-08-26 08:00:00,Decision Tree,8,2.21446409774239,2.2475922578250063,2020-08-26 08:00:00,2021-08-26 08:00:00,2021-08-26 08:00:00,365,1
1317,2021-08-26 08:00:00,Random Forest,8,2.21446409774239,2.254183129460684,2020-08-26 08:00:00,2021-08-26 08:00:00,2021-08-26 08:00:00,365,1
1318,2021-08-26 08:00:00,Neural Network,8,2.21446409774239,2.3250128005385164,2020-08-26 08:00:00,2021-08-26 08:00:00,2021-08-26 08:00:00,365,1
1319,2021-08-26 08:00:00,Naive,8,2.21446409774239,1.9934280968562823,2020-08-26 08:00:00,2021-08-26 08:00:00,2021-08-26 08:00:00,365,1
1320,2021-08-27 08:00:00,Decision Tree,8,2.122908551107049,2.1710621270172,2020-08-27 08:00:00,2021-08-27 08:00:00,2021-08-27 08:00:00,365,1
1321,2021-08-27 08:00:00,Random Forest,8,2.122908551107049,2.1714239914823694,2020-08-27 08:00:00,2021-08-27 08:00:00,2021-08-27 08:00:00,365,1
1322,2021-08-27 08:00:00,Neural Network,8,2.122908551107049,2.4404273664036844,2020-08-27 08:00:00,2021-08-27 08:00:00,2021-08-27 08:00:00,365,1
1323,2021-08-27 08:00:00,Naive,8,2.122908551107049,2.21446409774239,2020-08-27 08:00:00,2021-08-27 08:00:00,2021-08-27 08:00:00,365,1
1324,2021-08-28 08:00:00,Decision Tree,8,1.7135960847390717,1.8568372173895737,2020-08-28 08:00:00,2021-08-28 08:00:00,2021-08-28 08:00:00,365,1
1325,2021-08-28 08:00:00,Random Forest,8,1.7135960847390717,1.8499496460007867,2020-08-28 08:00:00,2021-08-28 08:00:00,2021-08-28 08:00:00,365,1
1326,2021-08-28 08:00:00,Neural Network,8,1.7135960847390717,1.8695996781842703,2020-08-28 08:00:00,2021-08-28 08:00:00,2021-08-28 08:00:00,365,1
1327,2021-08-28 08:00:00,Naive,8,1.7135960847390717,2.122908551107049,2020-08-28 08:00:00,2021-08-28 08:00:00,2021-08-28 08:00:00,365,1
1328,2021-08-29 08:00:00,Decision Tree,8,1.4419816033955013,1.6700170490757875,2020-08-29 08:00:00,2021-08-29 08:00:00,2021-08-29 08:00:00,365,1
1329,2021-08-29 08:00:00,Random Forest,8,1.4419816033955013,1.5796694696579945,2020-08-29 08:00:00,2021-08-29 08:00:00,2021-08-29 08:00:00,365,1
1330,2021-08-29 08:00:00,Neural Network,8,1.4419816033955013,1.608170909510431,2020-08-29 08:00:00,2021-08-29 08:00:00,2021-08-29 08:00:00,365,1
1331,2021-08-29 08:00:00,Naive,8,1.4419816033955013,1.7135960847390717,2020-08-29 08:00:00,2021-08-29 08:00:00,2021-08-29 08:00:00,365,1
1332,2021-08-30 08:00:00,Decision Tree,8,2.281007581636591,2.275752257264331,2020-08-30 08:00:00,2021-08-30 08:00:00,2021-08-30 08:00:00,365,1
1333,2021-08-30 08:00:00,Random Forest,8,2.281007581636591,2.2425025542346937,2020-08-30 08:00:00,2021-08-30 08:00:00,2021-08-30 08:00:00,365,1
1334,2021-08-30 08:00:00,Neural Network,8,2.281007581636591,2.456004896184038,2020-08-30 08:00:00,2021-08-30 08:00:00,2021-08-30 08:00:00,365,1
1335,2021-08-30 08:00:00,Naive,8,2.281007581636591,1.4419816033955013,2020-08-30 08:00:00,2021-08-30 08:00:00,2021-08-30 08:00:00,365,1
1336,2021-08-31 08:00:00,Decision Tree,8,2.328292904758311,2.244085199687771,2020-08-31 08:00:00,2021-08-31 08:00:00,2021-08-31 08:00:00,365,1
1337,2021-08-31 08:00:00,Random Forest,8,2.328292904758311,2.265370098657609,2020-08-31 08:00:00,2021-08-31 08:00:00,2021-08-31 08:00:00,365,1
1338,2021-08-31 08:00:00,Neural Network,8,2.328292904758311,2.406692258814765,2020-08-31 08:00:00,2021-08-31 08:00:00,2021-08-31 08:00:00,365,1
1339,2021-08-31 08:00:00,Naive,8,2.328292904758311,2.281007581636591,2020-08-31 08:00:00,2021-08-31 08:00:00,2021-08-31 08:00:00,365,1
1340,2021-09-01 08:00:00,Decision Tree,8,2.362752912047713,2.243657702664157,2020-09-01 08:00:00,2021-09-01 08:00:00,2021-09-01 08:00:00,365,1
1341,2021-09-01 08:00:00,Random Forest,8,2.362752912047713,2.2701073039586683,2020-09-01 08:00:00,2021-09-01 08:00:00,2021-09-01 08:00:00,365,1
1342,2021-09-01 08:00:00,Neural Network,8,2.362752912047713,2.5117215027129323,2020-09-01 08:00:00,2021-09-01 08:00:00,2021-09-01 08:00:00,365,1
1343,2021-09-01 08:00:00,Naive,8,2.362752912047713,2.328292904758311,2020-09-01 08:00:00,2021-09-01 08:00:00,2021-09-01 08:00:00,365,1
1344,2021-09-02 08:00:00,Decision Tree,8,2.413117330902479,2.336718268387635,2020-09-02 08:00:00,2021-09-02 08:00:00,2021-09-02 08:00:00,365,1
1345,2021-09-02 08:00:00,Random Forest,8,2.413117330902479,2.3273633473637227,2020-09-02 08:00:00,2021-09-02 08:00:00,2021-09-02 08:00:00,365,1
1346,2021-09-02 08:00:00,Neural Network,8,2.413117330902479,2.6957407710665877,2020-09-02 08:00:00,2021-09-02 08:00:00,2021-09-02 08:00:00,365,1
1347,2021-09-02 08:00:00,Naive,8,2.413117330902479,2.362752912047713,2020-09-02 08:00:00,2021-09-02 08:00:00,2021-09-02 08:00:00,365,1
1348,2021-09-03 08:00:00,Decision Tree,8,2.2979949443238668,2.2799922214043264,2020-09-03 08:00:00,2021-09-03 08:00:00,2021-09-03 08:00:00,365,1
1349,2021-09-03 08:00:00,Random Forest,8,2.2979949443238668,2.3062808091028173,2020-09-03 08:00:00,2021-09-03 08:00:00,2021-09-03 08:00:00,365,1
1350,2021-09-03 08:00:00,Neural Network,8,2.2979949443238668,2.4949160712930043,2020-09-03 08:00:00,2021-09-03 08:00:00,2021-09-03 08:00:00,365,1
1351,2021-09-03 08:00:00,Naive,8,2.2979949443238668,2.413117330902479,2020-09-03 08:00:00,2021-09-03 08:00:00,2021-09-03 08:00:00,365,1
1352,2021-09-04 08:00:00,Decision Tree,8,2.15378290198032,2.228362537790981,2020-09-04 08:00:00,2021-09-04 08:00:00,2021-09-04 08:00:00,365,1
1353,2021-09-04 08:00:00,Random Forest,8,2.15378290198032,2.2347632910233206,2020-09-04 08:00:00,2021-09-04 08:00:00,2021-09-04 08:00:00,365,1
1354,2021-09-04 08:00:00,Neural Network,8,2.15378290198032,2.0277827376342468,2020-09-04 08:00:00,2021-09-04 08:00:00,2021-09-04 08:00:00,365,1
1355,2021-09-04 08:00:00,Naive,8,2.15378290198032,2.2979949443238668,2020-09-04 08:00:00,2021-09-04 08:00:00,2021-09-04 08:00:00,365,1
1356,2021-09-05 08:00:00,Decision Tree,8,1.744461899798562,1.8114465232042114,2020-09-05 08:00:00,2021-09-05 08:00:00,2021-09-05 08:00:00,365,1
1357,2021-09-05 08:00:00,Random Forest,8,1.744461899798562,1.8438523016580688,2020-09-05 08:00:00,2021-09-05 08:00:00,2021-09-05 08:00:00,365,1
1358,2021-09-05 08:00:00,Neural Network,8,1.744461899798562,1.758640669279787,2020-09-05 08:00:00,2021-09-05 08:00:00,2021-09-05 08:00:00,365,1
1359,2021-09-05 08:00:00,Naive,8,1.744461899798562,2.15378290198032,2020-09-05 08:00:00,2021-09-05 08:00:00,2021-09-05 08:00:00,365,1
1360,2021-09-06 08:00:00,Decision Tree,8,2.5146282699230373,2.277775726154871,2020-09-06 08:00:00,2021-09-06 08:00:00,2021-09-06 08:00:00,365,1
1361,2021-09-06 08:00:00,Random Forest,8,2.5146282699230373,2.3199137996375634,2020-09-06 08:00:00,2021-09-06 08:00:00,2021-09-06 08:00:00,365,1
1362,2021-09-06 08:00:00,Neural Network,8,2.5146282699230373,2.72485587778167,2020-09-06 08:00:00,2021-09-06 08:00:00,2021-09-06 08:00:00,365,1
1363,2021-09-06 08:00:00,Naive,8,2.5146282699230373,1.744461899798562,2020-09-06 08:00:00,2021-09-06 08:00:00,2021-09-06 08:00:00,365,1
1364,2021-09-07 08:00:00,Decision Tree,8,2.543620587875532,2.3833572723910814,2020-09-07 08:00:00,2021-09-07 08:00:00,2021-09-07 08:00:00,365,1
1365,2021-09-07 08:00:00,Random Forest,8,2.543620587875532,2.4213590422558977,2020-09-07 08:00:00,2021-09-07 08:00:00,2021-09-07 08:00:00,365,1
1366,2021-09-07 08:00:00,Neural Network,8,2.543620587875532,2.7791439168064898,2020-09-07 08:00:00,2021-09-07 08:00:00,2021-09-07 08:00:00,365,1
1367,2021-09-07 08:00:00,Naive,8,2.543620587875532,2.5146282699230373,2020-09-07 08:00:00,2021-09-07 08:00:00,2021-09-07 08:00:00,365,1
1368,2021-09-08 08:00:00,Decision Tree,8,2.4164290227256706,2.4324824011014146,2020-09-08 08:00:00,2021-09-08 08:00:00,2021-09-08 08:00:00,365,1
1369,2021-09-08 08:00:00,Random Forest,8,2.4164290227256706,2.483380525198319,2020-09-08 08:00:00,2021-09-08 08:00:00,2021-09-08 08:00:00,365,1
1370,2021-09-08 08:00:00,Neural Network,8,2.4164290227256706,2.581274873362859,2020-09-08 08:00:00,2021-09-08 08:00:00,2021-09-08 08:00:00,365,1
1371,2021-09-08 08:00:00,Naive,8,2.4164290227256706,2.543620587875532,2020-09-08 08:00:00,2021-09-08 08:00:00,2021-09-08 08:00:00,365,1
1372,2021-09-09 08:00:00,Decision Tree,8,2.408683304989933,2.536252895654498,2020-09-09 08:00:00,2021-09-09 08:00:00,2021-09-09 08:00:00,365,1
1373,2021-09-09 08:00:00,Random Forest,8,2.408683304989933,2.4670862114262615,2020-09-09 08:00:00,2021-09-09 08:00:00,2021-09-09 08:00:00,365,1
1374,2021-09-09 08:00:00,Neural Network,8,2.408683304989933,2.6094988836563378,2020-09-09 08:00:00,2021-09-09 08:00:00,2021-09-09 08:00:00,365,1
1375,2021-09-09 08:00:00,Naive,8,2.408683304989933,2.4164290227256706,2020-09-09 08:00:00,2021-09-09 08:00:00,2021-09-09 08:00:00,365,1
1376,2021-09-10 08:00:00,Decision Tree,8,2.5136690022140487,2.518028668416703,2020-09-10 08:00:00,2021-09-10 08:00:00,2021-09-10 08:00:00,365,1
1377,2021-09-10 08:00:00,Random Forest,8,2.5136690022140487,2.418548262603702,2020-09-10 08:00:00,2021-09-10 08:00:00,2021-09-10 08:00:00,365,1
1378,2021-09-10 08:00:00,Neural Network,8,2.5136690022140487,2.5994103888115596,2020-09-10 08:00:00,2021-09-10 08:00:00,2021-09-10 08:00:00,365,1
1379,2021-09-10 08:00:00,Naive,8,2.5136690022140487,2.408683304989933,2020-09-10 08:00:00,2021-09-10 08:00:00,2021-09-10 08:00:00,365,1
1380,2021-09-11 08:00:00,Decision Tree,8,2.3465392562917735,2.294312181009793,2020-09-11 08:00:00,2021-09-11 08:00:00,2021-09-11 08:00:00,365,1
1381,2021-09-11 08:00:00,Random Forest,8,2.3465392562917735,2.3187309165458387,2020-09-11 08:00:00,2021-09-11 08:00:00,2021-09-11 08:00:00,365,1
1382,2021-09-11 08:00:00,Neural Network,8,2.3465392562917735,2.2241403973987666,2020-09-11 08:00:00,2021-09-11 08:00:00,2021-09-11 08:00:00,365,1
1383,2021-09-11 08:00:00,Naive,8,2.3465392562917735,2.5136690022140487,2020-09-11 08:00:00,2021-09-11 08:00:00,2021-09-11 08:00:00,365,1
1384,2021-09-12 08:00:00,Decision Tree,8,1.9159991738935676,1.8555226801847973,2020-09-12 08:00:00,2021-09-12 08:00:00,2021-09-12 08:00:00,365,1
1385,2021-09-12 08:00:00,Random Forest,8,1.9159991738935676,2.0146408332031367,2020-09-12 08:00:00,2021-09-12 08:00:00,2021-09-12 08:00:00,365,1
1386,2021-09-12 08:00:00,Neural Network,8,1.9159991738935676,1.9267645554401978,2020-09-12 08:00:00,2021-09-12 08:00:00,2021-09-12 08:00:00,365,1
1387,2021-09-12 08:00:00,Naive,8,1.9159991738935676,2.3465392562917735,2020-09-12 08:00:00,2021-09-12 08:00:00,2021-09-12 08:00:00,365,1
1388,2021-09-13 08:00:00,Decision Tree,8,2.5398260766560035,2.5174837101413714,2020-09-13 08:00:00,2021-09-13 08:00:00,2021-09-13 08:00:00,365,1
1389,2021-09-13 08:00:00,Random Forest,8,2.5398260766560035,2.504715924691987,2020-09-13 08:00:00,2021-09-13 08:00:00,2021-09-13 08:00:00,365,1
1390,2021-09-13 08:00:00,Neural Network,8,2.5398260766560035,2.5932375265517433,2020-09-13 08:00:00,2021-09-13 08:00:00,2021-09-13 08:00:00,365,1
1391,2021-09-13 08:00:00,Naive,8,2.5398260766560035,1.9159991738935676,2020-09-13 08:00:00,2021-09-13 08:00:00,2021-09-13 08:00:00,365,1
1392,2021-09-14 08:00:00,Decision Tree,8,2.580557926445436,2.5662054450599836,2020-09-14 08:00:00,2021-09-14 08:00:00,2021-09-14 08:00:00,365,1
1393,2021-09-14 08:00:00,Random Forest,8,2.580557926445436,2.5226621289445803,2020-09-14 08:00:00,2021-09-14 08:00:00,2021-09-14 08:00:00,365,1
1394,2021-09-14 08:00:00,Neural Network,8,2.580557926445436,2.7145722188414068,2020-09-14 08:00:00,2021-09-14 08:00:00,2021-09-14 08:00:00,365,1
1395,2021-09-14 08:00:00,Naive,8,2.580557926445436,2.5398260766560035,2020-09-14 08:00:00,2021-09-14 08:00:00,2021-09-14 08:00:00,365,1
1396,2021-09-15 08:00:00,Decision Tree,8,2.7118183547229293,2.3233175198116514,2020-09-15 08:00:00,2021-09-15 08:00:00,2021-09-15 08:00:00,365,1
1397,2021-09-15 08:00:00,Random Forest,8,2.7118183547229293,2.385270893145811,2020-09-15 08:00:00,2021-09-15 08:00:00,2021-09-15 08:00:00,365,1
1398,2021-09-15 08:00:00,Neural Network,8,2.7118183547229293,2.790313873337749,2020-09-15 08:00:00,2021-09-15 08:00:00,2021-09-15 08:00:00,365,1
1399,2021-09-15 08:00:00,Naive,8,2.7118183547229293,2.580557926445436,2020-09-15 08:00:00,2021-09-15 08:00:00,2021-09-15 08:00:00,365,1
1400,2021-09-16 08:00:00,Decision Tree,8,2.745622661356136,2.596630486432125,2020-09-16 08:00:00,2021-09-16 08:00:00,2021-09-16 08:00:00,365,1
1401,2021-09-16 08:00:00,Random Forest,8,2.745622661356136,2.6395722112507696,2020-09-16 08:00:00,2021-09-16 08:00:00,2021-09-16 08:00:00,365,1
1402,2021-09-16 08:00:00,Neural Network,8,2.745622661356136,2.929248479136109,2020-09-16 08:00:00,2021-09-16 08:00:00,2021-09-16 08:00:00,365,1
1403,2021-09-16 08:00:00,Naive,8,2.745622661356136,2.7118183547229293,2020-09-16 08:00:00,2021-09-16 08:00:00,2021-09-16 08:00:00,365,1
1404,2021-09-17 08:00:00,Decision Tree,8,2.678401810333427,2.4462144842862106,2020-09-17 08:00:00,2021-09-17 08:00:00,2021-09-17 08:00:00,365,1
1405,2021-09-17 08:00:00,Random Forest,8,2.678401810333427,2.620694926259056,2020-09-17 08:00:00,2021-09-17 08:00:00,2021-09-17 08:00:00,365,1
1406,2021-09-17 08:00:00,Neural Network,8,2.678401810333427,2.917592938998081,2020-09-17 08:00:00,2021-09-17 08:00:00,2021-09-17 08:00:00,365,1
1407,2021-09-17 08:00:00,Naive,8,2.678401810333427,2.745622661356136,2020-09-17 08:00:00,2021-09-17 08:00:00,2021-09-17 08:00:00,365,1
1408,2021-09-18 08:00:00,Decision Tree,8,2.486393397719787,2.5190123767251356,2020-09-18 08:00:00,2021-09-18 08:00:00,2021-09-18 08:00:00,365,1
1409,2021-09-18 08:00:00,Random Forest,8,2.486393397719787,2.452387140355461,2020-09-18 08:00:00,2021-09-18 08:00:00,2021-09-18 08:00:00,365,1
1410,2021-09-18 08:00:00,Neural Network,8,2.486393397719787,2.3760324473551364,2020-09-18 08:00:00,2021-09-18 08:00:00,2021-09-18 08:00:00,365,1
1411,2021-09-18 08:00:00,Naive,8,2.486393397719787,2.678401810333427,2020-09-18 08:00:00,2021-09-18 08:00:00,2021-09-18 08:00:00,365,1
1412,2021-09-19 08:00:00,Decision Tree,8,1.454942587925675,1.5895225579796008,2020-09-19 08:00:00,2021-09-19 08:00:00,2021-09-19 08:00:00,365,1
1413,2021-09-19 08:00:00,Random Forest,8,1.454942587925675,1.676005620549117,2020-09-19 08:00:00,2021-09-19 08:00:00,2021-09-19 08:00:00,365,1
1414,2021-09-19 08:00:00,Neural Network,8,1.454942587925675,1.7507378196860353,2020-09-19 08:00:00,2021-09-19 08:00:00,2021-09-19 08:00:00,365,1
1415,2021-09-19 08:00:00,Naive,8,1.454942587925675,2.486393397719787,2020-09-19 08:00:00,2021-09-19 08:00:00,2021-09-19 08:00:00,365,1
1416,2021-09-20 08:00:00,Decision Tree,8,2.669916243601571,2.533005251723959,2020-09-20 08:00:00,2021-09-20 08:00:00,2021-09-20 08:00:00,365,1
1417,2021-09-20 08:00:00,Random Forest,8,2.669916243601571,2.58020924735591,2020-09-20 08:00:00,2021-09-20 08:00:00,2021-09-20 08:00:00,365,1
1418,2021-09-20 08:00:00,Neural Network,8,2.669916243601571,2.6860230842794057,2020-09-20 08:00:00,2021-09-20 08:00:00,2021-09-20 08:00:00,365,1
1419,2021-09-20 08:00:00,Naive,8,2.669916243601571,1.454942587925675,2020-09-20 08:00:00,2021-09-20 08:00:00,2021-09-20 08:00:00,365,1
1420,2021-09-21 08:00:00,Decision Tree,8,2.675313213570946,2.679785415350123,2020-09-21 08:00:00,2021-09-21 08:00:00,2021-09-21 08:00:00,365,1
1421,2021-09-21 08:00:00,Random Forest,8,2.675313213570946,2.649956364878406,2020-09-21 08:00:00,2021-09-21 08:00:00,2021-09-21 08:00:00,365,1
1422,2021-09-21 08:00:00,Neural Network,8,2.675313213570946,2.7221699056226507,2020-09-21 08:00:00,2021-09-21 08:00:00,2021-09-21 08:00:00,365,1
1423,2021-09-21 08:00:00,Naive,8,2.675313213570946,2.669916243601571,2020-09-21 08:00:00,2021-09-21 08:00:00,2021-09-21 08:00:00,365,1
1424,2021-09-22 08:00:00,Decision Tree,8,2.818604535022774,2.6791465293816694,2020-09-22 08:00:00,2021-09-22 08:00:00,2021-09-22 08:00:00,365,1
1425,2021-09-22 08:00:00,Random Forest,8,2.818604535022774,2.682172783205382,2020-09-22 08:00:00,2021-09-22 08:00:00,2021-09-22 08:00:00,365,1
1426,2021-09-22 08:00:00,Neural Network,8,2.818604535022774,2.9242754818181007,2020-09-22 08:00:00,2021-09-22 08:00:00,2021-09-22 08:00:00,365,1
1427,2021-09-22 08:00:00,Naive,8,2.818604535022774,2.675313213570946,2020-09-22 08:00:00,2021-09-22 08:00:00,2021-09-22 08:00:00,365,1
1428,2021-09-23 08:00:00,Decision Tree,8,2.2654804058115765,2.37930245528598,2020-09-23 08:00:00,2021-09-23 08:00:00,2021-09-23 08:00:00,365,1
1429,2021-09-23 08:00:00,Random Forest,8,2.2654804058115765,2.4390337930943518,2020-09-23 08:00:00,2021-09-23 08:00:00,2021-09-23 08:00:00,365,1
1430,2021-09-23 08:00:00,Neural Network,8,2.2654804058115765,2.6088253035192177,2020-09-23 08:00:00,2021-09-23 08:00:00,2021-09-23 08:00:00,365,1
1431,2021-09-23 08:00:00,Naive,8,2.2654804058115765,2.818604535022774,2020-09-23 08:00:00,2021-09-23 08:00:00,2021-09-23 08:00:00,365,1
1432,2021-09-24 08:00:00,Decision Tree,8,2.5778394985146034,2.5297825434723076,2020-09-24 08:00:00,2021-09-24 08:00:00,2021-09-24 08:00:00,365,1
1433,2021-09-24 08:00:00,Random Forest,8,2.5778394985146034,2.586572705037528,2020-09-24 08:00:00,2021-09-24 08:00:00,2021-09-24 08:00:00,365,1
1434,2021-09-24 08:00:00,Neural Network,8,2.5778394985146034,2.659068915432235,2020-09-24 08:00:00,2021-09-24 08:00:00,2021-09-24 08:00:00,365,1
1435,2021-09-24 08:00:00,Naive,8,2.5778394985146034,2.2654804058115765,2020-09-24 08:00:00,2021-09-24 08:00:00,2021-09-24 08:00:00,365,1
1436,2021-09-25 08:00:00,Decision Tree,8,2.147607405576661,2.260780288976302,2020-09-25 08:00:00,2021-09-25 08:00:00,2021-09-25 08:00:00,365,1
1437,2021-09-25 08:00:00,Random Forest,8,2.147607405576661,2.278230471783829,2020-09-25 08:00:00,2021-09-25 08:00:00,2021-09-25 08:00:00,365,1
1438,2021-09-25 08:00:00,Neural Network,8,2.147607405576661,2.062752795733089,2020-09-25 08:00:00,2021-09-25 08:00:00,2021-09-25 08:00:00,365,1
1439,2021-09-25 08:00:00,Naive,8,2.147607405576661,2.5778394985146034,2020-09-25 08:00:00,2021-09-25 08:00:00,2021-09-25 08:00:00,365,1
1440,2021-09-26 08:00:00,Decision Tree,8,2.019124875459579,2.1578002670523615,2020-09-26 08:00:00,2021-09-26 08:00:00,2021-09-26 08:00:00,365,1
1441,2021-09-26 08:00:00,Random Forest,8,2.019124875459579,2.1404341356799663,2020-09-26 08:00:00,2021-09-26 08:00:00,2021-09-26 08:00:00,365,1
1442,2021-09-26 08:00:00,Neural Network,8,2.019124875459579,2.0384193297635074,2020-09-26 08:00:00,2021-09-26 08:00:00,2021-09-26 08:00:00,365,1
1443,2021-09-26 08:00:00,Naive,8,2.019124875459579,2.147607405576661,2020-09-26 08:00:00,2021-09-26 08:00:00,2021-09-26 08:00:00,365,1
1444,2021-09-27 08:00:00,Decision Tree,8,2.6629866158752367,2.716612803101297,2020-09-27 08:00:00,2021-09-27 08:00:00,2021-09-27 08:00:00,365,1
1445,2021-09-27 08:00:00,Random Forest,8,2.6629866158752367,2.657985595315268,2020-09-27 08:00:00,2021-09-27 08:00:00,2021-09-27 08:00:00,365,1
1446,2021-09-27 08:00:00,Neural Network,8,2.6629866158752367,2.722594055477852,2020-09-27 08:00:00,2021-09-27 08:00:00,2021-09-27 08:00:00,365,1
1447,2021-09-27 08:00:00,Naive,8,2.6629866158752367,2.019124875459579,2020-09-27 08:00:00,2021-09-27 08:00:00,2021-09-27 08:00:00,365,1
1448,2021-09-28 08:00:00,Decision Tree,8,2.6884285218320474,2.70895191921186,2020-09-28 08:00:00,2021-09-28 08:00:00,2021-09-28 08:00:00,365,1
1449,2021-09-28 08:00:00,Random Forest,8,2.6884285218320474,2.7322553460163053,2020-09-28 08:00:00,2021-09-28 08:00:00,2021-09-28 08:00:00,365,1
1450,2021-09-28 08:00:00,Neural Network,8,2.6884285218320474,2.746355837753492,2020-09-28 08:00:00,2021-09-28 08:00:00,2021-09-28 08:00:00,365,1
1451,2021-09-28 08:00:00,Naive,8,2.6884285218320474,2.6629866158752367,2020-09-28 08:00:00,2021-09-28 08:00:00,2021-09-28 08:00:00,365,1
1452,2021-09-29 08:00:00,Decision Tree,8,2.745766142953216,2.706386494539384,2020-09-29 08:00:00,2021-09-29 08:00:00,2021-09-29 08:00:00,365,1
1453,2021-09-29 08:00:00,Random Forest,8,2.745766142953216,2.732032978411601,2020-09-29 08:00:00,2021-09-29 08:00:00,2021-09-29 08:00:00,365,1
1454,2021-09-29 08:00:00,Neural Network,8,2.745766142953216,2.850951702237797,2020-09-29 08:00:00,2021-09-29 08:00:00,2021-09-29 08:00:00,365,1
1455,2021-09-29 08:00:00,Naive,8,2.745766142953216,2.6884285218320474,2020-09-29 08:00:00,2021-09-29 08:00:00,2021-09-29 08:00:00,365,1
1456,2021-09-30 08:00:00,Decision Tree,8,2.351634166714493,2.3136780008116387,2020-09-30 08:00:00,2021-09-30 08:00:00,2021-09-30 08:00:00,365,1
1457,2021-09-30 08:00:00,Random Forest,8,2.351634166714493,2.3871691504315504,2020-09-30 08:00:00,2021-09-30 08:00:00,2021-09-30 08:00:00,365,1
1458,2021-09-30 08:00:00,Neural Network,8,2.351634166714493,2.5033099359952726,2020-09-30 08:00:00,2021-09-30 08:00:00,2021-09-30 08:00:00,365,1
1459,2021-09-30 08:00:00,Naive,8,2.351634166714493,2.745766142953216,2020-09-30 08:00:00,2021-09-30 08:00:00,2021-09-30 08:00:00,365,1
