,timestamp,model,hour,y_true,y_pred,train_start,train_end,test_day,train_rows,test_rows
0,2020-10-01 16:00:00,Decision Tree,16,0.2976084651309183,0.3163948655442265,2019-10-01 16:00:00,2020-10-01 16:00:00,2020-10-01 16:00:00,366,1
1,2020-10-01 16:00:00,Random Forest,16,0.2976084651309183,0.29595071795321115,2019-10-01 16:00:00,2020-10-01 16:00:00,2020-10-01 16:00:00,366,1
2,2020-10-01 16:00:00,Neural Network,16,0.2976084651309183,0.3260324350668737,2019-10-01 16:00:00,2020-10-01 16:00:00,2020-10-01 16:00:00,366,1
3,2020-10-01 16:00:00,Naive,16,0.2976084651309183,0.8023149032195901,2019-10-01 16:00:00,2020-10-01 16:00:00,2020-10-01 16:00:00,366,1
4,2020-10-02 16:00:00,Decision Tree,16,-0.10721081428000814,-0.08539320885719143,2019-10-02 16:00:00,2020-10-02 16:00:00,2020-10-02 16:00:00,366,1
5,2020-10-02 16:00:00,Random Forest,16,-0.10721081428000814,-0.10170158759836385,2019-10-02 16:00:00,2020-10-02 16:00:00,2020-10-02 16:00:00,366,1
6,2020-10-02 16:00:00,Neural Network,16,-0.10721081428000814,-0.3687950159386555,2019-10-02 16:00:00,2020-10-02 16:00:00,2020-10-02 16:00:00,366,1
7,2020-10-02 16:00:00,Naive,16,-0.10721081428000814,0.2976084651309183,2019-10-02 16:00:00,2020-10-02 16:00:00,2020-10-02 16:00:00,366,1
8,2020-10-03 16:00:00,Decision Tree,16,-0.6629611928347506,-0.6531823671051887,2019-10-03 16:00:00,2020-10-03 16:00:00,2020-10-03 16:00:00,366,1
9,2020-10-03 16:00:00,Random Forest,16,-0.6629611928347506,-0.6603273023408266,2019-10-03 16:00:00,2020-10-03 16:00:00,2020-10-03 16:00:00,366,1
10,2020-10-03 16:00:00,Neural Network,16,-0.6629611928347506,-0.47728528576991225,2019-10-03 16:00:00,2020-10-03 16:00:00,2020-10-03 16:00:00,366,1
11,2020-10-03 16:00:00,Naive,16,-0.6629611928347506,-0.10721081428000814,2019-10-03 16:00:00,2020-10-03 16:00:00,2020-10-03 16:00:00,366,1
12,2020-10-04 16:00:00,Decision Tree,16,-1.6545337615426086,-1.6522766919747491,2019-10-04 16:00:00,2020-10-04 16:00:00,2020-10-04 16:00:00,366,1
13,2020-10-04 16:00:00,Random Forest,16,-1.6545337615426086,-1.652000208351655,2019-10-04 16:00:00,2020-10-04 16:00:00,2020-10-04 16:00:00,366,1
14,2020-10-04 16:00:00,Neural Network,16,-1.6545337615426086,-1.5335148734551187,2019-10-04 16:00:00,2020-10-04 16:00:00,2020-10-04 16:00:00,366,1
15,2020-10-04 16:00:00,Naive,16,-1.6545337615426086,-0.6629611928347506,2019-10-04 16:00:00,2020-10-04 16:00:00,2020-10-04 16:00:00,366,1
16,2020-10-05 16:00:00,Decision Tree,16,-0.13886171931505104,-0.13337834219451813,2019-10-05 16:00:00,2020-10-05 16:00:00,2020-10-05 16:00:00,366,1
17,2020-10-05 16:00:00,Random Forest,16,-0.13886171931505104,-0.14721052121159017,2019-10-05 16:00:00,2020-10-05 16:00:00,2020-10-05 16:00:00,366,1
18,2020-10-05 16:00:00,Neural Network,16,-0.13886171931505104,-0.1438221327580484,2019-10-05 16:00:00,2020-10-05 16:00:00,2020-10-05 16:00:00,366,1
19,2020-10-05 16:00:00,Naive,16,-0.13886171931505104,-1.6545337615426086,2019-10-05 16:00:00,2020-10-05 16:00:00,2020-10-05 16:00:00,366,1
20,2020-10-06 16:00:00,Decision Tree,16,0.02315942295230392,0.01948765065065902,2019-10-06 16:00:00,2020-10-06 16:00:00,2020-10-06 16:00:00,366,1
21,2020-10-06 16:00:00,Random Forest,16,0.02315942295230392,0.016732203987709464,2019-10-06 16:00:00,2020-10-06 16:00:00,2020-10-06 16:00:00,366,1
22,2020-10-06 16:00:00,Neural Network,16,0.02315942295230392,-0.13181154007169574,2019-10-06 16:00:00,2020-10-06 16:00:00,2020-10-06 16:00:00,366,1
23,2020-10-06 16:00:00,Naive,16,0.02315942295230392,-0.13886171931505104,2019-10-06 16:00:00,2020-10-06 16:00:00,2020-10-06 16:00:00,366,1
24,2020-10-07 16:00:00,Decision Tree,16,-0.04602766997296771,-0.08360218963646071,2019-10-07 16:00:00,2020-10-07 16:00:00,2020-10-07 16:00:00,366,1
25,2020-10-07 16:00:00,Random Forest,16,-0.04602766997296771,-0.06391288727224165,2019-10-07 16:00:00,2020-10-07 16:00:00,2020-10-07 16:00:00,366,1
26,2020-10-07 16:00:00,Neural Network,16,-0.04602766997296771,-0.1097745055753312,2019-10-07 16:00:00,2020-10-07 16:00:00,2020-10-07 16:00:00,366,1
27,2020-10-07 16:00:00,Naive,16,-0.04602766997296771,0.02315942295230392,2019-10-07 16:00:00,2020-10-07 16:00:00,2020-10-07 16:00:00,366,1
28,2020-10-08 16:00:00,Decision Tree,16,-0.5637968501816846,-0.5391180686793275,2019-10-08 16:00:00,2020-10-08 16:00:00,2020-10-08 16:00:00,366,1
29,2020-10-08 16:00:00,Random Forest,16,-0.5637968501816846,-0.5681885029674115,2019-10-08 16:00:00,2020-10-08 16:00:00,2020-10-08 16:00:00,366,1
30,2020-10-08 16:00:00,Neural Network,16,-0.5637968501816846,-0.6871314102868157,2019-10-08 16:00:00,2020-10-08 16:00:00,2020-10-08 16:00:00,366,1
31,2020-10-08 16:00:00,Naive,16,-0.5637968501816846,-0.04602766997296771,2019-10-08 16:00:00,2020-10-08 16:00:00,2020-10-08 16:00:00,366,1
32,2020-10-09 16:00:00,Decision Tree,16,0.2795597977274877,0.2873045882864716,2019-10-09 16:00:00,2020-10-09 16:00:00,2020-10-09 16:00:00,366,1
33,2020-10-09 16:00:00,Random Forest,16,0.2795597977274877,0.2638739701457513,2019-10-09 16:00:00,2020-10-09 16:00:00,2020-10-09 16:00:00,366,1
34,2020-10-09 16:00:00,Neural Network,16,0.2795597977274877,0.6344991925117529,2019-10-09 16:00:00,2020-10-09 16:00:00,2020-10-09 16:00:00,366,1
35,2020-10-09 16:00:00,Naive,16,0.2795597977274877,-0.5637968501816846,2019-10-09 16:00:00,2020-10-09 16:00:00,2020-10-09 16:00:00,366,1
36,2020-10-10 16:00:00,Decision Tree,16,-0.5035966852036496,-0.48253713499339995,2019-10-10 16:00:00,2020-10-10 16:00:00,2020-10-10 16:00:00,366,1
37,2020-10-10 16:00:00,Random Forest,16,-0.5035966852036496,-0.5021619799500187,2019-10-10 16:00:00,2020-10-10 16:00:00,2020-10-10 16:00:00,366,1
38,2020-10-10 16:00:00,Neural Network,16,-0.5035966852036496,-0.5478374808332552,2019-10-10 16:00:00,2020-10-10 16:00:00,2020-10-10 16:00:00,366,1
39,2020-10-10 16:00:00,Naive,16,-0.5035966852036496,0.2795597977274877,2019-10-10 16:00:00,2020-10-10 16:00:00,2020-10-10 16:00:00,366,1
40,2020-10-11 16:00:00,Decision Tree,16,-0.4389772961803422,-0.4277039514745775,2019-10-11 16:00:00,2020-10-11 16:00:00,2020-10-11 16:00:00,366,1
41,2020-10-11 16:00:00,Random Forest,16,-0.4389772961803422,-0.43384373753771227,2019-10-11 16:00:00,2020-10-11 16:00:00,2020-10-11 16:00:00,366,1
42,2020-10-11 16:00:00,Neural Network,16,-0.4389772961803422,-0.177800619616369,2019-10-11 16:00:00,2020-10-11 16:00:00,2020-10-11 16:00:00,366,1
43,2020-10-11 16:00:00,Naive,16,-0.4389772961803422,-0.5035966852036496,2019-10-11 16:00:00,2020-10-11 16:00:00,2020-10-11 16:00:00,366,1
44,2020-10-12 16:00:00,Decision Tree,16,0.6748946652297153,0.65916480449986,2019-10-12 16:00:00,2020-10-12 16:00:00,2020-10-12 16:00:00,366,1
45,2020-10-12 16:00:00,Random Forest,16,0.6748946652297153,0.6529165923901831,2019-10-12 16:00:00,2020-10-12 16:00:00,2020-10-12 16:00:00,366,1
46,2020-10-12 16:00:00,Neural Network,16,0.6748946652297153,0.7310326328318251,2019-10-12 16:00:00,2020-10-12 16:00:00,2020-10-12 16:00:00,366,1
47,2020-10-12 16:00:00,Naive,16,0.6748946652297153,-0.4389772961803422,2019-10-12 16:00:00,2020-10-12 16:00:00,2020-10-12 16:00:00,366,1
48,2020-10-13 16:00:00,Decision Tree,16,0.6574490966785803,0.6486783393462632,2019-10-13 16:00:00,2020-10-13 16:00:00,2020-10-13 16:00:00,366,1
49,2020-10-13 16:00:00,Random Forest,16,0.6574490966785803,0.6466722904598421,2019-10-13 16:00:00,2020-10-13 16:00:00,2020-10-13 16:00:00,366,1
50,2020-10-13 16:00:00,Neural Network,16,0.6574490966785803,0.7070052091418617,2019-10-13 16:00:00,2020-10-13 16:00:00,2020-10-13 16:00:00,366,1
51,2020-10-13 16:00:00,Naive,16,0.6574490966785803,0.6748946652297153,2019-10-13 16:00:00,2020-10-13 16:00:00,2020-10-13 16:00:00,366,1
52,2020-10-14 16:00:00,Decision Tree,16,-0.0736890173424548,-0.0929004698045173,2019-10-14 16:00:00,2020-10-14 16:00:00,2020-10-14 16:00:00,366,1
53,2020-10-14 16:00:00,Random Forest,16,-0.0736890173424548,-0.07359183011733567,2019-10-14 16:00:00,2020-10-14 16:00:00,2020-10-14 16:00:00,366,1
54,2020-10-14 16:00:00,Neural Network,16,-0.0736890173424548,-0.24286047966730961,2019-10-14 16:00:00,2020-10-14 16:00:00,2020-10-14 16:00:00,366,1
55,2020-10-14 16:00:00,Naive,16,-0.0736890173424548,0.6574490966785803,2019-10-14 16:00:00,2020-10-14 16:00:00,2020-10-14 16:00:00,366,1
56,2020-10-15 16:00:00,Decision Tree,16,0.5933316421809999,0.515015420811136,2019-10-15 16:00:00,2020-10-15 16:00:00,2020-10-15 16:00:00,366,1
57,2020-10-15 16:00:00,Random Forest,16,0.5933316421809999,0.5765506342261282,2019-10-15 16:00:00,2020-10-15 16:00:00,2020-10-15 16:00:00,366,1
58,2020-10-15 16:00:00,Neural Network,16,0.5933316421809999,0.4664393029065382,2019-10-15 16:00:00,2020-10-15 16:00:00,2020-10-15 16:00:00,366,1
59,2020-10-15 16:00:00,Naive,16,0.5933316421809999,-0.0736890173424548,2019-10-15 16:00:00,2020-10-15 16:00:00,2020-10-15 16:00:00,366,1
60,2020-10-16 16:00:00,Decision Tree,16,0.7580234667709652,0.7478552167578394,2019-10-16 16:00:00,2020-10-16 16:00:00,2020-10-16 16:00:00,366,1
61,2020-10-16 16:00:00,Random Forest,16,0.7580234667709652,0.7455279420224863,2019-10-16 16:00:00,2020-10-16 16:00:00,2020-10-16 16:00:00,366,1
62,2020-10-16 16:00:00,Neural Network,16,0.7580234667709652,0.8225921105741123,2019-10-16 16:00:00,2020-10-16 16:00:00,2020-10-16 16:00:00,366,1
63,2020-10-16 16:00:00,Naive,16,0.7580234667709652,0.5933316421809999,2019-10-16 16:00:00,2020-10-16 16:00:00,2020-10-16 16:00:00,366,1
64,2020-10-17 16:00:00,Decision Tree,16,0.12524241295614055,0.1255623243330176,2019-10-17 16:00:00,2020-10-17 16:00:00,2020-10-17 16:00:00,366,1
65,2020-10-17 16:00:00,Random Forest,16,0.12524241295614055,0.1112414415853313,2019-10-17 16:00:00,2020-10-17 16:00:00,2020-10-17 16:00:00,366,1
66,2020-10-17 16:00:00,Neural Network,16,0.12524241295614055,0.35175438029922945,2019-10-17 16:00:00,2020-10-17 16:00:00,2020-10-17 16:00:00,366,1
67,2020-10-17 16:00:00,Naive,16,0.12524241295614055,0.7580234667709652,2019-10-17 16:00:00,2020-10-17 16:00:00,2020-10-17 16:00:00,366,1
68,2020-10-18 16:00:00,Decision Tree,16,-0.2439860273308875,-0.22635146694668504,2019-10-18 16:00:00,2020-10-18 16:00:00,2020-10-18 16:00:00,366,1
69,2020-10-18 16:00:00,Random Forest,16,-0.2439860273308875,-0.25375135926229914,2019-10-18 16:00:00,2020-10-18 16:00:00,2020-10-18 16:00:00,366,1
70,2020-10-18 16:00:00,Neural Network,16,-0.2439860273308875,-0.20936593551421945,2019-10-18 16:00:00,2020-10-18 16:00:00,2020-10-18 16:00:00,366,1
71,2020-10-18 16:00:00,Naive,16,-0.2439860273308875,0.12524241295614055,2019-10-18 16:00:00,2020-10-18 16:00:00,2020-10-18 16:00:00,366,1
72,2020-10-19 16:00:00,Decision Tree,16,0.5253273380922117,0.5080642919109247,2019-10-19 16:00:00,2020-10-19 16:00:00,2020-10-19 16:00:00,366,1
73,2020-10-19 16:00:00,Random Forest,16,0.5253273380922117,0.5000144950589082,2019-10-19 16:00:00,2020-10-19 16:00:00,2020-10-19 16:00:00,366,1
74,2020-10-19 16:00:00,Neural Network,16,0.5253273380922117,0.5544143167906788,2019-10-19 16:00:00,2020-10-19 16:00:00,2020-10-19 16:00:00,366,1
75,2020-10-19 16:00:00,Naive,16,0.5253273380922117,-0.2439860273308875,2019-10-19 16:00:00,2020-10-19 16:00:00,2020-10-19 16:00:00,366,1
76,2020-10-20 16:00:00,Decision Tree,16,0.3477175419357437,0.39082927820434327,2019-10-20 16:00:00,2020-10-20 16:00:00,2020-10-20 16:00:00,366,1
77,2020-10-20 16:00:00,Random Forest,16,0.3477175419357437,0.32710933896316363,2019-10-20 16:00:00,2020-10-20 16:00:00,2020-10-20 16:00:00,366,1
78,2020-10-20 16:00:00,Neural Network,16,0.3477175419357437,0.24932076411243664,2019-10-20 16:00:00,2020-10-20 16:00:00,2020-10-20 16:00:00,366,1
79,2020-10-20 16:00:00,Naive,16,0.3477175419357437,0.5253273380922117,2019-10-20 16:00:00,2020-10-20 16:00:00,2020-10-20 16:00:00,366,1
80,2020-10-21 16:00:00,Decision Tree,16,-0.7683988518780286,-0.7557846022522187,2019-10-21 16:00:00,2020-10-21 16:00:00,2020-10-21 16:00:00,366,1
81,2020-10-21 16:00:00,Random Forest,16,-0.7683988518780286,-0.7592304576526427,2019-10-21 16:00:00,2020-10-21 16:00:00,2020-10-21 16:00:00,366,1
82,2020-10-21 16:00:00,Neural Network,16,-0.7683988518780286,-0.5132298964021446,2019-10-21 16:00:00,2020-10-21 16:00:00,2020-10-21 16:00:00,366,1
83,2020-10-21 16:00:00,Naive,16,-0.7683988518780286,0.3477175419357437,2019-10-21 16:00:00,2020-10-21 16:00:00,2020-10-21 16:00:00,366,1
84,2020-10-22 16:00:00,Decision Tree,16,0.6832155313207957,0.6676131862640595,2019-10-22 16:00:00,2020-10-22 16:00:00,2020-10-22 16:00:00,366,1
85,2020-10-22 16:00:00,Random Forest,16,0.6832155313207957,0.6504438846092729,2019-10-22 16:00:00,2020-10-22 16:00:00,2020-10-22 16:00:00,366,1
86,2020-10-22 16:00:00,Neural Network,16,0.6832155313207957,0.31638345512324967,2019-10-22 16:00:00,2020-10-22 16:00:00,2020-10-22 16:00:00,366,1
87,2020-10-22 16:00:00,Naive,16,0.6832155313207957,-0.7683988518780286,2019-10-22 16:00:00,2020-10-22 16:00:00,2020-10-22 16:00:00,366,1
88,2020-10-23 16:00:00,Decision Tree,16,0.7371068545108497,0.670210930288769,2019-10-23 16:00:00,2020-10-23 16:00:00,2020-10-23 16:00:00,366,1
89,2020-10-23 16:00:00,Random Forest,16,0.7371068545108497,0.6718115397362109,2019-10-23 16:00:00,2020-10-23 16:00:00,2020-10-23 16:00:00,366,1
90,2020-10-23 16:00:00,Neural Network,16,0.7371068545108497,0.7762598176148041,2019-10-23 16:00:00,2020-10-23 16:00:00,2020-10-23 16:00:00,366,1
91,2020-10-23 16:00:00,Naive,16,0.7371068545108497,0.6832155313207957,2019-10-23 16:00:00,2020-10-23 16:00:00,2020-10-23 16:00:00,366,1
92,2020-10-24 16:00:00,Decision Tree,16,-0.496312015744356,-0.48520450734410897,2019-10-24 16:00:00,2020-10-24 16:00:00,2020-10-24 16:00:00,366,1
93,2020-10-24 16:00:00,Random Forest,16,-0.496312015744356,-0.4975038057302364,2019-10-24 16:00:00,2020-10-24 16:00:00,2020-10-24 16:00:00,366,1
94,2020-10-24 16:00:00,Neural Network,16,-0.496312015744356,-0.5439186430666345,2019-10-24 16:00:00,2020-10-24 16:00:00,2020-10-24 16:00:00,366,1
95,2020-10-24 16:00:00,Naive,16,-0.496312015744356,0.7371068545108497,2019-10-24 16:00:00,2020-10-24 16:00:00,2020-10-24 16:00:00,366,1
96,2020-10-25 16:00:00,Decision Tree,16,-0.10219360923559645,-0.1342922383812736,2019-10-25 16:00:00,2020-10-25 16:00:00,2020-10-25 16:00:00,366,1
97,2020-10-25 16:00:00,Random Forest,16,-0.10219360923559645,-0.11720486560854354,2019-10-25 16:00:00,2020-10-25 16:00:00,2020-10-25 16:00:00,366,1
98,2020-10-25 16:00:00,Neural Network,16,-0.10219360923559645,-0.26876271054926254,2019-10-25 16:00:00,2020-10-25 16:00:00,2020-10-25 16:00:00,366,1
99,2020-10-25 16:00:00,Naive,16,-0.10219360923559645,-0.496312015744356,2019-10-25 16:00:00,2020-10-25 16:00:00,2020-10-25 16:00:00,366,1
100,2020-10-26 16:00:00,Decision Tree,16,0.6298367296264615,0.5936094183733438,2019-10-26 16:00:00,2020-10-26 16:00:00,2020-10-26 16:00:00,366,1
101,2020-10-26 16:00:00,Random Forest,16,0.6298367296264615,0.586057892732517,2019-10-26 16:00:00,2020-10-26 16:00:00,2020-10-26 16:00:00,366,1
102,2020-10-26 16:00:00,Neural Network,16,0.6298367296264615,0.5711146379031192,2019-10-26 16:00:00,2020-10-26 16:00:00,2020-10-26 16:00:00,366,1
103,2020-10-26 16:00:00,Naive,16,0.6298367296264615,-0.10219360923559645,2019-10-26 16:00:00,2020-10-26 16:00:00,2020-10-26 16:00:00,366,1
104,2020-10-27 16:00:00,Decision Tree,16,0.5275688845405393,0.5099824081532901,2019-10-27 16:00:00,2020-10-27 16:00:00,2020-10-27 16:00:00,366,1
105,2020-10-27 16:00:00,Random Forest,16,0.5275688845405393,0.4951181652332222,2019-10-27 16:00:00,2020-10-27 16:00:00,2020-10-27 16:00:00,366,1
106,2020-10-27 16:00:00,Neural Network,16,0.5275688845405393,0.42504977000861444,2019-10-27 16:00:00,2020-10-27 16:00:00,2020-10-27 16:00:00,366,1
107,2020-10-27 16:00:00,Naive,16,0.5275688845405393,0.6298367296264615,2019-10-27 16:00:00,2020-10-27 16:00:00,2020-10-27 16:00:00,366,1
108,2020-10-28 16:00:00,Decision Tree,16,0.5796937972292752,0.5257654309745249,2019-10-28 16:00:00,2020-10-28 16:00:00,2020-10-28 16:00:00,366,1
109,2020-10-28 16:00:00,Random Forest,16,0.5796937972292752,0.5289234709454902,2019-10-28 16:00:00,2020-10-28 16:00:00,2020-10-28 16:00:00,366,1
110,2020-10-28 16:00:00,Neural Network,16,0.5796937972292752,0.3269947927830425,2019-10-28 16:00:00,2020-10-28 16:00:00,2020-10-28 16:00:00,366,1
111,2020-10-28 16:00:00,Naive,16,0.5796937972292752,0.5275688845405393,2019-10-28 16:00:00,2020-10-28 16:00:00,2020-10-28 16:00:00,366,1
112,2020-10-29 16:00:00,Decision Tree,16,0.61833780324569,0.5981378322799835,2019-10-29 16:00:00,2020-10-29 16:00:00,2020-10-29 16:00:00,366,1
113,2020-10-29 16:00:00,Random Forest,16,0.61833780324569,0.5847740770113958,2019-10-29 16:00:00,2020-10-29 16:00:00,2020-10-29 16:00:00,366,1
114,2020-10-29 16:00:00,Neural Network,16,0.61833780324569,0.4544452781535435,2019-10-29 16:00:00,2020-10-29 16:00:00,2020-10-29 16:00:00,366,1
115,2020-10-29 16:00:00,Naive,16,0.61833780324569,0.5796937972292752,2019-10-29 16:00:00,2020-10-29 16:00:00,2020-10-29 16:00:00,366,1
116,2020-10-30 16:00:00,Decision Tree,16,0.3352887908105566,0.28644405600214,2019-10-30 16:00:00,2020-10-30 16:00:00,2020-10-30 16:00:00,366,1
117,2020-10-30 16:00:00,Random Forest,16,0.3352887908105566,0.29603234111633253,2019-10-30 16:00:00,2020-10-30 16:00:00,2020-10-30 16:00:00,366,1
118,2020-10-30 16:00:00,Neural Network,16,0.3352887908105566,0.025543998793107814,2019-10-30 16:00:00,2020-10-30 16:00:00,2020-10-30 16:00:00,366,1
119,2020-10-30 16:00:00,Naive,16,0.3352887908105566,0.61833780324569,2019-10-30 16:00:00,2020-10-30 16:00:00,2020-10-30 16:00:00,366,1
120,2020-10-31 16:00:00,Decision Tree,16,-0.4099750810001848,-0.4295828422588716,2019-10-31 16:00:00,2020-10-31 16:00:00,2020-10-31 16:00:00,366,1
121,2020-10-31 16:00:00,Random Forest,16,-0.4099750810001848,-0.41680377200451313,2019-10-31 16:00:00,2020-10-31 16:00:00,2020-10-31 16:00:00,366,1
122,2020-10-31 16:00:00,Neural Network,16,-0.4099750810001848,-0.29333837029945264,2019-10-31 16:00:00,2020-10-31 16:00:00,2020-10-31 16:00:00,366,1
123,2020-10-31 16:00:00,Naive,16,-0.4099750810001848,0.3352887908105566,2019-10-31 16:00:00,2020-10-31 16:00:00,2020-10-31 16:00:00,366,1
124,2020-11-01 16:00:00,Decision Tree,16,-1.4067252101736984,-1.4202641722250622,2019-11-01 16:00:00,2020-11-01 16:00:00,2020-11-01 16:00:00,366,1
125,2020-11-01 16:00:00,Random Forest,16,-1.4067252101736984,-1.3937629108348666,2019-11-01 16:00:00,2020-11-01 16:00:00,2020-11-01 16:00:00,366,1
126,2020-11-01 16:00:00,Neural Network,16,-1.4067252101736984,-1.420857531569858,2019-11-01 16:00:00,2020-11-01 16:00:00,2020-11-01 16:00:00,366,1
127,2020-11-01 16:00:00,Naive,16,-1.4067252101736984,-0.4099750810001848,2019-11-01 16:00:00,2020-11-01 16:00:00,2020-11-01 16:00:00,366,1
128,2020-11-02 16:00:00,Decision Tree,16,0.11578255840882415,0.08383705196234952,2019-11-02 16:00:00,2020-11-02 16:00:00,2020-11-02 16:00:00,366,1
129,2020-11-02 16:00:00,Random Forest,16,0.11578255840882415,0.07327330243422985,2019-11-02 16:00:00,2020-11-02 16:00:00,2020-11-02 16:00:00,366,1
130,2020-11-02 16:00:00,Neural Network,16,0.11578255840882415,-0.1377075975130536,2019-11-02 16:00:00,2020-11-02 16:00:00,2020-11-02 16:00:00,366,1
131,2020-11-02 16:00:00,Naive,16,0.11578255840882415,-1.4067252101736984,2019-11-02 16:00:00,2020-11-02 16:00:00,2020-11-02 16:00:00,366,1
132,2020-11-03 16:00:00,Decision Tree,16,0.3863108135115592,0.3781645862081681,2019-11-03 16:00:00,2020-11-03 16:00:00,2020-11-03 16:00:00,366,1
133,2020-11-03 16:00:00,Random Forest,16,0.3863108135115592,0.3402450282288353,2019-11-03 16:00:00,2020-11-03 16:00:00,2020-11-03 16:00:00,366,1
134,2020-11-03 16:00:00,Neural Network,16,0.3863108135115592,0.6259351099372356,2019-11-03 16:00:00,2020-11-03 16:00:00,2020-11-03 16:00:00,366,1
135,2020-11-03 16:00:00,Naive,16,0.3863108135115592,0.11578255840882415,2019-11-03 16:00:00,2020-11-03 16:00:00,2020-11-03 16:00:00,366,1
136,2020-11-04 16:00:00,Decision Tree,16,0.7238350445776882,0.663016575672827,2019-11-04 16:00:00,2020-11-04 16:00:00,2020-11-04 16:00:00,366,1
137,2020-11-04 16:00:00,Random Forest,16,0.7238350445776882,0.6686585235126141,2019-11-04 16:00:00,2020-11-04 16:00:00,2020-11-04 16:00:00,366,1
138,2020-11-04 16:00:00,Neural Network,16,0.7238350445776882,0.8106891788925141,2019-11-04 16:00:00,2020-11-04 16:00:00,2020-11-04 16:00:00,366,1
139,2020-11-04 16:00:00,Naive,16,0.7238350445776882,0.3863108135115592,2019-11-04 16:00:00,2020-11-04 16:00:00,2020-11-04 16:00:00,366,1
140,2020-11-05 16:00:00,Decision Tree,16,0.6914028734076781,0.6844570529431317,2019-11-05 16:00:00,2020-11-05 16:00:00,2020-11-05 16:00:00,366,1
141,2020-11-05 16:00:00,Random Forest,16,0.6914028734076781,0.656794947927872,2019-11-05 16:00:00,2020-11-05 16:00:00,2020-11-05 16:00:00,366,1
142,2020-11-05 16:00:00,Neural Network,16,0.6914028734076781,0.67797758371015,2019-11-05 16:00:00,2020-11-05 16:00:00,2020-11-05 16:00:00,366,1
143,2020-11-05 16:00:00,Naive,16,0.6914028734076781,0.7238350445776882,2019-11-05 16:00:00,2020-11-05 16:00:00,2020-11-05 16:00:00,366,1
144,2020-11-06 16:00:00,Decision Tree,16,0.7449575313736367,0.6856146896872227,2019-11-06 16:00:00,2020-11-06 16:00:00,2020-11-06 16:00:00,366,1
145,2020-11-06 16:00:00,Random Forest,16,0.7449575313736367,0.7009940324520006,2019-11-06 16:00:00,2020-11-06 16:00:00,2020-11-06 16:00:00,366,1
146,2020-11-06 16:00:00,Neural Network,16,0.7449575313736367,0.7774268934439548,2019-11-06 16:00:00,2020-11-06 16:00:00,2020-11-06 16:00:00,366,1
147,2020-11-06 16:00:00,Naive,16,0.7449575313736367,0.6914028734076781,2019-11-06 16:00:00,2020-11-06 16:00:00,2020-11-06 16:00:00,366,1
148,2020-11-07 16:00:00,Decision Tree,16,0.763188449177648,0.7457654869590725,2019-11-07 16:00:00,2020-11-07 16:00:00,2020-11-07 16:00:00,366,1
149,2020-11-07 16:00:00,Random Forest,16,0.763188449177648,0.7396362164064929,2019-11-07 16:00:00,2020-11-07 16:00:00,2020-11-07 16:00:00,366,1
150,2020-11-07 16:00:00,Neural Network,16,0.763188449177648,0.5853270066563294,2019-11-07 16:00:00,2020-11-07 16:00:00,2020-11-07 16:00:00,366,1
151,2020-11-07 16:00:00,Naive,16,0.763188449177648,0.7449575313736367,2019-11-07 16:00:00,2020-11-07 16:00:00,2020-11-07 16:00:00,366,1
152,2020-11-08 16:00:00,Decision Tree,16,0.5711899523822987,0.5189537505111342,2019-11-08 16:00:00,2020-11-08 16:00:00,2020-11-08 16:00:00,366,1
153,2020-11-08 16:00:00,Random Forest,16,0.5711899523822987,0.5173505755168745,2019-11-08 16:00:00,2020-11-08 16:00:00,2020-11-08 16:00:00,366,1
154,2020-11-08 16:00:00,Neural Network,16,0.5711899523822987,0.5171898476157573,2019-11-08 16:00:00,2020-11-08 16:00:00,2020-11-08 16:00:00,366,1
155,2020-11-08 16:00:00,Naive,16,0.5711899523822987,0.763188449177648,2019-11-08 16:00:00,2020-11-08 16:00:00,2020-11-08 16:00:00,366,1
156,2020-11-09 16:00:00,Decision Tree,16,0.9786486693202511,0.8671106232336738,2019-11-09 16:00:00,2020-11-09 16:00:00,2020-11-09 16:00:00,366,1
157,2020-11-09 16:00:00,Random Forest,16,0.9786486693202511,0.912003377624024,2019-11-09 16:00:00,2020-11-09 16:00:00,2020-11-09 16:00:00,366,1
158,2020-11-09 16:00:00,Neural Network,16,0.9786486693202511,0.9380455195545951,2019-11-09 16:00:00,2020-11-09 16:00:00,2020-11-09 16:00:00,366,1
159,2020-11-09 16:00:00,Naive,16,0.9786486693202511,0.5711899523822987,2019-11-09 16:00:00,2020-11-09 16:00:00,2020-11-09 16:00:00,366,1
160,2020-11-10 16:00:00,Decision Tree,16,1.2582764229948655,1.0922030765534627,2019-11-10 16:00:00,2020-11-10 16:00:00,2020-11-10 16:00:00,366,1
161,2020-11-10 16:00:00,Random Forest,16,1.2582764229948655,1.1784607991812848,2019-11-10 16:00:00,2020-11-10 16:00:00,2020-11-10 16:00:00,366,1
162,2020-11-10 16:00:00,Neural Network,16,1.2582764229948655,1.2629823536308917,2019-11-10 16:00:00,2020-11-10 16:00:00,2020-11-10 16:00:00,366,1
163,2020-11-10 16:00:00,Naive,16,1.2582764229948655,0.9786486693202511,2019-11-10 16:00:00,2020-11-10 16:00:00,2020-11-10 16:00:00,366,1
164,2020-11-11 16:00:00,Decision Tree,16,0.9690863149394036,0.94853690199865,2019-11-11 16:00:00,2020-11-11 16:00:00,2020-11-11 16:00:00,366,1
165,2020-11-11 16:00:00,Random Forest,16,0.9690863149394036,0.9384710343249674,2019-11-11 16:00:00,2020-11-11 16:00:00,2020-11-11 16:00:00,366,1
166,2020-11-11 16:00:00,Neural Network,16,0.9690863149394036,1.0566294307132722,2019-11-11 16:00:00,2020-11-11 16:00:00,2020-11-11 16:00:00,366,1
167,2020-11-11 16:00:00,Naive,16,0.9690863149394036,1.2582764229948655,2019-11-11 16:00:00,2020-11-11 16:00:00,2020-11-11 16:00:00,366,1
168,2020-11-12 16:00:00,Decision Tree,16,0.7321121956037584,0.6877586945787244,2019-11-12 16:00:00,2020-11-12 16:00:00,2020-11-12 16:00:00,366,1
169,2020-11-12 16:00:00,Random Forest,16,0.7321121956037584,0.690449846434878,2019-11-12 16:00:00,2020-11-12 16:00:00,2020-11-12 16:00:00,366,1
170,2020-11-12 16:00:00,Neural Network,16,0.7321121956037584,0.698142015049001,2019-11-12 16:00:00,2020-11-12 16:00:00,2020-11-12 16:00:00,366,1
171,2020-11-12 16:00:00,Naive,16,0.7321121956037584,0.9690863149394036,2019-11-12 16:00:00,2020-11-12 16:00:00,2020-11-12 16:00:00,366,1
172,2020-11-13 16:00:00,Decision Tree,16,0.7139729719274048,0.6951509447495634,2019-11-13 16:00:00,2020-11-13 16:00:00,2020-11-13 16:00:00,366,1
173,2020-11-13 16:00:00,Random Forest,16,0.7139729719274048,0.6871740606549644,2019-11-13 16:00:00,2020-11-13 16:00:00,2020-11-13 16:00:00,366,1
174,2020-11-13 16:00:00,Neural Network,16,0.7139729719274048,0.7105369623774869,2019-11-13 16:00:00,2020-11-13 16:00:00,2020-11-13 16:00:00,366,1
175,2020-11-13 16:00:00,Naive,16,0.7139729719274048,0.7321121956037584,2019-11-13 16:00:00,2020-11-13 16:00:00,2020-11-13 16:00:00,366,1
176,2020-11-14 16:00:00,Decision Tree,16,0.44265842875990646,0.3790697225752116,2019-11-14 16:00:00,2020-11-14 16:00:00,2020-11-14 16:00:00,366,1
177,2020-11-14 16:00:00,Random Forest,16,0.44265842875990646,0.3817995576766556,2019-11-14 16:00:00,2020-11-14 16:00:00,2020-11-14 16:00:00,366,1
178,2020-11-14 16:00:00,Neural Network,16,0.44265842875990646,0.44938308949520733,2019-11-14 16:00:00,2020-11-14 16:00:00,2020-11-14 16:00:00,366,1
179,2020-11-14 16:00:00,Naive,16,0.44265842875990646,0.7139729719274048,2019-11-14 16:00:00,2020-11-14 16:00:00,2020-11-14 16:00:00,366,1
180,2020-11-15 16:00:00,Decision Tree,16,-1.0527751380184287,-1.0420829690520117,2019-11-15 16:00:00,2020-11-15 16:00:00,2020-11-15 16:00:00,366,1
181,2020-11-15 16:00:00,Random Forest,16,-1.0527751380184287,-1.0405931368029862,2019-11-15 16:00:00,2020-11-15 16:00:00,2020-11-15 16:00:00,366,1
182,2020-11-15 16:00:00,Neural Network,16,-1.0527751380184287,-1.0862145927016669,2019-11-15 16:00:00,2020-11-15 16:00:00,2020-11-15 16:00:00,366,1
183,2020-11-15 16:00:00,Naive,16,-1.0527751380184287,0.44265842875990646,2019-11-15 16:00:00,2020-11-15 16:00:00,2020-11-15 16:00:00,366,1
184,2020-11-16 16:00:00,Decision Tree,16,0.6541121149177157,0.5846973439373738,2019-11-16 16:00:00,2020-11-16 16:00:00,2020-11-16 16:00:00,366,1
185,2020-11-16 16:00:00,Random Forest,16,0.6541121149177157,0.6026863440580482,2019-11-16 16:00:00,2020-11-16 16:00:00,2020-11-16 16:00:00,366,1
186,2020-11-16 16:00:00,Neural Network,16,0.6541121149177157,0.5408434721404063,2019-11-16 16:00:00,2020-11-16 16:00:00,2020-11-16 16:00:00,366,1
187,2020-11-16 16:00:00,Naive,16,0.6541121149177157,-1.0527751380184287,2019-11-16 16:00:00,2020-11-16 16:00:00,2020-11-16 16:00:00,366,1
188,2020-11-17 16:00:00,Decision Tree,16,0.5904742910037203,0.5308065124145336,2019-11-17 16:00:00,2020-11-17 16:00:00,2020-11-17 16:00:00,366,1
189,2020-11-17 16:00:00,Random Forest,16,0.5904742910037203,0.5384688112200322,2019-11-17 16:00:00,2020-11-17 16:00:00,2020-11-17 16:00:00,366,1
190,2020-11-17 16:00:00,Neural Network,16,0.5904742910037203,0.6880266773765651,2019-11-17 16:00:00,2020-11-17 16:00:00,2020-11-17 16:00:00,366,1
191,2020-11-17 16:00:00,Naive,16,0.5904742910037203,0.6541121149177157,2019-11-17 16:00:00,2020-11-17 16:00:00,2020-11-17 16:00:00,366,1
192,2020-11-18 16:00:00,Decision Tree,16,0.6517844115255315,0.5670999369333101,2019-11-18 16:00:00,2020-11-18 16:00:00,2020-11-18 16:00:00,366,1
193,2020-11-18 16:00:00,Random Forest,16,0.6517844115255315,0.6036143939005739,2019-11-18 16:00:00,2020-11-18 16:00:00,2020-11-18 16:00:00,366,1
194,2020-11-18 16:00:00,Neural Network,16,0.6517844115255315,0.5956966943989561,2019-11-18 16:00:00,2020-11-18 16:00:00,2020-11-18 16:00:00,366,1
195,2020-11-18 16:00:00,Naive,16,0.6517844115255315,0.5904742910037203,2019-11-18 16:00:00,2020-11-18 16:00:00,2020-11-18 16:00:00,366,1
196,2020-11-19 16:00:00,Decision Tree,16,-0.06030482157183304,-0.10726133927013269,2019-11-19 16:00:00,2020-11-19 16:00:00,2020-11-19 16:00:00,366,1
197,2020-11-19 16:00:00,Random Forest,16,-0.06030482157183304,-0.11147720592711773,2019-11-19 16:00:00,2020-11-19 16:00:00,2020-11-19 16:00:00,366,1
198,2020-11-19 16:00:00,Neural Network,16,-0.06030482157183304,-0.07486622082283256,2019-11-19 16:00:00,2020-11-19 16:00:00,2020-11-19 16:00:00,366,1
199,2020-11-19 16:00:00,Naive,16,-0.06030482157183304,0.6517844115255315,2019-11-19 16:00:00,2020-11-19 16:00:00,2020-11-19 16:00:00,366,1
200,2020-11-20 16:00:00,Decision Tree,16,0.840021542243127,0.7441297692124359,2019-11-20 16:00:00,2020-11-20 16:00:00,2020-11-20 16:00:00,366,1
201,2020-11-20 16:00:00,Random Forest,16,0.840021542243127,0.7437859863715216,2019-11-20 16:00:00,2020-11-20 16:00:00,2020-11-20 16:00:00,366,1
202,2020-11-20 16:00:00,Neural Network,16,0.840021542243127,0.7819886048793145,2019-11-20 16:00:00,2020-11-20 16:00:00,2020-11-20 16:00:00,366,1
203,2020-11-20 16:00:00,Naive,16,0.840021542243127,-0.06030482157183304,2019-11-20 16:00:00,2020-11-20 16:00:00,2020-11-20 16:00:00,366,1
204,2020-11-21 16:00:00,Decision Tree,16,0.38852789843370705,0.3245943177921647,2019-11-21 16:00:00,2020-11-21 16:00:00,2020-11-21 16:00:00,366,1
205,2020-11-21 16:00:00,Random Forest,16,0.38852789843370705,0.31233874192002975,2019-11-21 16:00:00,2020-11-21 16:00:00,2020-11-21 16:00:00,366,1
206,2020-11-21 16:00:00,Neural Network,16,0.38852789843370705,-0.12823692787878907,2019-11-21 16:00:00,2020-11-21 16:00:00,2020-11-21 16:00:00,366,1
207,2020-11-21 16:00:00,Naive,16,0.38852789843370705,0.840021542243127,2019-11-21 16:00:00,2020-11-21 16:00:00,2020-11-21 16:00:00,366,1
208,2020-11-22 16:00:00,Decision Tree,16,0.2755479984201969,0.2005978586397519,2019-11-22 16:00:00,2020-11-22 16:00:00,2020-11-22 16:00:00,366,1
209,2020-11-22 16:00:00,Random Forest,16,0.2755479984201969,0.1962036490039749,2019-11-22 16:00:00,2020-11-22 16:00:00,2020-11-22 16:00:00,366,1
210,2020-11-22 16:00:00,Neural Network,16,0.2755479984201969,0.3388538854929415,2019-11-22 16:00:00,2020-11-22 16:00:00,2020-11-22 16:00:00,366,1
211,2020-11-22 16:00:00,Naive,16,0.2755479984201969,0.38852789843370705,2019-11-22 16:00:00,2020-11-22 16:00:00,2020-11-22 16:00:00,366,1
212,2020-11-23 16:00:00,Decision Tree,16,1.0165636162604361,0.9559466080633519,2019-11-23 16:00:00,2020-11-23 16:00:00,2020-11-23 16:00:00,366,1
213,2020-11-23 16:00:00,Random Forest,16,1.0165636162604361,0.9543804751822772,2019-11-23 16:00:00,2020-11-23 16:00:00,2020-11-23 16:00:00,366,1
214,2020-11-23 16:00:00,Neural Network,16,1.0165636162604361,0.926883154756998,2019-11-23 16:00:00,2020-11-23 16:00:00,2020-11-23 16:00:00,366,1
215,2020-11-23 16:00:00,Naive,16,1.0165636162604361,0.2755479984201969,2019-11-23 16:00:00,2020-11-23 16:00:00,2020-11-23 16:00:00,366,1
216,2020-11-24 16:00:00,Decision Tree,16,0.8998950726993579,0.809775723302687,2019-11-24 16:00:00,2020-11-24 16:00:00,2020-11-24 16:00:00,366,1
217,2020-11-24 16:00:00,Random Forest,16,0.8998950726993579,0.8226613434906771,2019-11-24 16:00:00,2020-11-24 16:00:00,2020-11-24 16:00:00,366,1
218,2020-11-24 16:00:00,Neural Network,16,0.8998950726993579,0.9054118239032021,2019-11-24 16:00:00,2020-11-24 16:00:00,2020-11-24 16:00:00,366,1
219,2020-11-24 16:00:00,Naive,16,0.8998950726993579,1.0165636162604361,2019-11-24 16:00:00,2020-11-24 16:00:00,2020-11-24 16:00:00,366,1
220,2020-11-25 16:00:00,Decision Tree,16,1.1703263337472871,1.073784790716142,2019-11-25 16:00:00,2020-11-25 16:00:00,2020-11-25 16:00:00,366,1
221,2020-11-25 16:00:00,Random Forest,16,1.1703263337472871,1.0533099485876476,2019-11-25 16:00:00,2020-11-25 16:00:00,2020-11-25 16:00:00,366,1
222,2020-11-25 16:00:00,Neural Network,16,1.1703263337472871,1.0311322886483107,2019-11-25 16:00:00,2020-11-25 16:00:00,2020-11-25 16:00:00,366,1
223,2020-11-25 16:00:00,Naive,16,1.1703263337472871,0.8998950726993579,2019-11-25 16:00:00,2020-11-25 16:00:00,2020-11-25 16:00:00,366,1
224,2020-11-26 16:00:00,Decision Tree,16,1.7606599856032517,1.349880898060399,2019-11-26 16:00:00,2020-11-26 16:00:00,2020-11-26 16:00:00,366,1
225,2020-11-26 16:00:00,Random Forest,16,1.7606599856032517,1.371796225696538,2019-11-26 16:00:00,2020-11-26 16:00:00,2020-11-26 16:00:00,366,1
226,2020-11-26 16:00:00,Neural Network,16,1.7606599856032517,1.9275522506349394,2019-11-26 16:00:00,2020-11-26 16:00:00,2020-11-26 16:00:00,366,1
227,2020-11-26 16:00:00,Naive,16,1.7606599856032517,1.1703263337472871,2019-11-26 16:00:00,2020-11-26 16:00:00,2020-11-26 16:00:00,366,1
228,2020-11-27 16:00:00,Decision Tree,16,2.0148014346974312,1.418344079317541,2019-11-27 16:00:00,2020-11-27 16:00:00,2020-11-27 16:00:00,366,1
229,2020-11-27 16:00:00,Random Forest,16,2.0148014346974312,1.5234150509868107,2019-11-27 16:00:00,2020-11-27 16:00:00,2020-11-27 16:00:00,366,1
230,2020-11-27 16:00:00,Neural Network,16,2.0148014346974312,2.392259371590056,2019-11-27 16:00:00,2020-11-27 16:00:00,2020-11-27 16:00:00,366,1
231,2020-11-27 16:00:00,Naive,16,2.0148014346974312,1.7606599856032517,2019-11-27 16:00:00,2020-11-27 16:00:00,2020-11-27 16:00:00,366,1
232,2020-11-28 16:00:00,Decision Tree,16,0.9736558471988711,0.8197889843467615,2019-11-28 16:00:00,2020-11-28 16:00:00,2020-11-28 16:00:00,366,1
233,2020-11-28 16:00:00,Random Forest,16,0.9736558471988711,0.858027752745176,2019-11-28 16:00:00,2020-11-28 16:00:00,2020-11-28 16:00:00,366,1
234,2020-11-28 16:00:00,Neural Network,16,0.9736558471988711,0.8550434447119147,2019-11-28 16:00:00,2020-11-28 16:00:00,2020-11-28 16:00:00,366,1
235,2020-11-28 16:00:00,Naive,16,0.9736558471988711,2.0148014346974312,2019-11-28 16:00:00,2020-11-28 16:00:00,2020-11-28 16:00:00,366,1
236,2020-11-29 16:00:00,Decision Tree,16,0.9162933398176913,0.8197889843467615,2019-11-29 16:00:00,2020-11-29 16:00:00,2020-11-29 16:00:00,366,1
237,2020-11-29 16:00:00,Random Forest,16,0.9162933398176913,0.8117013278152301,2019-11-29 16:00:00,2020-11-29 16:00:00,2020-11-29 16:00:00,366,1
238,2020-11-29 16:00:00,Neural Network,16,0.9162933398176913,0.7703227042363543,2019-11-29 16:00:00,2020-11-29 16:00:00,2020-11-29 16:00:00,366,1
239,2020-11-29 16:00:00,Naive,16,0.9162933398176913,0.9736558471988711,2019-11-29 16:00:00,2020-11-29 16:00:00,2020-11-29 16:00:00,366,1
240,2020-11-30 16:00:00,Decision Tree,16,1.2172303827239315,1.1649712746608212,2019-11-30 16:00:00,2020-11-30 16:00:00,2020-11-30 16:00:00,366,1
241,2020-11-30 16:00:00,Random Forest,16,1.2172303827239315,1.1476668644727706,2019-11-30 16:00:00,2020-11-30 16:00:00,2020-11-30 16:00:00,366,1
242,2020-11-30 16:00:00,Neural Network,16,1.2172303827239315,1.1052223288531589,2019-11-30 16:00:00,2020-11-30 16:00:00,2020-11-30 16:00:00,366,1
243,2020-11-30 16:00:00,Naive,16,1.2172303827239315,0.9162933398176913,2019-11-30 16:00:00,2020-11-30 16:00:00,2020-11-30 16:00:00,366,1
244,2020-12-01 16:00:00,Decision Tree,16,1.4560873733490107,1.6047509303138443,2019-12-01 16:00:00,2020-12-01 16:00:00,2020-12-01 16:00:00,366,1
245,2020-12-01 16:00:00,Random Forest,16,1.4560873733490107,1.3595108548416173,2019-12-01 16:00:00,2020-12-01 16:00:00,2020-12-01 16:00:00,366,1
246,2020-12-01 16:00:00,Neural Network,16,1.4560873733490107,1.4198458464180572,2019-12-01 16:00:00,2020-12-01 16:00:00,2020-12-01 16:00:00,366,1
247,2020-12-01 16:00:00,Naive,16,1.4560873733490107,1.2172303827239315,2019-12-01 16:00:00,2020-12-01 16:00:00,2020-12-01 16:00:00,366,1
248,2020-12-02 16:00:00,Decision Tree,16,2.367999491109031,1.6397398278736919,2019-12-02 16:00:00,2020-12-02 16:00:00,2020-12-02 16:00:00,366,1
249,2020-12-02 16:00:00,Random Forest,16,2.367999491109031,1.6443835153795134,2019-12-02 16:00:00,2020-12-02 16:00:00,2020-12-02 16:00:00,366,1
250,2020-12-02 16:00:00,Neural Network,16,2.367999491109031,2.981348979619672,2019-12-02 16:00:00,2020-12-02 16:00:00,2020-12-02 16:00:00,366,1
251,2020-12-02 16:00:00,Naive,16,2.367999491109031,1.4560873733490107,2019-12-02 16:00:00,2020-12-02 16:00:00,2020-12-02 16:00:00,366,1
252,2020-12-03 16:00:00,Decision Tree,16,0.9746518977161419,0.963543535873022,2019-12-03 16:00:00,2020-12-03 16:00:00,2020-12-03 16:00:00,366,1
253,2020-12-03 16:00:00,Random Forest,16,0.9746518977161419,0.928677129711497,2019-12-03 16:00:00,2020-12-03 16:00:00,2020-12-03 16:00:00,366,1
254,2020-12-03 16:00:00,Neural Network,16,0.9746518977161419,0.7687994774526976,2019-12-03 16:00:00,2020-12-03 16:00:00,2020-12-03 16:00:00,366,1
255,2020-12-03 16:00:00,Naive,16,0.9746518977161419,2.367999491109031,2019-12-03 16:00:00,2020-12-03 16:00:00,2020-12-03 16:00:00,366,1
256,2020-12-04 16:00:00,Decision Tree,16,1.2267747816475914,1.2031240754109656,2019-12-04 16:00:00,2020-12-04 16:00:00,2020-12-04 16:00:00,366,1
257,2020-12-04 16:00:00,Random Forest,16,1.2267747816475914,1.199462164038497,2019-12-04 16:00:00,2020-12-04 16:00:00,2020-12-04 16:00:00,366,1
258,2020-12-04 16:00:00,Neural Network,16,1.2267747816475914,0.9514265735828873,2019-12-04 16:00:00,2020-12-04 16:00:00,2020-12-04 16:00:00,366,1
259,2020-12-04 16:00:00,Naive,16,1.2267747816475914,0.9746518977161419,2019-12-04 16:00:00,2020-12-04 16:00:00,2020-12-04 16:00:00,366,1
260,2020-12-05 16:00:00,Decision Tree,16,1.2010552614365237,1.1776448985552523,2019-12-05 16:00:00,2020-12-05 16:00:00,2020-12-05 16:00:00,366,1
261,2020-12-05 16:00:00,Random Forest,16,1.2010552614365237,1.1882604254836733,2019-12-05 16:00:00,2020-12-05 16:00:00,2020-12-05 16:00:00,366,1
262,2020-12-05 16:00:00,Neural Network,16,1.2010552614365237,1.0929096726125553,2019-12-05 16:00:00,2020-12-05 16:00:00,2020-12-05 16:00:00,366,1
263,2020-12-05 16:00:00,Naive,16,1.2010552614365237,1.2267747816475914,2019-12-05 16:00:00,2020-12-05 16:00:00,2020-12-05 16:00:00,366,1
264,2020-12-06 16:00:00,Decision Tree,16,0.9905679140703353,0.960397522571324,2019-12-06 16:00:00,2020-12-06 16:00:00,2020-12-06 16:00:00,366,1
265,2020-12-06 16:00:00,Random Forest,16,0.9905679140703353,0.9665199056898501,2019-12-06 16:00:00,2020-12-06 16:00:00,2020-12-06 16:00:00,366,1
266,2020-12-06 16:00:00,Neural Network,16,0.9905679140703353,0.9514691080745119,2019-12-06 16:00:00,2020-12-06 16:00:00,2020-12-06 16:00:00,366,1
267,2020-12-06 16:00:00,Naive,16,0.9905679140703353,1.2010552614365237,2019-12-06 16:00:00,2020-12-06 16:00:00,2020-12-06 16:00:00,366,1
268,2020-12-07 16:00:00,Decision Tree,16,1.3853515323801642,1.2147326365100397,2019-12-07 16:00:00,2020-12-07 16:00:00,2020-12-07 16:00:00,366,1
269,2020-12-07 16:00:00,Random Forest,16,1.3853515323801642,1.332443285776275,2019-12-07 16:00:00,2020-12-07 16:00:00,2020-12-07 16:00:00,366,1
270,2020-12-07 16:00:00,Neural Network,16,1.3853515323801642,1.2980572644968023,2019-12-07 16:00:00,2020-12-07 16:00:00,2020-12-07 16:00:00,366,1
271,2020-12-07 16:00:00,Naive,16,1.3853515323801642,0.9905679140703353,2019-12-07 16:00:00,2020-12-07 16:00:00,2020-12-07 16:00:00,366,1
272,2020-12-08 16:00:00,Decision Tree,16,1.9598448798439314,1.8385641357489706,2019-12-08 16:00:00,2020-12-08 16:00:00,2020-12-08 16:00:00,366,1
273,2020-12-08 16:00:00,Random Forest,16,1.9598448798439314,1.9038561708574226,2019-12-08 16:00:00,2020-12-08 16:00:00,2020-12-08 16:00:00,366,1
274,2020-12-08 16:00:00,Neural Network,16,1.9598448798439314,2.094777014003114,2019-12-08 16:00:00,2020-12-08 16:00:00,2020-12-08 16:00:00,366,1
275,2020-12-08 16:00:00,Naive,16,1.9598448798439314,1.3853515323801642,2019-12-08 16:00:00,2020-12-08 16:00:00,2020-12-08 16:00:00,366,1
276,2020-12-09 16:00:00,Decision Tree,16,2.375702823274327,1.939315637047955,2019-12-09 16:00:00,2020-12-09 16:00:00,2020-12-09 16:00:00,366,1
277,2020-12-09 16:00:00,Random Forest,16,2.375702823274327,1.9784680321323678,2019-12-09 16:00:00,2020-12-09 16:00:00,2020-12-09 16:00:00,366,1
278,2020-12-09 16:00:00,Neural Network,16,2.375702823274327,2.7753784228951552,2019-12-09 16:00:00,2020-12-09 16:00:00,2020-12-09 16:00:00,366,1
279,2020-12-09 16:00:00,Naive,16,2.375702823274327,1.9598448798439314,2019-12-09 16:00:00,2020-12-09 16:00:00,2020-12-09 16:00:00,366,1
280,2020-12-10 16:00:00,Decision Tree,16,2.3108366331993233,1.8642149892804094,2019-12-10 16:00:00,2020-12-10 16:00:00,2020-12-10 16:00:00,366,1
281,2020-12-10 16:00:00,Random Forest,16,2.3108366331993233,2.1395495242495057,2019-12-10 16:00:00,2020-12-10 16:00:00,2020-12-10 16:00:00,366,1
282,2020-12-10 16:00:00,Neural Network,16,2.3108366331993233,2.6380430223292124,2019-12-10 16:00:00,2020-12-10 16:00:00,2020-12-10 16:00:00,366,1
283,2020-12-10 16:00:00,Naive,16,2.3108366331993233,2.375702823274327,2019-12-10 16:00:00,2020-12-10 16:00:00,2020-12-10 16:00:00,366,1
284,2020-12-11 16:00:00,Decision Tree,16,1.1512765388718578,1.0066893116339921,2019-12-11 16:00:00,2020-12-11 16:00:00,2020-12-11 16:00:00,366,1
285,2020-12-11 16:00:00,Random Forest,16,1.1512765388718578,1.055278958513443,2019-12-11 16:00:00,2020-12-11 16:00:00,2020-12-11 16:00:00,366,1
286,2020-12-11 16:00:00,Neural Network,16,1.1512765388718578,0.938018487943115,2019-12-11 16:00:00,2020-12-11 16:00:00,2020-12-11 16:00:00,366,1
287,2020-12-11 16:00:00,Naive,16,1.1512765388718578,2.3108366331993233,2019-12-11 16:00:00,2020-12-11 16:00:00,2020-12-11 16:00:00,366,1
288,2020-12-12 16:00:00,Decision Tree,16,1.1070595407260795,0.9999272875911543,2019-12-12 16:00:00,2020-12-12 16:00:00,2020-12-12 16:00:00,366,1
289,2020-12-12 16:00:00,Random Forest,16,1.1070595407260795,1.0442083222275624,2019-12-12 16:00:00,2020-12-12 16:00:00,2020-12-12 16:00:00,366,1
290,2020-12-12 16:00:00,Neural Network,16,1.1070595407260795,1.0729834167243988,2019-12-12 16:00:00,2020-12-12 16:00:00,2020-12-12 16:00:00,366,1
291,2020-12-12 16:00:00,Naive,16,1.1070595407260795,1.1512765388718578,2019-12-12 16:00:00,2020-12-12 16:00:00,2020-12-12 16:00:00,366,1
292,2020-12-13 16:00:00,Decision Tree,16,0.7167108894741688,0.6183242746078839,2019-12-13 16:00:00,2020-12-13 16:00:00,2020-12-13 16:00:00,366,1
293,2020-12-13 16:00:00,Random Forest,16,0.7167108894741688,0.6351274817043531,2019-12-13 16:00:00,2020-12-13 16:00:00,2020-12-13 16:00:00,366,1
294,2020-12-13 16:00:00,Neural Network,16,0.7167108894741688,0.7872676389273798,2019-12-13 16:00:00,2020-12-13 16:00:00,2020-12-13 16:00:00,366,1
295,2020-12-13 16:00:00,Naive,16,0.7167108894741688,1.1070595407260795,2019-12-13 16:00:00,2020-12-13 16:00:00,2020-12-13 16:00:00,366,1
296,2020-12-14 16:00:00,Decision Tree,16,1.1552682499232296,1.0294888507058269,2019-12-14 16:00:00,2020-12-14 16:00:00,2020-12-14 16:00:00,366,1
297,2020-12-14 16:00:00,Random Forest,16,1.1552682499232296,1.109585065112072,2019-12-14 16:00:00,2020-12-14 16:00:00,2020-12-14 16:00:00,366,1
298,2020-12-14 16:00:00,Neural Network,16,1.1552682499232296,1.066528089997389,2019-12-14 16:00:00,2020-12-14 16:00:00,2020-12-14 16:00:00,366,1
299,2020-12-14 16:00:00,Naive,16,1.1552682499232296,0.7167108894741688,2019-12-14 16:00:00,2020-12-14 16:00:00,2020-12-14 16:00:00,366,1
300,2020-12-15 16:00:00,Decision Tree,16,1.3547194282810628,1.2346016001856945,2019-12-15 16:00:00,2020-12-15 16:00:00,2020-12-15 16:00:00,366,1
301,2020-12-15 16:00:00,Random Forest,16,1.3547194282810628,1.2859344089092837,2019-12-15 16:00:00,2020-12-15 16:00:00,2020-12-15 16:00:00,366,1
302,2020-12-15 16:00:00,Neural Network,16,1.3547194282810628,1.1454434887193599,2019-12-15 16:00:00,2020-12-15 16:00:00,2020-12-15 16:00:00,366,1
303,2020-12-15 16:00:00,Naive,16,1.3547194282810628,1.1552682499232296,2019-12-15 16:00:00,2020-12-15 16:00:00,2020-12-15 16:00:00,366,1
304,2020-12-16 16:00:00,Decision Tree,16,1.2947897844887428,1.281488209648802,2019-12-16 16:00:00,2020-12-16 16:00:00,2020-12-16 16:00:00,366,1
305,2020-12-16 16:00:00,Random Forest,16,1.2947897844887428,1.2552423593828013,2019-12-16 16:00:00,2020-12-16 16:00:00,2020-12-16 16:00:00,366,1
306,2020-12-16 16:00:00,Neural Network,16,1.2947897844887428,1.1824540563809451,2019-12-16 16:00:00,2020-12-16 16:00:00,2020-12-16 16:00:00,366,1
307,2020-12-16 16:00:00,Naive,16,1.2947897844887428,1.3547194282810628,2019-12-16 16:00:00,2020-12-16 16:00:00,2020-12-16 16:00:00,366,1
308,2020-12-17 16:00:00,Decision Tree,16,1.1989565402780369,1.1611138475857996,2019-12-17 16:00:00,2020-12-17 16:00:00,2020-12-17 16:00:00,366,1
309,2020-12-17 16:00:00,Random Forest,16,1.1989565402780369,1.1858710613806875,2019-12-17 16:00:00,2020-12-17 16:00:00,2020-12-17 16:00:00,366,1
310,2020-12-17 16:00:00,Neural Network,16,1.1989565402780369,1.1102599030980211,2019-12-17 16:00:00,2020-12-17 16:00:00,2020-12-17 16:00:00,366,1
311,2020-12-17 16:00:00,Naive,16,1.1989565402780369,1.2947897844887428,2019-12-17 16:00:00,2020-12-17 16:00:00,2020-12-17 16:00:00,366,1
312,2020-12-18 16:00:00,Decision Tree,16,0.9202560310851025,0.8515135136436298,2019-12-18 16:00:00,2020-12-18 16:00:00,2020-12-18 16:00:00,366,1
313,2020-12-18 16:00:00,Random Forest,16,0.9202560310851025,0.892867240290898,2019-12-18 16:00:00,2020-12-18 16:00:00,2020-12-18 16:00:00,366,1
314,2020-12-18 16:00:00,Neural Network,16,0.9202560310851025,0.8033302761523963,2019-12-18 16:00:00,2020-12-18 16:00:00,2020-12-18 16:00:00,366,1
315,2020-12-18 16:00:00,Naive,16,0.9202560310851025,1.1989565402780369,2019-12-18 16:00:00,2020-12-18 16:00:00,2020-12-18 16:00:00,366,1
316,2020-12-19 16:00:00,Decision Tree,16,0.25921885719677507,0.14508432209471414,2019-12-19 16:00:00,2020-12-19 16:00:00,2020-12-19 16:00:00,366,1
317,2020-12-19 16:00:00,Random Forest,16,0.25921885719677507,0.17409132881734093,2019-12-19 16:00:00,2020-12-19 16:00:00,2020-12-19 16:00:00,366,1
318,2020-12-19 16:00:00,Neural Network,16,0.25921885719677507,0.14025273741232724,2019-12-19 16:00:00,2020-12-19 16:00:00,2020-12-19 16:00:00,366,1
319,2020-12-19 16:00:00,Naive,16,0.25921885719677507,0.9202560310851025,2019-12-19 16:00:00,2020-12-19 16:00:00,2020-12-19 16:00:00,366,1
320,2020-12-20 16:00:00,Decision Tree,16,0.6879801916369962,0.6945095279297432,2019-12-20 16:00:00,2020-12-20 16:00:00,2020-12-20 16:00:00,366,1
321,2020-12-20 16:00:00,Random Forest,16,0.6879801916369962,0.6447257502509142,2019-12-20 16:00:00,2020-12-20 16:00:00,2020-12-20 16:00:00,366,1
322,2020-12-20 16:00:00,Neural Network,16,0.6879801916369962,0.6945174379472658,2019-12-20 16:00:00,2020-12-20 16:00:00,2020-12-20 16:00:00,366,1
323,2020-12-20 16:00:00,Naive,16,0.6879801916369962,0.25921885719677507,2019-12-20 16:00:00,2020-12-20 16:00:00,2020-12-20 16:00:00,366,1
324,2020-12-21 16:00:00,Decision Tree,16,0.6756194871479293,0.5677816061748082,2019-12-21 16:00:00,2020-12-21 16:00:00,2020-12-21 16:00:00,366,1
325,2020-12-21 16:00:00,Random Forest,16,0.6756194871479293,0.6131935520552254,2019-12-21 16:00:00,2020-12-21 16:00:00,2020-12-21 16:00:00,366,1
326,2020-12-21 16:00:00,Neural Network,16,0.6756194871479293,0.564188578870368,2019-12-21 16:00:00,2020-12-21 16:00:00,2020-12-21 16:00:00,366,1
327,2020-12-21 16:00:00,Naive,16,0.6756194871479293,0.6879801916369962,2019-12-21 16:00:00,2020-12-21 16:00:00,2020-12-21 16:00:00,366,1
328,2020-12-22 16:00:00,Decision Tree,16,0.9253686252723791,0.8787970649493226,2019-12-22 16:00:00,2020-12-22 16:00:00,2020-12-22 16:00:00,366,1
329,2020-12-22 16:00:00,Random Forest,16,0.9253686252723791,0.8935738511271181,2019-12-22 16:00:00,2020-12-22 16:00:00,2020-12-22 16:00:00,366,1
330,2020-12-22 16:00:00,Neural Network,16,0.9253686252723791,0.5769854981733581,2019-12-22 16:00:00,2020-12-22 16:00:00,2020-12-22 16:00:00,366,1
331,2020-12-22 16:00:00,Naive,16,0.9253686252723791,0.6756194871479293,2019-12-22 16:00:00,2020-12-22 16:00:00,2020-12-22 16:00:00,366,1
332,2020-12-23 16:00:00,Decision Tree,16,0.798631290759355,0.7480527196814886,2019-12-23 16:00:00,2020-12-23 16:00:00,2020-12-23 16:00:00,366,1
333,2020-12-23 16:00:00,Random Forest,16,0.798631290759355,0.7488907528722342,2019-12-23 16:00:00,2020-12-23 16:00:00,2020-12-23 16:00:00,366,1
334,2020-12-23 16:00:00,Neural Network,16,0.798631290759355,0.6641182235906542,2019-12-23 16:00:00,2020-12-23 16:00:00,2020-12-23 16:00:00,366,1
335,2020-12-23 16:00:00,Naive,16,0.798631290759355,0.9253686252723791,2019-12-23 16:00:00,2020-12-23 16:00:00,2020-12-23 16:00:00,366,1
336,2020-12-24 16:00:00,Decision Tree,16,0.24365402866608202,0.14508432209471414,2019-12-24 16:00:00,2020-12-24 16:00:00,2020-12-24 16:00:00,366,1
337,2020-12-24 16:00:00,Random Forest,16,0.24365402866608202,0.1627646423057386,2019-12-24 16:00:00,2020-12-24 16:00:00,2020-12-24 16:00:00,366,1
338,2020-12-24 16:00:00,Neural Network,16,0.24365402866608202,0.14722115971784439,2019-12-24 16:00:00,2020-12-24 16:00:00,2020-12-24 16:00:00,366,1
339,2020-12-24 16:00:00,Naive,16,0.24365402866608202,0.798631290759355,2019-12-24 16:00:00,2020-12-24 16:00:00,2020-12-24 16:00:00,366,1
340,2020-12-25 16:00:00,Decision Tree,16,0.9431474524265251,0.8865589916698321,2019-12-25 16:00:00,2020-12-25 16:00:00,2020-12-25 16:00:00,366,1
341,2020-12-25 16:00:00,Random Forest,16,0.9431474524265251,0.906304120877045,2019-12-25 16:00:00,2020-12-25 16:00:00,2020-12-25 16:00:00,366,1
342,2020-12-25 16:00:00,Neural Network,16,0.9431474524265251,-0.6183374070217118,2019-12-25 16:00:00,2020-12-25 16:00:00,2020-12-25 16:00:00,366,1
343,2020-12-25 16:00:00,Naive,16,0.9431474524265251,0.24365402866608202,2019-12-25 16:00:00,2020-12-25 16:00:00,2020-12-25 16:00:00,366,1
344,2020-12-26 16:00:00,Decision Tree,16,-1.0080471948293512,-0.9726572329395059,2019-12-26 16:00:00,2020-12-26 16:00:00,2020-12-26 16:00:00,366,1
345,2020-12-26 16:00:00,Random Forest,16,-1.0080471948293512,-0.9752167261250414,2019-12-26 16:00:00,2020-12-26 16:00:00,2020-12-26 16:00:00,366,1
346,2020-12-26 16:00:00,Neural Network,16,-1.0080471948293512,-0.13285736617907548,2019-12-26 16:00:00,2020-12-26 16:00:00,2020-12-26 16:00:00,366,1
347,2020-12-26 16:00:00,Naive,16,-1.0080471948293512,0.9431474524265251,2019-12-26 16:00:00,2020-12-26 16:00:00,2020-12-26 16:00:00,366,1
348,2020-12-27 16:00:00,Decision Tree,16,-1.9084526663819577,-1.7282274945632323,2019-12-27 16:00:00,2020-12-27 16:00:00,2020-12-27 16:00:00,366,1
349,2020-12-27 16:00:00,Random Forest,16,-1.9084526663819577,-1.7836578463747428,2019-12-27 16:00:00,2020-12-27 16:00:00,2020-12-27 16:00:00,366,1
350,2020-12-27 16:00:00,Neural Network,16,-1.9084526663819577,-1.6471864564975118,2019-12-27 16:00:00,2020-12-27 16:00:00,2020-12-27 16:00:00,366,1
351,2020-12-27 16:00:00,Naive,16,-1.9084526663819577,-1.0080471948293512,2019-12-27 16:00:00,2020-12-27 16:00:00,2020-12-27 16:00:00,366,1
352,2020-12-28 16:00:00,Decision Tree,16,1.096034866459878,0.9988730815626832,2019-12-28 16:00:00,2020-12-28 16:00:00,2020-12-28 16:00:00,366,1
353,2020-12-28 16:00:00,Random Forest,16,1.096034866459878,1.0744553784451432,2019-12-28 16:00:00,2020-12-28 16:00:00,2020-12-28 16:00:00,366,1
354,2020-12-28 16:00:00,Neural Network,16,1.096034866459878,0.664369728316696,2019-12-28 16:00:00,2020-12-28 16:00:00,2020-12-28 16:00:00,366,1
355,2020-12-28 16:00:00,Naive,16,1.096034866459878,-1.9084526663819577,2019-12-28 16:00:00,2020-12-28 16:00:00,2020-12-28 16:00:00,366,1
356,2020-12-29 16:00:00,Decision Tree,16,1.1917697738980497,1.1866388045319889,2019-12-29 16:00:00,2020-12-29 16:00:00,2020-12-29 16:00:00,366,1
357,2020-12-29 16:00:00,Random Forest,16,1.1917697738980497,1.1570688995323364,2019-12-29 16:00:00,2020-12-29 16:00:00,2020-12-29 16:00:00,366,1
358,2020-12-29 16:00:00,Neural Network,16,1.1917697738980497,0.9281405615399594,2019-12-29 16:00:00,2020-12-29 16:00:00,2020-12-29 16:00:00,366,1
359,2020-12-29 16:00:00,Naive,16,1.1917697738980497,1.096034866459878,2019-12-29 16:00:00,2020-12-29 16:00:00,2020-12-29 16:00:00,366,1
360,2020-12-30 16:00:00,Decision Tree,16,1.2542847226144982,1.1873718001557119,2019-12-30 16:00:00,2020-12-30 16:00:00,2020-12-30 16:00:00,366,1
361,2020-12-30 16:00:00,Random Forest,16,1.2542847226144982,1.199440676042051,2019-12-30 16:00:00,2020-12-30 16:00:00,2020-12-30 16:00:00,366,1
362,2020-12-30 16:00:00,Neural Network,16,1.2542847226144982,1.0122518505030045,2019-12-30 16:00:00,2020-12-30 16:00:00,2020-12-30 16:00:00,366,1
363,2020-12-30 16:00:00,Naive,16,1.2542847226144982,1.1917697738980497,2019-12-30 16:00:00,2020-12-30 16:00:00,2020-12-30 16:00:00,366,1
364,2020-12-31 16:00:00,Decision Tree,16,1.3757678314939956,1.3071944008366851,2019-12-31 16:00:00,2020-12-31 16:00:00,2020-12-31 16:00:00,366,1
365,2020-12-31 16:00:00,Random Forest,16,1.3757678314939956,1.314521258586408,2019-12-31 16:00:00,2020-12-31 16:00:00,2020-12-31 16:00:00,366,1
366,2020-12-31 16:00:00,Neural Network,16,1.3757678314939956,0.8853792291193178,2019-12-31 16:00:00,2020-12-31 16:00:00,2020-12-31 16:00:00,366,1
367,2020-12-31 16:00:00,Naive,16,1.3757678314939956,1.2542847226144982,2019-12-31 16:00:00,2020-12-31 16:00:00,2020-12-31 16:00:00,366,1
368,2021-01-01 16:00:00,Decision Tree,16,1.123694324906699,1.0886528719929534,2020-01-01 16:00:00,2021-01-01 16:00:00,2021-01-01 16:00:00,366,1
369,2021-01-01 16:00:00,Random Forest,16,1.123694324906699,1.0743391740518944,2020-01-01 16:00:00,2021-01-01 16:00:00,2021-01-01 16:00:00,366,1
370,2021-01-01 16:00:00,Neural Network,16,1.123694324906699,0.21958637551174176,2020-01-01 16:00:00,2021-01-01 16:00:00,2021-01-01 16:00:00,366,1
371,2021-01-01 16:00:00,Naive,16,1.123694324906699,1.3757678314939956,2020-01-01 16:00:00,2021-01-01 16:00:00,2021-01-01 16:00:00,366,1
372,2021-01-02 16:00:00,Decision Tree,16,1.404684115864097,1.3382610298609185,2020-01-02 16:00:00,2021-01-02 16:00:00,2021-01-02 16:00:00,366,1
373,2021-01-02 16:00:00,Random Forest,16,1.404684115864097,1.3664921252588487,2020-01-02 16:00:00,2021-01-02 16:00:00,2021-01-02 16:00:00,366,1
374,2021-01-02 16:00:00,Neural Network,16,1.404684115864097,1.7910662041195304,2020-01-02 16:00:00,2021-01-02 16:00:00,2021-01-02 16:00:00,366,1
375,2021-01-02 16:00:00,Naive,16,1.404684115864097,1.123694324906699,2020-01-02 16:00:00,2021-01-02 16:00:00,2021-01-02 16:00:00,366,1
376,2021-01-03 16:00:00,Decision Tree,16,0.07359149585524048,0.0017726371087391525,2020-01-03 16:00:00,2021-01-03 16:00:00,2021-01-03 16:00:00,366,1
377,2021-01-03 16:00:00,Random Forest,16,0.07359149585524048,0.012616547984050536,2020-01-03 16:00:00,2021-01-03 16:00:00,2021-01-03 16:00:00,366,1
378,2021-01-03 16:00:00,Neural Network,16,0.07359149585524048,0.8575366248173879,2020-01-03 16:00:00,2021-01-03 16:00:00,2021-01-03 16:00:00,366,1
379,2021-01-03 16:00:00,Naive,16,0.07359149585524048,1.404684115864097,2020-01-03 16:00:00,2021-01-03 16:00:00,2021-01-03 16:00:00,366,1
380,2021-01-04 16:00:00,Decision Tree,16,1.4764496265961762,1.346563915611316,2020-01-04 16:00:00,2021-01-04 16:00:00,2021-01-04 16:00:00,366,1
381,2021-01-04 16:00:00,Random Forest,16,1.4764496265961762,1.4406844399831706,2020-01-04 16:00:00,2021-01-04 16:00:00,2021-01-04 16:00:00,366,1
382,2021-01-04 16:00:00,Neural Network,16,1.4764496265961762,0.6551415650830459,2020-01-04 16:00:00,2021-01-04 16:00:00,2021-01-04 16:00:00,366,1
383,2021-01-04 16:00:00,Naive,16,1.4764496265961762,0.07359149585524048,2020-01-04 16:00:00,2021-01-04 16:00:00,2021-01-04 16:00:00,366,1
384,2021-01-05 16:00:00,Decision Tree,16,1.5494160302038256,1.4931818370389747,2020-01-05 16:00:00,2021-01-05 16:00:00,2021-01-05 16:00:00,366,1
385,2021-01-05 16:00:00,Random Forest,16,1.5494160302038256,1.4590318137272913,2020-01-05 16:00:00,2021-01-05 16:00:00,2021-01-05 16:00:00,366,1
386,2021-01-05 16:00:00,Neural Network,16,1.5494160302038256,1.4303252959620545,2020-01-05 16:00:00,2021-01-05 16:00:00,2021-01-05 16:00:00,366,1
387,2021-01-05 16:00:00,Naive,16,1.5494160302038256,1.4764496265961762,2020-01-05 16:00:00,2021-01-05 16:00:00,2021-01-05 16:00:00,366,1
388,2021-01-06 16:00:00,Decision Tree,16,1.4663459284931823,1.500211111184581,2020-01-06 16:00:00,2021-01-06 16:00:00,2021-01-06 16:00:00,366,1
389,2021-01-06 16:00:00,Random Forest,16,1.4663459284931823,1.4624275379240181,2020-01-06 16:00:00,2021-01-06 16:00:00,2021-01-06 16:00:00,366,1
390,2021-01-06 16:00:00,Neural Network,16,1.4663459284931823,1.5365013044786295,2020-01-06 16:00:00,2021-01-06 16:00:00,2021-01-06 16:00:00,366,1
391,2021-01-06 16:00:00,Naive,16,1.4663459284931823,1.5494160302038256,2020-01-06 16:00:00,2021-01-06 16:00:00,2021-01-06 16:00:00,366,1
392,2021-01-07 16:00:00,Decision Tree,16,2.146246748795563,2.205837052424809,2020-01-07 16:00:00,2021-01-07 16:00:00,2021-01-07 16:00:00,366,1
393,2021-01-07 16:00:00,Random Forest,16,2.146246748795563,2.0562047467063103,2020-01-07 16:00:00,2021-01-07 16:00:00,2021-01-07 16:00:00,366,1
394,2021-01-07 16:00:00,Neural Network,16,2.146246748795563,1.6761969390070524,2020-01-07 16:00:00,2021-01-07 16:00:00,2021-01-07 16:00:00,366,1
395,2021-01-07 16:00:00,Naive,16,2.146246748795563,1.4663459284931823,2020-01-07 16:00:00,2021-01-07 16:00:00,2021-01-07 16:00:00,366,1
396,2021-01-08 16:00:00,Decision Tree,16,2.2355913678547834,2.195905335153268,2020-01-08 16:00:00,2021-01-08 16:00:00,2021-01-08 16:00:00,366,1
397,2021-01-08 16:00:00,Random Forest,16,2.2355913678547834,2.1551099490623886,2020-01-08 16:00:00,2021-01-08 16:00:00,2021-01-08 16:00:00,366,1
398,2021-01-08 16:00:00,Neural Network,16,2.2355913678547834,1.9284400619374176,2020-01-08 16:00:00,2021-01-08 16:00:00,2021-01-08 16:00:00,366,1
399,2021-01-08 16:00:00,Naive,16,2.2355913678547834,2.146246748795563,2020-01-08 16:00:00,2021-01-08 16:00:00,2021-01-08 16:00:00,366,1
400,2021-01-09 16:00:00,Decision Tree,16,1.5013302566486175,1.4124063003000116,2020-01-09 16:00:00,2021-01-09 16:00:00,2021-01-09 16:00:00,366,1
401,2021-01-09 16:00:00,Random Forest,16,1.5013302566486175,1.491142361687902,2020-01-09 16:00:00,2021-01-09 16:00:00,2021-01-09 16:00:00,366,1
402,2021-01-09 16:00:00,Neural Network,16,1.5013302566486175,1.8540613462661528,2020-01-09 16:00:00,2021-01-09 16:00:00,2021-01-09 16:00:00,366,1
403,2021-01-09 16:00:00,Naive,16,1.5013302566486175,2.2355913678547834,2020-01-09 16:00:00,2021-01-09 16:00:00,2021-01-09 16:00:00,366,1
404,2021-01-10 16:00:00,Decision Tree,16,1.2745437156039081,1.2618606704945146,2020-01-10 16:00:00,2021-01-10 16:00:00,2021-01-10 16:00:00,366,1
405,2021-01-10 16:00:00,Random Forest,16,1.2745437156039081,1.2079778370812118,2020-01-10 16:00:00,2021-01-10 16:00:00,2021-01-10 16:00:00,366,1
406,2021-01-10 16:00:00,Neural Network,16,1.2745437156039081,1.6310604033723632,2020-01-10 16:00:00,2021-01-10 16:00:00,2021-01-10 16:00:00,366,1
407,2021-01-10 16:00:00,Naive,16,1.2745437156039081,1.5013302566486175,2020-01-10 16:00:00,2021-01-10 16:00:00,2021-01-10 16:00:00,366,1
408,2021-01-11 16:00:00,Decision Tree,16,0.9348014032232563,0.912058285305314,2020-01-11 16:00:00,2021-01-11 16:00:00,2021-01-11 16:00:00,366,1
409,2021-01-11 16:00:00,Random Forest,16,0.9348014032232563,0.9061114330419633,2020-01-11 16:00:00,2021-01-11 16:00:00,2021-01-11 16:00:00,366,1
410,2021-01-11 16:00:00,Neural Network,16,0.9348014032232563,0.6872797635885871,2020-01-11 16:00:00,2021-01-11 16:00:00,2021-01-11 16:00:00,366,1
411,2021-01-11 16:00:00,Naive,16,0.9348014032232563,1.2745437156039081,2020-01-11 16:00:00,2021-01-11 16:00:00,2021-01-11 16:00:00,366,1
412,2021-01-12 16:00:00,Decision Tree,16,1.506775007794367,1.4676338987794664,2020-01-12 16:00:00,2021-01-12 16:00:00,2021-01-12 16:00:00,366,1
413,2021-01-12 16:00:00,Random Forest,16,1.506775007794367,1.482248180476891,2020-01-12 16:00:00,2021-01-12 16:00:00,2021-01-12 16:00:00,366,1
414,2021-01-12 16:00:00,Neural Network,16,1.506775007794367,1.3023744562754849,2020-01-12 16:00:00,2021-01-12 16:00:00,2021-01-12 16:00:00,366,1
415,2021-01-12 16:00:00,Naive,16,1.506775007794367,0.9348014032232563,2020-01-12 16:00:00,2021-01-12 16:00:00,2021-01-12 16:00:00,366,1
416,2021-01-13 16:00:00,Decision Tree,16,0.7533784319976827,0.659809646065111,2020-01-13 16:00:00,2021-01-13 16:00:00,2021-01-13 16:00:00,366,1
417,2021-01-13 16:00:00,Random Forest,16,0.7533784319976827,0.6666351863452259,2020-01-13 16:00:00,2021-01-13 16:00:00,2021-01-13 16:00:00,366,1
418,2021-01-13 16:00:00,Neural Network,16,0.7533784319976827,0.38387761664115094,2020-01-13 16:00:00,2021-01-13 16:00:00,2021-01-13 16:00:00,366,1
419,2021-01-13 16:00:00,Naive,16,0.7533784319976827,1.506775007794367,2020-01-13 16:00:00,2021-01-13 16:00:00,2021-01-13 16:00:00,366,1
420,2021-01-14 16:00:00,Decision Tree,16,2.026809004160674,2.1464604205472053,2020-01-14 16:00:00,2021-01-14 16:00:00,2021-01-14 16:00:00,366,1
421,2021-01-14 16:00:00,Random Forest,16,2.026809004160674,2.073675638571522,2020-01-14 16:00:00,2021-01-14 16:00:00,2021-01-14 16:00:00,366,1
422,2021-01-14 16:00:00,Neural Network,16,2.026809004160674,1.8790230517066455,2020-01-14 16:00:00,2021-01-14 16:00:00,2021-01-14 16:00:00,366,1
423,2021-01-14 16:00:00,Naive,16,2.026809004160674,0.7533784319976827,2020-01-14 16:00:00,2021-01-14 16:00:00,2021-01-14 16:00:00,366,1
424,2021-01-15 16:00:00,Decision Tree,16,1.9977557815068943,2.13316581872648,2020-01-15 16:00:00,2021-01-15 16:00:00,2021-01-15 16:00:00,366,1
425,2021-01-15 16:00:00,Random Forest,16,1.9977557815068943,2.0222393375398426,2020-01-15 16:00:00,2021-01-15 16:00:00,2021-01-15 16:00:00,366,1
426,2021-01-15 16:00:00,Neural Network,16,1.9977557815068943,2.023130726935841,2020-01-15 16:00:00,2021-01-15 16:00:00,2021-01-15 16:00:00,366,1
427,2021-01-15 16:00:00,Naive,16,1.9977557815068943,2.026809004160674,2020-01-15 16:00:00,2021-01-15 16:00:00,2021-01-15 16:00:00,366,1
428,2021-01-16 16:00:00,Decision Tree,16,1.3189609586485365,1.2636725340815704,2020-01-16 16:00:00,2021-01-16 16:00:00,2021-01-16 16:00:00,366,1
429,2021-01-16 16:00:00,Random Forest,16,1.3189609586485365,1.2626266595437208,2020-01-16 16:00:00,2021-01-16 16:00:00,2021-01-16 16:00:00,366,1
430,2021-01-16 16:00:00,Neural Network,16,1.3189609586485365,1.52886209270721,2020-01-16 16:00:00,2021-01-16 16:00:00,2021-01-16 16:00:00,366,1
431,2021-01-16 16:00:00,Naive,16,1.3189609586485365,1.9977557815068943,2020-01-16 16:00:00,2021-01-16 16:00:00,2021-01-16 16:00:00,366,1
432,2021-01-17 16:00:00,Decision Tree,16,1.424285385895926,1.4942950916169255,2020-01-17 16:00:00,2021-01-17 16:00:00,2021-01-17 16:00:00,366,1
433,2021-01-17 16:00:00,Random Forest,16,1.424285385895926,1.4056384582064996,2020-01-17 16:00:00,2021-01-17 16:00:00,2021-01-17 16:00:00,366,1
434,2021-01-17 16:00:00,Neural Network,16,1.424285385895926,1.6026307297337514,2020-01-17 16:00:00,2021-01-17 16:00:00,2021-01-17 16:00:00,366,1
435,2021-01-17 16:00:00,Naive,16,1.424285385895926,1.3189609586485365,2020-01-17 16:00:00,2021-01-17 16:00:00,2021-01-17 16:00:00,366,1
436,2021-01-18 16:00:00,Decision Tree,16,1.1888891077414456,1.1873718001557119,2020-01-18 16:00:00,2021-01-18 16:00:00,2021-01-18 16:00:00,366,1
437,2021-01-18 16:00:00,Random Forest,16,1.1888891077414456,1.1597029350763446,2020-01-18 16:00:00,2021-01-18 16:00:00,2021-01-18 16:00:00,366,1
438,2021-01-18 16:00:00,Neural Network,16,1.1888891077414456,1.4135650541995657,2020-01-18 16:00:00,2021-01-18 16:00:00,2021-01-18 16:00:00,366,1
439,2021-01-18 16:00:00,Naive,16,1.1888891077414456,1.424285385895926,2020-01-18 16:00:00,2021-01-18 16:00:00,2021-01-18 16:00:00,366,1
440,2021-01-19 16:00:00,Decision Tree,16,1.069227945957023,0.9774419504560682,2020-01-19 16:00:00,2021-01-19 16:00:00,2021-01-19 16:00:00,366,1
441,2021-01-19 16:00:00,Random Forest,16,1.069227945957023,1.0124308971941887,2020-01-19 16:00:00,2021-01-19 16:00:00,2021-01-19 16:00:00,366,1
442,2021-01-19 16:00:00,Neural Network,16,1.069227945957023,0.8074958677761568,2020-01-19 16:00:00,2021-01-19 16:00:00,2021-01-19 16:00:00,366,1
443,2021-01-19 16:00:00,Naive,16,1.069227945957023,1.1888891077414456,2020-01-19 16:00:00,2021-01-19 16:00:00,2021-01-19 16:00:00,366,1
444,2021-01-20 16:00:00,Decision Tree,16,0.38161205774535983,0.351090701964497,2020-01-20 16:00:00,2021-01-20 16:00:00,2021-01-20 16:00:00,366,1
445,2021-01-20 16:00:00,Random Forest,16,0.38161205774535983,0.29520090623127676,2020-01-20 16:00:00,2021-01-20 16:00:00,2021-01-20 16:00:00,366,1
446,2021-01-20 16:00:00,Neural Network,16,0.38161205774535983,0.47275185822858035,2020-01-20 16:00:00,2021-01-20 16:00:00,2021-01-20 16:00:00,366,1
447,2021-01-20 16:00:00,Naive,16,0.38161205774535983,1.069227945957023,2020-01-20 16:00:00,2021-01-20 16:00:00,2021-01-20 16:00:00,366,1
448,2021-01-21 16:00:00,Decision Tree,16,0.6785198094371686,0.6373553561538745,2020-01-21 16:00:00,2021-01-21 16:00:00,2021-01-21 16:00:00,366,1
449,2021-01-21 16:00:00,Random Forest,16,0.6785198094371686,0.6135612415298012,2020-01-21 16:00:00,2021-01-21 16:00:00,2021-01-21 16:00:00,366,1
450,2021-01-21 16:00:00,Neural Network,16,0.6785198094371686,0.4650085385173851,2020-01-21 16:00:00,2021-01-21 16:00:00,2021-01-21 16:00:00,366,1
451,2021-01-21 16:00:00,Naive,16,0.6785198094371686,0.38161205774535983,2020-01-21 16:00:00,2021-01-21 16:00:00,2021-01-21 16:00:00,366,1
452,2021-01-22 16:00:00,Decision Tree,16,1.307966034016844,1.2705835871524414,2020-01-22 16:00:00,2021-01-22 16:00:00,2021-01-22 16:00:00,366,1
453,2021-01-22 16:00:00,Random Forest,16,1.307966034016844,1.2815308749852263,2020-01-22 16:00:00,2021-01-22 16:00:00,2021-01-22 16:00:00,366,1
454,2021-01-22 16:00:00,Neural Network,16,1.307966034016844,1.4803450015911057,2020-01-22 16:00:00,2021-01-22 16:00:00,2021-01-22 16:00:00,366,1
455,2021-01-22 16:00:00,Naive,16,1.307966034016844,0.6785198094371686,2020-01-22 16:00:00,2021-01-22 16:00:00,2021-01-22 16:00:00,366,1
456,2021-01-23 16:00:00,Decision Tree,16,1.3463855038241035,1.33552691736847,2020-01-23 16:00:00,2021-01-23 16:00:00,2021-01-23 16:00:00,366,1
457,2021-01-23 16:00:00,Random Forest,16,1.3463855038241035,1.298090716835672,2020-01-23 16:00:00,2021-01-23 16:00:00,2021-01-23 16:00:00,366,1
458,2021-01-23 16:00:00,Neural Network,16,1.3463855038241035,1.3495448962596739,2020-01-23 16:00:00,2021-01-23 16:00:00,2021-01-23 16:00:00,366,1
459,2021-01-23 16:00:00,Naive,16,1.3463855038241035,1.307966034016844,2020-01-23 16:00:00,2021-01-23 16:00:00,2021-01-23 16:00:00,366,1
460,2021-01-24 16:00:00,Decision Tree,16,1.0808812247588726,1.0984328962125436,2020-01-24 16:00:00,2021-01-24 16:00:00,2021-01-24 16:00:00,366,1
461,2021-01-24 16:00:00,Random Forest,16,1.0808812247588726,1.0499089415214558,2020-01-24 16:00:00,2021-01-24 16:00:00,2021-01-24 16:00:00,366,1
462,2021-01-24 16:00:00,Neural Network,16,1.0808812247588726,1.444857520242788,2020-01-24 16:00:00,2021-01-24 16:00:00,2021-01-24 16:00:00,366,1
463,2021-01-24 16:00:00,Naive,16,1.0808812247588726,1.3463855038241035,2020-01-24 16:00:00,2021-01-24 16:00:00,2021-01-24 16:00:00,366,1
464,2021-01-25 16:00:00,Decision Tree,16,1.645803737025942,1.5138884480963541,2020-01-25 16:00:00,2021-01-25 16:00:00,2021-01-25 16:00:00,366,1
465,2021-01-25 16:00:00,Random Forest,16,1.645803737025942,1.5425946196648654,2020-01-25 16:00:00,2021-01-25 16:00:00,2021-01-25 16:00:00,366,1
466,2021-01-25 16:00:00,Neural Network,16,1.645803737025942,1.420709088601959,2020-01-25 16:00:00,2021-01-25 16:00:00,2021-01-25 16:00:00,366,1
467,2021-01-25 16:00:00,Naive,16,1.645803737025942,1.0808812247588726,2020-01-25 16:00:00,2021-01-25 16:00:00,2021-01-25 16:00:00,366,1
468,2021-01-26 16:00:00,Decision Tree,16,1.6854730208540387,1.513307304443686,2020-01-26 16:00:00,2021-01-26 16:00:00,2021-01-26 16:00:00,366,1
469,2021-01-26 16:00:00,Random Forest,16,1.6854730208540387,1.6489591683984872,2020-01-26 16:00:00,2021-01-26 16:00:00,2021-01-26 16:00:00,366,1
470,2021-01-26 16:00:00,Neural Network,16,1.6854730208540387,1.6161190254601925,2020-01-26 16:00:00,2021-01-26 16:00:00,2021-01-26 16:00:00,366,1
471,2021-01-26 16:00:00,Naive,16,1.6854730208540387,1.645803737025942,2020-01-26 16:00:00,2021-01-26 16:00:00,2021-01-26 16:00:00,366,1
472,2021-01-27 16:00:00,Decision Tree,16,1.600397461667444,1.7290108034626581,2020-01-27 16:00:00,2021-01-27 16:00:00,2021-01-27 16:00:00,366,1
473,2021-01-27 16:00:00,Random Forest,16,1.600397461667444,1.6331466380778752,2020-01-27 16:00:00,2021-01-27 16:00:00,2021-01-27 16:00:00,366,1
474,2021-01-27 16:00:00,Neural Network,16,1.600397461667444,1.6411790866520892,2020-01-27 16:00:00,2021-01-27 16:00:00,2021-01-27 16:00:00,366,1
475,2021-01-27 16:00:00,Naive,16,1.600397461667444,1.6854730208540387,2020-01-27 16:00:00,2021-01-27 16:00:00,2021-01-27 16:00:00,366,1
476,2021-01-28 16:00:00,Decision Tree,16,1.2126629060379825,1.1944260331179422,2020-01-28 16:00:00,2021-01-28 16:00:00,2021-01-28 16:00:00,366,1
477,2021-01-28 16:00:00,Random Forest,16,1.2126629060379825,1.1938555509517568,2020-01-28 16:00:00,2021-01-28 16:00:00,2021-01-28 16:00:00,366,1
478,2021-01-28 16:00:00,Neural Network,16,1.2126629060379825,1.4584717959574283,2020-01-28 16:00:00,2021-01-28 16:00:00,2021-01-28 16:00:00,366,1
479,2021-01-28 16:00:00,Naive,16,1.2126629060379825,1.600397461667444,2020-01-28 16:00:00,2021-01-28 16:00:00,2021-01-28 16:00:00,366,1
480,2021-01-29 16:00:00,Decision Tree,16,1.2118162426599455,1.219800608766547,2020-01-29 16:00:00,2021-01-29 16:00:00,2021-01-29 16:00:00,366,1
481,2021-01-29 16:00:00,Random Forest,16,1.2118162426599455,1.202339481917244,2020-01-29 16:00:00,2021-01-29 16:00:00,2021-01-29 16:00:00,366,1
482,2021-01-29 16:00:00,Neural Network,16,1.2118162426599455,1.24657290701044,2020-01-29 16:00:00,2021-01-29 16:00:00,2021-01-29 16:00:00,366,1
483,2021-01-29 16:00:00,Naive,16,1.2118162426599455,1.2126629060379825,2020-01-29 16:00:00,2021-01-29 16:00:00,2021-01-29 16:00:00,366,1
484,2021-01-30 16:00:00,Decision Tree,16,1.2786908581256458,1.2188025630032215,2020-01-30 16:00:00,2021-01-30 16:00:00,2021-01-30 16:00:00,366,1
485,2021-01-30 16:00:00,Random Forest,16,1.2786908581256458,1.2376419785757333,2020-01-30 16:00:00,2021-01-30 16:00:00,2021-01-30 16:00:00,366,1
486,2021-01-30 16:00:00,Neural Network,16,1.2786908581256458,1.3560081757185631,2020-01-30 16:00:00,2021-01-30 16:00:00,2021-01-30 16:00:00,366,1
487,2021-01-30 16:00:00,Naive,16,1.2786908581256458,1.2118162426599455,2020-01-30 16:00:00,2021-01-30 16:00:00,2021-01-30 16:00:00,366,1
488,2021-01-31 16:00:00,Decision Tree,16,1.1228896374961397,1.1030184039686541,2020-01-31 16:00:00,2021-01-31 16:00:00,2021-01-31 16:00:00,366,1
489,2021-01-31 16:00:00,Random Forest,16,1.1228896374961397,1.091792204839369,2020-01-31 16:00:00,2021-01-31 16:00:00,2021-01-31 16:00:00,366,1
490,2021-01-31 16:00:00,Neural Network,16,1.1228896374961397,1.2991257451491671,2020-01-31 16:00:00,2021-01-31 16:00:00,2021-01-31 16:00:00,366,1
491,2021-01-31 16:00:00,Naive,16,1.1228896374961397,1.2786908581256458,2020-01-31 16:00:00,2021-01-31 16:00:00,2021-01-31 16:00:00,366,1
492,2021-02-01 16:00:00,Decision Tree,16,1.5522510959964435,1.4980116589183994,2020-02-01 16:00:00,2021-02-01 16:00:00,2021-02-01 16:00:00,366,1
493,2021-02-01 16:00:00,Random Forest,16,1.5522510959964435,1.5545856356465857,2020-02-01 16:00:00,2021-02-01 16:00:00,2021-02-01 16:00:00,366,1
494,2021-02-01 16:00:00,Neural Network,16,1.5522510959964435,1.369566496774778,2020-02-01 16:00:00,2021-02-01 16:00:00,2021-02-01 16:00:00,366,1
495,2021-02-01 16:00:00,Naive,16,1.5522510959964435,1.1228896374961397,2020-02-01 16:00:00,2021-02-01 16:00:00,2021-02-01 16:00:00,366,1
496,2021-02-02 16:00:00,Decision Tree,16,0.875243850695976,0.8101487037508445,2020-02-02 16:00:00,2021-02-02 16:00:00,2021-02-02 16:00:00,366,1
497,2021-02-02 16:00:00,Random Forest,16,0.875243850695976,0.7953704403337004,2020-02-02 16:00:00,2021-02-02 16:00:00,2021-02-02 16:00:00,366,1
498,2021-02-02 16:00:00,Neural Network,16,0.875243850695976,1.210353479900635,2020-02-02 16:00:00,2021-02-02 16:00:00,2021-02-02 16:00:00,366,1
499,2021-02-02 16:00:00,Naive,16,0.875243850695976,1.5522510959964435,2020-02-02 16:00:00,2021-02-02 16:00:00,2021-02-02 16:00:00,366,1
500,2021-02-03 16:00:00,Decision Tree,16,0.5060077074703727,0.3928385260737227,2020-02-03 16:00:00,2021-02-03 16:00:00,2021-02-03 16:00:00,366,1
501,2021-02-03 16:00:00,Random Forest,16,0.5060077074703727,0.4045852162751352,2020-02-03 16:00:00,2021-02-03 16:00:00,2021-02-03 16:00:00,366,1
502,2021-02-03 16:00:00,Neural Network,16,0.5060077074703727,1.0873458177857096,2020-02-03 16:00:00,2021-02-03 16:00:00,2021-02-03 16:00:00,366,1
503,2021-02-03 16:00:00,Naive,16,0.5060077074703727,0.875243850695976,2020-02-03 16:00:00,2021-02-03 16:00:00,2021-02-03 16:00:00,366,1
504,2021-02-04 16:00:00,Decision Tree,16,1.3875737573320734,1.3277337116572576,2020-02-04 16:00:00,2021-02-04 16:00:00,2021-02-04 16:00:00,366,1
505,2021-02-04 16:00:00,Random Forest,16,1.3875737573320734,1.369833745003736,2020-02-04 16:00:00,2021-02-04 16:00:00,2021-02-04 16:00:00,366,1
506,2021-02-04 16:00:00,Neural Network,16,1.3875737573320734,1.2858475998308294,2020-02-04 16:00:00,2021-02-04 16:00:00,2021-02-04 16:00:00,366,1
507,2021-02-04 16:00:00,Naive,16,1.3875737573320734,0.5060077074703727,2020-02-04 16:00:00,2021-02-04 16:00:00,2021-02-04 16:00:00,366,1
508,2021-02-05 16:00:00,Decision Tree,16,0.966667492850461,0.9279733703649908,2020-02-05 16:00:00,2021-02-05 16:00:00,2021-02-05 16:00:00,366,1
509,2021-02-05 16:00:00,Random Forest,16,0.966667492850461,0.9543234715138743,2020-02-05 16:00:00,2021-02-05 16:00:00,2021-02-05 16:00:00,366,1
510,2021-02-05 16:00:00,Neural Network,16,0.966667492850461,1.05012789910465,2020-02-05 16:00:00,2021-02-05 16:00:00,2021-02-05 16:00:00,366,1
511,2021-02-05 16:00:00,Naive,16,0.966667492850461,1.3875737573320734,2020-02-05 16:00:00,2021-02-05 16:00:00,2021-02-05 16:00:00,366,1
512,2021-02-06 16:00:00,Decision Tree,16,-0.32582564280654963,-0.34063791207836314,2020-02-06 16:00:00,2021-02-06 16:00:00,2021-02-06 16:00:00,366,1
513,2021-02-06 16:00:00,Random Forest,16,-0.32582564280654963,-0.35388605958490077,2020-02-06 16:00:00,2021-02-06 16:00:00,2021-02-06 16:00:00,366,1
514,2021-02-06 16:00:00,Neural Network,16,-0.32582564280654963,-0.6850679224132743,2020-02-06 16:00:00,2021-02-06 16:00:00,2021-02-06 16:00:00,366,1
515,2021-02-06 16:00:00,Naive,16,-0.32582564280654963,0.966667492850461,2020-02-06 16:00:00,2021-02-06 16:00:00,2021-02-06 16:00:00,366,1
516,2021-02-07 16:00:00,Decision Tree,16,-0.5209155563223568,-0.5115355974475008,2020-02-07 16:00:00,2021-02-07 16:00:00,2021-02-07 16:00:00,366,1
517,2021-02-07 16:00:00,Random Forest,16,-0.5209155563223568,-0.5196074974435977,2020-02-07 16:00:00,2021-02-07 16:00:00,2021-02-07 16:00:00,366,1
518,2021-02-07 16:00:00,Neural Network,16,-0.5209155563223568,-0.4526017073631605,2020-02-07 16:00:00,2021-02-07 16:00:00,2021-02-07 16:00:00,366,1
519,2021-02-07 16:00:00,Naive,16,-0.5209155563223568,-0.32582564280654963,2020-02-07 16:00:00,2021-02-07 16:00:00,2021-02-07 16:00:00,366,1
520,2021-02-08 16:00:00,Decision Tree,16,1.219782566808884,1.1995156163268057,2020-02-08 16:00:00,2021-02-08 16:00:00,2021-02-08 16:00:00,366,1
521,2021-02-08 16:00:00,Random Forest,16,1.219782566808884,1.2024899741129822,2020-02-08 16:00:00,2021-02-08 16:00:00,2021-02-08 16:00:00,366,1
522,2021-02-08 16:00:00,Neural Network,16,1.219782566808884,1.3235701064360095,2020-02-08 16:00:00,2021-02-08 16:00:00,2021-02-08 16:00:00,366,1
523,2021-02-08 16:00:00,Naive,16,1.219782566808884,-0.5209155563223568,2020-02-08 16:00:00,2021-02-08 16:00:00,2021-02-08 16:00:00,366,1
524,2021-02-09 16:00:00,Decision Tree,16,1.7465609784042826,1.6571213198273607,2020-02-09 16:00:00,2021-02-09 16:00:00,2021-02-09 16:00:00,366,1
525,2021-02-09 16:00:00,Random Forest,16,1.7465609784042826,1.6607697465211206,2020-02-09 16:00:00,2021-02-09 16:00:00,2021-02-09 16:00:00,366,1
526,2021-02-09 16:00:00,Neural Network,16,1.7465609784042826,1.6417576609544788,2020-02-09 16:00:00,2021-02-09 16:00:00,2021-02-09 16:00:00,366,1
527,2021-02-09 16:00:00,Naive,16,1.7465609784042826,1.219782566808884,2020-02-09 16:00:00,2021-02-09 16:00:00,2021-02-09 16:00:00,366,1
528,2021-02-10 16:00:00,Decision Tree,16,1.9617691343771637,2.1595097960491065,2020-02-10 16:00:00,2021-02-10 16:00:00,2021-02-10 16:00:00,366,1
529,2021-02-10 16:00:00,Random Forest,16,1.9617691343771637,1.9927542356280563,2020-02-10 16:00:00,2021-02-10 16:00:00,2021-02-10 16:00:00,366,1
530,2021-02-10 16:00:00,Neural Network,16,1.9617691343771637,1.755066381818108,2020-02-10 16:00:00,2021-02-10 16:00:00,2021-02-10 16:00:00,366,1
531,2021-02-10 16:00:00,Naive,16,1.9617691343771637,1.7465609784042826,2020-02-10 16:00:00,2021-02-10 16:00:00,2021-02-10 16:00:00,366,1
532,2021-02-11 16:00:00,Decision Tree,16,1.9102867509442336,1.992196046917219,2020-02-11 16:00:00,2021-02-11 16:00:00,2021-02-11 16:00:00,366,1
533,2021-02-11 16:00:00,Random Forest,16,1.9102867509442336,1.9929410290916554,2020-02-11 16:00:00,2021-02-11 16:00:00,2021-02-11 16:00:00,366,1
534,2021-02-11 16:00:00,Neural Network,16,1.9102867509442336,1.6786265788117138,2020-02-11 16:00:00,2021-02-11 16:00:00,2021-02-11 16:00:00,366,1
535,2021-02-11 16:00:00,Naive,16,1.9102867509442336,1.9617691343771637,2020-02-11 16:00:00,2021-02-11 16:00:00,2021-02-11 16:00:00,366,1
536,2021-02-12 16:00:00,Decision Tree,16,1.5943740757394853,1.6720279295901814,2020-02-12 16:00:00,2021-02-12 16:00:00,2021-02-12 16:00:00,366,1
537,2021-02-12 16:00:00,Random Forest,16,1.5943740757394853,1.5916227976837838,2020-02-12 16:00:00,2021-02-12 16:00:00,2021-02-12 16:00:00,366,1
538,2021-02-12 16:00:00,Neural Network,16,1.5943740757394853,1.4880519150014089,2020-02-12 16:00:00,2021-02-12 16:00:00,2021-02-12 16:00:00,366,1
539,2021-02-12 16:00:00,Naive,16,1.5943740757394853,1.9102867509442336,2020-02-12 16:00:00,2021-02-12 16:00:00,2021-02-12 16:00:00,366,1
540,2021-02-13 16:00:00,Decision Tree,16,1.201505891499813,1.238576171894723,2020-02-13 16:00:00,2021-02-13 16:00:00,2021-02-13 16:00:00,366,1
541,2021-02-13 16:00:00,Random Forest,16,1.201505891499813,1.189977983408916,2020-02-13 16:00:00,2021-02-13 16:00:00,2021-02-13 16:00:00,366,1
542,2021-02-13 16:00:00,Neural Network,16,1.201505891499813,1.3346517678008796,2020-02-13 16:00:00,2021-02-13 16:00:00,2021-02-13 16:00:00,366,1
543,2021-02-13 16:00:00,Naive,16,1.201505891499813,1.5943740757394853,2020-02-13 16:00:00,2021-02-13 16:00:00,2021-02-13 16:00:00,366,1
544,2021-02-14 16:00:00,Decision Tree,16,0.6963998828151823,0.6272285561567382,2020-02-14 16:00:00,2021-02-14 16:00:00,2021-02-14 16:00:00,366,1
545,2021-02-14 16:00:00,Random Forest,16,0.6963998828151823,0.6301858780466664,2020-02-14 16:00:00,2021-02-14 16:00:00,2021-02-14 16:00:00,366,1
546,2021-02-14 16:00:00,Neural Network,16,0.6963998828151823,0.8992737172064438,2020-02-14 16:00:00,2021-02-14 16:00:00,2021-02-14 16:00:00,366,1
547,2021-02-14 16:00:00,Naive,16,0.6963998828151823,1.201505891499813,2020-02-14 16:00:00,2021-02-14 16:00:00,2021-02-14 16:00:00,366,1
548,2021-02-15 16:00:00,Decision Tree,16,1.0281958525893657,0.999239453544693,2020-02-15 16:00:00,2021-02-15 16:00:00,2021-02-15 16:00:00,366,1
549,2021-02-15 16:00:00,Random Forest,16,1.0281958525893657,0.9805538091066119,2020-02-15 16:00:00,2021-02-15 16:00:00,2021-02-15 16:00:00,366,1
550,2021-02-15 16:00:00,Neural Network,16,1.0281958525893657,1.1604752306968789,2020-02-15 16:00:00,2021-02-15 16:00:00,2021-02-15 16:00:00,366,1
551,2021-02-15 16:00:00,Naive,16,1.0281958525893657,0.6963998828151823,2020-02-15 16:00:00,2021-02-15 16:00:00,2021-02-15 16:00:00,366,1
552,2021-02-16 16:00:00,Decision Tree,16,0.817324953116977,0.7552782298354694,2020-02-16 16:00:00,2021-02-16 16:00:00,2021-02-16 16:00:00,366,1
553,2021-02-16 16:00:00,Random Forest,16,0.817324953116977,0.7743058225584397,2020-02-16 16:00:00,2021-02-16 16:00:00,2021-02-16 16:00:00,366,1
554,2021-02-16 16:00:00,Neural Network,16,0.817324953116977,1.091456820274825,2020-02-16 16:00:00,2021-02-16 16:00:00,2021-02-16 16:00:00,366,1
555,2021-02-16 16:00:00,Naive,16,0.817324953116977,1.0281958525893657,2020-02-16 16:00:00,2021-02-16 16:00:00,2021-02-16 16:00:00,366,1
556,2021-02-17 16:00:00,Decision Tree,16,1.1556924308088758,1.091498868635755,2020-02-17 16:00:00,2021-02-17 16:00:00,2021-02-17 16:00:00,366,1
557,2021-02-17 16:00:00,Random Forest,16,1.1556924308088758,1.1072784544272793,2020-02-17 16:00:00,2021-02-17 16:00:00,2021-02-17 16:00:00,366,1
558,2021-02-17 16:00:00,Neural Network,16,1.1556924308088758,1.0621177190753646,2020-02-17 16:00:00,2021-02-17 16:00:00,2021-02-17 16:00:00,366,1
559,2021-02-17 16:00:00,Naive,16,1.1556924308088758,0.817324953116977,2020-02-17 16:00:00,2021-02-17 16:00:00,2021-02-17 16:00:00,366,1
560,2021-02-18 16:00:00,Decision Tree,16,0.5994050737213886,0.5530703297578472,2020-02-18 16:00:00,2021-02-18 16:00:00,2021-02-18 16:00:00,366,1
561,2021-02-18 16:00:00,Random Forest,16,0.5994050737213886,0.5464547531104321,2020-02-18 16:00:00,2021-02-18 16:00:00,2021-02-18 16:00:00,366,1
562,2021-02-18 16:00:00,Neural Network,16,0.5994050737213886,0.5173949840842047,2020-02-18 16:00:00,2021-02-18 16:00:00,2021-02-18 16:00:00,366,1
563,2021-02-18 16:00:00,Naive,16,0.5994050737213886,1.1556924308088758,2020-02-18 16:00:00,2021-02-18 16:00:00,2021-02-18 16:00:00,366,1
564,2021-02-19 16:00:00,Decision Tree,16,1.2829525888502364,1.2470698678856333,2020-02-19 16:00:00,2021-02-19 16:00:00,2021-02-19 16:00:00,366,1
565,2021-02-19 16:00:00,Random Forest,16,1.2829525888502364,1.2402798348814221,2020-02-19 16:00:00,2021-02-19 16:00:00,2021-02-19 16:00:00,366,1
566,2021-02-19 16:00:00,Neural Network,16,1.2829525888502364,1.0070465281120533,2020-02-19 16:00:00,2021-02-19 16:00:00,2021-02-19 16:00:00,366,1
567,2021-02-19 16:00:00,Naive,16,1.2829525888502364,0.5994050737213886,2020-02-19 16:00:00,2021-02-19 16:00:00,2021-02-19 16:00:00,366,1
568,2021-02-20 16:00:00,Decision Tree,16,0.08238734956775155,0.03858192536192172,2020-02-20 16:00:00,2021-02-20 16:00:00,2021-02-20 16:00:00,366,1
569,2021-02-20 16:00:00,Random Forest,16,0.08238734956775155,0.04631298994919862,2020-02-20 16:00:00,2021-02-20 16:00:00,2021-02-20 16:00:00,366,1
570,2021-02-20 16:00:00,Neural Network,16,0.08238734956775155,-0.06472412692785728,2020-02-20 16:00:00,2021-02-20 16:00:00,2021-02-20 16:00:00,366,1
571,2021-02-20 16:00:00,Naive,16,0.08238734956775155,1.2829525888502364,2020-02-20 16:00:00,2021-02-20 16:00:00,2021-02-20 16:00:00,366,1
572,2021-02-21 16:00:00,Decision Tree,16,0.5958034531948015,0.5370454367520966,2020-02-21 16:00:00,2021-02-21 16:00:00,2021-02-21 16:00:00,366,1
573,2021-02-21 16:00:00,Random Forest,16,0.5958034531948015,0.5362023008748996,2020-02-21 16:00:00,2021-02-21 16:00:00,2021-02-21 16:00:00,366,1
574,2021-02-21 16:00:00,Neural Network,16,0.5958034531948015,0.9585302084851648,2020-02-21 16:00:00,2021-02-21 16:00:00,2021-02-21 16:00:00,366,1
575,2021-02-21 16:00:00,Naive,16,0.5958034531948015,0.08238734956775155,2020-02-21 16:00:00,2021-02-21 16:00:00,2021-02-21 16:00:00,366,1
576,2021-02-22 16:00:00,Decision Tree,16,1.375948586857769,1.3955325245932513,2020-02-22 16:00:00,2021-02-22 16:00:00,2021-02-22 16:00:00,366,1
577,2021-02-22 16:00:00,Random Forest,16,1.375948586857769,1.376679676936934,2020-02-22 16:00:00,2021-02-22 16:00:00,2021-02-22 16:00:00,366,1
578,2021-02-22 16:00:00,Neural Network,16,1.375948586857769,1.1774272007592659,2020-02-22 16:00:00,2021-02-22 16:00:00,2021-02-22 16:00:00,366,1
579,2021-02-22 16:00:00,Naive,16,1.375948586857769,0.5958034531948015,2020-02-22 16:00:00,2021-02-22 16:00:00,2021-02-22 16:00:00,366,1
580,2021-02-23 16:00:00,Decision Tree,16,0.8353732130088055,0.8381017771052806,2020-02-23 16:00:00,2021-02-23 16:00:00,2021-02-23 16:00:00,366,1
581,2021-02-23 16:00:00,Random Forest,16,0.8353732130088055,0.7932719127789141,2020-02-23 16:00:00,2021-02-23 16:00:00,2021-02-23 16:00:00,366,1
582,2021-02-23 16:00:00,Neural Network,16,0.8353732130088055,0.8115379942030233,2020-02-23 16:00:00,2021-02-23 16:00:00,2021-02-23 16:00:00,366,1
583,2021-02-23 16:00:00,Naive,16,0.8353732130088055,1.375948586857769,2020-02-23 16:00:00,2021-02-23 16:00:00,2021-02-23 16:00:00,366,1
584,2021-02-24 16:00:00,Decision Tree,16,0.7667901176247767,0.707086163177215,2020-02-24 16:00:00,2021-02-24 16:00:00,2021-02-24 16:00:00,366,1
585,2021-02-24 16:00:00,Random Forest,16,0.7667901176247767,0.6922066349372142,2020-02-24 16:00:00,2021-02-24 16:00:00,2021-02-24 16:00:00,366,1
586,2021-02-24 16:00:00,Neural Network,16,0.7667901176247767,0.7320563212684315,2020-02-24 16:00:00,2021-02-24 16:00:00,2021-02-24 16:00:00,366,1
587,2021-02-24 16:00:00,Naive,16,0.7667901176247767,0.8353732130088055,2020-02-24 16:00:00,2021-02-24 16:00:00,2021-02-24 16:00:00,366,1
588,2021-02-25 16:00:00,Decision Tree,16,1.0290587510651936,0.959956779987713,2020-02-25 16:00:00,2021-02-25 16:00:00,2021-02-25 16:00:00,366,1
589,2021-02-25 16:00:00,Random Forest,16,1.0290587510651936,0.9862013134076743,2020-02-25 16:00:00,2021-02-25 16:00:00,2021-02-25 16:00:00,366,1
590,2021-02-25 16:00:00,Neural Network,16,1.0290587510651936,0.9498280414080176,2020-02-25 16:00:00,2021-02-25 16:00:00,2021-02-25 16:00:00,366,1
591,2021-02-25 16:00:00,Naive,16,1.0290587510651936,0.7667901176247767,2020-02-25 16:00:00,2021-02-25 16:00:00,2021-02-25 16:00:00,366,1
592,2021-02-26 16:00:00,Decision Tree,16,0.5793140085248363,0.5642038131829092,2020-02-26 16:00:00,2021-02-26 16:00:00,2021-02-26 16:00:00,366,1
593,2021-02-26 16:00:00,Random Forest,16,0.5793140085248363,0.5609597922403516,2020-02-26 16:00:00,2021-02-26 16:00:00,2021-02-26 16:00:00,366,1
594,2021-02-26 16:00:00,Neural Network,16,0.5793140085248363,0.8827833451368546,2020-02-26 16:00:00,2021-02-26 16:00:00,2021-02-26 16:00:00,366,1
595,2021-02-26 16:00:00,Naive,16,0.5793140085248363,1.0290587510651936,2020-02-26 16:00:00,2021-02-26 16:00:00,2021-02-26 16:00:00,366,1
596,2021-02-27 16:00:00,Decision Tree,16,0.43760771106140267,0.33306400923304996,2020-02-27 16:00:00,2021-02-27 16:00:00,2021-02-27 16:00:00,366,1
597,2021-02-27 16:00:00,Random Forest,16,0.43760771106140267,0.3577457104781832,2020-02-27 16:00:00,2021-02-27 16:00:00,2021-02-27 16:00:00,366,1
598,2021-02-27 16:00:00,Neural Network,16,0.43760771106140267,0.8867501341298761,2020-02-27 16:00:00,2021-02-27 16:00:00,2021-02-27 16:00:00,366,1
599,2021-02-27 16:00:00,Naive,16,0.43760771106140267,0.5793140085248363,2020-02-27 16:00:00,2021-02-27 16:00:00,2021-02-27 16:00:00,366,1
600,2021-02-28 16:00:00,Decision Tree,16,0.21122083721274557,0.12220357708576157,2020-02-28 16:00:00,2021-02-28 16:00:00,2021-02-28 16:00:00,366,1
601,2021-02-28 16:00:00,Random Forest,16,0.21122083721274557,0.12640324041052642,2020-02-28 16:00:00,2021-02-28 16:00:00,2021-02-28 16:00:00,366,1
602,2021-02-28 16:00:00,Neural Network,16,0.21122083721274557,0.7428309857432955,2020-02-28 16:00:00,2021-02-28 16:00:00,2021-02-28 16:00:00,366,1
603,2021-02-28 16:00:00,Naive,16,0.21122083721274557,0.43760771106140267,2020-02-28 16:00:00,2021-02-28 16:00:00,2021-02-28 16:00:00,366,1
604,2021-03-01 16:00:00,Decision Tree,16,0.7652462132651248,0.6901087424874655,2020-03-01 16:00:00,2021-03-01 16:00:00,2021-03-01 16:00:00,365,1
605,2021-03-01 16:00:00,Random Forest,16,0.7652462132651248,0.7125030285546009,2020-03-01 16:00:00,2021-03-01 16:00:00,2021-03-01 16:00:00,365,1
606,2021-03-01 16:00:00,Neural Network,16,0.7652462132651248,0.7204298453943879,2020-03-01 16:00:00,2021-03-01 16:00:00,2021-03-01 16:00:00,365,1
607,2021-03-01 16:00:00,Naive,16,0.7652462132651248,0.21122083721274557,2020-03-01 16:00:00,2021-03-01 16:00:00,2021-03-01 16:00:00,365,1
608,2021-03-02 16:00:00,Decision Tree,16,1.1283955160374801,1.1038509379003054,2020-03-02 16:00:00,2021-03-02 16:00:00,2021-03-02 16:00:00,365,1
609,2021-03-02 16:00:00,Random Forest,16,1.1283955160374801,1.0905543643588975,2020-03-02 16:00:00,2021-03-02 16:00:00,2021-03-02 16:00:00,365,1
610,2021-03-02 16:00:00,Neural Network,16,1.1283955160374801,0.8660473800913144,2020-03-02 16:00:00,2021-03-02 16:00:00,2021-03-02 16:00:00,365,1
611,2021-03-02 16:00:00,Naive,16,1.1283955160374801,0.7652462132651248,2020-03-02 16:00:00,2021-03-02 16:00:00,2021-03-02 16:00:00,365,1
612,2021-03-03 16:00:00,Decision Tree,16,0.8125594282726888,0.7609793967114223,2020-03-03 16:00:00,2021-03-03 16:00:00,2021-03-03 16:00:00,365,1
613,2021-03-03 16:00:00,Random Forest,16,0.8125594282726888,0.7771870476973671,2020-03-03 16:00:00,2021-03-03 16:00:00,2021-03-03 16:00:00,365,1
614,2021-03-03 16:00:00,Neural Network,16,0.8125594282726888,0.8510835104410206,2020-03-03 16:00:00,2021-03-03 16:00:00,2021-03-03 16:00:00,365,1
615,2021-03-03 16:00:00,Naive,16,0.8125594282726888,1.1283955160374801,2020-03-03 16:00:00,2021-03-03 16:00:00,2021-03-03 16:00:00,365,1
616,2021-03-04 16:00:00,Decision Tree,16,1.12235088184527,1.1069190101674522,2020-03-04 16:00:00,2021-03-04 16:00:00,2021-03-04 16:00:00,365,1
617,2021-03-04 16:00:00,Random Forest,16,1.12235088184527,1.1211672199543867,2020-03-04 16:00:00,2021-03-04 16:00:00,2021-03-04 16:00:00,365,1
618,2021-03-04 16:00:00,Neural Network,16,1.12235088184527,1.0385902400645102,2020-03-04 16:00:00,2021-03-04 16:00:00,2021-03-04 16:00:00,365,1
619,2021-03-04 16:00:00,Naive,16,1.12235088184527,0.8125594282726888,2020-03-04 16:00:00,2021-03-04 16:00:00,2021-03-04 16:00:00,365,1
620,2021-03-05 16:00:00,Decision Tree,16,1.0702193867359526,1.1425967234973426,2020-03-05 16:00:00,2021-03-05 16:00:00,2021-03-05 16:00:00,365,1
621,2021-03-05 16:00:00,Random Forest,16,1.0702193867359526,1.0877998420747446,2020-03-05 16:00:00,2021-03-05 16:00:00,2021-03-05 16:00:00,365,1
622,2021-03-05 16:00:00,Neural Network,16,1.0702193867359526,1.0553629403538403,2020-03-05 16:00:00,2021-03-05 16:00:00,2021-03-05 16:00:00,365,1
623,2021-03-05 16:00:00,Naive,16,1.0702193867359526,1.12235088184527,2020-03-05 16:00:00,2021-03-05 16:00:00,2021-03-05 16:00:00,365,1
624,2021-03-06 16:00:00,Decision Tree,16,0.37246174772983004,0.34552726764185204,2020-03-06 16:00:00,2021-03-06 16:00:00,2021-03-06 16:00:00,365,1
625,2021-03-06 16:00:00,Random Forest,16,0.37246174772983004,0.31157167078454295,2020-03-06 16:00:00,2021-03-06 16:00:00,2021-03-06 16:00:00,365,1
626,2021-03-06 16:00:00,Neural Network,16,0.37246174772983004,0.5980310644356304,2020-03-06 16:00:00,2021-03-06 16:00:00,2021-03-06 16:00:00,365,1
627,2021-03-06 16:00:00,Naive,16,0.37246174772983004,1.0702193867359526,2020-03-06 16:00:00,2021-03-06 16:00:00,2021-03-06 16:00:00,365,1
628,2021-03-07 16:00:00,Decision Tree,16,0.5197305305370817,0.43773789677066477,2020-03-07 16:00:00,2021-03-07 16:00:00,2021-03-07 16:00:00,365,1
629,2021-03-07 16:00:00,Random Forest,16,0.5197305305370817,0.4568155285163256,2020-03-07 16:00:00,2021-03-07 16:00:00,2021-03-07 16:00:00,365,1
630,2021-03-07 16:00:00,Neural Network,16,0.5197305305370817,0.7274313542328884,2020-03-07 16:00:00,2021-03-07 16:00:00,2021-03-07 16:00:00,365,1
631,2021-03-07 16:00:00,Naive,16,0.5197305305370817,0.37246174772983004,2020-03-07 16:00:00,2021-03-07 16:00:00,2021-03-07 16:00:00,365,1
632,2021-03-08 16:00:00,Decision Tree,16,1.3480297166069082,1.3079488354082947,2020-03-08 16:00:00,2021-03-08 16:00:00,2021-03-08 16:00:00,365,1
633,2021-03-08 16:00:00,Random Forest,16,1.3480297166069082,1.3069802472746794,2020-03-08 16:00:00,2021-03-08 16:00:00,2021-03-08 16:00:00,365,1
634,2021-03-08 16:00:00,Neural Network,16,1.3480297166069082,1.0275413151436303,2020-03-08 16:00:00,2021-03-08 16:00:00,2021-03-08 16:00:00,365,1
635,2021-03-08 16:00:00,Naive,16,1.3480297166069082,0.5197305305370817,2020-03-08 16:00:00,2021-03-08 16:00:00,2021-03-08 16:00:00,365,1
636,2021-03-09 16:00:00,Decision Tree,16,1.2865023160325937,1.2647203694055085,2020-03-09 16:00:00,2021-03-09 16:00:00,2021-03-09 16:00:00,365,1
637,2021-03-09 16:00:00,Random Forest,16,1.2865023160325937,1.2447928655603344,2020-03-09 16:00:00,2021-03-09 16:00:00,2021-03-09 16:00:00,365,1
638,2021-03-09 16:00:00,Neural Network,16,1.2865023160325937,1.144432764906656,2020-03-09 16:00:00,2021-03-09 16:00:00,2021-03-09 16:00:00,365,1
639,2021-03-09 16:00:00,Naive,16,1.2865023160325937,1.3480297166069082,2020-03-09 16:00:00,2021-03-09 16:00:00,2021-03-09 16:00:00,365,1
640,2021-03-10 16:00:00,Decision Tree,16,0.9127307741545357,0.8928255944188243,2020-03-10 16:00:00,2021-03-10 16:00:00,2021-03-10 16:00:00,365,1
641,2021-03-10 16:00:00,Random Forest,16,0.9127307741545357,0.9141714127725714,2020-03-10 16:00:00,2021-03-10 16:00:00,2021-03-10 16:00:00,365,1
642,2021-03-10 16:00:00,Neural Network,16,0.9127307741545357,0.8596344225993668,2020-03-10 16:00:00,2021-03-10 16:00:00,2021-03-10 16:00:00,365,1
643,2021-03-10 16:00:00,Naive,16,0.9127307741545357,1.2865023160325937,2020-03-10 16:00:00,2021-03-10 16:00:00,2021-03-10 16:00:00,365,1
644,2021-03-11 16:00:00,Decision Tree,16,-0.10517115734901007,-0.14555633464163734,2020-03-11 16:00:00,2021-03-11 16:00:00,2021-03-11 16:00:00,365,1
645,2021-03-11 16:00:00,Random Forest,16,-0.10517115734901007,-0.14578015626200833,2020-03-11 16:00:00,2021-03-11 16:00:00,2021-03-11 16:00:00,365,1
646,2021-03-11 16:00:00,Neural Network,16,-0.10517115734901007,-0.5605528885259644,2020-03-11 16:00:00,2021-03-11 16:00:00,2021-03-11 16:00:00,365,1
647,2021-03-11 16:00:00,Naive,16,-0.10517115734901007,0.9127307741545357,2020-03-11 16:00:00,2021-03-11 16:00:00,2021-03-11 16:00:00,365,1
648,2021-03-12 16:00:00,Decision Tree,16,-0.5321196279166003,-0.4984841068804699,2020-03-12 16:00:00,2021-03-12 16:00:00,2021-03-12 16:00:00,365,1
649,2021-03-12 16:00:00,Random Forest,16,-0.5321196279166003,-0.5170330082632514,2020-03-12 16:00:00,2021-03-12 16:00:00,2021-03-12 16:00:00,365,1
650,2021-03-12 16:00:00,Neural Network,16,-0.5321196279166003,-0.4809878106746043,2020-03-12 16:00:00,2021-03-12 16:00:00,2021-03-12 16:00:00,365,1
651,2021-03-12 16:00:00,Naive,16,-0.5321196279166003,-0.10517115734901007,2020-03-12 16:00:00,2021-03-12 16:00:00,2021-03-12 16:00:00,365,1
652,2021-03-13 16:00:00,Decision Tree,16,-1.7543477012506934,-1.6649477231495606,2020-03-13 16:00:00,2021-03-13 16:00:00,2021-03-13 16:00:00,365,1
653,2021-03-13 16:00:00,Random Forest,16,-1.7543477012506934,-1.6635141406517158,2020-03-13 16:00:00,2021-03-13 16:00:00,2021-03-13 16:00:00,365,1
654,2021-03-13 16:00:00,Neural Network,16,-1.7543477012506934,-1.480235545437396,2020-03-13 16:00:00,2021-03-13 16:00:00,2021-03-13 16:00:00,365,1
655,2021-03-13 16:00:00,Naive,16,-1.7543477012506934,-0.5321196279166003,2020-03-13 16:00:00,2021-03-13 16:00:00,2021-03-13 16:00:00,365,1
656,2021-03-14 16:00:00,Decision Tree,16,-1.138210576658181,-1.0887039137638848,2020-03-14 16:00:00,2021-03-14 16:00:00,2021-03-14 16:00:00,365,1
657,2021-03-14 16:00:00,Random Forest,16,-1.138210576658181,-1.0914344426327438,2020-03-14 16:00:00,2021-03-14 16:00:00,2021-03-14 16:00:00,365,1
658,2021-03-14 16:00:00,Neural Network,16,-1.138210576658181,-0.8766418319248547,2020-03-14 16:00:00,2021-03-14 16:00:00,2021-03-14 16:00:00,365,1
659,2021-03-14 16:00:00,Naive,16,-1.138210576658181,-1.7543477012506934,2020-03-14 16:00:00,2021-03-14 16:00:00,2021-03-14 16:00:00,365,1
660,2021-03-15 16:00:00,Decision Tree,16,0.5244201390228105,0.5752912110039519,2020-03-15 16:00:00,2021-03-15 16:00:00,2021-03-15 16:00:00,365,1
661,2021-03-15 16:00:00,Random Forest,16,0.5244201390228105,0.5175395273236956,2020-03-15 16:00:00,2021-03-15 16:00:00,2021-03-15 16:00:00,365,1
662,2021-03-15 16:00:00,Neural Network,16,0.5244201390228105,-0.08126805692596983,2020-03-15 16:00:00,2021-03-15 16:00:00,2021-03-15 16:00:00,365,1
663,2021-03-15 16:00:00,Naive,16,0.5244201390228105,-1.138210576658181,2020-03-15 16:00:00,2021-03-15 16:00:00,2021-03-15 16:00:00,365,1
664,2021-03-16 16:00:00,Decision Tree,16,1.3893559199724304,1.4819583134268495,2020-03-16 16:00:00,2021-03-16 16:00:00,2021-03-16 16:00:00,365,1
665,2021-03-16 16:00:00,Random Forest,16,1.3893559199724304,1.3948399355240566,2020-03-16 16:00:00,2021-03-16 16:00:00,2021-03-16 16:00:00,365,1
666,2021-03-16 16:00:00,Neural Network,16,1.3893559199724304,1.1884077815783307,2020-03-16 16:00:00,2021-03-16 16:00:00,2021-03-16 16:00:00,365,1
667,2021-03-16 16:00:00,Naive,16,1.3893559199724304,0.5244201390228105,2020-03-16 16:00:00,2021-03-16 16:00:00,2021-03-16 16:00:00,365,1
668,2021-03-17 16:00:00,Decision Tree,16,1.216538733313157,1.17855409201706,2020-03-17 16:00:00,2021-03-17 16:00:00,2021-03-17 16:00:00,365,1
669,2021-03-17 16:00:00,Random Forest,16,1.216538733313157,1.189256169014806,2020-03-17 16:00:00,2021-03-17 16:00:00,2021-03-17 16:00:00,365,1
670,2021-03-17 16:00:00,Neural Network,16,1.216538733313157,1.0930690698210934,2020-03-17 16:00:00,2021-03-17 16:00:00,2021-03-17 16:00:00,365,1
671,2021-03-17 16:00:00,Naive,16,1.216538733313157,1.3893559199724304,2020-03-17 16:00:00,2021-03-17 16:00:00,2021-03-17 16:00:00,365,1
672,2021-03-18 16:00:00,Decision Tree,16,1.5349898316295767,1.5012364741545174,2020-03-18 16:00:00,2021-03-18 16:00:00,2021-03-18 16:00:00,365,1
673,2021-03-18 16:00:00,Random Forest,16,1.5349898316295767,1.563036107657192,2020-03-18 16:00:00,2021-03-18 16:00:00,2021-03-18 16:00:00,365,1
674,2021-03-18 16:00:00,Neural Network,16,1.5349898316295767,1.4794301890607582,2020-03-18 16:00:00,2021-03-18 16:00:00,2021-03-18 16:00:00,365,1
675,2021-03-18 16:00:00,Naive,16,1.5349898316295767,1.216538733313157,2020-03-18 16:00:00,2021-03-18 16:00:00,2021-03-18 16:00:00,365,1
676,2021-03-19 16:00:00,Decision Tree,16,0.8262098125337084,0.8120896293307248,2020-03-19 16:00:00,2021-03-19 16:00:00,2021-03-19 16:00:00,365,1
677,2021-03-19 16:00:00,Random Forest,16,0.8262098125337084,0.7705313001731499,2020-03-19 16:00:00,2021-03-19 16:00:00,2021-03-19 16:00:00,365,1
678,2021-03-19 16:00:00,Neural Network,16,0.8262098125337084,0.8802161148806132,2020-03-19 16:00:00,2021-03-19 16:00:00,2021-03-19 16:00:00,365,1
679,2021-03-19 16:00:00,Naive,16,0.8262098125337084,1.5349898316295767,2020-03-19 16:00:00,2021-03-19 16:00:00,2021-03-19 16:00:00,365,1
680,2021-03-20 16:00:00,Decision Tree,16,0.6622841042235486,0.6215732906879985,2020-03-20 16:00:00,2021-03-20 16:00:00,2021-03-20 16:00:00,365,1
681,2021-03-20 16:00:00,Random Forest,16,0.6622841042235486,0.643547506352173,2020-03-20 16:00:00,2021-03-20 16:00:00,2021-03-20 16:00:00,365,1
682,2021-03-20 16:00:00,Neural Network,16,0.6622841042235486,0.46215314727288687,2020-03-20 16:00:00,2021-03-20 16:00:00,2021-03-20 16:00:00,365,1
683,2021-03-20 16:00:00,Naive,16,0.6622841042235486,0.8262098125337084,2020-03-20 16:00:00,2021-03-20 16:00:00,2021-03-20 16:00:00,365,1
684,2021-03-21 16:00:00,Decision Tree,16,-0.411634967804163,-0.4018023725184372,2020-03-21 16:00:00,2021-03-21 16:00:00,2021-03-21 16:00:00,365,1
685,2021-03-21 16:00:00,Random Forest,16,-0.411634967804163,-0.4111077405428412,2020-03-21 16:00:00,2021-03-21 16:00:00,2021-03-21 16:00:00,365,1
686,2021-03-21 16:00:00,Neural Network,16,-0.411634967804163,-0.5022750660062881,2020-03-21 16:00:00,2021-03-21 16:00:00,2021-03-21 16:00:00,365,1
687,2021-03-21 16:00:00,Naive,16,-0.411634967804163,0.6622841042235486,2020-03-21 16:00:00,2021-03-21 16:00:00,2021-03-21 16:00:00,365,1
688,2021-03-22 16:00:00,Decision Tree,16,1.1376374348929952,1.1425967234973426,2020-03-22 16:00:00,2021-03-22 16:00:00,2021-03-22 16:00:00,365,1
689,2021-03-22 16:00:00,Random Forest,16,1.1376374348929952,1.1498036917884684,2020-03-22 16:00:00,2021-03-22 16:00:00,2021-03-22 16:00:00,365,1
690,2021-03-22 16:00:00,Neural Network,16,1.1376374348929952,1.1073672862427972,2020-03-22 16:00:00,2021-03-22 16:00:00,2021-03-22 16:00:00,365,1
691,2021-03-22 16:00:00,Naive,16,1.1376374348929952,-0.411634967804163,2020-03-22 16:00:00,2021-03-22 16:00:00,2021-03-22 16:00:00,365,1
692,2021-03-23 16:00:00,Decision Tree,16,1.3715685695374924,1.3864469573167548,2020-03-23 16:00:00,2021-03-23 16:00:00,2021-03-23 16:00:00,365,1
693,2021-03-23 16:00:00,Random Forest,16,1.3715685695374924,1.3939695265767593,2020-03-23 16:00:00,2021-03-23 16:00:00,2021-03-23 16:00:00,365,1
694,2021-03-23 16:00:00,Neural Network,16,1.3715685695374924,1.2508910321717148,2020-03-23 16:00:00,2021-03-23 16:00:00,2021-03-23 16:00:00,365,1
695,2021-03-23 16:00:00,Naive,16,1.3715685695374924,1.1376374348929952,2020-03-23 16:00:00,2021-03-23 16:00:00,2021-03-23 16:00:00,365,1
696,2021-03-24 16:00:00,Decision Tree,16,1.0412230893154413,1.141770175396618,2020-03-24 16:00:00,2021-03-24 16:00:00,2021-03-24 16:00:00,365,1
697,2021-03-24 16:00:00,Random Forest,16,1.0412230893154413,1.0817047537182003,2020-03-24 16:00:00,2021-03-24 16:00:00,2021-03-24 16:00:00,365,1
698,2021-03-24 16:00:00,Neural Network,16,1.0412230893154413,0.9587886648628333,2020-03-24 16:00:00,2021-03-24 16:00:00,2021-03-24 16:00:00,365,1
699,2021-03-24 16:00:00,Naive,16,1.0412230893154413,1.3715685695374924,2020-03-24 16:00:00,2021-03-24 16:00:00,2021-03-24 16:00:00,365,1
700,2021-03-25 16:00:00,Decision Tree,16,1.1995683288141967,1.1848848655664097,2020-03-25 16:00:00,2021-03-25 16:00:00,2021-03-25 16:00:00,365,1
701,2021-03-25 16:00:00,Random Forest,16,1.1995683288141967,1.2086011808857,2020-03-25 16:00:00,2021-03-25 16:00:00,2021-03-25 16:00:00,365,1
702,2021-03-25 16:00:00,Neural Network,16,1.1995683288141967,1.0531914344492321,2020-03-25 16:00:00,2021-03-25 16:00:00,2021-03-25 16:00:00,365,1
703,2021-03-25 16:00:00,Naive,16,1.1995683288141967,1.0412230893154413,2020-03-25 16:00:00,2021-03-25 16:00:00,2021-03-25 16:00:00,365,1
704,2021-03-26 16:00:00,Decision Tree,16,0.9467081743382713,1.0407819633246158,2020-03-26 16:00:00,2021-03-26 16:00:00,2021-03-26 16:00:00,365,1
705,2021-03-26 16:00:00,Random Forest,16,0.9467081743382713,0.9753754292073364,2020-03-26 16:00:00,2021-03-26 16:00:00,2021-03-26 16:00:00,365,1
706,2021-03-26 16:00:00,Neural Network,16,0.9467081743382713,0.5930149698615199,2020-03-26 16:00:00,2021-03-26 16:00:00,2021-03-26 16:00:00,365,1
707,2021-03-26 16:00:00,Naive,16,0.9467081743382713,1.1995683288141967,2020-03-26 16:00:00,2021-03-26 16:00:00,2021-03-26 16:00:00,365,1
708,2021-03-27 16:00:00,Decision Tree,16,-1.021439035351072,-0.98087175745169,2020-03-27 16:00:00,2021-03-27 16:00:00,2021-03-27 16:00:00,365,1
709,2021-03-27 16:00:00,Random Forest,16,-1.021439035351072,-0.9979914511040238,2020-03-27 16:00:00,2021-03-27 16:00:00,2021-03-27 16:00:00,365,1
710,2021-03-27 16:00:00,Neural Network,16,-1.021439035351072,-1.1590890784480106,2020-03-27 16:00:00,2021-03-27 16:00:00,2021-03-27 16:00:00,365,1
711,2021-03-27 16:00:00,Naive,16,-1.021439035351072,0.9467081743382713,2020-03-27 16:00:00,2021-03-27 16:00:00,2021-03-27 16:00:00,365,1
712,2021-03-28 16:00:00,Decision Tree,16,-1.9825498424051666,-1.8948353906341588,2020-03-28 16:00:00,2021-03-28 16:00:00,2021-03-28 16:00:00,365,1
713,2021-03-28 16:00:00,Random Forest,16,-1.9825498424051666,-1.8876076111136404,2020-03-28 16:00:00,2021-03-28 16:00:00,2021-03-28 16:00:00,365,1
714,2021-03-28 16:00:00,Neural Network,16,-1.9825498424051666,-1.8750970260150084,2020-03-28 16:00:00,2021-03-28 16:00:00,2021-03-28 16:00:00,365,1
715,2021-03-28 16:00:00,Naive,16,-1.9825498424051666,-1.021439035351072,2020-03-28 16:00:00,2021-03-28 16:00:00,2021-03-28 16:00:00,365,1
716,2021-03-29 16:00:00,Decision Tree,16,-0.972262329153202,-0.9141551125420306,2020-03-29 16:00:00,2021-03-29 16:00:00,2021-03-29 16:00:00,365,1
717,2021-03-29 16:00:00,Random Forest,16,-0.972262329153202,-0.9568769371359033,2020-03-29 16:00:00,2021-03-29 16:00:00,2021-03-29 16:00:00,365,1
718,2021-03-29 16:00:00,Neural Network,16,-0.972262329153202,-0.8184320814664557,2020-03-29 16:00:00,2021-03-29 16:00:00,2021-03-29 16:00:00,365,1
719,2021-03-29 16:00:00,Naive,16,-0.972262329153202,-1.9825498424051666,2020-03-29 16:00:00,2021-03-29 16:00:00,2021-03-29 16:00:00,365,1
720,2021-03-30 16:00:00,Decision Tree,16,0.5353851910581581,0.5378898352291885,2020-03-30 16:00:00,2021-03-30 16:00:00,2021-03-30 16:00:00,365,1
721,2021-03-30 16:00:00,Random Forest,16,0.5353851910581581,0.5347672681252655,2020-03-30 16:00:00,2021-03-30 16:00:00,2021-03-30 16:00:00,365,1
722,2021-03-30 16:00:00,Neural Network,16,0.5353851910581581,0.30070472505754753,2020-03-30 16:00:00,2021-03-30 16:00:00,2021-03-30 16:00:00,365,1
723,2021-03-30 16:00:00,Naive,16,0.5353851910581581,-0.972262329153202,2020-03-30 16:00:00,2021-03-30 16:00:00,2021-03-30 16:00:00,365,1
724,2021-03-31 16:00:00,Decision Tree,16,0.7522913762079878,0.8333422515256311,2020-03-31 16:00:00,2021-03-31 16:00:00,2021-03-31 16:00:00,365,1
725,2021-03-31 16:00:00,Random Forest,16,0.7522913762079878,0.7697188883641887,2020-03-31 16:00:00,2021-03-31 16:00:00,2021-03-31 16:00:00,365,1
726,2021-03-31 16:00:00,Neural Network,16,0.7522913762079878,0.9437065869203193,2020-03-31 16:00:00,2021-03-31 16:00:00,2021-03-31 16:00:00,365,1
727,2021-03-31 16:00:00,Naive,16,0.7522913762079878,0.5353851910581581,2020-03-31 16:00:00,2021-03-31 16:00:00,2021-03-31 16:00:00,365,1
728,2021-04-01 16:00:00,Decision Tree,16,0.5176455137525057,0.5374723945340169,2020-04-01 16:00:00,2021-04-01 16:00:00,2021-04-01 16:00:00,365,1
729,2021-04-01 16:00:00,Random Forest,16,0.5176455137525057,0.5402470819750514,2020-04-01 16:00:00,2021-04-01 16:00:00,2021-04-01 16:00:00,365,1
730,2021-04-01 16:00:00,Neural Network,16,0.5176455137525057,0.0019123315173250888,2020-04-01 16:00:00,2021-04-01 16:00:00,2021-04-01 16:00:00,365,1
731,2021-04-01 16:00:00,Naive,16,0.5176455137525057,0.7522913762079878,2020-04-01 16:00:00,2021-04-01 16:00:00,2021-04-01 16:00:00,365,1
732,2021-04-02 16:00:00,Decision Tree,16,-2.0156100721847667,-1.932056337903455,2020-04-02 16:00:00,2021-04-02 16:00:00,2021-04-02 16:00:00,365,1
733,2021-04-02 16:00:00,Random Forest,16,-2.0156100721847667,-1.9879775544668568,2020-04-02 16:00:00,2021-04-02 16:00:00,2021-04-02 16:00:00,365,1
734,2021-04-02 16:00:00,Neural Network,16,-2.0156100721847667,-0.9048044116878543,2020-04-02 16:00:00,2021-04-02 16:00:00,2021-04-02 16:00:00,365,1
735,2021-04-02 16:00:00,Naive,16,-2.0156100721847667,0.5176455137525057,2020-04-02 16:00:00,2021-04-02 16:00:00,2021-04-02 16:00:00,365,1
736,2021-04-03 16:00:00,Decision Tree,16,-0.8935375607388165,-0.9163281909907957,2020-04-03 16:00:00,2021-04-03 16:00:00,2021-04-03 16:00:00,365,1
737,2021-04-03 16:00:00,Random Forest,16,-0.8935375607388165,-0.8866867179862655,2020-04-03 16:00:00,2021-04-03 16:00:00,2021-04-03 16:00:00,365,1
738,2021-04-03 16:00:00,Neural Network,16,-0.8935375607388165,-0.6860666754502682,2020-04-03 16:00:00,2021-04-03 16:00:00,2021-04-03 16:00:00,365,1
739,2021-04-03 16:00:00,Naive,16,-0.8935375607388165,-2.0156100721847667,2020-04-03 16:00:00,2021-04-03 16:00:00,2021-04-03 16:00:00,365,1
740,2021-04-04 16:00:00,Decision Tree,16,-1.6705893832976597,-1.5638016186662813,2020-04-04 16:00:00,2021-04-04 16:00:00,2021-04-04 16:00:00,365,1
741,2021-04-04 16:00:00,Random Forest,16,-1.6705893832976597,-1.6353388014498598,2020-04-04 16:00:00,2021-04-04 16:00:00,2021-04-04 16:00:00,365,1
742,2021-04-04 16:00:00,Neural Network,16,-1.6705893832976597,-1.3268020564635026,2020-04-04 16:00:00,2021-04-04 16:00:00,2021-04-04 16:00:00,365,1
743,2021-04-04 16:00:00,Naive,16,-1.6705893832976597,-0.8935375607388165,2020-04-04 16:00:00,2021-04-04 16:00:00,2021-04-04 16:00:00,365,1
744,2021-04-05 16:00:00,Decision Tree,16,-2.3593221584503414,-2.573762147604051,2020-04-05 16:00:00,2021-04-05 16:00:00,2021-04-05 16:00:00,365,1
745,2021-04-05 16:00:00,Random Forest,16,-2.3593221584503414,-2.11312208645203,2020-04-05 16:00:00,2021-04-05 16:00:00,2021-04-05 16:00:00,365,1
746,2021-04-05 16:00:00,Neural Network,16,-2.3593221584503414,-2.4863810411859473,2020-04-05 16:00:00,2021-04-05 16:00:00,2021-04-05 16:00:00,365,1
747,2021-04-05 16:00:00,Naive,16,-2.3593221584503414,-1.6705893832976597,2020-04-05 16:00:00,2021-04-05 16:00:00,2021-04-05 16:00:00,365,1
748,2021-04-06 16:00:00,Decision Tree,16,-0.9517649089625314,-0.9580817406014405,2020-04-06 16:00:00,2021-04-06 16:00:00,2021-04-06 16:00:00,365,1
749,2021-04-06 16:00:00,Random Forest,16,-0.9517649089625314,-0.9553958224853351,2020-04-06 16:00:00,2021-04-06 16:00:00,2021-04-06 16:00:00,365,1
750,2021-04-06 16:00:00,Neural Network,16,-0.9517649089625314,-1.0802456952555588,2020-04-06 16:00:00,2021-04-06 16:00:00,2021-04-06 16:00:00,365,1
751,2021-04-06 16:00:00,Naive,16,-0.9517649089625314,-2.3593221584503414,2020-04-06 16:00:00,2021-04-06 16:00:00,2021-04-06 16:00:00,365,1
752,2021-04-07 16:00:00,Decision Tree,16,0.3579754055964337,0.3485199876516274,2020-04-07 16:00:00,2021-04-07 16:00:00,2021-04-07 16:00:00,365,1
753,2021-04-07 16:00:00,Random Forest,16,0.3579754055964337,0.3494369471112719,2020-04-07 16:00:00,2021-04-07 16:00:00,2021-04-07 16:00:00,365,1
754,2021-04-07 16:00:00,Neural Network,16,0.3579754055964337,-0.11395503412896435,2020-04-07 16:00:00,2021-04-07 16:00:00,2021-04-07 16:00:00,365,1
755,2021-04-07 16:00:00,Naive,16,0.3579754055964337,-0.9517649089625314,2020-04-07 16:00:00,2021-04-07 16:00:00,2021-04-07 16:00:00,365,1
756,2021-04-08 16:00:00,Decision Tree,16,0.7909176042339268,0.7556958423729914,2020-04-08 16:00:00,2021-04-08 16:00:00,2021-04-08 16:00:00,365,1
757,2021-04-08 16:00:00,Random Forest,16,0.7909176042339268,0.7973700310945755,2020-04-08 16:00:00,2021-04-08 16:00:00,2021-04-08 16:00:00,365,1
758,2021-04-08 16:00:00,Neural Network,16,0.7909176042339268,0.4154552655872204,2020-04-08 16:00:00,2021-04-08 16:00:00,2021-04-08 16:00:00,365,1
759,2021-04-08 16:00:00,Naive,16,0.7909176042339268,0.3579754055964337,2020-04-08 16:00:00,2021-04-08 16:00:00,2021-04-08 16:00:00,365,1
760,2021-04-09 16:00:00,Decision Tree,16,1.2704477475754556,1.2450043668356596,2020-04-09 16:00:00,2021-04-09 16:00:00,2021-04-09 16:00:00,365,1
761,2021-04-09 16:00:00,Random Forest,16,1.2704477475754556,1.3122555723058613,2020-04-09 16:00:00,2021-04-09 16:00:00,2021-04-09 16:00:00,365,1
762,2021-04-09 16:00:00,Neural Network,16,1.2704477475754556,0.671355755266094,2020-04-09 16:00:00,2021-04-09 16:00:00,2021-04-09 16:00:00,365,1
763,2021-04-09 16:00:00,Naive,16,1.2704477475754556,0.7909176042339268,2020-04-09 16:00:00,2021-04-09 16:00:00,2021-04-09 16:00:00,365,1
764,2021-04-10 16:00:00,Decision Tree,16,1.013103281882194,1.0342861575461653,2020-04-10 16:00:00,2021-04-10 16:00:00,2021-04-10 16:00:00,365,1
765,2021-04-10 16:00:00,Random Forest,16,1.013103281882194,1.060219683195897,2020-04-10 16:00:00,2021-04-10 16:00:00,2021-04-10 16:00:00,365,1
766,2021-04-10 16:00:00,Neural Network,16,1.013103281882194,0.8360835200847502,2020-04-10 16:00:00,2021-04-10 16:00:00,2021-04-10 16:00:00,365,1
767,2021-04-10 16:00:00,Naive,16,1.013103281882194,1.2704477475754556,2020-04-10 16:00:00,2021-04-10 16:00:00,2021-04-10 16:00:00,365,1
768,2021-04-11 16:00:00,Decision Tree,16,0.44682263994423044,0.43773789677066477,2020-04-11 16:00:00,2021-04-11 16:00:00,2021-04-11 16:00:00,365,1
769,2021-04-11 16:00:00,Random Forest,16,0.44682263994423044,0.44808562654854833,2020-04-11 16:00:00,2021-04-11 16:00:00,2021-04-11 16:00:00,365,1
770,2021-04-11 16:00:00,Neural Network,16,0.44682263994423044,0.27350243705939803,2020-04-11 16:00:00,2021-04-11 16:00:00,2021-04-11 16:00:00,365,1
771,2021-04-11 16:00:00,Naive,16,0.44682263994423044,1.013103281882194,2020-04-11 16:00:00,2021-04-11 16:00:00,2021-04-11 16:00:00,365,1
772,2021-04-12 16:00:00,Decision Tree,16,0.8569452987590913,0.8961431243747761,2020-04-12 16:00:00,2021-04-12 16:00:00,2021-04-12 16:00:00,365,1
773,2021-04-12 16:00:00,Random Forest,16,0.8569452987590913,0.8472100405615413,2020-04-12 16:00:00,2021-04-12 16:00:00,2021-04-12 16:00:00,365,1
774,2021-04-12 16:00:00,Neural Network,16,0.8569452987590913,0.934168931248805,2020-04-12 16:00:00,2021-04-12 16:00:00,2021-04-12 16:00:00,365,1
775,2021-04-12 16:00:00,Naive,16,0.8569452987590913,0.44682263994423044,2020-04-12 16:00:00,2021-04-12 16:00:00,2021-04-12 16:00:00,365,1
776,2021-04-13 16:00:00,Decision Tree,16,0.7263217869813766,0.7116681658047744,2020-04-13 16:00:00,2021-04-13 16:00:00,2021-04-13 16:00:00,365,1
777,2021-04-13 16:00:00,Random Forest,16,0.7263217869813766,0.7435158293758614,2020-04-13 16:00:00,2021-04-13 16:00:00,2021-04-13 16:00:00,365,1
778,2021-04-13 16:00:00,Neural Network,16,0.7263217869813766,0.37859513763564706,2020-04-13 16:00:00,2021-04-13 16:00:00,2021-04-13 16:00:00,365,1
779,2021-04-13 16:00:00,Naive,16,0.7263217869813766,0.8569452987590913,2020-04-13 16:00:00,2021-04-13 16:00:00,2021-04-13 16:00:00,365,1
780,2021-04-14 16:00:00,Decision Tree,16,1.0083844872943912,1.0549309857298965,2020-04-14 16:00:00,2021-04-14 16:00:00,2021-04-14 16:00:00,365,1
781,2021-04-14 16:00:00,Random Forest,16,1.0083844872943912,1.039438093304929,2020-04-14 16:00:00,2021-04-14 16:00:00,2021-04-14 16:00:00,365,1
782,2021-04-14 16:00:00,Neural Network,16,1.0083844872943912,1.0748939604580325,2020-04-14 16:00:00,2021-04-14 16:00:00,2021-04-14 16:00:00,365,1
783,2021-04-14 16:00:00,Naive,16,1.0083844872943912,0.7263217869813766,2020-04-14 16:00:00,2021-04-14 16:00:00,2021-04-14 16:00:00,365,1
784,2021-04-15 16:00:00,Decision Tree,16,1.0060397868321678,1.0471732359906456,2020-04-15 16:00:00,2021-04-15 16:00:00,2021-04-15 16:00:00,365,1
785,2021-04-15 16:00:00,Random Forest,16,1.0060397868321678,1.027491416231194,2020-04-15 16:00:00,2021-04-15 16:00:00,2021-04-15 16:00:00,365,1
786,2021-04-15 16:00:00,Neural Network,16,1.0060397868321678,1.0623215126233114,2020-04-15 16:00:00,2021-04-15 16:00:00,2021-04-15 16:00:00,365,1
787,2021-04-15 16:00:00,Naive,16,1.0060397868321678,1.0083844872943912,2020-04-15 16:00:00,2021-04-15 16:00:00,2021-04-15 16:00:00,365,1
788,2021-04-16 16:00:00,Decision Tree,16,1.081251125670212,1.0980765819468776,2020-04-16 16:00:00,2021-04-16 16:00:00,2021-04-16 16:00:00,365,1
789,2021-04-16 16:00:00,Random Forest,16,1.081251125670212,1.099119199071538,2020-04-16 16:00:00,2021-04-16 16:00:00,2021-04-16 16:00:00,365,1
790,2021-04-16 16:00:00,Neural Network,16,1.081251125670212,1.0896274853102603,2020-04-16 16:00:00,2021-04-16 16:00:00,2021-04-16 16:00:00,365,1
791,2021-04-16 16:00:00,Naive,16,1.081251125670212,1.0060397868321678,2020-04-16 16:00:00,2021-04-16 16:00:00,2021-04-16 16:00:00,365,1
792,2021-04-17 16:00:00,Decision Tree,16,0.9427779231333848,0.9642150184537243,2020-04-17 16:00:00,2021-04-17 16:00:00,2021-04-17 16:00:00,365,1
793,2021-04-17 16:00:00,Random Forest,16,0.9427779231333848,0.9673915731017233,2020-04-17 16:00:00,2021-04-17 16:00:00,2021-04-17 16:00:00,365,1
794,2021-04-17 16:00:00,Neural Network,16,0.9427779231333848,0.7861052459916428,2020-04-17 16:00:00,2021-04-17 16:00:00,2021-04-17 16:00:00,365,1
795,2021-04-17 16:00:00,Naive,16,0.9427779231333848,1.081251125670212,2020-04-17 16:00:00,2021-04-17 16:00:00,2021-04-17 16:00:00,365,1
796,2021-04-18 16:00:00,Decision Tree,16,0.9703464061523633,0.9585258504855801,2020-04-18 16:00:00,2021-04-18 16:00:00,2021-04-18 16:00:00,365,1
797,2021-04-18 16:00:00,Random Forest,16,0.9703464061523633,0.985290262251936,2020-04-18 16:00:00,2021-04-18 16:00:00,2021-04-18 16:00:00,365,1
798,2021-04-18 16:00:00,Neural Network,16,0.9703464061523633,0.8127004225461761,2020-04-18 16:00:00,2021-04-18 16:00:00,2021-04-18 16:00:00,365,1
799,2021-04-18 16:00:00,Naive,16,0.9703464061523633,0.9427779231333848,2020-04-18 16:00:00,2021-04-18 16:00:00,2021-04-18 16:00:00,365,1
800,2021-04-19 16:00:00,Decision Tree,16,1.3148728578000402,1.3893169624167436,2020-04-19 16:00:00,2021-04-19 16:00:00,2021-04-19 16:00:00,365,1
801,2021-04-19 16:00:00,Random Forest,16,1.3148728578000402,1.3810490028898867,2020-04-19 16:00:00,2021-04-19 16:00:00,2021-04-19 16:00:00,365,1
802,2021-04-19 16:00:00,Neural Network,16,1.3148728578000402,1.0582945225272862,2020-04-19 16:00:00,2021-04-19 16:00:00,2021-04-19 16:00:00,365,1
803,2021-04-19 16:00:00,Naive,16,1.3148728578000402,0.9703464061523633,2020-04-19 16:00:00,2021-04-19 16:00:00,2021-04-19 16:00:00,365,1
804,2021-04-20 16:00:00,Decision Tree,16,1.2810377737349952,1.3757221609007504,2020-04-20 16:00:00,2021-04-20 16:00:00,2021-04-20 16:00:00,365,1
805,2021-04-20 16:00:00,Random Forest,16,1.2810377737349952,1.3038121206609485,2020-04-20 16:00:00,2021-04-20 16:00:00,2021-04-20 16:00:00,365,1
806,2021-04-20 16:00:00,Neural Network,16,1.2810377737349952,1.4143149604279566,2020-04-20 16:00:00,2021-04-20 16:00:00,2021-04-20 16:00:00,365,1
807,2021-04-20 16:00:00,Naive,16,1.2810377737349952,1.3148728578000402,2020-04-20 16:00:00,2021-04-20 16:00:00,2021-04-20 16:00:00,365,1
808,2021-04-21 16:00:00,Decision Tree,16,-0.1768769362363025,-0.19092487456134447,2020-04-21 16:00:00,2021-04-21 16:00:00,2021-04-21 16:00:00,365,1
809,2021-04-21 16:00:00,Random Forest,16,-0.1768769362363025,-0.19805207765023458,2020-04-21 16:00:00,2021-04-21 16:00:00,2021-04-21 16:00:00,365,1
810,2021-04-21 16:00:00,Neural Network,16,-0.1768769362363025,-0.2326510570916334,2020-04-21 16:00:00,2021-04-21 16:00:00,2021-04-21 16:00:00,365,1
811,2021-04-21 16:00:00,Naive,16,-0.1768769362363025,1.2810377737349952,2020-04-21 16:00:00,2021-04-21 16:00:00,2021-04-21 16:00:00,365,1
812,2021-04-22 16:00:00,Decision Tree,16,-1.1587769800088947,-1.1126433440705716,2020-04-22 16:00:00,2021-04-22 16:00:00,2021-04-22 16:00:00,365,1
813,2021-04-22 16:00:00,Random Forest,16,-1.1587769800088947,-1.1440363095111106,2020-04-22 16:00:00,2021-04-22 16:00:00,2021-04-22 16:00:00,365,1
814,2021-04-22 16:00:00,Neural Network,16,-1.1587769800088947,-1.1797919820513953,2020-04-22 16:00:00,2021-04-22 16:00:00,2021-04-22 16:00:00,365,1
815,2021-04-22 16:00:00,Naive,16,-1.1587769800088947,-0.1768769362363025,2020-04-22 16:00:00,2021-04-22 16:00:00,2021-04-22 16:00:00,365,1
816,2021-04-23 16:00:00,Decision Tree,16,0.6316433983551037,0.6987177800051466,2020-04-23 16:00:00,2021-04-23 16:00:00,2021-04-23 16:00:00,365,1
817,2021-04-23 16:00:00,Random Forest,16,0.6316433983551037,0.6710233776852826,2020-04-23 16:00:00,2021-04-23 16:00:00,2021-04-23 16:00:00,365,1
818,2021-04-23 16:00:00,Neural Network,16,0.6316433983551037,0.1525454363000003,2020-04-23 16:00:00,2021-04-23 16:00:00,2021-04-23 16:00:00,365,1
819,2021-04-23 16:00:00,Naive,16,0.6316433983551037,-1.1587769800088947,2020-04-23 16:00:00,2021-04-23 16:00:00,2021-04-23 16:00:00,365,1
820,2021-04-24 16:00:00,Decision Tree,16,-0.5308150694765963,-0.5018901862005336,2020-04-24 16:00:00,2021-04-24 16:00:00,2021-04-24 16:00:00,365,1
821,2021-04-24 16:00:00,Random Forest,16,-0.5308150694765963,-0.5201913731964395,2020-04-24 16:00:00,2021-04-24 16:00:00,2021-04-24 16:00:00,365,1
822,2021-04-24 16:00:00,Neural Network,16,-0.5308150694765963,-0.31528452449514527,2020-04-24 16:00:00,2021-04-24 16:00:00,2021-04-24 16:00:00,365,1
823,2021-04-24 16:00:00,Naive,16,-0.5308150694765963,0.6316433983551037,2020-04-24 16:00:00,2021-04-24 16:00:00,2021-04-24 16:00:00,365,1
824,2021-04-25 16:00:00,Decision Tree,16,-1.6706616226134055,-1.6515640210873386,2020-04-25 16:00:00,2021-04-25 16:00:00,2021-04-25 16:00:00,365,1
825,2021-04-25 16:00:00,Random Forest,16,-1.6706616226134055,-1.6650693558309608,2020-04-25 16:00:00,2021-04-25 16:00:00,2021-04-25 16:00:00,365,1
826,2021-04-25 16:00:00,Neural Network,16,-1.6706616226134055,-1.3241710657752865,2020-04-25 16:00:00,2021-04-25 16:00:00,2021-04-25 16:00:00,365,1
827,2021-04-25 16:00:00,Naive,16,-1.6706616226134055,-0.5308150694765963,2020-04-25 16:00:00,2021-04-25 16:00:00,2021-04-25 16:00:00,365,1
828,2021-04-26 16:00:00,Decision Tree,16,0.9221992364187248,0.96784552919589,2020-04-26 16:00:00,2021-04-26 16:00:00,2021-04-26 16:00:00,365,1
829,2021-04-26 16:00:00,Random Forest,16,0.9221992364187248,0.9544982599876644,2020-04-26 16:00:00,2021-04-26 16:00:00,2021-04-26 16:00:00,365,1
830,2021-04-26 16:00:00,Neural Network,16,0.9221992364187248,0.9605873282956979,2020-04-26 16:00:00,2021-04-26 16:00:00,2021-04-26 16:00:00,365,1
831,2021-04-26 16:00:00,Naive,16,0.9221992364187248,-1.6706616226134055,2020-04-26 16:00:00,2021-04-26 16:00:00,2021-04-26 16:00:00,365,1
832,2021-04-27 16:00:00,Decision Tree,16,0.8344618204820993,0.8905434350011069,2020-04-27 16:00:00,2021-04-27 16:00:00,2021-04-27 16:00:00,365,1
833,2021-04-27 16:00:00,Random Forest,16,0.8344618204820993,0.9108947833697605,2020-04-27 16:00:00,2021-04-27 16:00:00,2021-04-27 16:00:00,365,1
834,2021-04-27 16:00:00,Neural Network,16,0.8344618204820993,0.7196851294275426,2020-04-27 16:00:00,2021-04-27 16:00:00,2021-04-27 16:00:00,365,1
835,2021-04-27 16:00:00,Naive,16,0.8344618204820993,0.9221992364187248,2020-04-27 16:00:00,2021-04-27 16:00:00,2021-04-27 16:00:00,365,1
836,2021-04-28 16:00:00,Decision Tree,16,1.149132015484509,1.1869825031732364,2020-04-28 16:00:00,2021-04-28 16:00:00,2021-04-28 16:00:00,365,1
837,2021-04-28 16:00:00,Random Forest,16,1.149132015484509,1.1880624417579464,2020-04-28 16:00:00,2021-04-28 16:00:00,2021-04-28 16:00:00,365,1
838,2021-04-28 16:00:00,Neural Network,16,1.149132015484509,1.1676819254301853,2020-04-28 16:00:00,2021-04-28 16:00:00,2021-04-28 16:00:00,365,1
839,2021-04-28 16:00:00,Naive,16,1.149132015484509,0.8344618204820993,2020-04-28 16:00:00,2021-04-28 16:00:00,2021-04-28 16:00:00,365,1
840,2021-04-29 16:00:00,Decision Tree,16,0.7403133801839515,0.8077847040014806,2020-04-29 16:00:00,2021-04-29 16:00:00,2021-04-29 16:00:00,365,1
841,2021-04-29 16:00:00,Random Forest,16,0.7403133801839515,0.7835923416455222,2020-04-29 16:00:00,2021-04-29 16:00:00,2021-04-29 16:00:00,365,1
842,2021-04-29 16:00:00,Neural Network,16,0.7403133801839515,0.5423443622430603,2020-04-29 16:00:00,2021-04-29 16:00:00,2021-04-29 16:00:00,365,1
843,2021-04-29 16:00:00,Naive,16,0.7403133801839515,1.149132015484509,2020-04-29 16:00:00,2021-04-29 16:00:00,2021-04-29 16:00:00,365,1
844,2021-04-30 16:00:00,Decision Tree,16,1.3145468154489028,1.3739356305579984,2020-04-30 16:00:00,2021-04-30 16:00:00,2021-04-30 16:00:00,365,1
845,2021-04-30 16:00:00,Random Forest,16,1.3145468154489028,1.3894606327672803,2020-04-30 16:00:00,2021-04-30 16:00:00,2021-04-30 16:00:00,365,1
846,2021-04-30 16:00:00,Neural Network,16,1.3145468154489028,1.4514218118354594,2020-04-30 16:00:00,2021-04-30 16:00:00,2021-04-30 16:00:00,365,1
847,2021-04-30 16:00:00,Naive,16,1.3145468154489028,0.7403133801839515,2020-04-30 16:00:00,2021-04-30 16:00:00,2021-04-30 16:00:00,365,1
848,2021-05-01 16:00:00,Decision Tree,16,0.8194943602693493,0.8835332331862309,2020-05-01 16:00:00,2021-05-01 16:00:00,2021-05-01 16:00:00,365,1
849,2021-05-01 16:00:00,Random Forest,16,0.8194943602693493,0.831967372730029,2020-05-01 16:00:00,2021-05-01 16:00:00,2021-05-01 16:00:00,365,1
850,2021-05-01 16:00:00,Neural Network,16,0.8194943602693493,0.27245891775623887,2020-05-01 16:00:00,2021-05-01 16:00:00,2021-05-01 16:00:00,365,1
851,2021-05-01 16:00:00,Naive,16,0.8194943602693493,1.3145468154489028,2020-05-01 16:00:00,2021-05-01 16:00:00,2021-05-01 16:00:00,365,1
852,2021-05-02 16:00:00,Decision Tree,16,-1.5887282704481982,-1.532335761763431,2020-05-02 16:00:00,2021-05-02 16:00:00,2021-05-02 16:00:00,365,1
853,2021-05-02 16:00:00,Random Forest,16,-1.5887282704481982,-1.574606446162013,2020-05-02 16:00:00,2021-05-02 16:00:00,2021-05-02 16:00:00,365,1
854,2021-05-02 16:00:00,Neural Network,16,-1.5887282704481982,-1.4540127092473287,2020-05-02 16:00:00,2021-05-02 16:00:00,2021-05-02 16:00:00,365,1
855,2021-05-02 16:00:00,Naive,16,-1.5887282704481982,0.8194943602693493,2020-05-02 16:00:00,2021-05-02 16:00:00,2021-05-02 16:00:00,365,1
856,2021-05-03 16:00:00,Decision Tree,16,0.8567389636687436,0.9440164310260512,2020-05-03 16:00:00,2021-05-03 16:00:00,2021-05-03 16:00:00,365,1
857,2021-05-03 16:00:00,Random Forest,16,0.8567389636687436,0.9393063967039574,2020-05-03 16:00:00,2021-05-03 16:00:00,2021-05-03 16:00:00,365,1
858,2021-05-03 16:00:00,Neural Network,16,0.8567389636687436,0.6897045950392725,2020-05-03 16:00:00,2021-05-03 16:00:00,2021-05-03 16:00:00,365,1
859,2021-05-03 16:00:00,Naive,16,0.8567389636687436,-1.5887282704481982,2020-05-03 16:00:00,2021-05-03 16:00:00,2021-05-03 16:00:00,365,1
860,2021-05-04 16:00:00,Decision Tree,16,-1.5171670277456706,-1.5669375206668676,2020-05-04 16:00:00,2021-05-04 16:00:00,2021-05-04 16:00:00,365,1
861,2021-05-04 16:00:00,Random Forest,16,-1.5171670277456706,-1.5710266910350326,2020-05-04 16:00:00,2021-05-04 16:00:00,2021-05-04 16:00:00,365,1
862,2021-05-04 16:00:00,Neural Network,16,-1.5171670277456706,-1.536703609356329,2020-05-04 16:00:00,2021-05-04 16:00:00,2021-05-04 16:00:00,365,1
863,2021-05-04 16:00:00,Naive,16,-1.5171670277456706,0.8567389636687436,2020-05-04 16:00:00,2021-05-04 16:00:00,2021-05-04 16:00:00,365,1
864,2021-05-05 16:00:00,Decision Tree,16,-2.1484846684509438,-2.275801041208849,2020-05-05 16:00:00,2021-05-05 16:00:00,2021-05-05 16:00:00,365,1
865,2021-05-05 16:00:00,Random Forest,16,-2.1484846684509438,-2.1201514389896556,2020-05-05 16:00:00,2021-05-05 16:00:00,2021-05-05 16:00:00,365,1
866,2021-05-05 16:00:00,Neural Network,16,-2.1484846684509438,-1.9682024764421748,2020-05-05 16:00:00,2021-05-05 16:00:00,2021-05-05 16:00:00,365,1
867,2021-05-05 16:00:00,Naive,16,-2.1484846684509438,-1.5171670277456706,2020-05-05 16:00:00,2021-05-05 16:00:00,2021-05-05 16:00:00,365,1
868,2021-05-06 16:00:00,Decision Tree,16,1.4497577159005526,1.528952444454566,2020-05-06 16:00:00,2021-05-06 16:00:00,2021-05-06 16:00:00,365,1
869,2021-05-06 16:00:00,Random Forest,16,1.4497577159005526,1.5588774151660405,2020-05-06 16:00:00,2021-05-06 16:00:00,2021-05-06 16:00:00,365,1
870,2021-05-06 16:00:00,Neural Network,16,1.4497577159005526,1.2664325726708012,2020-05-06 16:00:00,2021-05-06 16:00:00,2021-05-06 16:00:00,365,1
871,2021-05-06 16:00:00,Naive,16,1.4497577159005526,-2.1484846684509438,2020-05-06 16:00:00,2021-05-06 16:00:00,2021-05-06 16:00:00,365,1
872,2021-05-07 16:00:00,Decision Tree,16,1.005414306887987,1.03178438519,2020-05-07 16:00:00,2021-05-07 16:00:00,2021-05-07 16:00:00,365,1
873,2021-05-07 16:00:00,Random Forest,16,1.005414306887987,1.0804226438635576,2020-05-07 16:00:00,2021-05-07 16:00:00,2021-05-07 16:00:00,365,1
874,2021-05-07 16:00:00,Neural Network,16,1.005414306887987,0.5320553604929713,2020-05-07 16:00:00,2021-05-07 16:00:00,2021-05-07 16:00:00,365,1
875,2021-05-07 16:00:00,Naive,16,1.005414306887987,1.4497577159005526,2020-05-07 16:00:00,2021-05-07 16:00:00,2021-05-07 16:00:00,365,1
876,2021-05-08 16:00:00,Decision Tree,16,-0.2835699822150515,-0.303038551175705,2020-05-08 16:00:00,2021-05-08 16:00:00,2021-05-08 16:00:00,365,1
877,2021-05-08 16:00:00,Random Forest,16,-0.2835699822150515,-0.27917790459420894,2020-05-08 16:00:00,2021-05-08 16:00:00,2021-05-08 16:00:00,365,1
878,2021-05-08 16:00:00,Neural Network,16,-0.2835699822150515,-0.29594632450667313,2020-05-08 16:00:00,2021-05-08 16:00:00,2021-05-08 16:00:00,365,1
879,2021-05-08 16:00:00,Naive,16,-0.2835699822150515,1.005414306887987,2020-05-08 16:00:00,2021-05-08 16:00:00,2021-05-08 16:00:00,365,1
880,2021-05-09 16:00:00,Decision Tree,16,-2.1084392911108605,-2.25761298795772,2020-05-09 16:00:00,2021-05-09 16:00:00,2021-05-09 16:00:00,365,1
881,2021-05-09 16:00:00,Random Forest,16,-2.1084392911108605,-2.17685530610455,2020-05-09 16:00:00,2021-05-09 16:00:00,2021-05-09 16:00:00,365,1
882,2021-05-09 16:00:00,Neural Network,16,-2.1084392911108605,-2.3754404697129634,2020-05-09 16:00:00,2021-05-09 16:00:00,2021-05-09 16:00:00,365,1
883,2021-05-09 16:00:00,Naive,16,-2.1084392911108605,-0.2835699822150515,2020-05-09 16:00:00,2021-05-09 16:00:00,2021-05-09 16:00:00,365,1
884,2021-05-10 16:00:00,Decision Tree,16,1.1902550239174792,1.2429727817025733,2020-05-10 16:00:00,2021-05-10 16:00:00,2021-05-10 16:00:00,365,1
885,2021-05-10 16:00:00,Random Forest,16,1.1902550239174792,1.2802837153754496,2020-05-10 16:00:00,2021-05-10 16:00:00,2021-05-10 16:00:00,365,1
886,2021-05-10 16:00:00,Neural Network,16,1.1902550239174792,1.1173586242988947,2020-05-10 16:00:00,2021-05-10 16:00:00,2021-05-10 16:00:00,365,1
887,2021-05-10 16:00:00,Naive,16,1.1902550239174792,-2.1084392911108605,2020-05-10 16:00:00,2021-05-10 16:00:00,2021-05-10 16:00:00,365,1
888,2021-05-11 16:00:00,Decision Tree,16,1.3483309034549107,1.4813976385762708,2020-05-11 16:00:00,2021-05-11 16:00:00,2021-05-11 16:00:00,365,1
889,2021-05-11 16:00:00,Random Forest,16,1.3483309034549107,1.4611729550667034,2020-05-11 16:00:00,2021-05-11 16:00:00,2021-05-11 16:00:00,365,1
890,2021-05-11 16:00:00,Neural Network,16,1.3483309034549107,1.3714019276410347,2020-05-11 16:00:00,2021-05-11 16:00:00,2021-05-11 16:00:00,365,1
891,2021-05-11 16:00:00,Naive,16,1.3483309034549107,1.1902550239174792,2020-05-11 16:00:00,2021-05-11 16:00:00,2021-05-11 16:00:00,365,1
892,2021-05-12 16:00:00,Decision Tree,16,1.3673524450135939,1.5361614344475392,2020-05-12 16:00:00,2021-05-12 16:00:00,2021-05-12 16:00:00,365,1
893,2021-05-12 16:00:00,Random Forest,16,1.3673524450135939,1.4693964884155541,2020-05-12 16:00:00,2021-05-12 16:00:00,2021-05-12 16:00:00,365,1
894,2021-05-12 16:00:00,Neural Network,16,1.3673524450135939,1.343080354058087,2020-05-12 16:00:00,2021-05-12 16:00:00,2021-05-12 16:00:00,365,1
895,2021-05-12 16:00:00,Naive,16,1.3673524450135939,1.3483309034549107,2020-05-12 16:00:00,2021-05-12 16:00:00,2021-05-12 16:00:00,365,1
896,2021-05-13 16:00:00,Decision Tree,16,0.8383285463049481,0.9119946185158803,2020-05-13 16:00:00,2021-05-13 16:00:00,2021-05-13 16:00:00,365,1
897,2021-05-13 16:00:00,Random Forest,16,0.8383285463049481,0.9193108378625952,2020-05-13 16:00:00,2021-05-13 16:00:00,2021-05-13 16:00:00,365,1
898,2021-05-13 16:00:00,Neural Network,16,0.8383285463049481,0.2989464378206558,2020-05-13 16:00:00,2021-05-13 16:00:00,2021-05-13 16:00:00,365,1
899,2021-05-13 16:00:00,Naive,16,0.8383285463049481,1.3673524450135939,2020-05-13 16:00:00,2021-05-13 16:00:00,2021-05-13 16:00:00,365,1
900,2021-05-14 16:00:00,Decision Tree,16,1.271221280541747,1.3003246372954878,2020-05-14 16:00:00,2021-05-14 16:00:00,2021-05-14 16:00:00,365,1
901,2021-05-14 16:00:00,Random Forest,16,1.271221280541747,1.3279151814590013,2020-05-14 16:00:00,2021-05-14 16:00:00,2021-05-14 16:00:00,365,1
902,2021-05-14 16:00:00,Neural Network,16,1.271221280541747,0.9172919567550881,2020-05-14 16:00:00,2021-05-14 16:00:00,2021-05-14 16:00:00,365,1
903,2021-05-14 16:00:00,Naive,16,1.271221280541747,0.8383285463049481,2020-05-14 16:00:00,2021-05-14 16:00:00,2021-05-14 16:00:00,365,1
904,2021-05-15 16:00:00,Decision Tree,16,0.9025719610361645,1.0117096019852654,2020-05-15 16:00:00,2021-05-15 16:00:00,2021-05-15 16:00:00,365,1
905,2021-05-15 16:00:00,Random Forest,16,0.9025719610361645,0.9688261440338213,2020-05-15 16:00:00,2021-05-15 16:00:00,2021-05-15 16:00:00,365,1
906,2021-05-15 16:00:00,Neural Network,16,0.9025719610361645,0.7743773762287612,2020-05-15 16:00:00,2021-05-15 16:00:00,2021-05-15 16:00:00,365,1
907,2021-05-15 16:00:00,Naive,16,0.9025719610361645,1.271221280541747,2020-05-15 16:00:00,2021-05-15 16:00:00,2021-05-15 16:00:00,365,1
908,2021-05-16 16:00:00,Decision Tree,16,-1.3388929083521017,-1.321641935629486,2020-05-16 16:00:00,2021-05-16 16:00:00,2021-05-16 16:00:00,365,1
909,2021-05-16 16:00:00,Random Forest,16,-1.3388929083521017,-1.326700684476417,2020-05-16 16:00:00,2021-05-16 16:00:00,2021-05-16 16:00:00,365,1
910,2021-05-16 16:00:00,Neural Network,16,-1.3388929083521017,-0.870090386939732,2020-05-16 16:00:00,2021-05-16 16:00:00,2021-05-16 16:00:00,365,1
911,2021-05-16 16:00:00,Naive,16,-1.3388929083521017,0.9025719610361645,2020-05-16 16:00:00,2021-05-16 16:00:00,2021-05-16 16:00:00,365,1
912,2021-05-17 16:00:00,Decision Tree,16,1.247741101084789,1.2849027127128552,2020-05-17 16:00:00,2021-05-17 16:00:00,2021-05-17 16:00:00,365,1
913,2021-05-17 16:00:00,Random Forest,16,1.247741101084789,1.3013905024988992,2020-05-17 16:00:00,2021-05-17 16:00:00,2021-05-17 16:00:00,365,1
914,2021-05-17 16:00:00,Neural Network,16,1.247741101084789,1.3491307273723299,2020-05-17 16:00:00,2021-05-17 16:00:00,2021-05-17 16:00:00,365,1
915,2021-05-17 16:00:00,Naive,16,1.247741101084789,-1.3388929083521017,2020-05-17 16:00:00,2021-05-17 16:00:00,2021-05-17 16:00:00,365,1
916,2021-05-18 16:00:00,Decision Tree,16,1.2668000580723162,1.2775289160320742,2020-05-18 16:00:00,2021-05-18 16:00:00,2021-05-18 16:00:00,365,1
917,2021-05-18 16:00:00,Random Forest,16,1.2668000580723162,1.2897222636114922,2020-05-18 16:00:00,2021-05-18 16:00:00,2021-05-18 16:00:00,365,1
918,2021-05-18 16:00:00,Neural Network,16,1.2668000580723162,1.3344683906624335,2020-05-18 16:00:00,2021-05-18 16:00:00,2021-05-18 16:00:00,365,1
919,2021-05-18 16:00:00,Naive,16,1.2668000580723162,1.247741101084789,2020-05-18 16:00:00,2021-05-18 16:00:00,2021-05-18 16:00:00,365,1
920,2021-05-19 16:00:00,Decision Tree,16,1.386690891669672,1.5157533230288973,2020-05-19 16:00:00,2021-05-19 16:00:00,2021-05-19 16:00:00,365,1
921,2021-05-19 16:00:00,Random Forest,16,1.386690891669672,1.476624612164096,2020-05-19 16:00:00,2021-05-19 16:00:00,2021-05-19 16:00:00,365,1
922,2021-05-19 16:00:00,Neural Network,16,1.386690891669672,1.4616564495775324,2020-05-19 16:00:00,2021-05-19 16:00:00,2021-05-19 16:00:00,365,1
923,2021-05-19 16:00:00,Naive,16,1.386690891669672,1.2668000580723162,2020-05-19 16:00:00,2021-05-19 16:00:00,2021-05-19 16:00:00,365,1
924,2021-05-20 16:00:00,Decision Tree,16,1.1507504848877117,1.2327729565129828,2020-05-20 16:00:00,2021-05-20 16:00:00,2021-05-20 16:00:00,365,1
925,2021-05-20 16:00:00,Random Forest,16,1.1507504848877117,1.2389807545800986,2020-05-20 16:00:00,2021-05-20 16:00:00,2021-05-20 16:00:00,365,1
926,2021-05-20 16:00:00,Neural Network,16,1.1507504848877117,1.1904515037222418,2020-05-20 16:00:00,2021-05-20 16:00:00,2021-05-20 16:00:00,365,1
927,2021-05-20 16:00:00,Naive,16,1.1507504848877117,1.386690891669672,2020-05-20 16:00:00,2021-05-20 16:00:00,2021-05-20 16:00:00,365,1
928,2021-05-21 16:00:00,Decision Tree,16,-1.5647268607297689,-1.5655647416776173,2020-05-21 16:00:00,2021-05-21 16:00:00,2021-05-21 16:00:00,365,1
929,2021-05-21 16:00:00,Random Forest,16,-1.5647268607297689,-1.5828770932111118,2020-05-21 16:00:00,2021-05-21 16:00:00,2021-05-21 16:00:00,365,1
930,2021-05-21 16:00:00,Neural Network,16,-1.5647268607297689,-1.4423786316103304,2020-05-21 16:00:00,2021-05-21 16:00:00,2021-05-21 16:00:00,365,1
931,2021-05-21 16:00:00,Naive,16,-1.5647268607297689,1.1507504848877117,2020-05-21 16:00:00,2021-05-21 16:00:00,2021-05-21 16:00:00,365,1
932,2021-05-22 16:00:00,Decision Tree,16,-2.4584377803254824,-2.2389662758518627,2020-05-22 16:00:00,2021-05-22 16:00:00,2021-05-22 16:00:00,365,1
933,2021-05-22 16:00:00,Random Forest,16,-2.4584377803254824,-2.3892757880077653,2020-05-22 16:00:00,2021-05-22 16:00:00,2021-05-22 16:00:00,365,1
934,2021-05-22 16:00:00,Neural Network,16,-2.4584377803254824,-2.470928733641075,2020-05-22 16:00:00,2021-05-22 16:00:00,2021-05-22 16:00:00,365,1
935,2021-05-22 16:00:00,Naive,16,-2.4584377803254824,-1.5647268607297689,2020-05-22 16:00:00,2021-05-22 16:00:00,2021-05-22 16:00:00,365,1
936,2021-05-23 16:00:00,Decision Tree,16,-1.808866583071449,-1.736650613951788,2020-05-23 16:00:00,2021-05-23 16:00:00,2021-05-23 16:00:00,365,1
937,2021-05-23 16:00:00,Random Forest,16,-1.808866583071449,-1.916304211643003,2020-05-23 16:00:00,2021-05-23 16:00:00,2021-05-23 16:00:00,365,1
938,2021-05-23 16:00:00,Neural Network,16,-1.808866583071449,-1.7037718848900907,2020-05-23 16:00:00,2021-05-23 16:00:00,2021-05-23 16:00:00,365,1
939,2021-05-23 16:00:00,Naive,16,-1.808866583071449,-2.4584377803254824,2020-05-23 16:00:00,2021-05-23 16:00:00,2021-05-23 16:00:00,365,1
940,2021-05-24 16:00:00,Decision Tree,16,-0.43584202144633244,-0.4146711868286515,2020-05-24 16:00:00,2021-05-24 16:00:00,2021-05-24 16:00:00,365,1
941,2021-05-24 16:00:00,Random Forest,16,-0.43584202144633244,-0.4453226452274952,2020-05-24 16:00:00,2021-05-24 16:00:00,2021-05-24 16:00:00,365,1
942,2021-05-24 16:00:00,Neural Network,16,-0.43584202144633244,-0.6696457416236521,2020-05-24 16:00:00,2021-05-24 16:00:00,2021-05-24 16:00:00,365,1
943,2021-05-24 16:00:00,Naive,16,-0.43584202144633244,-1.808866583071449,2020-05-24 16:00:00,2021-05-24 16:00:00,2021-05-24 16:00:00,365,1
944,2021-05-25 16:00:00,Decision Tree,16,0.4128280555794103,0.4663675896788836,2020-05-25 16:00:00,2021-05-25 16:00:00,2021-05-25 16:00:00,365,1
945,2021-05-25 16:00:00,Random Forest,16,0.4128280555794103,0.5112564554108335,2020-05-25 16:00:00,2021-05-25 16:00:00,2021-05-25 16:00:00,365,1
946,2021-05-25 16:00:00,Neural Network,16,0.4128280555794103,0.30371520569156363,2020-05-25 16:00:00,2021-05-25 16:00:00,2021-05-25 16:00:00,365,1
947,2021-05-25 16:00:00,Naive,16,0.4128280555794103,-0.43584202144633244,2020-05-25 16:00:00,2021-05-25 16:00:00,2021-05-25 16:00:00,365,1
948,2021-05-26 16:00:00,Decision Tree,16,1.0171998734146726,1.160679533035363,2020-05-26 16:00:00,2021-05-26 16:00:00,2021-05-26 16:00:00,365,1
949,2021-05-26 16:00:00,Random Forest,16,1.0171998734146726,1.11945308640148,2020-05-26 16:00:00,2021-05-26 16:00:00,2021-05-26 16:00:00,365,1
950,2021-05-26 16:00:00,Neural Network,16,1.0171998734146726,0.9143938174242152,2020-05-26 16:00:00,2021-05-26 16:00:00,2021-05-26 16:00:00,365,1
951,2021-05-26 16:00:00,Naive,16,1.0171998734146726,0.4128280555794103,2020-05-26 16:00:00,2021-05-26 16:00:00,2021-05-26 16:00:00,365,1
952,2021-05-27 16:00:00,Decision Tree,16,1.2747743441621395,1.2761878087871046,2020-05-27 16:00:00,2021-05-27 16:00:00,2021-05-27 16:00:00,365,1
953,2021-05-27 16:00:00,Random Forest,16,1.2747743441621395,1.3488274983679438,2020-05-27 16:00:00,2021-05-27 16:00:00,2021-05-27 16:00:00,365,1
954,2021-05-27 16:00:00,Neural Network,16,1.2747743441621395,1.2983387244761997,2020-05-27 16:00:00,2021-05-27 16:00:00,2021-05-27 16:00:00,365,1
955,2021-05-27 16:00:00,Naive,16,1.2747743441621395,1.0171998734146726,2020-05-27 16:00:00,2021-05-27 16:00:00,2021-05-27 16:00:00,365,1
956,2021-05-28 16:00:00,Decision Tree,16,1.2756929951699185,1.2760307571621086,2020-05-28 16:00:00,2021-05-28 16:00:00,2021-05-28 16:00:00,365,1
957,2021-05-28 16:00:00,Random Forest,16,1.2756929951699185,1.309482750401746,2020-05-28 16:00:00,2021-05-28 16:00:00,2021-05-28 16:00:00,365,1
958,2021-05-28 16:00:00,Neural Network,16,1.2756929951699185,1.3129492973520906,2020-05-28 16:00:00,2021-05-28 16:00:00,2021-05-28 16:00:00,365,1
959,2021-05-28 16:00:00,Naive,16,1.2756929951699185,1.2747743441621395,2020-05-28 16:00:00,2021-05-28 16:00:00,2021-05-28 16:00:00,365,1
960,2021-05-29 16:00:00,Decision Tree,16,-0.5058523281779875,-0.5077375799862285,2020-05-29 16:00:00,2021-05-29 16:00:00,2021-05-29 16:00:00,365,1
961,2021-05-29 16:00:00,Random Forest,16,-0.5058523281779875,-0.520028403845428,2020-05-29 16:00:00,2021-05-29 16:00:00,2021-05-29 16:00:00,365,1
962,2021-05-29 16:00:00,Neural Network,16,-0.5058523281779875,-0.4321288250130516,2020-05-29 16:00:00,2021-05-29 16:00:00,2021-05-29 16:00:00,365,1
963,2021-05-29 16:00:00,Naive,16,-0.5058523281779875,1.2756929951699185,2020-05-29 16:00:00,2021-05-29 16:00:00,2021-05-29 16:00:00,365,1
964,2021-05-30 16:00:00,Decision Tree,16,-1.6347174194241874,-1.7659281879620585,2020-05-30 16:00:00,2021-05-30 16:00:00,2021-05-30 16:00:00,365,1
965,2021-05-30 16:00:00,Random Forest,16,-1.6347174194241874,-1.7209948334385479,2020-05-30 16:00:00,2021-05-30 16:00:00,2021-05-30 16:00:00,365,1
966,2021-05-30 16:00:00,Neural Network,16,-1.6347174194241874,-1.3399075221633352,2020-05-30 16:00:00,2021-05-30 16:00:00,2021-05-30 16:00:00,365,1
967,2021-05-30 16:00:00,Naive,16,-1.6347174194241874,-0.5058523281779875,2020-05-30 16:00:00,2021-05-30 16:00:00,2021-05-30 16:00:00,365,1
968,2021-05-31 16:00:00,Decision Tree,16,0.9963668670265902,1.0266650614303323,2020-05-31 16:00:00,2021-05-31 16:00:00,2021-05-31 16:00:00,365,1
969,2021-05-31 16:00:00,Random Forest,16,0.9963668670265902,1.0482868560752676,2020-05-31 16:00:00,2021-05-31 16:00:00,2021-05-31 16:00:00,365,1
970,2021-05-31 16:00:00,Neural Network,16,0.9963668670265902,1.0732894275451335,2020-05-31 16:00:00,2021-05-31 16:00:00,2021-05-31 16:00:00,365,1
971,2021-05-31 16:00:00,Naive,16,0.9963668670265902,-1.6347174194241874,2020-05-31 16:00:00,2021-05-31 16:00:00,2021-05-31 16:00:00,365,1
972,2021-06-01 16:00:00,Decision Tree,16,1.160832993925632,1.2661969062872895,2020-06-01 16:00:00,2021-06-01 16:00:00,2021-06-01 16:00:00,365,1
973,2021-06-01 16:00:00,Random Forest,16,1.160832993925632,1.2463654204934258,2020-06-01 16:00:00,2021-06-01 16:00:00,2021-06-01 16:00:00,365,1
974,2021-06-01 16:00:00,Neural Network,16,1.160832993925632,1.1481922079569196,2020-06-01 16:00:00,2021-06-01 16:00:00,2021-06-01 16:00:00,365,1
975,2021-06-01 16:00:00,Naive,16,1.160832993925632,0.9963668670265902,2020-06-01 16:00:00,2021-06-01 16:00:00,2021-06-01 16:00:00,365,1
976,2021-06-02 16:00:00,Decision Tree,16,1.1079660661245958,1.155816743543792,2020-06-02 16:00:00,2021-06-02 16:00:00,2021-06-02 16:00:00,365,1
977,2021-06-02 16:00:00,Random Forest,16,1.1079660661245958,1.1784186402906205,2020-06-02 16:00:00,2021-06-02 16:00:00,2021-06-02 16:00:00,365,1
978,2021-06-02 16:00:00,Neural Network,16,1.1079660661245958,0.9408364882827907,2020-06-02 16:00:00,2021-06-02 16:00:00,2021-06-02 16:00:00,365,1
979,2021-06-02 16:00:00,Naive,16,1.1079660661245958,1.160832993925632,2020-06-02 16:00:00,2021-06-02 16:00:00,2021-06-02 16:00:00,365,1
980,2021-06-03 16:00:00,Decision Tree,16,1.4090470779559192,1.3079966349384402,2020-06-03 16:00:00,2021-06-03 16:00:00,2021-06-03 16:00:00,365,1
981,2021-06-03 16:00:00,Random Forest,16,1.4090470779559192,1.5283289232346011,2020-06-03 16:00:00,2021-06-03 16:00:00,2021-06-03 16:00:00,365,1
982,2021-06-03 16:00:00,Neural Network,16,1.4090470779559192,1.2703461757899772,2020-06-03 16:00:00,2021-06-03 16:00:00,2021-06-03 16:00:00,365,1
983,2021-06-03 16:00:00,Naive,16,1.4090470779559192,1.1079660661245958,2020-06-03 16:00:00,2021-06-03 16:00:00,2021-06-03 16:00:00,365,1
984,2021-06-04 16:00:00,Decision Tree,16,1.4418669783481193,1.6863540231747287,2020-06-04 16:00:00,2021-06-04 16:00:00,2021-06-04 16:00:00,365,1
985,2021-06-04 16:00:00,Random Forest,16,1.4418669783481193,1.5604493080198591,2020-06-04 16:00:00,2021-06-04 16:00:00,2021-06-04 16:00:00,365,1
986,2021-06-04 16:00:00,Neural Network,16,1.4418669783481193,1.4843209919593168,2020-06-04 16:00:00,2021-06-04 16:00:00,2021-06-04 16:00:00,365,1
987,2021-06-04 16:00:00,Naive,16,1.4418669783481193,1.4090470779559192,2020-06-04 16:00:00,2021-06-04 16:00:00,2021-06-04 16:00:00,365,1
988,2021-06-05 16:00:00,Decision Tree,16,1.0312342983641203,1.213373280111752,2020-06-05 16:00:00,2021-06-05 16:00:00,2021-06-05 16:00:00,365,1
989,2021-06-05 16:00:00,Random Forest,16,1.0312342983641203,1.1795779089211496,2020-06-05 16:00:00,2021-06-05 16:00:00,2021-06-05 16:00:00,365,1
990,2021-06-05 16:00:00,Neural Network,16,1.0312342983641203,0.9583212881539424,2020-06-05 16:00:00,2021-06-05 16:00:00,2021-06-05 16:00:00,365,1
991,2021-06-05 16:00:00,Naive,16,1.0312342983641203,1.4418669783481193,2020-06-05 16:00:00,2021-06-05 16:00:00,2021-06-05 16:00:00,365,1
992,2021-06-06 16:00:00,Decision Tree,16,0.824524662502161,0.9372538491276577,2020-06-06 16:00:00,2021-06-06 16:00:00,2021-06-06 16:00:00,365,1
993,2021-06-06 16:00:00,Random Forest,16,0.824524662502161,0.9213653690818323,2020-06-06 16:00:00,2021-06-06 16:00:00,2021-06-06 16:00:00,365,1
994,2021-06-06 16:00:00,Neural Network,16,0.824524662502161,0.7995790671355518,2020-06-06 16:00:00,2021-06-06 16:00:00,2021-06-06 16:00:00,365,1
995,2021-06-06 16:00:00,Naive,16,0.824524662502161,1.0312342983641203,2020-06-06 16:00:00,2021-06-06 16:00:00,2021-06-06 16:00:00,365,1
996,2021-06-07 16:00:00,Decision Tree,16,1.6969849603450178,1.978544497588388,2020-06-07 16:00:00,2021-06-07 16:00:00,2021-06-07 16:00:00,365,1
997,2021-06-07 16:00:00,Random Forest,16,1.6969849603450178,1.9521376980639615,2020-06-07 16:00:00,2021-06-07 16:00:00,2021-06-07 16:00:00,365,1
998,2021-06-07 16:00:00,Neural Network,16,1.6969849603450178,1.804156481038952,2020-06-07 16:00:00,2021-06-07 16:00:00,2021-06-07 16:00:00,365,1
999,2021-06-07 16:00:00,Naive,16,1.6969849603450178,0.824524662502161,2020-06-07 16:00:00,2021-06-07 16:00:00,2021-06-07 16:00:00,365,1
1000,2021-06-08 16:00:00,Decision Tree,16,1.6292951865451641,1.6881258460364437,2020-06-08 16:00:00,2021-06-08 16:00:00,2021-06-08 16:00:00,365,1
1001,2021-06-08 16:00:00,Random Forest,16,1.6292951865451641,1.743823181279903,2020-06-08 16:00:00,2021-06-08 16:00:00,2021-06-08 16:00:00,365,1
1002,2021-06-08 16:00:00,Neural Network,16,1.6292951865451641,1.8174447884399971,2020-06-08 16:00:00,2021-06-08 16:00:00,2021-06-08 16:00:00,365,1
1003,2021-06-08 16:00:00,Naive,16,1.6292951865451641,1.6969849603450178,2020-06-08 16:00:00,2021-06-08 16:00:00,2021-06-08 16:00:00,365,1
1004,2021-06-09 16:00:00,Decision Tree,16,1.5776867212068402,1.7085421267135072,2020-06-09 16:00:00,2021-06-09 16:00:00,2021-06-09 16:00:00,365,1
1005,2021-06-09 16:00:00,Random Forest,16,1.5776867212068402,1.6851008221032706,2020-06-09 16:00:00,2021-06-09 16:00:00,2021-06-09 16:00:00,365,1
1006,2021-06-09 16:00:00,Neural Network,16,1.5776867212068402,1.9001449214659942,2020-06-09 16:00:00,2021-06-09 16:00:00,2021-06-09 16:00:00,365,1
1007,2021-06-09 16:00:00,Naive,16,1.5776867212068402,1.6292951865451641,2020-06-09 16:00:00,2021-06-09 16:00:00,2021-06-09 16:00:00,365,1
1008,2021-06-10 16:00:00,Decision Tree,16,1.5486815092958168,1.666967122996333,2020-06-10 16:00:00,2021-06-10 16:00:00,2021-06-10 16:00:00,365,1
1009,2021-06-10 16:00:00,Random Forest,16,1.5486815092958168,1.6353196363238576,2020-06-10 16:00:00,2021-06-10 16:00:00,2021-06-10 16:00:00,365,1
1010,2021-06-10 16:00:00,Neural Network,16,1.5486815092958168,1.764304372730229,2020-06-10 16:00:00,2021-06-10 16:00:00,2021-06-10 16:00:00,365,1
1011,2021-06-10 16:00:00,Naive,16,1.5486815092958168,1.5776867212068402,2020-06-10 16:00:00,2021-06-10 16:00:00,2021-06-10 16:00:00,365,1
1012,2021-06-11 16:00:00,Decision Tree,16,1.4342332205455748,1.6538242770296092,2020-06-11 16:00:00,2021-06-11 16:00:00,2021-06-11 16:00:00,365,1
1013,2021-06-11 16:00:00,Random Forest,16,1.4342332205455748,1.5568450066025028,2020-06-11 16:00:00,2021-06-11 16:00:00,2021-06-11 16:00:00,365,1
1014,2021-06-11 16:00:00,Neural Network,16,1.4342332205455748,1.365383963138178,2020-06-11 16:00:00,2021-06-11 16:00:00,2021-06-11 16:00:00,365,1
1015,2021-06-11 16:00:00,Naive,16,1.4342332205455748,1.5486815092958168,2020-06-11 16:00:00,2021-06-11 16:00:00,2021-06-11 16:00:00,365,1
1016,2021-06-12 16:00:00,Decision Tree,16,-1.8771707796713684,-2.2454988008618044,2020-06-12 16:00:00,2021-06-12 16:00:00,2021-06-12 16:00:00,365,1
1017,2021-06-12 16:00:00,Random Forest,16,-1.8771707796713684,-2.0559497232120094,2020-06-12 16:00:00,2021-06-12 16:00:00,2021-06-12 16:00:00,365,1
1018,2021-06-12 16:00:00,Neural Network,16,-1.8771707796713684,-1.9883629718935854,2020-06-12 16:00:00,2021-06-12 16:00:00,2021-06-12 16:00:00,365,1
1019,2021-06-12 16:00:00,Naive,16,-1.8771707796713684,1.4342332205455748,2020-06-12 16:00:00,2021-06-12 16:00:00,2021-06-12 16:00:00,365,1
1020,2021-06-13 16:00:00,Decision Tree,16,-1.6394462304349449,-1.8393496239377278,2020-06-13 16:00:00,2021-06-13 16:00:00,2021-06-13 16:00:00,365,1
1021,2021-06-13 16:00:00,Random Forest,16,-1.6394462304349449,-1.7134528961323634,2020-06-13 16:00:00,2021-06-13 16:00:00,2021-06-13 16:00:00,365,1
1022,2021-06-13 16:00:00,Neural Network,16,-1.6394462304349449,-1.6241904735672683,2020-06-13 16:00:00,2021-06-13 16:00:00,2021-06-13 16:00:00,365,1
1023,2021-06-13 16:00:00,Naive,16,-1.6394462304349449,-1.8771707796713684,2020-06-13 16:00:00,2021-06-13 16:00:00,2021-06-13 16:00:00,365,1
1024,2021-06-14 16:00:00,Decision Tree,16,1.4569111932015884,1.6548268445300673,2020-06-14 16:00:00,2021-06-14 16:00:00,2021-06-14 16:00:00,365,1
1025,2021-06-14 16:00:00,Random Forest,16,1.4569111932015884,1.5395166115953185,2020-06-14 16:00:00,2021-06-14 16:00:00,2021-06-14 16:00:00,365,1
1026,2021-06-14 16:00:00,Neural Network,16,1.4569111932015884,1.5193419397042094,2020-06-14 16:00:00,2021-06-14 16:00:00,2021-06-14 16:00:00,365,1
1027,2021-06-14 16:00:00,Naive,16,1.4569111932015884,-1.6394462304349449,2020-06-14 16:00:00,2021-06-14 16:00:00,2021-06-14 16:00:00,365,1
1028,2021-06-15 16:00:00,Decision Tree,16,1.7152435899373555,1.9785444975883884,2020-06-15 16:00:00,2021-06-15 16:00:00,2021-06-15 16:00:00,365,1
1029,2021-06-15 16:00:00,Random Forest,16,1.7152435899373555,1.9124056451299516,2020-06-15 16:00:00,2021-06-15 16:00:00,2021-06-15 16:00:00,365,1
1030,2021-06-15 16:00:00,Neural Network,16,1.7152435899373555,2.0332295026433487,2020-06-15 16:00:00,2021-06-15 16:00:00,2021-06-15 16:00:00,365,1
1031,2021-06-15 16:00:00,Naive,16,1.7152435899373555,1.4569111932015884,2020-06-15 16:00:00,2021-06-15 16:00:00,2021-06-15 16:00:00,365,1
1032,2021-06-16 16:00:00,Decision Tree,16,1.847648980694989,1.992196046917219,2020-06-16 16:00:00,2021-06-16 16:00:00,2021-06-16 16:00:00,365,1
1033,2021-06-16 16:00:00,Random Forest,16,1.847648980694989,1.982762621660769,2020-06-16 16:00:00,2021-06-16 16:00:00,2021-06-16 16:00:00,365,1
1034,2021-06-16 16:00:00,Neural Network,16,1.847648980694989,2.116479764740957,2020-06-16 16:00:00,2021-06-16 16:00:00,2021-06-16 16:00:00,365,1
1035,2021-06-16 16:00:00,Naive,16,1.847648980694989,1.7152435899373555,2020-06-16 16:00:00,2021-06-16 16:00:00,2021-06-16 16:00:00,365,1
1036,2021-06-17 16:00:00,Decision Tree,16,1.4980554779415611,1.7636448651486323,2020-06-17 16:00:00,2021-06-17 16:00:00,2021-06-17 16:00:00,365,1
1037,2021-06-17 16:00:00,Random Forest,16,1.4980554779415611,1.5954787168681501,2020-06-17 16:00:00,2021-06-17 16:00:00,2021-06-17 16:00:00,365,1
1038,2021-06-17 16:00:00,Neural Network,16,1.4980554779415611,1.675608405050006,2020-06-17 16:00:00,2021-06-17 16:00:00,2021-06-17 16:00:00,365,1
1039,2021-06-17 16:00:00,Naive,16,1.4980554779415611,1.847648980694989,2020-06-17 16:00:00,2021-06-17 16:00:00,2021-06-17 16:00:00,365,1
1040,2021-06-18 16:00:00,Decision Tree,16,1.3688169138514428,1.4166975332709937,2020-06-18 16:00:00,2021-06-18 16:00:00,2021-06-18 16:00:00,365,1
1041,2021-06-18 16:00:00,Random Forest,16,1.3688169138514428,1.4599294773413736,2020-06-18 16:00:00,2021-06-18 16:00:00,2021-06-18 16:00:00,365,1
1042,2021-06-18 16:00:00,Neural Network,16,1.3688169138514428,1.4511784167754906,2020-06-18 16:00:00,2021-06-18 16:00:00,2021-06-18 16:00:00,365,1
1043,2021-06-18 16:00:00,Naive,16,1.3688169138514428,1.4980554779415611,2020-06-18 16:00:00,2021-06-18 16:00:00,2021-06-18 16:00:00,365,1
1044,2021-06-19 16:00:00,Decision Tree,16,1.2551878135654024,1.3922358067989298,2020-06-19 16:00:00,2021-06-19 16:00:00,2021-06-19 16:00:00,365,1
1045,2021-06-19 16:00:00,Random Forest,16,1.2551878135654024,1.37287074611642,2020-06-19 16:00:00,2021-06-19 16:00:00,2021-06-19 16:00:00,365,1
1046,2021-06-19 16:00:00,Neural Network,16,1.2551878135654024,0.9702868749327789,2020-06-19 16:00:00,2021-06-19 16:00:00,2021-06-19 16:00:00,365,1
1047,2021-06-19 16:00:00,Naive,16,1.2551878135654024,1.3688169138514428,2020-06-19 16:00:00,2021-06-19 16:00:00,2021-06-19 16:00:00,365,1
1048,2021-06-20 16:00:00,Decision Tree,16,0.6548548545521822,0.753300243168184,2020-06-20 16:00:00,2021-06-20 16:00:00,2021-06-20 16:00:00,365,1
1049,2021-06-20 16:00:00,Random Forest,16,0.6548548545521822,0.7820421705731972,2020-06-20 16:00:00,2021-06-20 16:00:00,2021-06-20 16:00:00,365,1
1050,2021-06-20 16:00:00,Neural Network,16,0.6548548545521822,0.6355850179360985,2020-06-20 16:00:00,2021-06-20 16:00:00,2021-06-20 16:00:00,365,1
1051,2021-06-20 16:00:00,Naive,16,0.6548548545521822,1.2551878135654024,2020-06-20 16:00:00,2021-06-20 16:00:00,2021-06-20 16:00:00,365,1
1052,2021-06-21 16:00:00,Decision Tree,16,1.604833310161029,1.593705813152144,2020-06-21 16:00:00,2021-06-21 16:00:00,2021-06-21 16:00:00,365,1
1053,2021-06-21 16:00:00,Random Forest,16,1.604833310161029,1.6513914338147002,2020-06-21 16:00:00,2021-06-21 16:00:00,2021-06-21 16:00:00,365,1
1054,2021-06-21 16:00:00,Neural Network,16,1.604833310161029,1.743729764371204,2020-06-21 16:00:00,2021-06-21 16:00:00,2021-06-21 16:00:00,365,1
1055,2021-06-21 16:00:00,Naive,16,1.604833310161029,0.6548548545521822,2020-06-21 16:00:00,2021-06-21 16:00:00,2021-06-21 16:00:00,365,1
1056,2021-06-22 16:00:00,Decision Tree,16,1.7640997731685726,1.968104869213514,2020-06-22 16:00:00,2021-06-22 16:00:00,2021-06-22 16:00:00,365,1
1057,2021-06-22 16:00:00,Random Forest,16,1.7640997731685726,1.9098859696952046,2020-06-22 16:00:00,2021-06-22 16:00:00,2021-06-22 16:00:00,365,1
1058,2021-06-22 16:00:00,Neural Network,16,1.7640997731685726,1.8594454487233203,2020-06-22 16:00:00,2021-06-22 16:00:00,2021-06-22 16:00:00,365,1
1059,2021-06-22 16:00:00,Naive,16,1.7640997731685726,1.604833310161029,2020-06-22 16:00:00,2021-06-22 16:00:00,2021-06-22 16:00:00,365,1
1060,2021-06-23 16:00:00,Decision Tree,16,1.7852664980260198,1.9109177032590274,2020-06-23 16:00:00,2021-06-23 16:00:00,2021-06-23 16:00:00,365,1
1061,2021-06-23 16:00:00,Random Forest,16,1.7852664980260198,1.8857062811265557,2020-06-23 16:00:00,2021-06-23 16:00:00,2021-06-23 16:00:00,365,1
1062,2021-06-23 16:00:00,Neural Network,16,1.7852664980260198,0.9016020386570505,2020-06-23 16:00:00,2021-06-23 16:00:00,2021-06-23 16:00:00,365,1
1063,2021-06-23 16:00:00,Naive,16,1.7852664980260198,1.7640997731685726,2020-06-23 16:00:00,2021-06-23 16:00:00,2021-06-23 16:00:00,365,1
1064,2021-06-24 16:00:00,Decision Tree,16,1.8640608358504798,2.2872754128466055,2020-06-24 16:00:00,2021-06-24 16:00:00,2021-06-24 16:00:00,365,1
1065,2021-06-24 16:00:00,Random Forest,16,1.8640608358504798,2.0381253521433176,2020-06-24 16:00:00,2021-06-24 16:00:00,2021-06-24 16:00:00,365,1
1066,2021-06-24 16:00:00,Neural Network,16,1.8640608358504798,2.0400746585186353,2020-06-24 16:00:00,2021-06-24 16:00:00,2021-06-24 16:00:00,365,1
1067,2021-06-24 16:00:00,Naive,16,1.8640608358504798,1.7852664980260198,2020-06-24 16:00:00,2021-06-24 16:00:00,2021-06-24 16:00:00,365,1
1068,2021-06-25 16:00:00,Decision Tree,16,1.7016546837840822,1.7952639355354834,2020-06-25 16:00:00,2021-06-25 16:00:00,2021-06-25 16:00:00,365,1
1069,2021-06-25 16:00:00,Random Forest,16,1.7016546837840822,1.7965353996663722,2020-06-25 16:00:00,2021-06-25 16:00:00,2021-06-25 16:00:00,365,1
1070,2021-06-25 16:00:00,Neural Network,16,1.7016546837840822,1.8374387609586473,2020-06-25 16:00:00,2021-06-25 16:00:00,2021-06-25 16:00:00,365,1
1071,2021-06-25 16:00:00,Naive,16,1.7016546837840822,1.8640608358504798,2020-06-25 16:00:00,2021-06-25 16:00:00,2021-06-25 16:00:00,365,1
1072,2021-06-26 16:00:00,Decision Tree,16,1.3499813171050064,1.4210462844961238,2020-06-26 16:00:00,2021-06-26 16:00:00,2021-06-26 16:00:00,365,1
1073,2021-06-26 16:00:00,Random Forest,16,1.3499813171050064,1.4139684349510202,2020-06-26 16:00:00,2021-06-26 16:00:00,2021-06-26 16:00:00,365,1
1074,2021-06-26 16:00:00,Neural Network,16,1.3499813171050064,1.2720999762142937,2020-06-26 16:00:00,2021-06-26 16:00:00,2021-06-26 16:00:00,365,1
1075,2021-06-26 16:00:00,Naive,16,1.3499813171050064,1.7016546837840822,2020-06-26 16:00:00,2021-06-26 16:00:00,2021-06-26 16:00:00,365,1
1076,2021-06-27 16:00:00,Decision Tree,16,0.47817147110838804,0.6288277080026635,2020-06-27 16:00:00,2021-06-27 16:00:00,2021-06-27 16:00:00,365,1
1077,2021-06-27 16:00:00,Random Forest,16,0.47817147110838804,0.6380642577596268,2020-06-27 16:00:00,2021-06-27 16:00:00,2021-06-27 16:00:00,365,1
1078,2021-06-27 16:00:00,Neural Network,16,0.47817147110838804,0.5111608022740882,2020-06-27 16:00:00,2021-06-27 16:00:00,2021-06-27 16:00:00,365,1
1079,2021-06-27 16:00:00,Naive,16,0.47817147110838804,1.3499813171050064,2020-06-27 16:00:00,2021-06-27 16:00:00,2021-06-27 16:00:00,365,1
1080,2021-06-28 16:00:00,Decision Tree,16,1.8047687958444274,1.7796623935769162,2020-06-28 16:00:00,2021-06-28 16:00:00,2021-06-28 16:00:00,365,1
1081,2021-06-28 16:00:00,Random Forest,16,1.8047687958444274,1.8116909267284833,2020-06-28 16:00:00,2021-06-28 16:00:00,2021-06-28 16:00:00,365,1
1082,2021-06-28 16:00:00,Neural Network,16,1.8047687958444274,1.9540601042687626,2020-06-28 16:00:00,2021-06-28 16:00:00,2021-06-28 16:00:00,365,1
1083,2021-06-28 16:00:00,Naive,16,1.8047687958444274,0.47817147110838804,2020-06-28 16:00:00,2021-06-28 16:00:00,2021-06-28 16:00:00,365,1
1084,2021-06-29 16:00:00,Decision Tree,16,1.8802020698127946,2.2872754128466055,2020-06-29 16:00:00,2021-06-29 16:00:00,2021-06-29 16:00:00,365,1
1085,2021-06-29 16:00:00,Random Forest,16,1.8802020698127946,2.0197197444810735,2020-06-29 16:00:00,2021-06-29 16:00:00,2021-06-29 16:00:00,365,1
1086,2021-06-29 16:00:00,Neural Network,16,1.8802020698127946,1.9808570272685926,2020-06-29 16:00:00,2021-06-29 16:00:00,2021-06-29 16:00:00,365,1
1087,2021-06-29 16:00:00,Naive,16,1.8802020698127946,1.8047687958444274,2020-06-29 16:00:00,2021-06-29 16:00:00,2021-06-29 16:00:00,365,1
1088,2021-06-30 16:00:00,Decision Tree,16,1.8493974139447034,1.79536815338984,2020-06-30 16:00:00,2021-06-30 16:00:00,2021-06-30 16:00:00,365,1
1089,2021-06-30 16:00:00,Random Forest,16,1.8493974139447034,1.8555576947566377,2020-06-30 16:00:00,2021-06-30 16:00:00,2021-06-30 16:00:00,365,1
1090,2021-06-30 16:00:00,Neural Network,16,1.8493974139447034,1.9393431605994986,2020-06-30 16:00:00,2021-06-30 16:00:00,2021-06-30 16:00:00,365,1
1091,2021-06-30 16:00:00,Naive,16,1.8493974139447034,1.8802020698127946,2020-06-30 16:00:00,2021-06-30 16:00:00,2021-06-30 16:00:00,365,1
1092,2021-07-01 16:00:00,Decision Tree,16,1.8133328240117963,1.8013714045626028,2020-07-01 16:00:00,2021-07-01 16:00:00,2021-07-01 16:00:00,365,1
1093,2021-07-01 16:00:00,Random Forest,16,1.8133328240117963,1.8587182023764817,2020-07-01 16:00:00,2021-07-01 16:00:00,2021-07-01 16:00:00,365,1
1094,2021-07-01 16:00:00,Neural Network,16,1.8133328240117963,1.7194012954430447,2020-07-01 16:00:00,2021-07-01 16:00:00,2021-07-01 16:00:00,365,1
1095,2021-07-01 16:00:00,Naive,16,1.8133328240117963,1.8493974139447034,2020-07-01 16:00:00,2021-07-01 16:00:00,2021-07-01 16:00:00,365,1
1096,2021-07-02 16:00:00,Decision Tree,16,1.7464989408255334,1.7542066681520914,2020-07-02 16:00:00,2021-07-02 16:00:00,2021-07-02 16:00:00,365,1
1097,2021-07-02 16:00:00,Random Forest,16,1.7464989408255334,1.780468273948923,2020-07-02 16:00:00,2021-07-02 16:00:00,2021-07-02 16:00:00,365,1
1098,2021-07-02 16:00:00,Neural Network,16,1.7464989408255334,1.817171417031735,2020-07-02 16:00:00,2021-07-02 16:00:00,2021-07-02 16:00:00,365,1
1099,2021-07-02 16:00:00,Naive,16,1.7464989408255334,1.8133328240117963,2020-07-02 16:00:00,2021-07-02 16:00:00,2021-07-02 16:00:00,365,1
1100,2021-07-03 16:00:00,Decision Tree,16,1.576234812834237,1.571710441030082,2020-07-03 16:00:00,2021-07-03 16:00:00,2021-07-03 16:00:00,365,1
1101,2021-07-03 16:00:00,Random Forest,16,1.576234812834237,1.5873845374514466,2020-07-03 16:00:00,2021-07-03 16:00:00,2021-07-03 16:00:00,365,1
1102,2021-07-03 16:00:00,Neural Network,16,1.576234812834237,1.5745757711846058,2020-07-03 16:00:00,2021-07-03 16:00:00,2021-07-03 16:00:00,365,1
1103,2021-07-03 16:00:00,Naive,16,1.576234812834237,1.7464989408255334,2020-07-03 16:00:00,2021-07-03 16:00:00,2021-07-03 16:00:00,365,1
1104,2021-07-04 16:00:00,Decision Tree,16,1.6156472496230225,1.6853744209563137,2020-07-04 16:00:00,2021-07-04 16:00:00,2021-07-04 16:00:00,365,1
1105,2021-07-04 16:00:00,Random Forest,16,1.6156472496230225,1.666700201408943,2020-07-04 16:00:00,2021-07-04 16:00:00,2021-07-04 16:00:00,365,1
1106,2021-07-04 16:00:00,Neural Network,16,1.6156472496230225,1.5326415017289061,2020-07-04 16:00:00,2021-07-04 16:00:00,2021-07-04 16:00:00,365,1
1107,2021-07-04 16:00:00,Naive,16,1.6156472496230225,1.576234812834237,2020-07-04 16:00:00,2021-07-04 16:00:00,2021-07-04 16:00:00,365,1
1108,2021-07-05 16:00:00,Decision Tree,16,1.836132339977158,1.8432351533598652,2020-07-05 16:00:00,2021-07-05 16:00:00,2021-07-05 16:00:00,365,1
1109,2021-07-05 16:00:00,Random Forest,16,1.836132339977158,1.8353010326848653,2020-07-05 16:00:00,2021-07-05 16:00:00,2021-07-05 16:00:00,365,1
1110,2021-07-05 16:00:00,Neural Network,16,1.836132339977158,1.9088739306388363,2020-07-05 16:00:00,2021-07-05 16:00:00,2021-07-05 16:00:00,365,1
1111,2021-07-05 16:00:00,Naive,16,1.836132339977158,1.6156472496230225,2020-07-05 16:00:00,2021-07-05 16:00:00,2021-07-05 16:00:00,365,1
1112,2021-07-06 16:00:00,Decision Tree,16,1.382823373058524,1.4121631635722345,2020-07-06 16:00:00,2021-07-06 16:00:00,2021-07-06 16:00:00,365,1
1113,2021-07-06 16:00:00,Random Forest,16,1.382823373058524,1.4960053229862373,2020-07-06 16:00:00,2021-07-06 16:00:00,2021-07-06 16:00:00,365,1
1114,2021-07-06 16:00:00,Neural Network,16,1.382823373058524,1.3496368507010903,2020-07-06 16:00:00,2021-07-06 16:00:00,2021-07-06 16:00:00,365,1
1115,2021-07-06 16:00:00,Naive,16,1.382823373058524,1.836132339977158,2020-07-06 16:00:00,2021-07-06 16:00:00,2021-07-06 16:00:00,365,1
1116,2021-07-07 16:00:00,Decision Tree,16,1.9761686203003672,2.2872754128466055,2020-07-07 16:00:00,2021-07-07 16:00:00,2021-07-07 16:00:00,365,1
1117,2021-07-07 16:00:00,Random Forest,16,1.9761686203003672,2.086633170439418,2020-07-07 16:00:00,2021-07-07 16:00:00,2021-07-07 16:00:00,365,1
1118,2021-07-07 16:00:00,Neural Network,16,1.9761686203003672,2.1720184036967383,2020-07-07 16:00:00,2021-07-07 16:00:00,2021-07-07 16:00:00,365,1
1119,2021-07-07 16:00:00,Naive,16,1.9761686203003672,1.382823373058524,2020-07-07 16:00:00,2021-07-07 16:00:00,2021-07-07 16:00:00,365,1
1120,2021-07-08 16:00:00,Decision Tree,16,2.2693287704612497,2.235424280755565,2020-07-08 16:00:00,2021-07-08 16:00:00,2021-07-08 16:00:00,365,1
1121,2021-07-08 16:00:00,Random Forest,16,2.2693287704612497,2.041990726257073,2020-07-08 16:00:00,2021-07-08 16:00:00,2021-07-08 16:00:00,365,1
1122,2021-07-08 16:00:00,Neural Network,16,2.2693287704612497,2.6355130341741697,2020-07-08 16:00:00,2021-07-08 16:00:00,2021-07-08 16:00:00,365,1
1123,2021-07-08 16:00:00,Naive,16,2.2693287704612497,1.9761686203003672,2020-07-08 16:00:00,2021-07-08 16:00:00,2021-07-08 16:00:00,365,1
1124,2021-07-09 16:00:00,Decision Tree,16,1.7102516148258218,1.742552697148313,2020-07-09 16:00:00,2021-07-09 16:00:00,2021-07-09 16:00:00,365,1
1125,2021-07-09 16:00:00,Random Forest,16,1.7102516148258218,1.781570330018695,2020-07-09 16:00:00,2021-07-09 16:00:00,2021-07-09 16:00:00,365,1
1126,2021-07-09 16:00:00,Neural Network,16,1.7102516148258218,1.7161931723627197,2020-07-09 16:00:00,2021-07-09 16:00:00,2021-07-09 16:00:00,365,1
1127,2021-07-09 16:00:00,Naive,16,1.7102516148258218,2.2693287704612497,2020-07-09 16:00:00,2021-07-09 16:00:00,2021-07-09 16:00:00,365,1
1128,2021-07-10 16:00:00,Decision Tree,16,1.4890110268386174,1.575437058852968,2020-07-10 16:00:00,2021-07-10 16:00:00,2021-07-10 16:00:00,365,1
1129,2021-07-10 16:00:00,Random Forest,16,1.4890110268386174,1.6018068163554091,2020-07-10 16:00:00,2021-07-10 16:00:00,2021-07-10 16:00:00,365,1
1130,2021-07-10 16:00:00,Neural Network,16,1.4890110268386174,1.4653209042432556,2020-07-10 16:00:00,2021-07-10 16:00:00,2021-07-10 16:00:00,365,1
1131,2021-07-10 16:00:00,Naive,16,1.4890110268386174,1.7102516148258218,2020-07-10 16:00:00,2021-07-10 16:00:00,2021-07-10 16:00:00,365,1
1132,2021-07-11 16:00:00,Decision Tree,16,1.3521785933684032,1.4184079574312416,2020-07-11 16:00:00,2021-07-11 16:00:00,2021-07-11 16:00:00,365,1
1133,2021-07-11 16:00:00,Random Forest,16,1.3521785933684032,1.417955576140536,2020-07-11 16:00:00,2021-07-11 16:00:00,2021-07-11 16:00:00,365,1
1134,2021-07-11 16:00:00,Neural Network,16,1.3521785933684032,1.4235708152657285,2020-07-11 16:00:00,2021-07-11 16:00:00,2021-07-11 16:00:00,365,1
1135,2021-07-11 16:00:00,Naive,16,1.3521785933684032,1.4890110268386174,2020-07-11 16:00:00,2021-07-11 16:00:00,2021-07-11 16:00:00,365,1
1136,2021-07-12 16:00:00,Decision Tree,16,1.8810056852068384,2.2402677792849492,2020-07-12 16:00:00,2021-07-12 16:00:00,2021-07-12 16:00:00,365,1
1137,2021-07-12 16:00:00,Random Forest,16,1.8810056852068384,2.011815481363296,2020-07-12 16:00:00,2021-07-12 16:00:00,2021-07-12 16:00:00,365,1
1138,2021-07-12 16:00:00,Neural Network,16,1.8810056852068384,2.0389637550677726,2020-07-12 16:00:00,2021-07-12 16:00:00,2021-07-12 16:00:00,365,1
1139,2021-07-12 16:00:00,Naive,16,1.8810056852068384,1.3521785933684032,2020-07-12 16:00:00,2021-07-12 16:00:00,2021-07-12 16:00:00,365,1
1140,2021-07-13 16:00:00,Decision Tree,16,1.8830063764840532,1.8470686181678984,2020-07-13 16:00:00,2021-07-13 16:00:00,2021-07-13 16:00:00,365,1
1141,2021-07-13 16:00:00,Random Forest,16,1.8830063764840532,1.9361227260903078,2020-07-13 16:00:00,2021-07-13 16:00:00,2021-07-13 16:00:00,365,1
1142,2021-07-13 16:00:00,Neural Network,16,1.8830063764840532,2.0585912093804537,2020-07-13 16:00:00,2021-07-13 16:00:00,2021-07-13 16:00:00,365,1
1143,2021-07-13 16:00:00,Naive,16,1.8830063764840532,1.8810056852068384,2020-07-13 16:00:00,2021-07-13 16:00:00,2021-07-13 16:00:00,365,1
1144,2021-07-14 16:00:00,Decision Tree,16,1.4337865870241986,1.6718181358359814,2020-07-14 16:00:00,2021-07-14 16:00:00,2021-07-14 16:00:00,365,1
1145,2021-07-14 16:00:00,Random Forest,16,1.4337865870241986,1.5999076617836785,2020-07-14 16:00:00,2021-07-14 16:00:00,2021-07-14 16:00:00,365,1
1146,2021-07-14 16:00:00,Neural Network,16,1.4337865870241986,1.43959093250561,2020-07-14 16:00:00,2021-07-14 16:00:00,2021-07-14 16:00:00,365,1
1147,2021-07-14 16:00:00,Naive,16,1.4337865870241986,1.8830063764840532,2020-07-14 16:00:00,2021-07-14 16:00:00,2021-07-14 16:00:00,365,1
1148,2021-07-15 16:00:00,Decision Tree,16,1.6003333917785734,1.7371691834278975,2020-07-15 16:00:00,2021-07-15 16:00:00,2021-07-15 16:00:00,365,1
1149,2021-07-15 16:00:00,Random Forest,16,1.6003333917785734,1.7494712258101148,2020-07-15 16:00:00,2021-07-15 16:00:00,2021-07-15 16:00:00,365,1
1150,2021-07-15 16:00:00,Neural Network,16,1.6003333917785734,1.5873590759105047,2020-07-15 16:00:00,2021-07-15 16:00:00,2021-07-15 16:00:00,365,1
1151,2021-07-15 16:00:00,Naive,16,1.6003333917785734,1.4337865870241986,2020-07-15 16:00:00,2021-07-15 16:00:00,2021-07-15 16:00:00,365,1
1152,2021-07-16 16:00:00,Decision Tree,16,1.429540765576388,1.5444058369155418,2020-07-16 16:00:00,2021-07-16 16:00:00,2021-07-16 16:00:00,365,1
1153,2021-07-16 16:00:00,Random Forest,16,1.429540765576388,1.4910642445637965,2020-07-16 16:00:00,2021-07-16 16:00:00,2021-07-16 16:00:00,365,1
1154,2021-07-16 16:00:00,Neural Network,16,1.429540765576388,1.4354519747455199,2020-07-16 16:00:00,2021-07-16 16:00:00,2021-07-16 16:00:00,365,1
1155,2021-07-16 16:00:00,Naive,16,1.429540765576388,1.6003333917785734,2020-07-16 16:00:00,2021-07-16 16:00:00,2021-07-16 16:00:00,365,1
1156,2021-07-17 16:00:00,Decision Tree,16,-0.48710661796862625,-0.4962742165337177,2020-07-17 16:00:00,2021-07-17 16:00:00,2021-07-17 16:00:00,365,1
1157,2021-07-17 16:00:00,Random Forest,16,-0.48710661796862625,-0.4846671310587635,2020-07-17 16:00:00,2021-07-17 16:00:00,2021-07-17 16:00:00,365,1
1158,2021-07-17 16:00:00,Neural Network,16,-0.48710661796862625,-0.3651268915522605,2020-07-17 16:00:00,2021-07-17 16:00:00,2021-07-17 16:00:00,365,1
1159,2021-07-17 16:00:00,Naive,16,-0.48710661796862625,1.429540765576388,2020-07-17 16:00:00,2021-07-17 16:00:00,2021-07-17 16:00:00,365,1
1160,2021-07-18 16:00:00,Decision Tree,16,-1.5283200834958994,-1.650083595335315,2020-07-18 16:00:00,2021-07-18 16:00:00,2021-07-18 16:00:00,365,1
1161,2021-07-18 16:00:00,Random Forest,16,-1.5283200834958994,-1.6457513564353352,2020-07-18 16:00:00,2021-07-18 16:00:00,2021-07-18 16:00:00,365,1
1162,2021-07-18 16:00:00,Neural Network,16,-1.5283200834958994,-1.5514834447813666,2020-07-18 16:00:00,2021-07-18 16:00:00,2021-07-18 16:00:00,365,1
1163,2021-07-18 16:00:00,Naive,16,-1.5283200834958994,-0.48710661796862625,2020-07-18 16:00:00,2021-07-18 16:00:00,2021-07-18 16:00:00,365,1
1164,2021-07-19 16:00:00,Decision Tree,16,1.7422948644886898,1.820082902504387,2020-07-19 16:00:00,2021-07-19 16:00:00,2021-07-19 16:00:00,365,1
1165,2021-07-19 16:00:00,Random Forest,16,1.7422948644886898,1.8141642398960134,2020-07-19 16:00:00,2021-07-19 16:00:00,2021-07-19 16:00:00,365,1
1166,2021-07-19 16:00:00,Neural Network,16,1.7422948644886898,1.8086626067594058,2020-07-19 16:00:00,2021-07-19 16:00:00,2021-07-19 16:00:00,365,1
1167,2021-07-19 16:00:00,Naive,16,1.7422948644886898,-1.5283200834958994,2020-07-19 16:00:00,2021-07-19 16:00:00,2021-07-19 16:00:00,365,1
1168,2021-07-20 16:00:00,Decision Tree,16,1.636263933520743,1.7588145378244053,2020-07-20 16:00:00,2021-07-20 16:00:00,2021-07-20 16:00:00,365,1
1169,2021-07-20 16:00:00,Random Forest,16,1.636263933520743,1.7139308313292834,2020-07-20 16:00:00,2021-07-20 16:00:00,2021-07-20 16:00:00,365,1
1170,2021-07-20 16:00:00,Neural Network,16,1.636263933520743,1.7574186378574377,2020-07-20 16:00:00,2021-07-20 16:00:00,2021-07-20 16:00:00,365,1
1171,2021-07-20 16:00:00,Naive,16,1.636263933520743,1.7422948644886898,2020-07-20 16:00:00,2021-07-20 16:00:00,2021-07-20 16:00:00,365,1
1172,2021-07-21 16:00:00,Decision Tree,16,1.6805543203413182,1.6964163610232124,2020-07-21 16:00:00,2021-07-21 16:00:00,2021-07-21 16:00:00,365,1
1173,2021-07-21 16:00:00,Random Forest,16,1.6805543203413182,1.7469480141902738,2020-07-21 16:00:00,2021-07-21 16:00:00,2021-07-21 16:00:00,365,1
1174,2021-07-21 16:00:00,Neural Network,16,1.6805543203413182,1.8218028756455575,2020-07-21 16:00:00,2021-07-21 16:00:00,2021-07-21 16:00:00,365,1
1175,2021-07-21 16:00:00,Naive,16,1.6805543203413182,1.636263933520743,2020-07-21 16:00:00,2021-07-21 16:00:00,2021-07-21 16:00:00,365,1
1176,2021-07-22 16:00:00,Decision Tree,16,1.61929659266551,1.6946539120585575,2020-07-22 16:00:00,2021-07-22 16:00:00,2021-07-22 16:00:00,365,1
1177,2021-07-22 16:00:00,Random Forest,16,1.61929659266551,1.6715378606529026,2020-07-22 16:00:00,2021-07-22 16:00:00,2021-07-22 16:00:00,365,1
1178,2021-07-22 16:00:00,Neural Network,16,1.61929659266551,1.7132906981346825,2020-07-22 16:00:00,2021-07-22 16:00:00,2021-07-22 16:00:00,365,1
1179,2021-07-22 16:00:00,Naive,16,1.61929659266551,1.6805543203413182,2020-07-22 16:00:00,2021-07-22 16:00:00,2021-07-22 16:00:00,365,1
1180,2021-07-23 16:00:00,Decision Tree,16,1.523935574338951,1.5219214241318633,2020-07-23 16:00:00,2021-07-23 16:00:00,2021-07-23 16:00:00,365,1
1181,2021-07-23 16:00:00,Random Forest,16,1.523935574338951,1.5818446456510837,2020-07-23 16:00:00,2021-07-23 16:00:00,2021-07-23 16:00:00,365,1
1182,2021-07-23 16:00:00,Neural Network,16,1.523935574338951,1.6093777780201113,2020-07-23 16:00:00,2021-07-23 16:00:00,2021-07-23 16:00:00,365,1
1183,2021-07-23 16:00:00,Naive,16,1.523935574338951,1.61929659266551,2020-07-23 16:00:00,2021-07-23 16:00:00,2021-07-23 16:00:00,365,1
1184,2021-07-24 16:00:00,Decision Tree,16,1.3448383243043642,1.4823132835459727,2020-07-24 16:00:00,2021-07-24 16:00:00,2021-07-24 16:00:00,365,1
1185,2021-07-24 16:00:00,Random Forest,16,1.3448383243043642,1.4373691262710038,2020-07-24 16:00:00,2021-07-24 16:00:00,2021-07-24 16:00:00,365,1
1186,2021-07-24 16:00:00,Neural Network,16,1.3448383243043642,1.1854280709729301,2020-07-24 16:00:00,2021-07-24 16:00:00,2021-07-24 16:00:00,365,1
1187,2021-07-24 16:00:00,Naive,16,1.3448383243043642,1.523935574338951,2020-07-24 16:00:00,2021-07-24 16:00:00,2021-07-24 16:00:00,365,1
1188,2021-07-25 16:00:00,Decision Tree,16,0.6368661992196664,0.8834899943533008,2020-07-25 16:00:00,2021-07-25 16:00:00,2021-07-25 16:00:00,365,1
1189,2021-07-25 16:00:00,Random Forest,16,0.6368661992196664,0.853251837980397,2020-07-25 16:00:00,2021-07-25 16:00:00,2021-07-25 16:00:00,365,1
1190,2021-07-25 16:00:00,Neural Network,16,0.6368661992196664,0.7417912028293685,2020-07-25 16:00:00,2021-07-25 16:00:00,2021-07-25 16:00:00,365,1
1191,2021-07-25 16:00:00,Naive,16,0.6368661992196664,1.3448383243043642,2020-07-25 16:00:00,2021-07-25 16:00:00,2021-07-25 16:00:00,365,1
1192,2021-07-26 16:00:00,Decision Tree,16,1.6893622275278937,1.7986623926131844,2020-07-26 16:00:00,2021-07-26 16:00:00,2021-07-26 16:00:00,365,1
1193,2021-07-26 16:00:00,Random Forest,16,1.6893622275278937,1.7677558971690717,2020-07-26 16:00:00,2021-07-26 16:00:00,2021-07-26 16:00:00,365,1
1194,2021-07-26 16:00:00,Neural Network,16,1.6893622275278937,1.7352285492580046,2020-07-26 16:00:00,2021-07-26 16:00:00,2021-07-26 16:00:00,365,1
1195,2021-07-26 16:00:00,Naive,16,1.6893622275278937,0.6368661992196664,2020-07-26 16:00:00,2021-07-26 16:00:00,2021-07-26 16:00:00,365,1
1196,2021-07-27 16:00:00,Decision Tree,16,1.6729703512696132,1.718153375337828,2020-07-27 16:00:00,2021-07-27 16:00:00,2021-07-27 16:00:00,365,1
1197,2021-07-27 16:00:00,Random Forest,16,1.6729703512696132,1.7055712208555396,2020-07-27 16:00:00,2021-07-27 16:00:00,2021-07-27 16:00:00,365,1
1198,2021-07-27 16:00:00,Neural Network,16,1.6729703512696132,1.7459127814625823,2020-07-27 16:00:00,2021-07-27 16:00:00,2021-07-27 16:00:00,365,1
1199,2021-07-27 16:00:00,Naive,16,1.6729703512696132,1.6893622275278937,2020-07-27 16:00:00,2021-07-27 16:00:00,2021-07-27 16:00:00,365,1
1200,2021-07-28 16:00:00,Decision Tree,16,0.8465410477475991,1.1311834403153822,2020-07-28 16:00:00,2021-07-28 16:00:00,2021-07-28 16:00:00,365,1
1201,2021-07-28 16:00:00,Random Forest,16,0.8465410477475991,1.1163279295934683,2020-07-28 16:00:00,2021-07-28 16:00:00,2021-07-28 16:00:00,365,1
1202,2021-07-28 16:00:00,Neural Network,16,0.8465410477475991,0.8556728762371577,2020-07-28 16:00:00,2021-07-28 16:00:00,2021-07-28 16:00:00,365,1
1203,2021-07-28 16:00:00,Naive,16,0.8465410477475991,1.6729703512696132,2020-07-28 16:00:00,2021-07-28 16:00:00,2021-07-28 16:00:00,365,1
1204,2021-07-29 16:00:00,Decision Tree,16,-1.505485906676389,-1.572371856442754,2020-07-29 16:00:00,2021-07-29 16:00:00,2021-07-29 16:00:00,365,1
1205,2021-07-29 16:00:00,Random Forest,16,-1.505485906676389,-1.608557367161241,2020-07-29 16:00:00,2021-07-29 16:00:00,2021-07-29 16:00:00,365,1
1206,2021-07-29 16:00:00,Neural Network,16,-1.505485906676389,-1.4376233831055132,2020-07-29 16:00:00,2021-07-29 16:00:00,2021-07-29 16:00:00,365,1
1207,2021-07-29 16:00:00,Naive,16,-1.505485906676389,0.8465410477475991,2020-07-29 16:00:00,2021-07-29 16:00:00,2021-07-29 16:00:00,365,1
1208,2021-07-30 16:00:00,Decision Tree,16,0.4903057181082545,0.7275035591672928,2020-07-30 16:00:00,2021-07-30 16:00:00,2021-07-30 16:00:00,365,1
1209,2021-07-30 16:00:00,Random Forest,16,0.4903057181082545,0.7224743465165674,2020-07-30 16:00:00,2021-07-30 16:00:00,2021-07-30 16:00:00,365,1
1210,2021-07-30 16:00:00,Neural Network,16,0.4903057181082545,0.4750467599668166,2020-07-30 16:00:00,2021-07-30 16:00:00,2021-07-30 16:00:00,365,1
1211,2021-07-30 16:00:00,Naive,16,0.4903057181082545,-1.505485906676389,2020-07-30 16:00:00,2021-07-30 16:00:00,2021-07-30 16:00:00,365,1
1212,2021-07-31 16:00:00,Decision Tree,16,-1.538529227567902,-1.7491661201126463,2020-07-31 16:00:00,2021-07-31 16:00:00,2021-07-31 16:00:00,365,1
1213,2021-07-31 16:00:00,Random Forest,16,-1.538529227567902,-1.6393672660623821,2020-07-31 16:00:00,2021-07-31 16:00:00,2021-07-31 16:00:00,365,1
1214,2021-07-31 16:00:00,Neural Network,16,-1.538529227567902,-1.5679489125181965,2020-07-31 16:00:00,2021-07-31 16:00:00,2021-07-31 16:00:00,365,1
1215,2021-07-31 16:00:00,Naive,16,-1.538529227567902,0.4903057181082545,2020-07-31 16:00:00,2021-07-31 16:00:00,2021-07-31 16:00:00,365,1
1216,2021-08-01 16:00:00,Decision Tree,16,0.682003344800634,0.9211496796097297,2020-08-01 16:00:00,2021-08-01 16:00:00,2021-08-01 16:00:00,365,1
1217,2021-08-01 16:00:00,Random Forest,16,0.682003344800634,0.8791745303080817,2020-08-01 16:00:00,2021-08-01 16:00:00,2021-08-01 16:00:00,365,1
1218,2021-08-01 16:00:00,Neural Network,16,0.682003344800634,0.7553852820209291,2020-08-01 16:00:00,2021-08-01 16:00:00,2021-08-01 16:00:00,365,1
1219,2021-08-01 16:00:00,Naive,16,0.682003344800634,-1.538529227567902,2020-08-01 16:00:00,2021-08-01 16:00:00,2021-08-01 16:00:00,365,1
1220,2021-08-02 16:00:00,Decision Tree,16,1.3567081642995338,1.5293685775915702,2020-08-02 16:00:00,2021-08-02 16:00:00,2021-08-02 16:00:00,365,1
1221,2021-08-02 16:00:00,Random Forest,16,1.3567081642995338,1.4493356490549871,2020-08-02 16:00:00,2021-08-02 16:00:00,2021-08-02 16:00:00,365,1
1222,2021-08-02 16:00:00,Neural Network,16,1.3567081642995338,1.2706238203924116,2020-08-02 16:00:00,2021-08-02 16:00:00,2021-08-02 16:00:00,365,1
1223,2021-08-02 16:00:00,Naive,16,1.3567081642995338,0.682003344800634,2020-08-02 16:00:00,2021-08-02 16:00:00,2021-08-02 16:00:00,365,1
1224,2021-08-03 16:00:00,Decision Tree,16,1.7568863689688046,1.8772027902839232,2020-08-03 16:00:00,2021-08-03 16:00:00,2021-08-03 16:00:00,365,1
1225,2021-08-03 16:00:00,Random Forest,16,1.7568863689688046,1.8261982398616197,2020-08-03 16:00:00,2021-08-03 16:00:00,2021-08-03 16:00:00,365,1
1226,2021-08-03 16:00:00,Neural Network,16,1.7568863689688046,1.8010845055890454,2020-08-03 16:00:00,2021-08-03 16:00:00,2021-08-03 16:00:00,365,1
1227,2021-08-03 16:00:00,Naive,16,1.7568863689688046,1.3567081642995338,2020-08-03 16:00:00,2021-08-03 16:00:00,2021-08-03 16:00:00,365,1
1228,2021-08-04 16:00:00,Decision Tree,16,1.7726635432994482,1.8682088995143562,2020-08-04 16:00:00,2021-08-04 16:00:00,2021-08-04 16:00:00,365,1
1229,2021-08-04 16:00:00,Random Forest,16,1.7726635432994482,1.8520130417562144,2020-08-04 16:00:00,2021-08-04 16:00:00,2021-08-04 16:00:00,365,1
1230,2021-08-04 16:00:00,Neural Network,16,1.7726635432994482,1.875908417655141,2020-08-04 16:00:00,2021-08-04 16:00:00,2021-08-04 16:00:00,365,1
1231,2021-08-04 16:00:00,Naive,16,1.7726635432994482,1.7568863689688046,2020-08-04 16:00:00,2021-08-04 16:00:00,2021-08-04 16:00:00,365,1
1232,2021-08-05 16:00:00,Decision Tree,16,1.6985046220773483,1.8640335257581355,2020-08-05 16:00:00,2021-08-05 16:00:00,2021-08-05 16:00:00,365,1
1233,2021-08-05 16:00:00,Random Forest,16,1.6985046220773483,1.7656957026053608,2020-08-05 16:00:00,2021-08-05 16:00:00,2021-08-05 16:00:00,365,1
1234,2021-08-05 16:00:00,Neural Network,16,1.6985046220773483,1.7175853229597888,2020-08-05 16:00:00,2021-08-05 16:00:00,2021-08-05 16:00:00,365,1
1235,2021-08-05 16:00:00,Naive,16,1.6985046220773483,1.7726635432994482,2020-08-05 16:00:00,2021-08-05 16:00:00,2021-08-05 16:00:00,365,1
1236,2021-08-06 16:00:00,Decision Tree,16,0.9994428106104013,1.276613562450382,2020-08-06 16:00:00,2021-08-06 16:00:00,2021-08-06 16:00:00,365,1
1237,2021-08-06 16:00:00,Random Forest,16,0.9994428106104013,1.2493084860777823,2020-08-06 16:00:00,2021-08-06 16:00:00,2021-08-06 16:00:00,365,1
1238,2021-08-06 16:00:00,Neural Network,16,0.9994428106104013,0.8778985910958089,2020-08-06 16:00:00,2021-08-06 16:00:00,2021-08-06 16:00:00,365,1
1239,2021-08-06 16:00:00,Naive,16,0.9994428106104013,1.6985046220773483,2020-08-06 16:00:00,2021-08-06 16:00:00,2021-08-06 16:00:00,365,1
1240,2021-08-07 16:00:00,Decision Tree,16,0.9266674590958082,1.1067469463049902,2020-08-07 16:00:00,2021-08-07 16:00:00,2021-08-07 16:00:00,365,1
1241,2021-08-07 16:00:00,Random Forest,16,0.9266674590958082,1.1159952656251027,2020-08-07 16:00:00,2021-08-07 16:00:00,2021-08-07 16:00:00,365,1
1242,2021-08-07 16:00:00,Neural Network,16,0.9266674590958082,1.0073000043158729,2020-08-07 16:00:00,2021-08-07 16:00:00,2021-08-07 16:00:00,365,1
1243,2021-08-07 16:00:00,Naive,16,0.9266674590958082,0.9994428106104013,2020-08-07 16:00:00,2021-08-07 16:00:00,2021-08-07 16:00:00,365,1
1244,2021-08-08 16:00:00,Decision Tree,16,-2.022876631769213,-2.135716370371276,2020-08-08 16:00:00,2021-08-08 16:00:00,2021-08-08 16:00:00,365,1
1245,2021-08-08 16:00:00,Random Forest,16,-2.022876631769213,-2.140446227380272,2020-08-08 16:00:00,2021-08-08 16:00:00,2021-08-08 16:00:00,365,1
1246,2021-08-08 16:00:00,Neural Network,16,-2.022876631769213,-2.346711389055932,2020-08-08 16:00:00,2021-08-08 16:00:00,2021-08-08 16:00:00,365,1
1247,2021-08-08 16:00:00,Naive,16,-2.022876631769213,0.9266674590958082,2020-08-08 16:00:00,2021-08-08 16:00:00,2021-08-08 16:00:00,365,1
1248,2021-08-09 16:00:00,Decision Tree,16,0.9200003619941048,1.0828941514437174,2020-08-09 16:00:00,2021-08-09 16:00:00,2021-08-09 16:00:00,365,1
1249,2021-08-09 16:00:00,Random Forest,16,0.9200003619941048,1.022139787869303,2020-08-09 16:00:00,2021-08-09 16:00:00,2021-08-09 16:00:00,365,1
1250,2021-08-09 16:00:00,Neural Network,16,0.9200003619941048,0.8224270011497337,2020-08-09 16:00:00,2021-08-09 16:00:00,2021-08-09 16:00:00,365,1
1251,2021-08-09 16:00:00,Naive,16,0.9200003619941048,-2.022876631769213,2020-08-09 16:00:00,2021-08-09 16:00:00,2021-08-09 16:00:00,365,1
1252,2021-08-10 16:00:00,Decision Tree,16,1.591943356441019,1.6582331657206022,2020-08-10 16:00:00,2021-08-10 16:00:00,2021-08-10 16:00:00,365,1
1253,2021-08-10 16:00:00,Random Forest,16,1.591943356441019,1.6665224339027296,2020-08-10 16:00:00,2021-08-10 16:00:00,2021-08-10 16:00:00,365,1
1254,2021-08-10 16:00:00,Neural Network,16,1.591943356441019,1.6238080588022634,2020-08-10 16:00:00,2021-08-10 16:00:00,2021-08-10 16:00:00,365,1
1255,2021-08-10 16:00:00,Naive,16,1.591943356441019,0.9200003619941048,2020-08-10 16:00:00,2021-08-10 16:00:00,2021-08-10 16:00:00,365,1
1256,2021-08-11 16:00:00,Decision Tree,16,1.7449133843199403,1.7612963477622898,2020-08-11 16:00:00,2021-08-11 16:00:00,2021-08-11 16:00:00,365,1
1257,2021-08-11 16:00:00,Random Forest,16,1.7449133843199403,1.771311150274297,2020-08-11 16:00:00,2021-08-11 16:00:00,2021-08-11 16:00:00,365,1
1258,2021-08-11 16:00:00,Neural Network,16,1.7449133843199403,1.8115863720588368,2020-08-11 16:00:00,2021-08-11 16:00:00,2021-08-11 16:00:00,365,1
1259,2021-08-11 16:00:00,Naive,16,1.7449133843199403,1.591943356441019,2020-08-11 16:00:00,2021-08-11 16:00:00,2021-08-11 16:00:00,365,1
1260,2021-08-12 16:00:00,Decision Tree,16,1.9582856508560615,1.7430525566308464,2020-08-12 16:00:00,2021-08-12 16:00:00,2021-08-12 16:00:00,365,1
1261,2021-08-12 16:00:00,Random Forest,16,1.9582856508560615,2.0156674822769154,2020-08-12 16:00:00,2021-08-12 16:00:00,2021-08-12 16:00:00,365,1
1262,2021-08-12 16:00:00,Neural Network,16,1.9582856508560615,2.092617685594618,2020-08-12 16:00:00,2021-08-12 16:00:00,2021-08-12 16:00:00,365,1
1263,2021-08-12 16:00:00,Naive,16,1.9582856508560615,1.7449133843199403,2020-08-12 16:00:00,2021-08-12 16:00:00,2021-08-12 16:00:00,365,1
1264,2021-08-13 16:00:00,Decision Tree,16,1.397549117357179,1.5593544040151694,2020-08-13 16:00:00,2021-08-13 16:00:00,2021-08-13 16:00:00,365,1
1265,2021-08-13 16:00:00,Random Forest,16,1.397549117357179,1.4984438173120869,2020-08-13 16:00:00,2021-08-13 16:00:00,2021-08-13 16:00:00,365,1
1266,2021-08-13 16:00:00,Neural Network,16,1.397549117357179,1.4099186016120195,2020-08-13 16:00:00,2021-08-13 16:00:00,2021-08-13 16:00:00,365,1
1267,2021-08-13 16:00:00,Naive,16,1.397549117357179,1.9582856508560615,2020-08-13 16:00:00,2021-08-13 16:00:00,2021-08-13 16:00:00,365,1
1268,2021-08-14 16:00:00,Decision Tree,16,0.6266396597287108,0.714273176318493,2020-08-14 16:00:00,2021-08-14 16:00:00,2021-08-14 16:00:00,365,1
1269,2021-08-14 16:00:00,Random Forest,16,0.6266396597287108,0.7755668981703869,2020-08-14 16:00:00,2021-08-14 16:00:00,2021-08-14 16:00:00,365,1
1270,2021-08-14 16:00:00,Neural Network,16,0.6266396597287108,0.8157425871713492,2020-08-14 16:00:00,2021-08-14 16:00:00,2021-08-14 16:00:00,365,1
1271,2021-08-14 16:00:00,Naive,16,0.6266396597287108,1.397549117357179,2020-08-14 16:00:00,2021-08-14 16:00:00,2021-08-14 16:00:00,365,1
1272,2021-08-15 16:00:00,Decision Tree,16,0.6652522220536379,0.9613078922293261,2020-08-15 16:00:00,2021-08-15 16:00:00,2021-08-15 16:00:00,365,1
1273,2021-08-15 16:00:00,Random Forest,16,0.6652522220536379,0.8345528142998117,2020-08-15 16:00:00,2021-08-15 16:00:00,2021-08-15 16:00:00,365,1
1274,2021-08-15 16:00:00,Neural Network,16,0.6652522220536379,0.07284797339254634,2020-08-15 16:00:00,2021-08-15 16:00:00,2021-08-15 16:00:00,365,1
1275,2021-08-15 16:00:00,Naive,16,0.6652522220536379,0.6266396597287108,2020-08-15 16:00:00,2021-08-15 16:00:00,2021-08-15 16:00:00,365,1
1276,2021-08-16 16:00:00,Decision Tree,16,0.7408283730293324,0.8832292809503958,2020-08-16 16:00:00,2021-08-16 16:00:00,2021-08-16 16:00:00,365,1
1277,2021-08-16 16:00:00,Random Forest,16,0.7408283730293324,0.9203075658137753,2020-08-16 16:00:00,2021-08-16 16:00:00,2021-08-16 16:00:00,365,1
1278,2021-08-16 16:00:00,Neural Network,16,0.7408283730293324,0.3577835434631037,2020-08-16 16:00:00,2021-08-16 16:00:00,2021-08-16 16:00:00,365,1
1279,2021-08-16 16:00:00,Naive,16,0.7408283730293324,0.6652522220536379,2020-08-16 16:00:00,2021-08-16 16:00:00,2021-08-16 16:00:00,365,1
1280,2021-08-17 16:00:00,Decision Tree,16,0.7805935718949077,0.832121582150944,2020-08-17 16:00:00,2021-08-17 16:00:00,2021-08-17 16:00:00,365,1
1281,2021-08-17 16:00:00,Random Forest,16,0.7805935718949077,0.8887899869640399,2020-08-17 16:00:00,2021-08-17 16:00:00,2021-08-17 16:00:00,365,1
1282,2021-08-17 16:00:00,Neural Network,16,0.7805935718949077,0.6201421059889927,2020-08-17 16:00:00,2021-08-17 16:00:00,2021-08-17 16:00:00,365,1
1283,2021-08-17 16:00:00,Naive,16,0.7805935718949077,0.7408283730293324,2020-08-17 16:00:00,2021-08-17 16:00:00,2021-08-17 16:00:00,365,1
1284,2021-08-18 16:00:00,Decision Tree,16,1.2157124334451608,1.3484666718654876,2020-08-18 16:00:00,2021-08-18 16:00:00,2021-08-18 16:00:00,365,1
1285,2021-08-18 16:00:00,Random Forest,16,1.2157124334451608,1.38439925208314,2020-08-18 16:00:00,2021-08-18 16:00:00,2021-08-18 16:00:00,365,1
1286,2021-08-18 16:00:00,Neural Network,16,1.2157124334451608,1.4904120289607725,2020-08-18 16:00:00,2021-08-18 16:00:00,2021-08-18 16:00:00,365,1
1287,2021-08-18 16:00:00,Naive,16,1.2157124334451608,0.7805935718949077,2020-08-18 16:00:00,2021-08-18 16:00:00,2021-08-18 16:00:00,365,1
1288,2021-08-19 16:00:00,Decision Tree,16,1.7825647673172276,2.28428430578238,2020-08-19 16:00:00,2021-08-19 16:00:00,2021-08-19 16:00:00,365,1
1289,2021-08-19 16:00:00,Random Forest,16,1.7825647673172276,1.917265020415288,2020-08-19 16:00:00,2021-08-19 16:00:00,2021-08-19 16:00:00,365,1
1290,2021-08-19 16:00:00,Neural Network,16,1.7825647673172276,1.856129317587921,2020-08-19 16:00:00,2021-08-19 16:00:00,2021-08-19 16:00:00,365,1
1291,2021-08-19 16:00:00,Naive,16,1.7825647673172276,1.2157124334451608,2020-08-19 16:00:00,2021-08-19 16:00:00,2021-08-19 16:00:00,365,1
1292,2021-08-20 16:00:00,Decision Tree,16,1.7454964467004943,1.7585658538552316,2020-08-20 16:00:00,2021-08-20 16:00:00,2021-08-20 16:00:00,365,1
1293,2021-08-20 16:00:00,Random Forest,16,1.7454964467004943,1.7949000582968404,2020-08-20 16:00:00,2021-08-20 16:00:00,2021-08-20 16:00:00,365,1
1294,2021-08-20 16:00:00,Neural Network,16,1.7454964467004943,1.771817502573615,2020-08-20 16:00:00,2021-08-20 16:00:00,2021-08-20 16:00:00,365,1
1295,2021-08-20 16:00:00,Naive,16,1.7454964467004943,1.7825647673172276,2020-08-20 16:00:00,2021-08-20 16:00:00,2021-08-20 16:00:00,365,1
1296,2021-08-21 16:00:00,Decision Tree,16,1.541876423833871,1.5593544040151692,2020-08-21 16:00:00,2021-08-21 16:00:00,2021-08-21 16:00:00,365,1
1297,2021-08-21 16:00:00,Random Forest,16,1.541876423833871,1.625731848788082,2020-08-21 16:00:00,2021-08-21 16:00:00,2021-08-21 16:00:00,365,1
1298,2021-08-21 16:00:00,Neural Network,16,1.541876423833871,1.5780991790333494,2020-08-21 16:00:00,2021-08-21 16:00:00,2021-08-21 16:00:00,365,1
1299,2021-08-21 16:00:00,Naive,16,1.541876423833871,1.7454964467004943,2020-08-21 16:00:00,2021-08-21 16:00:00,2021-08-21 16:00:00,365,1
1300,2021-08-22 16:00:00,Decision Tree,16,1.2536230663364363,1.3935170889521473,2020-08-22 16:00:00,2021-08-22 16:00:00,2021-08-22 16:00:00,365,1
1301,2021-08-22 16:00:00,Random Forest,16,1.2536230663364363,1.3623807014297704,2020-08-22 16:00:00,2021-08-22 16:00:00,2021-08-22 16:00:00,365,1
1302,2021-08-22 16:00:00,Neural Network,16,1.2536230663364363,1.3486264975725213,2020-08-22 16:00:00,2021-08-22 16:00:00,2021-08-22 16:00:00,365,1
1303,2021-08-22 16:00:00,Naive,16,1.2536230663364363,1.541876423833871,2020-08-22 16:00:00,2021-08-22 16:00:00,2021-08-22 16:00:00,365,1
1304,2021-08-23 16:00:00,Decision Tree,16,1.616352728490839,1.6209401559727479,2020-08-23 16:00:00,2021-08-23 16:00:00,2021-08-23 16:00:00,365,1
1305,2021-08-23 16:00:00,Random Forest,16,1.616352728490839,1.7474803396836736,2020-08-23 16:00:00,2021-08-23 16:00:00,2021-08-23 16:00:00,365,1
1306,2021-08-23 16:00:00,Neural Network,16,1.616352728490839,1.686255872251412,2020-08-23 16:00:00,2021-08-23 16:00:00,2021-08-23 16:00:00,365,1
1307,2021-08-23 16:00:00,Naive,16,1.616352728490839,1.2536230663364363,2020-08-23 16:00:00,2021-08-23 16:00:00,2021-08-23 16:00:00,365,1
1308,2021-08-24 16:00:00,Decision Tree,16,1.6909040516348048,1.8302560708946145,2020-08-24 16:00:00,2021-08-24 16:00:00,2021-08-24 16:00:00,365,1
1309,2021-08-24 16:00:00,Random Forest,16,1.6909040516348048,1.7660267272487464,2020-08-24 16:00:00,2021-08-24 16:00:00,2021-08-24 16:00:00,365,1
1310,2021-08-24 16:00:00,Neural Network,16,1.6909040516348048,1.8238885650800345,2020-08-24 16:00:00,2021-08-24 16:00:00,2021-08-24 16:00:00,365,1
1311,2021-08-24 16:00:00,Naive,16,1.6909040516348048,1.616352728490839,2020-08-24 16:00:00,2021-08-24 16:00:00,2021-08-24 16:00:00,365,1
1312,2021-08-25 16:00:00,Decision Tree,16,1.3250483117136629,1.4969389389125873,2020-08-25 16:00:00,2021-08-25 16:00:00,2021-08-25 16:00:00,365,1
1313,2021-08-25 16:00:00,Random Forest,16,1.3250483117136629,1.4194792058242123,2020-08-25 16:00:00,2021-08-25 16:00:00,2021-08-25 16:00:00,365,1
1314,2021-08-25 16:00:00,Neural Network,16,1.3250483117136629,1.5880835964006041,2020-08-25 16:00:00,2021-08-25 16:00:00,2021-08-25 16:00:00,365,1
1315,2021-08-25 16:00:00,Naive,16,1.3250483117136629,1.6909040516348048,2020-08-25 16:00:00,2021-08-25 16:00:00,2021-08-25 16:00:00,365,1
1316,2021-08-26 16:00:00,Decision Tree,16,1.514598208521411,1.620284809189618,2020-08-26 16:00:00,2021-08-26 16:00:00,2021-08-26 16:00:00,365,1
1317,2021-08-26 16:00:00,Random Forest,16,1.514598208521411,1.6264772981514488,2020-08-26 16:00:00,2021-08-26 16:00:00,2021-08-26 16:00:00,365,1
1318,2021-08-26 16:00:00,Neural Network,16,1.514598208521411,1.6421391909097673,2020-08-26 16:00:00,2021-08-26 16:00:00,2021-08-26 16:00:00,365,1
1319,2021-08-26 16:00:00,Naive,16,1.514598208521411,1.3250483117136629,2020-08-26 16:00:00,2021-08-26 16:00:00,2021-08-26 16:00:00,365,1
1320,2021-08-27 16:00:00,Decision Tree,16,1.6157272746927207,1.7359518973556471,2020-08-27 16:00:00,2021-08-27 16:00:00,2021-08-27 16:00:00,365,1
1321,2021-08-27 16:00:00,Random Forest,16,1.6157272746927207,1.7241377152331434,2020-08-27 16:00:00,2021-08-27 16:00:00,2021-08-27 16:00:00,365,1
1322,2021-08-27 16:00:00,Neural Network,16,1.6157272746927207,1.597235967379798,2020-08-27 16:00:00,2021-08-27 16:00:00,2021-08-27 16:00:00,365,1
1323,2021-08-27 16:00:00,Naive,16,1.6157272746927207,1.514598208521411,2020-08-27 16:00:00,2021-08-27 16:00:00,2021-08-27 16:00:00,365,1
1324,2021-08-28 16:00:00,Decision Tree,16,1.3859713101695905,1.5504638074901613,2020-08-28 16:00:00,2021-08-28 16:00:00,2021-08-28 16:00:00,365,1
1325,2021-08-28 16:00:00,Random Forest,16,1.3859713101695905,1.534121054964377,2020-08-28 16:00:00,2021-08-28 16:00:00,2021-08-28 16:00:00,365,1
1326,2021-08-28 16:00:00,Neural Network,16,1.3859713101695905,1.5943997921866608,2020-08-28 16:00:00,2021-08-28 16:00:00,2021-08-28 16:00:00,365,1
1327,2021-08-28 16:00:00,Naive,16,1.3859713101695905,1.6157272746927207,2020-08-28 16:00:00,2021-08-28 16:00:00,2021-08-28 16:00:00,365,1
1328,2021-08-29 16:00:00,Decision Tree,16,1.3878131061058392,1.4275280809711912,2020-08-29 16:00:00,2021-08-29 16:00:00,2021-08-29 16:00:00,365,1
1329,2021-08-29 16:00:00,Random Forest,16,1.3878131061058392,1.4303094463740103,2020-08-29 16:00:00,2021-08-29 16:00:00,2021-08-29 16:00:00,365,1
1330,2021-08-29 16:00:00,Neural Network,16,1.3878131061058392,1.4857624220691175,2020-08-29 16:00:00,2021-08-29 16:00:00,2021-08-29 16:00:00,365,1
1331,2021-08-29 16:00:00,Naive,16,1.3878131061058392,1.3859713101695905,2020-08-29 16:00:00,2021-08-29 16:00:00,2021-08-29 16:00:00,365,1
1332,2021-08-30 16:00:00,Decision Tree,16,1.8894997338283002,1.8962062200329097,2020-08-30 16:00:00,2021-08-30 16:00:00,2021-08-30 16:00:00,365,1
1333,2021-08-30 16:00:00,Random Forest,16,1.8894997338283002,2.0137800361850022,2020-08-30 16:00:00,2021-08-30 16:00:00,2021-08-30 16:00:00,365,1
1334,2021-08-30 16:00:00,Neural Network,16,1.8894997338283002,2.0613679872369817,2020-08-30 16:00:00,2021-08-30 16:00:00,2021-08-30 16:00:00,365,1
1335,2021-08-30 16:00:00,Naive,16,1.8894997338283002,1.3878131061058392,2020-08-30 16:00:00,2021-08-30 16:00:00,2021-08-30 16:00:00,365,1
1336,2021-08-31 16:00:00,Decision Tree,16,1.796424391255132,1.8950884723321415,2020-08-31 16:00:00,2021-08-31 16:00:00,2021-08-31 16:00:00,365,1
1337,2021-08-31 16:00:00,Random Forest,16,1.796424391255132,1.8833567657538235,2020-08-31 16:00:00,2021-08-31 16:00:00,2021-08-31 16:00:00,365,1
1338,2021-08-31 16:00:00,Neural Network,16,1.796424391255132,1.9895560537012522,2020-08-31 16:00:00,2021-08-31 16:00:00,2021-08-31 16:00:00,365,1
1339,2021-08-31 16:00:00,Naive,16,1.796424391255132,1.8894997338283002,2020-08-31 16:00:00,2021-08-31 16:00:00,2021-08-31 16:00:00,365,1
1340,2021-09-01 16:00:00,Decision Tree,16,1.8288742971116654,1.8809936036068546,2020-09-01 16:00:00,2021-09-01 16:00:00,2021-09-01 16:00:00,365,1
1341,2021-09-01 16:00:00,Random Forest,16,1.8288742971116654,1.8646078769401455,2020-09-01 16:00:00,2021-09-01 16:00:00,2021-09-01 16:00:00,365,1
1342,2021-09-01 16:00:00,Neural Network,16,1.8288742971116654,1.9930033087602212,2020-09-01 16:00:00,2021-09-01 16:00:00,2021-09-01 16:00:00,365,1
1343,2021-09-01 16:00:00,Naive,16,1.8288742971116654,1.796424391255132,2020-09-01 16:00:00,2021-09-01 16:00:00,2021-09-01 16:00:00,365,1
1344,2021-09-02 16:00:00,Decision Tree,16,2.0421625036246485,1.8744786902949557,2020-09-02 16:00:00,2021-09-02 16:00:00,2021-09-02 16:00:00,365,1
1345,2021-09-02 16:00:00,Random Forest,16,2.0421625036246485,1.9669814445749652,2020-09-02 16:00:00,2021-09-02 16:00:00,2021-09-02 16:00:00,365,1
1346,2021-09-02 16:00:00,Neural Network,16,2.0421625036246485,2.270695234704479,2020-09-02 16:00:00,2021-09-02 16:00:00,2021-09-02 16:00:00,365,1
1347,2021-09-02 16:00:00,Naive,16,2.0421625036246485,1.8288742971116654,2020-09-02 16:00:00,2021-09-02 16:00:00,2021-09-02 16:00:00,365,1
1348,2021-09-03 16:00:00,Decision Tree,16,1.7345048482490473,1.766624293830039,2020-09-03 16:00:00,2021-09-03 16:00:00,2021-09-03 16:00:00,365,1
1349,2021-09-03 16:00:00,Random Forest,16,1.7345048482490473,1.7874401277208016,2020-09-03 16:00:00,2021-09-03 16:00:00,2021-09-03 16:00:00,365,1
1350,2021-09-03 16:00:00,Neural Network,16,1.7345048482490473,1.8362348127152417,2020-09-03 16:00:00,2021-09-03 16:00:00,2021-09-03 16:00:00,365,1
1351,2021-09-03 16:00:00,Naive,16,1.7345048482490473,2.0421625036246485,2020-09-03 16:00:00,2021-09-03 16:00:00,2021-09-03 16:00:00,365,1
1352,2021-09-04 16:00:00,Decision Tree,16,1.6740652134144418,1.734894736166807,2020-09-04 16:00:00,2021-09-04 16:00:00,2021-09-04 16:00:00,365,1
1353,2021-09-04 16:00:00,Random Forest,16,1.6740652134144418,1.7515466678011251,2020-09-04 16:00:00,2021-09-04 16:00:00,2021-09-04 16:00:00,365,1
1354,2021-09-04 16:00:00,Neural Network,16,1.6740652134144418,1.8208114755293674,2020-09-04 16:00:00,2021-09-04 16:00:00,2021-09-04 16:00:00,365,1
1355,2021-09-04 16:00:00,Naive,16,1.6740652134144418,1.7345048482490473,2020-09-04 16:00:00,2021-09-04 16:00:00,2021-09-04 16:00:00,365,1
1356,2021-09-05 16:00:00,Decision Tree,16,1.5853243125999854,1.722029801467903,2020-09-05 16:00:00,2021-09-05 16:00:00,2021-09-05 16:00:00,365,1
1357,2021-09-05 16:00:00,Random Forest,16,1.5853243125999854,1.6714088730950039,2020-09-05 16:00:00,2021-09-05 16:00:00,2021-09-05 16:00:00,365,1
1358,2021-09-05 16:00:00,Neural Network,16,1.5853243125999854,1.7203842549643218,2020-09-05 16:00:00,2021-09-05 16:00:00,2021-09-05 16:00:00,365,1
1359,2021-09-05 16:00:00,Naive,16,1.5853243125999854,1.6740652134144418,2020-09-05 16:00:00,2021-09-05 16:00:00,2021-09-05 16:00:00,365,1
1360,2021-09-06 16:00:00,Decision Tree,16,2.2197316367060735,1.9389981611442084,2020-09-06 16:00:00,2021-09-06 16:00:00,2021-09-06 16:00:00,365,1
1361,2021-09-06 16:00:00,Random Forest,16,2.2197316367060735,1.9866780108516564,2020-09-06 16:00:00,2021-09-06 16:00:00,2021-09-06 16:00:00,365,1
1362,2021-09-06 16:00:00,Neural Network,16,2.2197316367060735,2.677526703566595,2020-09-06 16:00:00,2021-09-06 16:00:00,2021-09-06 16:00:00,365,1
1363,2021-09-06 16:00:00,Naive,16,2.2197316367060735,1.5853243125999854,2020-09-06 16:00:00,2021-09-06 16:00:00,2021-09-06 16:00:00,365,1
1364,2021-09-07 16:00:00,Decision Tree,16,2.026576815573693,2.2642936430624423,2020-09-07 16:00:00,2021-09-07 16:00:00,2021-09-07 16:00:00,365,1
1365,2021-09-07 16:00:00,Random Forest,16,2.026576815573693,2.1250047161574472,2020-09-07 16:00:00,2021-09-07 16:00:00,2021-09-07 16:00:00,365,1
1366,2021-09-07 16:00:00,Neural Network,16,2.026576815573693,2.2946078617300243,2020-09-07 16:00:00,2021-09-07 16:00:00,2021-09-07 16:00:00,365,1
1367,2021-09-07 16:00:00,Naive,16,2.026576815573693,2.2197316367060735,2020-09-07 16:00:00,2021-09-07 16:00:00,2021-09-07 16:00:00,365,1
1368,2021-09-08 16:00:00,Decision Tree,16,2.0770580107789347,2.230334096278335,2020-09-08 16:00:00,2021-09-08 16:00:00,2021-09-08 16:00:00,365,1
1369,2021-09-08 16:00:00,Random Forest,16,2.0770580107789347,2.080566666666093,2020-09-08 16:00:00,2021-09-08 16:00:00,2021-09-08 16:00:00,365,1
1370,2021-09-08 16:00:00,Neural Network,16,2.0770580107789347,2.3563904715666664,2020-09-08 16:00:00,2021-09-08 16:00:00,2021-09-08 16:00:00,365,1
1371,2021-09-08 16:00:00,Naive,16,2.0770580107789347,2.026576815573693,2020-09-08 16:00:00,2021-09-08 16:00:00,2021-09-08 16:00:00,365,1
1372,2021-09-09 16:00:00,Decision Tree,16,2.2909971413174213,2.2111745855909097,2020-09-09 16:00:00,2021-09-09 16:00:00,2021-09-09 16:00:00,365,1
1373,2021-09-09 16:00:00,Random Forest,16,2.2909971413174213,2.106651697048911,2020-09-09 16:00:00,2021-09-09 16:00:00,2021-09-09 16:00:00,365,1
1374,2021-09-09 16:00:00,Neural Network,16,2.2909971413174213,2.2309610639117112,2020-09-09 16:00:00,2021-09-09 16:00:00,2021-09-09 16:00:00,365,1
1375,2021-09-09 16:00:00,Naive,16,2.2909971413174213,2.0770580107789347,2020-09-09 16:00:00,2021-09-09 16:00:00,2021-09-09 16:00:00,365,1
1376,2021-09-10 16:00:00,Decision Tree,16,2.317688859091232,2.2200437584494113,2020-09-10 16:00:00,2021-09-10 16:00:00,2021-09-10 16:00:00,365,1
1377,2021-09-10 16:00:00,Random Forest,16,2.317688859091232,2.2313896475126294,2020-09-10 16:00:00,2021-09-10 16:00:00,2021-09-10 16:00:00,365,1
1378,2021-09-10 16:00:00,Neural Network,16,2.317688859091232,2.432637643418854,2020-09-10 16:00:00,2021-09-10 16:00:00,2021-09-10 16:00:00,365,1
1379,2021-09-10 16:00:00,Naive,16,2.317688859091232,2.2909971413174213,2020-09-10 16:00:00,2021-09-10 16:00:00,2021-09-10 16:00:00,365,1
1380,2021-09-11 16:00:00,Decision Tree,16,2.0003447793605447,2.3326449895982666,2020-09-11 16:00:00,2021-09-11 16:00:00,2021-09-11 16:00:00,365,1
1381,2021-09-11 16:00:00,Random Forest,16,2.0003447793605447,2.1087320347200738,2020-09-11 16:00:00,2021-09-11 16:00:00,2021-09-11 16:00:00,365,1
1382,2021-09-11 16:00:00,Neural Network,16,2.0003447793605447,1.9686233903384136,2020-09-11 16:00:00,2021-09-11 16:00:00,2021-09-11 16:00:00,365,1
1383,2021-09-11 16:00:00,Naive,16,2.0003447793605447,2.317688859091232,2020-09-11 16:00:00,2021-09-11 16:00:00,2021-09-11 16:00:00,365,1
1384,2021-09-12 16:00:00,Decision Tree,16,1.5960142380578817,1.764790425134925,2020-09-12 16:00:00,2021-09-12 16:00:00,2021-09-12 16:00:00,365,1
1385,2021-09-12 16:00:00,Random Forest,16,1.5960142380578817,1.7068835368121855,2020-09-12 16:00:00,2021-09-12 16:00:00,2021-09-12 16:00:00,365,1
1386,2021-09-12 16:00:00,Neural Network,16,1.5960142380578817,1.7496913065624513,2020-09-12 16:00:00,2021-09-12 16:00:00,2021-09-12 16:00:00,365,1
1387,2021-09-12 16:00:00,Naive,16,1.5960142380578817,2.0003447793605447,2020-09-12 16:00:00,2021-09-12 16:00:00,2021-09-12 16:00:00,365,1
1388,2021-09-13 16:00:00,Decision Tree,16,2.40919326867731,2.3220922864087643,2020-09-13 16:00:00,2021-09-13 16:00:00,2021-09-13 16:00:00,365,1
1389,2021-09-13 16:00:00,Random Forest,16,2.40919326867731,2.249225894417948,2020-09-13 16:00:00,2021-09-13 16:00:00,2021-09-13 16:00:00,365,1
1390,2021-09-13 16:00:00,Neural Network,16,2.40919326867731,2.8188832652442417,2020-09-13 16:00:00,2021-09-13 16:00:00,2021-09-13 16:00:00,365,1
1391,2021-09-13 16:00:00,Naive,16,2.40919326867731,1.5960142380578817,2020-09-13 16:00:00,2021-09-13 16:00:00,2021-09-13 16:00:00,365,1
1392,2021-09-14 16:00:00,Decision Tree,16,2.4710767312656094,2.334535283875699,2020-09-14 16:00:00,2021-09-14 16:00:00,2021-09-14 16:00:00,365,1
1393,2021-09-14 16:00:00,Random Forest,16,2.4710767312656094,2.302289971345335,2020-09-14 16:00:00,2021-09-14 16:00:00,2021-09-14 16:00:00,365,1
1394,2021-09-14 16:00:00,Neural Network,16,2.4710767312656094,2.7874788616388724,2020-09-14 16:00:00,2021-09-14 16:00:00,2021-09-14 16:00:00,365,1
1395,2021-09-14 16:00:00,Naive,16,2.4710767312656094,2.40919326867731,2020-09-14 16:00:00,2021-09-14 16:00:00,2021-09-14 16:00:00,365,1
1396,2021-09-15 16:00:00,Decision Tree,16,2.6296334607523595,2.3516029647994383,2020-09-15 16:00:00,2021-09-15 16:00:00,2021-09-15 16:00:00,365,1
1397,2021-09-15 16:00:00,Random Forest,16,2.6296334607523595,2.3835088454256677,2020-09-15 16:00:00,2021-09-15 16:00:00,2021-09-15 16:00:00,365,1
1398,2021-09-15 16:00:00,Neural Network,16,2.6296334607523595,2.9340770460823777,2020-09-15 16:00:00,2021-09-15 16:00:00,2021-09-15 16:00:00,365,1
1399,2021-09-15 16:00:00,Naive,16,2.6296334607523595,2.4710767312656094,2020-09-15 16:00:00,2021-09-15 16:00:00,2021-09-15 16:00:00,365,1
1400,2021-09-16 16:00:00,Decision Tree,16,2.2344686003219905,2.3824952421275403,2020-09-16 16:00:00,2021-09-16 16:00:00,2021-09-16 16:00:00,365,1
1401,2021-09-16 16:00:00,Random Forest,16,2.2344686003219905,2.3284342140532646,2020-09-16 16:00:00,2021-09-16 16:00:00,2021-09-16 16:00:00,365,1
1402,2021-09-16 16:00:00,Neural Network,16,2.2344686003219905,2.249657226264202,2020-09-16 16:00:00,2021-09-16 16:00:00,2021-09-16 16:00:00,365,1
1403,2021-09-16 16:00:00,Naive,16,2.2344686003219905,2.6296334607523595,2020-09-16 16:00:00,2021-09-16 16:00:00,2021-09-16 16:00:00,365,1
1404,2021-09-17 16:00:00,Decision Tree,16,2.298016554097772,2.073174749208779,2020-09-17 16:00:00,2021-09-17 16:00:00,2021-09-17 16:00:00,365,1
1405,2021-09-17 16:00:00,Random Forest,16,2.298016554097772,2.196868512577076,2020-09-17 16:00:00,2021-09-17 16:00:00,2021-09-17 16:00:00,365,1
1406,2021-09-17 16:00:00,Neural Network,16,2.298016554097772,2.3846000730233956,2020-09-17 16:00:00,2021-09-17 16:00:00,2021-09-17 16:00:00,365,1
1407,2021-09-17 16:00:00,Naive,16,2.298016554097772,2.2344686003219905,2020-09-17 16:00:00,2021-09-17 16:00:00,2021-09-17 16:00:00,365,1
1408,2021-09-18 16:00:00,Decision Tree,16,2.1396605053899744,2.073174749208779,2020-09-18 16:00:00,2021-09-18 16:00:00,2021-09-18 16:00:00,365,1
1409,2021-09-18 16:00:00,Random Forest,16,2.1396605053899744,2.104686097423621,2020-09-18 16:00:00,2021-09-18 16:00:00,2021-09-18 16:00:00,365,1
1410,2021-09-18 16:00:00,Neural Network,16,2.1396605053899744,2.12028937834929,2020-09-18 16:00:00,2021-09-18 16:00:00,2021-09-18 16:00:00,365,1
1411,2021-09-18 16:00:00,Naive,16,2.1396605053899744,2.298016554097772,2020-09-18 16:00:00,2021-09-18 16:00:00,2021-09-18 16:00:00,365,1
1412,2021-09-19 16:00:00,Decision Tree,16,1.5005758153415059,1.6091223211490615,2020-09-19 16:00:00,2021-09-19 16:00:00,2021-09-19 16:00:00,365,1
1413,2021-09-19 16:00:00,Random Forest,16,1.5005758153415059,1.6411342421040935,2020-09-19 16:00:00,2021-09-19 16:00:00,2021-09-19 16:00:00,365,1
1414,2021-09-19 16:00:00,Neural Network,16,1.5005758153415059,1.620769950183995,2020-09-19 16:00:00,2021-09-19 16:00:00,2021-09-19 16:00:00,365,1
1415,2021-09-19 16:00:00,Naive,16,1.5005758153415059,2.1396605053899744,2020-09-19 16:00:00,2021-09-19 16:00:00,2021-09-19 16:00:00,365,1
1416,2021-09-20 16:00:00,Decision Tree,16,2.4820373958020507,2.450721155015727,2020-09-20 16:00:00,2021-09-20 16:00:00,2021-09-20 16:00:00,365,1
1417,2021-09-20 16:00:00,Random Forest,16,2.4820373958020507,2.4567371930465067,2020-09-20 16:00:00,2021-09-20 16:00:00,2021-09-20 16:00:00,365,1
1418,2021-09-20 16:00:00,Neural Network,16,2.4820373958020507,2.6615148473911803,2020-09-20 16:00:00,2021-09-20 16:00:00,2021-09-20 16:00:00,365,1
1419,2021-09-20 16:00:00,Naive,16,2.4820373958020507,1.5005758153415059,2020-09-20 16:00:00,2021-09-20 16:00:00,2021-09-20 16:00:00,365,1
1420,2021-09-21 16:00:00,Decision Tree,16,2.1999201430181903,2.0842557085723112,2020-09-21 16:00:00,2021-09-21 16:00:00,2021-09-21 16:00:00,365,1
1421,2021-09-21 16:00:00,Random Forest,16,2.1999201430181903,2.1451864077394522,2020-09-21 16:00:00,2021-09-21 16:00:00,2021-09-21 16:00:00,365,1
1422,2021-09-21 16:00:00,Neural Network,16,2.1999201430181903,2.219680025043309,2020-09-21 16:00:00,2021-09-21 16:00:00,2021-09-21 16:00:00,365,1
1423,2021-09-21 16:00:00,Naive,16,2.1999201430181903,2.4820373958020507,2020-09-21 16:00:00,2021-09-21 16:00:00,2021-09-21 16:00:00,365,1
1424,2021-09-22 16:00:00,Decision Tree,16,2.272866721779617,2.455940528480115,2020-09-22 16:00:00,2021-09-22 16:00:00,2021-09-22 16:00:00,365,1
1425,2021-09-22 16:00:00,Random Forest,16,2.272866721779617,2.341799265475352,2020-09-22 16:00:00,2021-09-22 16:00:00,2021-09-22 16:00:00,365,1
1426,2021-09-22 16:00:00,Neural Network,16,2.272866721779617,2.257255944677713,2020-09-22 16:00:00,2021-09-22 16:00:00,2021-09-22 16:00:00,365,1
1427,2021-09-22 16:00:00,Naive,16,2.272866721779617,2.1999201430181903,2020-09-22 16:00:00,2021-09-22 16:00:00,2021-09-22 16:00:00,365,1
1428,2021-09-23 16:00:00,Decision Tree,16,0.5971631652369211,0.8884982758943057,2020-09-23 16:00:00,2021-09-23 16:00:00,2021-09-23 16:00:00,365,1
1429,2021-09-23 16:00:00,Random Forest,16,0.5971631652369211,0.800903321568848,2020-09-23 16:00:00,2021-09-23 16:00:00,2021-09-23 16:00:00,365,1
1430,2021-09-23 16:00:00,Neural Network,16,0.5971631652369211,0.49433515218020796,2020-09-23 16:00:00,2021-09-23 16:00:00,2021-09-23 16:00:00,365,1
1431,2021-09-23 16:00:00,Naive,16,0.5971631652369211,2.272866721779617,2020-09-23 16:00:00,2021-09-23 16:00:00,2021-09-23 16:00:00,365,1
1432,2021-09-24 16:00:00,Decision Tree,16,1.5730022784648403,1.7121402706955415,2020-09-24 16:00:00,2021-09-24 16:00:00,2021-09-24 16:00:00,365,1
1433,2021-09-24 16:00:00,Random Forest,16,1.5730022784648403,1.6707885817896182,2020-09-24 16:00:00,2021-09-24 16:00:00,2021-09-24 16:00:00,365,1
1434,2021-09-24 16:00:00,Neural Network,16,1.5730022784648403,1.7876972637493318,2020-09-24 16:00:00,2021-09-24 16:00:00,2021-09-24 16:00:00,365,1
1435,2021-09-24 16:00:00,Naive,16,1.5730022784648403,0.5971631652369211,2020-09-24 16:00:00,2021-09-24 16:00:00,2021-09-24 16:00:00,365,1
1436,2021-09-25 16:00:00,Decision Tree,16,2.1187636610735465,2.117518269181919,2020-09-25 16:00:00,2021-09-25 16:00:00,2021-09-25 16:00:00,365,1
1437,2021-09-25 16:00:00,Random Forest,16,2.1187636610735465,2.134095597219022,2020-09-25 16:00:00,2021-09-25 16:00:00,2021-09-25 16:00:00,365,1
1438,2021-09-25 16:00:00,Neural Network,16,2.1187636610735465,2.0951633500469358,2020-09-25 16:00:00,2021-09-25 16:00:00,2021-09-25 16:00:00,365,1
1439,2021-09-25 16:00:00,Naive,16,2.1187636610735465,1.5730022784648403,2020-09-25 16:00:00,2021-09-25 16:00:00,2021-09-25 16:00:00,365,1
1440,2021-09-26 16:00:00,Decision Tree,16,1.9488259938021157,1.9082662454520116,2020-09-26 16:00:00,2021-09-26 16:00:00,2021-09-26 16:00:00,365,1
1441,2021-09-26 16:00:00,Random Forest,16,1.9488259938021157,2.0317853717103715,2020-09-26 16:00:00,2021-09-26 16:00:00,2021-09-26 16:00:00,365,1
1442,2021-09-26 16:00:00,Neural Network,16,1.9488259938021157,2.0060943891605287,2020-09-26 16:00:00,2021-09-26 16:00:00,2021-09-26 16:00:00,365,1
1443,2021-09-26 16:00:00,Naive,16,1.9488259938021157,2.1187636610735465,2020-09-26 16:00:00,2021-09-26 16:00:00,2021-09-26 16:00:00,365,1
1444,2021-09-27 16:00:00,Decision Tree,16,2.2815554332680192,2.1030272569407003,2020-09-27 16:00:00,2021-09-27 16:00:00,2021-09-27 16:00:00,365,1
1445,2021-09-27 16:00:00,Random Forest,16,2.2815554332680192,2.1701331334286142,2020-09-27 16:00:00,2021-09-27 16:00:00,2021-09-27 16:00:00,365,1
1446,2021-09-27 16:00:00,Neural Network,16,2.2815554332680192,2.644322410065181,2020-09-27 16:00:00,2021-09-27 16:00:00,2021-09-27 16:00:00,365,1
1447,2021-09-27 16:00:00,Naive,16,2.2815554332680192,1.9488259938021157,2020-09-27 16:00:00,2021-09-27 16:00:00,2021-09-27 16:00:00,365,1
1448,2021-09-28 16:00:00,Decision Tree,16,2.4751303749222022,2.4579914821190205,2020-09-28 16:00:00,2021-09-28 16:00:00,2021-09-28 16:00:00,365,1
1449,2021-09-28 16:00:00,Random Forest,16,2.4751303749222022,2.4889413113137624,2020-09-28 16:00:00,2021-09-28 16:00:00,2021-09-28 16:00:00,365,1
1450,2021-09-28 16:00:00,Neural Network,16,2.4751303749222022,2.62607699821828,2020-09-28 16:00:00,2021-09-28 16:00:00,2021-09-28 16:00:00,365,1
1451,2021-09-28 16:00:00,Naive,16,2.4751303749222022,2.2815554332680192,2020-09-28 16:00:00,2021-09-28 16:00:00,2021-09-28 16:00:00,365,1
1452,2021-09-29 16:00:00,Decision Tree,16,1.8613586600594692,1.9407958650791697,2020-09-29 16:00:00,2021-09-29 16:00:00,2021-09-29 16:00:00,365,1
1453,2021-09-29 16:00:00,Random Forest,16,1.8613586600594692,1.9943747157602465,2020-09-29 16:00:00,2021-09-29 16:00:00,2021-09-29 16:00:00,365,1
1454,2021-09-29 16:00:00,Neural Network,16,1.8613586600594692,1.9217217386244774,2020-09-29 16:00:00,2021-09-29 16:00:00,2021-09-29 16:00:00,365,1
1455,2021-09-29 16:00:00,Naive,16,1.8613586600594692,2.4751303749222022,2020-09-29 16:00:00,2021-09-29 16:00:00,2021-09-29 16:00:00,365,1
1456,2021-09-30 16:00:00,Decision Tree,16,2.0135417685924004,2.172781565039123,2020-09-30 16:00:00,2021-09-30 16:00:00,2021-09-30 16:00:00,365,1
1457,2021-09-30 16:00:00,Random Forest,16,2.0135417685924004,2.0649777977740333,2020-09-30 16:00:00,2021-09-30 16:00:00,2021-09-30 16:00:00,365,1
1458,2021-09-30 16:00:00,Neural Network,16,2.0135417685924004,2.3080688141366714,2020-09-30 16:00:00,2021-09-30 16:00:00,2021-09-30 16:00:00,365,1
1459,2021-09-30 16:00:00,Naive,16,2.0135417685924004,1.8613586600594692,2020-09-30 16:00:00,2021-09-30 16:00:00,2021-09-30 16:00:00,365,1
