,timestamp,model,hour,y_true,y_pred,train_start,train_end,test_day,train_rows,test_rows
0,2020-10-01 13:00:00,Decision Tree,13,-0.2220704902822391,-0.2022372968985204,2019-10-01 13:00:00,2020-10-01 13:00:00,2020-10-01 13:00:00,366,1
1,2020-10-01 13:00:00,Random Forest,13,-0.2220704902822391,-0.21900163870694167,2019-10-01 13:00:00,2020-10-01 13:00:00,2020-10-01 13:00:00,366,1
2,2020-10-01 13:00:00,Neural Network,13,-0.2220704902822391,-0.09647706361659025,2019-10-01 13:00:00,2020-10-01 13:00:00,2020-10-01 13:00:00,366,1
3,2020-10-01 13:00:00,Naive,13,-0.2220704902822391,0.7201767529355961,2019-10-01 13:00:00,2020-10-01 13:00:00,2020-10-01 13:00:00,366,1
4,2020-10-02 13:00:00,Decision Tree,13,-0.0592535468957823,-0.08295873496212554,2019-10-02 13:00:00,2020-10-02 13:00:00,2020-10-02 13:00:00,366,1
5,2020-10-02 13:00:00,Random Forest,13,-0.0592535468957823,-0.05986366816815008,2019-10-02 13:00:00,2020-10-02 13:00:00,2020-10-02 13:00:00,366,1
6,2020-10-02 13:00:00,Neural Network,13,-0.0592535468957823,-0.15528052793155372,2019-10-02 13:00:00,2020-10-02 13:00:00,2020-10-02 13:00:00,366,1
7,2020-10-02 13:00:00,Naive,13,-0.0592535468957823,-0.2220704902822391,2019-10-02 13:00:00,2020-10-02 13:00:00,2020-10-02 13:00:00,366,1
8,2020-10-03 13:00:00,Decision Tree,13,-1.4708427168412976,-1.494646028129976,2019-10-03 13:00:00,2020-10-03 13:00:00,2020-10-03 13:00:00,366,1
9,2020-10-03 13:00:00,Random Forest,13,-1.4708427168412976,-1.4647801175867021,2019-10-03 13:00:00,2020-10-03 13:00:00,2020-10-03 13:00:00,366,1
10,2020-10-03 13:00:00,Neural Network,13,-1.4708427168412976,-1.276668742133334,2019-10-03 13:00:00,2020-10-03 13:00:00,2020-10-03 13:00:00,366,1
11,2020-10-03 13:00:00,Naive,13,-1.4708427168412976,-0.0592535468957823,2019-10-03 13:00:00,2020-10-03 13:00:00,2020-10-03 13:00:00,366,1
12,2020-10-04 13:00:00,Decision Tree,13,-2.550025684391091,-2.6680583165961003,2019-10-04 13:00:00,2020-10-04 13:00:00,2020-10-04 13:00:00,366,1
13,2020-10-04 13:00:00,Random Forest,13,-2.550025684391091,-2.5470656994949508,2019-10-04 13:00:00,2020-10-04 13:00:00,2020-10-04 13:00:00,366,1
14,2020-10-04 13:00:00,Neural Network,13,-2.550025684391091,-2.566181865474693,2019-10-04 13:00:00,2020-10-04 13:00:00,2020-10-04 13:00:00,366,1
15,2020-10-04 13:00:00,Naive,13,-2.550025684391091,-1.4708427168412976,2019-10-04 13:00:00,2020-10-04 13:00:00,2020-10-04 13:00:00,366,1
16,2020-10-05 13:00:00,Decision Tree,13,-0.2562035605967466,-0.24477878458342156,2019-10-05 13:00:00,2020-10-05 13:00:00,2020-10-05 13:00:00,366,1
17,2020-10-05 13:00:00,Random Forest,13,-0.2562035605967466,-0.25520939291681516,2019-10-05 13:00:00,2020-10-05 13:00:00,2020-10-05 13:00:00,366,1
18,2020-10-05 13:00:00,Neural Network,13,-0.2562035605967466,-0.27564955384294276,2019-10-05 13:00:00,2020-10-05 13:00:00,2020-10-05 13:00:00,366,1
19,2020-10-05 13:00:00,Naive,13,-0.2562035605967466,-2.550025684391091,2019-10-05 13:00:00,2020-10-05 13:00:00,2020-10-05 13:00:00,366,1
20,2020-10-06 13:00:00,Decision Tree,13,0.002807450045563272,-0.008236665425195031,2019-10-06 13:00:00,2020-10-06 13:00:00,2020-10-06 13:00:00,366,1
21,2020-10-06 13:00:00,Random Forest,13,0.002807450045563272,-0.006786056720430479,2019-10-06 13:00:00,2020-10-06 13:00:00,2020-10-06 13:00:00,366,1
22,2020-10-06 13:00:00,Neural Network,13,0.002807450045563272,-0.3599385688607189,2019-10-06 13:00:00,2020-10-06 13:00:00,2020-10-06 13:00:00,366,1
23,2020-10-06 13:00:00,Naive,13,0.002807450045563272,-0.2562035605967466,2019-10-06 13:00:00,2020-10-06 13:00:00,2020-10-06 13:00:00,366,1
24,2020-10-07 13:00:00,Decision Tree,13,0.16618713729428516,0.15197920522102223,2019-10-07 13:00:00,2020-10-07 13:00:00,2020-10-07 13:00:00,366,1
25,2020-10-07 13:00:00,Random Forest,13,0.16618713729428516,0.15132852453934026,2019-10-07 13:00:00,2020-10-07 13:00:00,2020-10-07 13:00:00,366,1
26,2020-10-07 13:00:00,Neural Network,13,0.16618713729428516,0.22698612696966503,2019-10-07 13:00:00,2020-10-07 13:00:00,2020-10-07 13:00:00,366,1
27,2020-10-07 13:00:00,Naive,13,0.16618713729428516,0.002807450045563272,2019-10-07 13:00:00,2020-10-07 13:00:00,2020-10-07 13:00:00,366,1
28,2020-10-08 13:00:00,Decision Tree,13,-0.46322217023378237,-0.47825214808765615,2019-10-08 13:00:00,2020-10-08 13:00:00,2020-10-08 13:00:00,366,1
29,2020-10-08 13:00:00,Random Forest,13,-0.46322217023378237,-0.46788334886951627,2019-10-08 13:00:00,2020-10-08 13:00:00,2020-10-08 13:00:00,366,1
30,2020-10-08 13:00:00,Neural Network,13,-0.46322217023378237,-0.5623622109002498,2019-10-08 13:00:00,2020-10-08 13:00:00,2020-10-08 13:00:00,366,1
31,2020-10-08 13:00:00,Naive,13,-0.46322217023378237,0.16618713729428516,2019-10-08 13:00:00,2020-10-08 13:00:00,2020-10-08 13:00:00,366,1
32,2020-10-09 13:00:00,Decision Tree,13,0.20479712885611878,0.2073295415292941,2019-10-09 13:00:00,2020-10-09 13:00:00,2020-10-09 13:00:00,366,1
33,2020-10-09 13:00:00,Random Forest,13,0.20479712885611878,0.2040820670689281,2019-10-09 13:00:00,2020-10-09 13:00:00,2020-10-09 13:00:00,366,1
34,2020-10-09 13:00:00,Neural Network,13,0.20479712885611878,0.5400881014995544,2019-10-09 13:00:00,2020-10-09 13:00:00,2020-10-09 13:00:00,366,1
35,2020-10-09 13:00:00,Naive,13,0.20479712885611878,-0.46322217023378237,2019-10-09 13:00:00,2020-10-09 13:00:00,2020-10-09 13:00:00,366,1
36,2020-10-10 13:00:00,Decision Tree,13,-0.5476208029075613,-0.5268073708295349,2019-10-10 13:00:00,2020-10-10 13:00:00,2020-10-10 13:00:00,366,1
37,2020-10-10 13:00:00,Random Forest,13,-0.5476208029075613,-0.5388470474339332,2019-10-10 13:00:00,2020-10-10 13:00:00,2020-10-10 13:00:00,366,1
38,2020-10-10 13:00:00,Neural Network,13,-0.5476208029075613,-0.5903238104162719,2019-10-10 13:00:00,2020-10-10 13:00:00,2020-10-10 13:00:00,366,1
39,2020-10-10 13:00:00,Naive,13,-0.5476208029075613,0.20479712885611878,2019-10-10 13:00:00,2020-10-10 13:00:00,2020-10-10 13:00:00,366,1
40,2020-10-11 13:00:00,Decision Tree,13,-0.41165189191840185,-0.42464353582072845,2019-10-11 13:00:00,2020-10-11 13:00:00,2020-10-11 13:00:00,366,1
41,2020-10-11 13:00:00,Random Forest,13,-0.41165189191840185,-0.41258692243088757,2019-10-11 13:00:00,2020-10-11 13:00:00,2020-10-11 13:00:00,366,1
42,2020-10-11 13:00:00,Neural Network,13,-0.41165189191840185,-0.20019659570683052,2019-10-11 13:00:00,2020-10-11 13:00:00,2020-10-11 13:00:00,366,1
43,2020-10-11 13:00:00,Naive,13,-0.41165189191840185,-0.5476208029075613,2019-10-11 13:00:00,2020-10-11 13:00:00,2020-10-11 13:00:00,366,1
44,2020-10-12 13:00:00,Decision Tree,13,0.7187607774441388,0.6850119863598361,2019-10-12 13:00:00,2020-10-12 13:00:00,2020-10-12 13:00:00,366,1
45,2020-10-12 13:00:00,Random Forest,13,0.7187607774441388,0.687992246729675,2019-10-12 13:00:00,2020-10-12 13:00:00,2020-10-12 13:00:00,366,1
46,2020-10-12 13:00:00,Neural Network,13,0.7187607774441388,0.7728355147332685,2019-10-12 13:00:00,2020-10-12 13:00:00,2020-10-12 13:00:00,366,1
47,2020-10-12 13:00:00,Naive,13,0.7187607774441388,-0.41165189191840185,2019-10-12 13:00:00,2020-10-12 13:00:00,2020-10-12 13:00:00,366,1
48,2020-10-13 13:00:00,Decision Tree,13,0.5252903110032736,0.4857206070398881,2019-10-13 13:00:00,2020-10-13 13:00:00,2020-10-13 13:00:00,366,1
49,2020-10-13 13:00:00,Random Forest,13,0.5252903110032736,0.5040718861732092,2019-10-13 13:00:00,2020-10-13 13:00:00,2020-10-13 13:00:00,366,1
50,2020-10-13 13:00:00,Neural Network,13,0.5252903110032736,0.7842002102660939,2019-10-13 13:00:00,2020-10-13 13:00:00,2020-10-13 13:00:00,366,1
51,2020-10-13 13:00:00,Naive,13,0.5252903110032736,0.7187607774441388,2019-10-13 13:00:00,2020-10-13 13:00:00,2020-10-13 13:00:00,366,1
52,2020-10-14 13:00:00,Decision Tree,13,-0.2507004974916821,-0.2443627892150503,2019-10-14 13:00:00,2020-10-14 13:00:00,2020-10-14 13:00:00,366,1
53,2020-10-14 13:00:00,Random Forest,13,-0.2507004974916821,-0.2569863071892082,2019-10-14 13:00:00,2020-10-14 13:00:00,2020-10-14 13:00:00,366,1
54,2020-10-14 13:00:00,Neural Network,13,-0.2507004974916821,-0.47681638227759,2019-10-14 13:00:00,2020-10-14 13:00:00,2020-10-14 13:00:00,366,1
55,2020-10-14 13:00:00,Naive,13,-0.2507004974916821,0.5252903110032736,2019-10-14 13:00:00,2020-10-14 13:00:00,2020-10-14 13:00:00,366,1
56,2020-10-15 13:00:00,Decision Tree,13,0.634602718717415,0.6011578722963311,2019-10-15 13:00:00,2020-10-15 13:00:00,2020-10-15 13:00:00,366,1
57,2020-10-15 13:00:00,Random Forest,13,0.634602718717415,0.6245206720411349,2019-10-15 13:00:00,2020-10-15 13:00:00,2020-10-15 13:00:00,366,1
58,2020-10-15 13:00:00,Neural Network,13,0.634602718717415,0.44259983558838634,2019-10-15 13:00:00,2020-10-15 13:00:00,2020-10-15 13:00:00,366,1
59,2020-10-15 13:00:00,Naive,13,0.634602718717415,-0.2507004974916821,2019-10-15 13:00:00,2020-10-15 13:00:00,2020-10-15 13:00:00,366,1
60,2020-10-16 13:00:00,Decision Tree,13,0.7591235286582058,0.7495765611420528,2019-10-16 13:00:00,2020-10-16 13:00:00,2020-10-16 13:00:00,366,1
61,2020-10-16 13:00:00,Random Forest,13,0.7591235286582058,0.744177820912576,2019-10-16 13:00:00,2020-10-16 13:00:00,2020-10-16 13:00:00,366,1
62,2020-10-16 13:00:00,Neural Network,13,0.7591235286582058,0.847866416979022,2019-10-16 13:00:00,2020-10-16 13:00:00,2020-10-16 13:00:00,366,1
63,2020-10-16 13:00:00,Naive,13,0.7591235286582058,0.634602718717415,2019-10-16 13:00:00,2020-10-16 13:00:00,2020-10-16 13:00:00,366,1
64,2020-10-17 13:00:00,Decision Tree,13,0.1316473845826727,0.12150955406669373,2019-10-17 13:00:00,2020-10-17 13:00:00,2020-10-17 13:00:00,366,1
65,2020-10-17 13:00:00,Random Forest,13,0.1316473845826727,0.11444767052928169,2019-10-17 13:00:00,2020-10-17 13:00:00,2020-10-17 13:00:00,366,1
66,2020-10-17 13:00:00,Neural Network,13,0.1316473845826727,0.3784468971734112,2019-10-17 13:00:00,2020-10-17 13:00:00,2020-10-17 13:00:00,366,1
67,2020-10-17 13:00:00,Naive,13,0.1316473845826727,0.7591235286582058,2019-10-17 13:00:00,2020-10-17 13:00:00,2020-10-17 13:00:00,366,1
68,2020-10-18 13:00:00,Decision Tree,13,-0.7586070360841484,-0.7651329931599986,2019-10-18 13:00:00,2020-10-18 13:00:00,2020-10-18 13:00:00,366,1
69,2020-10-18 13:00:00,Random Forest,13,-0.7586070360841484,-0.7641904648416468,2019-10-18 13:00:00,2020-10-18 13:00:00,2020-10-18 13:00:00,366,1
70,2020-10-18 13:00:00,Neural Network,13,-0.7586070360841484,-0.6402811844958274,2019-10-18 13:00:00,2020-10-18 13:00:00,2020-10-18 13:00:00,366,1
71,2020-10-18 13:00:00,Naive,13,-0.7586070360841484,0.1316473845826727,2019-10-18 13:00:00,2020-10-18 13:00:00,2020-10-18 13:00:00,366,1
72,2020-10-19 13:00:00,Decision Tree,13,0.522799976640769,0.49388686756033123,2019-10-19 13:00:00,2020-10-19 13:00:00,2020-10-19 13:00:00,366,1
73,2020-10-19 13:00:00,Random Forest,13,0.522799976640769,0.4957529992817455,2019-10-19 13:00:00,2020-10-19 13:00:00,2020-10-19 13:00:00,366,1
74,2020-10-19 13:00:00,Neural Network,13,0.522799976640769,0.6068787342224734,2019-10-19 13:00:00,2020-10-19 13:00:00,2020-10-19 13:00:00,366,1
75,2020-10-19 13:00:00,Naive,13,0.522799976640769,-0.7586070360841484,2019-10-19 13:00:00,2020-10-19 13:00:00,2020-10-19 13:00:00,366,1
76,2020-10-20 13:00:00,Decision Tree,13,-0.3707791154878181,-0.38205006515641293,2019-10-20 13:00:00,2020-10-20 13:00:00,2020-10-20 13:00:00,366,1
77,2020-10-20 13:00:00,Random Forest,13,-0.3707791154878181,-0.37681271988977594,2019-10-20 13:00:00,2020-10-20 13:00:00,2020-10-20 13:00:00,366,1
78,2020-10-20 13:00:00,Neural Network,13,-0.3707791154878181,-0.22675108412339898,2019-10-20 13:00:00,2020-10-20 13:00:00,2020-10-20 13:00:00,366,1
79,2020-10-20 13:00:00,Naive,13,-0.3707791154878181,0.522799976640769,2019-10-20 13:00:00,2020-10-20 13:00:00,2020-10-20 13:00:00,366,1
80,2020-10-21 13:00:00,Decision Tree,13,-0.2875179775581129,-0.3098811607239373,2019-10-21 13:00:00,2020-10-21 13:00:00,2020-10-21 13:00:00,366,1
81,2020-10-21 13:00:00,Random Forest,13,-0.2875179775581129,-0.29206487467478554,2019-10-21 13:00:00,2020-10-21 13:00:00,2020-10-21 13:00:00,366,1
82,2020-10-21 13:00:00,Neural Network,13,-0.2875179775581129,-0.2564569484179479,2019-10-21 13:00:00,2020-10-21 13:00:00,2020-10-21 13:00:00,366,1
83,2020-10-21 13:00:00,Naive,13,-0.2875179775581129,-0.3707791154878181,2019-10-21 13:00:00,2020-10-21 13:00:00,2020-10-21 13:00:00,366,1
84,2020-10-22 13:00:00,Decision Tree,13,-0.5686095797041913,-0.6250648070539023,2019-10-22 13:00:00,2020-10-22 13:00:00,2020-10-22 13:00:00,366,1
85,2020-10-22 13:00:00,Random Forest,13,-0.5686095797041913,-0.5720230354687191,2019-10-22 13:00:00,2020-10-22 13:00:00,2020-10-22 13:00:00,366,1
86,2020-10-22 13:00:00,Neural Network,13,-0.5686095797041913,-0.5420368752662517,2019-10-22 13:00:00,2020-10-22 13:00:00,2020-10-22 13:00:00,366,1
87,2020-10-22 13:00:00,Naive,13,-0.5686095797041913,-0.2875179775581129,2019-10-22 13:00:00,2020-10-22 13:00:00,2020-10-22 13:00:00,366,1
88,2020-10-23 13:00:00,Decision Tree,13,0.9668167921744336,1.0101017952186124,2019-10-23 13:00:00,2020-10-23 13:00:00,2020-10-23 13:00:00,366,1
89,2020-10-23 13:00:00,Random Forest,13,0.9668167921744336,0.9425346070400027,2019-10-23 13:00:00,2020-10-23 13:00:00,2020-10-23 13:00:00,366,1
90,2020-10-23 13:00:00,Neural Network,13,0.9668167921744336,0.7988473155056066,2019-10-23 13:00:00,2020-10-23 13:00:00,2020-10-23 13:00:00,366,1
91,2020-10-23 13:00:00,Naive,13,0.9668167921744336,-0.5686095797041913,2019-10-23 13:00:00,2020-10-23 13:00:00,2020-10-23 13:00:00,366,1
92,2020-10-24 13:00:00,Decision Tree,13,-0.6316433983551035,-0.6003300959306487,2019-10-24 13:00:00,2020-10-24 13:00:00,2020-10-24 13:00:00,366,1
93,2020-10-24 13:00:00,Random Forest,13,-0.6316433983551035,-0.6224249501020774,2019-10-24 13:00:00,2020-10-24 13:00:00,2020-10-24 13:00:00,366,1
94,2020-10-24 13:00:00,Neural Network,13,-0.6316433983551035,-0.8363914820689005,2019-10-24 13:00:00,2020-10-24 13:00:00,2020-10-24 13:00:00,366,1
95,2020-10-24 13:00:00,Naive,13,-0.6316433983551035,0.9668167921744336,2019-10-24 13:00:00,2020-10-24 13:00:00,2020-10-24 13:00:00,366,1
96,2020-10-25 13:00:00,Decision Tree,13,-1.5554514646427753,-1.4923637168890884,2019-10-25 13:00:00,2020-10-25 13:00:00,2020-10-25 13:00:00,366,1
97,2020-10-25 13:00:00,Random Forest,13,-1.5554514646427753,-1.5203040226206834,2019-10-25 13:00:00,2020-10-25 13:00:00,2020-10-25 13:00:00,366,1
98,2020-10-25 13:00:00,Neural Network,13,-1.5554514646427753,-1.2881727386417303,2019-10-25 13:00:00,2020-10-25 13:00:00,2020-10-25 13:00:00,366,1
99,2020-10-25 13:00:00,Naive,13,-1.5554514646427753,-0.6316433983551035,2019-10-25 13:00:00,2020-10-25 13:00:00,2020-10-25 13:00:00,366,1
100,2020-10-26 13:00:00,Decision Tree,13,0.503395001955681,0.4323804206007625,2019-10-26 13:00:00,2020-10-26 13:00:00,2020-10-26 13:00:00,366,1
101,2020-10-26 13:00:00,Random Forest,13,0.503395001955681,0.4604354496498849,2019-10-26 13:00:00,2020-10-26 13:00:00,2020-10-26 13:00:00,366,1
102,2020-10-26 13:00:00,Neural Network,13,0.503395001955681,0.5286602398419293,2019-10-26 13:00:00,2020-10-26 13:00:00,2020-10-26 13:00:00,366,1
103,2020-10-26 13:00:00,Naive,13,0.503395001955681,-1.5554514646427753,2019-10-26 13:00:00,2020-10-26 13:00:00,2020-10-26 13:00:00,366,1
104,2020-10-27 13:00:00,Decision Tree,13,0.03778574867642364,-0.008069587221444758,2019-10-27 13:00:00,2020-10-27 13:00:00,2020-10-27 13:00:00,366,1
105,2020-10-27 13:00:00,Random Forest,13,0.03778574867642364,0.00530614842381826,2019-10-27 13:00:00,2020-10-27 13:00:00,2020-10-27 13:00:00,366,1
106,2020-10-27 13:00:00,Neural Network,13,0.03778574867642364,-0.07998564054803298,2019-10-27 13:00:00,2020-10-27 13:00:00,2020-10-27 13:00:00,366,1
107,2020-10-27 13:00:00,Naive,13,0.03778574867642364,0.503395001955681,2019-10-27 13:00:00,2020-10-27 13:00:00,2020-10-27 13:00:00,366,1
108,2020-10-28 13:00:00,Decision Tree,13,-0.3400996158491386,-0.3543328696303324,2019-10-28 13:00:00,2020-10-28 13:00:00,2020-10-28 13:00:00,366,1
109,2020-10-28 13:00:00,Random Forest,13,-0.3400996158491386,-0.3457853923975919,2019-10-28 13:00:00,2020-10-28 13:00:00,2020-10-28 13:00:00,366,1
110,2020-10-28 13:00:00,Neural Network,13,-0.3400996158491386,-0.3593991959184229,2019-10-28 13:00:00,2020-10-28 13:00:00,2020-10-28 13:00:00,366,1
111,2020-10-28 13:00:00,Naive,13,-0.3400996158491386,0.03778574867642364,2019-10-28 13:00:00,2020-10-28 13:00:00,2020-10-28 13:00:00,366,1
112,2020-10-29 13:00:00,Decision Tree,13,-0.3918290325625856,-0.4118404553223505,2019-10-29 13:00:00,2020-10-29 13:00:00,2020-10-29 13:00:00,366,1
113,2020-10-29 13:00:00,Random Forest,13,-0.3918290325625856,-0.4047450940628433,2019-10-29 13:00:00,2020-10-29 13:00:00,2020-10-29 13:00:00,366,1
114,2020-10-29 13:00:00,Neural Network,13,-0.3918290325625856,-0.4226095196421951,2019-10-29 13:00:00,2020-10-29 13:00:00,2020-10-29 13:00:00,366,1
115,2020-10-29 13:00:00,Naive,13,-0.3918290325625856,-0.3400996158491386,2019-10-29 13:00:00,2020-10-29 13:00:00,2020-10-29 13:00:00,366,1
116,2020-10-30 13:00:00,Decision Tree,13,-0.23195118106622917,-0.24515500274962923,2019-10-30 13:00:00,2020-10-30 13:00:00,2020-10-30 13:00:00,366,1
117,2020-10-30 13:00:00,Random Forest,13,-0.23195118106622917,-0.25500191303256436,2019-10-30 13:00:00,2020-10-30 13:00:00,2020-10-30 13:00:00,366,1
118,2020-10-30 13:00:00,Neural Network,13,-0.23195118106622917,-0.4045005522049686,2019-10-30 13:00:00,2020-10-30 13:00:00,2020-10-30 13:00:00,366,1
119,2020-10-30 13:00:00,Naive,13,-0.23195118106622917,-0.3918290325625856,2019-10-30 13:00:00,2020-10-30 13:00:00,2020-10-30 13:00:00,366,1
120,2020-10-31 13:00:00,Decision Tree,13,-0.5478270384531245,-0.5278388623592093,2019-10-31 13:00:00,2020-10-31 13:00:00,2020-10-31 13:00:00,366,1
121,2020-10-31 13:00:00,Random Forest,13,-0.5478270384531245,-0.5526343646349171,2019-10-31 13:00:00,2020-10-31 13:00:00,2020-10-31 13:00:00,366,1
122,2020-10-31 13:00:00,Neural Network,13,-0.5478270384531245,-0.2619276431252647,2019-10-31 13:00:00,2020-10-31 13:00:00,2020-10-31 13:00:00,366,1
123,2020-10-31 13:00:00,Naive,13,-0.5478270384531245,-0.23195118106622917,2019-10-31 13:00:00,2020-10-31 13:00:00,2020-10-31 13:00:00,366,1
124,2020-11-01 13:00:00,Decision Tree,13,-1.1687713205631918,-1.1683540849886989,2019-11-01 13:00:00,2020-11-01 13:00:00,2020-11-01 13:00:00,366,1
125,2020-11-01 13:00:00,Random Forest,13,-1.1687713205631918,-1.163786000543184,2019-11-01 13:00:00,2020-11-01 13:00:00,2020-11-01 13:00:00,366,1
126,2020-11-01 13:00:00,Neural Network,13,-1.1687713205631918,-1.3192484037265348,2019-11-01 13:00:00,2020-11-01 13:00:00,2020-11-01 13:00:00,366,1
127,2020-11-01 13:00:00,Naive,13,-1.1687713205631918,-0.5478270384531245,2019-11-01 13:00:00,2020-11-01 13:00:00,2020-11-01 13:00:00,366,1
128,2020-11-02 13:00:00,Decision Tree,13,-0.5169794976189528,-0.5300597708140887,2019-11-02 13:00:00,2020-11-02 13:00:00,2020-11-02 13:00:00,366,1
129,2020-11-02 13:00:00,Random Forest,13,-0.5169794976189528,-0.5343293914805182,2019-11-02 13:00:00,2020-11-02 13:00:00,2020-11-02 13:00:00,366,1
130,2020-11-02 13:00:00,Neural Network,13,-0.5169794976189528,-0.5182301903149521,2019-11-02 13:00:00,2020-11-02 13:00:00,2020-11-02 13:00:00,366,1
131,2020-11-02 13:00:00,Naive,13,-0.5169794976189528,-1.1687713205631918,2019-11-02 13:00:00,2020-11-02 13:00:00,2020-11-02 13:00:00,366,1
132,2020-11-03 13:00:00,Decision Tree,13,0.5227143187017874,0.4827312102382232,2019-11-03 13:00:00,2020-11-03 13:00:00,2020-11-03 13:00:00,366,1
133,2020-11-03 13:00:00,Random Forest,13,0.5227143187017874,0.47911012434827116,2019-11-03 13:00:00,2020-11-03 13:00:00,2020-11-03 13:00:00,366,1
134,2020-11-03 13:00:00,Neural Network,13,0.5227143187017874,0.5656261693066034,2019-11-03 13:00:00,2020-11-03 13:00:00,2020-11-03 13:00:00,366,1
135,2020-11-03 13:00:00,Naive,13,0.5227143187017874,-0.5169794976189528,2019-11-03 13:00:00,2020-11-03 13:00:00,2020-11-03 13:00:00,366,1
136,2020-11-04 13:00:00,Decision Tree,13,0.2732723135042019,0.20690747275043153,2019-11-04 13:00:00,2020-11-04 13:00:00,2020-11-04 13:00:00,366,1
137,2020-11-04 13:00:00,Random Forest,13,0.2732723135042019,0.20901350987623188,2019-11-04 13:00:00,2020-11-04 13:00:00,2020-11-04 13:00:00,366,1
138,2020-11-04 13:00:00,Neural Network,13,0.2732723135042019,0.43720972983459777,2019-11-04 13:00:00,2020-11-04 13:00:00,2020-11-04 13:00:00,366,1
139,2020-11-04 13:00:00,Naive,13,0.2732723135042019,0.5227143187017874,2019-11-04 13:00:00,2020-11-04 13:00:00,2020-11-04 13:00:00,366,1
140,2020-11-05 13:00:00,Decision Tree,13,-0.13103783331696894,-0.13228801551235633,2019-11-05 13:00:00,2020-11-05 13:00:00,2020-11-05 13:00:00,366,1
141,2020-11-05 13:00:00,Random Forest,13,-0.13103783331696894,-0.163217910787836,2019-11-05 13:00:00,2020-11-05 13:00:00,2020-11-05 13:00:00,366,1
142,2020-11-05 13:00:00,Neural Network,13,-0.13103783331696894,0.09918811420105983,2019-11-05 13:00:00,2020-11-05 13:00:00,2020-11-05 13:00:00,366,1
143,2020-11-05 13:00:00,Naive,13,-0.13103783331696894,0.2732723135042019,2019-11-05 13:00:00,2020-11-05 13:00:00,2020-11-05 13:00:00,366,1
144,2020-11-06 13:00:00,Decision Tree,13,0.19970601086561238,0.15787674666474424,2019-11-06 13:00:00,2020-11-06 13:00:00,2020-11-06 13:00:00,366,1
145,2020-11-06 13:00:00,Random Forest,13,0.19970601086561238,0.15052258195436485,2019-11-06 13:00:00,2020-11-06 13:00:00,2020-11-06 13:00:00,366,1
146,2020-11-06 13:00:00,Neural Network,13,0.19970601086561238,0.5502906857754057,2019-11-06 13:00:00,2020-11-06 13:00:00,2020-11-06 13:00:00,366,1
147,2020-11-06 13:00:00,Naive,13,0.19970601086561238,-0.13103783331696894,2019-11-06 13:00:00,2020-11-06 13:00:00,2020-11-06 13:00:00,366,1
148,2020-11-07 13:00:00,Decision Tree,13,-0.24570939331405933,-0.2942958981788623,2019-11-07 13:00:00,2020-11-07 13:00:00,2020-11-07 13:00:00,366,1
149,2020-11-07 13:00:00,Random Forest,13,-0.24570939331405933,-0.2882588262983205,2019-11-07 13:00:00,2020-11-07 13:00:00,2020-11-07 13:00:00,366,1
150,2020-11-07 13:00:00,Neural Network,13,-0.24570939331405933,0.031663833152706655,2019-11-07 13:00:00,2020-11-07 13:00:00,2020-11-07 13:00:00,366,1
151,2020-11-07 13:00:00,Naive,13,-0.24570939331405933,0.19970601086561238,2019-11-07 13:00:00,2020-11-07 13:00:00,2020-11-07 13:00:00,366,1
152,2020-11-08 13:00:00,Decision Tree,13,-0.157088086426922,-0.20615074415679638,2019-11-08 13:00:00,2020-11-08 13:00:00,2020-11-08 13:00:00,366,1
153,2020-11-08 13:00:00,Random Forest,13,-0.157088086426922,-0.18756136559040684,2019-11-08 13:00:00,2020-11-08 13:00:00,2020-11-08 13:00:00,366,1
154,2020-11-08 13:00:00,Neural Network,13,-0.157088086426922,0.020550650802768577,2019-11-08 13:00:00,2020-11-08 13:00:00,2020-11-08 13:00:00,366,1
155,2020-11-08 13:00:00,Naive,13,-0.157088086426922,-0.24570939331405933,2019-11-08 13:00:00,2020-11-08 13:00:00,2020-11-08 13:00:00,366,1
156,2020-11-09 13:00:00,Decision Tree,13,0.7379256602121306,0.7231306023686956,2019-11-09 13:00:00,2020-11-09 13:00:00,2020-11-09 13:00:00,366,1
157,2020-11-09 13:00:00,Random Forest,13,0.7379256602121306,0.6854805883801126,2019-11-09 13:00:00,2020-11-09 13:00:00,2020-11-09 13:00:00,366,1
158,2020-11-09 13:00:00,Neural Network,13,0.7379256602121306,0.8425025670589193,2019-11-09 13:00:00,2020-11-09 13:00:00,2020-11-09 13:00:00,366,1
159,2020-11-09 13:00:00,Naive,13,0.7379256602121306,-0.157088086426922,2019-11-09 13:00:00,2020-11-09 13:00:00,2020-11-09 13:00:00,366,1
160,2020-11-10 13:00:00,Decision Tree,13,0.9295715959771782,0.8079722705563532,2019-11-10 13:00:00,2020-11-10 13:00:00,2020-11-10 13:00:00,366,1
161,2020-11-10 13:00:00,Random Forest,13,0.9295715959771782,0.8631318287181813,2019-11-10 13:00:00,2020-11-10 13:00:00,2020-11-10 13:00:00,366,1
162,2020-11-10 13:00:00,Neural Network,13,0.9295715959771782,0.9527092550065084,2019-11-10 13:00:00,2020-11-10 13:00:00,2020-11-10 13:00:00,366,1
163,2020-11-10 13:00:00,Naive,13,0.9295715959771782,0.7379256602121306,2019-11-10 13:00:00,2020-11-10 13:00:00,2020-11-10 13:00:00,366,1
164,2020-11-11 13:00:00,Decision Tree,13,0.8362030538087737,0.8544866898852804,2019-11-11 13:00:00,2020-11-11 13:00:00,2020-11-11 13:00:00,366,1
165,2020-11-11 13:00:00,Random Forest,13,0.8362030538087737,0.7489316179646225,2019-11-11 13:00:00,2020-11-11 13:00:00,2020-11-11 13:00:00,366,1
166,2020-11-11 13:00:00,Neural Network,13,0.8362030538087737,0.9248511114705733,2019-11-11 13:00:00,2020-11-11 13:00:00,2020-11-11 13:00:00,366,1
167,2020-11-11 13:00:00,Naive,13,0.8362030538087737,0.9295715959771782,2019-11-11 13:00:00,2020-11-11 13:00:00,2020-11-11 13:00:00,366,1
168,2020-11-12 13:00:00,Decision Tree,13,0.39784854328699804,0.34491179765045427,2019-11-12 13:00:00,2020-11-12 13:00:00,2020-11-12 13:00:00,366,1
169,2020-11-12 13:00:00,Random Forest,13,0.39784854328699804,0.33551571040674616,2019-11-12 13:00:00,2020-11-12 13:00:00,2020-11-12 13:00:00,366,1
170,2020-11-12 13:00:00,Neural Network,13,0.39784854328699804,0.3279639787120166,2019-11-12 13:00:00,2020-11-12 13:00:00,2020-11-12 13:00:00,366,1
171,2020-11-12 13:00:00,Naive,13,0.39784854328699804,0.8362030538087737,2019-11-12 13:00:00,2020-11-12 13:00:00,2020-11-12 13:00:00,366,1
172,2020-11-13 13:00:00,Decision Tree,13,0.49046409271798413,0.4262797466055174,2019-11-13 13:00:00,2020-11-13 13:00:00,2020-11-13 13:00:00,366,1
173,2020-11-13 13:00:00,Random Forest,13,0.49046409271798413,0.4253929696837577,2019-11-13 13:00:00,2020-11-13 13:00:00,2020-11-13 13:00:00,366,1
174,2020-11-13 13:00:00,Neural Network,13,0.49046409271798413,0.34795273320379083,2019-11-13 13:00:00,2020-11-13 13:00:00,2020-11-13 13:00:00,366,1
175,2020-11-13 13:00:00,Naive,13,0.49046409271798413,0.39784854328699804,2019-11-13 13:00:00,2020-11-13 13:00:00,2020-11-13 13:00:00,366,1
176,2020-11-14 13:00:00,Decision Tree,13,0.19576465848972335,0.12325000862078432,2019-11-14 13:00:00,2020-11-14 13:00:00,2020-11-14 13:00:00,366,1
177,2020-11-14 13:00:00,Random Forest,13,0.19576465848972335,0.13290509020410426,2019-11-14 13:00:00,2020-11-14 13:00:00,2020-11-14 13:00:00,366,1
178,2020-11-14 13:00:00,Neural Network,13,0.19576465848972335,0.29461398325529436,2019-11-14 13:00:00,2020-11-14 13:00:00,2020-11-14 13:00:00,366,1
179,2020-11-14 13:00:00,Naive,13,0.19576465848972335,0.49046409271798413,2019-11-14 13:00:00,2020-11-14 13:00:00,2020-11-14 13:00:00,366,1
180,2020-11-15 13:00:00,Decision Tree,13,-1.496693574013689,-1.5046245263745235,2019-11-15 13:00:00,2020-11-15 13:00:00,2020-11-15 13:00:00,366,1
181,2020-11-15 13:00:00,Random Forest,13,-1.496693574013689,-1.4755078440096825,2019-11-15 13:00:00,2020-11-15 13:00:00,2020-11-15 13:00:00,366,1
182,2020-11-15 13:00:00,Neural Network,13,-1.496693574013689,-1.370674837473749,2019-11-15 13:00:00,2020-11-15 13:00:00,2020-11-15 13:00:00,366,1
183,2020-11-15 13:00:00,Naive,13,-1.496693574013689,0.19576465848972335,2019-11-15 13:00:00,2020-11-15 13:00:00,2020-11-15 13:00:00,366,1
184,2020-11-16 13:00:00,Decision Tree,13,-0.023586560842643767,-0.07190936718574112,2019-11-16 13:00:00,2020-11-16 13:00:00,2020-11-16 13:00:00,366,1
185,2020-11-16 13:00:00,Random Forest,13,-0.023586560842643767,-0.07453730676509819,2019-11-16 13:00:00,2020-11-16 13:00:00,2020-11-16 13:00:00,366,1
186,2020-11-16 13:00:00,Neural Network,13,-0.023586560842643767,-0.17237266901768372,2019-11-16 13:00:00,2020-11-16 13:00:00,2020-11-16 13:00:00,366,1
187,2020-11-16 13:00:00,Naive,13,-0.023586560842643767,-1.496693574013689,2019-11-16 13:00:00,2020-11-16 13:00:00,2020-11-16 13:00:00,366,1
188,2020-11-17 13:00:00,Decision Tree,13,0.3397180798748935,0.2614607388940421,2019-11-17 13:00:00,2020-11-17 13:00:00,2020-11-17 13:00:00,366,1
189,2020-11-17 13:00:00,Random Forest,13,0.3397180798748935,0.2647564246691226,2019-11-17 13:00:00,2020-11-17 13:00:00,2020-11-17 13:00:00,366,1
190,2020-11-17 13:00:00,Neural Network,13,0.3397180798748935,0.10809410207155956,2019-11-17 13:00:00,2020-11-17 13:00:00,2020-11-17 13:00:00,366,1
191,2020-11-17 13:00:00,Naive,13,0.3397180798748935,-0.023586560842643767,2019-11-17 13:00:00,2020-11-17 13:00:00,2020-11-17 13:00:00,366,1
192,2020-11-18 13:00:00,Decision Tree,13,0.3371168404481657,0.25886353789508637,2019-11-18 13:00:00,2020-11-18 13:00:00,2020-11-18 13:00:00,366,1
193,2020-11-18 13:00:00,Random Forest,13,0.3371168404481657,0.2638000319528039,2019-11-18 13:00:00,2020-11-18 13:00:00,2020-11-18 13:00:00,366,1
194,2020-11-18 13:00:00,Neural Network,13,0.3371168404481657,-0.004011609059922372,2019-11-18 13:00:00,2020-11-18 13:00:00,2020-11-18 13:00:00,366,1
195,2020-11-18 13:00:00,Naive,13,0.3371168404481657,0.3397180798748935,2019-11-18 13:00:00,2020-11-18 13:00:00,2020-11-18 13:00:00,366,1
196,2020-11-19 13:00:00,Decision Tree,13,-0.45870126940043443,-0.47574715177867716,2019-11-19 13:00:00,2020-11-19 13:00:00,2020-11-19 13:00:00,366,1
197,2020-11-19 13:00:00,Random Forest,13,-0.45870126940043443,-0.4798396775321965,2019-11-19 13:00:00,2020-11-19 13:00:00,2020-11-19 13:00:00,366,1
198,2020-11-19 13:00:00,Neural Network,13,-0.45870126940043443,-0.4971922483060564,2019-11-19 13:00:00,2020-11-19 13:00:00,2020-11-19 13:00:00,366,1
199,2020-11-19 13:00:00,Naive,13,-0.45870126940043443,0.3371168404481657,2019-11-19 13:00:00,2020-11-19 13:00:00,2020-11-19 13:00:00,366,1
200,2020-11-20 13:00:00,Decision Tree,13,0.7715026311476052,0.680277397121058,2019-11-20 13:00:00,2020-11-20 13:00:00,2020-11-20 13:00:00,366,1
201,2020-11-20 13:00:00,Random Forest,13,0.7715026311476052,0.7134661613004604,2019-11-20 13:00:00,2020-11-20 13:00:00,2020-11-20 13:00:00,366,1
202,2020-11-20 13:00:00,Neural Network,13,0.7715026311476052,0.7033451823717094,2019-11-20 13:00:00,2020-11-20 13:00:00,2020-11-20 13:00:00,366,1
203,2020-11-20 13:00:00,Naive,13,0.7715026311476052,-0.45870126940043443,2019-11-20 13:00:00,2020-11-20 13:00:00,2020-11-20 13:00:00,366,1
204,2020-11-21 13:00:00,Decision Tree,13,-0.6667224344425556,-0.6697391476587475,2019-11-21 13:00:00,2020-11-21 13:00:00,2020-11-21 13:00:00,366,1
205,2020-11-21 13:00:00,Random Forest,13,-0.6667224344425556,-0.6744684396288229,2019-11-21 13:00:00,2020-11-21 13:00:00,2020-11-21 13:00:00,366,1
206,2020-11-21 13:00:00,Neural Network,13,-0.6667224344425556,-0.934566017555301,2019-11-21 13:00:00,2020-11-21 13:00:00,2020-11-21 13:00:00,366,1
207,2020-11-21 13:00:00,Naive,13,-0.6667224344425556,0.7715026311476052,2019-11-21 13:00:00,2020-11-21 13:00:00,2020-11-21 13:00:00,366,1
208,2020-11-22 13:00:00,Decision Tree,13,-0.4964183174649913,-0.5188886420407886,2019-11-22 13:00:00,2020-11-22 13:00:00,2020-11-22 13:00:00,366,1
209,2020-11-22 13:00:00,Random Forest,13,-0.4964183174649913,-0.5267669871058716,2019-11-22 13:00:00,2020-11-22 13:00:00,2020-11-22 13:00:00,366,1
210,2020-11-22 13:00:00,Neural Network,13,-0.4964183174649913,-0.593791967024898,2019-11-22 13:00:00,2020-11-22 13:00:00,2020-11-22 13:00:00,366,1
211,2020-11-22 13:00:00,Naive,13,-0.4964183174649913,-0.6667224344425556,2019-11-22 13:00:00,2020-11-22 13:00:00,2020-11-22 13:00:00,366,1
212,2020-11-23 13:00:00,Decision Tree,13,0.6883672230018977,0.5594222301872934,2019-11-23 13:00:00,2020-11-23 13:00:00,2020-11-23 13:00:00,366,1
213,2020-11-23 13:00:00,Random Forest,13,0.6883672230018977,0.5899771590724402,2019-11-23 13:00:00,2020-11-23 13:00:00,2020-11-23 13:00:00,366,1
214,2020-11-23 13:00:00,Neural Network,13,0.6883672230018977,0.6302015193434767,2019-11-23 13:00:00,2020-11-23 13:00:00,2020-11-23 13:00:00,366,1
215,2020-11-23 13:00:00,Naive,13,0.6883672230018977,-0.4964183174649913,2019-11-23 13:00:00,2020-11-23 13:00:00,2020-11-23 13:00:00,366,1
216,2020-11-24 13:00:00,Decision Tree,13,0.4559549612696222,0.3934799004307344,2019-11-24 13:00:00,2020-11-24 13:00:00,2020-11-24 13:00:00,366,1
217,2020-11-24 13:00:00,Random Forest,13,0.4559549612696222,0.3667854759468708,2019-11-24 13:00:00,2020-11-24 13:00:00,2020-11-24 13:00:00,366,1
218,2020-11-24 13:00:00,Neural Network,13,0.4559549612696222,0.529571512728324,2019-11-24 13:00:00,2020-11-24 13:00:00,2020-11-24 13:00:00,366,1
219,2020-11-24 13:00:00,Naive,13,0.4559549612696222,0.6883672230018977,2019-11-24 13:00:00,2020-11-24 13:00:00,2020-11-24 13:00:00,366,1
220,2020-11-25 13:00:00,Decision Tree,13,0.9830332573385644,0.9486401751954725,2019-11-25 13:00:00,2020-11-25 13:00:00,2020-11-25 13:00:00,366,1
221,2020-11-25 13:00:00,Random Forest,13,0.9830332573385644,0.8974475917360007,2019-11-25 13:00:00,2020-11-25 13:00:00,2020-11-25 13:00:00,366,1
222,2020-11-25 13:00:00,Neural Network,13,0.9830332573385644,0.8731586009424449,2019-11-25 13:00:00,2020-11-25 13:00:00,2020-11-25 13:00:00,366,1
223,2020-11-25 13:00:00,Naive,13,0.9830332573385644,0.4559549612696222,2019-11-25 13:00:00,2020-11-25 13:00:00,2020-11-25 13:00:00,366,1
224,2020-11-26 13:00:00,Decision Tree,13,1.2717208838011698,1.0886583116224664,2019-11-26 13:00:00,2020-11-26 13:00:00,2020-11-26 13:00:00,366,1
225,2020-11-26 13:00:00,Random Forest,13,1.2717208838011698,1.0879739523967074,2019-11-26 13:00:00,2020-11-26 13:00:00,2020-11-26 13:00:00,366,1
226,2020-11-26 13:00:00,Neural Network,13,1.2717208838011698,1.2279338719859247,2019-11-26 13:00:00,2020-11-26 13:00:00,2020-11-26 13:00:00,366,1
227,2020-11-26 13:00:00,Naive,13,1.2717208838011698,0.9830332573385644,2019-11-26 13:00:00,2020-11-26 13:00:00,2020-11-26 13:00:00,366,1
228,2020-11-27 13:00:00,Decision Tree,13,1.6092567963813869,1.1405188948495428,2019-11-27 13:00:00,2020-11-27 13:00:00,2020-11-27 13:00:00,366,1
229,2020-11-27 13:00:00,Random Forest,13,1.6092567963813869,1.1729067673659417,2019-11-27 13:00:00,2020-11-27 13:00:00,2020-11-27 13:00:00,366,1
230,2020-11-27 13:00:00,Neural Network,13,1.6092567963813869,1.8586819988755556,2019-11-27 13:00:00,2020-11-27 13:00:00,2020-11-27 13:00:00,366,1
231,2020-11-27 13:00:00,Naive,13,1.6092567963813869,1.2717208838011698,2019-11-27 13:00:00,2020-11-27 13:00:00,2020-11-27 13:00:00,366,1
232,2020-11-28 13:00:00,Decision Tree,13,0.8760736769211691,0.8442384314957471,2019-11-28 13:00:00,2020-11-28 13:00:00,2020-11-28 13:00:00,366,1
233,2020-11-28 13:00:00,Random Forest,13,0.8760736769211691,0.8117790997302922,2019-11-28 13:00:00,2020-11-28 13:00:00,2020-11-28 13:00:00,366,1
234,2020-11-28 13:00:00,Neural Network,13,0.8760736769211691,0.7372727124102114,2019-11-28 13:00:00,2020-11-28 13:00:00,2020-11-28 13:00:00,366,1
235,2020-11-28 13:00:00,Naive,13,0.8760736769211691,1.6092567963813869,2019-11-28 13:00:00,2020-11-28 13:00:00,2020-11-28 13:00:00,366,1
236,2020-11-29 13:00:00,Decision Tree,13,0.6681456526297944,0.5594222301872934,2019-11-29 13:00:00,2020-11-29 13:00:00,2020-11-29 13:00:00,366,1
237,2020-11-29 13:00:00,Random Forest,13,0.6681456526297944,0.5660191091988555,2019-11-29 13:00:00,2020-11-29 13:00:00,2020-11-29 13:00:00,366,1
238,2020-11-29 13:00:00,Neural Network,13,0.6681456526297944,0.49315152897897807,2019-11-29 13:00:00,2020-11-29 13:00:00,2020-11-29 13:00:00,366,1
239,2020-11-29 13:00:00,Naive,13,0.6681456526297944,0.8760736769211691,2019-11-29 13:00:00,2020-11-29 13:00:00,2020-11-29 13:00:00,366,1
240,2020-11-30 13:00:00,Decision Tree,13,1.1944375311086226,1.2564245367179632,2019-11-30 13:00:00,2020-11-30 13:00:00,2020-11-30 13:00:00,366,1
241,2020-11-30 13:00:00,Random Forest,13,1.1944375311086226,1.069066925422803,2019-11-30 13:00:00,2020-11-30 13:00:00,2020-11-30 13:00:00,366,1
242,2020-11-30 13:00:00,Neural Network,13,1.1944375311086226,1.0620774734578027,2019-11-30 13:00:00,2020-11-30 13:00:00,2020-11-30 13:00:00,366,1
243,2020-11-30 13:00:00,Naive,13,1.1944375311086226,0.6681456526297944,2019-11-30 13:00:00,2020-11-30 13:00:00,2020-11-30 13:00:00,366,1
244,2020-12-01 13:00:00,Decision Tree,13,1.489287052667088,1.189838346175439,2019-12-01 13:00:00,2020-12-01 13:00:00,2020-12-01 13:00:00,366,1
245,2020-12-01 13:00:00,Random Forest,13,1.489287052667088,1.2957081270817241,2019-12-01 13:00:00,2020-12-01 13:00:00,2020-12-01 13:00:00,366,1
246,2020-12-01 13:00:00,Neural Network,13,1.489287052667088,1.4575056323241466,2019-12-01 13:00:00,2020-12-01 13:00:00,2020-12-01 13:00:00,366,1
247,2020-12-01 13:00:00,Naive,13,1.489287052667088,1.1944375311086226,2019-12-01 13:00:00,2020-12-01 13:00:00,2020-12-01 13:00:00,366,1
248,2020-12-02 13:00:00,Decision Tree,13,1.991637528264118,1.3691690299016082,2019-12-02 13:00:00,2020-12-02 13:00:00,2020-12-02 13:00:00,366,1
249,2020-12-02 13:00:00,Random Forest,13,1.991637528264118,1.407587134364993,2019-12-02 13:00:00,2020-12-02 13:00:00,2020-12-02 13:00:00,366,1
250,2020-12-02 13:00:00,Neural Network,13,1.991637528264118,2.3452536874034426,2019-12-02 13:00:00,2020-12-02 13:00:00,2020-12-02 13:00:00,366,1
251,2020-12-02 13:00:00,Naive,13,1.991637528264118,1.489287052667088,2019-12-02 13:00:00,2020-12-02 13:00:00,2020-12-02 13:00:00,366,1
252,2020-12-03 13:00:00,Decision Tree,13,1.3153345942908072,1.528609029332707,2019-12-03 13:00:00,2020-12-03 13:00:00,2020-12-03 13:00:00,366,1
253,2020-12-03 13:00:00,Random Forest,13,1.3153345942908072,1.287991767019543,2019-12-03 13:00:00,2020-12-03 13:00:00,2020-12-03 13:00:00,366,1
254,2020-12-03 13:00:00,Neural Network,13,1.3153345942908072,0.9644249417155624,2019-12-03 13:00:00,2020-12-03 13:00:00,2020-12-03 13:00:00,366,1
255,2020-12-03 13:00:00,Naive,13,1.3153345942908072,1.991637528264118,2019-12-03 13:00:00,2020-12-03 13:00:00,2020-12-03 13:00:00,366,1
256,2020-12-04 13:00:00,Decision Tree,13,0.3824882758120893,0.3093048726379049,2019-12-04 13:00:00,2020-12-04 13:00:00,2020-12-04 13:00:00,366,1
257,2020-12-04 13:00:00,Random Forest,13,0.3824882758120893,0.3153558563359011,2019-12-04 13:00:00,2020-12-04 13:00:00,2020-12-04 13:00:00,366,1
258,2020-12-04 13:00:00,Neural Network,13,0.3824882758120893,0.2462025997142538,2019-12-04 13:00:00,2020-12-04 13:00:00,2020-12-04 13:00:00,366,1
259,2020-12-04 13:00:00,Naive,13,0.3824882758120893,1.3153345942908072,2019-12-04 13:00:00,2020-12-04 13:00:00,2020-12-04 13:00:00,366,1
260,2020-12-05 13:00:00,Decision Tree,13,1.1456205601982155,1.0265852045299961,2019-12-05 13:00:00,2020-12-05 13:00:00,2020-12-05 13:00:00,366,1
261,2020-12-05 13:00:00,Random Forest,13,1.1456205601982155,1.0382986385612414,2019-12-05 13:00:00,2020-12-05 13:00:00,2020-12-05 13:00:00,366,1
262,2020-12-05 13:00:00,Neural Network,13,1.1456205601982155,1.0182531983578462,2019-12-05 13:00:00,2020-12-05 13:00:00,2020-12-05 13:00:00,366,1
263,2020-12-05 13:00:00,Naive,13,1.1456205601982155,0.3824882758120893,2019-12-05 13:00:00,2020-12-05 13:00:00,2020-12-05 13:00:00,366,1
264,2020-12-06 13:00:00,Decision Tree,13,0.920142702968944,0.9048921662125494,2019-12-06 13:00:00,2020-12-06 13:00:00,2020-12-06 13:00:00,366,1
265,2020-12-06 13:00:00,Random Forest,13,0.920142702968944,0.8832712869757692,2019-12-06 13:00:00,2020-12-06 13:00:00,2020-12-06 13:00:00,366,1
266,2020-12-06 13:00:00,Neural Network,13,0.920142702968944,0.9762512571230866,2019-12-06 13:00:00,2020-12-06 13:00:00,2020-12-06 13:00:00,366,1
267,2020-12-06 13:00:00,Naive,13,0.920142702968944,1.1456205601982155,2019-12-06 13:00:00,2020-12-06 13:00:00,2020-12-06 13:00:00,366,1
268,2020-12-07 13:00:00,Decision Tree,13,0.3247040851024767,0.2603309869987904,2019-12-07 13:00:00,2020-12-07 13:00:00,2020-12-07 13:00:00,366,1
269,2020-12-07 13:00:00,Random Forest,13,0.3247040851024767,0.2650810664553975,2019-12-07 13:00:00,2020-12-07 13:00:00,2020-12-07 13:00:00,366,1
270,2020-12-07 13:00:00,Neural Network,13,0.3247040851024767,0.5171269436419897,2019-12-07 13:00:00,2020-12-07 13:00:00,2020-12-07 13:00:00,366,1
271,2020-12-07 13:00:00,Naive,13,0.3247040851024767,0.920142702968944,2019-12-07 13:00:00,2020-12-07 13:00:00,2020-12-07 13:00:00,366,1
272,2020-12-08 13:00:00,Decision Tree,13,1.8699270600588387,1.493063290159057,2019-12-08 13:00:00,2020-12-08 13:00:00,2020-12-08 13:00:00,366,1
273,2020-12-08 13:00:00,Random Forest,13,1.8699270600588387,1.5827431855295526,2019-12-08 13:00:00,2020-12-08 13:00:00,2020-12-08 13:00:00,366,1
274,2020-12-08 13:00:00,Neural Network,13,1.8699270600588387,2.080232386022668,2019-12-08 13:00:00,2020-12-08 13:00:00,2020-12-08 13:00:00,366,1
275,2020-12-08 13:00:00,Naive,13,1.8699270600588387,0.3247040851024767,2019-12-08 13:00:00,2020-12-08 13:00:00,2020-12-08 13:00:00,366,1
276,2020-12-09 13:00:00,Decision Tree,13,2.375702823274327,1.5927643195353356,2019-12-09 13:00:00,2020-12-09 13:00:00,2020-12-09 13:00:00,366,1
277,2020-12-09 13:00:00,Random Forest,13,2.375702823274327,1.6816971411005983,2019-12-09 13:00:00,2020-12-09 13:00:00,2020-12-09 13:00:00,366,1
278,2020-12-09 13:00:00,Neural Network,13,2.375702823274327,3.153040301666021,2019-12-09 13:00:00,2020-12-09 13:00:00,2020-12-09 13:00:00,366,1
279,2020-12-09 13:00:00,Naive,13,2.375702823274327,1.8699270600588387,2019-12-09 13:00:00,2020-12-09 13:00:00,2020-12-09 13:00:00,366,1
280,2020-12-10 13:00:00,Decision Tree,13,2.1855996481762254,1.8671622521291518,2019-12-10 13:00:00,2020-12-10 13:00:00,2020-12-10 13:00:00,366,1
281,2020-12-10 13:00:00,Random Forest,13,2.1855996481762254,1.9442078480307168,2019-12-10 13:00:00,2020-12-10 13:00:00,2020-12-10 13:00:00,366,1
282,2020-12-10 13:00:00,Neural Network,13,2.1855996481762254,2.418878679939374,2019-12-10 13:00:00,2020-12-10 13:00:00,2020-12-10 13:00:00,366,1
283,2020-12-10 13:00:00,Naive,13,2.1855996481762254,2.375702823274327,2019-12-10 13:00:00,2020-12-10 13:00:00,2020-12-10 13:00:00,366,1
284,2020-12-11 13:00:00,Decision Tree,13,1.154328065235333,1.0196113515427951,2019-12-11 13:00:00,2020-12-11 13:00:00,2020-12-11 13:00:00,366,1
285,2020-12-11 13:00:00,Random Forest,13,1.154328065235333,1.0891760194624656,2019-12-11 13:00:00,2020-12-11 13:00:00,2020-12-11 13:00:00,366,1
286,2020-12-11 13:00:00,Neural Network,13,1.154328065235333,0.7850008467950302,2019-12-11 13:00:00,2020-12-11 13:00:00,2020-12-11 13:00:00,366,1
287,2020-12-11 13:00:00,Naive,13,1.154328065235333,2.1855996481762254,2019-12-11 13:00:00,2020-12-11 13:00:00,2020-12-11 13:00:00,366,1
288,2020-12-12 13:00:00,Decision Tree,13,1.0221977937907816,0.9017795008026174,2019-12-12 13:00:00,2020-12-12 13:00:00,2020-12-12 13:00:00,366,1
289,2020-12-12 13:00:00,Random Forest,13,1.0221977937907816,0.9801519874743211,2019-12-12 13:00:00,2020-12-12 13:00:00,2020-12-12 13:00:00,366,1
290,2020-12-12 13:00:00,Neural Network,13,1.0221977937907816,1.0183959244199452,2019-12-12 13:00:00,2020-12-12 13:00:00,2020-12-12 13:00:00,366,1
291,2020-12-12 13:00:00,Naive,13,1.0221977937907816,1.154328065235333,2019-12-12 13:00:00,2020-12-12 13:00:00,2020-12-12 13:00:00,366,1
292,2020-12-13 13:00:00,Decision Tree,13,0.7722325224108298,0.74584535926515,2019-12-13 13:00:00,2020-12-13 13:00:00,2020-12-13 13:00:00,366,1
293,2020-12-13 13:00:00,Random Forest,13,0.7722325224108298,0.7382929354203916,2019-12-13 13:00:00,2020-12-13 13:00:00,2020-12-13 13:00:00,366,1
294,2020-12-13 13:00:00,Neural Network,13,0.7722325224108298,0.7764342351606911,2019-12-13 13:00:00,2020-12-13 13:00:00,2020-12-13 13:00:00,366,1
295,2020-12-13 13:00:00,Naive,13,0.7722325224108298,1.0221977937907816,2019-12-13 13:00:00,2020-12-13 13:00:00,2020-12-13 13:00:00,366,1
296,2020-12-14 13:00:00,Decision Tree,13,0.7205087457988139,0.6212370378980973,2019-12-14 13:00:00,2020-12-14 13:00:00,2020-12-14 13:00:00,366,1
297,2020-12-14 13:00:00,Random Forest,13,0.7205087457988139,0.6364503954948192,2019-12-14 13:00:00,2020-12-14 13:00:00,2020-12-14 13:00:00,366,1
298,2020-12-14 13:00:00,Neural Network,13,0.7205087457988139,0.6555908001942155,2019-12-14 13:00:00,2020-12-14 13:00:00,2020-12-14 13:00:00,366,1
299,2020-12-14 13:00:00,Naive,13,0.7205087457988139,0.7722325224108298,2019-12-14 13:00:00,2020-12-14 13:00:00,2020-12-14 13:00:00,366,1
300,2020-12-15 13:00:00,Decision Tree,13,1.3064107369276041,1.3103845894834922,2019-12-15 13:00:00,2020-12-15 13:00:00,2020-12-15 13:00:00,366,1
301,2020-12-15 13:00:00,Random Forest,13,1.3064107369276041,1.3175206509541795,2019-12-15 13:00:00,2020-12-15 13:00:00,2020-12-15 13:00:00,366,1
302,2020-12-15 13:00:00,Neural Network,13,1.3064107369276041,1.1350130704594588,2019-12-15 13:00:00,2020-12-15 13:00:00,2020-12-15 13:00:00,366,1
303,2020-12-15 13:00:00,Naive,13,1.3064107369276041,0.7205087457988139,2019-12-15 13:00:00,2020-12-15 13:00:00,2020-12-15 13:00:00,366,1
304,2020-12-16 13:00:00,Decision Tree,13,1.2324240571310336,1.3097222807241773,2019-12-16 13:00:00,2020-12-16 13:00:00,2020-12-16 13:00:00,366,1
305,2020-12-16 13:00:00,Random Forest,13,1.2324240571310336,1.2359662046675983,2019-12-16 13:00:00,2020-12-16 13:00:00,2020-12-16 13:00:00,366,1
306,2020-12-16 13:00:00,Neural Network,13,1.2324240571310336,1.086444364038597,2019-12-16 13:00:00,2020-12-16 13:00:00,2020-12-16 13:00:00,366,1
307,2020-12-16 13:00:00,Naive,13,1.2324240571310336,1.3064107369276041,2019-12-16 13:00:00,2020-12-16 13:00:00,2020-12-16 13:00:00,366,1
308,2020-12-17 13:00:00,Decision Tree,13,0.5018304608357167,0.4424457029357212,2019-12-17 13:00:00,2020-12-17 13:00:00,2020-12-17 13:00:00,366,1
309,2020-12-17 13:00:00,Random Forest,13,0.5018304608357167,0.4503913846888499,2019-12-17 13:00:00,2020-12-17 13:00:00,2020-12-17 13:00:00,366,1
310,2020-12-17 13:00:00,Neural Network,13,0.5018304608357167,0.44773156524694974,2019-12-17 13:00:00,2020-12-17 13:00:00,2020-12-17 13:00:00,366,1
311,2020-12-17 13:00:00,Naive,13,0.5018304608357167,1.2324240571310336,2019-12-17 13:00:00,2020-12-17 13:00:00,2020-12-17 13:00:00,366,1
312,2020-12-18 13:00:00,Decision Tree,13,0.3293451022408539,0.21671219798751604,2019-12-18 13:00:00,2020-12-18 13:00:00,2020-12-18 13:00:00,366,1
313,2020-12-18 13:00:00,Random Forest,13,0.3293451022408539,0.2898030655098527,2019-12-18 13:00:00,2020-12-18 13:00:00,2020-12-18 13:00:00,366,1
314,2020-12-18 13:00:00,Neural Network,13,0.3293451022408539,0.40216078391439297,2019-12-18 13:00:00,2020-12-18 13:00:00,2020-12-18 13:00:00,366,1
315,2020-12-18 13:00:00,Naive,13,0.3293451022408539,0.5018304608357167,2019-12-18 13:00:00,2020-12-18 13:00:00,2020-12-18 13:00:00,366,1
316,2020-12-19 13:00:00,Decision Tree,13,-0.3027089419693599,-0.32988500790064845,2019-12-19 13:00:00,2020-12-19 13:00:00,2020-12-19 13:00:00,366,1
317,2020-12-19 13:00:00,Random Forest,13,-0.3027089419693599,-0.3340079222033199,2019-12-19 13:00:00,2020-12-19 13:00:00,2020-12-19 13:00:00,366,1
318,2020-12-19 13:00:00,Neural Network,13,-0.3027089419693599,-0.19819409480286115,2019-12-19 13:00:00,2020-12-19 13:00:00,2020-12-19 13:00:00,366,1
319,2020-12-19 13:00:00,Naive,13,-0.3027089419693599,0.3293451022408539,2019-12-19 13:00:00,2020-12-19 13:00:00,2020-12-19 13:00:00,366,1
320,2020-12-20 13:00:00,Decision Tree,13,0.6996390380576245,0.6431606836581956,2019-12-20 13:00:00,2020-12-20 13:00:00,2020-12-20 13:00:00,366,1
321,2020-12-20 13:00:00,Random Forest,13,0.6996390380576245,0.6592961724068375,2019-12-20 13:00:00,2020-12-20 13:00:00,2020-12-20 13:00:00,366,1
322,2020-12-20 13:00:00,Neural Network,13,0.6996390380576245,0.6231787462383171,2019-12-20 13:00:00,2020-12-20 13:00:00,2020-12-20 13:00:00,366,1
323,2020-12-20 13:00:00,Naive,13,0.6996390380576245,-0.3027089419693599,2019-12-20 13:00:00,2020-12-20 13:00:00,2020-12-20 13:00:00,366,1
324,2020-12-21 13:00:00,Decision Tree,13,1.0835091584919767,1.0028388796017702,2019-12-21 13:00:00,2020-12-21 13:00:00,2020-12-21 13:00:00,366,1
325,2020-12-21 13:00:00,Random Forest,13,1.0835091584919767,1.0261259385596113,2019-12-21 13:00:00,2020-12-21 13:00:00,2020-12-21 13:00:00,366,1
326,2020-12-21 13:00:00,Neural Network,13,1.0835091584919767,0.7744473101742093,2019-12-21 13:00:00,2020-12-21 13:00:00,2020-12-21 13:00:00,366,1
327,2020-12-21 13:00:00,Naive,13,1.0835091584919767,0.6996390380576245,2019-12-21 13:00:00,2020-12-21 13:00:00,2020-12-21 13:00:00,366,1
328,2020-12-22 13:00:00,Decision Tree,13,-0.08440314926291484,-0.14603498681416438,2019-12-22 13:00:00,2020-12-22 13:00:00,2020-12-22 13:00:00,366,1
329,2020-12-22 13:00:00,Random Forest,13,-0.08440314926291484,-0.14655588201492367,2019-12-22 13:00:00,2020-12-22 13:00:00,2020-12-22 13:00:00,366,1
330,2020-12-22 13:00:00,Neural Network,13,-0.08440314926291484,-0.13014233700370303,2019-12-22 13:00:00,2020-12-22 13:00:00,2020-12-22 13:00:00,366,1
331,2020-12-22 13:00:00,Naive,13,-0.08440314926291484,1.0835091584919767,2019-12-22 13:00:00,2020-12-22 13:00:00,2020-12-22 13:00:00,366,1
332,2020-12-23 13:00:00,Decision Tree,13,1.1845865571583636,1.1562856967616169,2019-12-23 13:00:00,2020-12-23 13:00:00,2020-12-23 13:00:00,366,1
333,2020-12-23 13:00:00,Random Forest,13,1.1845865571583636,1.1374192103709855,2019-12-23 13:00:00,2020-12-23 13:00:00,2020-12-23 13:00:00,366,1
334,2020-12-23 13:00:00,Neural Network,13,1.1845865571583636,0.9616469413390455,2019-12-23 13:00:00,2020-12-23 13:00:00,2020-12-23 13:00:00,366,1
335,2020-12-23 13:00:00,Naive,13,1.1845865571583636,-0.08440314926291484,2019-12-23 13:00:00,2020-12-23 13:00:00,2020-12-23 13:00:00,366,1
336,2020-12-24 13:00:00,Decision Tree,13,0.1290119892227749,0.05509392191433302,2019-12-24 13:00:00,2020-12-24 13:00:00,2020-12-24 13:00:00,366,1
337,2020-12-24 13:00:00,Random Forest,13,0.1290119892227749,0.05644902942016652,2019-12-24 13:00:00,2020-12-24 13:00:00,2020-12-24 13:00:00,366,1
338,2020-12-24 13:00:00,Neural Network,13,0.1290119892227749,-0.021583472514414448,2019-12-24 13:00:00,2020-12-24 13:00:00,2020-12-24 13:00:00,366,1
339,2020-12-24 13:00:00,Naive,13,0.1290119892227749,1.1845865571583636,2019-12-24 13:00:00,2020-12-24 13:00:00,2020-12-24 13:00:00,366,1
340,2020-12-25 13:00:00,Decision Tree,13,0.2664776661809315,0.1999916566700427,2019-12-25 13:00:00,2020-12-25 13:00:00,2020-12-25 13:00:00,366,1
341,2020-12-25 13:00:00,Random Forest,13,0.2664776661809315,0.1915796307052965,2019-12-25 13:00:00,2020-12-25 13:00:00,2020-12-25 13:00:00,366,1
342,2020-12-25 13:00:00,Neural Network,13,0.2664776661809315,-0.6810934135730128,2019-12-25 13:00:00,2020-12-25 13:00:00,2020-12-25 13:00:00,366,1
343,2020-12-25 13:00:00,Naive,13,0.2664776661809315,0.1290119892227749,2019-12-25 13:00:00,2020-12-25 13:00:00,2020-12-25 13:00:00,366,1
344,2020-12-26 13:00:00,Decision Tree,13,-0.9916164388066163,-1.0009869747423297,2019-12-26 13:00:00,2020-12-26 13:00:00,2020-12-26 13:00:00,366,1
345,2020-12-26 13:00:00,Random Forest,13,-0.9916164388066163,-0.9660503229187681,2019-12-26 13:00:00,2020-12-26 13:00:00,2020-12-26 13:00:00,366,1
346,2020-12-26 13:00:00,Neural Network,13,-0.9916164388066163,-0.8929903924832532,2019-12-26 13:00:00,2020-12-26 13:00:00,2020-12-26 13:00:00,366,1
347,2020-12-26 13:00:00,Naive,13,-0.9916164388066163,0.2664776661809315,2019-12-26 13:00:00,2020-12-26 13:00:00,2020-12-26 13:00:00,366,1
348,2020-12-27 13:00:00,Decision Tree,13,-2.3133999954987488,-2.1395894589243447,2019-12-27 13:00:00,2020-12-27 13:00:00,2020-12-27 13:00:00,366,1
349,2020-12-27 13:00:00,Random Forest,13,-2.3133999954987488,-2.248712676827693,2019-12-27 13:00:00,2020-12-27 13:00:00,2020-12-27 13:00:00,366,1
350,2020-12-27 13:00:00,Neural Network,13,-2.3133999954987488,-2.005709532980391,2019-12-27 13:00:00,2020-12-27 13:00:00,2020-12-27 13:00:00,366,1
351,2020-12-27 13:00:00,Naive,13,-2.3133999954987488,-0.9916164388066163,2019-12-27 13:00:00,2020-12-27 13:00:00,2020-12-27 13:00:00,366,1
352,2020-12-28 13:00:00,Decision Tree,13,1.0253966990613623,1.0162839260834715,2019-12-28 13:00:00,2020-12-28 13:00:00,2020-12-28 13:00:00,366,1
353,2020-12-28 13:00:00,Random Forest,13,1.0253966990613623,1.0238104740133165,2019-12-28 13:00:00,2020-12-28 13:00:00,2020-12-28 13:00:00,366,1
354,2020-12-28 13:00:00,Neural Network,13,1.0253966990613623,0.6476152510277584,2019-12-28 13:00:00,2020-12-28 13:00:00,2020-12-28 13:00:00,366,1
355,2020-12-28 13:00:00,Naive,13,1.0253966990613623,-2.3133999954987488,2019-12-28 13:00:00,2020-12-28 13:00:00,2020-12-28 13:00:00,366,1
356,2020-12-29 13:00:00,Decision Tree,13,1.0946584353159843,1.0175857507945987,2019-12-29 13:00:00,2020-12-29 13:00:00,2020-12-29 13:00:00,366,1
357,2020-12-29 13:00:00,Random Forest,13,1.0946584353159843,1.0412602131379225,2019-12-29 13:00:00,2020-12-29 13:00:00,2020-12-29 13:00:00,366,1
358,2020-12-29 13:00:00,Neural Network,13,1.0946584353159843,0.8558050396695056,2019-12-29 13:00:00,2020-12-29 13:00:00,2020-12-29 13:00:00,366,1
359,2020-12-29 13:00:00,Naive,13,1.0946584353159843,1.0253966990613623,2019-12-29 13:00:00,2020-12-29 13:00:00,2020-12-29 13:00:00,366,1
360,2020-12-30 13:00:00,Decision Tree,13,1.169937412508455,1.1610025068277412,2019-12-30 13:00:00,2020-12-30 13:00:00,2020-12-30 13:00:00,366,1
361,2020-12-30 13:00:00,Random Forest,13,1.169937412508455,1.1137144715304617,2019-12-30 13:00:00,2020-12-30 13:00:00,2020-12-30 13:00:00,366,1
362,2020-12-30 13:00:00,Neural Network,13,1.169937412508455,0.8595543183382564,2019-12-30 13:00:00,2020-12-30 13:00:00,2020-12-30 13:00:00,366,1
363,2020-12-30 13:00:00,Naive,13,1.169937412508455,1.0946584353159843,2019-12-30 13:00:00,2020-12-30 13:00:00,2020-12-30 13:00:00,366,1
364,2020-12-31 13:00:00,Decision Tree,13,1.0946126691361766,1.1122417218018879,2019-12-31 13:00:00,2020-12-31 13:00:00,2020-12-31 13:00:00,366,1
365,2020-12-31 13:00:00,Random Forest,13,1.0946126691361766,1.051887947495316,2019-12-31 13:00:00,2020-12-31 13:00:00,2020-12-31 13:00:00,366,1
366,2020-12-31 13:00:00,Neural Network,13,1.0946126691361766,0.7301093791705773,2019-12-31 13:00:00,2020-12-31 13:00:00,2020-12-31 13:00:00,366,1
367,2020-12-31 13:00:00,Naive,13,1.0946126691361766,1.169937412508455,2019-12-31 13:00:00,2020-12-31 13:00:00,2020-12-31 13:00:00,366,1
368,2021-01-01 13:00:00,Decision Tree,13,0.7309148517297008,0.6764494641963666,2020-01-01 13:00:00,2021-01-01 13:00:00,2021-01-01 13:00:00,366,1
369,2021-01-01 13:00:00,Random Forest,13,0.7309148517297008,0.6800948010788637,2020-01-01 13:00:00,2021-01-01 13:00:00,2021-01-01 13:00:00,366,1
370,2021-01-01 13:00:00,Neural Network,13,0.7309148517297008,0.14640302152001095,2020-01-01 13:00:00,2021-01-01 13:00:00,2021-01-01 13:00:00,366,1
371,2021-01-01 13:00:00,Naive,13,0.7309148517297008,1.0946126691361766,2020-01-01 13:00:00,2021-01-01 13:00:00,2021-01-01 13:00:00,366,1
372,2021-01-02 13:00:00,Decision Tree,13,1.0775307112022479,1.0114687780239553,2020-01-02 13:00:00,2021-01-02 13:00:00,2021-01-02 13:00:00,366,1
373,2021-01-02 13:00:00,Random Forest,13,1.0775307112022479,1.07964732236127,2020-01-02 13:00:00,2021-01-02 13:00:00,2021-01-02 13:00:00,366,1
374,2021-01-02 13:00:00,Neural Network,13,1.0775307112022479,1.623555773903693,2020-01-02 13:00:00,2021-01-02 13:00:00,2021-01-02 13:00:00,366,1
375,2021-01-02 13:00:00,Naive,13,1.0775307112022479,0.7309148517297008,2020-01-02 13:00:00,2021-01-02 13:00:00,2021-01-02 13:00:00,366,1
376,2021-01-03 13:00:00,Decision Tree,13,0.3949623824147609,0.3133303039099186,2020-01-03 13:00:00,2021-01-03 13:00:00,2021-01-03 13:00:00,366,1
377,2021-01-03 13:00:00,Random Forest,13,0.3949623824147609,0.32117203413762446,2020-01-03 13:00:00,2021-01-03 13:00:00,2021-01-03 13:00:00,366,1
378,2021-01-03 13:00:00,Neural Network,13,0.3949623824147609,0.7634568907531003,2020-01-03 13:00:00,2021-01-03 13:00:00,2021-01-03 13:00:00,366,1
379,2021-01-03 13:00:00,Naive,13,0.3949623824147609,1.0775307112022479,2020-01-03 13:00:00,2021-01-03 13:00:00,2021-01-03 13:00:00,366,1
380,2021-01-04 13:00:00,Decision Tree,13,1.417551364349987,1.2844180373293075,2020-01-04 13:00:00,2021-01-04 13:00:00,2021-01-04 13:00:00,366,1
381,2021-01-04 13:00:00,Random Forest,13,1.417551364349987,1.3701744319452644,2020-01-04 13:00:00,2021-01-04 13:00:00,2021-01-04 13:00:00,366,1
382,2021-01-04 13:00:00,Neural Network,13,1.417551364349987,0.48313531057451486,2020-01-04 13:00:00,2021-01-04 13:00:00,2021-01-04 13:00:00,366,1
383,2021-01-04 13:00:00,Naive,13,1.417551364349987,0.3949623824147609,2020-01-04 13:00:00,2021-01-04 13:00:00,2021-01-04 13:00:00,366,1
384,2021-01-05 13:00:00,Decision Tree,13,1.5355201487772854,1.330553082102495,2020-01-05 13:00:00,2021-01-05 13:00:00,2021-01-05 13:00:00,366,1
385,2021-01-05 13:00:00,Random Forest,13,1.5355201487772854,1.6327772456647345,2020-01-05 13:00:00,2021-01-05 13:00:00,2021-01-05 13:00:00,366,1
386,2021-01-05 13:00:00,Neural Network,13,1.5355201487772854,1.3548092612060347,2020-01-05 13:00:00,2021-01-05 13:00:00,2021-01-05 13:00:00,366,1
387,2021-01-05 13:00:00,Naive,13,1.5355201487772854,1.417551364349987,2020-01-05 13:00:00,2021-01-05 13:00:00,2021-01-05 13:00:00,366,1
388,2021-01-06 13:00:00,Decision Tree,13,1.4744463937083307,1.809310302743657,2020-01-06 13:00:00,2021-01-06 13:00:00,2021-01-06 13:00:00,366,1
389,2021-01-06 13:00:00,Random Forest,13,1.4744463937083307,1.5070580151773016,2020-01-06 13:00:00,2021-01-06 13:00:00,2021-01-06 13:00:00,366,1
390,2021-01-06 13:00:00,Neural Network,13,1.4744463937083307,1.4149818528505658,2020-01-06 13:00:00,2021-01-06 13:00:00,2021-01-06 13:00:00,366,1
391,2021-01-06 13:00:00,Naive,13,1.4744463937083307,1.5355201487772854,2020-01-06 13:00:00,2021-01-06 13:00:00,2021-01-06 13:00:00,366,1
392,2021-01-07 13:00:00,Decision Tree,13,2.0456690764784935,1.7721032017397318,2020-01-07 13:00:00,2021-01-07 13:00:00,2021-01-07 13:00:00,366,1
393,2021-01-07 13:00:00,Random Forest,13,2.0456690764784935,1.9623435225865058,2020-01-07 13:00:00,2021-01-07 13:00:00,2021-01-07 13:00:00,366,1
394,2021-01-07 13:00:00,Neural Network,13,2.0456690764784935,1.5683405226074245,2020-01-07 13:00:00,2021-01-07 13:00:00,2021-01-07 13:00:00,366,1
395,2021-01-07 13:00:00,Naive,13,2.0456690764784935,1.4744463937083307,2020-01-07 13:00:00,2021-01-07 13:00:00,2021-01-07 13:00:00,366,1
396,2021-01-08 13:00:00,Decision Tree,13,2.2773636690298877,2.093707227250401,2020-01-08 13:00:00,2021-01-08 13:00:00,2021-01-08 13:00:00,366,1
397,2021-01-08 13:00:00,Random Forest,13,2.2773636690298877,2.0911258139757947,2020-01-08 13:00:00,2021-01-08 13:00:00,2021-01-08 13:00:00,366,1
398,2021-01-08 13:00:00,Neural Network,13,2.2773636690298877,1.8331522463630316,2020-01-08 13:00:00,2021-01-08 13:00:00,2021-01-08 13:00:00,366,1
399,2021-01-08 13:00:00,Naive,13,2.2773636690298877,2.0456690764784935,2020-01-08 13:00:00,2021-01-08 13:00:00,2021-01-08 13:00:00,366,1
400,2021-01-09 13:00:00,Decision Tree,13,1.4930986940651252,1.5052123511768154,2020-01-09 13:00:00,2021-01-09 13:00:00,2021-01-09 13:00:00,366,1
401,2021-01-09 13:00:00,Random Forest,13,1.4930986940651252,1.514255254146638,2020-01-09 13:00:00,2021-01-09 13:00:00,2021-01-09 13:00:00,366,1
402,2021-01-09 13:00:00,Neural Network,13,1.4930986940651252,1.7588465406844953,2020-01-09 13:00:00,2021-01-09 13:00:00,2021-01-09 13:00:00,366,1
403,2021-01-09 13:00:00,Naive,13,1.4930986940651252,2.2773636690298877,2020-01-09 13:00:00,2021-01-09 13:00:00,2021-01-09 13:00:00,366,1
404,2021-01-10 13:00:00,Decision Tree,13,1.1070455171087807,1.1097232857067862,2020-01-10 13:00:00,2021-01-10 13:00:00,2021-01-10 13:00:00,366,1
405,2021-01-10 13:00:00,Random Forest,13,1.1070455171087807,1.0750756689365728,2020-01-10 13:00:00,2021-01-10 13:00:00,2021-01-10 13:00:00,366,1
406,2021-01-10 13:00:00,Neural Network,13,1.1070455171087807,1.4945088873539498,2020-01-10 13:00:00,2021-01-10 13:00:00,2021-01-10 13:00:00,366,1
407,2021-01-10 13:00:00,Naive,13,1.1070455171087807,1.4930986940651252,2020-01-10 13:00:00,2021-01-10 13:00:00,2021-01-10 13:00:00,366,1
408,2021-01-11 13:00:00,Decision Tree,13,0.8958800547441436,0.8773976594846569,2020-01-11 13:00:00,2021-01-11 13:00:00,2021-01-11 13:00:00,366,1
409,2021-01-11 13:00:00,Random Forest,13,0.8958800547441436,0.8700942904400962,2020-01-11 13:00:00,2021-01-11 13:00:00,2021-01-11 13:00:00,366,1
410,2021-01-11 13:00:00,Neural Network,13,0.8958800547441436,0.556195701212102,2020-01-11 13:00:00,2021-01-11 13:00:00,2021-01-11 13:00:00,366,1
411,2021-01-11 13:00:00,Naive,13,0.8958800547441436,1.1070455171087807,2020-01-11 13:00:00,2021-01-11 13:00:00,2021-01-11 13:00:00,366,1
412,2021-01-12 13:00:00,Decision Tree,13,1.2075598182718836,1.2551510351381963,2020-01-12 13:00:00,2021-01-12 13:00:00,2021-01-12 13:00:00,366,1
413,2021-01-12 13:00:00,Random Forest,13,1.2075598182718836,1.1950897277590815,2020-01-12 13:00:00,2021-01-12 13:00:00,2021-01-12 13:00:00,366,1
414,2021-01-12 13:00:00,Neural Network,13,1.2075598182718836,0.7799123174164531,2020-01-12 13:00:00,2021-01-12 13:00:00,2021-01-12 13:00:00,366,1
415,2021-01-12 13:00:00,Naive,13,1.2075598182718836,0.8958800547441436,2020-01-12 13:00:00,2021-01-12 13:00:00,2021-01-12 13:00:00,366,1
416,2021-01-13 13:00:00,Decision Tree,13,0.3650123527995157,0.26136792549059024,2020-01-13 13:00:00,2021-01-13 13:00:00,2021-01-13 13:00:00,366,1
417,2021-01-13 13:00:00,Random Forest,13,0.3650123527995157,0.3193182095545506,2020-01-13 13:00:00,2021-01-13 13:00:00,2021-01-13 13:00:00,366,1
418,2021-01-13 13:00:00,Neural Network,13,0.3650123527995157,0.064863507521006,2020-01-13 13:00:00,2021-01-13 13:00:00,2021-01-13 13:00:00,366,1
419,2021-01-13 13:00:00,Naive,13,0.3650123527995157,1.2075598182718836,2020-01-13 13:00:00,2021-01-13 13:00:00,2021-01-13 13:00:00,366,1
420,2021-01-14 13:00:00,Decision Tree,13,2.098026101404408,2.1243166342136486,2020-01-14 13:00:00,2021-01-14 13:00:00,2021-01-14 13:00:00,366,1
421,2021-01-14 13:00:00,Random Forest,13,2.098026101404408,2.0737617039622562,2020-01-14 13:00:00,2021-01-14 13:00:00,2021-01-14 13:00:00,366,1
422,2021-01-14 13:00:00,Neural Network,13,2.098026101404408,1.809293154832834,2020-01-14 13:00:00,2021-01-14 13:00:00,2021-01-14 13:00:00,366,1
423,2021-01-14 13:00:00,Naive,13,2.098026101404408,0.3650123527995157,2020-01-14 13:00:00,2021-01-14 13:00:00,2021-01-14 13:00:00,366,1
424,2021-01-15 13:00:00,Decision Tree,13,1.8810056852068382,2.1205608438123282,2020-01-15 13:00:00,2021-01-15 13:00:00,2021-01-15 13:00:00,366,1
425,2021-01-15 13:00:00,Random Forest,13,1.8810056852068382,1.9996082418504038,2020-01-15 13:00:00,2021-01-15 13:00:00,2021-01-15 13:00:00,366,1
426,2021-01-15 13:00:00,Neural Network,13,1.8810056852068382,1.836821659039328,2020-01-15 13:00:00,2021-01-15 13:00:00,2021-01-15 13:00:00,366,1
427,2021-01-15 13:00:00,Naive,13,1.8810056852068382,2.098026101404408,2020-01-15 13:00:00,2021-01-15 13:00:00,2021-01-15 13:00:00,366,1
428,2021-01-16 13:00:00,Decision Tree,13,1.0109322952070507,1.0209061970494255,2020-01-16 13:00:00,2021-01-16 13:00:00,2021-01-16 13:00:00,366,1
429,2021-01-16 13:00:00,Random Forest,13,1.0109322952070507,1.009004982710715,2020-01-16 13:00:00,2021-01-16 13:00:00,2021-01-16 13:00:00,366,1
430,2021-01-16 13:00:00,Neural Network,13,1.0109322952070507,1.2610267200933347,2020-01-16 13:00:00,2021-01-16 13:00:00,2021-01-16 13:00:00,366,1
431,2021-01-16 13:00:00,Naive,13,1.0109322952070507,1.8810056852068382,2020-01-16 13:00:00,2021-01-16 13:00:00,2021-01-16 13:00:00,366,1
432,2021-01-17 13:00:00,Decision Tree,13,1.1125533769616642,1.0196594593191286,2020-01-17 13:00:00,2021-01-17 13:00:00,2021-01-17 13:00:00,366,1
433,2021-01-17 13:00:00,Random Forest,13,1.1125533769616642,1.058879116184015,2020-01-17 13:00:00,2021-01-17 13:00:00,2021-01-17 13:00:00,366,1
434,2021-01-17 13:00:00,Neural Network,13,1.1125533769616642,1.3498125683703228,2020-01-17 13:00:00,2021-01-17 13:00:00,2021-01-17 13:00:00,366,1
435,2021-01-17 13:00:00,Naive,13,1.1125533769616642,1.0109322952070507,2020-01-17 13:00:00,2021-01-17 13:00:00,2021-01-17 13:00:00,366,1
436,2021-01-18 13:00:00,Decision Tree,13,1.3175834939878823,1.2492021330299072,2020-01-18 13:00:00,2021-01-18 13:00:00,2021-01-18 13:00:00,366,1
437,2021-01-18 13:00:00,Random Forest,13,1.3175834939878823,1.326978489562913,2020-01-18 13:00:00,2021-01-18 13:00:00,2021-01-18 13:00:00,366,1
438,2021-01-18 13:00:00,Neural Network,13,1.3175834939878823,1.223811817649501,2020-01-18 13:00:00,2021-01-18 13:00:00,2021-01-18 13:00:00,366,1
439,2021-01-18 13:00:00,Naive,13,1.3175834939878823,1.1125533769616642,2020-01-18 13:00:00,2021-01-18 13:00:00,2021-01-18 13:00:00,366,1
440,2021-01-19 13:00:00,Decision Tree,13,1.079612679540463,1.1213874025707031,2020-01-19 13:00:00,2021-01-19 13:00:00,2021-01-19 13:00:00,366,1
441,2021-01-19 13:00:00,Random Forest,13,1.079612679540463,1.0793528432102895,2020-01-19 13:00:00,2021-01-19 13:00:00,2021-01-19 13:00:00,366,1
442,2021-01-19 13:00:00,Neural Network,13,1.079612679540463,0.6723735657318968,2020-01-19 13:00:00,2021-01-19 13:00:00,2021-01-19 13:00:00,366,1
443,2021-01-19 13:00:00,Naive,13,1.079612679540463,1.3175834939878823,2020-01-19 13:00:00,2021-01-19 13:00:00,2021-01-19 13:00:00,366,1
444,2021-01-20 13:00:00,Decision Tree,13,0.12330531122442508,0.06318104963869481,2020-01-20 13:00:00,2021-01-20 13:00:00,2021-01-20 13:00:00,366,1
445,2021-01-20 13:00:00,Random Forest,13,0.12330531122442508,0.0800689860127829,2020-01-20 13:00:00,2021-01-20 13:00:00,2021-01-20 13:00:00,366,1
446,2021-01-20 13:00:00,Neural Network,13,0.12330531122442508,-0.00012897049557880624,2020-01-20 13:00:00,2021-01-20 13:00:00,2021-01-20 13:00:00,366,1
447,2021-01-20 13:00:00,Naive,13,0.12330531122442508,1.079612679540463,2020-01-20 13:00:00,2021-01-20 13:00:00,2021-01-20 13:00:00,366,1
448,2021-01-21 13:00:00,Decision Tree,13,0.009292505889139796,-0.03664783287901303,2020-01-21 13:00:00,2021-01-21 13:00:00,2021-01-21 13:00:00,366,1
449,2021-01-21 13:00:00,Random Forest,13,0.009292505889139796,-0.043352340702851974,2020-01-21 13:00:00,2021-01-21 13:00:00,2021-01-21 13:00:00,366,1
450,2021-01-21 13:00:00,Neural Network,13,0.009292505889139796,-0.019724820920506758,2020-01-21 13:00:00,2021-01-21 13:00:00,2021-01-21 13:00:00,366,1
451,2021-01-21 13:00:00,Naive,13,0.009292505889139796,0.12330531122442508,2020-01-21 13:00:00,2021-01-21 13:00:00,2021-01-21 13:00:00,366,1
452,2021-01-22 13:00:00,Decision Tree,13,1.0165515163274583,1.0016753675144385,2020-01-22 13:00:00,2021-01-22 13:00:00,2021-01-22 13:00:00,366,1
453,2021-01-22 13:00:00,Random Forest,13,1.0165515163274583,1.018268934705046,2020-01-22 13:00:00,2021-01-22 13:00:00,2021-01-22 13:00:00,366,1
454,2021-01-22 13:00:00,Neural Network,13,1.0165515163274583,0.9047408371519974,2020-01-22 13:00:00,2021-01-22 13:00:00,2021-01-22 13:00:00,366,1
455,2021-01-22 13:00:00,Naive,13,1.0165515163274583,0.009292505889139796,2020-01-22 13:00:00,2021-01-22 13:00:00,2021-01-22 13:00:00,366,1
456,2021-01-23 13:00:00,Decision Tree,13,1.0804250929970556,1.116165562191923,2020-01-23 13:00:00,2021-01-23 13:00:00,2021-01-23 13:00:00,366,1
457,2021-01-23 13:00:00,Random Forest,13,1.0804250929970556,1.0745422643912677,2020-01-23 13:00:00,2021-01-23 13:00:00,2021-01-23 13:00:00,366,1
458,2021-01-23 13:00:00,Neural Network,13,1.0804250929970556,1.145601555152659,2020-01-23 13:00:00,2021-01-23 13:00:00,2021-01-23 13:00:00,366,1
459,2021-01-23 13:00:00,Naive,13,1.0804250929970556,1.0165515163274583,2020-01-23 13:00:00,2021-01-23 13:00:00,2021-01-23 13:00:00,366,1
460,2021-01-24 13:00:00,Decision Tree,13,0.7618987009590008,0.7441566498835284,2020-01-24 13:00:00,2021-01-24 13:00:00,2021-01-24 13:00:00,366,1
461,2021-01-24 13:00:00,Random Forest,13,0.7618987009590008,0.7459060516043674,2020-01-24 13:00:00,2021-01-24 13:00:00,2021-01-24 13:00:00,366,1
462,2021-01-24 13:00:00,Neural Network,13,0.7618987009590008,1.2108127023411013,2020-01-24 13:00:00,2021-01-24 13:00:00,2021-01-24 13:00:00,366,1
463,2021-01-24 13:00:00,Naive,13,0.7618987009590008,1.0804250929970556,2020-01-24 13:00:00,2021-01-24 13:00:00,2021-01-24 13:00:00,366,1
464,2021-01-25 13:00:00,Decision Tree,13,1.6356535474730753,1.5203218171198434,2020-01-25 13:00:00,2021-01-25 13:00:00,2021-01-25 13:00:00,366,1
465,2021-01-25 13:00:00,Random Forest,13,1.6356535474730753,1.613990237857347,2020-01-25 13:00:00,2021-01-25 13:00:00,2021-01-25 13:00:00,366,1
466,2021-01-25 13:00:00,Neural Network,13,1.6356535474730753,1.4999058235163871,2020-01-25 13:00:00,2021-01-25 13:00:00,2021-01-25 13:00:00,366,1
467,2021-01-25 13:00:00,Naive,13,1.6356535474730753,0.7618987009590008,2020-01-25 13:00:00,2021-01-25 13:00:00,2021-01-25 13:00:00,366,1
468,2021-01-26 13:00:00,Decision Tree,13,1.6034176861935794,1.5221162853460395,2020-01-26 13:00:00,2021-01-26 13:00:00,2021-01-26 13:00:00,366,1
469,2021-01-26 13:00:00,Random Forest,13,1.6034176861935794,1.640759107916471,2020-01-26 13:00:00,2021-01-26 13:00:00,2021-01-26 13:00:00,366,1
470,2021-01-26 13:00:00,Neural Network,13,1.6034176861935794,1.561653680120408,2020-01-26 13:00:00,2021-01-26 13:00:00,2021-01-26 13:00:00,366,1
471,2021-01-26 13:00:00,Naive,13,1.6034176861935794,1.6356535474730753,2020-01-26 13:00:00,2021-01-26 13:00:00,2021-01-26 13:00:00,366,1
472,2021-01-27 13:00:00,Decision Tree,13,1.589531195202937,1.5322789604519822,2020-01-27 13:00:00,2021-01-27 13:00:00,2021-01-27 13:00:00,366,1
473,2021-01-27 13:00:00,Random Forest,13,1.589531195202937,1.6242526832378106,2020-01-27 13:00:00,2021-01-27 13:00:00,2021-01-27 13:00:00,366,1
474,2021-01-27 13:00:00,Neural Network,13,1.589531195202937,1.6139264997785423,2020-01-27 13:00:00,2021-01-27 13:00:00,2021-01-27 13:00:00,366,1
475,2021-01-27 13:00:00,Naive,13,1.589531195202937,1.6034176861935794,2020-01-27 13:00:00,2021-01-27 13:00:00,2021-01-27 13:00:00,366,1
476,2021-01-28 13:00:00,Decision Tree,13,1.409997005549949,1.3060240022911795,2020-01-28 13:00:00,2021-01-28 13:00:00,2021-01-28 13:00:00,366,1
477,2021-01-28 13:00:00,Random Forest,13,1.409997005549949,1.360256252466923,2020-01-28 13:00:00,2021-01-28 13:00:00,2021-01-28 13:00:00,366,1
478,2021-01-28 13:00:00,Neural Network,13,1.409997005549949,1.5447213038418837,2020-01-28 13:00:00,2021-01-28 13:00:00,2021-01-28 13:00:00,366,1
479,2021-01-28 13:00:00,Naive,13,1.409997005549949,1.589531195202937,2020-01-28 13:00:00,2021-01-28 13:00:00,2021-01-28 13:00:00,366,1
480,2021-01-29 13:00:00,Decision Tree,13,0.929095537226771,0.8800380016645833,2020-01-29 13:00:00,2021-01-29 13:00:00,2021-01-29 13:00:00,366,1
481,2021-01-29 13:00:00,Random Forest,13,0.929095537226771,0.9011667332984619,2020-01-29 13:00:00,2021-01-29 13:00:00,2021-01-29 13:00:00,366,1
482,2021-01-29 13:00:00,Neural Network,13,0.929095537226771,1.0982422927732824,2020-01-29 13:00:00,2021-01-29 13:00:00,2021-01-29 13:00:00,366,1
483,2021-01-29 13:00:00,Naive,13,0.929095537226771,1.409997005549949,2020-01-29 13:00:00,2021-01-29 13:00:00,2021-01-29 13:00:00,366,1
484,2021-01-30 13:00:00,Decision Tree,13,1.0115810485977996,1.0041547256499417,2020-01-30 13:00:00,2021-01-30 13:00:00,2021-01-30 13:00:00,366,1
485,2021-01-30 13:00:00,Random Forest,13,1.0115810485977996,1.0014573252340355,2020-01-30 13:00:00,2021-01-30 13:00:00,2021-01-30 13:00:00,366,1
486,2021-01-30 13:00:00,Neural Network,13,1.0115810485977996,1.2009639815252322,2020-01-30 13:00:00,2021-01-30 13:00:00,2021-01-30 13:00:00,366,1
487,2021-01-30 13:00:00,Naive,13,1.0115810485977996,0.929095537226771,2020-01-30 13:00:00,2021-01-30 13:00:00,2021-01-30 13:00:00,366,1
488,2021-01-31 13:00:00,Decision Tree,13,0.7752203631879279,0.7461279888919141,2020-01-31 13:00:00,2021-01-31 13:00:00,2021-01-31 13:00:00,366,1
489,2021-01-31 13:00:00,Random Forest,13,0.7752203631879279,0.7595828077494795,2020-01-31 13:00:00,2021-01-31 13:00:00,2021-01-31 13:00:00,366,1
490,2021-01-31 13:00:00,Neural Network,13,0.7752203631879279,0.9124933420916268,2020-01-31 13:00:00,2021-01-31 13:00:00,2021-01-31 13:00:00,366,1
491,2021-01-31 13:00:00,Naive,13,0.7752203631879279,1.0115810485977996,2020-01-31 13:00:00,2021-01-31 13:00:00,2021-01-31 13:00:00,366,1
492,2021-02-01 13:00:00,Decision Tree,13,1.5678704256370215,1.553776439308601,2020-02-01 13:00:00,2021-02-01 13:00:00,2021-02-01 13:00:00,366,1
493,2021-02-01 13:00:00,Random Forest,13,1.5678704256370215,1.5881948999235374,2020-02-01 13:00:00,2021-02-01 13:00:00,2021-02-01 13:00:00,366,1
494,2021-02-01 13:00:00,Neural Network,13,1.5678704256370215,1.4573468662402629,2020-02-01 13:00:00,2021-02-01 13:00:00,2021-02-01 13:00:00,366,1
495,2021-02-01 13:00:00,Naive,13,1.5678704256370215,0.7752203631879279,2020-02-01 13:00:00,2021-02-01 13:00:00,2021-02-01 13:00:00,366,1
496,2021-02-02 13:00:00,Decision Tree,13,1.4464880657780168,1.3413366801093336,2020-02-02 13:00:00,2021-02-02 13:00:00,2021-02-02 13:00:00,366,1
497,2021-02-02 13:00:00,Random Forest,13,1.4464880657780168,1.4343695740665345,2020-02-02 13:00:00,2021-02-02 13:00:00,2021-02-02 13:00:00,366,1
498,2021-02-02 13:00:00,Neural Network,13,1.4464880657780168,1.4772357223477341,2020-02-02 13:00:00,2021-02-02 13:00:00,2021-02-02 13:00:00,366,1
499,2021-02-02 13:00:00,Naive,13,1.4464880657780168,1.5678704256370215,2020-02-02 13:00:00,2021-02-02 13:00:00,2021-02-02 13:00:00,366,1
500,2021-02-03 13:00:00,Decision Tree,13,1.070215034212988,1.0850581244473172,2020-02-03 13:00:00,2021-02-03 13:00:00,2021-02-03 13:00:00,366,1
501,2021-02-03 13:00:00,Random Forest,13,1.070215034212988,1.088959504507553,2020-02-03 13:00:00,2021-02-03 13:00:00,2021-02-03 13:00:00,366,1
502,2021-02-03 13:00:00,Neural Network,13,1.070215034212988,1.224332840956754,2020-02-03 13:00:00,2021-02-03 13:00:00,2021-02-03 13:00:00,366,1
503,2021-02-03 13:00:00,Naive,13,1.070215034212988,1.4464880657780168,2020-02-03 13:00:00,2021-02-03 13:00:00,2021-02-03 13:00:00,366,1
504,2021-02-04 13:00:00,Decision Tree,13,1.2428949365410018,1.2181457694942146,2020-02-04 13:00:00,2021-02-04 13:00:00,2021-02-04 13:00:00,366,1
505,2021-02-04 13:00:00,Random Forest,13,1.2428949365410018,1.2251073456758255,2020-02-04 13:00:00,2021-02-04 13:00:00,2021-02-04 13:00:00,366,1
506,2021-02-04 13:00:00,Neural Network,13,1.2428949365410018,1.1117755066454007,2020-02-04 13:00:00,2021-02-04 13:00:00,2021-02-04 13:00:00,366,1
507,2021-02-04 13:00:00,Naive,13,1.2428949365410018,1.070215034212988,2020-02-04 13:00:00,2021-02-04 13:00:00,2021-02-04 13:00:00,366,1
508,2021-02-05 13:00:00,Decision Tree,13,1.1938243591839703,1.222270630668679,2020-02-05 13:00:00,2021-02-05 13:00:00,2021-02-05 13:00:00,366,1
509,2021-02-05 13:00:00,Random Forest,13,1.1938243591839703,1.1711587000840942,2020-02-05 13:00:00,2021-02-05 13:00:00,2021-02-05 13:00:00,366,1
510,2021-02-05 13:00:00,Neural Network,13,1.1938243591839703,1.1527453195656427,2020-02-05 13:00:00,2021-02-05 13:00:00,2021-02-05 13:00:00,366,1
511,2021-02-05 13:00:00,Naive,13,1.1938243591839703,1.2428949365410018,2020-02-05 13:00:00,2021-02-05 13:00:00,2021-02-05 13:00:00,366,1
512,2021-02-06 13:00:00,Decision Tree,13,0.02055520012868892,-0.03707400479824489,2020-02-06 13:00:00,2021-02-06 13:00:00,2021-02-06 13:00:00,366,1
513,2021-02-06 13:00:00,Random Forest,13,0.02055520012868892,-0.021214105937962413,2020-02-06 13:00:00,2021-02-06 13:00:00,2021-02-06 13:00:00,366,1
514,2021-02-06 13:00:00,Neural Network,13,0.02055520012868892,-0.20526549021542723,2020-02-06 13:00:00,2021-02-06 13:00:00,2021-02-06 13:00:00,366,1
515,2021-02-06 13:00:00,Naive,13,0.02055520012868892,1.1938243591839703,2020-02-06 13:00:00,2021-02-06 13:00:00,2021-02-06 13:00:00,366,1
516,2021-02-07 13:00:00,Decision Tree,13,-0.6011268433869658,-0.6238553568575245,2020-02-07 13:00:00,2021-02-07 13:00:00,2021-02-07 13:00:00,366,1
517,2021-02-07 13:00:00,Random Forest,13,-0.6011268433869658,-0.6124571408054993,2020-02-07 13:00:00,2021-02-07 13:00:00,2021-02-07 13:00:00,366,1
518,2021-02-07 13:00:00,Neural Network,13,-0.6011268433869658,-0.3936733859502344,2020-02-07 13:00:00,2021-02-07 13:00:00,2021-02-07 13:00:00,366,1
519,2021-02-07 13:00:00,Naive,13,-0.6011268433869658,0.02055520012868892,2020-02-07 13:00:00,2021-02-07 13:00:00,2021-02-07 13:00:00,366,1
520,2021-02-08 13:00:00,Decision Tree,13,1.2382120703407433,1.218206877599435,2020-02-08 13:00:00,2021-02-08 13:00:00,2021-02-08 13:00:00,366,1
521,2021-02-08 13:00:00,Random Forest,13,1.2382120703407433,1.233512585912222,2020-02-08 13:00:00,2021-02-08 13:00:00,2021-02-08 13:00:00,366,1
522,2021-02-08 13:00:00,Neural Network,13,1.2382120703407433,1.1440428678293846,2020-02-08 13:00:00,2021-02-08 13:00:00,2021-02-08 13:00:00,366,1
523,2021-02-08 13:00:00,Naive,13,1.2382120703407433,-0.6011268433869658,2020-02-08 13:00:00,2021-02-08 13:00:00,2021-02-08 13:00:00,366,1
524,2021-02-09 13:00:00,Decision Tree,13,1.726406196765517,1.5553424377895366,2020-02-09 13:00:00,2021-02-09 13:00:00,2021-02-09 13:00:00,366,1
525,2021-02-09 13:00:00,Random Forest,13,1.726406196765517,1.6029433258638186,2020-02-09 13:00:00,2021-02-09 13:00:00,2021-02-09 13:00:00,366,1
526,2021-02-09 13:00:00,Neural Network,13,1.726406196765517,1.657183185667148,2020-02-09 13:00:00,2021-02-09 13:00:00,2021-02-09 13:00:00,366,1
527,2021-02-09 13:00:00,Naive,13,1.726406196765517,1.2382120703407433,2020-02-09 13:00:00,2021-02-09 13:00:00,2021-02-09 13:00:00,366,1
528,2021-02-10 13:00:00,Decision Tree,13,1.8662339738951579,2.090616448986642,2020-02-10 13:00:00,2021-02-10 13:00:00,2021-02-10 13:00:00,366,1
529,2021-02-10 13:00:00,Random Forest,13,1.8662339738951579,1.9076144287924028,2020-02-10 13:00:00,2021-02-10 13:00:00,2021-02-10 13:00:00,366,1
530,2021-02-10 13:00:00,Neural Network,13,1.8662339738951579,1.6360270223147684,2020-02-10 13:00:00,2021-02-10 13:00:00,2021-02-10 13:00:00,366,1
531,2021-02-10 13:00:00,Naive,13,1.8662339738951579,1.726406196765517,2020-02-10 13:00:00,2021-02-10 13:00:00,2021-02-10 13:00:00,366,1
532,2021-02-11 13:00:00,Decision Tree,13,1.78728708882998,1.632853084403299,2020-02-11 13:00:00,2021-02-11 13:00:00,2021-02-11 13:00:00,366,1
533,2021-02-11 13:00:00,Random Forest,13,1.78728708882998,1.7632118491533644,2020-02-11 13:00:00,2021-02-11 13:00:00,2021-02-11 13:00:00,366,1
534,2021-02-11 13:00:00,Neural Network,13,1.78728708882998,1.5771434417214758,2020-02-11 13:00:00,2021-02-11 13:00:00,2021-02-11 13:00:00,366,1
535,2021-02-11 13:00:00,Naive,13,1.78728708882998,1.8662339738951579,2020-02-11 13:00:00,2021-02-11 13:00:00,2021-02-11 13:00:00,366,1
536,2021-02-12 13:00:00,Decision Tree,13,1.2928281696564485,1.2207075266920986,2020-02-12 13:00:00,2021-02-12 13:00:00,2021-02-12 13:00:00,366,1
537,2021-02-12 13:00:00,Random Forest,13,1.2928281696564485,1.2931018656426598,2020-02-12 13:00:00,2021-02-12 13:00:00,2021-02-12 13:00:00,366,1
538,2021-02-12 13:00:00,Neural Network,13,1.2928281696564485,1.2446721106910772,2020-02-12 13:00:00,2021-02-12 13:00:00,2021-02-12 13:00:00,366,1
539,2021-02-12 13:00:00,Naive,13,1.2928281696564485,1.78728708882998,2020-02-12 13:00:00,2021-02-12 13:00:00,2021-02-12 13:00:00,366,1
540,2021-02-13 13:00:00,Decision Tree,13,0.8251377949109803,0.7679955492727139,2020-02-13 13:00:00,2021-02-13 13:00:00,2021-02-13 13:00:00,366,1
541,2021-02-13 13:00:00,Random Forest,13,0.8251377949109803,0.7529042997382963,2020-02-13 13:00:00,2021-02-13 13:00:00,2021-02-13 13:00:00,366,1
542,2021-02-13 13:00:00,Neural Network,13,0.8251377949109803,1.0818161951026126,2020-02-13 13:00:00,2021-02-13 13:00:00,2021-02-13 13:00:00,366,1
543,2021-02-13 13:00:00,Naive,13,0.8251377949109803,1.2928281696564485,2020-02-13 13:00:00,2021-02-13 13:00:00,2021-02-13 13:00:00,366,1
544,2021-02-14 13:00:00,Decision Tree,13,0.5377173605625103,0.45234316258572044,2020-02-14 13:00:00,2021-02-14 13:00:00,2021-02-14 13:00:00,366,1
545,2021-02-14 13:00:00,Random Forest,13,0.5377173605625103,0.4681761514053533,2020-02-14 13:00:00,2021-02-14 13:00:00,2021-02-14 13:00:00,366,1
546,2021-02-14 13:00:00,Neural Network,13,0.5377173605625103,0.6311401571581745,2020-02-14 13:00:00,2021-02-14 13:00:00,2021-02-14 13:00:00,366,1
547,2021-02-14 13:00:00,Naive,13,0.5377173605625103,0.8251377949109803,2020-02-14 13:00:00,2021-02-14 13:00:00,2021-02-14 13:00:00,366,1
548,2021-02-15 13:00:00,Decision Tree,13,1.213277403481425,1.2287209314659153,2020-02-15 13:00:00,2021-02-15 13:00:00,2021-02-15 13:00:00,366,1
549,2021-02-15 13:00:00,Random Forest,13,1.213277403481425,1.2170836210652907,2020-02-15 13:00:00,2021-02-15 13:00:00,2021-02-15 13:00:00,366,1
550,2021-02-15 13:00:00,Neural Network,13,1.213277403481425,1.2145693720282171,2020-02-15 13:00:00,2021-02-15 13:00:00,2021-02-15 13:00:00,366,1
551,2021-02-15 13:00:00,Naive,13,1.213277403481425,0.5377173605625103,2020-02-15 13:00:00,2021-02-15 13:00:00,2021-02-15 13:00:00,366,1
552,2021-02-16 13:00:00,Decision Tree,13,1.2361245482947434,1.2556160234940794,2020-02-16 13:00:00,2021-02-16 13:00:00,2021-02-16 13:00:00,366,1
553,2021-02-16 13:00:00,Random Forest,13,1.2361245482947434,1.2337815108241799,2020-02-16 13:00:00,2021-02-16 13:00:00,2021-02-16 13:00:00,366,1
554,2021-02-16 13:00:00,Neural Network,13,1.2361245482947434,1.3113671819461972,2020-02-16 13:00:00,2021-02-16 13:00:00,2021-02-16 13:00:00,366,1
555,2021-02-16 13:00:00,Naive,13,1.2361245482947434,1.213277403481425,2020-02-16 13:00:00,2021-02-16 13:00:00,2021-02-16 13:00:00,366,1
556,2021-02-17 13:00:00,Decision Tree,13,0.6284452138354132,0.5248846213479199,2020-02-17 13:00:00,2021-02-17 13:00:00,2021-02-17 13:00:00,366,1
557,2021-02-17 13:00:00,Random Forest,13,0.6284452138354132,0.5172893111456517,2020-02-17 13:00:00,2021-02-17 13:00:00,2021-02-17 13:00:00,366,1
558,2021-02-17 13:00:00,Neural Network,13,0.6284452138354132,0.6149713328537922,2020-02-17 13:00:00,2021-02-17 13:00:00,2021-02-17 13:00:00,366,1
559,2021-02-17 13:00:00,Naive,13,0.6284452138354132,1.2361245482947434,2020-02-17 13:00:00,2021-02-17 13:00:00,2021-02-17 13:00:00,366,1
560,2021-02-18 13:00:00,Decision Tree,13,0.6020050804784051,0.509958163205566,2020-02-18 13:00:00,2021-02-18 13:00:00,2021-02-18 13:00:00,366,1
561,2021-02-18 13:00:00,Random Forest,13,0.6020050804784051,0.5385330615354197,2020-02-18 13:00:00,2021-02-18 13:00:00,2021-02-18 13:00:00,366,1
562,2021-02-18 13:00:00,Neural Network,13,0.6020050804784051,0.5913916404269106,2020-02-18 13:00:00,2021-02-18 13:00:00,2021-02-18 13:00:00,366,1
563,2021-02-18 13:00:00,Naive,13,0.6020050804784051,0.6284452138354132,2020-02-18 13:00:00,2021-02-18 13:00:00,2021-02-18 13:00:00,366,1
564,2021-02-19 13:00:00,Decision Tree,13,0.5935417803084292,0.5653373647257205,2020-02-19 13:00:00,2021-02-19 13:00:00,2021-02-19 13:00:00,366,1
565,2021-02-19 13:00:00,Random Forest,13,0.5935417803084292,0.5494763558410726,2020-02-19 13:00:00,2021-02-19 13:00:00,2021-02-19 13:00:00,366,1
566,2021-02-19 13:00:00,Neural Network,13,0.5935417803084292,0.5661349177746701,2020-02-19 13:00:00,2021-02-19 13:00:00,2021-02-19 13:00:00,366,1
567,2021-02-19 13:00:00,Naive,13,0.5935417803084292,0.6020050804784051,2020-02-19 13:00:00,2021-02-19 13:00:00,2021-02-19 13:00:00,366,1
568,2021-02-20 13:00:00,Decision Tree,13,-0.8346838443750533,-0.8349834994862544,2020-02-20 13:00:00,2021-02-20 13:00:00,2021-02-20 13:00:00,366,1
569,2021-02-20 13:00:00,Random Forest,13,-0.8346838443750533,-0.8174503691896527,2020-02-20 13:00:00,2021-02-20 13:00:00,2021-02-20 13:00:00,366,1
570,2021-02-20 13:00:00,Neural Network,13,-0.8346838443750533,-0.6155845088227939,2020-02-20 13:00:00,2021-02-20 13:00:00,2021-02-20 13:00:00,366,1
571,2021-02-20 13:00:00,Naive,13,-0.8346838443750533,0.5935417803084292,2020-02-20 13:00:00,2021-02-20 13:00:00,2021-02-20 13:00:00,366,1
572,2021-02-21 13:00:00,Decision Tree,13,-0.6953668384645622,-0.6579629786633606,2020-02-21 13:00:00,2021-02-21 13:00:00,2021-02-21 13:00:00,366,1
573,2021-02-21 13:00:00,Random Forest,13,-0.6953668384645622,-0.6773798620363708,2020-02-21 13:00:00,2021-02-21 13:00:00,2021-02-21 13:00:00,366,1
574,2021-02-21 13:00:00,Neural Network,13,-0.6953668384645622,-0.15734343395263786,2020-02-21 13:00:00,2021-02-21 13:00:00,2021-02-21 13:00:00,366,1
575,2021-02-21 13:00:00,Naive,13,-0.6953668384645622,-0.8346838443750533,2020-02-21 13:00:00,2021-02-21 13:00:00,2021-02-21 13:00:00,366,1
576,2021-02-22 13:00:00,Decision Tree,13,0.6084891893524962,0.570038100656172,2020-02-22 13:00:00,2021-02-22 13:00:00,2021-02-22 13:00:00,366,1
577,2021-02-22 13:00:00,Random Forest,13,0.6084891893524962,0.5653725236465679,2020-02-22 13:00:00,2021-02-22 13:00:00,2021-02-22 13:00:00,366,1
578,2021-02-22 13:00:00,Neural Network,13,0.6084891893524962,0.5362896683074913,2020-02-22 13:00:00,2021-02-22 13:00:00,2021-02-22 13:00:00,366,1
579,2021-02-22 13:00:00,Naive,13,0.6084891893524962,-0.6953668384645622,2020-02-22 13:00:00,2021-02-22 13:00:00,2021-02-22 13:00:00,366,1
580,2021-02-23 13:00:00,Decision Tree,13,0.2808558958212086,0.2894461815235595,2020-02-23 13:00:00,2021-02-23 13:00:00,2021-02-23 13:00:00,366,1
581,2021-02-23 13:00:00,Random Forest,13,0.2808558958212086,0.20949222778134668,2020-02-23 13:00:00,2021-02-23 13:00:00,2021-02-23 13:00:00,366,1
582,2021-02-23 13:00:00,Neural Network,13,0.2808558958212086,0.3305744647031269,2020-02-23 13:00:00,2021-02-23 13:00:00,2021-02-23 13:00:00,366,1
583,2021-02-23 13:00:00,Naive,13,0.2808558958212086,0.6084891893524962,2020-02-23 13:00:00,2021-02-23 13:00:00,2021-02-23 13:00:00,366,1
584,2021-02-24 13:00:00,Decision Tree,13,-0.10599618738046677,-0.156693436906129,2020-02-24 13:00:00,2021-02-24 13:00:00,2021-02-24 13:00:00,366,1
585,2021-02-24 13:00:00,Random Forest,13,-0.10599618738046677,-0.14744602864822315,2020-02-24 13:00:00,2021-02-24 13:00:00,2021-02-24 13:00:00,366,1
586,2021-02-24 13:00:00,Neural Network,13,-0.10599618738046677,-0.19901752568624043,2020-02-24 13:00:00,2021-02-24 13:00:00,2021-02-24 13:00:00,366,1
587,2021-02-24 13:00:00,Naive,13,-0.10599618738046677,0.2808558958212086,2020-02-24 13:00:00,2021-02-24 13:00:00,2021-02-24 13:00:00,366,1
588,2021-02-25 13:00:00,Decision Tree,13,0.3706177295473358,0.33326452334215007,2020-02-25 13:00:00,2021-02-25 13:00:00,2021-02-25 13:00:00,366,1
589,2021-02-25 13:00:00,Random Forest,13,0.3706177295473358,0.34488698952929675,2020-02-25 13:00:00,2021-02-25 13:00:00,2021-02-25 13:00:00,366,1
590,2021-02-25 13:00:00,Neural Network,13,0.3706177295473358,0.136869449897346,2020-02-25 13:00:00,2021-02-25 13:00:00,2021-02-25 13:00:00,366,1
591,2021-02-25 13:00:00,Naive,13,0.3706177295473358,-0.10599618738046677,2020-02-25 13:00:00,2021-02-25 13:00:00,2021-02-25 13:00:00,366,1
592,2021-02-26 13:00:00,Decision Tree,13,0.3752383219331645,0.3386006956571766,2020-02-26 13:00:00,2021-02-26 13:00:00,2021-02-26 13:00:00,366,1
593,2021-02-26 13:00:00,Random Forest,13,0.3752383219331645,0.36414168532319846,2020-02-26 13:00:00,2021-02-26 13:00:00,2021-02-26 13:00:00,366,1
594,2021-02-26 13:00:00,Neural Network,13,0.3752383219331645,0.523341880577674,2020-02-26 13:00:00,2021-02-26 13:00:00,2021-02-26 13:00:00,366,1
595,2021-02-26 13:00:00,Naive,13,0.3752383219331645,0.3706177295473358,2020-02-26 13:00:00,2021-02-26 13:00:00,2021-02-26 13:00:00,366,1
596,2021-02-27 13:00:00,Decision Tree,13,0.12718018020073082,0.10126505703207314,2020-02-27 13:00:00,2021-02-27 13:00:00,2021-02-27 13:00:00,366,1
597,2021-02-27 13:00:00,Random Forest,13,0.12718018020073082,0.09007508975329889,2020-02-27 13:00:00,2021-02-27 13:00:00,2021-02-27 13:00:00,366,1
598,2021-02-27 13:00:00,Neural Network,13,0.12718018020073082,0.5978000715824316,2020-02-27 13:00:00,2021-02-27 13:00:00,2021-02-27 13:00:00,366,1
599,2021-02-27 13:00:00,Naive,13,0.12718018020073082,0.3752383219331645,2020-02-27 13:00:00,2021-02-27 13:00:00,2021-02-27 13:00:00,366,1
600,2021-02-28 13:00:00,Decision Tree,13,-0.5786587312736041,-0.594086561582339,2020-02-28 13:00:00,2021-02-28 13:00:00,2021-02-28 13:00:00,366,1
601,2021-02-28 13:00:00,Random Forest,13,-0.5786587312736041,-0.589365443314183,2020-02-28 13:00:00,2021-02-28 13:00:00,2021-02-28 13:00:00,366,1
602,2021-02-28 13:00:00,Neural Network,13,-0.5786587312736041,-0.1017454987542728,2020-02-28 13:00:00,2021-02-28 13:00:00,2021-02-28 13:00:00,366,1
603,2021-02-28 13:00:00,Naive,13,-0.5786587312736041,0.12718018020073082,2020-02-28 13:00:00,2021-02-28 13:00:00,2021-02-28 13:00:00,366,1
604,2021-03-01 13:00:00,Decision Tree,13,0.36629964763665057,0.3134962317750983,2020-03-01 13:00:00,2021-03-01 13:00:00,2021-03-01 13:00:00,365,1
605,2021-03-01 13:00:00,Random Forest,13,0.36629964763665057,0.33217503267267384,2020-03-01 13:00:00,2021-03-01 13:00:00,2021-03-01 13:00:00,365,1
606,2021-03-01 13:00:00,Neural Network,13,0.36629964763665057,0.4904856158809451,2020-03-01 13:00:00,2021-03-01 13:00:00,2021-03-01 13:00:00,365,1
607,2021-03-01 13:00:00,Naive,13,0.36629964763665057,-0.5786587312736041,2020-03-01 13:00:00,2021-03-01 13:00:00,2021-03-01 13:00:00,365,1
608,2021-03-02 13:00:00,Decision Tree,13,0.6198155204377219,0.5940397249074507,2020-03-02 13:00:00,2021-03-02 13:00:00,2021-03-02 13:00:00,365,1
609,2021-03-02 13:00:00,Random Forest,13,0.6198155204377219,0.5688756195914519,2020-03-02 13:00:00,2021-03-02 13:00:00,2021-03-02 13:00:00,365,1
610,2021-03-02 13:00:00,Neural Network,13,0.6198155204377219,0.48180660591856594,2020-03-02 13:00:00,2021-03-02 13:00:00,2021-03-02 13:00:00,365,1
611,2021-03-02 13:00:00,Naive,13,0.6198155204377219,0.36629964763665057,2020-03-02 13:00:00,2021-03-02 13:00:00,2021-03-02 13:00:00,365,1
612,2021-03-03 13:00:00,Decision Tree,13,0.5513198166915751,0.4446948068295947,2020-03-03 13:00:00,2021-03-03 13:00:00,2021-03-03 13:00:00,365,1
613,2021-03-03 13:00:00,Random Forest,13,0.5513198166915751,0.54614974433115,2020-03-03 13:00:00,2021-03-03 13:00:00,2021-03-03 13:00:00,365,1
614,2021-03-03 13:00:00,Neural Network,13,0.5513198166915751,0.5249191466697077,2020-03-03 13:00:00,2021-03-03 13:00:00,2021-03-03 13:00:00,365,1
615,2021-03-03 13:00:00,Naive,13,0.5513198166915751,0.6198155204377219,2020-03-03 13:00:00,2021-03-03 13:00:00,2021-03-03 13:00:00,365,1
616,2021-03-04 13:00:00,Decision Tree,13,1.1629880745892769,1.1240172003578879,2020-03-04 13:00:00,2021-03-04 13:00:00,2021-03-04 13:00:00,365,1
617,2021-03-04 13:00:00,Random Forest,13,1.1629880745892769,1.120410056018685,2020-03-04 13:00:00,2021-03-04 13:00:00,2021-03-04 13:00:00,365,1
618,2021-03-04 13:00:00,Neural Network,13,1.1629880745892769,0.92185568356818,2020-03-04 13:00:00,2021-03-04 13:00:00,2021-03-04 13:00:00,365,1
619,2021-03-04 13:00:00,Naive,13,1.1629880745892769,0.5513198166915751,2020-03-04 13:00:00,2021-03-04 13:00:00,2021-03-04 13:00:00,365,1
620,2021-03-05 13:00:00,Decision Tree,13,0.8176945092287038,0.777502392385929,2020-03-05 13:00:00,2021-03-05 13:00:00,2021-03-05 13:00:00,365,1
621,2021-03-05 13:00:00,Random Forest,13,0.8176945092287038,0.7700440034968615,2020-03-05 13:00:00,2021-03-05 13:00:00,2021-03-05 13:00:00,365,1
622,2021-03-05 13:00:00,Neural Network,13,0.8176945092287038,0.7986183637398917,2020-03-05 13:00:00,2021-03-05 13:00:00,2021-03-05 13:00:00,365,1
623,2021-03-05 13:00:00,Naive,13,0.8176945092287038,1.1629880745892769,2020-03-05 13:00:00,2021-03-05 13:00:00,2021-03-05 13:00:00,365,1
624,2021-03-06 13:00:00,Decision Tree,13,0.17617949498408514,0.11433318126131813,2020-03-06 13:00:00,2021-03-06 13:00:00,2021-03-06 13:00:00,365,1
625,2021-03-06 13:00:00,Random Forest,13,0.17617949498408514,0.10408074294472534,2020-03-06 13:00:00,2021-03-06 13:00:00,2021-03-06 13:00:00,365,1
626,2021-03-06 13:00:00,Neural Network,13,0.17617949498408514,-0.2011723187918439,2020-03-06 13:00:00,2021-03-06 13:00:00,2021-03-06 13:00:00,365,1
627,2021-03-06 13:00:00,Naive,13,0.17617949498408514,0.8176945092287038,2020-03-06 13:00:00,2021-03-06 13:00:00,2021-03-06 13:00:00,365,1
628,2021-03-07 13:00:00,Decision Tree,13,0.16650330299275526,0.13250736312678915,2020-03-07 13:00:00,2021-03-07 13:00:00,2021-03-07 13:00:00,365,1
629,2021-03-07 13:00:00,Random Forest,13,0.16650330299275526,0.1434895369132855,2020-03-07 13:00:00,2021-03-07 13:00:00,2021-03-07 13:00:00,365,1
630,2021-03-07 13:00:00,Neural Network,13,0.16650330299275526,-0.03923780312749334,2020-03-07 13:00:00,2021-03-07 13:00:00,2021-03-07 13:00:00,365,1
631,2021-03-07 13:00:00,Naive,13,0.16650330299275526,0.17617949498408514,2020-03-07 13:00:00,2021-03-07 13:00:00,2021-03-07 13:00:00,365,1
632,2021-03-08 13:00:00,Decision Tree,13,1.1802548060306122,1.2159268090568653,2020-03-08 13:00:00,2021-03-08 13:00:00,2021-03-08 13:00:00,365,1
633,2021-03-08 13:00:00,Random Forest,13,1.1802548060306122,1.189633590442531,2020-03-08 13:00:00,2021-03-08 13:00:00,2021-03-08 13:00:00,365,1
634,2021-03-08 13:00:00,Neural Network,13,1.1802548060306122,0.7746881280094005,2020-03-08 13:00:00,2021-03-08 13:00:00,2021-03-08 13:00:00,365,1
635,2021-03-08 13:00:00,Naive,13,1.1802548060306122,0.16650330299275526,2020-03-08 13:00:00,2021-03-08 13:00:00,2021-03-08 13:00:00,365,1
636,2021-03-09 13:00:00,Decision Tree,13,1.2632709384755096,1.3398952444324042,2020-03-09 13:00:00,2021-03-09 13:00:00,2021-03-09 13:00:00,365,1
637,2021-03-09 13:00:00,Random Forest,13,1.2632709384755096,1.279949365960541,2020-03-09 13:00:00,2021-03-09 13:00:00,2021-03-09 13:00:00,365,1
638,2021-03-09 13:00:00,Neural Network,13,1.2632709384755096,1.077578959809306,2020-03-09 13:00:00,2021-03-09 13:00:00,2021-03-09 13:00:00,365,1
639,2021-03-09 13:00:00,Naive,13,1.2632709384755096,1.1802548060306122,2020-03-09 13:00:00,2021-03-09 13:00:00,2021-03-09 13:00:00,365,1
640,2021-03-10 13:00:00,Decision Tree,13,0.7404617081045698,0.7434186551430971,2020-03-10 13:00:00,2021-03-10 13:00:00,2021-03-10 13:00:00,365,1
641,2021-03-10 13:00:00,Random Forest,13,0.7404617081045698,0.7453809787477933,2020-03-10 13:00:00,2021-03-10 13:00:00,2021-03-10 13:00:00,365,1
642,2021-03-10 13:00:00,Neural Network,13,0.7404617081045698,0.7127554930830643,2020-03-10 13:00:00,2021-03-10 13:00:00,2021-03-10 13:00:00,365,1
643,2021-03-10 13:00:00,Naive,13,0.7404617081045698,1.2632709384755096,2020-03-10 13:00:00,2021-03-10 13:00:00,2021-03-10 13:00:00,365,1
644,2021-03-11 13:00:00,Decision Tree,13,-0.389252516268286,-0.39484766381783143,2020-03-11 13:00:00,2021-03-11 13:00:00,2021-03-11 13:00:00,365,1
645,2021-03-11 13:00:00,Random Forest,13,-0.389252516268286,-0.3945064782942,2020-03-11 13:00:00,2021-03-11 13:00:00,2021-03-11 13:00:00,365,1
646,2021-03-11 13:00:00,Neural Network,13,-0.389252516268286,-0.6578502625746213,2020-03-11 13:00:00,2021-03-11 13:00:00,2021-03-11 13:00:00,365,1
647,2021-03-11 13:00:00,Naive,13,-0.389252516268286,0.7404617081045698,2020-03-11 13:00:00,2021-03-11 13:00:00,2021-03-11 13:00:00,365,1
648,2021-03-12 13:00:00,Decision Tree,13,-1.7582166437068552,-1.6636618830897045,2020-03-12 13:00:00,2021-03-12 13:00:00,2021-03-12 13:00:00,365,1
649,2021-03-12 13:00:00,Random Forest,13,-1.7582166437068552,-1.6729901004886267,2020-03-12 13:00:00,2021-03-12 13:00:00,2021-03-12 13:00:00,365,1
650,2021-03-12 13:00:00,Neural Network,13,-1.7582166437068552,-1.7319158358133333,2020-03-12 13:00:00,2021-03-12 13:00:00,2021-03-12 13:00:00,365,1
651,2021-03-12 13:00:00,Naive,13,-1.7582166437068552,-0.389252516268286,2020-03-12 13:00:00,2021-03-12 13:00:00,2021-03-12 13:00:00,365,1
652,2021-03-13 13:00:00,Decision Tree,13,-1.9359642037426747,-1.7884914809452834,2020-03-13 13:00:00,2021-03-13 13:00:00,2021-03-13 13:00:00,365,1
653,2021-03-13 13:00:00,Random Forest,13,-1.9359642037426747,-1.8465681357989447,2020-03-13 13:00:00,2021-03-13 13:00:00,2021-03-13 13:00:00,365,1
654,2021-03-13 13:00:00,Neural Network,13,-1.9359642037426747,-1.6397089025237805,2020-03-13 13:00:00,2021-03-13 13:00:00,2021-03-13 13:00:00,365,1
655,2021-03-13 13:00:00,Naive,13,-1.9359642037426747,-1.7582166437068552,2020-03-13 13:00:00,2021-03-13 13:00:00,2021-03-13 13:00:00,365,1
656,2021-03-14 13:00:00,Decision Tree,13,-1.7263148204943057,-1.652790851602113,2020-03-14 13:00:00,2021-03-14 13:00:00,2021-03-14 13:00:00,365,1
657,2021-03-14 13:00:00,Random Forest,13,-1.7263148204943057,-1.6509351805464452,2020-03-14 13:00:00,2021-03-14 13:00:00,2021-03-14 13:00:00,365,1
658,2021-03-14 13:00:00,Neural Network,13,-1.7263148204943057,-1.6052992805538178,2020-03-14 13:00:00,2021-03-14 13:00:00,2021-03-14 13:00:00,365,1
659,2021-03-14 13:00:00,Naive,13,-1.7263148204943057,-1.9359642037426747,2020-03-14 13:00:00,2021-03-14 13:00:00,2021-03-14 13:00:00,365,1
660,2021-03-15 13:00:00,Decision Tree,13,0.6909898682972444,0.6903630383225411,2020-03-15 13:00:00,2021-03-15 13:00:00,2021-03-15 13:00:00,365,1
661,2021-03-15 13:00:00,Random Forest,13,0.6909898682972444,0.678635624622228,2020-03-15 13:00:00,2021-03-15 13:00:00,2021-03-15 13:00:00,365,1
662,2021-03-15 13:00:00,Neural Network,13,0.6909898682972444,0.03200669254016972,2020-03-15 13:00:00,2021-03-15 13:00:00,2021-03-15 13:00:00,365,1
663,2021-03-15 13:00:00,Naive,13,0.6909898682972444,-1.7263148204943057,2020-03-15 13:00:00,2021-03-15 13:00:00,2021-03-15 13:00:00,365,1
664,2021-03-16 13:00:00,Decision Tree,13,0.8582869417667913,0.7318093708260259,2020-03-16 13:00:00,2021-03-16 13:00:00,2021-03-16 13:00:00,365,1
665,2021-03-16 13:00:00,Random Forest,13,0.8582869417667913,0.7826246279120058,2020-03-16 13:00:00,2021-03-16 13:00:00,2021-03-16 13:00:00,365,1
666,2021-03-16 13:00:00,Neural Network,13,0.8582869417667913,0.8057636580648773,2020-03-16 13:00:00,2021-03-16 13:00:00,2021-03-16 13:00:00,365,1
667,2021-03-16 13:00:00,Naive,13,0.8582869417667913,0.6909898682972444,2020-03-16 13:00:00,2021-03-16 13:00:00,2021-03-16 13:00:00,365,1
668,2021-03-17 13:00:00,Decision Tree,13,1.0395746413462919,1.0889069638852595,2020-03-17 13:00:00,2021-03-17 13:00:00,2021-03-17 13:00:00,365,1
669,2021-03-17 13:00:00,Random Forest,13,1.0395746413462919,1.075388476714556,2020-03-17 13:00:00,2021-03-17 13:00:00,2021-03-17 13:00:00,365,1
670,2021-03-17 13:00:00,Neural Network,13,1.0395746413462919,0.8655918031132629,2020-03-17 13:00:00,2021-03-17 13:00:00,2021-03-17 13:00:00,365,1
671,2021-03-17 13:00:00,Naive,13,1.0395746413462919,0.8582869417667913,2020-03-17 13:00:00,2021-03-17 13:00:00,2021-03-17 13:00:00,365,1
672,2021-03-18 13:00:00,Decision Tree,13,1.4594853395410432,1.5249589850096312,2020-03-18 13:00:00,2021-03-18 13:00:00,2021-03-18 13:00:00,365,1
673,2021-03-18 13:00:00,Random Forest,13,1.4594853395410432,1.5010306328917202,2020-03-18 13:00:00,2021-03-18 13:00:00,2021-03-18 13:00:00,365,1
674,2021-03-18 13:00:00,Neural Network,13,1.4594853395410432,1.2167421528945828,2020-03-18 13:00:00,2021-03-18 13:00:00,2021-03-18 13:00:00,365,1
675,2021-03-18 13:00:00,Naive,13,1.4594853395410432,1.0395746413462919,2020-03-18 13:00:00,2021-03-18 13:00:00,2021-03-18 13:00:00,365,1
676,2021-03-19 13:00:00,Decision Tree,13,0.5735169250774659,0.5916191373809359,2020-03-19 13:00:00,2021-03-19 13:00:00,2021-03-19 13:00:00,365,1
677,2021-03-19 13:00:00,Random Forest,13,0.5735169250774659,0.5758932689047763,2020-03-19 13:00:00,2021-03-19 13:00:00,2021-03-19 13:00:00,365,1
678,2021-03-19 13:00:00,Neural Network,13,0.5735169250774659,0.5539475987940132,2020-03-19 13:00:00,2021-03-19 13:00:00,2021-03-19 13:00:00,365,1
679,2021-03-19 13:00:00,Naive,13,0.5735169250774659,1.4594853395410432,2020-03-19 13:00:00,2021-03-19 13:00:00,2021-03-19 13:00:00,365,1
680,2021-03-20 13:00:00,Decision Tree,13,0.5424907607111941,0.5893563608430021,2020-03-20 13:00:00,2021-03-20 13:00:00,2021-03-20 13:00:00,365,1
681,2021-03-20 13:00:00,Random Forest,13,0.5424907607111941,0.54808314007457,2020-03-20 13:00:00,2021-03-20 13:00:00,2021-03-20 13:00:00,365,1
682,2021-03-20 13:00:00,Neural Network,13,0.5424907607111941,0.21794846704131032,2020-03-20 13:00:00,2021-03-20 13:00:00,2021-03-20 13:00:00,365,1
683,2021-03-20 13:00:00,Naive,13,0.5424907607111941,0.5735169250774659,2020-03-20 13:00:00,2021-03-20 13:00:00,2021-03-20 13:00:00,365,1
684,2021-03-21 13:00:00,Decision Tree,13,-0.8300168291593663,-0.8119233025933391,2020-03-21 13:00:00,2021-03-21 13:00:00,2021-03-21 13:00:00,365,1
685,2021-03-21 13:00:00,Random Forest,13,-0.8300168291593663,-0.7997324211140084,2020-03-21 13:00:00,2021-03-21 13:00:00,2021-03-21 13:00:00,365,1
686,2021-03-21 13:00:00,Neural Network,13,-0.8300168291593663,-0.7585965142273738,2020-03-21 13:00:00,2021-03-21 13:00:00,2021-03-21 13:00:00,365,1
687,2021-03-21 13:00:00,Naive,13,-0.8300168291593663,0.5424907607111941,2020-03-21 13:00:00,2021-03-21 13:00:00,2021-03-21 13:00:00,365,1
688,2021-03-22 13:00:00,Decision Tree,13,1.1274555329572302,1.137498476533232,2020-03-22 13:00:00,2021-03-22 13:00:00,2021-03-22 13:00:00,365,1
689,2021-03-22 13:00:00,Random Forest,13,1.1274555329572302,1.1208236380867567,2020-03-22 13:00:00,2021-03-22 13:00:00,2021-03-22 13:00:00,365,1
690,2021-03-22 13:00:00,Neural Network,13,1.1274555329572302,1.0331379362693527,2020-03-22 13:00:00,2021-03-22 13:00:00,2021-03-22 13:00:00,365,1
691,2021-03-22 13:00:00,Naive,13,1.1274555329572302,-0.8300168291593663,2020-03-22 13:00:00,2021-03-22 13:00:00,2021-03-22 13:00:00,365,1
692,2021-03-23 13:00:00,Decision Tree,13,1.2802680939371271,1.2926131003841708,2020-03-23 13:00:00,2021-03-23 13:00:00,2021-03-23 13:00:00,365,1
693,2021-03-23 13:00:00,Random Forest,13,1.2802680939371271,1.2905016084780765,2020-03-23 13:00:00,2021-03-23 13:00:00,2021-03-23 13:00:00,365,1
694,2021-03-23 13:00:00,Neural Network,13,1.2802680939371271,1.1482077713314578,2020-03-23 13:00:00,2021-03-23 13:00:00,2021-03-23 13:00:00,365,1
695,2021-03-23 13:00:00,Naive,13,1.2802680939371271,1.1274555329572302,2020-03-23 13:00:00,2021-03-23 13:00:00,2021-03-23 13:00:00,365,1
696,2021-03-24 13:00:00,Decision Tree,13,0.6477960330253916,0.6904525854617845,2020-03-24 13:00:00,2021-03-24 13:00:00,2021-03-24 13:00:00,365,1
697,2021-03-24 13:00:00,Random Forest,13,0.6477960330253916,0.6771932425814104,2020-03-24 13:00:00,2021-03-24 13:00:00,2021-03-24 13:00:00,365,1
698,2021-03-24 13:00:00,Neural Network,13,0.6477960330253916,0.44529701279794703,2020-03-24 13:00:00,2021-03-24 13:00:00,2021-03-24 13:00:00,365,1
699,2021-03-24 13:00:00,Naive,13,0.6477960330253916,1.2802680939371271,2020-03-24 13:00:00,2021-03-24 13:00:00,2021-03-24 13:00:00,365,1
700,2021-03-25 13:00:00,Decision Tree,13,0.7686364514436556,0.7477139956660798,2020-03-25 13:00:00,2021-03-25 13:00:00,2021-03-25 13:00:00,365,1
701,2021-03-25 13:00:00,Random Forest,13,0.7686364514436556,0.7501811365416283,2020-03-25 13:00:00,2021-03-25 13:00:00,2021-03-25 13:00:00,365,1
702,2021-03-25 13:00:00,Neural Network,13,0.7686364514436556,0.7134864093430648,2020-03-25 13:00:00,2021-03-25 13:00:00,2021-03-25 13:00:00,365,1
703,2021-03-25 13:00:00,Naive,13,0.7686364514436556,0.6477960330253916,2020-03-25 13:00:00,2021-03-25 13:00:00,2021-03-25 13:00:00,365,1
704,2021-03-26 13:00:00,Decision Tree,13,-0.06952538420025847,-0.1061145116049721,2020-03-26 13:00:00,2021-03-26 13:00:00,2021-03-26 13:00:00,365,1
705,2021-03-26 13:00:00,Random Forest,13,-0.06952538420025847,-0.10391487892434247,2020-03-26 13:00:00,2021-03-26 13:00:00,2021-03-26 13:00:00,365,1
706,2021-03-26 13:00:00,Neural Network,13,-0.06952538420025847,-0.38827474727322964,2020-03-26 13:00:00,2021-03-26 13:00:00,2021-03-26 13:00:00,365,1
707,2021-03-26 13:00:00,Naive,13,-0.06952538420025847,0.7686364514436556,2020-03-26 13:00:00,2021-03-26 13:00:00,2021-03-26 13:00:00,365,1
708,2021-03-27 13:00:00,Decision Tree,13,-2.4232388748774327,-2.1095057601048133,2020-03-27 13:00:00,2021-03-27 13:00:00,2021-03-27 13:00:00,365,1
709,2021-03-27 13:00:00,Random Forest,13,-2.4232388748774327,-2.2740299620114084,2020-03-27 13:00:00,2021-03-27 13:00:00,2021-03-27 13:00:00,365,1
710,2021-03-27 13:00:00,Neural Network,13,-2.4232388748774327,-2.328198275876865,2020-03-27 13:00:00,2021-03-27 13:00:00,2021-03-27 13:00:00,365,1
711,2021-03-27 13:00:00,Naive,13,-2.4232388748774327,-0.06952538420025847,2020-03-27 13:00:00,2021-03-27 13:00:00,2021-03-27 13:00:00,365,1
712,2021-03-28 13:00:00,Decision Tree,13,-2.5528185105076386,-2.633482010726099,2020-03-28 13:00:00,2021-03-28 13:00:00,2021-03-28 13:00:00,365,1
713,2021-03-28 13:00:00,Random Forest,13,-2.5528185105076386,-2.5544250888953166,2020-03-28 13:00:00,2021-03-28 13:00:00,2021-03-28 13:00:00,365,1
714,2021-03-28 13:00:00,Neural Network,13,-2.5528185105076386,-2.4852550259958828,2020-03-28 13:00:00,2021-03-28 13:00:00,2021-03-28 13:00:00,365,1
715,2021-03-28 13:00:00,Naive,13,-2.5528185105076386,-2.4232388748774327,2020-03-28 13:00:00,2021-03-28 13:00:00,2021-03-28 13:00:00,365,1
716,2021-03-29 13:00:00,Decision Tree,13,-1.0909853101747748,-1.0594304958058518,2020-03-29 13:00:00,2021-03-29 13:00:00,2021-03-29 13:00:00,365,1
717,2021-03-29 13:00:00,Random Forest,13,-1.0909853101747748,-1.054486358828343,2020-03-29 13:00:00,2021-03-29 13:00:00,2021-03-29 13:00:00,365,1
718,2021-03-29 13:00:00,Neural Network,13,-1.0909853101747748,-1.1256235293263743,2020-03-29 13:00:00,2021-03-29 13:00:00,2021-03-29 13:00:00,365,1
719,2021-03-29 13:00:00,Naive,13,-1.0909853101747748,-2.5528185105076386,2020-03-29 13:00:00,2021-03-29 13:00:00,2021-03-29 13:00:00,365,1
720,2021-03-30 13:00:00,Decision Tree,13,0.46073183424958747,0.45234316258572044,2020-03-30 13:00:00,2021-03-30 13:00:00,2021-03-30 13:00:00,365,1
721,2021-03-30 13:00:00,Random Forest,13,0.46073183424958747,0.4910960620230419,2020-03-30 13:00:00,2021-03-30 13:00:00,2021-03-30 13:00:00,365,1
722,2021-03-30 13:00:00,Neural Network,13,0.46073183424958747,-0.017804510745610708,2020-03-30 13:00:00,2021-03-30 13:00:00,2021-03-30 13:00:00,365,1
723,2021-03-30 13:00:00,Naive,13,0.46073183424958747,-1.0909853101747748,2020-03-30 13:00:00,2021-03-30 13:00:00,2021-03-30 13:00:00,365,1
724,2021-03-31 13:00:00,Decision Tree,13,0.7448257490383438,0.7318093708260259,2020-03-31 13:00:00,2021-03-31 13:00:00,2021-03-31 13:00:00,365,1
725,2021-03-31 13:00:00,Random Forest,13,0.7448257490383438,0.7432420848747469,2020-03-31 13:00:00,2021-03-31 13:00:00,2021-03-31 13:00:00,365,1
726,2021-03-31 13:00:00,Neural Network,13,0.7448257490383438,0.6691877646543085,2020-03-31 13:00:00,2021-03-31 13:00:00,2021-03-31 13:00:00,365,1
727,2021-03-31 13:00:00,Naive,13,0.7448257490383438,0.46073183424958747,2020-03-31 13:00:00,2021-03-31 13:00:00,2021-03-31 13:00:00,365,1
728,2021-04-01 13:00:00,Decision Tree,13,0.2386186556440287,0.2949310125699345,2020-04-01 13:00:00,2021-04-01 13:00:00,2021-04-01 13:00:00,365,1
729,2021-04-01 13:00:00,Random Forest,13,0.2386186556440287,0.23760533070273263,2020-04-01 13:00:00,2021-04-01 13:00:00,2021-04-01 13:00:00,365,1
730,2021-04-01 13:00:00,Neural Network,13,0.2386186556440287,-0.158622774038433,2020-04-01 13:00:00,2021-04-01 13:00:00,2021-04-01 13:00:00,365,1
731,2021-04-01 13:00:00,Naive,13,0.2386186556440287,0.7448257490383438,2020-04-01 13:00:00,2021-04-01 13:00:00,2021-04-01 13:00:00,365,1
732,2021-04-02 13:00:00,Decision Tree,13,-1.6970564287385819,-1.6632942757295692,2020-04-02 13:00:00,2021-04-02 13:00:00,2021-04-02 13:00:00,365,1
733,2021-04-02 13:00:00,Random Forest,13,-1.6970564287385819,-1.658245708513992,2020-04-02 13:00:00,2021-04-02 13:00:00,2021-04-02 13:00:00,365,1
734,2021-04-02 13:00:00,Neural Network,13,-1.6970564287385819,-1.0979267298854805,2020-04-02 13:00:00,2021-04-02 13:00:00,2021-04-02 13:00:00,365,1
735,2021-04-02 13:00:00,Naive,13,-1.6970564287385819,0.2386186556440287,2020-04-02 13:00:00,2021-04-02 13:00:00,2021-04-02 13:00:00,365,1
736,2021-04-03 13:00:00,Decision Tree,13,-0.8004680561147464,-0.7656906795881699,2020-04-03 13:00:00,2021-04-03 13:00:00,2021-04-03 13:00:00,365,1
737,2021-04-03 13:00:00,Random Forest,13,-0.8004680561147464,-0.7905589335839607,2020-04-03 13:00:00,2021-04-03 13:00:00,2021-04-03 13:00:00,365,1
738,2021-04-03 13:00:00,Neural Network,13,-0.8004680561147464,-0.6716049336746799,2020-04-03 13:00:00,2021-04-03 13:00:00,2021-04-03 13:00:00,365,1
739,2021-04-03 13:00:00,Naive,13,-0.8004680561147464,-1.6970564287385819,2020-04-03 13:00:00,2021-04-03 13:00:00,2021-04-03 13:00:00,365,1
740,2021-04-04 13:00:00,Decision Tree,13,-1.5273417213963056,-1.4428625420079988,2020-04-04 13:00:00,2021-04-04 13:00:00,2021-04-04 13:00:00,365,1
741,2021-04-04 13:00:00,Random Forest,13,-1.5273417213963056,-1.4882147448957912,2020-04-04 13:00:00,2021-04-04 13:00:00,2021-04-04 13:00:00,365,1
742,2021-04-04 13:00:00,Neural Network,13,-1.5273417213963056,-1.18245969453484,2020-04-04 13:00:00,2021-04-04 13:00:00,2021-04-04 13:00:00,365,1
743,2021-04-04 13:00:00,Naive,13,-1.5273417213963056,-0.8004680561147464,2020-04-04 13:00:00,2021-04-04 13:00:00,2021-04-04 13:00:00,365,1
744,2021-04-05 13:00:00,Decision Tree,13,-2.4844037732465374,-2.623399073198792,2020-04-05 13:00:00,2021-04-05 13:00:00,2021-04-05 13:00:00,365,1
745,2021-04-05 13:00:00,Random Forest,13,-2.4844037732465374,-2.5111726434466743,2020-04-05 13:00:00,2021-04-05 13:00:00,2021-04-05 13:00:00,365,1
746,2021-04-05 13:00:00,Neural Network,13,-2.4844037732465374,-2.4772180156654677,2020-04-05 13:00:00,2021-04-05 13:00:00,2021-04-05 13:00:00,365,1
747,2021-04-05 13:00:00,Naive,13,-2.4844037732465374,-1.5273417213963056,2020-04-05 13:00:00,2021-04-05 13:00:00,2021-04-05 13:00:00,365,1
748,2021-04-06 13:00:00,Decision Tree,13,-1.3016599642402311,-1.3097440121758563,2020-04-06 13:00:00,2021-04-06 13:00:00,2021-04-06 13:00:00,365,1
749,2021-04-06 13:00:00,Random Forest,13,-1.3016599642402311,-1.2797215444489571,2020-04-06 13:00:00,2021-04-06 13:00:00,2021-04-06 13:00:00,365,1
750,2021-04-06 13:00:00,Neural Network,13,-1.3016599642402311,-1.4395572508627699,2020-04-06 13:00:00,2021-04-06 13:00:00,2021-04-06 13:00:00,365,1
751,2021-04-06 13:00:00,Naive,13,-1.3016599642402311,-2.4844037732465374,2020-04-06 13:00:00,2021-04-06 13:00:00,2021-04-06 13:00:00,365,1
752,2021-04-07 13:00:00,Decision Tree,13,0.3593529307587436,0.3398489593171475,2020-04-07 13:00:00,2021-04-07 13:00:00,2021-04-07 13:00:00,365,1
753,2021-04-07 13:00:00,Random Forest,13,0.3593529307587436,0.35523903119286016,2020-04-07 13:00:00,2021-04-07 13:00:00,2021-04-07 13:00:00,365,1
754,2021-04-07 13:00:00,Neural Network,13,0.3593529307587436,-0.23768459275907317,2020-04-07 13:00:00,2021-04-07 13:00:00,2021-04-07 13:00:00,365,1
755,2021-04-07 13:00:00,Naive,13,0.3593529307587436,-1.3016599642402311,2020-04-07 13:00:00,2021-04-07 13:00:00,2021-04-07 13:00:00,365,1
756,2021-04-08 13:00:00,Decision Tree,13,1.0772651131091877,1.1358246526038982,2020-04-08 13:00:00,2021-04-08 13:00:00,2021-04-08 13:00:00,365,1
757,2021-04-08 13:00:00,Random Forest,13,1.0772651131091877,1.1280169825767123,2020-04-08 13:00:00,2021-04-08 13:00:00,2021-04-08 13:00:00,365,1
758,2021-04-08 13:00:00,Neural Network,13,1.0772651131091877,0.6915946632728741,2020-04-08 13:00:00,2021-04-08 13:00:00,2021-04-08 13:00:00,365,1
759,2021-04-08 13:00:00,Naive,13,1.0772651131091877,0.3593529307587436,2020-04-08 13:00:00,2021-04-08 13:00:00,2021-04-08 13:00:00,365,1
760,2021-04-09 13:00:00,Decision Tree,13,0.659324110946262,0.6715900889548947,2020-04-09 13:00:00,2021-04-09 13:00:00,2021-04-09 13:00:00,365,1
761,2021-04-09 13:00:00,Random Forest,13,0.659324110946262,0.6875726345096296,2020-04-09 13:00:00,2021-04-09 13:00:00,2021-04-09 13:00:00,365,1
762,2021-04-09 13:00:00,Neural Network,13,0.659324110946262,-0.0006077457634860867,2020-04-09 13:00:00,2021-04-09 13:00:00,2021-04-09 13:00:00,365,1
763,2021-04-09 13:00:00,Naive,13,0.659324110946262,1.0772651131091877,2020-04-09 13:00:00,2021-04-09 13:00:00,2021-04-09 13:00:00,365,1
764,2021-04-10 13:00:00,Decision Tree,13,1.034493379227664,1.0972801419449707,2020-04-10 13:00:00,2021-04-10 13:00:00,2021-04-10 13:00:00,365,1
765,2021-04-10 13:00:00,Random Forest,13,1.034493379227664,1.0876997159810848,2020-04-10 13:00:00,2021-04-10 13:00:00,2021-04-10 13:00:00,365,1
766,2021-04-10 13:00:00,Neural Network,13,1.034493379227664,0.6838272111415573,2020-04-10 13:00:00,2021-04-10 13:00:00,2021-04-10 13:00:00,365,1
767,2021-04-10 13:00:00,Naive,13,1.034493379227664,0.659324110946262,2020-04-10 13:00:00,2021-04-10 13:00:00,2021-04-10 13:00:00,365,1
768,2021-04-11 13:00:00,Decision Tree,13,0.6255748205156881,0.6698378063822329,2020-04-11 13:00:00,2021-04-11 13:00:00,2021-04-11 13:00:00,365,1
769,2021-04-11 13:00:00,Random Forest,13,0.6255748205156881,0.6585408407575547,2020-04-11 13:00:00,2021-04-11 13:00:00,2021-04-11 13:00:00,365,1
770,2021-04-11 13:00:00,Neural Network,13,0.6255748205156881,0.2830715826810554,2020-04-11 13:00:00,2021-04-11 13:00:00,2021-04-11 13:00:00,365,1
771,2021-04-11 13:00:00,Naive,13,0.6255748205156881,1.034493379227664,2020-04-11 13:00:00,2021-04-11 13:00:00,2021-04-11 13:00:00,365,1
772,2021-04-12 13:00:00,Decision Tree,13,1.1256624209216668,1.1921326143506907,2020-04-12 13:00:00,2021-04-12 13:00:00,2021-04-12 13:00:00,365,1
773,2021-04-12 13:00:00,Random Forest,13,1.1256624209216668,1.180037674554006,2020-04-12 13:00:00,2021-04-12 13:00:00,2021-04-12 13:00:00,365,1
774,2021-04-12 13:00:00,Neural Network,13,1.1256624209216668,1.1267892809061564,2020-04-12 13:00:00,2021-04-12 13:00:00,2021-04-12 13:00:00,365,1
775,2021-04-12 13:00:00,Naive,13,1.1256624209216668,0.6255748205156881,2020-04-12 13:00:00,2021-04-12 13:00:00,2021-04-12 13:00:00,365,1
776,2021-04-13 13:00:00,Decision Tree,13,0.5588935999237673,0.5841490719394679,2020-04-13 13:00:00,2021-04-13 13:00:00,2021-04-13 13:00:00,365,1
777,2021-04-13 13:00:00,Random Forest,13,0.5588935999237673,0.5739618212872476,2020-04-13 13:00:00,2021-04-13 13:00:00,2021-04-13 13:00:00,365,1
778,2021-04-13 13:00:00,Neural Network,13,0.5588935999237673,0.4287353130977209,2020-04-13 13:00:00,2021-04-13 13:00:00,2021-04-13 13:00:00,365,1
779,2021-04-13 13:00:00,Naive,13,0.5588935999237673,1.1256624209216668,2020-04-13 13:00:00,2021-04-13 13:00:00,2021-04-13 13:00:00,365,1
780,2021-04-14 13:00:00,Decision Tree,13,1.1362391395661366,1.2235614807384931,2020-04-14 13:00:00,2021-04-14 13:00:00,2021-04-14 13:00:00,365,1
781,2021-04-14 13:00:00,Random Forest,13,1.1362391395661366,1.180390712499566,2020-04-14 13:00:00,2021-04-14 13:00:00,2021-04-14 13:00:00,365,1
782,2021-04-14 13:00:00,Neural Network,13,1.1362391395661366,1.0684212901741121,2020-04-14 13:00:00,2021-04-14 13:00:00,2021-04-14 13:00:00,365,1
783,2021-04-14 13:00:00,Naive,13,1.1362391395661366,0.5588935999237673,2020-04-14 13:00:00,2021-04-14 13:00:00,2021-04-14 13:00:00,365,1
784,2021-04-15 13:00:00,Decision Tree,13,0.9722862717323401,1.0052156289282073,2020-04-15 13:00:00,2021-04-15 13:00:00,2021-04-15 13:00:00,365,1
785,2021-04-15 13:00:00,Random Forest,13,0.9722862717323401,1.0067434928584076,2020-04-15 13:00:00,2021-04-15 13:00:00,2021-04-15 13:00:00,365,1
786,2021-04-15 13:00:00,Neural Network,13,0.9722862717323401,0.9988372433011188,2020-04-15 13:00:00,2021-04-15 13:00:00,2021-04-15 13:00:00,365,1
787,2021-04-15 13:00:00,Naive,13,0.9722862717323401,1.1362391395661366,2020-04-15 13:00:00,2021-04-15 13:00:00,2021-04-15 13:00:00,365,1
788,2021-04-16 13:00:00,Decision Tree,13,1.1497172694527118,1.2235614807384931,2020-04-16 13:00:00,2021-04-16 13:00:00,2021-04-16 13:00:00,365,1
789,2021-04-16 13:00:00,Random Forest,13,1.1497172694527118,1.1936993145330304,2020-04-16 13:00:00,2021-04-16 13:00:00,2021-04-16 13:00:00,365,1
790,2021-04-16 13:00:00,Neural Network,13,1.1497172694527118,1.0953823919227774,2020-04-16 13:00:00,2021-04-16 13:00:00,2021-04-16 13:00:00,365,1
791,2021-04-16 13:00:00,Naive,13,1.1497172694527118,0.9722862717323401,2020-04-16 13:00:00,2021-04-16 13:00:00,2021-04-16 13:00:00,365,1
792,2021-04-17 13:00:00,Decision Tree,13,0.9363713655738831,1.0010994592787237,2020-04-17 13:00:00,2021-04-17 13:00:00,2021-04-17 13:00:00,365,1
793,2021-04-17 13:00:00,Random Forest,13,0.9363713655738831,0.9943965151574753,2020-04-17 13:00:00,2021-04-17 13:00:00,2021-04-17 13:00:00,365,1
794,2021-04-17 13:00:00,Neural Network,13,0.9363713655738831,0.7533993416482714,2020-04-17 13:00:00,2021-04-17 13:00:00,2021-04-17 13:00:00,365,1
795,2021-04-17 13:00:00,Naive,13,0.9363713655738831,1.1497172694527118,2020-04-17 13:00:00,2021-04-17 13:00:00,2021-04-17 13:00:00,365,1
796,2021-04-18 13:00:00,Decision Tree,13,0.9988768799724695,1.0757922982489962,2020-04-18 13:00:00,2021-04-18 13:00:00,2021-04-18 13:00:00,365,1
797,2021-04-18 13:00:00,Random Forest,13,0.9988768799724695,1.0693965326530792,2020-04-18 13:00:00,2021-04-18 13:00:00,2021-04-18 13:00:00,365,1
798,2021-04-18 13:00:00,Neural Network,13,0.9988768799724695,0.8239647682544609,2020-04-18 13:00:00,2021-04-18 13:00:00,2021-04-18 13:00:00,365,1
799,2021-04-18 13:00:00,Naive,13,0.9988768799724695,0.9363713655738831,2020-04-18 13:00:00,2021-04-18 13:00:00,2021-04-18 13:00:00,365,1
800,2021-04-19 13:00:00,Decision Tree,13,1.3421279738616,1.2598762870808389,2020-04-19 13:00:00,2021-04-19 13:00:00,2021-04-19 13:00:00,365,1
801,2021-04-19 13:00:00,Random Forest,13,1.3421279738616,1.412556518293576,2020-04-19 13:00:00,2021-04-19 13:00:00,2021-04-19 13:00:00,365,1
802,2021-04-19 13:00:00,Neural Network,13,1.3421279738616,0.9792520371956954,2020-04-19 13:00:00,2021-04-19 13:00:00,2021-04-19 13:00:00,365,1
803,2021-04-19 13:00:00,Naive,13,1.3421279738616,0.9988768799724695,2020-04-19 13:00:00,2021-04-19 13:00:00,2021-04-19 13:00:00,365,1
804,2021-04-20 13:00:00,Decision Tree,13,1.286610798355961,1.295041265450116,2020-04-20 13:00:00,2021-04-20 13:00:00,2021-04-20 13:00:00,365,1
805,2021-04-20 13:00:00,Random Forest,13,1.286610798355961,1.303549394010174,2020-04-20 13:00:00,2021-04-20 13:00:00,2021-04-20 13:00:00,365,1
806,2021-04-20 13:00:00,Neural Network,13,1.286610798355961,1.3328446083018108,2020-04-20 13:00:00,2021-04-20 13:00:00,2021-04-20 13:00:00,365,1
807,2021-04-20 13:00:00,Naive,13,1.286610798355961,1.3421279738616,2020-04-20 13:00:00,2021-04-20 13:00:00,2021-04-20 13:00:00,365,1
808,2021-04-21 13:00:00,Decision Tree,13,0.7274000533496687,0.7324965281195994,2020-04-21 13:00:00,2021-04-21 13:00:00,2021-04-21 13:00:00,365,1
809,2021-04-21 13:00:00,Random Forest,13,0.7274000533496687,0.7461531852663325,2020-04-21 13:00:00,2021-04-21 13:00:00,2021-04-21 13:00:00,365,1
810,2021-04-21 13:00:00,Neural Network,13,0.7274000533496687,0.591858334620843,2020-04-21 13:00:00,2021-04-21 13:00:00,2021-04-21 13:00:00,365,1
811,2021-04-21 13:00:00,Naive,13,0.7274000533496687,1.286610798355961,2020-04-21 13:00:00,2021-04-21 13:00:00,2021-04-21 13:00:00,365,1
812,2021-04-22 13:00:00,Decision Tree,13,-1.6762463870754707,-1.6629667599621463,2020-04-22 13:00:00,2021-04-22 13:00:00,2021-04-22 13:00:00,365,1
813,2021-04-22 13:00:00,Random Forest,13,-1.6762463870754707,-1.6798593773086807,2020-04-22 13:00:00,2021-04-22 13:00:00,2021-04-22 13:00:00,365,1
814,2021-04-22 13:00:00,Neural Network,13,-1.6762463870754707,-1.5713280806251344,2020-04-22 13:00:00,2021-04-22 13:00:00,2021-04-22 13:00:00,365,1
815,2021-04-22 13:00:00,Naive,13,-1.6762463870754707,0.7274000533496687,2020-04-22 13:00:00,2021-04-22 13:00:00,2021-04-22 13:00:00,365,1
816,2021-04-23 13:00:00,Decision Tree,13,0.5230385635759849,0.5527876925933025,2020-04-23 13:00:00,2021-04-23 13:00:00,2021-04-23 13:00:00,365,1
817,2021-04-23 13:00:00,Random Forest,13,0.5230385635759849,0.5549016999191714,2020-04-23 13:00:00,2021-04-23 13:00:00,2021-04-23 13:00:00,365,1
818,2021-04-23 13:00:00,Neural Network,13,0.5230385635759849,0.03409026977565705,2020-04-23 13:00:00,2021-04-23 13:00:00,2021-04-23 13:00:00,365,1
819,2021-04-23 13:00:00,Naive,13,0.5230385635759849,-1.6762463870754707,2020-04-23 13:00:00,2021-04-23 13:00:00,2021-04-23 13:00:00,365,1
820,2021-04-24 13:00:00,Decision Tree,13,-0.2199433093804135,-0.22078080494813698,2020-04-24 13:00:00,2021-04-24 13:00:00,2021-04-24 13:00:00,365,1
821,2021-04-24 13:00:00,Random Forest,13,-0.2199433093804135,-0.22967860071881002,2020-04-24 13:00:00,2021-04-24 13:00:00,2021-04-24 13:00:00,365,1
822,2021-04-24 13:00:00,Neural Network,13,-0.2199433093804135,-0.22852065425138135,2020-04-24 13:00:00,2021-04-24 13:00:00,2021-04-24 13:00:00,365,1
823,2021-04-24 13:00:00,Naive,13,-0.2199433093804135,0.5230385635759849,2020-04-24 13:00:00,2021-04-24 13:00:00,2021-04-24 13:00:00,365,1
824,2021-04-25 13:00:00,Decision Tree,13,-1.6309286704660935,-1.664442274085849,2020-04-25 13:00:00,2021-04-25 13:00:00,2021-04-25 13:00:00,365,1
825,2021-04-25 13:00:00,Random Forest,13,-1.6309286704660935,-1.665382314613831,2020-04-25 13:00:00,2021-04-25 13:00:00,2021-04-25 13:00:00,365,1
826,2021-04-25 13:00:00,Neural Network,13,-1.6309286704660935,-1.4288713054488777,2020-04-25 13:00:00,2021-04-25 13:00:00,2021-04-25 13:00:00,365,1
827,2021-04-25 13:00:00,Naive,13,-1.6309286704660935,-0.2199433093804135,2020-04-25 13:00:00,2021-04-25 13:00:00,2021-04-25 13:00:00,365,1
828,2021-04-26 13:00:00,Decision Tree,13,0.8340215254691382,0.8933083564385831,2020-04-26 13:00:00,2021-04-26 13:00:00,2021-04-26 13:00:00,365,1
829,2021-04-26 13:00:00,Random Forest,13,0.8340215254691382,0.8705094911902427,2020-04-26 13:00:00,2021-04-26 13:00:00,2021-04-26 13:00:00,365,1
830,2021-04-26 13:00:00,Neural Network,13,0.8340215254691382,0.7662951570933527,2020-04-26 13:00:00,2021-04-26 13:00:00,2021-04-26 13:00:00,365,1
831,2021-04-26 13:00:00,Naive,13,0.8340215254691382,-1.6309286704660935,2020-04-26 13:00:00,2021-04-26 13:00:00,2021-04-26 13:00:00,365,1
832,2021-04-27 13:00:00,Decision Tree,13,0.6897757723002718,0.7316471156579443,2020-04-27 13:00:00,2021-04-27 13:00:00,2021-04-27 13:00:00,365,1
833,2021-04-27 13:00:00,Random Forest,13,0.6897757723002718,0.7469646679037055,2020-04-27 13:00:00,2021-04-27 13:00:00,2021-04-27 13:00:00,365,1
834,2021-04-27 13:00:00,Neural Network,13,0.6897757723002718,0.581694175399717,2020-04-27 13:00:00,2021-04-27 13:00:00,2021-04-27 13:00:00,365,1
835,2021-04-27 13:00:00,Naive,13,0.6897757723002718,0.8340215254691382,2020-04-27 13:00:00,2021-04-27 13:00:00,2021-04-27 13:00:00,365,1
836,2021-04-28 13:00:00,Decision Tree,13,0.8506871566036507,0.8684123451198724,2020-04-28 13:00:00,2021-04-28 13:00:00,2021-04-28 13:00:00,365,1
837,2021-04-28 13:00:00,Random Forest,13,0.8506871566036507,0.8739838774876935,2020-04-28 13:00:00,2021-04-28 13:00:00,2021-04-28 13:00:00,365,1
838,2021-04-28 13:00:00,Neural Network,13,0.8506871566036507,0.890855885602915,2020-04-28 13:00:00,2021-04-28 13:00:00,2021-04-28 13:00:00,365,1
839,2021-04-28 13:00:00,Naive,13,0.8506871566036507,0.6897757723002718,2020-04-28 13:00:00,2021-04-28 13:00:00,2021-04-28 13:00:00,365,1
840,2021-04-29 13:00:00,Decision Tree,13,0.8446152047254043,0.9329045835704612,2020-04-29 13:00:00,2021-04-29 13:00:00,2021-04-29 13:00:00,365,1
841,2021-04-29 13:00:00,Random Forest,13,0.8446152047254043,0.8750381086536987,2020-04-29 13:00:00,2021-04-29 13:00:00,2021-04-29 13:00:00,365,1
842,2021-04-29 13:00:00,Neural Network,13,0.8446152047254043,0.6300950121332902,2020-04-29 13:00:00,2021-04-29 13:00:00,2021-04-29 13:00:00,365,1
843,2021-04-29 13:00:00,Naive,13,0.8446152047254043,0.8506871566036507,2020-04-29 13:00:00,2021-04-29 13:00:00,2021-04-29 13:00:00,365,1
844,2021-04-30 13:00:00,Decision Tree,13,1.3617426405718673,1.4951708743105585,2020-04-30 13:00:00,2021-04-30 13:00:00,2021-04-30 13:00:00,365,1
845,2021-04-30 13:00:00,Random Forest,13,1.3617426405718673,1.4674042544941877,2020-04-30 13:00:00,2021-04-30 13:00:00,2021-04-30 13:00:00,365,1
846,2021-04-30 13:00:00,Neural Network,13,1.3617426405718673,1.3620935754986714,2020-04-30 13:00:00,2021-04-30 13:00:00,2021-04-30 13:00:00,365,1
847,2021-04-30 13:00:00,Naive,13,1.3617426405718673,0.8446152047254043,2020-04-30 13:00:00,2021-04-30 13:00:00,2021-04-30 13:00:00,365,1
848,2021-05-01 13:00:00,Decision Tree,13,0.9232837497590173,0.9971148873462774,2020-05-01 13:00:00,2021-05-01 13:00:00,2021-05-01 13:00:00,365,1
849,2021-05-01 13:00:00,Random Forest,13,0.9232837497590173,0.9902835497395421,2020-05-01 13:00:00,2021-05-01 13:00:00,2021-05-01 13:00:00,365,1
850,2021-05-01 13:00:00,Neural Network,13,0.9232837497590173,0.20866064912673388,2020-05-01 13:00:00,2021-05-01 13:00:00,2021-05-01 13:00:00,365,1
851,2021-05-01 13:00:00,Naive,13,0.9232837497590173,1.3617426405718673,2020-05-01 13:00:00,2021-05-01 13:00:00,2021-05-01 13:00:00,365,1
852,2021-05-02 13:00:00,Decision Tree,13,-1.1033550607164928,-1.085960550344381,2020-05-02 13:00:00,2021-05-02 13:00:00,2021-05-02 13:00:00,365,1
853,2021-05-02 13:00:00,Random Forest,13,-1.1033550607164928,-1.103456486426785,2020-05-02 13:00:00,2021-05-02 13:00:00,2021-05-02 13:00:00,365,1
854,2021-05-02 13:00:00,Neural Network,13,-1.1033550607164928,-1.0212867447989695,2020-05-02 13:00:00,2021-05-02 13:00:00,2021-05-02 13:00:00,365,1
855,2021-05-02 13:00:00,Naive,13,-1.1033550607164928,0.9232837497590173,2020-05-02 13:00:00,2021-05-02 13:00:00,2021-05-02 13:00:00,365,1
856,2021-05-03 13:00:00,Decision Tree,13,0.8657897856756033,0.8483342926328102,2020-05-03 13:00:00,2021-05-03 13:00:00,2021-05-03 13:00:00,365,1
857,2021-05-03 13:00:00,Random Forest,13,0.8657897856756033,0.8806226218041475,2020-05-03 13:00:00,2021-05-03 13:00:00,2021-05-03 13:00:00,365,1
858,2021-05-03 13:00:00,Neural Network,13,0.8657897856756033,0.6583543221471143,2020-05-03 13:00:00,2021-05-03 13:00:00,2021-05-03 13:00:00,365,1
859,2021-05-03 13:00:00,Naive,13,0.8657897856756033,-1.1033550607164928,2020-05-03 13:00:00,2021-05-03 13:00:00,2021-05-03 13:00:00,365,1
860,2021-05-04 13:00:00,Decision Tree,13,-1.011505921133248,-0.9936387831694187,2020-05-04 13:00:00,2021-05-04 13:00:00,2021-05-04 13:00:00,365,1
861,2021-05-04 13:00:00,Random Forest,13,-1.011505921133248,-1.0087986286213189,2020-05-04 13:00:00,2021-05-04 13:00:00,2021-05-04 13:00:00,365,1
862,2021-05-04 13:00:00,Neural Network,13,-1.011505921133248,-1.0161364678133977,2020-05-04 13:00:00,2021-05-04 13:00:00,2021-05-04 13:00:00,365,1
863,2021-05-04 13:00:00,Naive,13,-1.011505921133248,0.8657897856756033,2020-05-04 13:00:00,2021-05-04 13:00:00,2021-05-04 13:00:00,365,1
864,2021-05-05 13:00:00,Decision Tree,13,-1.9282913966860138,-1.80556261427892,2020-05-05 13:00:00,2021-05-05 13:00:00,2021-05-05 13:00:00,365,1
865,2021-05-05 13:00:00,Random Forest,13,-1.9282913966860138,-1.943318752567551,2020-05-05 13:00:00,2021-05-05 13:00:00,2021-05-05 13:00:00,365,1
866,2021-05-05 13:00:00,Neural Network,13,-1.9282913966860138,-1.9437593851994694,2020-05-05 13:00:00,2021-05-05 13:00:00,2021-05-05 13:00:00,365,1
867,2021-05-05 13:00:00,Naive,13,-1.9282913966860138,-1.011505921133248,2020-05-05 13:00:00,2021-05-05 13:00:00,2021-05-05 13:00:00,365,1
868,2021-05-06 13:00:00,Decision Tree,13,1.2487534562168865,1.290574510553587,2020-05-06 13:00:00,2021-05-06 13:00:00,2021-05-06 13:00:00,365,1
869,2021-05-06 13:00:00,Random Forest,13,1.2487534562168865,1.3025695591483097,2020-05-06 13:00:00,2021-05-06 13:00:00,2021-05-06 13:00:00,365,1
870,2021-05-06 13:00:00,Neural Network,13,1.2487534562168865,1.0585811422025129,2020-05-06 13:00:00,2021-05-06 13:00:00,2021-05-06 13:00:00,365,1
871,2021-05-06 13:00:00,Naive,13,1.2487534562168865,-1.9282913966860138,2020-05-06 13:00:00,2021-05-06 13:00:00,2021-05-06 13:00:00,365,1
872,2021-05-07 13:00:00,Decision Tree,13,1.3443648559973023,1.3955814100222839,2020-05-07 13:00:00,2021-05-07 13:00:00,2021-05-07 13:00:00,365,1
873,2021-05-07 13:00:00,Random Forest,13,1.3443648559973023,1.416825454301099,2020-05-07 13:00:00,2021-05-07 13:00:00,2021-05-07 13:00:00,365,1
874,2021-05-07 13:00:00,Neural Network,13,1.3443648559973023,1.1169980092256246,2020-05-07 13:00:00,2021-05-07 13:00:00,2021-05-07 13:00:00,365,1
875,2021-05-07 13:00:00,Naive,13,1.3443648559973023,1.2487534562168865,2020-05-07 13:00:00,2021-05-07 13:00:00,2021-05-07 13:00:00,365,1
876,2021-05-08 13:00:00,Decision Tree,13,-0.7662460725378636,-0.7797814675774349,2020-05-08 13:00:00,2021-05-08 13:00:00,2021-05-08 13:00:00,365,1
877,2021-05-08 13:00:00,Random Forest,13,-0.7662460725378636,-0.7783319891853514,2020-05-08 13:00:00,2021-05-08 13:00:00,2021-05-08 13:00:00,365,1
878,2021-05-08 13:00:00,Neural Network,13,-0.7662460725378636,-0.6271637335691621,2020-05-08 13:00:00,2021-05-08 13:00:00,2021-05-08 13:00:00,365,1
879,2021-05-08 13:00:00,Naive,13,-0.7662460725378636,1.3443648559973023,2020-05-08 13:00:00,2021-05-08 13:00:00,2021-05-08 13:00:00,365,1
880,2021-05-09 13:00:00,Decision Tree,13,-2.5078345112348766,-2.615602319401273,2020-05-09 13:00:00,2021-05-09 13:00:00,2021-05-09 13:00:00,365,1
881,2021-05-09 13:00:00,Random Forest,13,-2.5078345112348766,-2.5231037104895924,2020-05-09 13:00:00,2021-05-09 13:00:00,2021-05-09 13:00:00,365,1
882,2021-05-09 13:00:00,Neural Network,13,-2.5078345112348766,-3.0654461433074474,2020-05-09 13:00:00,2021-05-09 13:00:00,2021-05-09 13:00:00,365,1
883,2021-05-09 13:00:00,Naive,13,-2.5078345112348766,-0.7662460725378636,2020-05-09 13:00:00,2021-05-09 13:00:00,2021-05-09 13:00:00,365,1
884,2021-05-10 13:00:00,Decision Tree,13,0.6594683180901374,0.7280953110716044,2020-05-10 13:00:00,2021-05-10 13:00:00,2021-05-10 13:00:00,365,1
885,2021-05-10 13:00:00,Random Forest,13,0.6594683180901374,0.7165131681041699,2020-05-10 13:00:00,2021-05-10 13:00:00,2021-05-10 13:00:00,365,1
886,2021-05-10 13:00:00,Neural Network,13,0.6594683180901374,0.5247550525023175,2020-05-10 13:00:00,2021-05-10 13:00:00,2021-05-10 13:00:00,365,1
887,2021-05-10 13:00:00,Naive,13,0.6594683180901374,-2.5078345112348766,2020-05-10 13:00:00,2021-05-10 13:00:00,2021-05-10 13:00:00,365,1
888,2021-05-11 13:00:00,Decision Tree,13,1.5623517363967778,1.6585920851410794,2020-05-11 13:00:00,2021-05-11 13:00:00,2021-05-11 13:00:00,365,1
889,2021-05-11 13:00:00,Random Forest,13,1.5623517363967778,1.6893863868658205,2020-05-11 13:00:00,2021-05-11 13:00:00,2021-05-11 13:00:00,365,1
890,2021-05-11 13:00:00,Neural Network,13,1.5623517363967778,1.641727015340458,2020-05-11 13:00:00,2021-05-11 13:00:00,2021-05-11 13:00:00,365,1
891,2021-05-11 13:00:00,Naive,13,1.5623517363967778,0.6594683180901374,2020-05-11 13:00:00,2021-05-11 13:00:00,2021-05-11 13:00:00,365,1
892,2021-05-12 13:00:00,Decision Tree,13,1.344422963412918,1.4556120241106907,2020-05-12 13:00:00,2021-05-12 13:00:00,2021-05-12 13:00:00,365,1
893,2021-05-12 13:00:00,Random Forest,13,1.344422963412918,1.4393551663267945,2020-05-12 13:00:00,2021-05-12 13:00:00,2021-05-12 13:00:00,365,1
894,2021-05-12 13:00:00,Neural Network,13,1.344422963412918,1.4363693922282972,2020-05-12 13:00:00,2021-05-12 13:00:00,2021-05-12 13:00:00,365,1
895,2021-05-12 13:00:00,Naive,13,1.344422963412918,1.5623517363967778,2020-05-12 13:00:00,2021-05-12 13:00:00,2021-05-12 13:00:00,365,1
896,2021-05-13 13:00:00,Decision Tree,13,0.9279458687194148,0.9743204225567142,2020-05-13 13:00:00,2021-05-13 13:00:00,2021-05-13 13:00:00,365,1
897,2021-05-13 13:00:00,Random Forest,13,0.9279458687194148,1.0111879946581641,2020-05-13 13:00:00,2021-05-13 13:00:00,2021-05-13 13:00:00,365,1
898,2021-05-13 13:00:00,Neural Network,13,0.9279458687194148,0.5626327613760786,2020-05-13 13:00:00,2021-05-13 13:00:00,2021-05-13 13:00:00,365,1
899,2021-05-13 13:00:00,Naive,13,0.9279458687194148,1.344422963412918,2020-05-13 13:00:00,2021-05-13 13:00:00,2021-05-13 13:00:00,365,1
900,2021-05-14 13:00:00,Decision Tree,13,1.371882146609409,1.5428974756541143,2020-05-14 13:00:00,2021-05-14 13:00:00,2021-05-14 13:00:00,365,1
901,2021-05-14 13:00:00,Random Forest,13,1.371882146609409,1.4578361387411762,2020-05-14 13:00:00,2021-05-14 13:00:00,2021-05-14 13:00:00,365,1
902,2021-05-14 13:00:00,Neural Network,13,1.371882146609409,0.9556775745135588,2020-05-14 13:00:00,2021-05-14 13:00:00,2021-05-14 13:00:00,365,1
903,2021-05-14 13:00:00,Naive,13,1.371882146609409,0.9279458687194148,2020-05-14 13:00:00,2021-05-14 13:00:00,2021-05-14 13:00:00,365,1
904,2021-05-15 13:00:00,Decision Tree,13,0.7693770975532319,0.8495847666176122,2020-05-15 13:00:00,2021-05-15 13:00:00,2021-05-15 13:00:00,365,1
905,2021-05-15 13:00:00,Random Forest,13,0.7693770975532319,0.8559531786304669,2020-05-15 13:00:00,2021-05-15 13:00:00,2021-05-15 13:00:00,365,1
906,2021-05-15 13:00:00,Neural Network,13,0.7693770975532319,0.6274457592628648,2020-05-15 13:00:00,2021-05-15 13:00:00,2021-05-15 13:00:00,365,1
907,2021-05-15 13:00:00,Naive,13,0.7693770975532319,1.371882146609409,2020-05-15 13:00:00,2021-05-15 13:00:00,2021-05-15 13:00:00,365,1
908,2021-05-16 13:00:00,Decision Tree,13,-1.3445721006585944,-1.3144200391713015,2020-05-16 13:00:00,2021-05-16 13:00:00,2021-05-16 13:00:00,365,1
909,2021-05-16 13:00:00,Random Forest,13,-1.3445721006585944,-1.3249842894395152,2020-05-16 13:00:00,2021-05-16 13:00:00,2021-05-16 13:00:00,365,1
910,2021-05-16 13:00:00,Neural Network,13,-1.3445721006585944,-1.0062785854359888,2020-05-16 13:00:00,2021-05-16 13:00:00,2021-05-16 13:00:00,365,1
911,2021-05-16 13:00:00,Naive,13,-1.3445721006585944,0.7693770975532319,2020-05-16 13:00:00,2021-05-16 13:00:00,2021-05-16 13:00:00,365,1
912,2021-05-17 13:00:00,Decision Tree,13,1.6269420000126278,1.8261720009512665,2020-05-17 13:00:00,2021-05-17 13:00:00,2021-05-17 13:00:00,365,1
913,2021-05-17 13:00:00,Random Forest,13,1.6269420000126278,1.7526774978091442,2020-05-17 13:00:00,2021-05-17 13:00:00,2021-05-17 13:00:00,365,1
914,2021-05-17 13:00:00,Neural Network,13,1.6269420000126278,1.719552867732753,2020-05-17 13:00:00,2021-05-17 13:00:00,2021-05-17 13:00:00,365,1
915,2021-05-17 13:00:00,Naive,13,1.6269420000126278,-1.3445721006585944,2020-05-17 13:00:00,2021-05-17 13:00:00,2021-05-17 13:00:00,365,1
916,2021-05-18 13:00:00,Decision Tree,13,1.500400310501702,1.5862287908660093,2020-05-18 13:00:00,2021-05-18 13:00:00,2021-05-18 13:00:00,365,1
917,2021-05-18 13:00:00,Random Forest,13,1.500400310501702,1.589292052864054,2020-05-18 13:00:00,2021-05-18 13:00:00,2021-05-18 13:00:00,365,1
918,2021-05-18 13:00:00,Neural Network,13,1.500400310501702,1.6595786657992453,2020-05-18 13:00:00,2021-05-18 13:00:00,2021-05-18 13:00:00,365,1
919,2021-05-18 13:00:00,Naive,13,1.500400310501702,1.6269420000126278,2020-05-18 13:00:00,2021-05-18 13:00:00,2021-05-18 13:00:00,365,1
920,2021-05-19 13:00:00,Decision Tree,13,1.5688356762143947,1.7929670007948266,2020-05-19 13:00:00,2021-05-19 13:00:00,2021-05-19 13:00:00,365,1
921,2021-05-19 13:00:00,Random Forest,13,1.5688356762143947,1.6307170284575256,2020-05-19 13:00:00,2021-05-19 13:00:00,2021-05-19 13:00:00,365,1
922,2021-05-19 13:00:00,Neural Network,13,1.5688356762143947,1.7084776063714036,2020-05-19 13:00:00,2021-05-19 13:00:00,2021-05-19 13:00:00,365,1
923,2021-05-19 13:00:00,Naive,13,1.5688356762143947,1.500400310501702,2020-05-19 13:00:00,2021-05-19 13:00:00,2021-05-19 13:00:00,365,1
924,2021-05-20 13:00:00,Decision Tree,13,1.1031196678427018,1.2425853101566062,2020-05-20 13:00:00,2021-05-20 13:00:00,2021-05-20 13:00:00,365,1
925,2021-05-20 13:00:00,Random Forest,13,1.1031196678427018,1.2336072545446661,2020-05-20 13:00:00,2021-05-20 13:00:00,2021-05-20 13:00:00,365,1
926,2021-05-20 13:00:00,Neural Network,13,1.1031196678427018,1.1144373658412212,2020-05-20 13:00:00,2021-05-20 13:00:00,2021-05-20 13:00:00,365,1
927,2021-05-20 13:00:00,Naive,13,1.1031196678427018,1.5688356762143947,2020-05-20 13:00:00,2021-05-20 13:00:00,2021-05-20 13:00:00,365,1
928,2021-05-21 13:00:00,Decision Tree,13,-1.6087412912175687,-1.676453321025424,2020-05-21 13:00:00,2021-05-21 13:00:00,2021-05-21 13:00:00,365,1
929,2021-05-21 13:00:00,Random Forest,13,-1.6087412912175687,-1.693693034481141,2020-05-21 13:00:00,2021-05-21 13:00:00,2021-05-21 13:00:00,365,1
930,2021-05-21 13:00:00,Neural Network,13,-1.6087412912175687,-1.6456495892160952,2020-05-21 13:00:00,2021-05-21 13:00:00,2021-05-21 13:00:00,365,1
931,2021-05-21 13:00:00,Naive,13,-1.6087412912175687,1.1031196678427018,2020-05-21 13:00:00,2021-05-21 13:00:00,2021-05-21 13:00:00,365,1
932,2021-05-22 13:00:00,Decision Tree,13,-2.646027051861413,-2.6066055195467204,2020-05-22 13:00:00,2021-05-22 13:00:00,2021-05-22 13:00:00,365,1
933,2021-05-22 13:00:00,Random Forest,13,-2.646027051861413,-2.587104158270437,2020-05-22 13:00:00,2021-05-22 13:00:00,2021-05-22 13:00:00,365,1
934,2021-05-22 13:00:00,Neural Network,13,-2.646027051861413,-2.6457972710635733,2020-05-22 13:00:00,2021-05-22 13:00:00,2021-05-22 13:00:00,365,1
935,2021-05-22 13:00:00,Naive,13,-2.646027051861413,-1.6087412912175687,2020-05-22 13:00:00,2021-05-22 13:00:00,2021-05-22 13:00:00,365,1
936,2021-05-23 13:00:00,Decision Tree,13,-1.804783416420959,-1.8989727718507683,2020-05-23 13:00:00,2021-05-23 13:00:00,2021-05-23 13:00:00,365,1
937,2021-05-23 13:00:00,Random Forest,13,-1.804783416420959,-1.8717894925638954,2020-05-23 13:00:00,2021-05-23 13:00:00,2021-05-23 13:00:00,365,1
938,2021-05-23 13:00:00,Neural Network,13,-1.804783416420959,-1.8083040933985786,2020-05-23 13:00:00,2021-05-23 13:00:00,2021-05-23 13:00:00,365,1
939,2021-05-23 13:00:00,Naive,13,-1.804783416420959,-2.646027051861413,2020-05-23 13:00:00,2021-05-23 13:00:00,2021-05-23 13:00:00,365,1
940,2021-05-24 13:00:00,Decision Tree,13,-1.56350810093401,-1.6372633804752141,2020-05-24 13:00:00,2021-05-24 13:00:00,2021-05-24 13:00:00,365,1
941,2021-05-24 13:00:00,Random Forest,13,-1.56350810093401,-1.6370616204614994,2020-05-24 13:00:00,2021-05-24 13:00:00,2021-05-24 13:00:00,365,1
942,2021-05-24 13:00:00,Neural Network,13,-1.56350810093401,-1.6726074486127873,2020-05-24 13:00:00,2021-05-24 13:00:00,2021-05-24 13:00:00,365,1
943,2021-05-24 13:00:00,Naive,13,-1.56350810093401,-1.804783416420959,2020-05-24 13:00:00,2021-05-24 13:00:00,2021-05-24 13:00:00,365,1
944,2021-05-25 13:00:00,Decision Tree,13,0.7267037865719895,0.7274145487318978,2020-05-25 13:00:00,2021-05-25 13:00:00,2021-05-25 13:00:00,365,1
945,2021-05-25 13:00:00,Random Forest,13,0.7267037865719895,0.7765232234332761,2020-05-25 13:00:00,2021-05-25 13:00:00,2021-05-25 13:00:00,365,1
946,2021-05-25 13:00:00,Neural Network,13,0.7267037865719895,0.6122430070193147,2020-05-25 13:00:00,2021-05-25 13:00:00,2021-05-25 13:00:00,365,1
947,2021-05-25 13:00:00,Naive,13,0.7267037865719895,-1.56350810093401,2020-05-25 13:00:00,2021-05-25 13:00:00,2021-05-25 13:00:00,365,1
948,2021-05-26 13:00:00,Decision Tree,13,1.2456094009307346,1.3024850177599738,2020-05-26 13:00:00,2021-05-26 13:00:00,2021-05-26 13:00:00,365,1
949,2021-05-26 13:00:00,Random Forest,13,1.2456094009307346,1.3109920278391527,2020-05-26 13:00:00,2021-05-26 13:00:00,2021-05-26 13:00:00,365,1
950,2021-05-26 13:00:00,Neural Network,13,1.2456094009307346,1.212399058352508,2020-05-26 13:00:00,2021-05-26 13:00:00,2021-05-26 13:00:00,365,1
951,2021-05-26 13:00:00,Naive,13,1.2456094009307346,0.7267037865719895,2020-05-26 13:00:00,2021-05-26 13:00:00,2021-05-26 13:00:00,365,1
952,2021-05-27 13:00:00,Decision Tree,13,1.4180392385331664,1.5575580183235356,2020-05-27 13:00:00,2021-05-27 13:00:00,2021-05-27 13:00:00,365,1
953,2021-05-27 13:00:00,Random Forest,13,1.4180392385331664,1.5593533173114547,2020-05-27 13:00:00,2021-05-27 13:00:00,2021-05-27 13:00:00,365,1
954,2021-05-27 13:00:00,Neural Network,13,1.4180392385331664,1.4746583912579927,2020-05-27 13:00:00,2021-05-27 13:00:00,2021-05-27 13:00:00,365,1
955,2021-05-27 13:00:00,Naive,13,1.4180392385331664,1.2456094009307346,2020-05-27 13:00:00,2021-05-27 13:00:00,2021-05-27 13:00:00,365,1
956,2021-05-28 13:00:00,Decision Tree,13,1.2614778601084287,1.3529081160906193,2020-05-28 13:00:00,2021-05-28 13:00:00,2021-05-28 13:00:00,365,1
957,2021-05-28 13:00:00,Random Forest,13,1.2614778601084287,1.353916332554196,2020-05-28 13:00:00,2021-05-28 13:00:00,2021-05-28 13:00:00,365,1
958,2021-05-28 13:00:00,Neural Network,13,1.2614778601084287,1.2437182114749308,2020-05-28 13:00:00,2021-05-28 13:00:00,2021-05-28 13:00:00,365,1
959,2021-05-28 13:00:00,Naive,13,1.2614778601084287,1.4180392385331664,2020-05-28 13:00:00,2021-05-28 13:00:00,2021-05-28 13:00:00,365,1
960,2021-05-29 13:00:00,Decision Tree,13,-0.3379176252464182,-0.33254488777939584,2020-05-29 13:00:00,2021-05-29 13:00:00,2021-05-29 13:00:00,365,1
961,2021-05-29 13:00:00,Random Forest,13,-0.3379176252464182,-0.34520541552714157,2020-05-29 13:00:00,2021-05-29 13:00:00,2021-05-29 13:00:00,365,1
962,2021-05-29 13:00:00,Neural Network,13,-0.3379176252464182,-0.3186556759848,2020-05-29 13:00:00,2021-05-29 13:00:00,2021-05-29 13:00:00,365,1
963,2021-05-29 13:00:00,Naive,13,-0.3379176252464182,1.2614778601084287,2020-05-29 13:00:00,2021-05-29 13:00:00,2021-05-29 13:00:00,365,1
964,2021-05-30 13:00:00,Decision Tree,13,-1.6862897400618784,-1.8441402187156324,2020-05-30 13:00:00,2021-05-30 13:00:00,2021-05-30 13:00:00,365,1
965,2021-05-30 13:00:00,Random Forest,13,-1.6862897400618784,-1.7845859691144188,2020-05-30 13:00:00,2021-05-30 13:00:00,2021-05-30 13:00:00,365,1
966,2021-05-30 13:00:00,Neural Network,13,-1.6862897400618784,-1.465390138427691,2020-05-30 13:00:00,2021-05-30 13:00:00,2021-05-30 13:00:00,365,1
967,2021-05-30 13:00:00,Naive,13,-1.6862897400618784,-0.3379176252464182,2020-05-30 13:00:00,2021-05-30 13:00:00,2021-05-30 13:00:00,365,1
968,2021-05-31 13:00:00,Decision Tree,13,1.0519431204352774,1.1289912398438728,2020-05-31 13:00:00,2021-05-31 13:00:00,2021-05-31 13:00:00,365,1
969,2021-05-31 13:00:00,Random Forest,13,1.0519431204352774,1.143261082943797,2020-05-31 13:00:00,2021-05-31 13:00:00,2021-05-31 13:00:00,365,1
970,2021-05-31 13:00:00,Neural Network,13,1.0519431204352774,1.1565162985222952,2020-05-31 13:00:00,2021-05-31 13:00:00,2021-05-31 13:00:00,365,1
971,2021-05-31 13:00:00,Naive,13,1.0519431204352774,-1.6862897400618784,2020-05-31 13:00:00,2021-05-31 13:00:00,2021-05-31 13:00:00,365,1
972,2021-06-01 13:00:00,Decision Tree,13,1.0827688407158764,1.2105550560300447,2020-06-01 13:00:00,2021-06-01 13:00:00,2021-06-01 13:00:00,365,1
973,2021-06-01 13:00:00,Random Forest,13,1.0827688407158764,1.1536048919036164,2020-06-01 13:00:00,2021-06-01 13:00:00,2021-06-01 13:00:00,365,1
974,2021-06-01 13:00:00,Neural Network,13,1.0827688407158764,1.0813968856147662,2020-06-01 13:00:00,2021-06-01 13:00:00,2021-06-01 13:00:00,365,1
975,2021-06-01 13:00:00,Naive,13,1.0827688407158764,1.0519431204352774,2020-06-01 13:00:00,2021-06-01 13:00:00,2021-06-01 13:00:00,365,1
976,2021-06-02 13:00:00,Decision Tree,13,0.9911710081173469,1.1461513866104478,2020-06-02 13:00:00,2021-06-02 13:00:00,2021-06-02 13:00:00,365,1
977,2021-06-02 13:00:00,Random Forest,13,0.9911710081173469,1.12102392386737,2020-06-02 13:00:00,2021-06-02 13:00:00,2021-06-02 13:00:00,365,1
978,2021-06-02 13:00:00,Neural Network,13,0.9911710081173469,0.8378403706637639,2020-06-02 13:00:00,2021-06-02 13:00:00,2021-06-02 13:00:00,365,1
979,2021-06-02 13:00:00,Naive,13,0.9911710081173469,1.0827688407158764,2020-06-02 13:00:00,2021-06-02 13:00:00,2021-06-02 13:00:00,365,1
980,2021-06-03 13:00:00,Decision Tree,13,0.8806339327546755,0.9685236033270518,2020-06-03 13:00:00,2021-06-03 13:00:00,2021-06-03 13:00:00,365,1
981,2021-06-03 13:00:00,Random Forest,13,0.8806339327546755,0.9658748657320357,2020-06-03 13:00:00,2021-06-03 13:00:00,2021-06-03 13:00:00,365,1
982,2021-06-03 13:00:00,Neural Network,13,0.8806339327546755,0.7577656170593782,2020-06-03 13:00:00,2021-06-03 13:00:00,2021-06-03 13:00:00,365,1
983,2021-06-03 13:00:00,Naive,13,0.8806339327546755,0.9911710081173469,2020-06-03 13:00:00,2021-06-03 13:00:00,2021-06-03 13:00:00,365,1
984,2021-06-04 13:00:00,Decision Tree,13,1.3186932592602532,1.3376697400935875,2020-06-04 13:00:00,2021-06-04 13:00:00,2021-06-04 13:00:00,365,1
985,2021-06-04 13:00:00,Random Forest,13,1.3186932592602532,1.4029598789857463,2020-06-04 13:00:00,2021-06-04 13:00:00,2021-06-04 13:00:00,365,1
986,2021-06-04 13:00:00,Neural Network,13,1.3186932592602532,1.430435366565777,2020-06-04 13:00:00,2021-06-04 13:00:00,2021-06-04 13:00:00,365,1
987,2021-06-04 13:00:00,Naive,13,1.3186932592602532,0.8806339327546755,2020-06-04 13:00:00,2021-06-04 13:00:00,2021-06-04 13:00:00,365,1
988,2021-06-05 13:00:00,Decision Tree,13,1.0410825792195266,1.0612520670570613,2020-06-05 13:00:00,2021-06-05 13:00:00,2021-06-05 13:00:00,365,1
989,2021-06-05 13:00:00,Random Forest,13,1.0410825792195266,1.1278288396010214,2020-06-05 13:00:00,2021-06-05 13:00:00,2021-06-05 13:00:00,365,1
990,2021-06-05 13:00:00,Neural Network,13,1.0410825792195266,0.845077436306252,2020-06-05 13:00:00,2021-06-05 13:00:00,2021-06-05 13:00:00,365,1
991,2021-06-05 13:00:00,Naive,13,1.0410825792195266,1.3186932592602532,2020-06-05 13:00:00,2021-06-05 13:00:00,2021-06-05 13:00:00,365,1
992,2021-06-06 13:00:00,Decision Tree,13,1.033924213814872,1.0587308810773695,2020-06-06 13:00:00,2021-06-06 13:00:00,2021-06-06 13:00:00,365,1
993,2021-06-06 13:00:00,Random Forest,13,1.033924213814872,1.0790931673920878,2020-06-06 13:00:00,2021-06-06 13:00:00,2021-06-06 13:00:00,365,1
994,2021-06-06 13:00:00,Neural Network,13,1.033924213814872,0.917865059228611,2020-06-06 13:00:00,2021-06-06 13:00:00,2021-06-06 13:00:00,365,1
995,2021-06-06 13:00:00,Naive,13,1.033924213814872,1.0410825792195266,2020-06-06 13:00:00,2021-06-06 13:00:00,2021-06-06 13:00:00,365,1
996,2021-06-07 13:00:00,Decision Tree,13,1.7079451463949071,2.065685062865366,2020-06-07 13:00:00,2021-06-07 13:00:00,2021-06-07 13:00:00,365,1
997,2021-06-07 13:00:00,Random Forest,13,1.7079451463949071,1.8678682661456267,2020-06-07 13:00:00,2021-06-07 13:00:00,2021-06-07 13:00:00,365,1
998,2021-06-07 13:00:00,Neural Network,13,1.7079451463949071,1.8164281388343744,2020-06-07 13:00:00,2021-06-07 13:00:00,2021-06-07 13:00:00,365,1
999,2021-06-07 13:00:00,Naive,13,1.7079451463949071,1.033924213814872,2020-06-07 13:00:00,2021-06-07 13:00:00,2021-06-07 13:00:00,365,1
1000,2021-06-08 13:00:00,Decision Tree,13,1.393269598839104,1.5262415656388286,2020-06-08 13:00:00,2021-06-08 13:00:00,2021-06-08 13:00:00,365,1
1001,2021-06-08 13:00:00,Random Forest,13,1.393269598839104,1.5556176240202617,2020-06-08 13:00:00,2021-06-08 13:00:00,2021-06-08 13:00:00,365,1
1002,2021-06-08 13:00:00,Neural Network,13,1.393269598839104,1.5621336438132813,2020-06-08 13:00:00,2021-06-08 13:00:00,2021-06-08 13:00:00,365,1
1003,2021-06-08 13:00:00,Naive,13,1.393269598839104,1.7079451463949071,2020-06-08 13:00:00,2021-06-08 13:00:00,2021-06-08 13:00:00,365,1
1004,2021-06-09 13:00:00,Decision Tree,13,1.5138205039703492,1.488579312097029,2020-06-09 13:00:00,2021-06-09 13:00:00,2021-06-09 13:00:00,365,1
1005,2021-06-09 13:00:00,Random Forest,13,1.5138205039703492,1.5742665978023411,2020-06-09 13:00:00,2021-06-09 13:00:00,2021-06-09 13:00:00,365,1
1006,2021-06-09 13:00:00,Neural Network,13,1.5138205039703492,1.8041726571736896,2020-06-09 13:00:00,2021-06-09 13:00:00,2021-06-09 13:00:00,365,1
1007,2021-06-09 13:00:00,Naive,13,1.5138205039703492,1.393269598839104,2020-06-09 13:00:00,2021-06-09 13:00:00,2021-06-09 13:00:00,365,1
1008,2021-06-10 13:00:00,Decision Tree,13,1.3955586887688565,1.4788730656117433,2020-06-10 13:00:00,2021-06-10 13:00:00,2021-06-10 13:00:00,365,1
1009,2021-06-10 13:00:00,Random Forest,13,1.3955586887688565,1.4928380459647996,2020-06-10 13:00:00,2021-06-10 13:00:00,2021-06-10 13:00:00,365,1
1010,2021-06-10 13:00:00,Neural Network,13,1.3955586887688565,1.5546999030873498,2020-06-10 13:00:00,2021-06-10 13:00:00,2021-06-10 13:00:00,365,1
1011,2021-06-10 13:00:00,Naive,13,1.3955586887688565,1.5138205039703492,2020-06-10 13:00:00,2021-06-10 13:00:00,2021-06-10 13:00:00,365,1
1012,2021-06-11 13:00:00,Decision Tree,13,1.449511907172782,1.4649873361379289,2020-06-11 13:00:00,2021-06-11 13:00:00,2021-06-11 13:00:00,365,1
1013,2021-06-11 13:00:00,Random Forest,13,1.449511907172782,1.4866733871928826,2020-06-11 13:00:00,2021-06-11 13:00:00,2021-06-11 13:00:00,365,1
1014,2021-06-11 13:00:00,Neural Network,13,1.449511907172782,1.3748976996662103,2020-06-11 13:00:00,2021-06-11 13:00:00,2021-06-11 13:00:00,365,1
1015,2021-06-11 13:00:00,Naive,13,1.449511907172782,1.3955586887688565,2020-06-11 13:00:00,2021-06-11 13:00:00,2021-06-11 13:00:00,365,1
1016,2021-06-12 13:00:00,Decision Tree,13,-1.6435688269118145,-1.7088248040154184,2020-06-12 13:00:00,2021-06-12 13:00:00,2021-06-12 13:00:00,365,1
1017,2021-06-12 13:00:00,Random Forest,13,-1.6435688269118145,-1.7172108902321441,2020-06-12 13:00:00,2021-06-12 13:00:00,2021-06-12 13:00:00,365,1
1018,2021-06-12 13:00:00,Neural Network,13,-1.6435688269118145,-1.600885796901899,2020-06-12 13:00:00,2021-06-12 13:00:00,2021-06-12 13:00:00,365,1
1019,2021-06-12 13:00:00,Naive,13,-1.6435688269118145,1.449511907172782,2020-06-12 13:00:00,2021-06-12 13:00:00,2021-06-12 13:00:00,365,1
1020,2021-06-13 13:00:00,Decision Tree,13,-2.058290355401225,-2.5233417030326653,2020-06-13 13:00:00,2021-06-13 13:00:00,2021-06-13 13:00:00,365,1
1021,2021-06-13 13:00:00,Random Forest,13,-2.058290355401225,-2.2691438791137557,2020-06-13 13:00:00,2021-06-13 13:00:00,2021-06-13 13:00:00,365,1
1022,2021-06-13 13:00:00,Neural Network,13,-2.058290355401225,-2.0559654892809167,2020-06-13 13:00:00,2021-06-13 13:00:00,2021-06-13 13:00:00,365,1
1023,2021-06-13 13:00:00,Naive,13,-2.058290355401225,-1.6435688269118145,2020-06-13 13:00:00,2021-06-13 13:00:00,2021-06-13 13:00:00,365,1
1024,2021-06-14 13:00:00,Decision Tree,13,0.809391287143141,0.9939461628194964,2020-06-14 13:00:00,2021-06-14 13:00:00,2021-06-14 13:00:00,365,1
1025,2021-06-14 13:00:00,Random Forest,13,0.809391287143141,0.9417377023358132,2020-06-14 13:00:00,2021-06-14 13:00:00,2021-06-14 13:00:00,365,1
1026,2021-06-14 13:00:00,Neural Network,13,0.809391287143141,0.6477810016087975,2020-06-14 13:00:00,2021-06-14 13:00:00,2021-06-14 13:00:00,365,1
1027,2021-06-14 13:00:00,Naive,13,0.809391287143141,-2.058290355401225,2020-06-14 13:00:00,2021-06-14 13:00:00,2021-06-14 13:00:00,365,1
1028,2021-06-15 13:00:00,Decision Tree,13,1.5475703340308837,1.7808210215948381,2020-06-15 13:00:00,2021-06-15 13:00:00,2021-06-15 13:00:00,365,1
1029,2021-06-15 13:00:00,Random Forest,13,1.5475703340308837,1.6309374073243728,2020-06-15 13:00:00,2021-06-15 13:00:00,2021-06-15 13:00:00,365,1
1030,2021-06-15 13:00:00,Neural Network,13,1.5475703340308837,1.76246013207817,2020-06-15 13:00:00,2021-06-15 13:00:00,2021-06-15 13:00:00,365,1
1031,2021-06-15 13:00:00,Naive,13,1.5475703340308837,0.809391287143141,2020-06-15 13:00:00,2021-06-15 13:00:00,2021-06-15 13:00:00,365,1
1032,2021-06-16 13:00:00,Decision Tree,13,1.6211360870036817,1.8224797908771442,2020-06-16 13:00:00,2021-06-16 13:00:00,2021-06-16 13:00:00,365,1
1033,2021-06-16 13:00:00,Random Forest,13,1.6211360870036817,1.7953933241333278,2020-06-16 13:00:00,2021-06-16 13:00:00,2021-06-16 13:00:00,365,1
1034,2021-06-16 13:00:00,Neural Network,13,1.6211360870036817,1.7938805939747196,2020-06-16 13:00:00,2021-06-16 13:00:00,2021-06-16 13:00:00,365,1
1035,2021-06-16 13:00:00,Naive,13,1.6211360870036817,1.5475703340308837,2020-06-16 13:00:00,2021-06-16 13:00:00,2021-06-16 13:00:00,365,1
1036,2021-06-17 13:00:00,Decision Tree,13,1.1340656269458922,1.267609262244332,2020-06-17 13:00:00,2021-06-17 13:00:00,2021-06-17 13:00:00,365,1
1037,2021-06-17 13:00:00,Random Forest,13,1.1340656269458922,1.2564710858421544,2020-06-17 13:00:00,2021-06-17 13:00:00,2021-06-17 13:00:00,365,1
1038,2021-06-17 13:00:00,Neural Network,13,1.1340656269458922,1.0949864860255887,2020-06-17 13:00:00,2021-06-17 13:00:00,2021-06-17 13:00:00,365,1
1039,2021-06-17 13:00:00,Naive,13,1.1340656269458922,1.6211360870036817,2020-06-17 13:00:00,2021-06-17 13:00:00,2021-06-17 13:00:00,365,1
1040,2021-06-18 13:00:00,Decision Tree,13,1.3314610806891174,1.4463349455171,2020-06-18 13:00:00,2021-06-18 13:00:00,2021-06-18 13:00:00,365,1
1041,2021-06-18 13:00:00,Random Forest,13,1.3314610806891174,1.4469037932285713,2020-06-18 13:00:00,2021-06-18 13:00:00,2021-06-18 13:00:00,365,1
1042,2021-06-18 13:00:00,Neural Network,13,1.3314610806891174,1.3556542886746206,2020-06-18 13:00:00,2021-06-18 13:00:00,2021-06-18 13:00:00,365,1
1043,2021-06-18 13:00:00,Naive,13,1.3314610806891174,1.1340656269458922,2020-06-18 13:00:00,2021-06-18 13:00:00,2021-06-18 13:00:00,365,1
1044,2021-06-19 13:00:00,Decision Tree,13,0.7224931171430087,0.840646579878212,2020-06-19 13:00:00,2021-06-19 13:00:00,2021-06-19 13:00:00,365,1
1045,2021-06-19 13:00:00,Random Forest,13,0.7224931171430087,0.8481636914501754,2020-06-19 13:00:00,2021-06-19 13:00:00,2021-06-19 13:00:00,365,1
1046,2021-06-19 13:00:00,Neural Network,13,0.7224931171430087,0.49963406819666734,2020-06-19 13:00:00,2021-06-19 13:00:00,2021-06-19 13:00:00,365,1
1047,2021-06-19 13:00:00,Naive,13,0.7224931171430087,1.3314610806891174,2020-06-19 13:00:00,2021-06-19 13:00:00,2021-06-19 13:00:00,365,1
1048,2021-06-20 13:00:00,Decision Tree,13,-0.5741576250220947,-0.560368676723683,2020-06-20 13:00:00,2021-06-20 13:00:00,2021-06-20 13:00:00,365,1
1049,2021-06-20 13:00:00,Random Forest,13,-0.5741576250220947,-0.5843411924503562,2020-06-20 13:00:00,2021-06-20 13:00:00,2021-06-20 13:00:00,365,1
1050,2021-06-20 13:00:00,Neural Network,13,-0.5741576250220947,-0.60082932357018,2020-06-20 13:00:00,2021-06-20 13:00:00,2021-06-20 13:00:00,365,1
1051,2021-06-20 13:00:00,Naive,13,-0.5741576250220947,0.7224931171430087,2020-06-20 13:00:00,2021-06-20 13:00:00,2021-06-20 13:00:00,365,1
1052,2021-06-21 13:00:00,Decision Tree,13,1.4715247257393387,1.5466104189589946,2020-06-21 13:00:00,2021-06-21 13:00:00,2021-06-21 13:00:00,365,1
1053,2021-06-21 13:00:00,Random Forest,13,1.4715247257393387,1.5356562205842248,2020-06-21 13:00:00,2021-06-21 13:00:00,2021-06-21 13:00:00,365,1
1054,2021-06-21 13:00:00,Neural Network,13,1.4715247257393387,1.6360955052569641,2020-06-21 13:00:00,2021-06-21 13:00:00,2021-06-21 13:00:00,365,1
1055,2021-06-21 13:00:00,Naive,13,1.4715247257393387,-0.5741576250220947,2020-06-21 13:00:00,2021-06-21 13:00:00,2021-06-21 13:00:00,365,1
1056,2021-06-22 13:00:00,Decision Tree,13,1.7945507486647791,2.1964722636726686,2020-06-22 13:00:00,2021-06-22 13:00:00,2021-06-22 13:00:00,365,1
1057,2021-06-22 13:00:00,Random Forest,13,1.7945507486647791,1.9960275719497254,2020-06-22 13:00:00,2021-06-22 13:00:00,2021-06-22 13:00:00,365,1
1058,2021-06-22 13:00:00,Neural Network,13,1.7945507486647791,1.9241970908167736,2020-06-22 13:00:00,2021-06-22 13:00:00,2021-06-22 13:00:00,365,1
1059,2021-06-22 13:00:00,Naive,13,1.7945507486647791,1.4715247257393387,2020-06-22 13:00:00,2021-06-22 13:00:00,2021-06-22 13:00:00,365,1
1060,2021-06-23 13:00:00,Decision Tree,13,1.8622411787007849,1.8518833570807731,2020-06-23 13:00:00,2021-06-23 13:00:00,2021-06-23 13:00:00,365,1
1061,2021-06-23 13:00:00,Random Forest,13,1.8622411787007849,1.9882698064525453,2020-06-23 13:00:00,2021-06-23 13:00:00,2021-06-23 13:00:00,365,1
1062,2021-06-23 13:00:00,Neural Network,13,1.8622411787007849,0.7624552461561644,2020-06-23 13:00:00,2021-06-23 13:00:00,2021-06-23 13:00:00,365,1
1063,2021-06-23 13:00:00,Naive,13,1.8622411787007849,1.7945507486647791,2020-06-23 13:00:00,2021-06-23 13:00:00,2021-06-23 13:00:00,365,1
1064,2021-06-24 13:00:00,Decision Tree,13,1.8696773633765778,1.853363045883632,2020-06-24 13:00:00,2021-06-24 13:00:00,2021-06-24 13:00:00,365,1
1065,2021-06-24 13:00:00,Random Forest,13,1.8696773633765778,1.8882278571917595,2020-06-24 13:00:00,2021-06-24 13:00:00,2021-06-24 13:00:00,365,1
1066,2021-06-24 13:00:00,Neural Network,13,1.8696773633765778,2.137287101708117,2020-06-24 13:00:00,2021-06-24 13:00:00,2021-06-24 13:00:00,365,1
1067,2021-06-24 13:00:00,Naive,13,1.8696773633765778,1.8622411787007849,2020-06-24 13:00:00,2021-06-24 13:00:00,2021-06-24 13:00:00,365,1
1068,2021-06-25 13:00:00,Decision Tree,13,1.7068846320599482,1.8554023355702502,2020-06-25 13:00:00,2021-06-25 13:00:00,2021-06-25 13:00:00,365,1
1069,2021-06-25 13:00:00,Random Forest,13,1.7068846320599482,1.803528971901051,2020-06-25 13:00:00,2021-06-25 13:00:00,2021-06-25 13:00:00,365,1
1070,2021-06-25 13:00:00,Neural Network,13,1.7068846320599482,1.851427461508941,2020-06-25 13:00:00,2021-06-25 13:00:00,2021-06-25 13:00:00,365,1
1071,2021-06-25 13:00:00,Naive,13,1.7068846320599482,1.8696773633765778,2020-06-25 13:00:00,2021-06-25 13:00:00,2021-06-25 13:00:00,365,1
1072,2021-06-26 13:00:00,Decision Tree,13,1.4330702712980976,1.5382675641568107,2020-06-26 13:00:00,2021-06-26 13:00:00,2021-06-26 13:00:00,365,1
1073,2021-06-26 13:00:00,Random Forest,13,1.4330702712980976,1.4696664880288601,2020-06-26 13:00:00,2021-06-26 13:00:00,2021-06-26 13:00:00,365,1
1074,2021-06-26 13:00:00,Neural Network,13,1.4330702712980976,1.191822278536125,2020-06-26 13:00:00,2021-06-26 13:00:00,2021-06-26 13:00:00,365,1
1075,2021-06-26 13:00:00,Naive,13,1.4330702712980976,1.7068846320599482,2020-06-26 13:00:00,2021-06-26 13:00:00,2021-06-26 13:00:00,365,1
1076,2021-06-27 13:00:00,Decision Tree,13,-0.3334994961882835,-0.32333471737921127,2020-06-27 13:00:00,2021-06-27 13:00:00,2021-06-27 13:00:00,365,1
1077,2021-06-27 13:00:00,Random Forest,13,-0.3334994961882835,-0.3100331843070385,2020-06-27 13:00:00,2021-06-27 13:00:00,2021-06-27 13:00:00,365,1
1078,2021-06-27 13:00:00,Neural Network,13,-0.3334994961882835,-0.3038790670673094,2020-06-27 13:00:00,2021-06-27 13:00:00,2021-06-27 13:00:00,365,1
1079,2021-06-27 13:00:00,Naive,13,-0.3334994961882835,1.4330702712980976,2020-06-27 13:00:00,2021-06-27 13:00:00,2021-06-27 13:00:00,365,1
1080,2021-06-28 13:00:00,Decision Tree,13,1.6680898246026168,1.83890036851355,2020-06-28 13:00:00,2021-06-28 13:00:00,2021-06-28 13:00:00,365,1
1081,2021-06-28 13:00:00,Random Forest,13,1.6680898246026168,1.7366033516141803,2020-06-28 13:00:00,2021-06-28 13:00:00,2021-06-28 13:00:00,365,1
1082,2021-06-28 13:00:00,Neural Network,13,1.6680898246026168,1.7878139057761093,2020-06-28 13:00:00,2021-06-28 13:00:00,2021-06-28 13:00:00,365,1
1083,2021-06-28 13:00:00,Naive,13,1.6680898246026168,-0.3334994961882835,2020-06-28 13:00:00,2021-06-28 13:00:00,2021-06-28 13:00:00,365,1
1084,2021-06-29 13:00:00,Decision Tree,13,1.9508914389610188,1.7479423060846073,2020-06-29 13:00:00,2021-06-29 13:00:00,2021-06-29 13:00:00,365,1
1085,2021-06-29 13:00:00,Random Forest,13,1.9508914389610188,1.8598225963497168,2020-06-29 13:00:00,2021-06-29 13:00:00,2021-06-29 13:00:00,365,1
1086,2021-06-29 13:00:00,Neural Network,13,1.9508914389610188,2.128152723197813,2020-06-29 13:00:00,2021-06-29 13:00:00,2021-06-29 13:00:00,365,1
1087,2021-06-29 13:00:00,Naive,13,1.9508914389610188,1.6680898246026168,2020-06-29 13:00:00,2021-06-29 13:00:00,2021-06-29 13:00:00,365,1
1088,2021-06-30 13:00:00,Decision Tree,13,2.0026778152971754,1.7656723581366542,2020-06-30 13:00:00,2021-06-30 13:00:00,2021-06-30 13:00:00,365,1
1089,2021-06-30 13:00:00,Random Forest,13,2.0026778152971754,1.898204021110234,2020-06-30 13:00:00,2021-06-30 13:00:00,2021-06-30 13:00:00,365,1
1090,2021-06-30 13:00:00,Neural Network,13,2.0026778152971754,2.2309216591905616,2020-06-30 13:00:00,2021-06-30 13:00:00,2021-06-30 13:00:00,365,1
1091,2021-06-30 13:00:00,Naive,13,2.0026778152971754,1.9508914389610188,2020-06-30 13:00:00,2021-06-30 13:00:00,2021-06-30 13:00:00,365,1
1092,2021-07-01 13:00:00,Decision Tree,13,1.8979507247373237,1.913526571016451,2020-07-01 13:00:00,2021-07-01 13:00:00,2021-07-01 13:00:00,365,1
1093,2021-07-01 13:00:00,Random Forest,13,1.8979507247373237,1.913926395767475,2020-07-01 13:00:00,2021-07-01 13:00:00,2021-07-01 13:00:00,365,1
1094,2021-07-01 13:00:00,Neural Network,13,1.8979507247373237,1.958716747646757,2020-07-01 13:00:00,2021-07-01 13:00:00,2021-07-01 13:00:00,365,1
1095,2021-07-01 13:00:00,Naive,13,1.8979507247373237,2.0026778152971754,2020-07-01 13:00:00,2021-07-01 13:00:00,2021-07-01 13:00:00,365,1
1096,2021-07-02 13:00:00,Decision Tree,13,1.8874201530501367,1.7817671615640094,2020-07-02 13:00:00,2021-07-02 13:00:00,2021-07-02 13:00:00,365,1
1097,2021-07-02 13:00:00,Random Forest,13,1.8874201530501367,1.8393664029522843,2020-07-02 13:00:00,2021-07-02 13:00:00,2021-07-02 13:00:00,365,1
1098,2021-07-02 13:00:00,Neural Network,13,1.8874201530501367,2.054924884568288,2020-07-02 13:00:00,2021-07-02 13:00:00,2021-07-02 13:00:00,365,1
1099,2021-07-02 13:00:00,Naive,13,1.8874201530501367,1.8979507247373237,2020-07-02 13:00:00,2021-07-02 13:00:00,2021-07-02 13:00:00,365,1
1100,2021-07-03 13:00:00,Decision Tree,13,1.2972328998849683,1.4401857219729512,2020-07-03 13:00:00,2021-07-03 13:00:00,2021-07-03 13:00:00,365,1
1101,2021-07-03 13:00:00,Random Forest,13,1.2972328998849683,1.3741746367305117,2020-07-03 13:00:00,2021-07-03 13:00:00,2021-07-03 13:00:00,365,1
1102,2021-07-03 13:00:00,Neural Network,13,1.2972328998849683,1.2357477843279197,2020-07-03 13:00:00,2021-07-03 13:00:00,2021-07-03 13:00:00,365,1
1103,2021-07-03 13:00:00,Naive,13,1.2972328998849683,1.8874201530501367,2020-07-03 13:00:00,2021-07-03 13:00:00,2021-07-03 13:00:00,365,1
1104,2021-07-04 13:00:00,Decision Tree,13,1.542818828781232,1.6464280040174442,2020-07-04 13:00:00,2021-07-04 13:00:00,2021-07-04 13:00:00,365,1
1105,2021-07-04 13:00:00,Random Forest,13,1.542818828781232,1.6328984591719902,2020-07-04 13:00:00,2021-07-04 13:00:00,2021-07-04 13:00:00,365,1
1106,2021-07-04 13:00:00,Neural Network,13,1.542818828781232,1.443151981097177,2020-07-04 13:00:00,2021-07-04 13:00:00,2021-07-04 13:00:00,365,1
1107,2021-07-04 13:00:00,Naive,13,1.542818828781232,1.2972328998849683,2020-07-04 13:00:00,2021-07-04 13:00:00,2021-07-04 13:00:00,365,1
1108,2021-07-05 13:00:00,Decision Tree,13,1.9506994219875051,1.9071308688814894,2020-07-05 13:00:00,2021-07-05 13:00:00,2021-07-05 13:00:00,365,1
1109,2021-07-05 13:00:00,Random Forest,13,1.9506994219875051,1.9195026412626512,2020-07-05 13:00:00,2021-07-05 13:00:00,2021-07-05 13:00:00,365,1
1110,2021-07-05 13:00:00,Neural Network,13,1.9506994219875051,2.115552470813553,2020-07-05 13:00:00,2021-07-05 13:00:00,2021-07-05 13:00:00,365,1
1111,2021-07-05 13:00:00,Naive,13,1.9506994219875051,1.542818828781232,2020-07-05 13:00:00,2021-07-05 13:00:00,2021-07-05 13:00:00,365,1
1112,2021-07-06 13:00:00,Decision Tree,13,1.1115440663559322,1.1628633985304182,2020-07-06 13:00:00,2021-07-06 13:00:00,2021-07-06 13:00:00,365,1
1113,2021-07-06 13:00:00,Random Forest,13,1.1115440663559322,1.2213054180155056,2020-07-06 13:00:00,2021-07-06 13:00:00,2021-07-06 13:00:00,365,1
1114,2021-07-06 13:00:00,Neural Network,13,1.1115440663559322,0.986351439803385,2020-07-06 13:00:00,2021-07-06 13:00:00,2021-07-06 13:00:00,365,1
1115,2021-07-06 13:00:00,Naive,13,1.1115440663559322,1.9506994219875051,2020-07-06 13:00:00,2021-07-06 13:00:00,2021-07-06 13:00:00,365,1
1116,2021-07-07 13:00:00,Decision Tree,13,1.9922158399269512,1.9119718192266022,2020-07-07 13:00:00,2021-07-07 13:00:00,2021-07-07 13:00:00,365,1
1117,2021-07-07 13:00:00,Random Forest,13,1.9922158399269512,1.932184590397076,2020-07-07 13:00:00,2021-07-07 13:00:00,2021-07-07 13:00:00,365,1
1118,2021-07-07 13:00:00,Neural Network,13,1.9922158399269512,2.2336320880118663,2020-07-07 13:00:00,2021-07-07 13:00:00,2021-07-07 13:00:00,365,1
1119,2021-07-07 13:00:00,Naive,13,1.9922158399269512,1.1115440663559322,2020-07-07 13:00:00,2021-07-07 13:00:00,2021-07-07 13:00:00,365,1
1120,2021-07-08 13:00:00,Decision Tree,13,2.070312264439028,1.9588870481819949,2020-07-08 13:00:00,2021-07-08 13:00:00,2021-07-08 13:00:00,365,1
1121,2021-07-08 13:00:00,Random Forest,13,2.070312264439028,1.9543615443382065,2020-07-08 13:00:00,2021-07-08 13:00:00,2021-07-08 13:00:00,365,1
1122,2021-07-08 13:00:00,Neural Network,13,2.070312264439028,2.3129828687995815,2020-07-08 13:00:00,2021-07-08 13:00:00,2021-07-08 13:00:00,365,1
1123,2021-07-08 13:00:00,Naive,13,2.070312264439028,1.9922158399269512,2020-07-08 13:00:00,2021-07-08 13:00:00,2021-07-08 13:00:00,365,1
1124,2021-07-09 13:00:00,Decision Tree,13,1.8902685139497555,1.9933593561223357,2020-07-09 13:00:00,2021-07-09 13:00:00,2021-07-09 13:00:00,365,1
1125,2021-07-09 13:00:00,Random Forest,13,1.8902685139497555,1.9615701664064737,2020-07-09 13:00:00,2021-07-09 13:00:00,2021-07-09 13:00:00,365,1
1126,2021-07-09 13:00:00,Neural Network,13,1.8902685139497555,2.0030266451365186,2020-07-09 13:00:00,2021-07-09 13:00:00,2021-07-09 13:00:00,365,1
1127,2021-07-09 13:00:00,Naive,13,1.8902685139497555,2.070312264439028,2020-07-09 13:00:00,2021-07-09 13:00:00,2021-07-09 13:00:00,365,1
1128,2021-07-10 13:00:00,Decision Tree,13,1.2891164164708462,1.3266935347316209,2020-07-10 13:00:00,2021-07-10 13:00:00,2021-07-10 13:00:00,365,1
1129,2021-07-10 13:00:00,Random Forest,13,1.2891164164708462,1.4054155802436588,2020-07-10 13:00:00,2021-07-10 13:00:00,2021-07-10 13:00:00,365,1
1130,2021-07-10 13:00:00,Neural Network,13,1.2891164164708462,0.9506680998853423,2020-07-10 13:00:00,2021-07-10 13:00:00,2021-07-10 13:00:00,365,1
1131,2021-07-10 13:00:00,Naive,13,1.2891164164708462,1.8902685139497555,2020-07-10 13:00:00,2021-07-10 13:00:00,2021-07-10 13:00:00,365,1
1132,2021-07-11 13:00:00,Decision Tree,13,1.3553356597818598,1.49993073304192,2020-07-11 13:00:00,2021-07-11 13:00:00,2021-07-11 13:00:00,365,1
1133,2021-07-11 13:00:00,Random Forest,13,1.3553356597818598,1.461427445613738,2020-07-11 13:00:00,2021-07-11 13:00:00,2021-07-11 13:00:00,365,1
1134,2021-07-11 13:00:00,Neural Network,13,1.3553356597818598,1.3698444720406966,2020-07-11 13:00:00,2021-07-11 13:00:00,2021-07-11 13:00:00,365,1
1135,2021-07-11 13:00:00,Naive,13,1.3553356597818598,1.2891164164708462,2020-07-11 13:00:00,2021-07-11 13:00:00,2021-07-11 13:00:00,365,1
1136,2021-07-12 13:00:00,Decision Tree,13,1.7947018298561048,1.8848208872490682,2020-07-12 13:00:00,2021-07-12 13:00:00,2021-07-12 13:00:00,365,1
1137,2021-07-12 13:00:00,Random Forest,13,1.7947018298561048,1.854799130527682,2020-07-12 13:00:00,2021-07-12 13:00:00,2021-07-12 13:00:00,365,1
1138,2021-07-12 13:00:00,Neural Network,13,1.7947018298561048,1.8727225747913676,2020-07-12 13:00:00,2021-07-12 13:00:00,2021-07-12 13:00:00,365,1
1139,2021-07-12 13:00:00,Naive,13,1.7947018298561048,1.3553356597818598,2020-07-12 13:00:00,2021-07-12 13:00:00,2021-07-12 13:00:00,365,1
1140,2021-07-13 13:00:00,Decision Tree,13,1.9840857264678669,1.9933593561223357,2020-07-13 13:00:00,2021-07-13 13:00:00,2021-07-13 13:00:00,365,1
1141,2021-07-13 13:00:00,Random Forest,13,1.9840857264678669,1.9542897819361884,2020-07-13 13:00:00,2021-07-13 13:00:00,2021-07-13 13:00:00,365,1
1142,2021-07-13 13:00:00,Neural Network,13,1.9840857264678669,2.159506489984891,2020-07-13 13:00:00,2021-07-13 13:00:00,2021-07-13 13:00:00,365,1
1143,2021-07-13 13:00:00,Naive,13,1.9840857264678669,1.7947018298561048,2020-07-13 13:00:00,2021-07-13 13:00:00,2021-07-13 13:00:00,365,1
1144,2021-07-14 13:00:00,Decision Tree,13,1.8191392091000769,1.8735560050749478,2020-07-14 13:00:00,2021-07-14 13:00:00,2021-07-14 13:00:00,365,1
1145,2021-07-14 13:00:00,Random Forest,13,1.8191392091000769,1.9158338550794622,2020-07-14 13:00:00,2021-07-14 13:00:00,2021-07-14 13:00:00,365,1
1146,2021-07-14 13:00:00,Neural Network,13,1.8191392091000769,1.8662234783209164,2020-07-14 13:00:00,2021-07-14 13:00:00,2021-07-14 13:00:00,365,1
1147,2021-07-14 13:00:00,Naive,13,1.8191392091000769,1.9840857264678669,2020-07-14 13:00:00,2021-07-14 13:00:00,2021-07-14 13:00:00,365,1
1148,2021-07-15 13:00:00,Decision Tree,13,1.857135560561637,1.8675096944110732,2020-07-15 13:00:00,2021-07-15 13:00:00,2021-07-15 13:00:00,365,1
1149,2021-07-15 13:00:00,Random Forest,13,1.857135560561637,1.8763861947747231,2020-07-15 13:00:00,2021-07-15 13:00:00,2021-07-15 13:00:00,365,1
1150,2021-07-15 13:00:00,Neural Network,13,1.857135560561637,1.9741128031999717,2020-07-15 13:00:00,2021-07-15 13:00:00,2021-07-15 13:00:00,365,1
1151,2021-07-15 13:00:00,Naive,13,1.857135560561637,1.8191392091000769,2020-07-15 13:00:00,2021-07-15 13:00:00,2021-07-15 13:00:00,365,1
1152,2021-07-16 13:00:00,Decision Tree,13,1.5955936169447436,1.631626693269414,2020-07-16 13:00:00,2021-07-16 13:00:00,2021-07-16 13:00:00,365,1
1153,2021-07-16 13:00:00,Random Forest,13,1.5955936169447436,1.7416362180157061,2020-07-16 13:00:00,2021-07-16 13:00:00,2021-07-16 13:00:00,365,1
1154,2021-07-16 13:00:00,Neural Network,13,1.5955936169447436,1.6164380335027013,2020-07-16 13:00:00,2021-07-16 13:00:00,2021-07-16 13:00:00,365,1
1155,2021-07-16 13:00:00,Naive,13,1.5955936169447436,1.857135560561637,2020-07-16 13:00:00,2021-07-16 13:00:00,2021-07-16 13:00:00,365,1
1156,2021-07-17 13:00:00,Decision Tree,13,0.5839830995091101,0.8275184173520783,2020-07-17 13:00:00,2021-07-17 13:00:00,2021-07-17 13:00:00,365,1
1157,2021-07-17 13:00:00,Random Forest,13,0.5839830995091101,0.7996498905401385,2020-07-17 13:00:00,2021-07-17 13:00:00,2021-07-17 13:00:00,365,1
1158,2021-07-17 13:00:00,Neural Network,13,0.5839830995091101,0.39266428411938675,2020-07-17 13:00:00,2021-07-17 13:00:00,2021-07-17 13:00:00,365,1
1159,2021-07-17 13:00:00,Naive,13,0.5839830995091101,1.5955936169447436,2020-07-17 13:00:00,2021-07-17 13:00:00,2021-07-17 13:00:00,365,1
1160,2021-07-18 13:00:00,Decision Tree,13,-1.5261423014309998,-1.6495165508930416,2020-07-18 13:00:00,2021-07-18 13:00:00,2021-07-18 13:00:00,365,1
1161,2021-07-18 13:00:00,Random Forest,13,-1.5261423014309998,-1.6775326513762583,2020-07-18 13:00:00,2021-07-18 13:00:00,2021-07-18 13:00:00,365,1
1162,2021-07-18 13:00:00,Neural Network,13,-1.5261423014309998,-1.5184392824896966,2020-07-18 13:00:00,2021-07-18 13:00:00,2021-07-18 13:00:00,365,1
1163,2021-07-18 13:00:00,Naive,13,-1.5261423014309998,0.5839830995091101,2020-07-18 13:00:00,2021-07-18 13:00:00,2021-07-18 13:00:00,365,1
1164,2021-07-19 13:00:00,Decision Tree,13,1.7094903164178923,1.8392098941666888,2020-07-19 13:00:00,2021-07-19 13:00:00,2021-07-19 13:00:00,365,1
1165,2021-07-19 13:00:00,Random Forest,13,1.7094903164178923,1.7847027488079357,2020-07-19 13:00:00,2021-07-19 13:00:00,2021-07-19 13:00:00,365,1
1166,2021-07-19 13:00:00,Neural Network,13,1.7094903164178923,1.7192409737125955,2020-07-19 13:00:00,2021-07-19 13:00:00,2021-07-19 13:00:00,365,1
1167,2021-07-19 13:00:00,Naive,13,1.7094903164178923,-1.5261423014309998,2020-07-19 13:00:00,2021-07-19 13:00:00,2021-07-19 13:00:00,365,1
1168,2021-07-20 13:00:00,Decision Tree,13,1.5918452393959106,1.620817924007558,2020-07-20 13:00:00,2021-07-20 13:00:00,2021-07-20 13:00:00,365,1
1169,2021-07-20 13:00:00,Random Forest,13,1.5918452393959106,1.6702408946108234,2020-07-20 13:00:00,2021-07-20 13:00:00,2021-07-20 13:00:00,365,1
1170,2021-07-20 13:00:00,Neural Network,13,1.5918452393959106,1.6731882330473373,2020-07-20 13:00:00,2021-07-20 13:00:00,2021-07-20 13:00:00,365,1
1171,2021-07-20 13:00:00,Naive,13,1.5918452393959106,1.7094903164178923,2020-07-20 13:00:00,2021-07-20 13:00:00,2021-07-20 13:00:00,365,1
1172,2021-07-21 13:00:00,Decision Tree,13,1.5435068381209085,1.5814605852085641,2020-07-21 13:00:00,2021-07-21 13:00:00,2021-07-21 13:00:00,365,1
1173,2021-07-21 13:00:00,Random Forest,13,1.5435068381209085,1.6330617214691892,2020-07-21 13:00:00,2021-07-21 13:00:00,2021-07-21 13:00:00,365,1
1174,2021-07-21 13:00:00,Neural Network,13,1.5435068381209085,1.6970165518916982,2020-07-21 13:00:00,2021-07-21 13:00:00,2021-07-21 13:00:00,365,1
1175,2021-07-21 13:00:00,Naive,13,1.5435068381209085,1.5918452393959106,2020-07-21 13:00:00,2021-07-21 13:00:00,2021-07-21 13:00:00,365,1
1176,2021-07-22 13:00:00,Decision Tree,13,1.5897242695625566,1.6543807258842222,2020-07-22 13:00:00,2021-07-22 13:00:00,2021-07-22 13:00:00,365,1
1177,2021-07-22 13:00:00,Random Forest,13,1.5897242695625566,1.6250953388620748,2020-07-22 13:00:00,2021-07-22 13:00:00,2021-07-22 13:00:00,365,1
1178,2021-07-22 13:00:00,Neural Network,13,1.5897242695625566,1.721087205670599,2020-07-22 13:00:00,2021-07-22 13:00:00,2021-07-22 13:00:00,365,1
1179,2021-07-22 13:00:00,Naive,13,1.5897242695625566,1.5435068381209085,2020-07-22 13:00:00,2021-07-22 13:00:00,2021-07-22 13:00:00,365,1
1180,2021-07-23 13:00:00,Decision Tree,13,1.602156055367184,1.6532068564077846,2020-07-23 13:00:00,2021-07-23 13:00:00,2021-07-23 13:00:00,365,1
1181,2021-07-23 13:00:00,Random Forest,13,1.602156055367184,1.6095947237737256,2020-07-23 13:00:00,2021-07-23 13:00:00,2021-07-23 13:00:00,365,1
1182,2021-07-23 13:00:00,Neural Network,13,1.602156055367184,1.6995577758184004,2020-07-23 13:00:00,2021-07-23 13:00:00,2021-07-23 13:00:00,365,1
1183,2021-07-23 13:00:00,Naive,13,1.602156055367184,1.5897242695625566,2020-07-23 13:00:00,2021-07-23 13:00:00,2021-07-23 13:00:00,365,1
1184,2021-07-24 13:00:00,Decision Tree,13,1.1995789387612086,1.3152085192087863,2020-07-24 13:00:00,2021-07-24 13:00:00,2021-07-24 13:00:00,365,1
1185,2021-07-24 13:00:00,Random Forest,13,1.1995789387612086,1.3166371190972144,2020-07-24 13:00:00,2021-07-24 13:00:00,2021-07-24 13:00:00,365,1
1186,2021-07-24 13:00:00,Neural Network,13,1.1995789387612086,1.0774591522797952,2020-07-24 13:00:00,2021-07-24 13:00:00,2021-07-24 13:00:00,365,1
1187,2021-07-24 13:00:00,Naive,13,1.1995789387612086,1.602156055367184,2020-07-24 13:00:00,2021-07-24 13:00:00,2021-07-24 13:00:00,365,1
1188,2021-07-25 13:00:00,Decision Tree,13,0.5844392552316463,0.8236723518002391,2020-07-25 13:00:00,2021-07-25 13:00:00,2021-07-25 13:00:00,365,1
1189,2021-07-25 13:00:00,Random Forest,13,0.5844392552316463,0.7755745078368241,2020-07-25 13:00:00,2021-07-25 13:00:00,2021-07-25 13:00:00,365,1
1190,2021-07-25 13:00:00,Neural Network,13,0.5844392552316463,0.4671211450745992,2020-07-25 13:00:00,2021-07-25 13:00:00,2021-07-25 13:00:00,365,1
1191,2021-07-25 13:00:00,Naive,13,0.5844392552316463,1.1995789387612086,2020-07-25 13:00:00,2021-07-25 13:00:00,2021-07-25 13:00:00,365,1
1192,2021-07-26 13:00:00,Decision Tree,13,1.6684827279009293,1.8096808453379396,2020-07-26 13:00:00,2021-07-26 13:00:00,2021-07-26 13:00:00,365,1
1193,2021-07-26 13:00:00,Random Forest,13,1.6684827279009293,1.7432462489050415,2020-07-26 13:00:00,2021-07-26 13:00:00,2021-07-26 13:00:00,365,1
1194,2021-07-26 13:00:00,Neural Network,13,1.6684827279009293,1.7130729737367287,2020-07-26 13:00:00,2021-07-26 13:00:00,2021-07-26 13:00:00,365,1
1195,2021-07-26 13:00:00,Naive,13,1.6684827279009293,0.5844392552316463,2020-07-26 13:00:00,2021-07-26 13:00:00,2021-07-26 13:00:00,365,1
1196,2021-07-27 13:00:00,Decision Tree,13,1.59955177276194,1.6240596233658393,2020-07-27 13:00:00,2021-07-27 13:00:00,2021-07-27 13:00:00,365,1
1197,2021-07-27 13:00:00,Random Forest,13,1.59955177276194,1.6308144863645633,2020-07-27 13:00:00,2021-07-27 13:00:00,2021-07-27 13:00:00,365,1
1198,2021-07-27 13:00:00,Neural Network,13,1.59955177276194,1.718125384052413,2020-07-27 13:00:00,2021-07-27 13:00:00,2021-07-27 13:00:00,365,1
1199,2021-07-27 13:00:00,Naive,13,1.59955177276194,1.6684827279009293,2020-07-27 13:00:00,2021-07-27 13:00:00,2021-07-27 13:00:00,365,1
1200,2021-07-28 13:00:00,Decision Tree,13,1.0804125631508315,1.3488392662633395,2020-07-28 13:00:00,2021-07-28 13:00:00,2021-07-28 13:00:00,365,1
1201,2021-07-28 13:00:00,Random Forest,13,1.0804125631508315,1.3126882676756835,2020-07-28 13:00:00,2021-07-28 13:00:00,2021-07-28 13:00:00,365,1
1202,2021-07-28 13:00:00,Neural Network,13,1.0804125631508315,1.1785247888172246,2020-07-28 13:00:00,2021-07-28 13:00:00,2021-07-28 13:00:00,365,1
1203,2021-07-28 13:00:00,Naive,13,1.0804125631508315,1.59955177276194,2020-07-28 13:00:00,2021-07-28 13:00:00,2021-07-28 13:00:00,365,1
1204,2021-07-29 13:00:00,Decision Tree,13,-1.6201095075002745,-1.8718232841620714,2020-07-29 13:00:00,2021-07-29 13:00:00,2021-07-29 13:00:00,365,1
1205,2021-07-29 13:00:00,Random Forest,13,-1.6201095075002745,-1.7068369929248433,2020-07-29 13:00:00,2021-07-29 13:00:00,2021-07-29 13:00:00,365,1
1206,2021-07-29 13:00:00,Neural Network,13,-1.6201095075002745,-1.6566218376009643,2020-07-29 13:00:00,2021-07-29 13:00:00,2021-07-29 13:00:00,365,1
1207,2021-07-29 13:00:00,Naive,13,-1.6201095075002745,1.0804125631508315,2020-07-29 13:00:00,2021-07-29 13:00:00,2021-07-29 13:00:00,365,1
1208,2021-07-30 13:00:00,Decision Tree,13,0.31352855335954516,0.5545917574809334,2020-07-30 13:00:00,2021-07-30 13:00:00,2021-07-30 13:00:00,365,1
1209,2021-07-30 13:00:00,Random Forest,13,0.31352855335954516,0.5282853278565349,2020-07-30 13:00:00,2021-07-30 13:00:00,2021-07-30 13:00:00,365,1
1210,2021-07-30 13:00:00,Neural Network,13,0.31352855335954516,0.010377391445992534,2020-07-30 13:00:00,2021-07-30 13:00:00,2021-07-30 13:00:00,365,1
1211,2021-07-30 13:00:00,Naive,13,0.31352855335954516,-1.6201095075002745,2020-07-30 13:00:00,2021-07-30 13:00:00,2021-07-30 13:00:00,365,1
1212,2021-07-31 13:00:00,Decision Tree,13,-1.9025315330568793,-2.458123458595293,2020-07-31 13:00:00,2021-07-31 13:00:00,2021-07-31 13:00:00,365,1
1213,2021-07-31 13:00:00,Random Forest,13,-1.9025315330568793,-2.0420239095031745,2020-07-31 13:00:00,2021-07-31 13:00:00,2021-07-31 13:00:00,365,1
1214,2021-07-31 13:00:00,Neural Network,13,-1.9025315330568793,-1.9445935409836763,2020-07-31 13:00:00,2021-07-31 13:00:00,2021-07-31 13:00:00,365,1
1215,2021-07-31 13:00:00,Naive,13,-1.9025315330568793,0.31352855335954516,2020-07-31 13:00:00,2021-07-31 13:00:00,2021-07-31 13:00:00,365,1
1216,2021-08-01 13:00:00,Decision Tree,13,0.9009295453165749,1.1354215205582272,2020-08-01 13:00:00,2021-08-01 13:00:00,2021-08-01 13:00:00,365,1
1217,2021-08-01 13:00:00,Random Forest,13,0.9009295453165749,1.0948842274808557,2020-08-01 13:00:00,2021-08-01 13:00:00,2021-08-01 13:00:00,365,1
1218,2021-08-01 13:00:00,Neural Network,13,0.9009295453165749,0.9937699243190927,2020-08-01 13:00:00,2021-08-01 13:00:00,2021-08-01 13:00:00,365,1
1219,2021-08-01 13:00:00,Naive,13,0.9009295453165749,-1.9025315330568793,2020-08-01 13:00:00,2021-08-01 13:00:00,2021-08-01 13:00:00,365,1
1220,2021-08-02 13:00:00,Decision Tree,13,1.3597029570292514,1.5797810775630479,2020-08-02 13:00:00,2021-08-02 13:00:00,2021-08-02 13:00:00,365,1
1221,2021-08-02 13:00:00,Random Forest,13,1.3597029570292514,1.5285865834415817,2020-08-02 13:00:00,2021-08-02 13:00:00,2021-08-02 13:00:00,365,1
1222,2021-08-02 13:00:00,Neural Network,13,1.3597029570292514,1.2883678432984451,2020-08-02 13:00:00,2021-08-02 13:00:00,2021-08-02 13:00:00,365,1
1223,2021-08-02 13:00:00,Naive,13,1.3597029570292514,0.9009295453165749,2020-08-02 13:00:00,2021-08-02 13:00:00,2021-08-02 13:00:00,365,1
1224,2021-08-03 13:00:00,Decision Tree,13,1.7761078720107075,1.8876348166649148,2020-08-03 13:00:00,2021-08-03 13:00:00,2021-08-03 13:00:00,365,1
1225,2021-08-03 13:00:00,Random Forest,13,1.7761078720107075,1.8437467028424166,2020-08-03 13:00:00,2021-08-03 13:00:00,2021-08-03 13:00:00,365,1
1226,2021-08-03 13:00:00,Neural Network,13,1.7761078720107075,1.847999063781537,2020-08-03 13:00:00,2021-08-03 13:00:00,2021-08-03 13:00:00,365,1
1227,2021-08-03 13:00:00,Naive,13,1.7761078720107075,1.3597029570292514,2020-08-03 13:00:00,2021-08-03 13:00:00,2021-08-03 13:00:00,365,1
1228,2021-08-04 13:00:00,Decision Tree,13,1.8949037172963492,1.9918137511799243,2020-08-04 13:00:00,2021-08-04 13:00:00,2021-08-04 13:00:00,365,1
1229,2021-08-04 13:00:00,Random Forest,13,1.8949037172963492,1.9683740359278135,2020-08-04 13:00:00,2021-08-04 13:00:00,2021-08-04 13:00:00,365,1
1230,2021-08-04 13:00:00,Neural Network,13,1.8949037172963492,2.0921963823329173,2020-08-04 13:00:00,2021-08-04 13:00:00,2021-08-04 13:00:00,365,1
1231,2021-08-04 13:00:00,Naive,13,1.8949037172963492,1.7761078720107075,2020-08-04 13:00:00,2021-08-04 13:00:00,2021-08-04 13:00:00,365,1
1232,2021-08-05 13:00:00,Decision Tree,13,1.7690780482905908,1.8876348166649148,2020-08-05 13:00:00,2021-08-05 13:00:00,2021-08-05 13:00:00,365,1
1233,2021-08-05 13:00:00,Random Forest,13,1.7690780482905908,1.8431012876974258,2020-08-05 13:00:00,2021-08-05 13:00:00,2021-08-05 13:00:00,365,1
1234,2021-08-05 13:00:00,Neural Network,13,1.7690780482905908,1.8553627976522664,2020-08-05 13:00:00,2021-08-05 13:00:00,2021-08-05 13:00:00,365,1
1235,2021-08-05 13:00:00,Naive,13,1.7690780482905908,1.8949037172963492,2020-08-05 13:00:00,2021-08-05 13:00:00,2021-08-05 13:00:00,365,1
1236,2021-08-06 13:00:00,Decision Tree,13,1.007402365138294,1.2042230871998436,2020-08-06 13:00:00,2021-08-06 13:00:00,2021-08-06 13:00:00,365,1
1237,2021-08-06 13:00:00,Random Forest,13,1.007402365138294,1.1392525772366495,2020-08-06 13:00:00,2021-08-06 13:00:00,2021-08-06 13:00:00,365,1
1238,2021-08-06 13:00:00,Neural Network,13,1.007402365138294,0.9273915175179122,2020-08-06 13:00:00,2021-08-06 13:00:00,2021-08-06 13:00:00,365,1
1239,2021-08-06 13:00:00,Naive,13,1.007402365138294,1.7690780482905908,2020-08-06 13:00:00,2021-08-06 13:00:00,2021-08-06 13:00:00,365,1
1240,2021-08-07 13:00:00,Decision Tree,13,0.7015645486235652,0.884769130604774,2020-08-07 13:00:00,2021-08-07 13:00:00,2021-08-07 13:00:00,365,1
1241,2021-08-07 13:00:00,Random Forest,13,0.7015645486235652,0.8969590407286991,2020-08-07 13:00:00,2021-08-07 13:00:00,2021-08-07 13:00:00,365,1
1242,2021-08-07 13:00:00,Neural Network,13,0.7015645486235652,0.7243814813516153,2020-08-07 13:00:00,2021-08-07 13:00:00,2021-08-07 13:00:00,365,1
1243,2021-08-07 13:00:00,Naive,13,0.7015645486235652,1.007402365138294,2020-08-07 13:00:00,2021-08-07 13:00:00,2021-08-07 13:00:00,365,1
1244,2021-08-08 13:00:00,Decision Tree,13,-2.2168135759989887,-2.458123458595293,2020-08-08 13:00:00,2021-08-08 13:00:00,2021-08-08 13:00:00,365,1
1245,2021-08-08 13:00:00,Random Forest,13,-2.2168135759989887,-2.504027449088815,2020-08-08 13:00:00,2021-08-08 13:00:00,2021-08-08 13:00:00,365,1
1246,2021-08-08 13:00:00,Neural Network,13,-2.2168135759989887,-2.457607856840649,2020-08-08 13:00:00,2021-08-08 13:00:00,2021-08-08 13:00:00,365,1
1247,2021-08-08 13:00:00,Naive,13,-2.2168135759989887,0.7015645486235652,2020-08-08 13:00:00,2021-08-08 13:00:00,2021-08-08 13:00:00,365,1
1248,2021-08-09 13:00:00,Decision Tree,13,0.8123535052532778,1.103850409400747,2020-08-09 13:00:00,2021-08-09 13:00:00,2021-08-09 13:00:00,365,1
1249,2021-08-09 13:00:00,Random Forest,13,0.8123535052532778,1.0543728532905983,2020-08-09 13:00:00,2021-08-09 13:00:00,2021-08-09 13:00:00,365,1
1250,2021-08-09 13:00:00,Neural Network,13,0.8123535052532778,0.7499627770809121,2020-08-09 13:00:00,2021-08-09 13:00:00,2021-08-09 13:00:00,365,1
1251,2021-08-09 13:00:00,Naive,13,0.8123535052532778,-2.2168135759989887,2020-08-09 13:00:00,2021-08-09 13:00:00,2021-08-09 13:00:00,365,1
1252,2021-08-10 13:00:00,Decision Tree,13,1.5823379586465476,1.586517327618388,2020-08-10 13:00:00,2021-08-10 13:00:00,2021-08-10 13:00:00,365,1
1253,2021-08-10 13:00:00,Random Forest,13,1.5823379586465476,1.620488543132666,2020-08-10 13:00:00,2021-08-10 13:00:00,2021-08-10 13:00:00,365,1
1254,2021-08-10 13:00:00,Neural Network,13,1.5823379586465476,1.5462301423785996,2020-08-10 13:00:00,2021-08-10 13:00:00,2021-08-10 13:00:00,365,1
1255,2021-08-10 13:00:00,Naive,13,1.5823379586465476,0.8123535052532778,2020-08-10 13:00:00,2021-08-10 13:00:00,2021-08-10 13:00:00,365,1
1256,2021-08-11 13:00:00,Decision Tree,13,1.6289933913720818,1.6183904348069627,2020-08-11 13:00:00,2021-08-11 13:00:00,2021-08-11 13:00:00,365,1
1257,2021-08-11 13:00:00,Random Forest,13,1.6289933913720818,1.634588374379128,2020-08-11 13:00:00,2021-08-11 13:00:00,2021-08-11 13:00:00,365,1
1258,2021-08-11 13:00:00,Neural Network,13,1.6289933913720818,1.6649102368626825,2020-08-11 13:00:00,2021-08-11 13:00:00,2021-08-11 13:00:00,365,1
1259,2021-08-11 13:00:00,Naive,13,1.6289933913720818,1.5823379586465476,2020-08-11 13:00:00,2021-08-11 13:00:00,2021-08-11 13:00:00,365,1
1260,2021-08-12 13:00:00,Decision Tree,13,1.8112498848554432,1.8063407134440792,2020-08-12 13:00:00,2021-08-12 13:00:00,2021-08-12 13:00:00,365,1
1261,2021-08-12 13:00:00,Random Forest,13,1.8112498848554432,1.8181374057882989,2020-08-12 13:00:00,2021-08-12 13:00:00,2021-08-12 13:00:00,365,1
1262,2021-08-12 13:00:00,Neural Network,13,1.8112498848554432,1.8733677342385864,2020-08-12 13:00:00,2021-08-12 13:00:00,2021-08-12 13:00:00,365,1
1263,2021-08-12 13:00:00,Naive,13,1.8112498848554432,1.6289933913720818,2020-08-12 13:00:00,2021-08-12 13:00:00,2021-08-12 13:00:00,365,1
1264,2021-08-13 13:00:00,Decision Tree,13,1.4346437657811582,1.5801413046510846,2020-08-13 13:00:00,2021-08-13 13:00:00,2021-08-13 13:00:00,365,1
1265,2021-08-13 13:00:00,Random Forest,13,1.4346437657811582,1.5502950528882935,2020-08-13 13:00:00,2021-08-13 13:00:00,2021-08-13 13:00:00,365,1
1266,2021-08-13 13:00:00,Neural Network,13,1.4346437657811582,1.4931856897256308,2020-08-13 13:00:00,2021-08-13 13:00:00,2021-08-13 13:00:00,365,1
1267,2021-08-13 13:00:00,Naive,13,1.4346437657811582,1.8112498848554432,2020-08-13 13:00:00,2021-08-13 13:00:00,2021-08-13 13:00:00,365,1
1268,2021-08-14 13:00:00,Decision Tree,13,-1.4477540189267568,-1.5474562301178423,2020-08-14 13:00:00,2021-08-14 13:00:00,2021-08-14 13:00:00,365,1
1269,2021-08-14 13:00:00,Random Forest,13,-1.4477540189267568,-1.574856953414097,2020-08-14 13:00:00,2021-08-14 13:00:00,2021-08-14 13:00:00,365,1
1270,2021-08-14 13:00:00,Neural Network,13,-1.4477540189267568,-1.3697200211552871,2020-08-14 13:00:00,2021-08-14 13:00:00,2021-08-14 13:00:00,365,1
1271,2021-08-14 13:00:00,Naive,13,-1.4477540189267568,1.4346437657811582,2020-08-14 13:00:00,2021-08-14 13:00:00,2021-08-14 13:00:00,365,1
1272,2021-08-15 13:00:00,Decision Tree,13,-0.4312566248912066,-0.43978660597069447,2020-08-15 13:00:00,2021-08-15 13:00:00,2021-08-15 13:00:00,365,1
1273,2021-08-15 13:00:00,Random Forest,13,-0.4312566248912066,-0.39547872621790214,2020-08-15 13:00:00,2021-08-15 13:00:00,2021-08-15 13:00:00,365,1
1274,2021-08-15 13:00:00,Neural Network,13,-0.4312566248912066,0.058199308911233594,2020-08-15 13:00:00,2021-08-15 13:00:00,2021-08-15 13:00:00,365,1
1275,2021-08-15 13:00:00,Naive,13,-0.4312566248912066,-1.4477540189267568,2020-08-15 13:00:00,2021-08-15 13:00:00,2021-08-15 13:00:00,365,1
1276,2021-08-16 13:00:00,Decision Tree,13,0.5505236805260262,0.791739618077959,2020-08-16 13:00:00,2021-08-16 13:00:00,2021-08-16 13:00:00,365,1
1277,2021-08-16 13:00:00,Random Forest,13,0.5505236805260262,0.776064889907251,2020-08-16 13:00:00,2021-08-16 13:00:00,2021-08-16 13:00:00,365,1
1278,2021-08-16 13:00:00,Neural Network,13,0.5505236805260262,0.41065839939451515,2020-08-16 13:00:00,2021-08-16 13:00:00,2021-08-16 13:00:00,365,1
1279,2021-08-16 13:00:00,Naive,13,0.5505236805260262,-0.4312566248912066,2020-08-16 13:00:00,2021-08-16 13:00:00,2021-08-16 13:00:00,365,1
1280,2021-08-17 13:00:00,Decision Tree,13,0.15436975433050368,0.38197809084115125,2020-08-17 13:00:00,2021-08-17 13:00:00,2021-08-17 13:00:00,365,1
1281,2021-08-17 13:00:00,Random Forest,13,0.15436975433050368,0.3546304213614359,2020-08-17 13:00:00,2021-08-17 13:00:00,2021-08-17 13:00:00,365,1
1282,2021-08-17 13:00:00,Neural Network,13,0.15436975433050368,0.024867057104526136,2020-08-17 13:00:00,2021-08-17 13:00:00,2021-08-17 13:00:00,365,1
1283,2021-08-17 13:00:00,Naive,13,0.15436975433050368,0.5505236805260262,2020-08-17 13:00:00,2021-08-17 13:00:00,2021-08-17 13:00:00,365,1
1284,2021-08-18 13:00:00,Decision Tree,13,1.3746193431167462,1.5527696422884152,2020-08-18 13:00:00,2021-08-18 13:00:00,2021-08-18 13:00:00,365,1
1285,2021-08-18 13:00:00,Random Forest,13,1.3746193431167462,1.5939065045409178,2020-08-18 13:00:00,2021-08-18 13:00:00,2021-08-18 13:00:00,365,1
1286,2021-08-18 13:00:00,Neural Network,13,1.3746193431167462,1.6276095749229085,2020-08-18 13:00:00,2021-08-18 13:00:00,2021-08-18 13:00:00,365,1
1287,2021-08-18 13:00:00,Naive,13,1.3746193431167462,0.15436975433050368,2020-08-18 13:00:00,2021-08-18 13:00:00,2021-08-18 13:00:00,365,1
1288,2021-08-19 13:00:00,Decision Tree,13,1.820704940503066,1.977969460625128,2020-08-19 13:00:00,2021-08-19 13:00:00,2021-08-19 13:00:00,365,1
1289,2021-08-19 13:00:00,Random Forest,13,1.820704940503066,1.9098573740600664,2020-08-19 13:00:00,2021-08-19 13:00:00,2021-08-19 13:00:00,365,1
1290,2021-08-19 13:00:00,Neural Network,13,1.820704940503066,1.936420637978661,2020-08-19 13:00:00,2021-08-19 13:00:00,2021-08-19 13:00:00,365,1
1291,2021-08-19 13:00:00,Naive,13,1.820704940503066,1.3746193431167462,2020-08-19 13:00:00,2021-08-19 13:00:00,2021-08-19 13:00:00,365,1
1292,2021-08-20 13:00:00,Decision Tree,13,1.7453140583443352,1.8061731540369825,2020-08-20 13:00:00,2021-08-20 13:00:00,2021-08-20 13:00:00,365,1
1293,2021-08-20 13:00:00,Random Forest,13,1.7453140583443352,1.8114940429030815,2020-08-20 13:00:00,2021-08-20 13:00:00,2021-08-20 13:00:00,365,1
1294,2021-08-20 13:00:00,Neural Network,13,1.7453140583443352,1.794658361774092,2020-08-20 13:00:00,2021-08-20 13:00:00,2021-08-20 13:00:00,365,1
1295,2021-08-20 13:00:00,Naive,13,1.7453140583443352,1.820704940503066,2020-08-20 13:00:00,2021-08-20 13:00:00,2021-08-20 13:00:00,365,1
1296,2021-08-21 13:00:00,Decision Tree,13,1.4755269025946263,1.6299177928873938,2020-08-21 13:00:00,2021-08-21 13:00:00,2021-08-21 13:00:00,365,1
1297,2021-08-21 13:00:00,Random Forest,13,1.4755269025946263,1.560980487086229,2020-08-21 13:00:00,2021-08-21 13:00:00,2021-08-21 13:00:00,365,1
1298,2021-08-21 13:00:00,Neural Network,13,1.4755269025946263,1.5050403655295144,2020-08-21 13:00:00,2021-08-21 13:00:00,2021-08-21 13:00:00,365,1
1299,2021-08-21 13:00:00,Naive,13,1.4755269025946263,1.7453140583443352,2020-08-21 13:00:00,2021-08-21 13:00:00,2021-08-21 13:00:00,365,1
1300,2021-08-22 13:00:00,Decision Tree,13,1.32485387342385,1.5064900317153986,2020-08-22 13:00:00,2021-08-22 13:00:00,2021-08-22 13:00:00,365,1
1301,2021-08-22 13:00:00,Random Forest,13,1.32485387342385,1.4457121166877134,2020-08-22 13:00:00,2021-08-22 13:00:00,2021-08-22 13:00:00,365,1
1302,2021-08-22 13:00:00,Neural Network,13,1.32485387342385,1.353485691109968,2020-08-22 13:00:00,2021-08-22 13:00:00,2021-08-22 13:00:00,365,1
1303,2021-08-22 13:00:00,Naive,13,1.32485387342385,1.4755269025946263,2020-08-22 13:00:00,2021-08-22 13:00:00,2021-08-22 13:00:00,365,1
1304,2021-08-23 13:00:00,Decision Tree,13,1.8037654762603725,1.8946481499687824,2020-08-23 13:00:00,2021-08-23 13:00:00,2021-08-23 13:00:00,365,1
1305,2021-08-23 13:00:00,Random Forest,13,1.8037654762603725,1.8581010725323488,2020-08-23 13:00:00,2021-08-23 13:00:00,2021-08-23 13:00:00,365,1
1306,2021-08-23 13:00:00,Neural Network,13,1.8037654762603725,1.9816208117591882,2020-08-23 13:00:00,2021-08-23 13:00:00,2021-08-23 13:00:00,365,1
1307,2021-08-23 13:00:00,Naive,13,1.8037654762603725,1.32485387342385,2020-08-23 13:00:00,2021-08-23 13:00:00,2021-08-23 13:00:00,365,1
1308,2021-08-24 13:00:00,Decision Tree,13,1.5631737519445004,1.5996643958242447,2020-08-24 13:00:00,2021-08-24 13:00:00,2021-08-24 13:00:00,365,1
1309,2021-08-24 13:00:00,Random Forest,13,1.5631737519445004,1.6403475500125706,2020-08-24 13:00:00,2021-08-24 13:00:00,2021-08-24 13:00:00,365,1
1310,2021-08-24 13:00:00,Neural Network,13,1.5631737519445004,1.7209533836951965,2020-08-24 13:00:00,2021-08-24 13:00:00,2021-08-24 13:00:00,365,1
1311,2021-08-24 13:00:00,Naive,13,1.5631737519445004,1.8037654762603725,2020-08-24 13:00:00,2021-08-24 13:00:00,2021-08-24 13:00:00,365,1
1312,2021-08-25 13:00:00,Decision Tree,13,1.25922680900669,1.3695164209299608,2020-08-25 13:00:00,2021-08-25 13:00:00,2021-08-25 13:00:00,365,1
1313,2021-08-25 13:00:00,Random Forest,13,1.25922680900669,1.3733320916211824,2020-08-25 13:00:00,2021-08-25 13:00:00,2021-08-25 13:00:00,365,1
1314,2021-08-25 13:00:00,Neural Network,13,1.25922680900669,1.339636336707906,2020-08-25 13:00:00,2021-08-25 13:00:00,2021-08-25 13:00:00,365,1
1315,2021-08-25 13:00:00,Naive,13,1.25922680900669,1.5631737519445004,2020-08-25 13:00:00,2021-08-25 13:00:00,2021-08-25 13:00:00,365,1
1316,2021-08-26 13:00:00,Decision Tree,13,1.7477735574735784,1.8126469033830768,2020-08-26 13:00:00,2021-08-26 13:00:00,2021-08-26 13:00:00,365,1
1317,2021-08-26 13:00:00,Random Forest,13,1.7477735574735784,1.8227212967508792,2020-08-26 13:00:00,2021-08-26 13:00:00,2021-08-26 13:00:00,365,1
1318,2021-08-26 13:00:00,Neural Network,13,1.7477735574735784,1.9727141790449554,2020-08-26 13:00:00,2021-08-26 13:00:00,2021-08-26 13:00:00,365,1
1319,2021-08-26 13:00:00,Naive,13,1.7477735574735784,1.25922680900669,2020-08-26 13:00:00,2021-08-26 13:00:00,2021-08-26 13:00:00,365,1
1320,2021-08-27 13:00:00,Decision Tree,13,1.749646260818458,1.7421838857623444,2020-08-27 13:00:00,2021-08-27 13:00:00,2021-08-27 13:00:00,365,1
1321,2021-08-27 13:00:00,Random Forest,13,1.749646260818458,1.789173865811971,2020-08-27 13:00:00,2021-08-27 13:00:00,2021-08-27 13:00:00,365,1
1322,2021-08-27 13:00:00,Neural Network,13,1.749646260818458,1.9999971629398345,2020-08-27 13:00:00,2021-08-27 13:00:00,2021-08-27 13:00:00,365,1
1323,2021-08-27 13:00:00,Naive,13,1.749646260818458,1.7477735574735784,2020-08-27 13:00:00,2021-08-27 13:00:00,2021-08-27 13:00:00,365,1
1324,2021-08-28 13:00:00,Decision Tree,13,1.4033592869725988,1.7432499393417893,2020-08-28 13:00:00,2021-08-28 13:00:00,2021-08-28 13:00:00,365,1
1325,2021-08-28 13:00:00,Random Forest,13,1.4033592869725988,1.5664046131838223,2020-08-28 13:00:00,2021-08-28 13:00:00,2021-08-28 13:00:00,365,1
1326,2021-08-28 13:00:00,Neural Network,13,1.4033592869725988,1.5811596197769022,2020-08-28 13:00:00,2021-08-28 13:00:00,2021-08-28 13:00:00,365,1
1327,2021-08-28 13:00:00,Naive,13,1.4033592869725988,1.749646260818458,2020-08-28 13:00:00,2021-08-28 13:00:00,2021-08-28 13:00:00,365,1
1328,2021-08-29 13:00:00,Decision Tree,13,1.4697136494428986,1.593180422824196,2020-08-29 13:00:00,2021-08-29 13:00:00,2021-08-29 13:00:00,365,1
1329,2021-08-29 13:00:00,Random Forest,13,1.4697136494428986,1.5724830340044302,2020-08-29 13:00:00,2021-08-29 13:00:00,2021-08-29 13:00:00,365,1
1330,2021-08-29 13:00:00,Neural Network,13,1.4697136494428986,1.574362350379018,2020-08-29 13:00:00,2021-08-29 13:00:00,2021-08-29 13:00:00,365,1
1331,2021-08-29 13:00:00,Naive,13,1.4697136494428986,1.4033592869725988,2020-08-29 13:00:00,2021-08-29 13:00:00,2021-08-29 13:00:00,365,1
1332,2021-08-30 13:00:00,Decision Tree,13,2.0543228009508763,1.7629202285083887,2020-08-30 13:00:00,2021-08-30 13:00:00,2021-08-30 13:00:00,365,1
1333,2021-08-30 13:00:00,Random Forest,13,2.0543228009508763,1.8683689105034533,2020-08-30 13:00:00,2021-08-30 13:00:00,2021-08-30 13:00:00,365,1
1334,2021-08-30 13:00:00,Neural Network,13,2.0543228009508763,2.3675514141245473,2020-08-30 13:00:00,2021-08-30 13:00:00,2021-08-30 13:00:00,365,1
1335,2021-08-30 13:00:00,Naive,13,2.0543228009508763,1.4697136494428986,2020-08-30 13:00:00,2021-08-30 13:00:00,2021-08-30 13:00:00,365,1
1336,2021-08-31 13:00:00,Decision Tree,13,1.9393146416229832,1.992745369480822,2020-08-31 13:00:00,2021-08-31 13:00:00,2021-08-31 13:00:00,365,1
1337,2021-08-31 13:00:00,Random Forest,13,1.9393146416229832,1.9272240146502861,2020-08-31 13:00:00,2021-08-31 13:00:00,2021-08-31 13:00:00,365,1
1338,2021-08-31 13:00:00,Neural Network,13,1.9393146416229832,2.183177864595451,2020-08-31 13:00:00,2021-08-31 13:00:00,2021-08-31 13:00:00,365,1
1339,2021-08-31 13:00:00,Naive,13,1.9393146416229832,2.0543228009508763,2020-08-31 13:00:00,2021-08-31 13:00:00,2021-08-31 13:00:00,365,1
1340,2021-09-01 13:00:00,Decision Tree,13,1.8351717464522586,1.986066528498592,2020-09-01 13:00:00,2021-09-01 13:00:00,2021-09-01 13:00:00,365,1
1341,2021-09-01 13:00:00,Random Forest,13,1.8351717464522586,1.9004164959097711,2020-09-01 13:00:00,2021-09-01 13:00:00,2021-09-01 13:00:00,365,1
1342,2021-09-01 13:00:00,Neural Network,13,1.8351717464522586,2.0559962442124595,2020-09-01 13:00:00,2021-09-01 13:00:00,2021-09-01 13:00:00,365,1
1343,2021-09-01 13:00:00,Naive,13,1.8351717464522586,1.9393146416229832,2020-09-01 13:00:00,2021-09-01 13:00:00,2021-09-01 13:00:00,365,1
1344,2021-09-02 13:00:00,Decision Tree,13,1.879294360658923,1.969300441604555,2020-09-02 13:00:00,2021-09-02 13:00:00,2021-09-02 13:00:00,365,1
1345,2021-09-02 13:00:00,Random Forest,13,1.879294360658923,1.8870524769622754,2020-09-02 13:00:00,2021-09-02 13:00:00,2021-09-02 13:00:00,365,1
1346,2021-09-02 13:00:00,Neural Network,13,1.879294360658923,2.119325015234214,2020-09-02 13:00:00,2021-09-02 13:00:00,2021-09-02 13:00:00,365,1
1347,2021-09-02 13:00:00,Naive,13,1.879294360658923,1.8351717464522586,2020-09-02 13:00:00,2021-09-02 13:00:00,2021-09-02 13:00:00,365,1
1348,2021-09-03 13:00:00,Decision Tree,13,1.6645843324256042,1.762920228508389,2020-09-03 13:00:00,2021-09-03 13:00:00,2021-09-03 13:00:00,365,1
1349,2021-09-03 13:00:00,Random Forest,13,1.6645843324256042,1.7656783076399358,2020-09-03 13:00:00,2021-09-03 13:00:00,2021-09-03 13:00:00,365,1
1350,2021-09-03 13:00:00,Neural Network,13,1.6645843324256042,1.7699255577713056,2020-09-03 13:00:00,2021-09-03 13:00:00,2021-09-03 13:00:00,365,1
1351,2021-09-03 13:00:00,Naive,13,1.6645843324256042,1.879294360658923,2020-09-03 13:00:00,2021-09-03 13:00:00,2021-09-03 13:00:00,365,1
1352,2021-09-04 13:00:00,Decision Tree,13,1.6322316723485764,1.751994017832524,2020-09-04 13:00:00,2021-09-04 13:00:00,2021-09-04 13:00:00,365,1
1353,2021-09-04 13:00:00,Random Forest,13,1.6322316723485764,1.7257480425286185,2020-09-04 13:00:00,2021-09-04 13:00:00,2021-09-04 13:00:00,365,1
1354,2021-09-04 13:00:00,Neural Network,13,1.6322316723485764,1.8159864522486169,2020-09-04 13:00:00,2021-09-04 13:00:00,2021-09-04 13:00:00,365,1
1355,2021-09-04 13:00:00,Naive,13,1.6322316723485764,1.6645843324256042,2020-09-04 13:00:00,2021-09-04 13:00:00,2021-09-04 13:00:00,365,1
1356,2021-09-05 13:00:00,Decision Tree,13,1.111912657021585,1.269070253142356,2020-09-05 13:00:00,2021-09-05 13:00:00,2021-09-05 13:00:00,365,1
1357,2021-09-05 13:00:00,Random Forest,13,1.111912657021585,1.2953551266902996,2020-09-05 13:00:00,2021-09-05 13:00:00,2021-09-05 13:00:00,365,1
1358,2021-09-05 13:00:00,Neural Network,13,1.111912657021585,1.3014512444342967,2020-09-05 13:00:00,2021-09-05 13:00:00,2021-09-05 13:00:00,365,1
1359,2021-09-05 13:00:00,Naive,13,1.111912657021585,1.6322316723485764,2020-09-05 13:00:00,2021-09-05 13:00:00,2021-09-05 13:00:00,365,1
1360,2021-09-06 13:00:00,Decision Tree,13,1.8966011494389066,1.9206014533962779,2020-09-06 13:00:00,2021-09-06 13:00:00,2021-09-06 13:00:00,365,1
1361,2021-09-06 13:00:00,Random Forest,13,1.8966011494389066,1.8893127819093467,2020-09-06 13:00:00,2021-09-06 13:00:00,2021-09-06 13:00:00,365,1
1362,2021-09-06 13:00:00,Neural Network,13,1.8966011494389066,2.168547870626508,2020-09-06 13:00:00,2021-09-06 13:00:00,2021-09-06 13:00:00,365,1
1363,2021-09-06 13:00:00,Naive,13,1.8966011494389066,1.111912657021585,2020-09-06 13:00:00,2021-09-06 13:00:00,2021-09-06 13:00:00,365,1
1364,2021-09-07 13:00:00,Decision Tree,13,1.9681537559578135,1.8980113400628607,2020-09-07 13:00:00,2021-09-07 13:00:00,2021-09-07 13:00:00,365,1
1365,2021-09-07 13:00:00,Random Forest,13,1.9681537559578135,1.9305769185641908,2020-09-07 13:00:00,2021-09-07 13:00:00,2021-09-07 13:00:00,365,1
1366,2021-09-07 13:00:00,Neural Network,13,1.9681537559578135,2.2635581804284652,2020-09-07 13:00:00,2021-09-07 13:00:00,2021-09-07 13:00:00,365,1
1367,2021-09-07 13:00:00,Naive,13,1.9681537559578135,1.8966011494389066,2020-09-07 13:00:00,2021-09-07 13:00:00,2021-09-07 13:00:00,365,1
1368,2021-09-08 13:00:00,Decision Tree,13,1.8794321288769167,1.8980113400628607,2020-09-08 13:00:00,2021-09-08 13:00:00,2021-09-08 13:00:00,365,1
1369,2021-09-08 13:00:00,Random Forest,13,1.8794321288769167,1.905376502158191,2020-09-08 13:00:00,2021-09-08 13:00:00,2021-09-08 13:00:00,365,1
1370,2021-09-08 13:00:00,Neural Network,13,1.8794321288769167,2.087205049087801,2020-09-08 13:00:00,2021-09-08 13:00:00,2021-09-08 13:00:00,365,1
1371,2021-09-08 13:00:00,Naive,13,1.8794321288769167,1.9681537559578135,2020-09-08 13:00:00,2021-09-08 13:00:00,2021-09-08 13:00:00,365,1
1372,2021-09-09 13:00:00,Decision Tree,13,1.9941644883180638,1.9952227833312748,2020-09-09 13:00:00,2021-09-09 13:00:00,2021-09-09 13:00:00,365,1
1373,2021-09-09 13:00:00,Random Forest,13,1.9941644883180638,1.9594925399586107,2020-09-09 13:00:00,2021-09-09 13:00:00,2021-09-09 13:00:00,365,1
1374,2021-09-09 13:00:00,Neural Network,13,1.9941644883180638,2.2980680667005577,2020-09-09 13:00:00,2021-09-09 13:00:00,2021-09-09 13:00:00,365,1
1375,2021-09-09 13:00:00,Naive,13,1.9941644883180638,1.8794321288769167,2020-09-09 13:00:00,2021-09-09 13:00:00,2021-09-09 13:00:00,365,1
1376,2021-09-10 13:00:00,Decision Tree,13,2.192511099597666,2.0052535902577526,2020-09-10 13:00:00,2021-09-10 13:00:00,2021-09-10 13:00:00,365,1
1377,2021-09-10 13:00:00,Random Forest,13,2.192511099597666,1.9826736023677465,2020-09-10 13:00:00,2021-09-10 13:00:00,2021-09-10 13:00:00,365,1
1378,2021-09-10 13:00:00,Neural Network,13,2.192511099597666,2.433589121789864,2020-09-10 13:00:00,2021-09-10 13:00:00,2021-09-10 13:00:00,365,1
1379,2021-09-10 13:00:00,Naive,13,2.192511099597666,1.9941644883180638,2020-09-10 13:00:00,2021-09-10 13:00:00,2021-09-10 13:00:00,365,1
1380,2021-09-11 13:00:00,Decision Tree,13,1.9901061208025759,2.0503763015157768,2020-09-11 13:00:00,2021-09-11 13:00:00,2021-09-11 13:00:00,365,1
1381,2021-09-11 13:00:00,Random Forest,13,1.9901061208025759,1.9097597601568668,2020-09-11 13:00:00,2021-09-11 13:00:00,2021-09-11 13:00:00,365,1
1382,2021-09-11 13:00:00,Neural Network,13,1.9901061208025759,2.0753314973103385,2020-09-11 13:00:00,2021-09-11 13:00:00,2021-09-11 13:00:00,365,1
1383,2021-09-11 13:00:00,Naive,13,1.9901061208025759,2.192511099597666,2020-09-11 13:00:00,2021-09-11 13:00:00,2021-09-11 13:00:00,365,1
1384,2021-09-12 13:00:00,Decision Tree,13,1.4719899234201277,1.6128137190197946,2020-09-12 13:00:00,2021-09-12 13:00:00,2021-09-12 13:00:00,365,1
1385,2021-09-12 13:00:00,Random Forest,13,1.4719899234201277,1.5087637907986258,2020-09-12 13:00:00,2021-09-12 13:00:00,2021-09-12 13:00:00,365,1
1386,2021-09-12 13:00:00,Neural Network,13,1.4719899234201277,1.6353149943595815,2020-09-12 13:00:00,2021-09-12 13:00:00,2021-09-12 13:00:00,365,1
1387,2021-09-12 13:00:00,Naive,13,1.4719899234201277,1.9901061208025759,2020-09-12 13:00:00,2021-09-12 13:00:00,2021-09-12 13:00:00,365,1
1388,2021-09-13 13:00:00,Decision Tree,13,2.053062331586774,2.0483605491457375,2020-09-13 13:00:00,2021-09-13 13:00:00,2021-09-13 13:00:00,365,1
1389,2021-09-13 13:00:00,Random Forest,13,2.053062331586774,2.0315293576734565,2020-09-13 13:00:00,2021-09-13 13:00:00,2021-09-13 13:00:00,365,1
1390,2021-09-13 13:00:00,Neural Network,13,2.053062331586774,2.292814785820603,2020-09-13 13:00:00,2021-09-13 13:00:00,2021-09-13 13:00:00,365,1
1391,2021-09-13 13:00:00,Naive,13,2.053062331586774,1.4719899234201277,2020-09-13 13:00:00,2021-09-13 13:00:00,2021-09-13 13:00:00,365,1
1392,2021-09-14 13:00:00,Decision Tree,13,2.0528648732771058,2.0321479151989177,2020-09-14 13:00:00,2021-09-14 13:00:00,2021-09-14 13:00:00,365,1
1393,2021-09-14 13:00:00,Random Forest,13,2.0528648732771058,1.9941452183574007,2020-09-14 13:00:00,2021-09-14 13:00:00,2021-09-14 13:00:00,365,1
1394,2021-09-14 13:00:00,Neural Network,13,2.0528648732771058,2.3839680222085797,2020-09-14 13:00:00,2021-09-14 13:00:00,2021-09-14 13:00:00,365,1
1395,2021-09-14 13:00:00,Naive,13,2.0528648732771058,2.053062331586774,2020-09-14 13:00:00,2021-09-14 13:00:00,2021-09-14 13:00:00,365,1
1396,2021-09-15 13:00:00,Decision Tree,13,2.599350731356035,2.034449799429827,2020-09-15 13:00:00,2021-09-15 13:00:00,2021-09-15 13:00:00,365,1
1397,2021-09-15 13:00:00,Random Forest,13,2.599350731356035,2.0642720470870968,2020-09-15 13:00:00,2021-09-15 13:00:00,2021-09-15 13:00:00,365,1
1398,2021-09-15 13:00:00,Neural Network,13,2.599350731356035,3.3494153922757333,2020-09-15 13:00:00,2021-09-15 13:00:00,2021-09-15 13:00:00,365,1
1399,2021-09-15 13:00:00,Naive,13,2.599350731356035,2.0528648732771058,2020-09-15 13:00:00,2021-09-15 13:00:00,2021-09-15 13:00:00,365,1
1400,2021-09-16 13:00:00,Decision Tree,13,2.3449403688885835,2.169513678185744,2020-09-16 13:00:00,2021-09-16 13:00:00,2021-09-16 13:00:00,365,1
1401,2021-09-16 13:00:00,Random Forest,13,2.3449403688885835,2.1951777146874205,2020-09-16 13:00:00,2021-09-16 13:00:00,2021-09-16 13:00:00,365,1
1402,2021-09-16 13:00:00,Neural Network,13,2.3449403688885835,2.783794721095772,2020-09-16 13:00:00,2021-09-16 13:00:00,2021-09-16 13:00:00,365,1
1403,2021-09-16 13:00:00,Naive,13,2.3449403688885835,2.599350731356035,2020-09-16 13:00:00,2021-09-16 13:00:00,2021-09-16 13:00:00,365,1
1404,2021-09-17 13:00:00,Decision Tree,13,2.298016554097772,2.042736804863829,2020-09-17 13:00:00,2021-09-17 13:00:00,2021-09-17 13:00:00,365,1
1405,2021-09-17 13:00:00,Random Forest,13,2.298016554097772,2.1537757676969123,2020-09-17 13:00:00,2021-09-17 13:00:00,2021-09-17 13:00:00,365,1
1406,2021-09-17 13:00:00,Neural Network,13,2.298016554097772,2.4838891035168533,2020-09-17 13:00:00,2021-09-17 13:00:00,2021-09-17 13:00:00,365,1
1407,2021-09-17 13:00:00,Naive,13,2.298016554097772,2.3449403688885835,2020-09-17 13:00:00,2021-09-17 13:00:00,2021-09-17 13:00:00,365,1
1408,2021-09-18 13:00:00,Decision Tree,13,1.8728236766390607,1.9244273431208105,2020-09-18 13:00:00,2021-09-18 13:00:00,2021-09-18 13:00:00,365,1
1409,2021-09-18 13:00:00,Random Forest,13,1.8728236766390607,1.9367965393338564,2020-09-18 13:00:00,2021-09-18 13:00:00,2021-09-18 13:00:00,365,1
1410,2021-09-18 13:00:00,Neural Network,13,1.8728236766390607,1.9077953441767175,2020-09-18 13:00:00,2021-09-18 13:00:00,2021-09-18 13:00:00,365,1
1411,2021-09-18 13:00:00,Naive,13,1.8728236766390607,2.298016554097772,2020-09-18 13:00:00,2021-09-18 13:00:00,2021-09-18 13:00:00,365,1
1412,2021-09-19 13:00:00,Decision Tree,13,1.4008485688653387,1.4663420594987737,2020-09-19 13:00:00,2021-09-19 13:00:00,2021-09-19 13:00:00,365,1
1413,2021-09-19 13:00:00,Random Forest,13,1.4008485688653387,1.4866984702870008,2020-09-19 13:00:00,2021-09-19 13:00:00,2021-09-19 13:00:00,365,1
1414,2021-09-19 13:00:00,Neural Network,13,1.4008485688653387,1.6167074598645197,2020-09-19 13:00:00,2021-09-19 13:00:00,2021-09-19 13:00:00,365,1
1415,2021-09-19 13:00:00,Naive,13,1.4008485688653387,1.8728236766390607,2020-09-19 13:00:00,2021-09-19 13:00:00,2021-09-19 13:00:00,365,1
1416,2021-09-20 13:00:00,Decision Tree,13,2.3710402341856542,2.12327652134175,2020-09-20 13:00:00,2021-09-20 13:00:00,2021-09-20 13:00:00,365,1
1417,2021-09-20 13:00:00,Random Forest,13,2.3710402341856542,2.2242622075015896,2020-09-20 13:00:00,2021-09-20 13:00:00,2021-09-20 13:00:00,365,1
1418,2021-09-20 13:00:00,Neural Network,13,2.3710402341856542,2.758966363164542,2020-09-20 13:00:00,2021-09-20 13:00:00,2021-09-20 13:00:00,365,1
1419,2021-09-20 13:00:00,Naive,13,2.3710402341856542,1.4008485688653387,2020-09-20 13:00:00,2021-09-20 13:00:00,2021-09-20 13:00:00,365,1
1420,2021-09-21 13:00:00,Decision Tree,13,2.1999201430181903,2.361171797625142,2020-09-21 13:00:00,2021-09-21 13:00:00,2021-09-21 13:00:00,365,1
1421,2021-09-21 13:00:00,Random Forest,13,2.1999201430181903,2.2055188190656336,2020-09-21 13:00:00,2021-09-21 13:00:00,2021-09-21 13:00:00,365,1
1422,2021-09-21 13:00:00,Neural Network,13,2.1999201430181903,2.3446194895845194,2020-09-21 13:00:00,2021-09-21 13:00:00,2021-09-21 13:00:00,365,1
1423,2021-09-21 13:00:00,Naive,13,2.1999201430181903,2.3710402341856542,2020-09-21 13:00:00,2021-09-21 13:00:00,2021-09-21 13:00:00,365,1
1424,2021-09-22 13:00:00,Decision Tree,13,2.270122666782901,2.334296521857317,2020-09-22 13:00:00,2021-09-22 13:00:00,2021-09-22 13:00:00,365,1
1425,2021-09-22 13:00:00,Random Forest,13,2.270122666782901,2.279423470536452,2020-09-22 13:00:00,2021-09-22 13:00:00,2021-09-22 13:00:00,365,1
1426,2021-09-22 13:00:00,Neural Network,13,2.270122666782901,2.39425751046813,2020-09-22 13:00:00,2021-09-22 13:00:00,2021-09-22 13:00:00,365,1
1427,2021-09-22 13:00:00,Naive,13,2.270122666782901,2.1999201430181903,2020-09-22 13:00:00,2021-09-22 13:00:00,2021-09-22 13:00:00,365,1
1428,2021-09-23 13:00:00,Decision Tree,13,-1.401728985018538,-1.5514096527163586,2020-09-23 13:00:00,2021-09-23 13:00:00,2021-09-23 13:00:00,365,1
1429,2021-09-23 13:00:00,Random Forest,13,-1.401728985018538,-1.57244685295896,2020-09-23 13:00:00,2021-09-23 13:00:00,2021-09-23 13:00:00,365,1
1430,2021-09-23 13:00:00,Neural Network,13,-1.401728985018538,-1.242218522490095,2020-09-23 13:00:00,2021-09-23 13:00:00,2021-09-23 13:00:00,365,1
1431,2021-09-23 13:00:00,Naive,13,-1.401728985018538,2.270122666782901,2020-09-23 13:00:00,2021-09-23 13:00:00,2021-09-23 13:00:00,365,1
1432,2021-09-24 13:00:00,Decision Tree,13,1.5520868588583872,1.8448285380379301,2020-09-24 13:00:00,2021-09-24 13:00:00,2021-09-24 13:00:00,365,1
1433,2021-09-24 13:00:00,Random Forest,13,1.5520868588583872,1.7317555191543896,2020-09-24 13:00:00,2021-09-24 13:00:00,2021-09-24 13:00:00,365,1
1434,2021-09-24 13:00:00,Neural Network,13,1.5520868588583872,1.6205615260261492,2020-09-24 13:00:00,2021-09-24 13:00:00,2021-09-24 13:00:00,365,1
1435,2021-09-24 13:00:00,Naive,13,1.5520868588583872,-1.401728985018538,2020-09-24 13:00:00,2021-09-24 13:00:00,2021-09-24 13:00:00,365,1
1436,2021-09-25 13:00:00,Decision Tree,13,1.7261021055722678,1.9625700696601358,2020-09-25 13:00:00,2021-09-25 13:00:00,2021-09-25 13:00:00,365,1
1437,2021-09-25 13:00:00,Random Forest,13,1.7261021055722678,1.7810121979391011,2020-09-25 13:00:00,2021-09-25 13:00:00,2021-09-25 13:00:00,365,1
1438,2021-09-25 13:00:00,Neural Network,13,1.7261021055722678,1.723001339915308,2020-09-25 13:00:00,2021-09-25 13:00:00,2021-09-25 13:00:00,365,1
1439,2021-09-25 13:00:00,Naive,13,1.7261021055722678,1.5520868588583872,2020-09-25 13:00:00,2021-09-25 13:00:00,2021-09-25 13:00:00,365,1
1440,2021-09-26 13:00:00,Decision Tree,13,1.6569802715919077,1.69193124685025,2020-09-26 13:00:00,2021-09-26 13:00:00,2021-09-26 13:00:00,365,1
1441,2021-09-26 13:00:00,Random Forest,13,1.6569802715919077,1.727409387837724,2020-09-26 13:00:00,2021-09-26 13:00:00,2021-09-26 13:00:00,365,1
1442,2021-09-26 13:00:00,Neural Network,13,1.6569802715919077,1.7249341617326022,2020-09-26 13:00:00,2021-09-26 13:00:00,2021-09-26 13:00:00,365,1
1443,2021-09-26 13:00:00,Naive,13,1.6569802715919077,1.7261021055722678,2020-09-26 13:00:00,2021-09-26 13:00:00,2021-09-26 13:00:00,365,1
1444,2021-09-27 13:00:00,Decision Tree,13,2.0326872094568724,1.9506336778908806,2020-09-27 13:00:00,2021-09-27 13:00:00,2021-09-27 13:00:00,365,1
1445,2021-09-27 13:00:00,Random Forest,13,2.0326872094568724,2.0470355233447677,2020-09-27 13:00:00,2021-09-27 13:00:00,2021-09-27 13:00:00,365,1
1446,2021-09-27 13:00:00,Neural Network,13,2.0326872094568724,2.238747075667165,2020-09-27 13:00:00,2021-09-27 13:00:00,2021-09-27 13:00:00,365,1
1447,2021-09-27 13:00:00,Naive,13,2.0326872094568724,1.6569802715919077,2020-09-27 13:00:00,2021-09-27 13:00:00,2021-09-27 13:00:00,365,1
1448,2021-09-28 13:00:00,Decision Tree,13,2.211305682979614,1.9778508898944736,2020-09-28 13:00:00,2021-09-28 13:00:00,2021-09-28 13:00:00,365,1
1449,2021-09-28 13:00:00,Random Forest,13,2.211305682979614,2.174903794348518,2020-09-28 13:00:00,2021-09-28 13:00:00,2021-09-28 13:00:00,365,1
1450,2021-09-28 13:00:00,Neural Network,13,2.211305682979614,2.332782293488015,2020-09-28 13:00:00,2021-09-28 13:00:00,2021-09-28 13:00:00,365,1
1451,2021-09-28 13:00:00,Naive,13,2.211305682979614,2.0326872094568724,2020-09-28 13:00:00,2021-09-28 13:00:00,2021-09-28 13:00:00,365,1
1452,2021-09-29 13:00:00,Decision Tree,13,1.9265853840819172,2.202425391665334,2020-09-29 13:00:00,2021-09-29 13:00:00,2021-09-29 13:00:00,365,1
1453,2021-09-29 13:00:00,Random Forest,13,1.9265853840819172,2.090086505301844,2020-09-29 13:00:00,2021-09-29 13:00:00,2021-09-29 13:00:00,365,1
1454,2021-09-29 13:00:00,Neural Network,13,1.9265853840819172,2.0899013977339544,2020-09-29 13:00:00,2021-09-29 13:00:00,2021-09-29 13:00:00,365,1
1455,2021-09-29 13:00:00,Naive,13,1.9265853840819172,2.211305682979614,2020-09-29 13:00:00,2021-09-29 13:00:00,2021-09-29 13:00:00,365,1
1456,2021-09-30 13:00:00,Decision Tree,13,1.3792280294519526,1.5871663901693043,2020-09-30 13:00:00,2021-09-30 13:00:00,2021-09-30 13:00:00,365,1
1457,2021-09-30 13:00:00,Random Forest,13,1.3792280294519526,1.5016338583505842,2020-09-30 13:00:00,2021-09-30 13:00:00,2021-09-30 13:00:00,365,1
1458,2021-09-30 13:00:00,Neural Network,13,1.3792280294519526,1.4391239619998832,2020-09-30 13:00:00,2021-09-30 13:00:00,2021-09-30 13:00:00,365,1
1459,2021-09-30 13:00:00,Naive,13,1.3792280294519526,1.9265853840819172,2020-09-30 13:00:00,2021-09-30 13:00:00,2021-09-30 13:00:00,365,1
