,timestamp,model,hour,y_true,y_pred,train_start,train_end,test_day,train_rows,test_rows
0,2020-10-01 07:00:00,Decision Tree,7,0.9666501668080281,0.9575721854566424,2019-10-01 07:00:00,2020-10-01 07:00:00,2020-10-01 07:00:00,366,1
1,2020-10-01 07:00:00,Random Forest,7,0.9666501668080281,0.9572210855218043,2019-10-01 07:00:00,2020-10-01 07:00:00,2020-10-01 07:00:00,366,1
2,2020-10-01 07:00:00,Neural Network,7,0.9666501668080281,0.9692912072990815,2019-10-01 07:00:00,2020-10-01 07:00:00,2020-10-01 07:00:00,366,1
3,2020-10-01 07:00:00,Naive,7,0.9666501668080281,1.362778577730176,2019-10-01 07:00:00,2020-10-01 07:00:00,2020-10-01 07:00:00,366,1
4,2020-10-02 07:00:00,Decision Tree,7,0.905008788016739,0.8876426358146954,2019-10-02 07:00:00,2020-10-02 07:00:00,2020-10-02 07:00:00,366,1
5,2020-10-02 07:00:00,Random Forest,7,0.905008788016739,0.9029460717580465,2019-10-02 07:00:00,2020-10-02 07:00:00,2020-10-02 07:00:00,366,1
6,2020-10-02 07:00:00,Neural Network,7,0.905008788016739,0.9604084847232863,2019-10-02 07:00:00,2020-10-02 07:00:00,2020-10-02 07:00:00,366,1
7,2020-10-02 07:00:00,Naive,7,0.905008788016739,0.9666501668080281,2019-10-02 07:00:00,2020-10-02 07:00:00,2020-10-02 07:00:00,366,1
8,2020-10-03 07:00:00,Decision Tree,7,-1.6547576186294648,-1.6818702659110634,2019-10-03 07:00:00,2020-10-03 07:00:00,2020-10-03 07:00:00,366,1
9,2020-10-03 07:00:00,Random Forest,7,-1.6547576186294648,-1.711448561568418,2019-10-03 07:00:00,2020-10-03 07:00:00,2020-10-03 07:00:00,366,1
10,2020-10-03 07:00:00,Neural Network,7,-1.6547576186294648,-1.0665756666836794,2019-10-03 07:00:00,2020-10-03 07:00:00,2020-10-03 07:00:00,366,1
11,2020-10-03 07:00:00,Naive,7,-1.6547576186294648,0.905008788016739,2019-10-03 07:00:00,2020-10-03 07:00:00,2020-10-03 07:00:00,366,1
12,2020-10-04 07:00:00,Decision Tree,7,-1.6146134866010082,-1.6788577495464412,2019-10-04 07:00:00,2020-10-04 07:00:00,2020-10-04 07:00:00,366,1
13,2020-10-04 07:00:00,Random Forest,7,-1.6146134866010082,-1.6413890719663564,2019-10-04 07:00:00,2020-10-04 07:00:00,2020-10-04 07:00:00,366,1
14,2020-10-04 07:00:00,Neural Network,7,-1.6146134866010082,-1.5966229826865648,2019-10-04 07:00:00,2020-10-04 07:00:00,2020-10-04 07:00:00,366,1
15,2020-10-04 07:00:00,Naive,7,-1.6146134866010082,-1.6547576186294648,2019-10-04 07:00:00,2020-10-04 07:00:00,2020-10-04 07:00:00,366,1
16,2020-10-05 07:00:00,Decision Tree,7,0.5555188943045237,0.5626070578155817,2019-10-05 07:00:00,2020-10-05 07:00:00,2020-10-05 07:00:00,366,1
17,2020-10-05 07:00:00,Random Forest,7,0.5555188943045237,0.5368715240822478,2019-10-05 07:00:00,2020-10-05 07:00:00,2020-10-05 07:00:00,366,1
18,2020-10-05 07:00:00,Neural Network,7,0.5555188943045237,0.6160566311171004,2019-10-05 07:00:00,2020-10-05 07:00:00,2020-10-05 07:00:00,366,1
19,2020-10-05 07:00:00,Naive,7,0.5555188943045237,-1.6146134866010082,2019-10-05 07:00:00,2020-10-05 07:00:00,2020-10-05 07:00:00,366,1
20,2020-10-06 07:00:00,Decision Tree,7,0.5379708413496173,0.5681379836117493,2019-10-06 07:00:00,2020-10-06 07:00:00,2020-10-06 07:00:00,366,1
21,2020-10-06 07:00:00,Random Forest,7,0.5379708413496173,0.5330588138214739,2019-10-06 07:00:00,2020-10-06 07:00:00,2020-10-06 07:00:00,366,1
22,2020-10-06 07:00:00,Neural Network,7,0.5379708413496173,0.40192958831670855,2019-10-06 07:00:00,2020-10-06 07:00:00,2020-10-06 07:00:00,366,1
23,2020-10-06 07:00:00,Naive,7,0.5379708413496173,0.5555188943045237,2019-10-06 07:00:00,2020-10-06 07:00:00,2020-10-06 07:00:00,366,1
24,2020-10-07 07:00:00,Decision Tree,7,0.7135940060078485,0.6960370185601533,2019-10-07 07:00:00,2020-10-07 07:00:00,2020-10-07 07:00:00,366,1
25,2020-10-07 07:00:00,Random Forest,7,0.7135940060078485,0.6950027402490236,2019-10-07 07:00:00,2020-10-07 07:00:00,2020-10-07 07:00:00,366,1
26,2020-10-07 07:00:00,Neural Network,7,0.7135940060078485,0.7997299156439845,2019-10-07 07:00:00,2020-10-07 07:00:00,2020-10-07 07:00:00,366,1
27,2020-10-07 07:00:00,Naive,7,0.7135940060078485,0.5379708413496173,2019-10-07 07:00:00,2020-10-07 07:00:00,2020-10-07 07:00:00,366,1
28,2020-10-08 07:00:00,Decision Tree,7,0.7669240602049539,0.750755908571606,2019-10-08 07:00:00,2020-10-08 07:00:00,2020-10-08 07:00:00,366,1
29,2020-10-08 07:00:00,Random Forest,7,0.7669240602049539,0.7501428422913304,2019-10-08 07:00:00,2020-10-08 07:00:00,2020-10-08 07:00:00,366,1
30,2020-10-08 07:00:00,Neural Network,7,0.7669240602049539,0.7864472757551032,2019-10-08 07:00:00,2020-10-08 07:00:00,2020-10-08 07:00:00,366,1
31,2020-10-08 07:00:00,Naive,7,0.7669240602049539,0.7135940060078485,2019-10-08 07:00:00,2020-10-08 07:00:00,2020-10-08 07:00:00,366,1
32,2020-10-09 07:00:00,Decision Tree,7,0.9991083698594575,0.9678827424551901,2019-10-09 07:00:00,2020-10-09 07:00:00,2020-10-09 07:00:00,366,1
33,2020-10-09 07:00:00,Random Forest,7,0.9991083698594575,0.9840721488237326,2019-10-09 07:00:00,2020-10-09 07:00:00,2020-10-09 07:00:00,366,1
34,2020-10-09 07:00:00,Neural Network,7,0.9991083698594575,1.038553234320781,2019-10-09 07:00:00,2020-10-09 07:00:00,2020-10-09 07:00:00,366,1
35,2020-10-09 07:00:00,Naive,7,0.9991083698594575,0.7669240602049539,2019-10-09 07:00:00,2020-10-09 07:00:00,2020-10-09 07:00:00,366,1
36,2020-10-10 07:00:00,Decision Tree,7,-0.30117642883082313,-0.29374120059260067,2019-10-10 07:00:00,2020-10-10 07:00:00,2020-10-10 07:00:00,366,1
37,2020-10-10 07:00:00,Random Forest,7,-0.30117642883082313,-0.30472684883357387,2019-10-10 07:00:00,2020-10-10 07:00:00,2020-10-10 07:00:00,366,1
38,2020-10-10 07:00:00,Neural Network,7,-0.30117642883082313,-0.3589627059116702,2019-10-10 07:00:00,2020-10-10 07:00:00,2020-10-10 07:00:00,366,1
39,2020-10-10 07:00:00,Naive,7,-0.30117642883082313,0.9991083698594575,2019-10-10 07:00:00,2020-10-10 07:00:00,2020-10-10 07:00:00,366,1
40,2020-10-11 07:00:00,Decision Tree,7,-0.5009064440134273,-0.5264846314996415,2019-10-11 07:00:00,2020-10-11 07:00:00,2020-10-11 07:00:00,366,1
41,2020-10-11 07:00:00,Random Forest,7,-0.5009064440134273,-0.510324923026828,2019-10-11 07:00:00,2020-10-11 07:00:00,2020-10-11 07:00:00,366,1
42,2020-10-11 07:00:00,Neural Network,7,-0.5009064440134273,-0.49998794179037004,2019-10-11 07:00:00,2020-10-11 07:00:00,2020-10-11 07:00:00,366,1
43,2020-10-11 07:00:00,Naive,7,-0.5009064440134273,-0.30117642883082313,2019-10-11 07:00:00,2020-10-11 07:00:00,2020-10-11 07:00:00,366,1
44,2020-10-12 07:00:00,Decision Tree,7,1.083933646934887,1.0276254530581341,2019-10-12 07:00:00,2020-10-12 07:00:00,2020-10-12 07:00:00,366,1
45,2020-10-12 07:00:00,Random Forest,7,1.083933646934887,1.0304175711276569,2019-10-12 07:00:00,2020-10-12 07:00:00,2020-10-12 07:00:00,366,1
46,2020-10-12 07:00:00,Neural Network,7,1.083933646934887,1.085992667948605,2019-10-12 07:00:00,2020-10-12 07:00:00,2020-10-12 07:00:00,366,1
47,2020-10-12 07:00:00,Naive,7,1.083933646934887,-0.5009064440134273,2019-10-12 07:00:00,2020-10-12 07:00:00,2020-10-12 07:00:00,366,1
48,2020-10-13 07:00:00,Decision Tree,7,1.22658363681166,1.1412404093374349,2019-10-13 07:00:00,2020-10-13 07:00:00,2020-10-13 07:00:00,366,1
49,2020-10-13 07:00:00,Random Forest,7,1.22658363681166,1.2171577753348626,2019-10-13 07:00:00,2020-10-13 07:00:00,2020-10-13 07:00:00,366,1
50,2020-10-13 07:00:00,Neural Network,7,1.22658363681166,1.2063809991392083,2019-10-13 07:00:00,2020-10-13 07:00:00,2020-10-13 07:00:00,366,1
51,2020-10-13 07:00:00,Naive,7,1.22658363681166,1.083933646934887,2019-10-13 07:00:00,2020-10-13 07:00:00,2020-10-13 07:00:00,366,1
52,2020-10-14 07:00:00,Decision Tree,7,0.8662872313594137,0.8149162754377226,2019-10-14 07:00:00,2020-10-14 07:00:00,2020-10-14 07:00:00,366,1
53,2020-10-14 07:00:00,Random Forest,7,0.8662872313594137,0.850529329564397,2019-10-14 07:00:00,2020-10-14 07:00:00,2020-10-14 07:00:00,366,1
54,2020-10-14 07:00:00,Neural Network,7,0.8662872313594137,0.686376193318186,2019-10-14 07:00:00,2020-10-14 07:00:00,2020-10-14 07:00:00,366,1
55,2020-10-14 07:00:00,Naive,7,0.8662872313594137,1.22658363681166,2019-10-14 07:00:00,2020-10-14 07:00:00,2020-10-14 07:00:00,366,1
56,2020-10-15 07:00:00,Decision Tree,7,0.48836609253551927,0.45744352706259633,2019-10-15 07:00:00,2020-10-15 07:00:00,2020-10-15 07:00:00,366,1
57,2020-10-15 07:00:00,Random Forest,7,0.48836609253551927,0.46561783010710667,2019-10-15 07:00:00,2020-10-15 07:00:00,2020-10-15 07:00:00,366,1
58,2020-10-15 07:00:00,Neural Network,7,0.48836609253551927,0.473944150336117,2019-10-15 07:00:00,2020-10-15 07:00:00,2020-10-15 07:00:00,366,1
59,2020-10-15 07:00:00,Naive,7,0.48836609253551927,0.8662872313594137,2019-10-15 07:00:00,2020-10-15 07:00:00,2020-10-15 07:00:00,366,1
60,2020-10-16 07:00:00,Decision Tree,7,1.0873291416085862,1.1331071350644508,2019-10-16 07:00:00,2020-10-16 07:00:00,2020-10-16 07:00:00,366,1
61,2020-10-16 07:00:00,Random Forest,7,1.0873291416085862,1.0650585546752886,2019-10-16 07:00:00,2020-10-16 07:00:00,2020-10-16 07:00:00,366,1
62,2020-10-16 07:00:00,Neural Network,7,1.0873291416085862,1.039369375653359,2019-10-16 07:00:00,2020-10-16 07:00:00,2020-10-16 07:00:00,366,1
63,2020-10-16 07:00:00,Naive,7,1.0873291416085862,0.48836609253551927,2019-10-16 07:00:00,2020-10-16 07:00:00,2020-10-16 07:00:00,366,1
64,2020-10-17 07:00:00,Decision Tree,7,0.36160282396229,0.3242137272245392,2019-10-17 07:00:00,2020-10-17 07:00:00,2020-10-17 07:00:00,366,1
65,2020-10-17 07:00:00,Random Forest,7,0.36160282396229,0.34101960636741474,2019-10-17 07:00:00,2020-10-17 07:00:00,2020-10-17 07:00:00,366,1
66,2020-10-17 07:00:00,Neural Network,7,0.36160282396229,0.5090098880348708,2019-10-17 07:00:00,2020-10-17 07:00:00,2020-10-17 07:00:00,366,1
67,2020-10-17 07:00:00,Naive,7,0.36160282396229,1.0873291416085862,2019-10-17 07:00:00,2020-10-17 07:00:00,2020-10-17 07:00:00,366,1
68,2020-10-18 07:00:00,Decision Tree,7,-0.7324154254595786,-0.7089476696191872,2019-10-18 07:00:00,2020-10-18 07:00:00,2020-10-18 07:00:00,366,1
69,2020-10-18 07:00:00,Random Forest,7,-0.7324154254595786,-0.7161206906668905,2019-10-18 07:00:00,2020-10-18 07:00:00,2020-10-18 07:00:00,366,1
70,2020-10-18 07:00:00,Neural Network,7,-0.7324154254595786,-0.7027937209259149,2019-10-18 07:00:00,2020-10-18 07:00:00,2020-10-18 07:00:00,366,1
71,2020-10-18 07:00:00,Naive,7,-0.7324154254595786,0.36160282396229,2019-10-18 07:00:00,2020-10-18 07:00:00,2020-10-18 07:00:00,366,1
72,2020-10-19 07:00:00,Decision Tree,7,1.356066648699307,1.3373997233712864,2019-10-19 07:00:00,2020-10-19 07:00:00,2020-10-19 07:00:00,366,1
73,2020-10-19 07:00:00,Random Forest,7,1.356066648699307,1.3041358460134704,2019-10-19 07:00:00,2020-10-19 07:00:00,2020-10-19 07:00:00,366,1
74,2020-10-19 07:00:00,Neural Network,7,1.356066648699307,1.3485185224265588,2019-10-19 07:00:00,2020-10-19 07:00:00,2020-10-19 07:00:00,366,1
75,2020-10-19 07:00:00,Naive,7,1.356066648699307,-0.7324154254595786,2019-10-19 07:00:00,2020-10-19 07:00:00,2020-10-19 07:00:00,366,1
76,2020-10-20 07:00:00,Decision Tree,7,0.7841721119765538,0.7552580363786275,2019-10-20 07:00:00,2020-10-20 07:00:00,2020-10-20 07:00:00,366,1
77,2020-10-20 07:00:00,Random Forest,7,0.7841721119765538,0.7458357389975259,2019-10-20 07:00:00,2020-10-20 07:00:00,2020-10-20 07:00:00,366,1
78,2020-10-20 07:00:00,Neural Network,7,0.7841721119765538,0.8204975082303708,2019-10-20 07:00:00,2020-10-20 07:00:00,2020-10-20 07:00:00,366,1
79,2020-10-20 07:00:00,Naive,7,0.7841721119765538,1.356066648699307,2019-10-20 07:00:00,2020-10-20 07:00:00,2020-10-20 07:00:00,366,1
80,2020-10-21 07:00:00,Decision Tree,7,0.9024283771264043,0.8486199218454358,2019-10-21 07:00:00,2020-10-21 07:00:00,2020-10-21 07:00:00,366,1
81,2020-10-21 07:00:00,Random Forest,7,0.9024283771264043,0.8619667863681574,2019-10-21 07:00:00,2020-10-21 07:00:00,2020-10-21 07:00:00,366,1
82,2020-10-21 07:00:00,Neural Network,7,0.9024283771264043,0.8989442930324362,2019-10-21 07:00:00,2020-10-21 07:00:00,2020-10-21 07:00:00,366,1
83,2020-10-21 07:00:00,Naive,7,0.9024283771264043,0.7841721119765538,2019-10-21 07:00:00,2020-10-21 07:00:00,2020-10-21 07:00:00,366,1
84,2020-10-22 07:00:00,Decision Tree,7,0.6031451943481916,0.5956409887421215,2019-10-22 07:00:00,2020-10-22 07:00:00,2020-10-22 07:00:00,366,1
85,2020-10-22 07:00:00,Random Forest,7,0.6031451943481916,0.570696773981199,2019-10-22 07:00:00,2020-10-22 07:00:00,2020-10-22 07:00:00,366,1
86,2020-10-22 07:00:00,Neural Network,7,0.6031451943481916,0.42853650870030546,2019-10-22 07:00:00,2020-10-22 07:00:00,2020-10-22 07:00:00,366,1
87,2020-10-22 07:00:00,Naive,7,0.6031451943481916,0.9024283771264043,2019-10-22 07:00:00,2020-10-22 07:00:00,2020-10-22 07:00:00,366,1
88,2020-10-23 07:00:00,Decision Tree,7,1.0525873344549699,1.0156220084302654,2019-10-23 07:00:00,2020-10-23 07:00:00,2020-10-23 07:00:00,366,1
89,2020-10-23 07:00:00,Random Forest,7,1.0525873344549699,1.0065668064439313,2019-10-23 07:00:00,2020-10-23 07:00:00,2020-10-23 07:00:00,366,1
90,2020-10-23 07:00:00,Neural Network,7,1.0525873344549699,0.9753257580357163,2019-10-23 07:00:00,2020-10-23 07:00:00,2020-10-23 07:00:00,366,1
91,2020-10-23 07:00:00,Naive,7,1.0525873344549699,0.6031451943481916,2019-10-23 07:00:00,2020-10-23 07:00:00,2020-10-23 07:00:00,366,1
92,2020-10-24 07:00:00,Decision Tree,7,-0.3390608556651849,-0.36129276284927037,2019-10-24 07:00:00,2020-10-24 07:00:00,2020-10-24 07:00:00,366,1
93,2020-10-24 07:00:00,Random Forest,7,-0.3390608556651849,-0.342063377190062,2019-10-24 07:00:00,2020-10-24 07:00:00,2020-10-24 07:00:00,366,1
94,2020-10-24 07:00:00,Neural Network,7,-0.3390608556651849,-0.3617013950573401,2019-10-24 07:00:00,2020-10-24 07:00:00,2020-10-24 07:00:00,366,1
95,2020-10-24 07:00:00,Naive,7,-0.3390608556651849,1.0525873344549699,2019-10-24 07:00:00,2020-10-24 07:00:00,2020-10-24 07:00:00,366,1
96,2020-10-25 07:00:00,Decision Tree,7,-1.718848693611412,-1.7126588412327752,2019-10-25 07:00:00,2020-10-25 07:00:00,2020-10-25 07:00:00,366,1
97,2020-10-25 07:00:00,Random Forest,7,-1.718848693611412,-1.6871015833861829,2019-10-25 07:00:00,2020-10-25 07:00:00,2020-10-25 07:00:00,366,1
98,2020-10-25 07:00:00,Neural Network,7,-1.718848693611412,-1.63040605559686,2019-10-25 07:00:00,2020-10-25 07:00:00,2020-10-25 07:00:00,366,1
99,2020-10-25 07:00:00,Naive,7,-1.718848693611412,-0.3390608556651849,2019-10-25 07:00:00,2020-10-25 07:00:00,2020-10-25 07:00:00,366,1
100,2020-10-26 07:00:00,Decision Tree,7,0.6762169795072495,0.5964747893650183,2019-10-26 07:00:00,2020-10-26 07:00:00,2020-10-26 07:00:00,366,1
101,2020-10-26 07:00:00,Random Forest,7,0.6762169795072495,0.6216910156512421,2019-10-26 07:00:00,2020-10-26 07:00:00,2020-10-26 07:00:00,366,1
102,2020-10-26 07:00:00,Neural Network,7,0.6762169795072495,0.9507694429894089,2019-10-26 07:00:00,2020-10-26 07:00:00,2020-10-26 07:00:00,366,1
103,2020-10-26 07:00:00,Naive,7,0.6762169795072495,-1.718848693611412,2019-10-26 07:00:00,2020-10-26 07:00:00,2020-10-26 07:00:00,366,1
104,2020-10-27 07:00:00,Decision Tree,7,0.6555835673944782,0.5964747893650183,2019-10-27 07:00:00,2020-10-27 07:00:00,2020-10-27 07:00:00,366,1
105,2020-10-27 07:00:00,Random Forest,7,0.6555835673944782,0.6115111282112167,2019-10-27 07:00:00,2020-10-27 07:00:00,2020-10-27 07:00:00,366,1
106,2020-10-27 07:00:00,Neural Network,7,0.6555835673944782,0.7784718020175876,2019-10-27 07:00:00,2020-10-27 07:00:00,2020-10-27 07:00:00,366,1
107,2020-10-27 07:00:00,Naive,7,0.6555835673944782,0.6762169795072495,2019-10-27 07:00:00,2020-10-27 07:00:00,2020-10-27 07:00:00,366,1
108,2020-10-28 07:00:00,Decision Tree,7,0.6122573688333723,0.5726422086777688,2019-10-28 07:00:00,2020-10-28 07:00:00,2020-10-28 07:00:00,366,1
109,2020-10-28 07:00:00,Random Forest,7,0.6122573688333723,0.5894482048495905,2019-10-28 07:00:00,2020-10-28 07:00:00,2020-10-28 07:00:00,366,1
110,2020-10-28 07:00:00,Neural Network,7,0.6122573688333723,0.5520353752474574,2019-10-28 07:00:00,2020-10-28 07:00:00,2020-10-28 07:00:00,366,1
111,2020-10-28 07:00:00,Naive,7,0.6122573688333723,0.6555835673944782,2019-10-28 07:00:00,2020-10-28 07:00:00,2020-10-28 07:00:00,366,1
112,2020-10-29 07:00:00,Decision Tree,7,0.4339717139831587,0.38713139214082626,2019-10-29 07:00:00,2020-10-29 07:00:00,2020-10-29 07:00:00,366,1
113,2020-10-29 07:00:00,Random Forest,7,0.4339717139831587,0.3963861228382303,2019-10-29 07:00:00,2020-10-29 07:00:00,2020-10-29 07:00:00,366,1
114,2020-10-29 07:00:00,Neural Network,7,0.4339717139831587,0.330448905954175,2019-10-29 07:00:00,2020-10-29 07:00:00,2020-10-29 07:00:00,366,1
115,2020-10-29 07:00:00,Naive,7,0.4339717139831587,0.6122573688333723,2019-10-29 07:00:00,2020-10-29 07:00:00,2020-10-29 07:00:00,366,1
116,2020-10-30 07:00:00,Decision Tree,7,-0.08348750227209623,-0.13205193715408187,2019-10-30 07:00:00,2020-10-30 07:00:00,2020-10-30 07:00:00,366,1
117,2020-10-30 07:00:00,Random Forest,7,-0.08348750227209623,-0.11360023197678468,2019-10-30 07:00:00,2020-10-30 07:00:00,2020-10-30 07:00:00,366,1
118,2020-10-30 07:00:00,Neural Network,7,-0.08348750227209623,0.04947404203256604,2019-10-30 07:00:00,2020-10-30 07:00:00,2020-10-30 07:00:00,366,1
119,2020-10-30 07:00:00,Naive,7,-0.08348750227209623,0.4339717139831587,2019-10-30 07:00:00,2020-10-30 07:00:00,2020-10-30 07:00:00,366,1
120,2020-10-31 07:00:00,Decision Tree,7,-0.07551768263996025,-0.08343394526023017,2019-10-31 07:00:00,2020-10-31 07:00:00,2020-10-31 07:00:00,366,1
121,2020-10-31 07:00:00,Random Forest,7,-0.07551768263996025,-0.09629544587432996,2019-10-31 07:00:00,2020-10-31 07:00:00,2020-10-31 07:00:00,366,1
122,2020-10-31 07:00:00,Neural Network,7,-0.07551768263996025,0.0809628451484186,2019-10-31 07:00:00,2020-10-31 07:00:00,2020-10-31 07:00:00,366,1
123,2020-10-31 07:00:00,Naive,7,-0.07551768263996025,-0.08348750227209623,2019-10-31 07:00:00,2020-10-31 07:00:00,2020-10-31 07:00:00,366,1
124,2020-11-01 07:00:00,Decision Tree,7,-1.493935289535126,-1.5143576085551689,2019-11-01 07:00:00,2020-11-01 07:00:00,2020-11-01 07:00:00,366,1
125,2020-11-01 07:00:00,Random Forest,7,-1.493935289535126,-1.5047889550077038,2019-11-01 07:00:00,2020-11-01 07:00:00,2020-11-01 07:00:00,366,1
126,2020-11-01 07:00:00,Neural Network,7,-1.493935289535126,-1.2081805209082426,2019-11-01 07:00:00,2020-11-01 07:00:00,2020-11-01 07:00:00,366,1
127,2020-11-01 07:00:00,Naive,7,-1.493935289535126,-0.07551768263996025,2019-11-01 07:00:00,2020-11-01 07:00:00,2020-11-01 07:00:00,366,1
128,2020-11-02 07:00:00,Decision Tree,7,-0.13736676963750655,-0.18380765991990422,2019-11-02 07:00:00,2020-11-02 07:00:00,2020-11-02 07:00:00,366,1
129,2020-11-02 07:00:00,Random Forest,7,-0.13736676963750655,-0.1683886686710996,2019-11-02 07:00:00,2020-11-02 07:00:00,2020-11-02 07:00:00,366,1
130,2020-11-02 07:00:00,Neural Network,7,-0.13736676963750655,0.09253267125560267,2019-11-02 07:00:00,2020-11-02 07:00:00,2020-11-02 07:00:00,366,1
131,2020-11-02 07:00:00,Naive,7,-0.13736676963750655,-1.493935289535126,2019-11-02 07:00:00,2020-11-02 07:00:00,2020-11-02 07:00:00,366,1
132,2020-11-03 07:00:00,Decision Tree,7,0.5157029618759529,0.4531237443229688,2019-11-03 07:00:00,2020-11-03 07:00:00,2020-11-03 07:00:00,366,1
133,2020-11-03 07:00:00,Random Forest,7,0.5157029618759529,0.46792965109058304,2019-11-03 07:00:00,2020-11-03 07:00:00,2020-11-03 07:00:00,366,1
134,2020-11-03 07:00:00,Neural Network,7,0.5157029618759529,0.6419590733216936,2019-11-03 07:00:00,2020-11-03 07:00:00,2020-11-03 07:00:00,366,1
135,2020-11-03 07:00:00,Naive,7,0.5157029618759529,-0.13736676963750655,2019-11-03 07:00:00,2020-11-03 07:00:00,2020-11-03 07:00:00,366,1
136,2020-11-04 07:00:00,Decision Tree,7,0.7357493038504193,0.700752977243309,2019-11-04 07:00:00,2020-11-04 07:00:00,2020-11-04 07:00:00,366,1
137,2020-11-04 07:00:00,Random Forest,7,0.7357493038504193,0.689733989183272,2019-11-04 07:00:00,2020-11-04 07:00:00,2020-11-04 07:00:00,366,1
138,2020-11-04 07:00:00,Neural Network,7,0.7357493038504193,0.8754943216005902,2019-11-04 07:00:00,2020-11-04 07:00:00,2020-11-04 07:00:00,366,1
139,2020-11-04 07:00:00,Naive,7,0.7357493038504193,0.5157029618759529,2019-11-04 07:00:00,2020-11-04 07:00:00,2020-11-04 07:00:00,366,1
140,2020-11-05 07:00:00,Decision Tree,7,0.608624352442115,0.5770438931395027,2019-11-05 07:00:00,2020-11-05 07:00:00,2020-11-05 07:00:00,366,1
141,2020-11-05 07:00:00,Random Forest,7,0.608624352442115,0.5691528147753981,2019-11-05 07:00:00,2020-11-05 07:00:00,2020-11-05 07:00:00,366,1
142,2020-11-05 07:00:00,Neural Network,7,0.608624352442115,0.7084745598683121,2019-11-05 07:00:00,2020-11-05 07:00:00,2020-11-05 07:00:00,366,1
143,2020-11-05 07:00:00,Naive,7,0.608624352442115,0.7357493038504193,2019-11-05 07:00:00,2020-11-05 07:00:00,2020-11-05 07:00:00,366,1
144,2020-11-06 07:00:00,Decision Tree,7,0.8014862430195697,0.7386798942384128,2019-11-06 07:00:00,2020-11-06 07:00:00,2020-11-06 07:00:00,366,1
145,2020-11-06 07:00:00,Random Forest,7,0.8014862430195697,0.7385762099102046,2019-11-06 07:00:00,2020-11-06 07:00:00,2020-11-06 07:00:00,366,1
146,2020-11-06 07:00:00,Neural Network,7,0.8014862430195697,0.8642977894175033,2019-11-06 07:00:00,2020-11-06 07:00:00,2020-11-06 07:00:00,366,1
147,2020-11-06 07:00:00,Naive,7,0.8014862430195697,0.608624352442115,2019-11-06 07:00:00,2020-11-06 07:00:00,2020-11-06 07:00:00,366,1
148,2020-11-07 07:00:00,Decision Tree,7,-0.3339248048895822,-0.3383844567660634,2019-11-07 07:00:00,2020-11-07 07:00:00,2020-11-07 07:00:00,366,1
149,2020-11-07 07:00:00,Random Forest,7,-0.3339248048895822,-0.36014503671459325,2019-11-07 07:00:00,2020-11-07 07:00:00,2020-11-07 07:00:00,366,1
150,2020-11-07 07:00:00,Neural Network,7,-0.3339248048895822,0.02078672047450355,2019-11-07 07:00:00,2020-11-07 07:00:00,2020-11-07 07:00:00,366,1
151,2020-11-07 07:00:00,Naive,7,-0.3339248048895822,0.8014862430195697,2019-11-07 07:00:00,2020-11-07 07:00:00,2020-11-07 07:00:00,366,1
152,2020-11-08 07:00:00,Decision Tree,7,-0.11066421885883823,-0.16625368946008906,2019-11-08 07:00:00,2020-11-08 07:00:00,2020-11-08 07:00:00,366,1
153,2020-11-08 07:00:00,Random Forest,7,-0.11066421885883823,-0.14501325669831117,2019-11-08 07:00:00,2020-11-08 07:00:00,2020-11-08 07:00:00,366,1
154,2020-11-08 07:00:00,Neural Network,7,-0.11066421885883823,-0.048567631455466206,2019-11-08 07:00:00,2020-11-08 07:00:00,2020-11-08 07:00:00,366,1
155,2020-11-08 07:00:00,Naive,7,-0.11066421885883823,-0.3339248048895822,2019-11-08 07:00:00,2020-11-08 07:00:00,2020-11-08 07:00:00,366,1
156,2020-11-09 07:00:00,Decision Tree,7,0.8724997727551742,0.801212448266435,2019-11-09 07:00:00,2020-11-09 07:00:00,2020-11-09 07:00:00,366,1
157,2020-11-09 07:00:00,Random Forest,7,0.8724997727551742,0.8005701662813767,2019-11-09 07:00:00,2020-11-09 07:00:00,2020-11-09 07:00:00,366,1
158,2020-11-09 07:00:00,Neural Network,7,0.8724997727551742,0.9422921599485294,2019-11-09 07:00:00,2020-11-09 07:00:00,2020-11-09 07:00:00,366,1
159,2020-11-09 07:00:00,Naive,7,0.8724997727551742,-0.11066421885883823,2019-11-09 07:00:00,2020-11-09 07:00:00,2020-11-09 07:00:00,366,1
160,2020-11-10 07:00:00,Decision Tree,7,0.9410531010656825,0.9086197624946528,2019-11-10 07:00:00,2020-11-10 07:00:00,2020-11-10 07:00:00,366,1
161,2020-11-10 07:00:00,Random Forest,7,0.9410531010656825,0.8886598613379266,2019-11-10 07:00:00,2020-11-10 07:00:00,2020-11-10 07:00:00,366,1
162,2020-11-10 07:00:00,Neural Network,7,0.9410531010656825,1.108268275727917,2019-11-10 07:00:00,2020-11-10 07:00:00,2020-11-10 07:00:00,366,1
163,2020-11-10 07:00:00,Naive,7,0.9410531010656825,0.8724997727551742,2019-11-10 07:00:00,2020-11-10 07:00:00,2020-11-10 07:00:00,366,1
164,2020-11-11 07:00:00,Decision Tree,7,0.9739303215477295,0.9126739298160316,2019-11-11 07:00:00,2020-11-11 07:00:00,2020-11-11 07:00:00,366,1
165,2020-11-11 07:00:00,Random Forest,7,0.9739303215477295,0.9182046657900708,2019-11-11 07:00:00,2020-11-11 07:00:00,2020-11-11 07:00:00,366,1
166,2020-11-11 07:00:00,Neural Network,7,0.9739303215477295,1.182166394851702,2019-11-11 07:00:00,2020-11-11 07:00:00,2020-11-11 07:00:00,366,1
167,2020-11-11 07:00:00,Naive,7,0.9739303215477295,0.9410531010656825,2019-11-11 07:00:00,2020-11-11 07:00:00,2020-11-11 07:00:00,366,1
168,2020-11-12 07:00:00,Decision Tree,7,0.7096582583118406,0.6457022571693697,2019-11-12 07:00:00,2020-11-12 07:00:00,2020-11-12 07:00:00,366,1
169,2020-11-12 07:00:00,Random Forest,7,0.7096582583118406,0.6466023613457728,2019-11-12 07:00:00,2020-11-12 07:00:00,2020-11-12 07:00:00,366,1
170,2020-11-12 07:00:00,Neural Network,7,0.7096582583118406,0.7363734454702461,2019-11-12 07:00:00,2020-11-12 07:00:00,2020-11-12 07:00:00,366,1
171,2020-11-12 07:00:00,Naive,7,0.7096582583118406,0.9739303215477295,2019-11-12 07:00:00,2020-11-12 07:00:00,2020-11-12 07:00:00,366,1
172,2020-11-13 07:00:00,Decision Tree,7,0.7427204620038108,0.7056309336517137,2019-11-13 07:00:00,2020-11-13 07:00:00,2020-11-13 07:00:00,366,1
173,2020-11-13 07:00:00,Random Forest,7,0.7427204620038108,0.7034117027471306,2019-11-13 07:00:00,2020-11-13 07:00:00,2020-11-13 07:00:00,366,1
174,2020-11-13 07:00:00,Neural Network,7,0.7427204620038108,0.753154203690494,2019-11-13 07:00:00,2020-11-13 07:00:00,2020-11-13 07:00:00,366,1
175,2020-11-13 07:00:00,Naive,7,0.7427204620038108,0.7096582583118406,2019-11-13 07:00:00,2020-11-13 07:00:00,2020-11-13 07:00:00,366,1
176,2020-11-14 07:00:00,Decision Tree,7,0.167561806617523,0.11505173720950683,2019-11-14 07:00:00,2020-11-14 07:00:00,2020-11-14 07:00:00,366,1
177,2020-11-14 07:00:00,Random Forest,7,0.167561806617523,0.11202928336818281,2019-11-14 07:00:00,2020-11-14 07:00:00,2020-11-14 07:00:00,366,1
178,2020-11-14 07:00:00,Neural Network,7,0.167561806617523,0.23387128447933464,2019-11-14 07:00:00,2020-11-14 07:00:00,2020-11-14 07:00:00,366,1
179,2020-11-14 07:00:00,Naive,7,0.167561806617523,0.7427204620038108,2019-11-14 07:00:00,2020-11-14 07:00:00,2020-11-14 07:00:00,366,1
180,2020-11-15 07:00:00,Decision Tree,7,-1.5675912433335033,-1.5109538887184952,2019-11-15 07:00:00,2020-11-15 07:00:00,2020-11-15 07:00:00,366,1
181,2020-11-15 07:00:00,Random Forest,7,-1.5675912433335033,-1.5249265697838084,2019-11-15 07:00:00,2020-11-15 07:00:00,2020-11-15 07:00:00,366,1
182,2020-11-15 07:00:00,Neural Network,7,-1.5675912433335033,-1.4612487852735487,2019-11-15 07:00:00,2020-11-15 07:00:00,2020-11-15 07:00:00,366,1
183,2020-11-15 07:00:00,Naive,7,-1.5675912433335033,0.167561806617523,2019-11-15 07:00:00,2020-11-15 07:00:00,2020-11-15 07:00:00,366,1
184,2020-11-16 07:00:00,Decision Tree,7,0.4343950733879308,0.3578401037500455,2019-11-16 07:00:00,2020-11-16 07:00:00,2020-11-16 07:00:00,366,1
185,2020-11-16 07:00:00,Random Forest,7,0.4343950733879308,0.3534566098268349,2019-11-16 07:00:00,2020-11-16 07:00:00,2020-11-16 07:00:00,366,1
186,2020-11-16 07:00:00,Neural Network,7,0.4343950733879308,0.5201606865726697,2019-11-16 07:00:00,2020-11-16 07:00:00,2020-11-16 07:00:00,366,1
187,2020-11-16 07:00:00,Naive,7,0.4343950733879308,-1.5675912433335033,2019-11-16 07:00:00,2020-11-16 07:00:00,2020-11-16 07:00:00,366,1
188,2020-11-17 07:00:00,Decision Tree,7,0.48768922428723827,0.4127734919341777,2019-11-17 07:00:00,2020-11-17 07:00:00,2020-11-17 07:00:00,366,1
189,2020-11-17 07:00:00,Random Forest,7,0.48768922428723827,0.41769680725467634,2019-11-17 07:00:00,2020-11-17 07:00:00,2020-11-17 07:00:00,366,1
190,2020-11-17 07:00:00,Neural Network,7,0.48768922428723827,0.558303217991889,2019-11-17 07:00:00,2020-11-17 07:00:00,2020-11-17 07:00:00,366,1
191,2020-11-17 07:00:00,Naive,7,0.48768922428723827,0.4343950733879308,2019-11-17 07:00:00,2020-11-17 07:00:00,2020-11-17 07:00:00,366,1
192,2020-11-18 07:00:00,Decision Tree,7,0.7300535621851482,0.7184745766989996,2019-11-18 07:00:00,2020-11-18 07:00:00,2020-11-18 07:00:00,366,1
193,2020-11-18 07:00:00,Random Forest,7,0.7300535621851482,0.692712638845584,2019-11-18 07:00:00,2020-11-18 07:00:00,2020-11-18 07:00:00,366,1
194,2020-11-18 07:00:00,Neural Network,7,0.7300535621851482,0.7150277527799547,2019-11-18 07:00:00,2020-11-18 07:00:00,2020-11-18 07:00:00,366,1
195,2020-11-18 07:00:00,Naive,7,0.7300535621851482,0.48768922428723827,2019-11-18 07:00:00,2020-11-18 07:00:00,2020-11-18 07:00:00,366,1
196,2020-11-19 07:00:00,Decision Tree,7,0.21852126715812975,0.1543257737914826,2019-11-19 07:00:00,2020-11-19 07:00:00,2020-11-19 07:00:00,366,1
197,2020-11-19 07:00:00,Random Forest,7,0.21852126715812975,0.14905749260810905,2019-11-19 07:00:00,2020-11-19 07:00:00,2020-11-19 07:00:00,366,1
198,2020-11-19 07:00:00,Neural Network,7,0.21852126715812975,0.2653053810159467,2019-11-19 07:00:00,2020-11-19 07:00:00,2020-11-19 07:00:00,366,1
199,2020-11-19 07:00:00,Naive,7,0.21852126715812975,0.7300535621851482,2019-11-19 07:00:00,2020-11-19 07:00:00,2020-11-19 07:00:00,366,1
200,2020-11-20 07:00:00,Decision Tree,7,0.8930343921548585,0.8223154824289777,2019-11-20 07:00:00,2020-11-20 07:00:00,2020-11-20 07:00:00,366,1
201,2020-11-20 07:00:00,Random Forest,7,0.8930343921548585,0.8312187971626764,2019-11-20 07:00:00,2020-11-20 07:00:00,2020-11-20 07:00:00,366,1
202,2020-11-20 07:00:00,Neural Network,7,0.8930343921548585,0.759600131856439,2019-11-20 07:00:00,2020-11-20 07:00:00,2020-11-20 07:00:00,366,1
203,2020-11-20 07:00:00,Naive,7,0.8930343921548585,0.21852126715812975,2019-11-20 07:00:00,2020-11-20 07:00:00,2020-11-20 07:00:00,366,1
204,2020-11-21 07:00:00,Decision Tree,7,-0.4793964208760377,-0.5280235762733007,2019-11-21 07:00:00,2020-11-21 07:00:00,2020-11-21 07:00:00,366,1
205,2020-11-21 07:00:00,Random Forest,7,-0.4793964208760377,-0.5070036860660507,2019-11-21 07:00:00,2020-11-21 07:00:00,2020-11-21 07:00:00,366,1
206,2020-11-21 07:00:00,Neural Network,7,-0.4793964208760377,-0.46021498430878366,2019-11-21 07:00:00,2020-11-21 07:00:00,2020-11-21 07:00:00,366,1
207,2020-11-21 07:00:00,Naive,7,-0.4793964208760377,0.8930343921548585,2019-11-21 07:00:00,2020-11-21 07:00:00,2020-11-21 07:00:00,366,1
208,2020-11-22 07:00:00,Decision Tree,7,-1.3513510573687992,-1.3204912544762286,2019-11-22 07:00:00,2020-11-22 07:00:00,2020-11-22 07:00:00,366,1
209,2020-11-22 07:00:00,Random Forest,7,-1.3513510573687992,-1.3246460375210494,2019-11-22 07:00:00,2020-11-22 07:00:00,2020-11-22 07:00:00,366,1
210,2020-11-22 07:00:00,Neural Network,7,-1.3513510573687992,-1.3444571786319288,2019-11-22 07:00:00,2020-11-22 07:00:00,2020-11-22 07:00:00,366,1
211,2020-11-22 07:00:00,Naive,7,-1.3513510573687992,-0.4793964208760377,2019-11-22 07:00:00,2020-11-22 07:00:00,2020-11-22 07:00:00,366,1
212,2020-11-23 07:00:00,Decision Tree,7,1.1918737252469553,1.1433399641038569,2019-11-23 07:00:00,2020-11-23 07:00:00,2020-11-23 07:00:00,366,1
213,2020-11-23 07:00:00,Random Forest,7,1.1918737252469553,1.1151969832132467,2019-11-23 07:00:00,2020-11-23 07:00:00,2020-11-23 07:00:00,366,1
214,2020-11-23 07:00:00,Neural Network,7,1.1918737252469553,1.1626634780936833,2019-11-23 07:00:00,2020-11-23 07:00:00,2020-11-23 07:00:00,366,1
215,2020-11-23 07:00:00,Naive,7,1.1918737252469553,-1.3513510573687992,2019-11-23 07:00:00,2020-11-23 07:00:00,2020-11-23 07:00:00,366,1
216,2020-11-24 07:00:00,Decision Tree,7,0.8410975731271435,0.7771209631204005,2019-11-24 07:00:00,2020-11-24 07:00:00,2020-11-24 07:00:00,366,1
217,2020-11-24 07:00:00,Random Forest,7,0.8410975731271435,0.7715519038559593,2019-11-24 07:00:00,2020-11-24 07:00:00,2020-11-24 07:00:00,366,1
218,2020-11-24 07:00:00,Neural Network,7,0.8410975731271435,0.9331296063946856,2019-11-24 07:00:00,2020-11-24 07:00:00,2020-11-24 07:00:00,366,1
219,2020-11-24 07:00:00,Naive,7,0.8410975731271435,1.1918737252469553,2019-11-24 07:00:00,2020-11-24 07:00:00,2020-11-24 07:00:00,366,1
220,2020-11-25 07:00:00,Decision Tree,7,1.103933889325971,0.9929043756294721,2019-11-25 07:00:00,2020-11-25 07:00:00,2020-11-25 07:00:00,366,1
221,2020-11-25 07:00:00,Random Forest,7,1.103933889325971,1.0046141510733992,2019-11-25 07:00:00,2020-11-25 07:00:00,2020-11-25 07:00:00,366,1
222,2020-11-25 07:00:00,Neural Network,7,1.103933889325971,1.0196182975029486,2019-11-25 07:00:00,2020-11-25 07:00:00,2020-11-25 07:00:00,366,1
223,2020-11-25 07:00:00,Naive,7,1.103933889325971,0.8410975731271435,2019-11-25 07:00:00,2020-11-25 07:00:00,2020-11-25 07:00:00,366,1
224,2020-11-26 07:00:00,Decision Tree,7,1.3810507001644292,1.3452542091309059,2019-11-26 07:00:00,2020-11-26 07:00:00,2020-11-26 07:00:00,366,1
225,2020-11-26 07:00:00,Random Forest,7,1.3810507001644292,1.2741101646006452,2019-11-26 07:00:00,2020-11-26 07:00:00,2020-11-26 07:00:00,366,1
226,2020-11-26 07:00:00,Neural Network,7,1.3810507001644292,1.3688399959789175,2019-11-26 07:00:00,2020-11-26 07:00:00,2020-11-26 07:00:00,366,1
227,2020-11-26 07:00:00,Naive,7,1.3810507001644292,1.103933889325971,2019-11-26 07:00:00,2020-11-26 07:00:00,2020-11-26 07:00:00,366,1
228,2020-11-27 07:00:00,Decision Tree,7,1.8593969278510363,1.644392534704718,2019-11-27 07:00:00,2020-11-27 07:00:00,2020-11-27 07:00:00,366,1
229,2020-11-27 07:00:00,Random Forest,7,1.8593969278510363,1.6194301814564624,2019-11-27 07:00:00,2020-11-27 07:00:00,2020-11-27 07:00:00,366,1
230,2020-11-27 07:00:00,Neural Network,7,1.8593969278510363,2.087321554624388,2019-11-27 07:00:00,2020-11-27 07:00:00,2020-11-27 07:00:00,366,1
231,2020-11-27 07:00:00,Naive,7,1.8593969278510363,1.3810507001644292,2019-11-27 07:00:00,2020-11-27 07:00:00,2020-11-27 07:00:00,366,1
232,2020-11-28 07:00:00,Decision Tree,7,0.6881989655481655,0.5968003515830462,2019-11-28 07:00:00,2020-11-28 07:00:00,2020-11-28 07:00:00,366,1
233,2020-11-28 07:00:00,Random Forest,7,0.6881989655481655,0.5969394561777942,2019-11-28 07:00:00,2020-11-28 07:00:00,2020-11-28 07:00:00,366,1
234,2020-11-28 07:00:00,Neural Network,7,0.6881989655481655,0.6544303283838788,2019-11-28 07:00:00,2020-11-28 07:00:00,2020-11-28 07:00:00,366,1
235,2020-11-28 07:00:00,Naive,7,0.6881989655481655,1.8593969278510363,2019-11-28 07:00:00,2020-11-28 07:00:00,2020-11-28 07:00:00,366,1
236,2020-11-29 07:00:00,Decision Tree,7,0.3984414332202732,0.2900278352368923,2019-11-29 07:00:00,2020-11-29 07:00:00,2020-11-29 07:00:00,366,1
237,2020-11-29 07:00:00,Random Forest,7,0.3984414332202732,0.31578987821624854,2019-11-29 07:00:00,2020-11-29 07:00:00,2020-11-29 07:00:00,366,1
238,2020-11-29 07:00:00,Neural Network,7,0.3984414332202732,0.26439670969331114,2019-11-29 07:00:00,2020-11-29 07:00:00,2020-11-29 07:00:00,366,1
239,2020-11-29 07:00:00,Naive,7,0.3984414332202732,0.6881989655481655,2019-11-29 07:00:00,2020-11-29 07:00:00,2020-11-29 07:00:00,366,1
240,2020-11-30 07:00:00,Decision Tree,7,1.7042308334338894,1.6751074480113353,2019-11-30 07:00:00,2020-11-30 07:00:00,2020-11-30 07:00:00,366,1
241,2020-11-30 07:00:00,Random Forest,7,1.7042308334338894,1.6314643327735194,2019-11-30 07:00:00,2020-11-30 07:00:00,2020-11-30 07:00:00,366,1
242,2020-11-30 07:00:00,Neural Network,7,1.7042308334338894,1.880012081576318,2019-11-30 07:00:00,2020-11-30 07:00:00,2020-11-30 07:00:00,366,1
243,2020-11-30 07:00:00,Naive,7,1.7042308334338894,0.3984414332202732,2019-11-30 07:00:00,2020-11-30 07:00:00,2020-11-30 07:00:00,366,1
244,2020-12-01 07:00:00,Decision Tree,7,1.1883991689861106,1.1430679895203328,2019-12-01 07:00:00,2020-12-01 07:00:00,2020-12-01 07:00:00,366,1
245,2020-12-01 07:00:00,Random Forest,7,1.1883991689861106,1.1351689167636672,2019-12-01 07:00:00,2020-12-01 07:00:00,2020-12-01 07:00:00,366,1
246,2020-12-01 07:00:00,Neural Network,7,1.1883991689861106,1.155507257321854,2019-12-01 07:00:00,2020-12-01 07:00:00,2020-12-01 07:00:00,366,1
247,2020-12-01 07:00:00,Naive,7,1.1883991689861106,1.7042308334338894,2019-12-01 07:00:00,2020-12-01 07:00:00,2020-12-01 07:00:00,366,1
248,2020-12-02 07:00:00,Decision Tree,7,2.0070711663615826,1.6787478711891544,2019-12-02 07:00:00,2020-12-02 07:00:00,2020-12-02 07:00:00,366,1
249,2020-12-02 07:00:00,Random Forest,7,2.0070711663615826,1.7454214279490055,2019-12-02 07:00:00,2020-12-02 07:00:00,2020-12-02 07:00:00,366,1
250,2020-12-02 07:00:00,Neural Network,7,2.0070711663615826,2.337746276731927,2019-12-02 07:00:00,2020-12-02 07:00:00,2020-12-02 07:00:00,366,1
251,2020-12-02 07:00:00,Naive,7,2.0070711663615826,1.1883991689861106,2019-12-02 07:00:00,2020-12-02 07:00:00,2020-12-02 07:00:00,366,1
252,2020-12-03 07:00:00,Decision Tree,7,1.3848791087225532,1.3512202909698263,2019-12-03 07:00:00,2020-12-03 07:00:00,2020-12-03 07:00:00,366,1
253,2020-12-03 07:00:00,Random Forest,7,1.3848791087225532,1.3362450341953236,2019-12-03 07:00:00,2020-12-03 07:00:00,2020-12-03 07:00:00,366,1
254,2020-12-03 07:00:00,Neural Network,7,1.3848791087225532,1.2285032238662492,2019-12-03 07:00:00,2020-12-03 07:00:00,2020-12-03 07:00:00,366,1
255,2020-12-03 07:00:00,Naive,7,1.3848791087225532,2.0070711663615826,2019-12-03 07:00:00,2020-12-03 07:00:00,2020-12-03 07:00:00,366,1
256,2020-12-04 07:00:00,Decision Tree,7,-0.1352391500825572,-0.17733543667253907,2019-12-04 07:00:00,2020-12-04 07:00:00,2020-12-04 07:00:00,366,1
257,2020-12-04 07:00:00,Random Forest,7,-0.1352391500825572,-0.1842445419820896,2019-12-04 07:00:00,2020-12-04 07:00:00,2020-12-04 07:00:00,366,1
258,2020-12-04 07:00:00,Neural Network,7,-0.1352391500825572,0.13492884654275505,2019-12-04 07:00:00,2020-12-04 07:00:00,2020-12-04 07:00:00,366,1
259,2020-12-04 07:00:00,Naive,7,-0.1352391500825572,1.3848791087225532,2019-12-04 07:00:00,2020-12-04 07:00:00,2020-12-04 07:00:00,366,1
260,2020-12-05 07:00:00,Decision Tree,7,0.26793840493557614,0.1967562078146421,2019-12-05 07:00:00,2020-12-05 07:00:00,2020-12-05 07:00:00,366,1
261,2020-12-05 07:00:00,Random Forest,7,0.26793840493557614,0.1936815565598215,2019-12-05 07:00:00,2020-12-05 07:00:00,2020-12-05 07:00:00,366,1
262,2020-12-05 07:00:00,Neural Network,7,0.26793840493557614,0.45377851789610824,2019-12-05 07:00:00,2020-12-05 07:00:00,2020-12-05 07:00:00,366,1
263,2020-12-05 07:00:00,Naive,7,0.26793840493557614,-0.1352391500825572,2019-12-05 07:00:00,2020-12-05 07:00:00,2020-12-05 07:00:00,366,1
264,2020-12-06 07:00:00,Decision Tree,7,0.19906391692526612,0.1262328461883818,2019-12-06 07:00:00,2020-12-06 07:00:00,2020-12-06 07:00:00,366,1
265,2020-12-06 07:00:00,Random Forest,7,0.19906391692526612,0.1467024916605471,2019-12-06 07:00:00,2020-12-06 07:00:00,2020-12-06 07:00:00,366,1
266,2020-12-06 07:00:00,Neural Network,7,0.19906391692526612,0.2307146085209874,2019-12-06 07:00:00,2020-12-06 07:00:00,2020-12-06 07:00:00,366,1
267,2020-12-06 07:00:00,Naive,7,0.19906391692526612,0.26793840493557614,2019-12-06 07:00:00,2020-12-06 07:00:00,2020-12-06 07:00:00,366,1
268,2020-12-07 07:00:00,Decision Tree,7,1.3133221935595742,1.2252036451422015,2019-12-07 07:00:00,2020-12-07 07:00:00,2020-12-07 07:00:00,366,1
269,2020-12-07 07:00:00,Random Forest,7,1.3133221935595742,1.219187230769591,2019-12-07 07:00:00,2020-12-07 07:00:00,2020-12-07 07:00:00,366,1
270,2020-12-07 07:00:00,Neural Network,7,1.3133221935595742,1.1811997326790131,2019-12-07 07:00:00,2020-12-07 07:00:00,2020-12-07 07:00:00,366,1
271,2020-12-07 07:00:00,Naive,7,1.3133221935595742,0.19906391692526612,2019-12-07 07:00:00,2020-12-07 07:00:00,2020-12-07 07:00:00,366,1
272,2020-12-08 07:00:00,Decision Tree,7,1.6446699932743334,1.7400761363212607,2019-12-08 07:00:00,2020-12-08 07:00:00,2020-12-08 07:00:00,366,1
273,2020-12-08 07:00:00,Random Forest,7,1.6446699932743334,1.670286255491102,2019-12-08 07:00:00,2020-12-08 07:00:00,2020-12-08 07:00:00,366,1
274,2020-12-08 07:00:00,Neural Network,7,1.6446699932743334,1.7692179097898344,2019-12-08 07:00:00,2020-12-08 07:00:00,2020-12-08 07:00:00,366,1
275,2020-12-08 07:00:00,Naive,7,1.6446699932743334,1.3133221935595742,2019-12-08 07:00:00,2020-12-08 07:00:00,2020-12-08 07:00:00,366,1
276,2020-12-09 07:00:00,Decision Tree,7,1.6713408578543523,1.7294754537604908,2019-12-09 07:00:00,2020-12-09 07:00:00,2020-12-09 07:00:00,366,1
277,2020-12-09 07:00:00,Random Forest,7,1.6713408578543523,1.677940236267709,2019-12-09 07:00:00,2020-12-09 07:00:00,2020-12-09 07:00:00,366,1
278,2020-12-09 07:00:00,Neural Network,7,1.6713408578543523,1.6796230520814033,2019-12-09 07:00:00,2020-12-09 07:00:00,2020-12-09 07:00:00,366,1
279,2020-12-09 07:00:00,Naive,7,1.6713408578543523,1.6446699932743334,2019-12-09 07:00:00,2020-12-09 07:00:00,2020-12-09 07:00:00,366,1
280,2020-12-10 07:00:00,Decision Tree,7,1.7731369490957896,1.6445169893718414,2019-12-10 07:00:00,2020-12-10 07:00:00,2020-12-10 07:00:00,366,1
281,2020-12-10 07:00:00,Random Forest,7,1.7731369490957896,1.755043227613227,2019-12-10 07:00:00,2020-12-10 07:00:00,2020-12-10 07:00:00,366,1
282,2020-12-10 07:00:00,Neural Network,7,1.7731369490957896,1.872686439206757,2019-12-10 07:00:00,2020-12-10 07:00:00,2020-12-10 07:00:00,366,1
283,2020-12-10 07:00:00,Naive,7,1.7731369490957896,1.6713408578543523,2019-12-10 07:00:00,2020-12-10 07:00:00,2020-12-10 07:00:00,366,1
284,2020-12-11 07:00:00,Decision Tree,7,1.0922710796404511,1.0653784764367742,2019-12-11 07:00:00,2020-12-11 07:00:00,2020-12-11 07:00:00,366,1
285,2020-12-11 07:00:00,Random Forest,7,1.0922710796404511,1.031887446145268,2019-12-11 07:00:00,2020-12-11 07:00:00,2020-12-11 07:00:00,366,1
286,2020-12-11 07:00:00,Neural Network,7,1.0922710796404511,0.9042314807350353,2019-12-11 07:00:00,2020-12-11 07:00:00,2020-12-11 07:00:00,366,1
287,2020-12-11 07:00:00,Naive,7,1.0922710796404511,1.7731369490957896,2019-12-11 07:00:00,2020-12-11 07:00:00,2020-12-11 07:00:00,366,1
288,2020-12-12 07:00:00,Decision Tree,7,0.21963629836116647,0.16107037203019373,2019-12-12 07:00:00,2020-12-12 07:00:00,2020-12-12 07:00:00,366,1
289,2020-12-12 07:00:00,Random Forest,7,0.21963629836116647,0.17800774934712355,2019-12-12 07:00:00,2020-12-12 07:00:00,2020-12-12 07:00:00,366,1
290,2020-12-12 07:00:00,Neural Network,7,0.21963629836116647,0.37755892291295995,2019-12-12 07:00:00,2020-12-12 07:00:00,2020-12-12 07:00:00,366,1
291,2020-12-12 07:00:00,Naive,7,0.21963629836116647,1.0922710796404511,2019-12-12 07:00:00,2020-12-12 07:00:00,2020-12-12 07:00:00,366,1
292,2020-12-13 07:00:00,Decision Tree,7,0.19089684017611713,0.1334975038280388,2019-12-13 07:00:00,2020-12-13 07:00:00,2020-12-13 07:00:00,366,1
293,2020-12-13 07:00:00,Random Forest,7,0.19089684017611713,0.16946396653366197,2019-12-13 07:00:00,2020-12-13 07:00:00,2020-12-13 07:00:00,366,1
294,2020-12-13 07:00:00,Neural Network,7,0.19089684017611713,0.25646408402088783,2019-12-13 07:00:00,2020-12-13 07:00:00,2020-12-13 07:00:00,366,1
295,2020-12-13 07:00:00,Naive,7,0.19089684017611713,0.21963629836116647,2019-12-13 07:00:00,2020-12-13 07:00:00,2020-12-13 07:00:00,366,1
296,2020-12-14 07:00:00,Decision Tree,7,0.6227555640697787,0.5292652733298508,2019-12-14 07:00:00,2020-12-14 07:00:00,2020-12-14 07:00:00,366,1
297,2020-12-14 07:00:00,Random Forest,7,0.6227555640697787,0.5322857362060849,2019-12-14 07:00:00,2020-12-14 07:00:00,2020-12-14 07:00:00,366,1
298,2020-12-14 07:00:00,Neural Network,7,0.6227555640697787,0.7635646495613936,2019-12-14 07:00:00,2020-12-14 07:00:00,2020-12-14 07:00:00,366,1
299,2020-12-14 07:00:00,Naive,7,0.6227555640697787,0.19089684017611713,2019-12-14 07:00:00,2020-12-14 07:00:00,2020-12-14 07:00:00,366,1
300,2020-12-15 07:00:00,Decision Tree,7,1.0435689544133109,0.9637593063243495,2019-12-15 07:00:00,2020-12-15 07:00:00,2020-12-15 07:00:00,366,1
301,2020-12-15 07:00:00,Random Forest,7,1.0435689544133109,0.9664047317990704,2019-12-15 07:00:00,2020-12-15 07:00:00,2020-12-15 07:00:00,366,1
302,2020-12-15 07:00:00,Neural Network,7,1.0435689544133109,1.0187705871539108,2019-12-15 07:00:00,2020-12-15 07:00:00,2020-12-15 07:00:00,366,1
303,2020-12-15 07:00:00,Naive,7,1.0435689544133109,0.6227555640697787,2019-12-15 07:00:00,2020-12-15 07:00:00,2020-12-15 07:00:00,366,1
304,2020-12-16 07:00:00,Decision Tree,7,1.4916833768958178,1.35602869350593,2019-12-16 07:00:00,2020-12-16 07:00:00,2020-12-16 07:00:00,366,1
305,2020-12-16 07:00:00,Random Forest,7,1.4916833768958178,1.381473092173515,2019-12-16 07:00:00,2020-12-16 07:00:00,2020-12-16 07:00:00,366,1
306,2020-12-16 07:00:00,Neural Network,7,1.4916833768958178,1.4461305107212008,2019-12-16 07:00:00,2020-12-16 07:00:00,2020-12-16 07:00:00,366,1
307,2020-12-16 07:00:00,Naive,7,1.4916833768958178,1.0435689544133109,2019-12-16 07:00:00,2020-12-16 07:00:00,2020-12-16 07:00:00,366,1
308,2020-12-17 07:00:00,Decision Tree,7,1.009806527212989,0.9216035134927225,2019-12-17 07:00:00,2020-12-17 07:00:00,2020-12-17 07:00:00,366,1
309,2020-12-17 07:00:00,Random Forest,7,1.009806527212989,0.9377358298668038,2019-12-17 07:00:00,2020-12-17 07:00:00,2020-12-17 07:00:00,366,1
310,2020-12-17 07:00:00,Neural Network,7,1.009806527212989,0.8756894709483565,2019-12-17 07:00:00,2020-12-17 07:00:00,2020-12-17 07:00:00,366,1
311,2020-12-17 07:00:00,Naive,7,1.009806527212989,1.4916833768958178,2019-12-17 07:00:00,2020-12-17 07:00:00,2020-12-17 07:00:00,366,1
312,2020-12-18 07:00:00,Decision Tree,7,1.0074146477376804,0.9824954282794095,2019-12-18 07:00:00,2020-12-18 07:00:00,2020-12-18 07:00:00,366,1
313,2020-12-18 07:00:00,Random Forest,7,1.0074146477376804,0.975157724067564,2019-12-18 07:00:00,2020-12-18 07:00:00,2020-12-18 07:00:00,366,1
314,2020-12-18 07:00:00,Neural Network,7,1.0074146477376804,0.8359817570437886,2019-12-18 07:00:00,2020-12-18 07:00:00,2020-12-18 07:00:00,366,1
315,2020-12-18 07:00:00,Naive,7,1.0074146477376804,1.009806527212989,2019-12-18 07:00:00,2020-12-18 07:00:00,2020-12-18 07:00:00,366,1
316,2020-12-19 07:00:00,Decision Tree,7,-0.6562535328876217,-0.6503881170647755,2019-12-19 07:00:00,2020-12-19 07:00:00,2020-12-19 07:00:00,366,1
317,2020-12-19 07:00:00,Random Forest,7,-0.6562535328876217,-0.651608414983097,2019-12-19 07:00:00,2020-12-19 07:00:00,2020-12-19 07:00:00,366,1
318,2020-12-19 07:00:00,Neural Network,7,-0.6562535328876217,-0.3663938313797891,2019-12-19 07:00:00,2020-12-19 07:00:00,2020-12-19 07:00:00,366,1
319,2020-12-19 07:00:00,Naive,7,-0.6562535328876217,1.0074146477376804,2019-12-19 07:00:00,2020-12-19 07:00:00,2020-12-19 07:00:00,366,1
320,2020-12-20 07:00:00,Decision Tree,7,-0.24538053222553685,-0.2999731561177978,2019-12-20 07:00:00,2020-12-20 07:00:00,2020-12-20 07:00:00,366,1
321,2020-12-20 07:00:00,Random Forest,7,-0.24538053222553685,-0.28582233428759274,2019-12-20 07:00:00,2020-12-20 07:00:00,2020-12-20 07:00:00,366,1
322,2020-12-20 07:00:00,Neural Network,7,-0.24538053222553685,-0.14137812361602684,2019-12-20 07:00:00,2020-12-20 07:00:00,2020-12-20 07:00:00,366,1
323,2020-12-20 07:00:00,Naive,7,-0.24538053222553685,-0.6562535328876217,2019-12-20 07:00:00,2020-12-20 07:00:00,2020-12-20 07:00:00,366,1
324,2020-12-21 07:00:00,Decision Tree,7,0.9967494876687624,0.9860553167734482,2019-12-21 07:00:00,2020-12-21 07:00:00,2020-12-21 07:00:00,366,1
325,2020-12-21 07:00:00,Random Forest,7,0.9967494876687624,0.9800573966356395,2019-12-21 07:00:00,2020-12-21 07:00:00,2020-12-21 07:00:00,366,1
326,2020-12-21 07:00:00,Neural Network,7,0.9967494876687624,0.9910969248675662,2019-12-21 07:00:00,2020-12-21 07:00:00,2020-12-21 07:00:00,366,1
327,2020-12-21 07:00:00,Naive,7,0.9967494876687624,-0.24538053222553685,2019-12-21 07:00:00,2020-12-21 07:00:00,2020-12-21 07:00:00,366,1
328,2020-12-22 07:00:00,Decision Tree,7,-0.5786587312736035,-0.6001493007102096,2019-12-22 07:00:00,2020-12-22 07:00:00,2020-12-22 07:00:00,366,1
329,2020-12-22 07:00:00,Random Forest,7,-0.5786587312736035,-0.5894671130063615,2019-12-22 07:00:00,2020-12-22 07:00:00,2020-12-22 07:00:00,366,1
330,2020-12-22 07:00:00,Neural Network,7,-0.5786587312736035,-0.2497853639449324,2019-12-22 07:00:00,2020-12-22 07:00:00,2020-12-22 07:00:00,366,1
331,2020-12-22 07:00:00,Naive,7,-0.5786587312736035,0.9967494876687624,2019-12-22 07:00:00,2020-12-22 07:00:00,2020-12-22 07:00:00,366,1
332,2020-12-23 07:00:00,Decision Tree,7,0.7969075246670623,0.7263551184718133,2019-12-23 07:00:00,2020-12-23 07:00:00,2020-12-23 07:00:00,366,1
333,2020-12-23 07:00:00,Random Forest,7,0.7969075246670623,0.7151888144381957,2019-12-23 07:00:00,2020-12-23 07:00:00,2020-12-23 07:00:00,366,1
334,2020-12-23 07:00:00,Neural Network,7,0.7969075246670623,0.8243905463444907,2019-12-23 07:00:00,2020-12-23 07:00:00,2020-12-23 07:00:00,366,1
335,2020-12-23 07:00:00,Naive,7,0.7969075246670623,-0.5786587312736035,2019-12-23 07:00:00,2020-12-23 07:00:00,2020-12-23 07:00:00,366,1
336,2020-12-24 07:00:00,Decision Tree,7,-1.145567419603807,-1.1504651993922972,2019-12-24 07:00:00,2020-12-24 07:00:00,2020-12-24 07:00:00,366,1
337,2020-12-24 07:00:00,Random Forest,7,-1.145567419603807,-1.1373354604988535,2019-12-24 07:00:00,2020-12-24 07:00:00,2020-12-24 07:00:00,366,1
338,2020-12-24 07:00:00,Neural Network,7,-1.145567419603807,-1.0785775987893578,2019-12-24 07:00:00,2020-12-24 07:00:00,2020-12-24 07:00:00,366,1
339,2020-12-24 07:00:00,Naive,7,-1.145567419603807,0.7969075246670623,2019-12-24 07:00:00,2020-12-24 07:00:00,2020-12-24 07:00:00,366,1
340,2020-12-25 07:00:00,Decision Tree,7,-1.2351587165982059,-1.1893613034955826,2019-12-25 07:00:00,2020-12-25 07:00:00,2020-12-25 07:00:00,366,1
341,2020-12-25 07:00:00,Random Forest,7,-1.2351587165982059,-1.179289306044646,2019-12-25 07:00:00,2020-12-25 07:00:00,2020-12-25 07:00:00,366,1
342,2020-12-25 07:00:00,Neural Network,7,-1.2351587165982059,-1.1419555250564657,2019-12-25 07:00:00,2020-12-25 07:00:00,2020-12-25 07:00:00,366,1
343,2020-12-25 07:00:00,Naive,7,-1.2351587165982059,-1.145567419603807,2019-12-25 07:00:00,2020-12-25 07:00:00,2020-12-25 07:00:00,366,1
344,2020-12-26 07:00:00,Decision Tree,7,-0.902013990266249,-0.8615692799073484,2019-12-26 07:00:00,2020-12-26 07:00:00,2020-12-26 07:00:00,366,1
345,2020-12-26 07:00:00,Random Forest,7,-0.902013990266249,-0.8818411473655794,2019-12-26 07:00:00,2020-12-26 07:00:00,2020-12-26 07:00:00,366,1
346,2020-12-26 07:00:00,Neural Network,7,-0.902013990266249,-1.0427161179029283,2019-12-26 07:00:00,2020-12-26 07:00:00,2020-12-26 07:00:00,366,1
347,2020-12-26 07:00:00,Naive,7,-0.902013990266249,-1.2351587165982059,2019-12-26 07:00:00,2020-12-26 07:00:00,2020-12-26 07:00:00,366,1
348,2020-12-27 07:00:00,Decision Tree,7,-2.3118937145782956,-1.8805685143887587,2019-12-27 07:00:00,2020-12-27 07:00:00,2020-12-27 07:00:00,366,1
349,2020-12-27 07:00:00,Random Forest,7,-2.3118937145782956,-1.9033380132550974,2019-12-27 07:00:00,2020-12-27 07:00:00,2020-12-27 07:00:00,366,1
350,2020-12-27 07:00:00,Neural Network,7,-2.3118937145782956,-2.2630956373599846,2019-12-27 07:00:00,2020-12-27 07:00:00,2020-12-27 07:00:00,366,1
351,2020-12-27 07:00:00,Naive,7,-2.3118937145782956,-0.902013990266249,2019-12-27 07:00:00,2020-12-27 07:00:00,2020-12-27 07:00:00,366,1
352,2020-12-28 07:00:00,Decision Tree,7,0.7163223343642574,0.6441225347296818,2019-12-28 07:00:00,2020-12-28 07:00:00,2020-12-28 07:00:00,366,1
353,2020-12-28 07:00:00,Random Forest,7,0.7163223343642574,0.6339458203721847,2019-12-28 07:00:00,2020-12-28 07:00:00,2020-12-28 07:00:00,366,1
354,2020-12-28 07:00:00,Neural Network,7,0.7163223343642574,0.48022082358993845,2019-12-28 07:00:00,2020-12-28 07:00:00,2020-12-28 07:00:00,366,1
355,2020-12-28 07:00:00,Naive,7,0.7163223343642574,-2.3118937145782956,2019-12-28 07:00:00,2020-12-28 07:00:00,2020-12-28 07:00:00,366,1
356,2020-12-29 07:00:00,Decision Tree,7,0.9367934230262975,0.8412544649168935,2019-12-29 07:00:00,2020-12-29 07:00:00,2020-12-29 07:00:00,366,1
357,2020-12-29 07:00:00,Random Forest,7,0.9367934230262975,0.8455231592294281,2019-12-29 07:00:00,2020-12-29 07:00:00,2020-12-29 07:00:00,366,1
358,2020-12-29 07:00:00,Neural Network,7,0.9367934230262975,0.7777026828178241,2019-12-29 07:00:00,2020-12-29 07:00:00,2020-12-29 07:00:00,366,1
359,2020-12-29 07:00:00,Naive,7,0.9367934230262975,0.7163223343642574,2019-12-29 07:00:00,2020-12-29 07:00:00,2020-12-29 07:00:00,366,1
360,2020-12-30 07:00:00,Decision Tree,7,0.8285852762646826,0.7430178222036562,2019-12-30 07:00:00,2020-12-30 07:00:00,2020-12-30 07:00:00,366,1
361,2020-12-30 07:00:00,Random Forest,7,0.8285852762646826,0.7395096767311679,2019-12-30 07:00:00,2020-12-30 07:00:00,2020-12-30 07:00:00,366,1
362,2020-12-30 07:00:00,Neural Network,7,0.8285852762646826,0.670506483166377,2019-12-30 07:00:00,2020-12-30 07:00:00,2020-12-30 07:00:00,366,1
363,2020-12-30 07:00:00,Naive,7,0.8285852762646826,0.9367934230262975,2019-12-30 07:00:00,2020-12-30 07:00:00,2020-12-30 07:00:00,366,1
364,2020-12-31 07:00:00,Decision Tree,7,0.21822321475828263,0.1991360258476405,2019-12-31 07:00:00,2020-12-31 07:00:00,2020-12-31 07:00:00,366,1
365,2020-12-31 07:00:00,Random Forest,7,0.21822321475828263,0.18673340338114894,2019-12-31 07:00:00,2020-12-31 07:00:00,2020-12-31 07:00:00,366,1
366,2020-12-31 07:00:00,Neural Network,7,0.21822321475828263,0.14004137955128398,2019-12-31 07:00:00,2020-12-31 07:00:00,2020-12-31 07:00:00,366,1
367,2020-12-31 07:00:00,Naive,7,0.21822321475828263,0.8285852762646826,2019-12-31 07:00:00,2020-12-31 07:00:00,2020-12-31 07:00:00,366,1
368,2021-01-01 07:00:00,Decision Tree,7,0.37302503126993214,0.2759961815024172,2020-01-01 07:00:00,2021-01-01 07:00:00,2021-01-01 07:00:00,366,1
369,2021-01-01 07:00:00,Random Forest,7,0.37302503126993214,0.2721340591170433,2020-01-01 07:00:00,2021-01-01 07:00:00,2021-01-01 07:00:00,366,1
370,2021-01-01 07:00:00,Neural Network,7,0.37302503126993214,-0.34724340411807336,2020-01-01 07:00:00,2021-01-01 07:00:00,2021-01-01 07:00:00,366,1
371,2021-01-01 07:00:00,Naive,7,0.37302503126993214,0.21822321475828263,2020-01-01 07:00:00,2021-01-01 07:00:00,2021-01-01 07:00:00,366,1
372,2021-01-02 07:00:00,Decision Tree,7,0.6977927485720022,0.5867528092725617,2020-01-02 07:00:00,2021-01-02 07:00:00,2021-01-02 07:00:00,366,1
373,2021-01-02 07:00:00,Random Forest,7,0.6977927485720022,0.6112229154626112,2020-01-02 07:00:00,2021-01-02 07:00:00,2021-01-02 07:00:00,366,1
374,2021-01-02 07:00:00,Neural Network,7,0.6977927485720022,1.1844592822066038,2020-01-02 07:00:00,2021-01-02 07:00:00,2021-01-02 07:00:00,366,1
375,2021-01-02 07:00:00,Naive,7,0.6977927485720022,0.37302503126993214,2020-01-02 07:00:00,2021-01-02 07:00:00,2021-01-02 07:00:00,366,1
376,2021-01-03 07:00:00,Decision Tree,7,-0.19353953007223854,-0.26119970146253635,2020-01-03 07:00:00,2021-01-03 07:00:00,2021-01-03 07:00:00,366,1
377,2021-01-03 07:00:00,Random Forest,7,-0.19353953007223854,-0.2389626659154961,2020-01-03 07:00:00,2021-01-03 07:00:00,2021-01-03 07:00:00,366,1
378,2021-01-03 07:00:00,Neural Network,7,-0.19353953007223854,0.5059577546287916,2020-01-03 07:00:00,2021-01-03 07:00:00,2021-01-03 07:00:00,366,1
379,2021-01-03 07:00:00,Naive,7,-0.19353953007223854,0.6977927485720022,2020-01-03 07:00:00,2021-01-03 07:00:00,2021-01-03 07:00:00,366,1
380,2021-01-04 07:00:00,Decision Tree,7,1.081461022339305,0.9646895139677673,2020-01-04 07:00:00,2021-01-04 07:00:00,2021-01-04 07:00:00,366,1
381,2021-01-04 07:00:00,Random Forest,7,1.081461022339305,1.006536542870215,2020-01-04 07:00:00,2021-01-04 07:00:00,2021-01-04 07:00:00,366,1
382,2021-01-04 07:00:00,Neural Network,7,1.081461022339305,0.14170133631951634,2020-01-04 07:00:00,2021-01-04 07:00:00,2021-01-04 07:00:00,366,1
383,2021-01-04 07:00:00,Naive,7,1.081461022339305,-0.19353953007223854,2020-01-04 07:00:00,2021-01-04 07:00:00,2021-01-04 07:00:00,366,1
384,2021-01-05 07:00:00,Decision Tree,7,1.2113201787537549,1.134375238141406,2020-01-05 07:00:00,2021-01-05 07:00:00,2021-01-05 07:00:00,366,1
385,2021-01-05 07:00:00,Random Forest,7,1.2113201787537549,1.1493326262365067,2020-01-05 07:00:00,2021-01-05 07:00:00,2021-01-05 07:00:00,366,1
386,2021-01-05 07:00:00,Neural Network,7,1.2113201787537549,0.8391915720500299,2020-01-05 07:00:00,2021-01-05 07:00:00,2021-01-05 07:00:00,366,1
387,2021-01-05 07:00:00,Naive,7,1.2113201787537549,1.081461022339305,2020-01-05 07:00:00,2021-01-05 07:00:00,2021-01-05 07:00:00,366,1
388,2021-01-06 07:00:00,Decision Tree,7,0.6431423246307383,0.5867528092725616,2020-01-06 07:00:00,2021-01-06 07:00:00,2021-01-06 07:00:00,366,1
389,2021-01-06 07:00:00,Random Forest,7,0.6431423246307383,0.5731219977578033,2020-01-06 07:00:00,2021-01-06 07:00:00,2021-01-06 07:00:00,366,1
390,2021-01-06 07:00:00,Neural Network,7,0.6431423246307383,0.9418932950344804,2020-01-06 07:00:00,2021-01-06 07:00:00,2021-01-06 07:00:00,366,1
391,2021-01-06 07:00:00,Naive,7,0.6431423246307383,1.2113201787537549,2020-01-06 07:00:00,2021-01-06 07:00:00,2021-01-06 07:00:00,366,1
392,2021-01-07 07:00:00,Decision Tree,7,1.6566502011221644,1.8129945507647167,2020-01-07 07:00:00,2021-01-07 07:00:00,2021-01-07 07:00:00,366,1
393,2021-01-07 07:00:00,Random Forest,7,1.6566502011221644,1.6245048434906713,2020-01-07 07:00:00,2021-01-07 07:00:00,2021-01-07 07:00:00,366,1
394,2021-01-07 07:00:00,Neural Network,7,1.6566502011221644,1.2515084248496753,2020-01-07 07:00:00,2021-01-07 07:00:00,2021-01-07 07:00:00,366,1
395,2021-01-07 07:00:00,Naive,7,1.6566502011221644,0.6431423246307383,2020-01-07 07:00:00,2021-01-07 07:00:00,2021-01-07 07:00:00,366,1
396,2021-01-08 07:00:00,Decision Tree,7,1.9462057025043142,1.7978619906558924,2020-01-08 07:00:00,2021-01-08 07:00:00,2021-01-08 07:00:00,366,1
397,2021-01-08 07:00:00,Random Forest,7,1.9462057025043142,1.8160321673221616,2020-01-08 07:00:00,2021-01-08 07:00:00,2021-01-08 07:00:00,366,1
398,2021-01-08 07:00:00,Neural Network,7,1.9462057025043142,1.51833466895967,2020-01-08 07:00:00,2021-01-08 07:00:00,2021-01-08 07:00:00,366,1
399,2021-01-08 07:00:00,Naive,7,1.9462057025043142,1.6566502011221644,2020-01-08 07:00:00,2021-01-08 07:00:00,2021-01-08 07:00:00,366,1
400,2021-01-09 07:00:00,Decision Tree,7,1.161099145305494,0.9315917211528988,2020-01-09 07:00:00,2021-01-09 07:00:00,2021-01-09 07:00:00,366,1
401,2021-01-09 07:00:00,Random Forest,7,1.161099145305494,1.0552868194704808,2020-01-09 07:00:00,2021-01-09 07:00:00,2021-01-09 07:00:00,366,1
402,2021-01-09 07:00:00,Neural Network,7,1.161099145305494,1.3041389686957372,2020-01-09 07:00:00,2021-01-09 07:00:00,2021-01-09 07:00:00,366,1
403,2021-01-09 07:00:00,Naive,7,1.161099145305494,1.9462057025043142,2020-01-09 07:00:00,2021-01-09 07:00:00,2021-01-09 07:00:00,366,1
404,2021-01-10 07:00:00,Decision Tree,7,0.672792751323191,0.5930183109790258,2020-01-10 07:00:00,2021-01-10 07:00:00,2021-01-10 07:00:00,366,1
405,2021-01-10 07:00:00,Random Forest,7,0.672792751323191,0.6250724641186112,2020-01-10 07:00:00,2021-01-10 07:00:00,2021-01-10 07:00:00,366,1
406,2021-01-10 07:00:00,Neural Network,7,0.672792751323191,1.0510507802378866,2020-01-10 07:00:00,2021-01-10 07:00:00,2021-01-10 07:00:00,366,1
407,2021-01-10 07:00:00,Naive,7,0.672792751323191,1.161099145305494,2020-01-10 07:00:00,2021-01-10 07:00:00,2021-01-10 07:00:00,366,1
408,2021-01-11 07:00:00,Decision Tree,7,1.6348869567558724,1.6660972821537179,2020-01-11 07:00:00,2021-01-11 07:00:00,2021-01-11 07:00:00,366,1
409,2021-01-11 07:00:00,Random Forest,7,1.6348869567558724,1.5969884083354282,2020-01-11 07:00:00,2021-01-11 07:00:00,2021-01-11 07:00:00,366,1
410,2021-01-11 07:00:00,Neural Network,7,1.6348869567558724,1.2047687704153993,2020-01-11 07:00:00,2021-01-11 07:00:00,2021-01-11 07:00:00,366,1
411,2021-01-11 07:00:00,Naive,7,1.6348869567558724,0.672792751323191,2020-01-11 07:00:00,2021-01-11 07:00:00,2021-01-11 07:00:00,366,1
412,2021-01-12 07:00:00,Decision Tree,7,1.1892292651458043,1.1759162598676733,2020-01-12 07:00:00,2021-01-12 07:00:00,2021-01-12 07:00:00,366,1
413,2021-01-12 07:00:00,Random Forest,7,1.1892292651458043,1.1261182242326127,2020-01-12 07:00:00,2021-01-12 07:00:00,2021-01-12 07:00:00,366,1
414,2021-01-12 07:00:00,Neural Network,7,1.1892292651458043,0.7393987729378558,2020-01-12 07:00:00,2021-01-12 07:00:00,2021-01-12 07:00:00,366,1
415,2021-01-12 07:00:00,Naive,7,1.1892292651458043,1.6348869567558724,2020-01-12 07:00:00,2021-01-12 07:00:00,2021-01-12 07:00:00,366,1
416,2021-01-13 07:00:00,Decision Tree,7,0.7711412806276184,0.8075507330664123,2020-01-13 07:00:00,2021-01-13 07:00:00,2021-01-13 07:00:00,366,1
417,2021-01-13 07:00:00,Random Forest,7,0.7711412806276184,0.7397260338009758,2020-01-13 07:00:00,2021-01-13 07:00:00,2021-01-13 07:00:00,366,1
418,2021-01-13 07:00:00,Neural Network,7,0.7711412806276184,0.5130570556563571,2020-01-13 07:00:00,2021-01-13 07:00:00,2021-01-13 07:00:00,366,1
419,2021-01-13 07:00:00,Naive,7,0.7711412806276184,1.1892292651458043,2020-01-13 07:00:00,2021-01-13 07:00:00,2021-01-13 07:00:00,366,1
420,2021-01-14 07:00:00,Decision Tree,7,1.9537746197299908,1.8567669074382593,2020-01-14 07:00:00,2021-01-14 07:00:00,2021-01-14 07:00:00,366,1
421,2021-01-14 07:00:00,Random Forest,7,1.9537746197299908,1.8788897804623423,2020-01-14 07:00:00,2021-01-14 07:00:00,2021-01-14 07:00:00,366,1
422,2021-01-14 07:00:00,Neural Network,7,1.9537746197299908,1.6265550186740108,2020-01-14 07:00:00,2021-01-14 07:00:00,2021-01-14 07:00:00,366,1
423,2021-01-14 07:00:00,Naive,7,1.9537746197299908,0.7711412806276184,2020-01-14 07:00:00,2021-01-14 07:00:00,2021-01-14 07:00:00,366,1
424,2021-01-15 07:00:00,Decision Tree,7,1.9105451904324793,1.9040950538215498,2020-01-15 07:00:00,2021-01-15 07:00:00,2021-01-15 07:00:00,366,1
425,2021-01-15 07:00:00,Random Forest,7,1.9105451904324793,1.8840713133750895,2020-01-15 07:00:00,2021-01-15 07:00:00,2021-01-15 07:00:00,366,1
426,2021-01-15 07:00:00,Neural Network,7,1.9105451904324793,1.8554403197054004,2020-01-15 07:00:00,2021-01-15 07:00:00,2021-01-15 07:00:00,366,1
427,2021-01-15 07:00:00,Naive,7,1.9105451904324793,1.9537746197299908,2020-01-15 07:00:00,2021-01-15 07:00:00,2021-01-15 07:00:00,366,1
428,2021-01-16 07:00:00,Decision Tree,7,1.0486123197643984,0.9315917211528988,2020-01-16 07:00:00,2021-01-16 07:00:00,2021-01-16 07:00:00,366,1
429,2021-01-16 07:00:00,Random Forest,7,1.0486123197643984,0.9791573925283702,2020-01-16 07:00:00,2021-01-16 07:00:00,2021-01-16 07:00:00,366,1
430,2021-01-16 07:00:00,Neural Network,7,1.0486123197643984,1.1689088620404982,2020-01-16 07:00:00,2021-01-16 07:00:00,2021-01-16 07:00:00,366,1
431,2021-01-16 07:00:00,Naive,7,1.0486123197643984,1.9105451904324793,2020-01-16 07:00:00,2021-01-16 07:00:00,2021-01-16 07:00:00,366,1
432,2021-01-17 07:00:00,Decision Tree,7,0.8505979488098885,0.804380753332612,2020-01-17 07:00:00,2021-01-17 07:00:00,2021-01-17 07:00:00,366,1
433,2021-01-17 07:00:00,Random Forest,7,0.8505979488098885,0.7698806195907266,2020-01-17 07:00:00,2021-01-17 07:00:00,2021-01-17 07:00:00,366,1
434,2021-01-17 07:00:00,Neural Network,7,0.8505979488098885,0.9404848196519358,2020-01-17 07:00:00,2021-01-17 07:00:00,2021-01-17 07:00:00,366,1
435,2021-01-17 07:00:00,Naive,7,0.8505979488098885,1.0486123197643984,2020-01-17 07:00:00,2021-01-17 07:00:00,2021-01-17 07:00:00,366,1
436,2021-01-18 07:00:00,Decision Tree,7,1.7924113996509063,1.7093010454917548,2020-01-18 07:00:00,2021-01-18 07:00:00,2021-01-18 07:00:00,366,1
437,2021-01-18 07:00:00,Random Forest,7,1.7924113996509063,1.7182733529652872,2020-01-18 07:00:00,2021-01-18 07:00:00,2021-01-18 07:00:00,366,1
438,2021-01-18 07:00:00,Neural Network,7,1.7924113996509063,1.6350167508056812,2020-01-18 07:00:00,2021-01-18 07:00:00,2021-01-18 07:00:00,366,1
439,2021-01-18 07:00:00,Naive,7,1.7924113996509063,0.8505979488098885,2020-01-18 07:00:00,2021-01-18 07:00:00,2021-01-18 07:00:00,366,1
440,2021-01-19 07:00:00,Decision Tree,7,0.796070571524855,0.8120836192454917,2020-01-19 07:00:00,2021-01-19 07:00:00,2021-01-19 07:00:00,366,1
441,2021-01-19 07:00:00,Random Forest,7,0.796070571524855,0.7686407495142706,2020-01-19 07:00:00,2021-01-19 07:00:00,2021-01-19 07:00:00,366,1
442,2021-01-19 07:00:00,Neural Network,7,0.796070571524855,1.103870806332163,2020-01-19 07:00:00,2021-01-19 07:00:00,2021-01-19 07:00:00,366,1
443,2021-01-19 07:00:00,Naive,7,0.796070571524855,1.7924113996509063,2020-01-19 07:00:00,2021-01-19 07:00:00,2021-01-19 07:00:00,366,1
444,2021-01-20 07:00:00,Decision Tree,7,0.376570403384712,0.3578798010245359,2020-01-20 07:00:00,2021-01-20 07:00:00,2021-01-20 07:00:00,366,1
445,2021-01-20 07:00:00,Random Forest,7,0.376570403384712,0.3072401524272826,2020-01-20 07:00:00,2021-01-20 07:00:00,2021-01-20 07:00:00,366,1
446,2021-01-20 07:00:00,Neural Network,7,0.376570403384712,0.23379798899308862,2020-01-20 07:00:00,2021-01-20 07:00:00,2021-01-20 07:00:00,366,1
447,2021-01-20 07:00:00,Naive,7,0.376570403384712,0.796070571524855,2020-01-20 07:00:00,2021-01-20 07:00:00,2021-01-20 07:00:00,366,1
448,2021-01-21 07:00:00,Decision Tree,7,0.007743788959910668,-0.03931332491020645,2020-01-21 07:00:00,2021-01-21 07:00:00,2021-01-21 07:00:00,366,1
449,2021-01-21 07:00:00,Random Forest,7,0.007743788959910668,-0.05565975687146814,2020-01-21 07:00:00,2021-01-21 07:00:00,2021-01-21 07:00:00,366,1
450,2021-01-21 07:00:00,Neural Network,7,0.007743788959910668,-0.1644026954918922,2020-01-21 07:00:00,2021-01-21 07:00:00,2021-01-21 07:00:00,366,1
451,2021-01-21 07:00:00,Naive,7,0.007743788959910668,0.376570403384712,2020-01-21 07:00:00,2021-01-21 07:00:00,2021-01-21 07:00:00,366,1
452,2021-01-22 07:00:00,Decision Tree,7,0.18958042430009672,0.07539256698462574,2020-01-22 07:00:00,2021-01-22 07:00:00,2021-01-22 07:00:00,366,1
453,2021-01-22 07:00:00,Random Forest,7,0.18958042430009672,0.12635489028446162,2020-01-22 07:00:00,2021-01-22 07:00:00,2021-01-22 07:00:00,366,1
454,2021-01-22 07:00:00,Neural Network,7,0.18958042430009672,0.047383612699966576,2020-01-22 07:00:00,2021-01-22 07:00:00,2021-01-22 07:00:00,366,1
455,2021-01-22 07:00:00,Naive,7,0.18958042430009672,0.007743788959910668,2020-01-22 07:00:00,2021-01-22 07:00:00,2021-01-22 07:00:00,366,1
456,2021-01-23 07:00:00,Decision Tree,7,0.7549771908470759,0.6836498248876709,2020-01-23 07:00:00,2021-01-23 07:00:00,2021-01-23 07:00:00,366,1
457,2021-01-23 07:00:00,Random Forest,7,0.7549771908470759,0.6989458140438755,2020-01-23 07:00:00,2021-01-23 07:00:00,2021-01-23 07:00:00,366,1
458,2021-01-23 07:00:00,Neural Network,7,0.7549771908470759,0.9577176438194799,2020-01-23 07:00:00,2021-01-23 07:00:00,2021-01-23 07:00:00,366,1
459,2021-01-23 07:00:00,Naive,7,0.7549771908470759,0.18958042430009672,2020-01-23 07:00:00,2021-01-23 07:00:00,2021-01-23 07:00:00,366,1
460,2021-01-24 07:00:00,Decision Tree,7,0.5042920000315915,0.39945709351931696,2020-01-24 07:00:00,2021-01-24 07:00:00,2021-01-24 07:00:00,366,1
461,2021-01-24 07:00:00,Random Forest,7,0.5042920000315915,0.39613268124048173,2020-01-24 07:00:00,2021-01-24 07:00:00,2021-01-24 07:00:00,366,1
462,2021-01-24 07:00:00,Neural Network,7,0.5042920000315915,0.7331007535720384,2020-01-24 07:00:00,2021-01-24 07:00:00,2021-01-24 07:00:00,366,1
463,2021-01-24 07:00:00,Naive,7,0.5042920000315915,0.7549771908470759,2020-01-24 07:00:00,2021-01-24 07:00:00,2021-01-24 07:00:00,366,1
464,2021-01-25 07:00:00,Decision Tree,7,1.7196920657864017,1.7196898397616487,2020-01-25 07:00:00,2021-01-25 07:00:00,2021-01-25 07:00:00,366,1
465,2021-01-25 07:00:00,Random Forest,7,1.7196920657864017,1.7096016868161632,2020-01-25 07:00:00,2021-01-25 07:00:00,2021-01-25 07:00:00,366,1
466,2021-01-25 07:00:00,Neural Network,7,1.7196920657864017,1.5494830550178913,2020-01-25 07:00:00,2021-01-25 07:00:00,2021-01-25 07:00:00,366,1
467,2021-01-25 07:00:00,Naive,7,1.7196920657864017,0.5042920000315915,2020-01-25 07:00:00,2021-01-25 07:00:00,2021-01-25 07:00:00,366,1
468,2021-01-26 07:00:00,Decision Tree,7,1.693786032303851,1.7196900870977325,2020-01-26 07:00:00,2021-01-26 07:00:00,2021-01-26 07:00:00,366,1
469,2021-01-26 07:00:00,Random Forest,7,1.693786032303851,1.6996647075737812,2020-01-26 07:00:00,2021-01-26 07:00:00,2021-01-26 07:00:00,366,1
470,2021-01-26 07:00:00,Neural Network,7,1.693786032303851,1.7059204644645192,2020-01-26 07:00:00,2021-01-26 07:00:00,2021-01-26 07:00:00,366,1
471,2021-01-26 07:00:00,Naive,7,1.693786032303851,1.7196920657864017,2020-01-26 07:00:00,2021-01-26 07:00:00,2021-01-26 07:00:00,366,1
472,2021-01-27 07:00:00,Decision Tree,7,1.4619468887644025,1.3560286935059302,2020-01-27 07:00:00,2021-01-27 07:00:00,2021-01-27 07:00:00,366,1
473,2021-01-27 07:00:00,Random Forest,7,1.4619468887644025,1.3776896052593401,2020-01-27 07:00:00,2021-01-27 07:00:00,2021-01-27 07:00:00,366,1
474,2021-01-27 07:00:00,Neural Network,7,1.4619468887644025,1.4683006234024012,2020-01-27 07:00:00,2021-01-27 07:00:00,2021-01-27 07:00:00,366,1
475,2021-01-27 07:00:00,Naive,7,1.4619468887644025,1.693786032303851,2020-01-27 07:00:00,2021-01-27 07:00:00,2021-01-27 07:00:00,366,1
476,2021-01-28 07:00:00,Decision Tree,7,1.5245348836383614,1.5922804025827024,2020-01-28 07:00:00,2021-01-28 07:00:00,2021-01-28 07:00:00,366,1
477,2021-01-28 07:00:00,Random Forest,7,1.5245348836383614,1.476476003665014,2020-01-28 07:00:00,2021-01-28 07:00:00,2021-01-28 07:00:00,366,1
478,2021-01-28 07:00:00,Neural Network,7,1.5245348836383614,1.5379969618891907,2020-01-28 07:00:00,2021-01-28 07:00:00,2021-01-28 07:00:00,366,1
479,2021-01-28 07:00:00,Naive,7,1.5245348836383614,1.4619468887644025,2020-01-28 07:00:00,2021-01-28 07:00:00,2021-01-28 07:00:00,366,1
480,2021-01-29 07:00:00,Decision Tree,7,1.2303052832381034,1.1681999256344686,2020-01-29 07:00:00,2021-01-29 07:00:00,2021-01-29 07:00:00,366,1
481,2021-01-29 07:00:00,Random Forest,7,1.2303052832381034,1.192663488471932,2020-01-29 07:00:00,2021-01-29 07:00:00,2021-01-29 07:00:00,366,1
482,2021-01-29 07:00:00,Neural Network,7,1.2303052832381034,1.3167755492169022,2020-01-29 07:00:00,2021-01-29 07:00:00,2021-01-29 07:00:00,366,1
483,2021-01-29 07:00:00,Naive,7,1.2303052832381034,1.5245348836383614,2020-01-29 07:00:00,2021-01-29 07:00:00,2021-01-29 07:00:00,366,1
484,2021-01-30 07:00:00,Decision Tree,7,0.5952884610152307,0.4996592820218895,2020-01-30 07:00:00,2021-01-30 07:00:00,2021-01-30 07:00:00,366,1
485,2021-01-30 07:00:00,Random Forest,7,0.5952884610152307,0.4967284728280161,2020-01-30 07:00:00,2021-01-30 07:00:00,2021-01-30 07:00:00,366,1
486,2021-01-30 07:00:00,Neural Network,7,0.5952884610152307,0.845684909699218,2020-01-30 07:00:00,2021-01-30 07:00:00,2021-01-30 07:00:00,366,1
487,2021-01-30 07:00:00,Naive,7,0.5952884610152307,1.2303052832381034,2020-01-30 07:00:00,2021-01-30 07:00:00,2021-01-30 07:00:00,366,1
488,2021-01-31 07:00:00,Decision Tree,7,0.45605328242088244,0.3888069530450276,2020-01-31 07:00:00,2021-01-31 07:00:00,2021-01-31 07:00:00,366,1
489,2021-01-31 07:00:00,Random Forest,7,0.45605328242088244,0.36750122687835285,2020-01-31 07:00:00,2021-01-31 07:00:00,2021-01-31 07:00:00,366,1
490,2021-01-31 07:00:00,Neural Network,7,0.45605328242088244,0.6809368142515885,2020-01-31 07:00:00,2021-01-31 07:00:00,2021-01-31 07:00:00,366,1
491,2021-01-31 07:00:00,Naive,7,0.45605328242088244,0.5952884610152307,2020-01-31 07:00:00,2021-01-31 07:00:00,2021-01-31 07:00:00,366,1
492,2021-02-01 07:00:00,Decision Tree,7,1.524530623184668,1.5682533806555081,2020-02-01 07:00:00,2021-02-01 07:00:00,2021-02-01 07:00:00,366,1
493,2021-02-01 07:00:00,Random Forest,7,1.524530623184668,1.4997066307189229,2020-02-01 07:00:00,2021-02-01 07:00:00,2021-02-01 07:00:00,366,1
494,2021-02-01 07:00:00,Neural Network,7,1.524530623184668,1.0920519539456768,2020-02-01 07:00:00,2021-02-01 07:00:00,2021-02-01 07:00:00,366,1
495,2021-02-01 07:00:00,Naive,7,1.524530623184668,0.45605328242088244,2020-02-01 07:00:00,2021-02-01 07:00:00,2021-02-01 07:00:00,366,1
496,2021-02-02 07:00:00,Decision Tree,7,1.5234393292505013,1.5609662544103682,2020-02-02 07:00:00,2021-02-02 07:00:00,2021-02-02 07:00:00,366,1
497,2021-02-02 07:00:00,Random Forest,7,1.5234393292505013,1.5143117058723383,2020-02-02 07:00:00,2021-02-02 07:00:00,2021-02-02 07:00:00,366,1
498,2021-02-02 07:00:00,Neural Network,7,1.5234393292505013,1.45643626745361,2020-02-02 07:00:00,2021-02-02 07:00:00,2021-02-02 07:00:00,366,1
499,2021-02-02 07:00:00,Naive,7,1.5234393292505013,1.524530623184668,2020-02-02 07:00:00,2021-02-02 07:00:00,2021-02-02 07:00:00,366,1
500,2021-02-03 07:00:00,Decision Tree,7,1.252229626324674,1.1953711277793704,2020-02-03 07:00:00,2021-02-03 07:00:00,2021-02-03 07:00:00,366,1
501,2021-02-03 07:00:00,Random Forest,7,1.252229626324674,1.2098406015791092,2020-02-03 07:00:00,2021-02-03 07:00:00,2021-02-03 07:00:00,366,1
502,2021-02-03 07:00:00,Neural Network,7,1.252229626324674,1.358074695630318,2020-02-03 07:00:00,2021-02-03 07:00:00,2021-02-03 07:00:00,366,1
503,2021-02-03 07:00:00,Naive,7,1.252229626324674,1.5234393292505013,2020-02-03 07:00:00,2021-02-03 07:00:00,2021-02-03 07:00:00,366,1
504,2021-02-04 07:00:00,Decision Tree,7,1.3016984730648966,1.2105595412825672,2020-02-04 07:00:00,2021-02-04 07:00:00,2021-02-04 07:00:00,366,1
505,2021-02-04 07:00:00,Random Forest,7,1.3016984730648966,1.2368754349995357,2020-02-04 07:00:00,2021-02-04 07:00:00,2021-02-04 07:00:00,366,1
506,2021-02-04 07:00:00,Neural Network,7,1.3016984730648966,1.3381448338472954,2020-02-04 07:00:00,2021-02-04 07:00:00,2021-02-04 07:00:00,366,1
507,2021-02-04 07:00:00,Naive,7,1.3016984730648966,1.252229626324674,2020-02-04 07:00:00,2021-02-04 07:00:00,2021-02-04 07:00:00,366,1
508,2021-02-05 07:00:00,Decision Tree,7,1.3598511695959234,1.2141943659994603,2020-02-05 07:00:00,2021-02-05 07:00:00,2021-02-05 07:00:00,366,1
509,2021-02-05 07:00:00,Random Forest,7,1.3598511695959234,1.265767795226444,2020-02-05 07:00:00,2021-02-05 07:00:00,2021-02-05 07:00:00,366,1
510,2021-02-05 07:00:00,Neural Network,7,1.3598511695959234,1.314609474888161,2020-02-05 07:00:00,2021-02-05 07:00:00,2021-02-05 07:00:00,366,1
511,2021-02-05 07:00:00,Naive,7,1.3598511695959234,1.3016984730648966,2020-02-05 07:00:00,2021-02-05 07:00:00,2021-02-05 07:00:00,366,1
512,2021-02-06 07:00:00,Decision Tree,7,0.1341848212475136,0.07400315834633893,2020-02-06 07:00:00,2021-02-06 07:00:00,2021-02-06 07:00:00,366,1
513,2021-02-06 07:00:00,Random Forest,7,0.1341848212475136,0.06521064562967634,2020-02-06 07:00:00,2021-02-06 07:00:00,2021-02-06 07:00:00,366,1
514,2021-02-06 07:00:00,Neural Network,7,0.1341848212475136,-0.392876570638233,2020-02-06 07:00:00,2021-02-06 07:00:00,2021-02-06 07:00:00,366,1
515,2021-02-06 07:00:00,Naive,7,0.1341848212475136,1.3598511695959234,2020-02-06 07:00:00,2021-02-06 07:00:00,2021-02-06 07:00:00,366,1
516,2021-02-07 07:00:00,Decision Tree,7,-1.7326873289162903,-1.668856802481856,2020-02-07 07:00:00,2021-02-07 07:00:00,2021-02-07 07:00:00,366,1
517,2021-02-07 07:00:00,Random Forest,7,-1.7326873289162903,-1.666468176063091,2020-02-07 07:00:00,2021-02-07 07:00:00,2021-02-07 07:00:00,366,1
518,2021-02-07 07:00:00,Neural Network,7,-1.7326873289162903,-1.2004197539830421,2020-02-07 07:00:00,2021-02-07 07:00:00,2021-02-07 07:00:00,366,1
519,2021-02-07 07:00:00,Naive,7,-1.7326873289162903,0.1341848212475136,2020-02-07 07:00:00,2021-02-07 07:00:00,2021-02-07 07:00:00,366,1
520,2021-02-08 07:00:00,Decision Tree,7,1.2436027598125,1.1844371543337844,2020-02-08 07:00:00,2021-02-08 07:00:00,2021-02-08 07:00:00,366,1
521,2021-02-08 07:00:00,Random Forest,7,1.2436027598125,1.2148186806116807,2020-02-08 07:00:00,2021-02-08 07:00:00,2021-02-08 07:00:00,366,1
522,2021-02-08 07:00:00,Neural Network,7,1.2436027598125,1.2424177022347778,2020-02-08 07:00:00,2021-02-08 07:00:00,2021-02-08 07:00:00,366,1
523,2021-02-08 07:00:00,Naive,7,1.2436027598125,-1.7326873289162903,2020-02-08 07:00:00,2021-02-08 07:00:00,2021-02-08 07:00:00,366,1
524,2021-02-09 07:00:00,Decision Tree,7,1.7968389330570878,1.7426230498747284,2020-02-09 07:00:00,2021-02-09 07:00:00,2021-02-09 07:00:00,366,1
525,2021-02-09 07:00:00,Random Forest,7,1.7968389330570878,1.7455847478500748,2020-02-09 07:00:00,2021-02-09 07:00:00,2021-02-09 07:00:00,366,1
526,2021-02-09 07:00:00,Neural Network,7,1.7968389330570878,1.7835672611712157,2020-02-09 07:00:00,2021-02-09 07:00:00,2021-02-09 07:00:00,366,1
527,2021-02-09 07:00:00,Naive,7,1.7968389330570878,1.2436027598125,2020-02-09 07:00:00,2021-02-09 07:00:00,2021-02-09 07:00:00,366,1
528,2021-02-10 07:00:00,Decision Tree,7,1.8771873395909906,1.7516590304051214,2020-02-10 07:00:00,2021-02-10 07:00:00,2021-02-10 07:00:00,366,1
529,2021-02-10 07:00:00,Random Forest,7,1.8771873395909906,1.7969463410378828,2020-02-10 07:00:00,2021-02-10 07:00:00,2021-02-10 07:00:00,366,1
530,2021-02-10 07:00:00,Neural Network,7,1.8771873395909906,1.7609097742699007,2020-02-10 07:00:00,2021-02-10 07:00:00,2021-02-10 07:00:00,366,1
531,2021-02-10 07:00:00,Naive,7,1.8771873395909906,1.7968389330570878,2020-02-10 07:00:00,2021-02-10 07:00:00,2021-02-10 07:00:00,366,1
532,2021-02-11 07:00:00,Decision Tree,7,2.3741244541329936,1.9353987213758805,2020-02-11 07:00:00,2021-02-11 07:00:00,2021-02-11 07:00:00,366,1
533,2021-02-11 07:00:00,Random Forest,7,2.3741244541329936,1.9214791280044565,2020-02-11 07:00:00,2021-02-11 07:00:00,2021-02-11 07:00:00,366,1
534,2021-02-11 07:00:00,Neural Network,7,2.3741244541329936,2.443744504591149,2020-02-11 07:00:00,2021-02-11 07:00:00,2021-02-11 07:00:00,366,1
535,2021-02-11 07:00:00,Naive,7,2.3741244541329936,1.8771873395909906,2020-02-11 07:00:00,2021-02-11 07:00:00,2021-02-11 07:00:00,366,1
536,2021-02-12 07:00:00,Decision Tree,7,1.8478981221873287,1.7695916460031025,2020-02-12 07:00:00,2021-02-12 07:00:00,2021-02-12 07:00:00,366,1
537,2021-02-12 07:00:00,Random Forest,7,1.8478981221873287,1.8037862666695306,2020-02-12 07:00:00,2021-02-12 07:00:00,2021-02-12 07:00:00,366,1
538,2021-02-12 07:00:00,Neural Network,7,1.8478981221873287,1.7152097224474583,2020-02-12 07:00:00,2021-02-12 07:00:00,2021-02-12 07:00:00,366,1
539,2021-02-12 07:00:00,Naive,7,1.8478981221873287,2.3741244541329936,2020-02-12 07:00:00,2021-02-12 07:00:00,2021-02-12 07:00:00,366,1
540,2021-02-13 07:00:00,Decision Tree,7,0.9192383135664248,0.8674831057384104,2020-02-13 07:00:00,2021-02-13 07:00:00,2021-02-13 07:00:00,366,1
541,2021-02-13 07:00:00,Random Forest,7,0.9192383135664248,0.845021945242018,2020-02-13 07:00:00,2021-02-13 07:00:00,2021-02-13 07:00:00,366,1
542,2021-02-13 07:00:00,Neural Network,7,0.9192383135664248,1.0220034965387534,2020-02-13 07:00:00,2021-02-13 07:00:00,2021-02-13 07:00:00,366,1
543,2021-02-13 07:00:00,Naive,7,0.9192383135664248,1.8478981221873287,2020-02-13 07:00:00,2021-02-13 07:00:00,2021-02-13 07:00:00,366,1
544,2021-02-14 07:00:00,Decision Tree,7,0.6084358051717178,0.5203692845822983,2020-02-14 07:00:00,2021-02-14 07:00:00,2021-02-14 07:00:00,366,1
545,2021-02-14 07:00:00,Random Forest,7,0.6084358051717178,0.539655198053927,2020-02-14 07:00:00,2021-02-14 07:00:00,2021-02-14 07:00:00,366,1
546,2021-02-14 07:00:00,Neural Network,7,0.6084358051717178,0.6780104536893843,2020-02-14 07:00:00,2021-02-14 07:00:00,2021-02-14 07:00:00,366,1
547,2021-02-14 07:00:00,Naive,7,0.6084358051717178,0.9192383135664248,2020-02-14 07:00:00,2021-02-14 07:00:00,2021-02-14 07:00:00,366,1
548,2021-02-15 07:00:00,Decision Tree,7,1.4182584506966252,1.388758903189323,2020-02-15 07:00:00,2021-02-15 07:00:00,2021-02-15 07:00:00,366,1
549,2021-02-15 07:00:00,Random Forest,7,1.4182584506966252,1.3625109856951427,2020-02-15 07:00:00,2021-02-15 07:00:00,2021-02-15 07:00:00,366,1
550,2021-02-15 07:00:00,Neural Network,7,1.4182584506966252,1.4672583536360035,2020-02-15 07:00:00,2021-02-15 07:00:00,2021-02-15 07:00:00,366,1
551,2021-02-15 07:00:00,Naive,7,1.4182584506966252,0.6084358051717178,2020-02-15 07:00:00,2021-02-15 07:00:00,2021-02-15 07:00:00,366,1
552,2021-02-16 07:00:00,Decision Tree,7,1.5194764497889623,1.5556052651018157,2020-02-16 07:00:00,2021-02-16 07:00:00,2021-02-16 07:00:00,366,1
553,2021-02-16 07:00:00,Random Forest,7,1.5194764497889623,1.514318856453433,2020-02-16 07:00:00,2021-02-16 07:00:00,2021-02-16 07:00:00,366,1
554,2021-02-16 07:00:00,Neural Network,7,1.5194764497889623,1.4628023649666715,2020-02-16 07:00:00,2021-02-16 07:00:00,2021-02-16 07:00:00,366,1
555,2021-02-16 07:00:00,Naive,7,1.5194764497889623,1.4182584506966252,2020-02-16 07:00:00,2021-02-16 07:00:00,2021-02-16 07:00:00,366,1
556,2021-02-17 07:00:00,Decision Tree,7,1.079175815625891,1.0946593228013806,2020-02-17 07:00:00,2021-02-17 07:00:00,2021-02-17 07:00:00,366,1
557,2021-02-17 07:00:00,Random Forest,7,1.079175815625891,1.0263245235189962,2020-02-17 07:00:00,2021-02-17 07:00:00,2021-02-17 07:00:00,366,1
558,2021-02-17 07:00:00,Neural Network,7,1.079175815625891,1.0769760539717301,2020-02-17 07:00:00,2021-02-17 07:00:00,2021-02-17 07:00:00,366,1
559,2021-02-17 07:00:00,Naive,7,1.079175815625891,1.5194764497889623,2020-02-17 07:00:00,2021-02-17 07:00:00,2021-02-17 07:00:00,366,1
560,2021-02-18 07:00:00,Decision Tree,7,1.4077136894479558,1.4011972635887868,2020-02-18 07:00:00,2021-02-18 07:00:00,2021-02-18 07:00:00,366,1
561,2021-02-18 07:00:00,Random Forest,7,1.4077136894479558,1.3841981171800026,2020-02-18 07:00:00,2021-02-18 07:00:00,2021-02-18 07:00:00,366,1
562,2021-02-18 07:00:00,Neural Network,7,1.4077136894479558,1.3225873156350267,2020-02-18 07:00:00,2021-02-18 07:00:00,2021-02-18 07:00:00,366,1
563,2021-02-18 07:00:00,Naive,7,1.4077136894479558,1.079175815625891,2020-02-18 07:00:00,2021-02-18 07:00:00,2021-02-18 07:00:00,366,1
564,2021-02-19 07:00:00,Decision Tree,7,1.246676864373908,1.2014811949888569,2020-02-19 07:00:00,2021-02-19 07:00:00,2021-02-19 07:00:00,366,1
565,2021-02-19 07:00:00,Random Forest,7,1.246676864373908,1.2062785883243314,2020-02-19 07:00:00,2021-02-19 07:00:00,2021-02-19 07:00:00,366,1
566,2021-02-19 07:00:00,Neural Network,7,1.246676864373908,1.2084106485805552,2020-02-19 07:00:00,2021-02-19 07:00:00,2021-02-19 07:00:00,366,1
567,2021-02-19 07:00:00,Naive,7,1.246676864373908,1.4077136894479558,2020-02-19 07:00:00,2021-02-19 07:00:00,2021-02-19 07:00:00,366,1
568,2021-02-20 07:00:00,Decision Tree,7,0.1360200289658509,0.08152586620898576,2020-02-20 07:00:00,2021-02-20 07:00:00,2021-02-20 07:00:00,366,1
569,2021-02-20 07:00:00,Random Forest,7,0.1360200289658509,0.09307081385643627,2020-02-20 07:00:00,2021-02-20 07:00:00,2021-02-20 07:00:00,366,1
570,2021-02-20 07:00:00,Neural Network,7,0.1360200289658509,0.034270053403941486,2020-02-20 07:00:00,2021-02-20 07:00:00,2021-02-20 07:00:00,366,1
571,2021-02-20 07:00:00,Naive,7,0.1360200289658509,1.246676864373908,2020-02-20 07:00:00,2021-02-20 07:00:00,2021-02-20 07:00:00,366,1
572,2021-02-21 07:00:00,Decision Tree,7,-0.4630183540181176,-0.4583419356077177,2020-02-21 07:00:00,2021-02-21 07:00:00,2021-02-21 07:00:00,366,1
573,2021-02-21 07:00:00,Random Forest,7,-0.4630183540181176,-0.4807112622693907,2020-02-21 07:00:00,2021-02-21 07:00:00,2021-02-21 07:00:00,366,1
574,2021-02-21 07:00:00,Neural Network,7,-0.4630183540181176,-0.4462727259193786,2020-02-21 07:00:00,2021-02-21 07:00:00,2021-02-21 07:00:00,366,1
575,2021-02-21 07:00:00,Naive,7,-0.4630183540181176,0.1360200289658509,2020-02-21 07:00:00,2021-02-21 07:00:00,2021-02-21 07:00:00,366,1
576,2021-02-22 07:00:00,Decision Tree,7,1.3238953516611913,1.2129707148344777,2020-02-22 07:00:00,2021-02-22 07:00:00,2021-02-22 07:00:00,366,1
577,2021-02-22 07:00:00,Random Forest,7,1.3238953516611913,1.240910750150818,2020-02-22 07:00:00,2021-02-22 07:00:00,2021-02-22 07:00:00,366,1
578,2021-02-22 07:00:00,Neural Network,7,1.3238953516611913,1.2901959573829596,2020-02-22 07:00:00,2021-02-22 07:00:00,2021-02-22 07:00:00,366,1
579,2021-02-22 07:00:00,Naive,7,1.3238953516611913,-0.4630183540181176,2020-02-22 07:00:00,2021-02-22 07:00:00,2021-02-22 07:00:00,366,1
580,2021-02-23 07:00:00,Decision Tree,7,1.286930475701092,1.282435303894246,2020-02-23 07:00:00,2021-02-23 07:00:00,2021-02-23 07:00:00,366,1
581,2021-02-23 07:00:00,Random Forest,7,1.286930475701092,1.2603349280567144,2020-02-23 07:00:00,2021-02-23 07:00:00,2021-02-23 07:00:00,366,1
582,2021-02-23 07:00:00,Neural Network,7,1.286930475701092,1.2774244395594208,2020-02-23 07:00:00,2021-02-23 07:00:00,2021-02-23 07:00:00,366,1
583,2021-02-23 07:00:00,Naive,7,1.286930475701092,1.3238953516611913,2020-02-23 07:00:00,2021-02-23 07:00:00,2021-02-23 07:00:00,366,1
584,2021-02-24 07:00:00,Decision Tree,7,0.7720732800239211,0.7059496355108407,2020-02-24 07:00:00,2021-02-24 07:00:00,2021-02-24 07:00:00,366,1
585,2021-02-24 07:00:00,Random Forest,7,0.7720732800239211,0.714745692607555,2020-02-24 07:00:00,2021-02-24 07:00:00,2021-02-24 07:00:00,366,1
586,2021-02-24 07:00:00,Neural Network,7,0.7720732800239211,0.6737596015999394,2020-02-24 07:00:00,2021-02-24 07:00:00,2021-02-24 07:00:00,366,1
587,2021-02-24 07:00:00,Naive,7,0.7720732800239211,1.286930475701092,2020-02-24 07:00:00,2021-02-24 07:00:00,2021-02-24 07:00:00,366,1
588,2021-02-25 07:00:00,Decision Tree,7,1.1834646852985606,1.228755646914842,2020-02-25 07:00:00,2021-02-25 07:00:00,2021-02-25 07:00:00,366,1
589,2021-02-25 07:00:00,Random Forest,7,1.1834646852985606,1.1712446848084563,2020-02-25 07:00:00,2021-02-25 07:00:00,2021-02-25 07:00:00,366,1
590,2021-02-25 07:00:00,Neural Network,7,1.1834646852985606,1.0942394136729727,2020-02-25 07:00:00,2021-02-25 07:00:00,2021-02-25 07:00:00,366,1
591,2021-02-25 07:00:00,Naive,7,1.1834646852985606,0.7720732800239211,2020-02-25 07:00:00,2021-02-25 07:00:00,2021-02-25 07:00:00,366,1
592,2021-02-26 07:00:00,Decision Tree,7,1.419870281492867,1.3329728299043808,2020-02-26 07:00:00,2021-02-26 07:00:00,2021-02-26 07:00:00,366,1
593,2021-02-26 07:00:00,Random Forest,7,1.419870281492867,1.38285484503839,2020-02-26 07:00:00,2021-02-26 07:00:00,2021-02-26 07:00:00,366,1
594,2021-02-26 07:00:00,Neural Network,7,1.419870281492867,1.1913748008739482,2020-02-26 07:00:00,2021-02-26 07:00:00,2021-02-26 07:00:00,366,1
595,2021-02-26 07:00:00,Naive,7,1.419870281492867,1.1834646852985606,2020-02-26 07:00:00,2021-02-26 07:00:00,2021-02-26 07:00:00,366,1
596,2021-02-27 07:00:00,Decision Tree,7,0.9073565424570182,0.7667669721418174,2020-02-27 07:00:00,2021-02-27 07:00:00,2021-02-27 07:00:00,366,1
597,2021-02-27 07:00:00,Random Forest,7,0.9073565424570182,0.804674920632156,2020-02-27 07:00:00,2021-02-27 07:00:00,2021-02-27 07:00:00,366,1
598,2021-02-27 07:00:00,Neural Network,7,0.9073565424570182,0.7734118517767936,2020-02-27 07:00:00,2021-02-27 07:00:00,2021-02-27 07:00:00,366,1
599,2021-02-27 07:00:00,Naive,7,0.9073565424570182,1.419870281492867,2020-02-27 07:00:00,2021-02-27 07:00:00,2021-02-27 07:00:00,366,1
600,2021-02-28 07:00:00,Decision Tree,7,0.4320004591144644,0.346813809749378,2020-02-28 07:00:00,2021-02-28 07:00:00,2021-02-28 07:00:00,366,1
601,2021-02-28 07:00:00,Random Forest,7,0.4320004591144644,0.3587161034615516,2020-02-28 07:00:00,2021-02-28 07:00:00,2021-02-28 07:00:00,366,1
602,2021-02-28 07:00:00,Neural Network,7,0.4320004591144644,0.5765694826118497,2020-02-28 07:00:00,2021-02-28 07:00:00,2021-02-28 07:00:00,366,1
603,2021-02-28 07:00:00,Naive,7,0.4320004591144644,0.9073565424570182,2020-02-28 07:00:00,2021-02-28 07:00:00,2021-02-28 07:00:00,366,1
604,2021-03-01 07:00:00,Decision Tree,7,1.5698023687746363,1.5510891631877088,2020-03-01 07:00:00,2021-03-01 07:00:00,2021-03-01 07:00:00,365,1
605,2021-03-01 07:00:00,Random Forest,7,1.5698023687746363,1.5174607779908167,2020-03-01 07:00:00,2021-03-01 07:00:00,2021-03-01 07:00:00,365,1
606,2021-03-01 07:00:00,Neural Network,7,1.5698023687746363,1.3245084375620881,2020-03-01 07:00:00,2021-03-01 07:00:00,2021-03-01 07:00:00,365,1
607,2021-03-01 07:00:00,Naive,7,1.5698023687746363,0.4320004591144644,2020-03-01 07:00:00,2021-03-01 07:00:00,2021-03-01 07:00:00,365,1
608,2021-03-02 07:00:00,Decision Tree,7,1.5989348455631525,1.5531684082529233,2020-03-02 07:00:00,2021-03-02 07:00:00,2021-03-02 07:00:00,365,1
609,2021-03-02 07:00:00,Random Forest,7,1.5989348455631525,1.5714751885899683,2020-03-02 07:00:00,2021-03-02 07:00:00,2021-03-02 07:00:00,365,1
610,2021-03-02 07:00:00,Neural Network,7,1.5989348455631525,1.4050577510416056,2020-03-02 07:00:00,2021-03-02 07:00:00,2021-03-02 07:00:00,365,1
611,2021-03-02 07:00:00,Naive,7,1.5989348455631525,1.5698023687746363,2020-03-02 07:00:00,2021-03-02 07:00:00,2021-03-02 07:00:00,365,1
612,2021-03-03 07:00:00,Decision Tree,7,1.6289880015855744,1.59875717141623,2020-03-03 07:00:00,2021-03-03 07:00:00,2021-03-03 07:00:00,365,1
613,2021-03-03 07:00:00,Random Forest,7,1.6289880015855744,1.6047911068681442,2020-03-03 07:00:00,2021-03-03 07:00:00,2021-03-03 07:00:00,365,1
614,2021-03-03 07:00:00,Neural Network,7,1.6289880015855744,1.4540388383162144,2020-03-03 07:00:00,2021-03-03 07:00:00,2021-03-03 07:00:00,365,1
615,2021-03-03 07:00:00,Naive,7,1.6289880015855744,1.5989348455631525,2020-03-03 07:00:00,2021-03-03 07:00:00,2021-03-03 07:00:00,365,1
616,2021-03-04 07:00:00,Decision Tree,7,1.4713763011438568,1.3933280229485157,2020-03-04 07:00:00,2021-03-04 07:00:00,2021-03-04 07:00:00,365,1
617,2021-03-04 07:00:00,Random Forest,7,1.4713763011438568,1.4151317856696863,2020-03-04 07:00:00,2021-03-04 07:00:00,2021-03-04 07:00:00,365,1
618,2021-03-04 07:00:00,Neural Network,7,1.4713763011438568,1.356475820695224,2020-03-04 07:00:00,2021-03-04 07:00:00,2021-03-04 07:00:00,365,1
619,2021-03-04 07:00:00,Naive,7,1.4713763011438568,1.6289880015855744,2020-03-04 07:00:00,2021-03-04 07:00:00,2021-03-04 07:00:00,365,1
620,2021-03-05 07:00:00,Decision Tree,7,1.561411481988445,1.6037956431111209,2020-03-05 07:00:00,2021-03-05 07:00:00,2021-03-05 07:00:00,365,1
621,2021-03-05 07:00:00,Random Forest,7,1.561411481988445,1.580099737358998,2020-03-05 07:00:00,2021-03-05 07:00:00,2021-03-05 07:00:00,365,1
622,2021-03-05 07:00:00,Neural Network,7,1.561411481988445,1.3776583503430921,2020-03-05 07:00:00,2021-03-05 07:00:00,2021-03-05 07:00:00,365,1
623,2021-03-05 07:00:00,Naive,7,1.561411481988445,1.4713763011438568,2020-03-05 07:00:00,2021-03-05 07:00:00,2021-03-05 07:00:00,365,1
624,2021-03-06 07:00:00,Decision Tree,7,0.7782941401785441,0.7066311712666774,2020-03-06 07:00:00,2021-03-06 07:00:00,2021-03-06 07:00:00,365,1
625,2021-03-06 07:00:00,Random Forest,7,0.7782941401785441,0.7301858198804987,2020-03-06 07:00:00,2021-03-06 07:00:00,2021-03-06 07:00:00,365,1
626,2021-03-06 07:00:00,Neural Network,7,0.7782941401785441,0.6249186866348616,2020-03-06 07:00:00,2021-03-06 07:00:00,2021-03-06 07:00:00,365,1
627,2021-03-06 07:00:00,Naive,7,0.7782941401785441,1.561411481988445,2020-03-06 07:00:00,2021-03-06 07:00:00,2021-03-06 07:00:00,365,1
628,2021-03-07 07:00:00,Decision Tree,7,0.6488148951351163,0.7060167981309384,2020-03-07 07:00:00,2021-03-07 07:00:00,2021-03-07 07:00:00,365,1
629,2021-03-07 07:00:00,Random Forest,7,0.6488148951351163,0.6028204368290822,2020-03-07 07:00:00,2021-03-07 07:00:00,2021-03-07 07:00:00,365,1
630,2021-03-07 07:00:00,Neural Network,7,0.6488148951351163,0.40101146599924653,2020-03-07 07:00:00,2021-03-07 07:00:00,2021-03-07 07:00:00,365,1
631,2021-03-07 07:00:00,Naive,7,0.6488148951351163,0.7782941401785441,2020-03-07 07:00:00,2021-03-07 07:00:00,2021-03-07 07:00:00,365,1
632,2021-03-08 07:00:00,Decision Tree,7,1.9342376741633946,1.9478033750501713,2020-03-08 07:00:00,2021-03-08 07:00:00,2021-03-08 07:00:00,365,1
633,2021-03-08 07:00:00,Random Forest,7,1.9342376741633946,1.9569335764894102,2020-03-08 07:00:00,2021-03-08 07:00:00,2021-03-08 07:00:00,365,1
634,2021-03-08 07:00:00,Neural Network,7,1.9342376741633946,1.8002450251187,2020-03-08 07:00:00,2021-03-08 07:00:00,2021-03-08 07:00:00,365,1
635,2021-03-08 07:00:00,Naive,7,1.9342376741633946,0.6488148951351163,2020-03-08 07:00:00,2021-03-08 07:00:00,2021-03-08 07:00:00,365,1
636,2021-03-09 07:00:00,Decision Tree,7,1.7977387698324172,1.7551730759788071,2020-03-09 07:00:00,2021-03-09 07:00:00,2021-03-09 07:00:00,365,1
637,2021-03-09 07:00:00,Random Forest,7,1.7977387698324172,1.750472292921677,2020-03-09 07:00:00,2021-03-09 07:00:00,2021-03-09 07:00:00,365,1
638,2021-03-09 07:00:00,Neural Network,7,1.7977387698324172,1.7290150210637218,2020-03-09 07:00:00,2021-03-09 07:00:00,2021-03-09 07:00:00,365,1
639,2021-03-09 07:00:00,Naive,7,1.7977387698324172,1.9342376741633946,2020-03-09 07:00:00,2021-03-09 07:00:00,2021-03-09 07:00:00,365,1
640,2021-03-10 07:00:00,Decision Tree,7,1.7021662698274054,1.7622673582877424,2020-03-10 07:00:00,2021-03-10 07:00:00,2021-03-10 07:00:00,365,1
641,2021-03-10 07:00:00,Random Forest,7,1.7021662698274054,1.7138649255672471,2020-03-10 07:00:00,2021-03-10 07:00:00,2021-03-10 07:00:00,365,1
642,2021-03-10 07:00:00,Neural Network,7,1.7021662698274054,1.6166032867845106,2020-03-10 07:00:00,2021-03-10 07:00:00,2021-03-10 07:00:00,365,1
643,2021-03-10 07:00:00,Naive,7,1.7021662698274054,1.7977387698324172,2020-03-10 07:00:00,2021-03-10 07:00:00,2021-03-10 07:00:00,365,1
644,2021-03-11 07:00:00,Decision Tree,7,0.18657332486172498,0.14631902370111516,2020-03-11 07:00:00,2021-03-11 07:00:00,2021-03-11 07:00:00,365,1
645,2021-03-11 07:00:00,Random Forest,7,0.18657332486172498,0.16307343077184094,2020-03-11 07:00:00,2021-03-11 07:00:00,2021-03-11 07:00:00,365,1
646,2021-03-11 07:00:00,Neural Network,7,0.18657332486172498,-0.35363108475987803,2020-03-11 07:00:00,2021-03-11 07:00:00,2021-03-11 07:00:00,365,1
647,2021-03-11 07:00:00,Naive,7,0.18657332486172498,1.7021662698274054,2020-03-11 07:00:00,2021-03-11 07:00:00,2021-03-11 07:00:00,365,1
648,2021-03-12 07:00:00,Decision Tree,7,0.3388018510736582,0.25488985860023217,2020-03-12 07:00:00,2021-03-12 07:00:00,2021-03-12 07:00:00,365,1
649,2021-03-12 07:00:00,Random Forest,7,0.3388018510736582,0.2625915627535478,2020-03-12 07:00:00,2021-03-12 07:00:00,2021-03-12 07:00:00,365,1
650,2021-03-12 07:00:00,Neural Network,7,0.3388018510736582,-0.15186922089926969,2020-03-12 07:00:00,2021-03-12 07:00:00,2021-03-12 07:00:00,365,1
651,2021-03-12 07:00:00,Naive,7,0.3388018510736582,0.18657332486172498,2020-03-12 07:00:00,2021-03-12 07:00:00,2021-03-12 07:00:00,365,1
652,2021-03-13 07:00:00,Decision Tree,7,-1.1427397542199766,-1.1445936855191308,2020-03-13 07:00:00,2021-03-13 07:00:00,2021-03-13 07:00:00,365,1
653,2021-03-13 07:00:00,Random Forest,7,-1.1427397542199766,-1.112011292005767,2020-03-13 07:00:00,2021-03-13 07:00:00,2021-03-13 07:00:00,365,1
654,2021-03-13 07:00:00,Neural Network,7,-1.1427397542199766,-1.0932409061688202,2020-03-13 07:00:00,2021-03-13 07:00:00,2021-03-13 07:00:00,365,1
655,2021-03-13 07:00:00,Naive,7,-1.1427397542199766,0.3388018510736582,2020-03-13 07:00:00,2021-03-13 07:00:00,2021-03-13 07:00:00,365,1
656,2021-03-14 07:00:00,Decision Tree,7,-1.7260500896569915,-1.630036953158532,2020-03-14 07:00:00,2021-03-14 07:00:00,2021-03-14 07:00:00,365,1
657,2021-03-14 07:00:00,Random Forest,7,-1.7260500896569915,-1.6748469156104024,2020-03-14 07:00:00,2021-03-14 07:00:00,2021-03-14 07:00:00,365,1
658,2021-03-14 07:00:00,Neural Network,7,-1.7260500896569915,-1.6811723056353043,2020-03-14 07:00:00,2021-03-14 07:00:00,2021-03-14 07:00:00,365,1
659,2021-03-14 07:00:00,Naive,7,-1.7260500896569915,-1.1427397542199766,2020-03-14 07:00:00,2021-03-14 07:00:00,2021-03-14 07:00:00,365,1
660,2021-03-15 07:00:00,Decision Tree,7,1.4749411679647109,1.4358331223091414,2020-03-15 07:00:00,2021-03-15 07:00:00,2021-03-15 07:00:00,365,1
661,2021-03-15 07:00:00,Random Forest,7,1.4749411679647109,1.3950202890531647,2020-03-15 07:00:00,2021-03-15 07:00:00,2021-03-15 07:00:00,365,1
662,2021-03-15 07:00:00,Neural Network,7,1.4749411679647109,1.0204923622993753,2020-03-15 07:00:00,2021-03-15 07:00:00,2021-03-15 07:00:00,365,1
663,2021-03-15 07:00:00,Naive,7,1.4749411679647109,-1.7260500896569915,2020-03-15 07:00:00,2021-03-15 07:00:00,2021-03-15 07:00:00,365,1
664,2021-03-16 07:00:00,Decision Tree,7,1.5958679618385698,1.6162735805277368,2020-03-16 07:00:00,2021-03-16 07:00:00,2021-03-16 07:00:00,365,1
665,2021-03-16 07:00:00,Random Forest,7,1.5958679618385698,1.5978791408155797,2020-03-16 07:00:00,2021-03-16 07:00:00,2021-03-16 07:00:00,365,1
666,2021-03-16 07:00:00,Neural Network,7,1.5958679618385698,1.5528770107356267,2020-03-16 07:00:00,2021-03-16 07:00:00,2021-03-16 07:00:00,365,1
667,2021-03-16 07:00:00,Naive,7,1.5958679618385698,1.4749411679647109,2020-03-16 07:00:00,2021-03-16 07:00:00,2021-03-16 07:00:00,365,1
668,2021-03-17 07:00:00,Decision Tree,7,1.4956949334087384,1.5241793574577926,2020-03-17 07:00:00,2021-03-17 07:00:00,2021-03-17 07:00:00,365,1
669,2021-03-17 07:00:00,Random Forest,7,1.4956949334087384,1.5315947696614431,2020-03-17 07:00:00,2021-03-17 07:00:00,2021-03-17 07:00:00,365,1
670,2021-03-17 07:00:00,Neural Network,7,1.4956949334087384,1.4038299876780906,2020-03-17 07:00:00,2021-03-17 07:00:00,2021-03-17 07:00:00,365,1
671,2021-03-17 07:00:00,Naive,7,1.4956949334087384,1.5958679618385698,2020-03-17 07:00:00,2021-03-17 07:00:00,2021-03-17 07:00:00,365,1
672,2021-03-18 07:00:00,Decision Tree,7,1.9178454433907977,2.043082723378455,2020-03-18 07:00:00,2021-03-18 07:00:00,2021-03-18 07:00:00,365,1
673,2021-03-18 07:00:00,Random Forest,7,1.9178454433907977,1.952564907289211,2020-03-18 07:00:00,2021-03-18 07:00:00,2021-03-18 07:00:00,365,1
674,2021-03-18 07:00:00,Neural Network,7,1.9178454433907977,1.9287706686557542,2020-03-18 07:00:00,2021-03-18 07:00:00,2021-03-18 07:00:00,365,1
675,2021-03-18 07:00:00,Naive,7,1.9178454433907977,1.4956949334087384,2020-03-18 07:00:00,2021-03-18 07:00:00,2021-03-18 07:00:00,365,1
676,2021-03-19 07:00:00,Decision Tree,7,1.734389368179055,1.693341306106201,2020-03-19 07:00:00,2021-03-19 07:00:00,2021-03-19 07:00:00,365,1
677,2021-03-19 07:00:00,Random Forest,7,1.734389368179055,1.7150616584946063,2020-03-19 07:00:00,2021-03-19 07:00:00,2021-03-19 07:00:00,365,1
678,2021-03-19 07:00:00,Neural Network,7,1.734389368179055,1.597782522210709,2020-03-19 07:00:00,2021-03-19 07:00:00,2021-03-19 07:00:00,365,1
679,2021-03-19 07:00:00,Naive,7,1.734389368179055,1.9178454433907977,2020-03-19 07:00:00,2021-03-19 07:00:00,2021-03-19 07:00:00,365,1
680,2021-03-20 07:00:00,Decision Tree,7,1.254045366473854,1.1214898458596039,2020-03-20 07:00:00,2021-03-20 07:00:00,2021-03-20 07:00:00,365,1
681,2021-03-20 07:00:00,Random Forest,7,1.254045366473854,1.1855054037355595,2020-03-20 07:00:00,2021-03-20 07:00:00,2021-03-20 07:00:00,365,1
682,2021-03-20 07:00:00,Neural Network,7,1.254045366473854,0.9482666203698735,2020-03-20 07:00:00,2021-03-20 07:00:00,2021-03-20 07:00:00,365,1
683,2021-03-20 07:00:00,Naive,7,1.254045366473854,1.734389368179055,2020-03-20 07:00:00,2021-03-20 07:00:00,2021-03-20 07:00:00,365,1
684,2021-03-21 07:00:00,Decision Tree,7,-0.8559154435497967,-0.8034907074605362,2020-03-21 07:00:00,2021-03-21 07:00:00,2021-03-21 07:00:00,365,1
685,2021-03-21 07:00:00,Random Forest,7,-0.8559154435497967,-0.8274817829443518,2020-03-21 07:00:00,2021-03-21 07:00:00,2021-03-21 07:00:00,365,1
686,2021-03-21 07:00:00,Neural Network,7,-0.8559154435497967,-0.9853867630827939,2020-03-21 07:00:00,2021-03-21 07:00:00,2021-03-21 07:00:00,365,1
687,2021-03-21 07:00:00,Naive,7,-0.8559154435497967,1.254045366473854,2020-03-21 07:00:00,2021-03-21 07:00:00,2021-03-21 07:00:00,365,1
688,2021-03-22 07:00:00,Decision Tree,7,1.7663926611308085,1.7589443499337205,2020-03-22 07:00:00,2021-03-22 07:00:00,2021-03-22 07:00:00,365,1
689,2021-03-22 07:00:00,Random Forest,7,1.7663926611308085,1.7636262416540123,2020-03-22 07:00:00,2021-03-22 07:00:00,2021-03-22 07:00:00,365,1
690,2021-03-22 07:00:00,Neural Network,7,1.7663926611308085,1.7566736464608916,2020-03-22 07:00:00,2021-03-22 07:00:00,2021-03-22 07:00:00,365,1
691,2021-03-22 07:00:00,Naive,7,1.7663926611308085,-0.8559154435497967,2020-03-22 07:00:00,2021-03-22 07:00:00,2021-03-22 07:00:00,365,1
692,2021-03-23 07:00:00,Decision Tree,7,1.7949650718674564,1.7390571557212953,2020-03-23 07:00:00,2021-03-23 07:00:00,2021-03-23 07:00:00,365,1
693,2021-03-23 07:00:00,Random Forest,7,1.7949650718674564,1.7751574586966024,2020-03-23 07:00:00,2021-03-23 07:00:00,2021-03-23 07:00:00,365,1
694,2021-03-23 07:00:00,Neural Network,7,1.7949650718674564,1.84381379996388,2020-03-23 07:00:00,2021-03-23 07:00:00,2021-03-23 07:00:00,365,1
695,2021-03-23 07:00:00,Naive,7,1.7949650718674564,1.7663926611308085,2020-03-23 07:00:00,2021-03-23 07:00:00,2021-03-23 07:00:00,365,1
696,2021-03-24 07:00:00,Decision Tree,7,1.559012242661593,1.6406831941690587,2020-03-24 07:00:00,2021-03-24 07:00:00,2021-03-24 07:00:00,365,1
697,2021-03-24 07:00:00,Random Forest,7,1.559012242661593,1.5949981835570206,2020-03-24 07:00:00,2021-03-24 07:00:00,2021-03-24 07:00:00,365,1
698,2021-03-24 07:00:00,Neural Network,7,1.559012242661593,1.4655453535755587,2020-03-24 07:00:00,2021-03-24 07:00:00,2021-03-24 07:00:00,365,1
699,2021-03-24 07:00:00,Naive,7,1.559012242661593,1.7949650718674564,2020-03-24 07:00:00,2021-03-24 07:00:00,2021-03-24 07:00:00,365,1
700,2021-03-25 07:00:00,Decision Tree,7,1.8044753263091853,1.7643779790750733,2020-03-25 07:00:00,2021-03-25 07:00:00,2021-03-25 07:00:00,365,1
701,2021-03-25 07:00:00,Random Forest,7,1.8044753263091853,1.7811756608112401,2020-03-25 07:00:00,2021-03-25 07:00:00,2021-03-25 07:00:00,365,1
702,2021-03-25 07:00:00,Neural Network,7,1.8044753263091853,1.892871108797991,2020-03-25 07:00:00,2021-03-25 07:00:00,2021-03-25 07:00:00,365,1
703,2021-03-25 07:00:00,Naive,7,1.8044753263091853,1.559012242661593,2020-03-25 07:00:00,2021-03-25 07:00:00,2021-03-25 07:00:00,365,1
704,2021-03-26 07:00:00,Decision Tree,7,1.5525047072199734,1.5770057801652793,2020-03-26 07:00:00,2021-03-26 07:00:00,2021-03-26 07:00:00,365,1
705,2021-03-26 07:00:00,Random Forest,7,1.5525047072199734,1.5642004600927875,2020-03-26 07:00:00,2021-03-26 07:00:00,2021-03-26 07:00:00,365,1
706,2021-03-26 07:00:00,Neural Network,7,1.5525047072199734,1.3322453140229276,2020-03-26 07:00:00,2021-03-26 07:00:00,2021-03-26 07:00:00,365,1
707,2021-03-26 07:00:00,Naive,7,1.5525047072199734,1.8044753263091853,2020-03-26 07:00:00,2021-03-26 07:00:00,2021-03-26 07:00:00,365,1
708,2021-03-27 07:00:00,Decision Tree,7,-0.3778610039686724,-0.3434494099979877,2020-03-27 07:00:00,2021-03-27 07:00:00,2021-03-27 07:00:00,365,1
709,2021-03-27 07:00:00,Random Forest,7,-0.3778610039686724,-0.35865076443250277,2020-03-27 07:00:00,2021-03-27 07:00:00,2021-03-27 07:00:00,365,1
710,2021-03-27 07:00:00,Neural Network,7,-0.3778610039686724,-0.5926064404519016,2020-03-27 07:00:00,2021-03-27 07:00:00,2021-03-27 07:00:00,365,1
711,2021-03-27 07:00:00,Naive,7,-0.3778610039686724,1.5525047072199734,2020-03-27 07:00:00,2021-03-27 07:00:00,2021-03-27 07:00:00,365,1
712,2021-03-28 07:00:00,Decision Tree,7,0.005217031932435885,-0.032460645912276896,2020-03-28 07:00:00,2021-03-28 07:00:00,2021-03-28 07:00:00,365,1
713,2021-03-28 07:00:00,Random Forest,7,0.005217031932435885,-0.020598249485992988,2020-03-28 07:00:00,2021-03-28 07:00:00,2021-03-28 07:00:00,365,1
714,2021-03-28 07:00:00,Neural Network,7,0.005217031932435885,-0.24025911854152615,2020-03-28 07:00:00,2021-03-28 07:00:00,2021-03-28 07:00:00,365,1
715,2021-03-28 07:00:00,Naive,7,0.005217031932435885,-0.3778610039686724,2020-03-28 07:00:00,2021-03-28 07:00:00,2021-03-28 07:00:00,365,1
716,2021-03-29 07:00:00,Decision Tree,7,1.5923318622740354,1.6133584921435704,2020-03-29 07:00:00,2021-03-29 07:00:00,2021-03-29 07:00:00,365,1
717,2021-03-29 07:00:00,Random Forest,7,1.5923318622740354,1.5999773991992567,2020-03-29 07:00:00,2021-03-29 07:00:00,2021-03-29 07:00:00,365,1
718,2021-03-29 07:00:00,Neural Network,7,1.5923318622740354,1.7024843252881092,2020-03-29 07:00:00,2021-03-29 07:00:00,2021-03-29 07:00:00,365,1
719,2021-03-29 07:00:00,Naive,7,1.5923318622740354,0.005217031932435885,2020-03-29 07:00:00,2021-03-29 07:00:00,2021-03-29 07:00:00,365,1
720,2021-03-30 07:00:00,Decision Tree,7,1.8708641801065162,1.8530536003460918,2020-03-30 07:00:00,2021-03-30 07:00:00,2021-03-30 07:00:00,365,1
721,2021-03-30 07:00:00,Random Forest,7,1.8708641801065162,1.9126361402696834,2020-03-30 07:00:00,2021-03-30 07:00:00,2021-03-30 07:00:00,365,1
722,2021-03-30 07:00:00,Neural Network,7,1.8708641801065162,1.9098892977029394,2020-03-30 07:00:00,2021-03-30 07:00:00,2021-03-30 07:00:00,365,1
723,2021-03-30 07:00:00,Naive,7,1.8708641801065162,1.5923318622740354,2020-03-30 07:00:00,2021-03-30 07:00:00,2021-03-30 07:00:00,365,1
724,2021-03-31 07:00:00,Decision Tree,7,1.7957466049829642,1.862537722317139,2020-03-31 07:00:00,2021-03-31 07:00:00,2021-03-31 07:00:00,365,1
725,2021-03-31 07:00:00,Random Forest,7,1.7957466049829642,1.7852680082515178,2020-03-31 07:00:00,2021-03-31 07:00:00,2021-03-31 07:00:00,365,1
726,2021-03-31 07:00:00,Neural Network,7,1.7957466049829642,1.7935796174474627,2020-03-31 07:00:00,2021-03-31 07:00:00,2021-03-31 07:00:00,365,1
727,2021-03-31 07:00:00,Naive,7,1.7957466049829642,1.8708641801065162,2020-03-31 07:00:00,2021-03-31 07:00:00,2021-03-31 07:00:00,365,1
728,2021-04-01 07:00:00,Decision Tree,7,1.6888312685966524,1.6923883997613245,2020-04-01 07:00:00,2021-04-01 07:00:00,2021-04-01 07:00:00,365,1
729,2021-04-01 07:00:00,Random Forest,7,1.6888312685966524,1.7138870739003955,2020-04-01 07:00:00,2021-04-01 07:00:00,2021-04-01 07:00:00,365,1
730,2021-04-01 07:00:00,Neural Network,7,1.6888312685966524,1.5680609956041467,2020-04-01 07:00:00,2021-04-01 07:00:00,2021-04-01 07:00:00,365,1
731,2021-04-01 07:00:00,Naive,7,1.6888312685966524,1.7957466049829642,2020-04-01 07:00:00,2021-04-01 07:00:00,2021-04-01 07:00:00,365,1
732,2021-04-02 07:00:00,Decision Tree,7,1.3565888906449246,1.4473737998375027,2020-04-02 07:00:00,2021-04-02 07:00:00,2021-04-02 07:00:00,365,1
733,2021-04-02 07:00:00,Random Forest,7,1.3565888906449246,1.4083669265647905,2020-04-02 07:00:00,2021-04-02 07:00:00,2021-04-02 07:00:00,365,1
734,2021-04-02 07:00:00,Neural Network,7,1.3565888906449246,0.4906772539307921,2020-04-02 07:00:00,2021-04-02 07:00:00,2021-04-02 07:00:00,365,1
735,2021-04-02 07:00:00,Naive,7,1.3565888906449246,1.6888312685966524,2020-04-02 07:00:00,2021-04-02 07:00:00,2021-04-02 07:00:00,365,1
736,2021-04-03 07:00:00,Decision Tree,7,0.44873148851250666,0.4561286476686766,2020-04-03 07:00:00,2021-04-03 07:00:00,2021-04-03 07:00:00,365,1
737,2021-04-03 07:00:00,Random Forest,7,0.44873148851250666,0.4410377650849512,2020-04-03 07:00:00,2021-04-03 07:00:00,2021-04-03 07:00:00,365,1
738,2021-04-03 07:00:00,Neural Network,7,0.44873148851250666,0.21636610269967388,2020-04-03 07:00:00,2021-04-03 07:00:00,2021-04-03 07:00:00,365,1
739,2021-04-03 07:00:00,Naive,7,0.44873148851250666,1.3565888906449246,2020-04-03 07:00:00,2021-04-03 07:00:00,2021-04-03 07:00:00,365,1
740,2021-04-04 07:00:00,Decision Tree,7,0.19805943516882493,0.19147066073591518,2020-04-04 07:00:00,2021-04-04 07:00:00,2021-04-04 07:00:00,365,1
741,2021-04-04 07:00:00,Random Forest,7,0.19805943516882493,0.1813194435416932,2020-04-04 07:00:00,2021-04-04 07:00:00,2021-04-04 07:00:00,365,1
742,2021-04-04 07:00:00,Neural Network,7,0.19805943516882493,0.18759354641428616,2020-04-04 07:00:00,2021-04-04 07:00:00,2021-04-04 07:00:00,365,1
743,2021-04-04 07:00:00,Naive,7,0.19805943516882493,0.44873148851250666,2020-04-04 07:00:00,2021-04-04 07:00:00,2021-04-04 07:00:00,365,1
744,2021-04-05 07:00:00,Decision Tree,7,-2.4839148359997036,-1.9823838796200186,2020-04-05 07:00:00,2021-04-05 07:00:00,2021-04-05 07:00:00,365,1
745,2021-04-05 07:00:00,Random Forest,7,-2.4839148359997036,-1.9438452250072829,2020-04-05 07:00:00,2021-04-05 07:00:00,2021-04-05 07:00:00,365,1
746,2021-04-05 07:00:00,Neural Network,7,-2.4839148359997036,-2.4961700899082286,2020-04-05 07:00:00,2021-04-05 07:00:00,2021-04-05 07:00:00,365,1
747,2021-04-05 07:00:00,Naive,7,-2.4839148359997036,0.19805943516882493,2020-04-05 07:00:00,2021-04-05 07:00:00,2021-04-05 07:00:00,365,1
748,2021-04-06 07:00:00,Decision Tree,7,1.5247060113282518,1.5418390108133926,2020-04-06 07:00:00,2021-04-06 07:00:00,2021-04-06 07:00:00,365,1
749,2021-04-06 07:00:00,Random Forest,7,1.5247060113282518,1.5617464775163459,2020-04-06 07:00:00,2021-04-06 07:00:00,2021-04-06 07:00:00,365,1
750,2021-04-06 07:00:00,Neural Network,7,1.5247060113282518,1.355946320348595,2020-04-06 07:00:00,2021-04-06 07:00:00,2021-04-06 07:00:00,365,1
751,2021-04-06 07:00:00,Naive,7,1.5247060113282518,-2.4839148359997036,2020-04-06 07:00:00,2021-04-06 07:00:00,2021-04-06 07:00:00,365,1
752,2021-04-07 07:00:00,Decision Tree,7,1.9134718583097112,2.043082723378455,2020-04-07 07:00:00,2021-04-07 07:00:00,2021-04-07 07:00:00,365,1
753,2021-04-07 07:00:00,Random Forest,7,1.9134718583097112,1.9776340715008978,2020-04-07 07:00:00,2021-04-07 07:00:00,2021-04-07 07:00:00,365,1
754,2021-04-07 07:00:00,Neural Network,7,1.9134718583097112,2.184702880484066,2020-04-07 07:00:00,2021-04-07 07:00:00,2021-04-07 07:00:00,365,1
755,2021-04-07 07:00:00,Naive,7,1.9134718583097112,1.5247060113282518,2020-04-07 07:00:00,2021-04-07 07:00:00,2021-04-07 07:00:00,365,1
756,2021-04-08 07:00:00,Decision Tree,7,1.8910276363783347,2.006675845513255,2020-04-08 07:00:00,2021-04-08 07:00:00,2021-04-08 07:00:00,365,1
757,2021-04-08 07:00:00,Random Forest,7,1.8910276363783347,1.9364685349598059,2020-04-08 07:00:00,2021-04-08 07:00:00,2021-04-08 07:00:00,365,1
758,2021-04-08 07:00:00,Neural Network,7,1.8910276363783347,1.9005928668202043,2020-04-08 07:00:00,2021-04-08 07:00:00,2021-04-08 07:00:00,365,1
759,2021-04-08 07:00:00,Naive,7,1.8910276363783347,1.9134718583097112,2020-04-08 07:00:00,2021-04-08 07:00:00,2021-04-08 07:00:00,365,1
760,2021-04-09 07:00:00,Decision Tree,7,1.1465665932898117,1.2152335063533746,2020-04-09 07:00:00,2021-04-09 07:00:00,2021-04-09 07:00:00,365,1
761,2021-04-09 07:00:00,Random Forest,7,1.1465665932898117,1.1877926546382183,2020-04-09 07:00:00,2021-04-09 07:00:00,2021-04-09 07:00:00,365,1
762,2021-04-09 07:00:00,Neural Network,7,1.1465665932898117,1.0241099969088694,2020-04-09 07:00:00,2021-04-09 07:00:00,2021-04-09 07:00:00,365,1
763,2021-04-09 07:00:00,Naive,7,1.1465665932898117,1.8910276363783347,2020-04-09 07:00:00,2021-04-09 07:00:00,2021-04-09 07:00:00,365,1
764,2021-04-10 07:00:00,Decision Tree,7,1.325618690249534,1.3512202909698265,2020-04-10 07:00:00,2021-04-10 07:00:00,2021-04-10 07:00:00,365,1
765,2021-04-10 07:00:00,Random Forest,7,1.325618690249534,1.3266251924240005,2020-04-10 07:00:00,2021-04-10 07:00:00,2021-04-10 07:00:00,365,1
766,2021-04-10 07:00:00,Neural Network,7,1.325618690249534,0.8827837823656697,2020-04-10 07:00:00,2021-04-10 07:00:00,2021-04-10 07:00:00,365,1
767,2021-04-10 07:00:00,Naive,7,1.325618690249534,1.1465665932898117,2020-04-10 07:00:00,2021-04-10 07:00:00,2021-04-10 07:00:00,365,1
768,2021-04-11 07:00:00,Decision Tree,7,0.4388483100927607,0.41941079768149986,2020-04-11 07:00:00,2021-04-11 07:00:00,2021-04-11 07:00:00,365,1
769,2021-04-11 07:00:00,Random Forest,7,0.4388483100927607,0.43467076808008387,2020-04-11 07:00:00,2021-04-11 07:00:00,2021-04-11 07:00:00,365,1
770,2021-04-11 07:00:00,Neural Network,7,0.4388483100927607,0.17820860683915032,2020-04-11 07:00:00,2021-04-11 07:00:00,2021-04-11 07:00:00,365,1
771,2021-04-11 07:00:00,Naive,7,0.4388483100927607,1.325618690249534,2020-04-11 07:00:00,2021-04-11 07:00:00,2021-04-11 07:00:00,365,1
772,2021-04-12 07:00:00,Decision Tree,7,2.0057047258063294,1.905489358469751,2020-04-12 07:00:00,2021-04-12 07:00:00,2021-04-12 07:00:00,365,1
773,2021-04-12 07:00:00,Random Forest,7,2.0057047258063294,2.0552738549914906,2020-04-12 07:00:00,2021-04-12 07:00:00,2021-04-12 07:00:00,365,1
774,2021-04-12 07:00:00,Neural Network,7,2.0057047258063294,2.216508017601156,2020-04-12 07:00:00,2021-04-12 07:00:00,2021-04-12 07:00:00,365,1
775,2021-04-12 07:00:00,Naive,7,2.0057047258063294,0.4388483100927607,2020-04-12 07:00:00,2021-04-12 07:00:00,2021-04-12 07:00:00,365,1
776,2021-04-13 07:00:00,Decision Tree,7,1.989892872480726,2.0508293648681213,2020-04-13 07:00:00,2021-04-13 07:00:00,2021-04-13 07:00:00,365,1
777,2021-04-13 07:00:00,Random Forest,7,1.989892872480726,2.077526344279522,2020-04-13 07:00:00,2021-04-13 07:00:00,2021-04-13 07:00:00,365,1
778,2021-04-13 07:00:00,Neural Network,7,1.989892872480726,2.1464662879359526,2020-04-13 07:00:00,2021-04-13 07:00:00,2021-04-13 07:00:00,365,1
779,2021-04-13 07:00:00,Naive,7,1.989892872480726,2.0057047258063294,2020-04-13 07:00:00,2021-04-13 07:00:00,2021-04-13 07:00:00,365,1
780,2021-04-14 07:00:00,Decision Tree,7,2.4960506213745997,2.058053015418268,2020-04-14 07:00:00,2021-04-14 07:00:00,2021-04-14 07:00:00,365,1
781,2021-04-14 07:00:00,Random Forest,7,2.4960506213745997,2.095790383308685,2020-04-14 07:00:00,2021-04-14 07:00:00,2021-04-14 07:00:00,365,1
782,2021-04-14 07:00:00,Neural Network,7,2.4960506213745997,3.055507964439382,2020-04-14 07:00:00,2021-04-14 07:00:00,2021-04-14 07:00:00,365,1
783,2021-04-14 07:00:00,Naive,7,2.4960506213745997,1.989892872480726,2020-04-14 07:00:00,2021-04-14 07:00:00,2021-04-14 07:00:00,365,1
784,2021-04-15 07:00:00,Decision Tree,7,2.3211268926878335,2.1745687680312464,2020-04-15 07:00:00,2021-04-15 07:00:00,2021-04-15 07:00:00,365,1
785,2021-04-15 07:00:00,Random Forest,7,2.3211268926878335,2.2791714493153994,2020-04-15 07:00:00,2021-04-15 07:00:00,2021-04-15 07:00:00,365,1
786,2021-04-15 07:00:00,Neural Network,7,2.3211268926878335,2.5418051818651435,2020-04-15 07:00:00,2021-04-15 07:00:00,2021-04-15 07:00:00,365,1
787,2021-04-15 07:00:00,Naive,7,2.3211268926878335,2.4960506213745997,2020-04-15 07:00:00,2021-04-15 07:00:00,2021-04-15 07:00:00,365,1
788,2021-04-16 07:00:00,Decision Tree,7,2.009884022394815,2.1989951221406776,2020-04-16 07:00:00,2021-04-16 07:00:00,2021-04-16 07:00:00,365,1
789,2021-04-16 07:00:00,Random Forest,7,2.009884022394815,2.0142539416721483,2020-04-16 07:00:00,2021-04-16 07:00:00,2021-04-16 07:00:00,365,1
790,2021-04-16 07:00:00,Neural Network,7,2.009884022394815,1.9692455458816567,2020-04-16 07:00:00,2021-04-16 07:00:00,2021-04-16 07:00:00,365,1
791,2021-04-16 07:00:00,Naive,7,2.009884022394815,2.3211268926878335,2020-04-16 07:00:00,2021-04-16 07:00:00,2021-04-16 07:00:00,365,1
792,2021-04-17 07:00:00,Decision Tree,7,1.5047555646753914,1.55348736239458,2020-04-17 07:00:00,2021-04-17 07:00:00,2021-04-17 07:00:00,365,1
793,2021-04-17 07:00:00,Random Forest,7,1.5047555646753914,1.5493829210825225,2020-04-17 07:00:00,2021-04-17 07:00:00,2021-04-17 07:00:00,365,1
794,2021-04-17 07:00:00,Neural Network,7,1.5047555646753914,1.055058289475354,2020-04-17 07:00:00,2021-04-17 07:00:00,2021-04-17 07:00:00,365,1
795,2021-04-17 07:00:00,Naive,7,1.5047555646753914,2.009884022394815,2020-04-17 07:00:00,2021-04-17 07:00:00,2021-04-17 07:00:00,365,1
796,2021-04-18 07:00:00,Decision Tree,7,1.4201562604548377,1.3647919644632862,2020-04-18 07:00:00,2021-04-18 07:00:00,2021-04-18 07:00:00,365,1
797,2021-04-18 07:00:00,Random Forest,7,1.4201562604548377,1.4024555122721443,2020-04-18 07:00:00,2021-04-18 07:00:00,2021-04-18 07:00:00,365,1
798,2021-04-18 07:00:00,Neural Network,7,1.4201562604548377,1.0148813390768416,2020-04-18 07:00:00,2021-04-18 07:00:00,2021-04-18 07:00:00,365,1
799,2021-04-18 07:00:00,Naive,7,1.4201562604548377,1.5047555646753914,2020-04-18 07:00:00,2021-04-18 07:00:00,2021-04-18 07:00:00,365,1
800,2021-04-19 07:00:00,Decision Tree,7,2.2211680974047106,2.2413781432793143,2020-04-19 07:00:00,2021-04-19 07:00:00,2021-04-19 07:00:00,365,1
801,2021-04-19 07:00:00,Random Forest,7,2.2211680974047106,2.2910346036583404,2020-04-19 07:00:00,2021-04-19 07:00:00,2021-04-19 07:00:00,365,1
802,2021-04-19 07:00:00,Neural Network,7,2.2211680974047106,2.433470369590407,2020-04-19 07:00:00,2021-04-19 07:00:00,2021-04-19 07:00:00,365,1
803,2021-04-19 07:00:00,Naive,7,2.2211680974047106,1.4201562604548377,2020-04-19 07:00:00,2021-04-19 07:00:00,2021-04-19 07:00:00,365,1
804,2021-04-20 07:00:00,Decision Tree,7,2.2235256111692054,2.2844708175989905,2020-04-20 07:00:00,2021-04-20 07:00:00,2021-04-20 07:00:00,365,1
805,2021-04-20 07:00:00,Random Forest,7,2.2235256111692054,2.314977775790489,2020-04-20 07:00:00,2021-04-20 07:00:00,2021-04-20 07:00:00,365,1
806,2021-04-20 07:00:00,Neural Network,7,2.2235256111692054,2.372606782105847,2020-04-20 07:00:00,2021-04-20 07:00:00,2021-04-20 07:00:00,365,1
807,2021-04-20 07:00:00,Naive,7,2.2235256111692054,2.2211680974047106,2020-04-20 07:00:00,2021-04-20 07:00:00,2021-04-20 07:00:00,365,1
808,2021-04-21 07:00:00,Decision Tree,7,2.0259951082189587,1.9799665441805256,2020-04-21 07:00:00,2021-04-21 07:00:00,2021-04-21 07:00:00,365,1
809,2021-04-21 07:00:00,Random Forest,7,2.0259951082189587,2.01834930254493,2020-04-21 07:00:00,2021-04-21 07:00:00,2021-04-21 07:00:00,365,1
810,2021-04-21 07:00:00,Neural Network,7,2.0259951082189587,2.120952128087703,2020-04-21 07:00:00,2021-04-21 07:00:00,2021-04-21 07:00:00,365,1
811,2021-04-21 07:00:00,Naive,7,2.0259951082189587,2.2235256111692054,2020-04-21 07:00:00,2021-04-21 07:00:00,2021-04-21 07:00:00,365,1
812,2021-04-22 07:00:00,Decision Tree,7,1.9263875052655688,2.007709579052482,2020-04-22 07:00:00,2021-04-22 07:00:00,2021-04-22 07:00:00,365,1
813,2021-04-22 07:00:00,Random Forest,7,1.9263875052655688,1.9882158861178365,2020-04-22 07:00:00,2021-04-22 07:00:00,2021-04-22 07:00:00,365,1
814,2021-04-22 07:00:00,Neural Network,7,1.9263875052655688,1.9802852418852752,2020-04-22 07:00:00,2021-04-22 07:00:00,2021-04-22 07:00:00,365,1
815,2021-04-22 07:00:00,Naive,7,1.9263875052655688,2.0259951082189587,2020-04-22 07:00:00,2021-04-22 07:00:00,2021-04-22 07:00:00,365,1
816,2021-04-23 07:00:00,Decision Tree,7,1.9487167559750382,2.007709579052482,2020-04-23 07:00:00,2021-04-23 07:00:00,2021-04-23 07:00:00,365,1
817,2021-04-23 07:00:00,Random Forest,7,1.9487167559750382,1.984184073077223,2020-04-23 07:00:00,2021-04-23 07:00:00,2021-04-23 07:00:00,365,1
818,2021-04-23 07:00:00,Neural Network,7,1.9487167559750382,1.6997252904031543,2020-04-23 07:00:00,2021-04-23 07:00:00,2021-04-23 07:00:00,365,1
819,2021-04-23 07:00:00,Naive,7,1.9487167559750382,1.9263875052655688,2020-04-23 07:00:00,2021-04-23 07:00:00,2021-04-23 07:00:00,365,1
820,2021-04-24 07:00:00,Decision Tree,7,1.221346065952714,1.2413446286633039,2020-04-24 07:00:00,2021-04-24 07:00:00,2021-04-24 07:00:00,365,1
821,2021-04-24 07:00:00,Random Forest,7,1.221346065952714,1.2529593987858654,2020-04-24 07:00:00,2021-04-24 07:00:00,2021-04-24 07:00:00,365,1
822,2021-04-24 07:00:00,Neural Network,7,1.221346065952714,0.8848357582556856,2020-04-24 07:00:00,2021-04-24 07:00:00,2021-04-24 07:00:00,365,1
823,2021-04-24 07:00:00,Naive,7,1.221346065952714,1.9487167559750382,2020-04-24 07:00:00,2021-04-24 07:00:00,2021-04-24 07:00:00,365,1
824,2021-04-25 07:00:00,Decision Tree,7,0.5367099974580988,0.545316491650807,2020-04-25 07:00:00,2021-04-25 07:00:00,2021-04-25 07:00:00,365,1
825,2021-04-25 07:00:00,Random Forest,7,0.5367099974580988,0.5475358120048353,2020-04-25 07:00:00,2021-04-25 07:00:00,2021-04-25 07:00:00,365,1
826,2021-04-25 07:00:00,Neural Network,7,0.5367099974580988,0.5153684415411118,2020-04-25 07:00:00,2021-04-25 07:00:00,2021-04-25 07:00:00,365,1
827,2021-04-25 07:00:00,Naive,7,0.5367099974580988,1.221346065952714,2020-04-25 07:00:00,2021-04-25 07:00:00,2021-04-25 07:00:00,365,1
828,2021-04-26 07:00:00,Decision Tree,7,1.9070515321377361,1.8922296215822336,2020-04-26 07:00:00,2021-04-26 07:00:00,2021-04-26 07:00:00,365,1
829,2021-04-26 07:00:00,Random Forest,7,1.9070515321377361,1.9570305102677488,2020-04-26 07:00:00,2021-04-26 07:00:00,2021-04-26 07:00:00,365,1
830,2021-04-26 07:00:00,Neural Network,7,1.9070515321377361,1.8776743917982186,2020-04-26 07:00:00,2021-04-26 07:00:00,2021-04-26 07:00:00,365,1
831,2021-04-26 07:00:00,Naive,7,1.9070515321377361,0.5367099974580988,2020-04-26 07:00:00,2021-04-26 07:00:00,2021-04-26 07:00:00,365,1
832,2021-04-27 07:00:00,Decision Tree,7,1.9237750548093386,1.8946999400081506,2020-04-27 07:00:00,2021-04-27 07:00:00,2021-04-27 07:00:00,365,1
833,2021-04-27 07:00:00,Random Forest,7,1.9237750548093386,1.942862861041895,2020-04-27 07:00:00,2021-04-27 07:00:00,2021-04-27 07:00:00,365,1
834,2021-04-27 07:00:00,Neural Network,7,1.9237750548093386,2.035653684317526,2020-04-27 07:00:00,2021-04-27 07:00:00,2021-04-27 07:00:00,365,1
835,2021-04-27 07:00:00,Naive,7,1.9237750548093386,1.9070515321377361,2020-04-27 07:00:00,2021-04-27 07:00:00,2021-04-27 07:00:00,365,1
836,2021-04-28 07:00:00,Decision Tree,7,1.88911853323805,1.8988535278368917,2020-04-28 07:00:00,2021-04-28 07:00:00,2021-04-28 07:00:00,365,1
837,2021-04-28 07:00:00,Random Forest,7,1.88911853323805,1.9221516374909215,2020-04-28 07:00:00,2021-04-28 07:00:00,2021-04-28 07:00:00,365,1
838,2021-04-28 07:00:00,Neural Network,7,1.88911853323805,2.0203460134923272,2020-04-28 07:00:00,2021-04-28 07:00:00,2021-04-28 07:00:00,365,1
839,2021-04-28 07:00:00,Naive,7,1.88911853323805,1.9237750548093386,2020-04-28 07:00:00,2021-04-28 07:00:00,2021-04-28 07:00:00,365,1
840,2021-04-29 07:00:00,Decision Tree,7,1.8534142712281558,1.8976366535120364,2020-04-29 07:00:00,2021-04-29 07:00:00,2021-04-29 07:00:00,365,1
841,2021-04-29 07:00:00,Random Forest,7,1.8534142712281558,1.9174724395938154,2020-04-29 07:00:00,2021-04-29 07:00:00,2021-04-29 07:00:00,365,1
842,2021-04-29 07:00:00,Neural Network,7,1.8534142712281558,1.8194287531965025,2020-04-29 07:00:00,2021-04-29 07:00:00,2021-04-29 07:00:00,365,1
843,2021-04-29 07:00:00,Naive,7,1.8534142712281558,1.88911853323805,2020-04-29 07:00:00,2021-04-29 07:00:00,2021-04-29 07:00:00,365,1
844,2021-04-30 07:00:00,Decision Tree,7,1.888875591418339,1.8927230554804941,2020-04-30 07:00:00,2021-04-30 07:00:00,2021-04-30 07:00:00,365,1
845,2021-04-30 07:00:00,Random Forest,7,1.888875591418339,1.906905056796074,2020-04-30 07:00:00,2021-04-30 07:00:00,2021-04-30 07:00:00,365,1
846,2021-04-30 07:00:00,Neural Network,7,1.888875591418339,1.8675395993138126,2020-04-30 07:00:00,2021-04-30 07:00:00,2021-04-30 07:00:00,365,1
847,2021-04-30 07:00:00,Naive,7,1.888875591418339,1.8534142712281558,2020-04-30 07:00:00,2021-04-30 07:00:00,2021-04-30 07:00:00,365,1
848,2021-05-01 07:00:00,Decision Tree,7,1.05615112717037,1.1214898458596039,2020-05-01 07:00:00,2021-05-01 07:00:00,2021-05-01 07:00:00,365,1
849,2021-05-01 07:00:00,Random Forest,7,1.05615112717037,1.0623357132643736,2020-05-01 07:00:00,2021-05-01 07:00:00,2021-05-01 07:00:00,365,1
850,2021-05-01 07:00:00,Neural Network,7,1.05615112717037,-0.013463055365227072,2020-05-01 07:00:00,2021-05-01 07:00:00,2021-05-01 07:00:00,365,1
851,2021-05-01 07:00:00,Naive,7,1.05615112717037,1.888875591418339,2020-05-01 07:00:00,2021-05-01 07:00:00,2021-05-01 07:00:00,365,1
852,2021-05-02 07:00:00,Decision Tree,7,0.8378446665500314,0.8497355929394657,2020-05-02 07:00:00,2021-05-02 07:00:00,2021-05-02 07:00:00,365,1
853,2021-05-02 07:00:00,Random Forest,7,0.8378446665500314,0.8728215972414406,2020-05-02 07:00:00,2021-05-02 07:00:00,2021-05-02 07:00:00,365,1
854,2021-05-02 07:00:00,Neural Network,7,0.8378446665500314,0.5495733254156073,2020-05-02 07:00:00,2021-05-02 07:00:00,2021-05-02 07:00:00,365,1
855,2021-05-02 07:00:00,Naive,7,0.8378446665500314,1.05615112717037,2020-05-02 07:00:00,2021-05-02 07:00:00,2021-05-02 07:00:00,365,1
856,2021-05-03 07:00:00,Decision Tree,7,1.9749415700972042,1.9978774418729082,2020-05-03 07:00:00,2021-05-03 07:00:00,2021-05-03 07:00:00,365,1
857,2021-05-03 07:00:00,Random Forest,7,1.9749415700972042,2.0016261495633487,2020-05-03 07:00:00,2021-05-03 07:00:00,2021-05-03 07:00:00,365,1
858,2021-05-03 07:00:00,Neural Network,7,1.9749415700972042,1.9115671640081384,2020-05-03 07:00:00,2021-05-03 07:00:00,2021-05-03 07:00:00,365,1
859,2021-05-03 07:00:00,Naive,7,1.9749415700972042,0.8378446665500314,2020-05-03 07:00:00,2021-05-03 07:00:00,2021-05-03 07:00:00,365,1
860,2021-05-04 07:00:00,Decision Tree,7,0.8912447768408304,0.9196221799325729,2020-05-04 07:00:00,2021-05-04 07:00:00,2021-05-04 07:00:00,365,1
861,2021-05-04 07:00:00,Random Forest,7,0.8912447768408304,0.9221647974779885,2020-05-04 07:00:00,2021-05-04 07:00:00,2021-05-04 07:00:00,365,1
862,2021-05-04 07:00:00,Neural Network,7,0.8912447768408304,0.29177295598213865,2020-05-04 07:00:00,2021-05-04 07:00:00,2021-05-04 07:00:00,365,1
863,2021-05-04 07:00:00,Naive,7,0.8912447768408304,1.9749415700972042,2020-05-04 07:00:00,2021-05-04 07:00:00,2021-05-04 07:00:00,365,1
864,2021-05-05 07:00:00,Decision Tree,7,1.3891991220734767,1.513226599361175,2020-05-05 07:00:00,2021-05-05 07:00:00,2021-05-05 07:00:00,365,1
865,2021-05-05 07:00:00,Random Forest,7,1.3891991220734767,1.4999935689960886,2020-05-05 07:00:00,2021-05-05 07:00:00,2021-05-05 07:00:00,365,1
866,2021-05-05 07:00:00,Neural Network,7,1.3891991220734767,1.2505524435118311,2020-05-05 07:00:00,2021-05-05 07:00:00,2021-05-05 07:00:00,365,1
867,2021-05-05 07:00:00,Naive,7,1.3891991220734767,0.8912447768408304,2020-05-05 07:00:00,2021-05-05 07:00:00,2021-05-05 07:00:00,365,1
868,2021-05-06 07:00:00,Decision Tree,7,1.7214844194787051,1.7419412333481437,2020-05-06 07:00:00,2021-05-06 07:00:00,2021-05-06 07:00:00,365,1
869,2021-05-06 07:00:00,Random Forest,7,1.7214844194787051,1.7724375873438643,2020-05-06 07:00:00,2021-05-06 07:00:00,2021-05-06 07:00:00,365,1
870,2021-05-06 07:00:00,Neural Network,7,1.7214844194787051,1.7012962383475285,2020-05-06 07:00:00,2021-05-06 07:00:00,2021-05-06 07:00:00,365,1
871,2021-05-06 07:00:00,Naive,7,1.7214844194787051,1.3891991220734767,2020-05-06 07:00:00,2021-05-06 07:00:00,2021-05-06 07:00:00,365,1
872,2021-05-07 07:00:00,Decision Tree,7,2.0514321926015175,1.9946008887620934,2020-05-07 07:00:00,2021-05-07 07:00:00,2021-05-07 07:00:00,365,1
873,2021-05-07 07:00:00,Random Forest,7,2.0514321926015175,2.0085861216233964,2020-05-07 07:00:00,2021-05-07 07:00:00,2021-05-07 07:00:00,365,1
874,2021-05-07 07:00:00,Neural Network,7,2.0514321926015175,1.9604112315336186,2020-05-07 07:00:00,2021-05-07 07:00:00,2021-05-07 07:00:00,365,1
875,2021-05-07 07:00:00,Naive,7,2.0514321926015175,1.7214844194787051,2020-05-07 07:00:00,2021-05-07 07:00:00,2021-05-07 07:00:00,365,1
876,2021-05-08 07:00:00,Decision Tree,7,1.1280106078527152,1.1121557431897133,2020-05-08 07:00:00,2021-05-08 07:00:00,2021-05-08 07:00:00,365,1
877,2021-05-08 07:00:00,Random Forest,7,1.1280106078527152,1.1653337938764978,2020-05-08 07:00:00,2021-05-08 07:00:00,2021-05-08 07:00:00,365,1
878,2021-05-08 07:00:00,Neural Network,7,1.1280106078527152,0.8353157095358124,2020-05-08 07:00:00,2021-05-08 07:00:00,2021-05-08 07:00:00,365,1
879,2021-05-08 07:00:00,Naive,7,1.1280106078527152,2.0514321926015175,2020-05-08 07:00:00,2021-05-08 07:00:00,2021-05-08 07:00:00,365,1
880,2021-05-09 07:00:00,Decision Tree,7,-1.6427675153259618,-1.6062855060399976,2020-05-09 07:00:00,2021-05-09 07:00:00,2021-05-09 07:00:00,365,1
881,2021-05-09 07:00:00,Random Forest,7,-1.6427675153259618,-1.6821209355291364,2020-05-09 07:00:00,2021-05-09 07:00:00,2021-05-09 07:00:00,365,1
882,2021-05-09 07:00:00,Neural Network,7,-1.6427675153259618,-1.7334644686583132,2020-05-09 07:00:00,2021-05-09 07:00:00,2021-05-09 07:00:00,365,1
883,2021-05-09 07:00:00,Naive,7,-1.6427675153259618,1.1280106078527152,2020-05-09 07:00:00,2021-05-09 07:00:00,2021-05-09 07:00:00,365,1
884,2021-05-10 07:00:00,Decision Tree,7,1.5881473610627455,1.6979085591766143,2020-05-10 07:00:00,2021-05-10 07:00:00,2021-05-10 07:00:00,365,1
885,2021-05-10 07:00:00,Random Forest,7,1.5881473610627455,1.7049545821999126,2020-05-10 07:00:00,2021-05-10 07:00:00,2021-05-10 07:00:00,365,1
886,2021-05-10 07:00:00,Neural Network,7,1.5881473610627455,1.40481206345621,2020-05-10 07:00:00,2021-05-10 07:00:00,2021-05-10 07:00:00,365,1
887,2021-05-10 07:00:00,Naive,7,1.5881473610627455,-1.6427675153259618,2020-05-10 07:00:00,2021-05-10 07:00:00,2021-05-10 07:00:00,365,1
888,2021-05-11 07:00:00,Decision Tree,7,1.948693807297837,2.0017048017420214,2020-05-11 07:00:00,2021-05-11 07:00:00,2021-05-11 07:00:00,365,1
889,2021-05-11 07:00:00,Random Forest,7,1.948693807297837,2.008724609304632,2020-05-11 07:00:00,2021-05-11 07:00:00,2021-05-11 07:00:00,365,1
890,2021-05-11 07:00:00,Neural Network,7,1.948693807297837,2.020236060983259,2020-05-11 07:00:00,2021-05-11 07:00:00,2021-05-11 07:00:00,365,1
891,2021-05-11 07:00:00,Naive,7,1.948693807297837,1.5881473610627455,2020-05-11 07:00:00,2021-05-11 07:00:00,2021-05-11 07:00:00,365,1
892,2021-05-12 07:00:00,Decision Tree,7,1.8114019738096778,1.877634974774751,2020-05-12 07:00:00,2021-05-12 07:00:00,2021-05-12 07:00:00,365,1
893,2021-05-12 07:00:00,Random Forest,7,1.8114019738096778,1.894689730554049,2020-05-12 07:00:00,2021-05-12 07:00:00,2021-05-12 07:00:00,365,1
894,2021-05-12 07:00:00,Neural Network,7,1.8114019738096778,1.7607075689854668,2020-05-12 07:00:00,2021-05-12 07:00:00,2021-05-12 07:00:00,365,1
895,2021-05-12 07:00:00,Naive,7,1.8114019738096778,1.948693807297837,2020-05-12 07:00:00,2021-05-12 07:00:00,2021-05-12 07:00:00,365,1
896,2021-05-13 07:00:00,Decision Tree,7,1.368848171515425,1.3877545051337612,2020-05-13 07:00:00,2021-05-13 07:00:00,2021-05-13 07:00:00,365,1
897,2021-05-13 07:00:00,Random Forest,7,1.368848171515425,1.4150065659451332,2020-05-13 07:00:00,2021-05-13 07:00:00,2021-05-13 07:00:00,365,1
898,2021-05-13 07:00:00,Neural Network,7,1.368848171515425,1.0830348790592716,2020-05-13 07:00:00,2021-05-13 07:00:00,2021-05-13 07:00:00,365,1
899,2021-05-13 07:00:00,Naive,7,1.368848171515425,1.8114019738096778,2020-05-13 07:00:00,2021-05-13 07:00:00,2021-05-13 07:00:00,365,1
900,2021-05-14 07:00:00,Decision Tree,7,1.8215555955782738,1.857220997874744,2020-05-14 07:00:00,2021-05-14 07:00:00,2021-05-14 07:00:00,365,1
901,2021-05-14 07:00:00,Random Forest,7,1.8215555955782738,1.8827359246086632,2020-05-14 07:00:00,2021-05-14 07:00:00,2021-05-14 07:00:00,365,1
902,2021-05-14 07:00:00,Neural Network,7,1.8215555955782738,1.6344515023320214,2020-05-14 07:00:00,2021-05-14 07:00:00,2021-05-14 07:00:00,365,1
903,2021-05-14 07:00:00,Naive,7,1.8215555955782738,1.368848171515425,2020-05-14 07:00:00,2021-05-14 07:00:00,2021-05-14 07:00:00,365,1
904,2021-05-15 07:00:00,Decision Tree,7,1.2938161009617508,1.363770953695774,2020-05-15 07:00:00,2021-05-15 07:00:00,2021-05-15 07:00:00,365,1
905,2021-05-15 07:00:00,Random Forest,7,1.2938161009617508,1.366971023736549,2020-05-15 07:00:00,2021-05-15 07:00:00,2021-05-15 07:00:00,365,1
906,2021-05-15 07:00:00,Neural Network,7,1.2938161009617508,1.1364734157230871,2020-05-15 07:00:00,2021-05-15 07:00:00,2021-05-15 07:00:00,365,1
907,2021-05-15 07:00:00,Naive,7,1.2938161009617508,1.8215555955782738,2020-05-15 07:00:00,2021-05-15 07:00:00,2021-05-15 07:00:00,365,1
908,2021-05-16 07:00:00,Decision Tree,7,-0.6867962204171383,-0.7102582197993814,2020-05-16 07:00:00,2021-05-16 07:00:00,2021-05-16 07:00:00,365,1
909,2021-05-16 07:00:00,Random Forest,7,-0.6867962204171383,-0.7062370846000887,2020-05-16 07:00:00,2021-05-16 07:00:00,2021-05-16 07:00:00,365,1
910,2021-05-16 07:00:00,Neural Network,7,-0.6867962204171383,-0.06273868928289228,2020-05-16 07:00:00,2021-05-16 07:00:00,2021-05-16 07:00:00,365,1
911,2021-05-16 07:00:00,Naive,7,-0.6867962204171383,1.2938161009617508,2020-05-16 07:00:00,2021-05-16 07:00:00,2021-05-16 07:00:00,365,1
912,2021-05-17 07:00:00,Decision Tree,7,2.0888968954469593,1.995814691248223,2020-05-17 07:00:00,2021-05-17 07:00:00,2021-05-17 07:00:00,365,1
913,2021-05-17 07:00:00,Random Forest,7,2.0888968954469593,2.123279102642075,2020-05-17 07:00:00,2021-05-17 07:00:00,2021-05-17 07:00:00,365,1
914,2021-05-17 07:00:00,Neural Network,7,2.0888968954469593,2.1895587860972485,2020-05-17 07:00:00,2021-05-17 07:00:00,2021-05-17 07:00:00,365,1
915,2021-05-17 07:00:00,Naive,7,2.0888968954469593,-0.6867962204171383,2020-05-17 07:00:00,2021-05-17 07:00:00,2021-05-17 07:00:00,365,1
916,2021-05-18 07:00:00,Decision Tree,7,1.9726854743693143,1.995814691248223,2020-05-18 07:00:00,2021-05-18 07:00:00,2021-05-18 07:00:00,365,1
917,2021-05-18 07:00:00,Random Forest,7,1.9726854743693143,2.0072939480605703,2020-05-18 07:00:00,2021-05-18 07:00:00,2021-05-18 07:00:00,365,1
918,2021-05-18 07:00:00,Neural Network,7,1.9726854743693143,2.0251144603242146,2020-05-18 07:00:00,2021-05-18 07:00:00,2021-05-18 07:00:00,365,1
919,2021-05-18 07:00:00,Naive,7,1.9726854743693143,2.0888968954469593,2020-05-18 07:00:00,2021-05-18 07:00:00,2021-05-18 07:00:00,365,1
920,2021-05-19 07:00:00,Decision Tree,7,2.1733156460908254,2.2874820953693837,2020-05-19 07:00:00,2021-05-19 07:00:00,2021-05-19 07:00:00,365,1
921,2021-05-19 07:00:00,Random Forest,7,2.1733156460908254,2.2743107087127603,2020-05-19 07:00:00,2021-05-19 07:00:00,2021-05-19 07:00:00,365,1
922,2021-05-19 07:00:00,Neural Network,7,2.1733156460908254,2.309620281907391,2020-05-19 07:00:00,2021-05-19 07:00:00,2021-05-19 07:00:00,365,1
923,2021-05-19 07:00:00,Naive,7,2.1733156460908254,1.9726854743693143,2020-05-19 07:00:00,2021-05-19 07:00:00,2021-05-19 07:00:00,365,1
924,2021-05-20 07:00:00,Decision Tree,7,2.008178242722834,1.9742065431916704,2020-05-20 07:00:00,2021-05-20 07:00:00,2021-05-20 07:00:00,365,1
925,2021-05-20 07:00:00,Random Forest,7,2.008178242722834,2.023022230637916,2020-05-20 07:00:00,2021-05-20 07:00:00,2021-05-20 07:00:00,365,1
926,2021-05-20 07:00:00,Neural Network,7,2.008178242722834,2.1500437714141505,2020-05-20 07:00:00,2021-05-20 07:00:00,2021-05-20 07:00:00,365,1
927,2021-05-20 07:00:00,Naive,7,2.008178242722834,2.1733156460908254,2020-05-20 07:00:00,2021-05-20 07:00:00,2021-05-20 07:00:00,365,1
928,2021-05-21 07:00:00,Decision Tree,7,1.4188346201989184,1.5453653961080482,2020-05-21 07:00:00,2021-05-21 07:00:00,2021-05-21 07:00:00,365,1
929,2021-05-21 07:00:00,Random Forest,7,1.4188346201989184,1.5318395877885953,2020-05-21 07:00:00,2021-05-21 07:00:00,2021-05-21 07:00:00,365,1
930,2021-05-21 07:00:00,Neural Network,7,1.4188346201989184,1.5006814097102812,2020-05-21 07:00:00,2021-05-21 07:00:00,2021-05-21 07:00:00,365,1
931,2021-05-21 07:00:00,Naive,7,1.4188346201989184,2.008178242722834,2020-05-21 07:00:00,2021-05-21 07:00:00,2021-05-21 07:00:00,365,1
932,2021-05-22 07:00:00,Decision Tree,7,-1.6255361208071455,-1.6452021168778224,2020-05-22 07:00:00,2021-05-22 07:00:00,2021-05-22 07:00:00,365,1
933,2021-05-22 07:00:00,Random Forest,7,-1.6255361208071455,-1.7221287421651748,2020-05-22 07:00:00,2021-05-22 07:00:00,2021-05-22 07:00:00,365,1
934,2021-05-22 07:00:00,Neural Network,7,-1.6255361208071455,-1.2741647229328015,2020-05-22 07:00:00,2021-05-22 07:00:00,2021-05-22 07:00:00,365,1
935,2021-05-22 07:00:00,Naive,7,-1.6255361208071455,1.4188346201989184,2020-05-22 07:00:00,2021-05-22 07:00:00,2021-05-22 07:00:00,365,1
936,2021-05-23 07:00:00,Decision Tree,7,-1.1525822280170572,-1.2064554512016892,2020-05-23 07:00:00,2021-05-23 07:00:00,2021-05-23 07:00:00,365,1
937,2021-05-23 07:00:00,Random Forest,7,-1.1525822280170572,-1.183536265251892,2020-05-23 07:00:00,2021-05-23 07:00:00,2021-05-23 07:00:00,365,1
938,2021-05-23 07:00:00,Neural Network,7,-1.1525822280170572,-0.7877296942429681,2020-05-23 07:00:00,2021-05-23 07:00:00,2021-05-23 07:00:00,365,1
939,2021-05-23 07:00:00,Naive,7,-1.1525822280170572,-1.6255361208071455,2020-05-23 07:00:00,2021-05-23 07:00:00,2021-05-23 07:00:00,365,1
940,2021-05-24 07:00:00,Decision Tree,7,-0.5820366578126595,-0.5573142874398455,2020-05-24 07:00:00,2021-05-24 07:00:00,2021-05-24 07:00:00,365,1
941,2021-05-24 07:00:00,Random Forest,7,-0.5820366578126595,-0.5804259575808104,2020-05-24 07:00:00,2021-05-24 07:00:00,2021-05-24 07:00:00,365,1
942,2021-05-24 07:00:00,Neural Network,7,-0.5820366578126595,-1.4765722104496999,2020-05-24 07:00:00,2021-05-24 07:00:00,2021-05-24 07:00:00,365,1
943,2021-05-24 07:00:00,Naive,7,-0.5820366578126595,-1.1525822280170572,2020-05-24 07:00:00,2021-05-24 07:00:00,2021-05-24 07:00:00,365,1
944,2021-05-25 07:00:00,Decision Tree,7,1.840468533708503,1.908113345863124,2020-05-25 07:00:00,2021-05-25 07:00:00,2021-05-25 07:00:00,365,1
945,2021-05-25 07:00:00,Random Forest,7,1.840468533708503,1.860344746299952,2020-05-25 07:00:00,2021-05-25 07:00:00,2021-05-25 07:00:00,365,1
946,2021-05-25 07:00:00,Neural Network,7,1.840468533708503,1.8769245782358541,2020-05-25 07:00:00,2021-05-25 07:00:00,2021-05-25 07:00:00,365,1
947,2021-05-25 07:00:00,Naive,7,1.840468533708503,-0.5820366578126595,2020-05-25 07:00:00,2021-05-25 07:00:00,2021-05-25 07:00:00,365,1
948,2021-05-26 07:00:00,Decision Tree,7,1.8903745292971603,1.9706431700924454,2020-05-26 07:00:00,2021-05-26 07:00:00,2021-05-26 07:00:00,365,1
949,2021-05-26 07:00:00,Random Forest,7,1.8903745292971603,1.9697475871334063,2020-05-26 07:00:00,2021-05-26 07:00:00,2021-05-26 07:00:00,365,1
950,2021-05-26 07:00:00,Neural Network,7,1.8903745292971603,2.003865305215914,2020-05-26 07:00:00,2021-05-26 07:00:00,2021-05-26 07:00:00,365,1
951,2021-05-26 07:00:00,Naive,7,1.8903745292971603,1.840468533708503,2020-05-26 07:00:00,2021-05-26 07:00:00,2021-05-26 07:00:00,365,1
952,2021-05-27 07:00:00,Decision Tree,7,1.8861117516824142,2.0149966813106546,2020-05-27 07:00:00,2021-05-27 07:00:00,2021-05-27 07:00:00,365,1
953,2021-05-27 07:00:00,Random Forest,7,1.8861117516824142,1.9314794581643946,2020-05-27 07:00:00,2021-05-27 07:00:00,2021-05-27 07:00:00,365,1
954,2021-05-27 07:00:00,Neural Network,7,1.8861117516824142,1.9442043452773576,2020-05-27 07:00:00,2021-05-27 07:00:00,2021-05-27 07:00:00,365,1
955,2021-05-27 07:00:00,Naive,7,1.8861117516824142,1.8903745292971603,2020-05-27 07:00:00,2021-05-27 07:00:00,2021-05-27 07:00:00,365,1
956,2021-05-28 07:00:00,Decision Tree,7,2.0396387061623753,2.271172602615304,2020-05-28 07:00:00,2021-05-28 07:00:00,2021-05-28 07:00:00,365,1
957,2021-05-28 07:00:00,Random Forest,7,2.0396387061623753,2.0758951240976056,2020-05-28 07:00:00,2021-05-28 07:00:00,2021-05-28 07:00:00,365,1
958,2021-05-28 07:00:00,Neural Network,7,2.0396387061623753,2.308734058326875,2020-05-28 07:00:00,2021-05-28 07:00:00,2021-05-28 07:00:00,365,1
959,2021-05-28 07:00:00,Naive,7,2.0396387061623753,1.8861117516824142,2020-05-28 07:00:00,2021-05-28 07:00:00,2021-05-28 07:00:00,365,1
960,2021-05-29 07:00:00,Decision Tree,7,1.4007474092847867,1.4992991673662546,2020-05-29 07:00:00,2021-05-29 07:00:00,2021-05-29 07:00:00,365,1
961,2021-05-29 07:00:00,Random Forest,7,1.4007474092847867,1.4792494769865172,2020-05-29 07:00:00,2021-05-29 07:00:00,2021-05-29 07:00:00,365,1
962,2021-05-29 07:00:00,Neural Network,7,1.4007474092847867,1.23015062553506,2020-05-29 07:00:00,2021-05-29 07:00:00,2021-05-29 07:00:00,365,1
963,2021-05-29 07:00:00,Naive,7,1.4007474092847867,2.0396387061623753,2020-05-29 07:00:00,2021-05-29 07:00:00,2021-05-29 07:00:00,365,1
964,2021-05-30 07:00:00,Decision Tree,7,0.5512975209946775,0.6844125252322689,2020-05-30 07:00:00,2021-05-30 07:00:00,2021-05-30 07:00:00,365,1
965,2021-05-30 07:00:00,Random Forest,7,0.5512975209946775,0.6646191450043003,2020-05-30 07:00:00,2021-05-30 07:00:00,2021-05-30 07:00:00,365,1
966,2021-05-30 07:00:00,Neural Network,7,0.5512975209946775,0.7547385529030031,2020-05-30 07:00:00,2021-05-30 07:00:00,2021-05-30 07:00:00,365,1
967,2021-05-30 07:00:00,Naive,7,0.5512975209946775,1.4007474092847867,2020-05-30 07:00:00,2021-05-30 07:00:00,2021-05-30 07:00:00,365,1
968,2021-05-31 07:00:00,Decision Tree,7,1.9064793691986708,1.978383690010282,2020-05-31 07:00:00,2021-05-31 07:00:00,2021-05-31 07:00:00,365,1
969,2021-05-31 07:00:00,Random Forest,7,1.9064793691986708,1.9800983233542366,2020-05-31 07:00:00,2021-05-31 07:00:00,2021-05-31 07:00:00,365,1
970,2021-05-31 07:00:00,Neural Network,7,1.9064793691986708,2.272991900063052,2020-05-31 07:00:00,2021-05-31 07:00:00,2021-05-31 07:00:00,365,1
971,2021-05-31 07:00:00,Naive,7,1.9064793691986708,0.5512975209946775,2020-05-31 07:00:00,2021-05-31 07:00:00,2021-05-31 07:00:00,365,1
972,2021-06-01 07:00:00,Decision Tree,7,1.8988607603989511,1.96639963654168,2020-06-01 07:00:00,2021-06-01 07:00:00,2021-06-01 07:00:00,365,1
973,2021-06-01 07:00:00,Random Forest,7,1.8988607603989511,1.9445849687458325,2020-06-01 07:00:00,2021-06-01 07:00:00,2021-06-01 07:00:00,365,1
974,2021-06-01 07:00:00,Neural Network,7,1.8988607603989511,2.2593576119829466,2020-06-01 07:00:00,2021-06-01 07:00:00,2021-06-01 07:00:00,365,1
975,2021-06-01 07:00:00,Naive,7,1.8988607603989511,1.9064793691986708,2020-06-01 07:00:00,2021-06-01 07:00:00,2021-06-01 07:00:00,365,1
976,2021-06-02 07:00:00,Decision Tree,7,1.8104242358557674,1.8877972097624678,2020-06-02 07:00:00,2021-06-02 07:00:00,2021-06-02 07:00:00,365,1
977,2021-06-02 07:00:00,Random Forest,7,1.8104242358557674,1.8672446792939335,2020-06-02 07:00:00,2021-06-02 07:00:00,2021-06-02 07:00:00,365,1
978,2021-06-02 07:00:00,Neural Network,7,1.8104242358557674,1.808939075933839,2020-06-02 07:00:00,2021-06-02 07:00:00,2021-06-02 07:00:00,365,1
979,2021-06-02 07:00:00,Naive,7,1.8104242358557674,1.8988607603989511,2020-06-02 07:00:00,2021-06-02 07:00:00,2021-06-02 07:00:00,365,1
980,2021-06-03 07:00:00,Decision Tree,7,1.3046320466678585,1.4179965231264275,2020-06-03 07:00:00,2021-06-03 07:00:00,2021-06-03 07:00:00,365,1
981,2021-06-03 07:00:00,Random Forest,7,1.3046320466678585,1.3782137486219703,2020-06-03 07:00:00,2021-06-03 07:00:00,2021-06-03 07:00:00,365,1
982,2021-06-03 07:00:00,Neural Network,7,1.3046320466678585,0.9443844854740762,2020-06-03 07:00:00,2021-06-03 07:00:00,2021-06-03 07:00:00,365,1
983,2021-06-03 07:00:00,Naive,7,1.3046320466678585,1.8104242358557674,2020-06-03 07:00:00,2021-06-03 07:00:00,2021-06-03 07:00:00,365,1
984,2021-06-04 07:00:00,Decision Tree,7,1.8310532081485429,1.8456762211118334,2020-06-04 07:00:00,2021-06-04 07:00:00,2021-06-04 07:00:00,365,1
985,2021-06-04 07:00:00,Random Forest,7,1.8310532081485429,1.88146445264258,2020-06-04 07:00:00,2021-06-04 07:00:00,2021-06-04 07:00:00,365,1
986,2021-06-04 07:00:00,Neural Network,7,1.8310532081485429,1.8696584726680374,2020-06-04 07:00:00,2021-06-04 07:00:00,2021-06-04 07:00:00,365,1
987,2021-06-04 07:00:00,Naive,7,1.8310532081485429,1.3046320466678585,2020-06-04 07:00:00,2021-06-04 07:00:00,2021-06-04 07:00:00,365,1
988,2021-06-05 07:00:00,Decision Tree,7,1.1795135153366751,1.2317377632817077,2020-06-05 07:00:00,2021-06-05 07:00:00,2021-06-05 07:00:00,365,1
989,2021-06-05 07:00:00,Random Forest,7,1.1795135153366751,1.2657181530260069,2020-06-05 07:00:00,2021-06-05 07:00:00,2021-06-05 07:00:00,365,1
990,2021-06-05 07:00:00,Neural Network,7,1.1795135153366751,1.2750023354206084,2020-06-05 07:00:00,2021-06-05 07:00:00,2021-06-05 07:00:00,365,1
991,2021-06-05 07:00:00,Naive,7,1.1795135153366751,1.8310532081485429,2020-06-05 07:00:00,2021-06-05 07:00:00,2021-06-05 07:00:00,365,1
992,2021-06-06 07:00:00,Decision Tree,7,0.9178825396108155,1.0132664315820807,2020-06-06 07:00:00,2021-06-06 07:00:00,2021-06-06 07:00:00,365,1
993,2021-06-06 07:00:00,Random Forest,7,0.9178825396108155,0.9946958223669886,2020-06-06 07:00:00,2021-06-06 07:00:00,2021-06-06 07:00:00,365,1
994,2021-06-06 07:00:00,Neural Network,7,0.9178825396108155,0.8032548467694237,2020-06-06 07:00:00,2021-06-06 07:00:00,2021-06-06 07:00:00,365,1
995,2021-06-06 07:00:00,Naive,7,0.9178825396108155,1.1795135153366751,2020-06-06 07:00:00,2021-06-06 07:00:00,2021-06-06 07:00:00,365,1
996,2021-06-07 07:00:00,Decision Tree,7,1.8797513170902669,1.9567512256641473,2020-06-07 07:00:00,2021-06-07 07:00:00,2021-06-07 07:00:00,365,1
997,2021-06-07 07:00:00,Random Forest,7,1.8797513170902669,1.9473835823542376,2020-06-07 07:00:00,2021-06-07 07:00:00,2021-06-07 07:00:00,365,1
998,2021-06-07 07:00:00,Neural Network,7,1.8797513170902669,1.8906896596312288,2020-06-07 07:00:00,2021-06-07 07:00:00,2021-06-07 07:00:00,365,1
999,2021-06-07 07:00:00,Naive,7,1.8797513170902669,0.9178825396108155,2020-06-07 07:00:00,2021-06-07 07:00:00,2021-06-07 07:00:00,365,1
1000,2021-06-08 07:00:00,Decision Tree,7,1.9543475591738073,2.0118221880810028,2020-06-08 07:00:00,2021-06-08 07:00:00,2021-06-08 07:00:00,365,1
1001,2021-06-08 07:00:00,Random Forest,7,1.9543475591738073,2.0007542053875054,2020-06-08 07:00:00,2021-06-08 07:00:00,2021-06-08 07:00:00,365,1
1002,2021-06-08 07:00:00,Neural Network,7,1.9543475591738073,2.054375522160034,2020-06-08 07:00:00,2021-06-08 07:00:00,2021-06-08 07:00:00,365,1
1003,2021-06-08 07:00:00,Naive,7,1.9543475591738073,1.8797513170902669,2020-06-08 07:00:00,2021-06-08 07:00:00,2021-06-08 07:00:00,365,1
1004,2021-06-09 07:00:00,Decision Tree,7,1.887638454480472,2.0046378594676035,2020-06-09 07:00:00,2021-06-09 07:00:00,2021-06-09 07:00:00,365,1
1005,2021-06-09 07:00:00,Random Forest,7,1.887638454480472,1.9649971996804856,2020-06-09 07:00:00,2021-06-09 07:00:00,2021-06-09 07:00:00,365,1
1006,2021-06-09 07:00:00,Neural Network,7,1.887638454480472,2.019517472121948,2020-06-09 07:00:00,2021-06-09 07:00:00,2021-06-09 07:00:00,365,1
1007,2021-06-09 07:00:00,Naive,7,1.887638454480472,1.9543475591738073,2020-06-09 07:00:00,2021-06-09 07:00:00,2021-06-09 07:00:00,365,1
1008,2021-06-10 07:00:00,Decision Tree,7,1.9358388033685834,1.9054154920684336,2020-06-10 07:00:00,2021-06-10 07:00:00,2021-06-10 07:00:00,365,1
1009,2021-06-10 07:00:00,Random Forest,7,1.9358388033685834,1.9515781864620272,2020-06-10 07:00:00,2021-06-10 07:00:00,2021-06-10 07:00:00,365,1
1010,2021-06-10 07:00:00,Neural Network,7,1.9358388033685834,1.972934018836654,2020-06-10 07:00:00,2021-06-10 07:00:00,2021-06-10 07:00:00,365,1
1011,2021-06-10 07:00:00,Naive,7,1.9358388033685834,1.887638454480472,2020-06-10 07:00:00,2021-06-10 07:00:00,2021-06-10 07:00:00,365,1
1012,2021-06-11 07:00:00,Decision Tree,7,2.07643520310388,2.271172602615304,2020-06-11 07:00:00,2021-06-11 07:00:00,2021-06-11 07:00:00,365,1
1013,2021-06-11 07:00:00,Random Forest,7,2.07643520310388,2.221666254821119,2020-06-11 07:00:00,2021-06-11 07:00:00,2021-06-11 07:00:00,365,1
1014,2021-06-11 07:00:00,Neural Network,7,2.07643520310388,2.1375885008491045,2020-06-11 07:00:00,2021-06-11 07:00:00,2021-06-11 07:00:00,365,1
1015,2021-06-11 07:00:00,Naive,7,2.07643520310388,1.9358388033685834,2020-06-11 07:00:00,2021-06-11 07:00:00,2021-06-11 07:00:00,365,1
1016,2021-06-12 07:00:00,Decision Tree,7,1.345872600721933,1.3359903716978532,2020-06-12 07:00:00,2021-06-12 07:00:00,2021-06-12 07:00:00,365,1
1017,2021-06-12 07:00:00,Random Forest,7,1.345872600721933,1.4224684488884376,2020-06-12 07:00:00,2021-06-12 07:00:00,2021-06-12 07:00:00,365,1
1018,2021-06-12 07:00:00,Neural Network,7,1.345872600721933,0.8899797164248557,2020-06-12 07:00:00,2021-06-12 07:00:00,2021-06-12 07:00:00,365,1
1019,2021-06-12 07:00:00,Naive,7,1.345872600721933,2.07643520310388,2020-06-12 07:00:00,2021-06-12 07:00:00,2021-06-12 07:00:00,365,1
1020,2021-06-13 07:00:00,Decision Tree,7,-1.3618103106329749,-1.5947330306850127,2020-06-13 07:00:00,2021-06-13 07:00:00,2021-06-13 07:00:00,365,1
1021,2021-06-13 07:00:00,Random Forest,7,-1.3618103106329749,-1.4650143153858013,2020-06-13 07:00:00,2021-06-13 07:00:00,2021-06-13 07:00:00,365,1
1022,2021-06-13 07:00:00,Neural Network,7,-1.3618103106329749,-1.094437662992624,2020-06-13 07:00:00,2021-06-13 07:00:00,2021-06-13 07:00:00,365,1
1023,2021-06-13 07:00:00,Naive,7,-1.3618103106329749,1.345872600721933,2020-06-13 07:00:00,2021-06-13 07:00:00,2021-06-13 07:00:00,365,1
1024,2021-06-14 07:00:00,Decision Tree,7,2.045993706319384,2.2468304276763758,2020-06-14 07:00:00,2021-06-14 07:00:00,2021-06-14 07:00:00,365,1
1025,2021-06-14 07:00:00,Random Forest,7,2.045993706319384,2.0760708391652756,2020-06-14 07:00:00,2021-06-14 07:00:00,2021-06-14 07:00:00,365,1
1026,2021-06-14 07:00:00,Neural Network,7,2.045993706319384,2.1846995752483136,2020-06-14 07:00:00,2021-06-14 07:00:00,2021-06-14 07:00:00,365,1
1027,2021-06-14 07:00:00,Naive,7,2.045993706319384,-1.3618103106329749,2020-06-14 07:00:00,2021-06-14 07:00:00,2021-06-14 07:00:00,365,1
1028,2021-06-15 07:00:00,Decision Tree,7,1.996643331187254,2.0517624910594914,2020-06-15 07:00:00,2021-06-15 07:00:00,2021-06-15 07:00:00,365,1
1029,2021-06-15 07:00:00,Random Forest,7,1.996643331187254,2.0474600819114706,2020-06-15 07:00:00,2021-06-15 07:00:00,2021-06-15 07:00:00,365,1
1030,2021-06-15 07:00:00,Neural Network,7,1.996643331187254,2.1432823047449725,2020-06-15 07:00:00,2021-06-15 07:00:00,2021-06-15 07:00:00,365,1
1031,2021-06-15 07:00:00,Naive,7,1.996643331187254,2.045993706319384,2020-06-15 07:00:00,2021-06-15 07:00:00,2021-06-15 07:00:00,365,1
1032,2021-06-16 07:00:00,Decision Tree,7,2.0872789392553224,2.3015518871433613,2020-06-16 07:00:00,2021-06-16 07:00:00,2021-06-16 07:00:00,365,1
1033,2021-06-16 07:00:00,Random Forest,7,2.0872789392553224,2.209927492381258,2020-06-16 07:00:00,2021-06-16 07:00:00,2021-06-16 07:00:00,365,1
1034,2021-06-16 07:00:00,Neural Network,7,2.0872789392553224,2.2121878507988284,2020-06-16 07:00:00,2021-06-16 07:00:00,2021-06-16 07:00:00,365,1
1035,2021-06-16 07:00:00,Naive,7,2.0872789392553224,1.996643331187254,2020-06-16 07:00:00,2021-06-16 07:00:00,2021-06-16 07:00:00,365,1
1036,2021-06-17 07:00:00,Decision Tree,7,1.999145736184609,2.0943840780432743,2020-06-17 07:00:00,2021-06-17 07:00:00,2021-06-17 07:00:00,365,1
1037,2021-06-17 07:00:00,Random Forest,7,1.999145736184609,2.0568486121016627,2020-06-17 07:00:00,2021-06-17 07:00:00,2021-06-17 07:00:00,365,1
1038,2021-06-17 07:00:00,Neural Network,7,1.999145736184609,2.05467071842458,2020-06-17 07:00:00,2021-06-17 07:00:00,2021-06-17 07:00:00,365,1
1039,2021-06-17 07:00:00,Naive,7,1.999145736184609,2.0872789392553224,2020-06-17 07:00:00,2021-06-17 07:00:00,2021-06-17 07:00:00,365,1
1040,2021-06-18 07:00:00,Decision Tree,7,2.0438642213697427,2.0943840780432743,2020-06-18 07:00:00,2021-06-18 07:00:00,2021-06-18 07:00:00,365,1
1041,2021-06-18 07:00:00,Random Forest,7,2.0438642213697427,2.081132159586435,2020-06-18 07:00:00,2021-06-18 07:00:00,2021-06-18 07:00:00,365,1
1042,2021-06-18 07:00:00,Neural Network,7,2.0438642213697427,2.1159552649658337,2020-06-18 07:00:00,2021-06-18 07:00:00,2021-06-18 07:00:00,365,1
1043,2021-06-18 07:00:00,Naive,7,2.0438642213697427,1.999145736184609,2020-06-18 07:00:00,2021-06-18 07:00:00,2021-06-18 07:00:00,365,1
1044,2021-06-19 07:00:00,Decision Tree,7,1.571804241101615,1.7284376538402881,2020-06-19 07:00:00,2021-06-19 07:00:00,2021-06-19 07:00:00,365,1
1045,2021-06-19 07:00:00,Random Forest,7,1.571804241101615,1.7321622079971393,2020-06-19 07:00:00,2021-06-19 07:00:00,2021-06-19 07:00:00,365,1
1046,2021-06-19 07:00:00,Neural Network,7,1.571804241101615,1.2438370158704763,2020-06-19 07:00:00,2021-06-19 07:00:00,2021-06-19 07:00:00,365,1
1047,2021-06-19 07:00:00,Naive,7,1.571804241101615,2.0438642213697427,2020-06-19 07:00:00,2021-06-19 07:00:00,2021-06-19 07:00:00,365,1
1048,2021-06-20 07:00:00,Decision Tree,7,0.8774889081839471,1.0156261085358513,2020-06-20 07:00:00,2021-06-20 07:00:00,2021-06-20 07:00:00,365,1
1049,2021-06-20 07:00:00,Random Forest,7,0.8774889081839471,0.9781699136070311,2020-06-20 07:00:00,2021-06-20 07:00:00,2021-06-20 07:00:00,365,1
1050,2021-06-20 07:00:00,Neural Network,7,0.8774889081839471,0.9574141012107975,2020-06-20 07:00:00,2021-06-20 07:00:00,2021-06-20 07:00:00,365,1
1051,2021-06-20 07:00:00,Naive,7,0.8774889081839471,1.571804241101615,2020-06-20 07:00:00,2021-06-20 07:00:00,2021-06-20 07:00:00,365,1
1052,2021-06-21 07:00:00,Decision Tree,7,1.8949446426111842,1.963753099925124,2020-06-21 07:00:00,2021-06-21 07:00:00,2021-06-21 07:00:00,365,1
1053,2021-06-21 07:00:00,Random Forest,7,1.8949446426111842,1.9812719866423143,2020-06-21 07:00:00,2021-06-21 07:00:00,2021-06-21 07:00:00,365,1
1054,2021-06-21 07:00:00,Neural Network,7,1.8949446426111842,1.9536870171494618,2020-06-21 07:00:00,2021-06-21 07:00:00,2021-06-21 07:00:00,365,1
1055,2021-06-21 07:00:00,Naive,7,1.8949446426111842,0.8774889081839471,2020-06-21 07:00:00,2021-06-21 07:00:00,2021-06-21 07:00:00,365,1
1056,2021-06-22 07:00:00,Decision Tree,7,1.9764786857715873,2.0389142483442844,2020-06-22 07:00:00,2021-06-22 07:00:00,2021-06-22 07:00:00,365,1
1057,2021-06-22 07:00:00,Random Forest,7,1.9764786857715873,2.018036313969809,2020-06-22 07:00:00,2021-06-22 07:00:00,2021-06-22 07:00:00,365,1
1058,2021-06-22 07:00:00,Neural Network,7,1.9764786857715873,2.0412923598098685,2020-06-22 07:00:00,2021-06-22 07:00:00,2021-06-22 07:00:00,365,1
1059,2021-06-22 07:00:00,Naive,7,1.9764786857715873,1.8949446426111842,2020-06-22 07:00:00,2021-06-22 07:00:00,2021-06-22 07:00:00,365,1
1060,2021-06-23 07:00:00,Decision Tree,7,2.2161336368461835,2.2709414660164984,2020-06-23 07:00:00,2021-06-23 07:00:00,2021-06-23 07:00:00,365,1
1061,2021-06-23 07:00:00,Random Forest,7,2.2161336368461835,2.2172369959161995,2020-06-23 07:00:00,2021-06-23 07:00:00,2021-06-23 07:00:00,365,1
1062,2021-06-23 07:00:00,Neural Network,7,2.2161336368461835,1.7826746742559068,2020-06-23 07:00:00,2021-06-23 07:00:00,2021-06-23 07:00:00,365,1
1063,2021-06-23 07:00:00,Naive,7,2.2161336368461835,1.9764786857715873,2020-06-23 07:00:00,2021-06-23 07:00:00,2021-06-23 07:00:00,365,1
1064,2021-06-24 07:00:00,Decision Tree,7,2.1349232793927766,2.264090487370209,2020-06-24 07:00:00,2021-06-24 07:00:00,2021-06-24 07:00:00,365,1
1065,2021-06-24 07:00:00,Random Forest,7,2.1349232793927766,2.200145023085709,2020-06-24 07:00:00,2021-06-24 07:00:00,2021-06-24 07:00:00,365,1
1066,2021-06-24 07:00:00,Neural Network,7,2.1349232793927766,2.3151630176273366,2020-06-24 07:00:00,2021-06-24 07:00:00,2021-06-24 07:00:00,365,1
1067,2021-06-24 07:00:00,Naive,7,2.1349232793927766,2.2161336368461835,2020-06-24 07:00:00,2021-06-24 07:00:00,2021-06-24 07:00:00,365,1
1068,2021-06-25 07:00:00,Decision Tree,7,2.078049333545633,2.249738575372717,2020-06-25 07:00:00,2021-06-25 07:00:00,2021-06-25 07:00:00,365,1
1069,2021-06-25 07:00:00,Random Forest,7,2.078049333545633,2.1542255702311284,2020-06-25 07:00:00,2021-06-25 07:00:00,2021-06-25 07:00:00,365,1
1070,2021-06-25 07:00:00,Neural Network,7,2.078049333545633,2.1414548711730133,2020-06-25 07:00:00,2021-06-25 07:00:00,2021-06-25 07:00:00,365,1
1071,2021-06-25 07:00:00,Naive,7,2.078049333545633,2.1349232793927766,2020-06-25 07:00:00,2021-06-25 07:00:00,2021-06-25 07:00:00,365,1
1072,2021-06-26 07:00:00,Decision Tree,7,1.7375084782192516,1.8183324753732322,2020-06-26 07:00:00,2021-06-26 07:00:00,2021-06-26 07:00:00,365,1
1073,2021-06-26 07:00:00,Random Forest,7,1.7375084782192516,1.8389181200470868,2020-06-26 07:00:00,2021-06-26 07:00:00,2021-06-26 07:00:00,365,1
1074,2021-06-26 07:00:00,Neural Network,7,1.7375084782192516,1.6444502147356737,2020-06-26 07:00:00,2021-06-26 07:00:00,2021-06-26 07:00:00,365,1
1075,2021-06-26 07:00:00,Naive,7,1.7375084782192516,2.078049333545633,2020-06-26 07:00:00,2021-06-26 07:00:00,2021-06-26 07:00:00,365,1
1076,2021-06-27 07:00:00,Decision Tree,7,1.3162817036516916,1.4092674258349864,2020-06-27 07:00:00,2021-06-27 07:00:00,2021-06-27 07:00:00,365,1
1077,2021-06-27 07:00:00,Random Forest,7,1.3162817036516916,1.4013991547964606,2020-06-27 07:00:00,2021-06-27 07:00:00,2021-06-27 07:00:00,365,1
1078,2021-06-27 07:00:00,Neural Network,7,1.3162817036516916,1.4148737623865628,2020-06-27 07:00:00,2021-06-27 07:00:00,2021-06-27 07:00:00,365,1
1079,2021-06-27 07:00:00,Naive,7,1.3162817036516916,1.7375084782192516,2020-06-27 07:00:00,2021-06-27 07:00:00,2021-06-27 07:00:00,365,1
1080,2021-06-28 07:00:00,Decision Tree,7,2.1141419532268966,2.0910946530655656,2020-06-28 07:00:00,2021-06-28 07:00:00,2021-06-28 07:00:00,365,1
1081,2021-06-28 07:00:00,Random Forest,7,2.1141419532268966,2.132550432991655,2020-06-28 07:00:00,2021-06-28 07:00:00,2021-06-28 07:00:00,365,1
1082,2021-06-28 07:00:00,Neural Network,7,2.1141419532268966,2.2435554035230587,2020-06-28 07:00:00,2021-06-28 07:00:00,2021-06-28 07:00:00,365,1
1083,2021-06-28 07:00:00,Naive,7,2.1141419532268966,1.3162817036516916,2020-06-28 07:00:00,2021-06-28 07:00:00,2021-06-28 07:00:00,365,1
1084,2021-06-29 07:00:00,Decision Tree,7,2.117136975183071,2.0936554641946024,2020-06-29 07:00:00,2021-06-29 07:00:00,2021-06-29 07:00:00,365,1
1085,2021-06-29 07:00:00,Random Forest,7,2.117136975183071,2.1316829658901137,2020-06-29 07:00:00,2021-06-29 07:00:00,2021-06-29 07:00:00,365,1
1086,2021-06-29 07:00:00,Neural Network,7,2.117136975183071,2.1657773427457667,2020-06-29 07:00:00,2021-06-29 07:00:00,2021-06-29 07:00:00,365,1
1087,2021-06-29 07:00:00,Naive,7,2.117136975183071,2.1141419532268966,2020-06-29 07:00:00,2021-06-29 07:00:00,2021-06-29 07:00:00,365,1
1088,2021-06-30 07:00:00,Decision Tree,7,2.097421853210263,2.1235134374878406,2020-06-30 07:00:00,2021-06-30 07:00:00,2021-06-30 07:00:00,365,1
1089,2021-06-30 07:00:00,Random Forest,7,2.097421853210263,2.172882365865794,2020-06-30 07:00:00,2021-06-30 07:00:00,2021-06-30 07:00:00,365,1
1090,2021-06-30 07:00:00,Neural Network,7,2.097421853210263,2.175142143069302,2020-06-30 07:00:00,2021-06-30 07:00:00,2021-06-30 07:00:00,365,1
1091,2021-06-30 07:00:00,Naive,7,2.097421853210263,2.117136975183071,2020-06-30 07:00:00,2021-06-30 07:00:00,2021-06-30 07:00:00,365,1
1092,2021-07-01 07:00:00,Decision Tree,7,1.996927898861826,2.0684937930990577,2020-07-01 07:00:00,2021-07-01 07:00:00,2021-07-01 07:00:00,365,1
1093,2021-07-01 07:00:00,Random Forest,7,1.996927898861826,2.073690489926786,2020-07-01 07:00:00,2021-07-01 07:00:00,2021-07-01 07:00:00,365,1
1094,2021-07-01 07:00:00,Neural Network,7,1.996927898861826,2.044633296619773,2020-07-01 07:00:00,2021-07-01 07:00:00,2021-07-01 07:00:00,365,1
1095,2021-07-01 07:00:00,Naive,7,1.996927898861826,2.097421853210263,2020-07-01 07:00:00,2021-07-01 07:00:00,2021-07-01 07:00:00,365,1
1096,2021-07-02 07:00:00,Decision Tree,7,2.227193075135281,2.121648535539428,2020-07-02 07:00:00,2021-07-02 07:00:00,2021-07-02 07:00:00,365,1
1097,2021-07-02 07:00:00,Random Forest,7,2.227193075135281,2.1477103957353387,2020-07-02 07:00:00,2021-07-02 07:00:00,2021-07-02 07:00:00,365,1
1098,2021-07-02 07:00:00,Neural Network,7,2.227193075135281,2.394908983039181,2020-07-02 07:00:00,2021-07-02 07:00:00,2021-07-02 07:00:00,365,1
1099,2021-07-02 07:00:00,Naive,7,2.227193075135281,1.996927898861826,2020-07-02 07:00:00,2021-07-02 07:00:00,2021-07-02 07:00:00,365,1
1100,2021-07-03 07:00:00,Decision Tree,7,1.7177081129883762,1.8082294757289843,2020-07-03 07:00:00,2021-07-03 07:00:00,2021-07-03 07:00:00,365,1
1101,2021-07-03 07:00:00,Random Forest,7,1.7177081129883762,1.7958671618735949,2020-07-03 07:00:00,2021-07-03 07:00:00,2021-07-03 07:00:00,365,1
1102,2021-07-03 07:00:00,Neural Network,7,1.7177081129883762,1.5690192341577722,2020-07-03 07:00:00,2021-07-03 07:00:00,2021-07-03 07:00:00,365,1
1103,2021-07-03 07:00:00,Naive,7,1.7177081129883762,2.227193075135281,2020-07-03 07:00:00,2021-07-03 07:00:00,2021-07-03 07:00:00,365,1
1104,2021-07-04 07:00:00,Decision Tree,7,1.5775568641785773,1.7981715465355839,2020-07-04 07:00:00,2021-07-04 07:00:00,2021-07-04 07:00:00,365,1
1105,2021-07-04 07:00:00,Random Forest,7,1.5775568641785773,1.7383917167619207,2020-07-04 07:00:00,2021-07-04 07:00:00,2021-07-04 07:00:00,365,1
1106,2021-07-04 07:00:00,Neural Network,7,1.5775568641785773,1.6484900325486567,2020-07-04 07:00:00,2021-07-04 07:00:00,2021-07-04 07:00:00,365,1
1107,2021-07-04 07:00:00,Naive,7,1.5775568641785773,1.7177081129883762,2020-07-04 07:00:00,2021-07-04 07:00:00,2021-07-04 07:00:00,365,1
1108,2021-07-05 07:00:00,Decision Tree,7,2.073126952060492,2.0981657417049013,2020-07-05 07:00:00,2021-07-05 07:00:00,2021-07-05 07:00:00,365,1
1109,2021-07-05 07:00:00,Random Forest,7,2.073126952060492,2.1261447574715526,2020-07-05 07:00:00,2021-07-05 07:00:00,2021-07-05 07:00:00,365,1
1110,2021-07-05 07:00:00,Neural Network,7,2.073126952060492,2.1274899220582344,2020-07-05 07:00:00,2021-07-05 07:00:00,2021-07-05 07:00:00,365,1
1111,2021-07-05 07:00:00,Naive,7,2.073126952060492,1.5775568641785773,2020-07-05 07:00:00,2021-07-05 07:00:00,2021-07-05 07:00:00,365,1
1112,2021-07-06 07:00:00,Decision Tree,7,1.9826111230269945,2.0124251361665153,2020-07-06 07:00:00,2021-07-06 07:00:00,2021-07-06 07:00:00,365,1
1113,2021-07-06 07:00:00,Random Forest,7,1.9826111230269945,2.0300676882377213,2020-07-06 07:00:00,2021-07-06 07:00:00,2021-07-06 07:00:00,365,1
1114,2021-07-06 07:00:00,Neural Network,7,1.9826111230269945,2.0168001835736984,2020-07-06 07:00:00,2021-07-06 07:00:00,2021-07-06 07:00:00,365,1
1115,2021-07-06 07:00:00,Naive,7,1.9826111230269945,2.073126952060492,2020-07-06 07:00:00,2021-07-06 07:00:00,2021-07-06 07:00:00,365,1
1116,2021-07-07 07:00:00,Decision Tree,7,2.1051710034484548,2.1610207443097336,2020-07-07 07:00:00,2021-07-07 07:00:00,2021-07-07 07:00:00,365,1
1117,2021-07-07 07:00:00,Random Forest,7,2.1051710034484548,2.1617991327152764,2020-07-07 07:00:00,2021-07-07 07:00:00,2021-07-07 07:00:00,365,1
1118,2021-07-07 07:00:00,Neural Network,7,2.1051710034484548,2.2175985868103085,2020-07-07 07:00:00,2021-07-07 07:00:00,2021-07-07 07:00:00,365,1
1119,2021-07-07 07:00:00,Naive,7,2.1051710034484548,1.9826111230269945,2020-07-07 07:00:00,2021-07-07 07:00:00,2021-07-07 07:00:00,365,1
1120,2021-07-08 07:00:00,Decision Tree,7,2.3036983861496267,2.089033897440113,2020-07-08 07:00:00,2021-07-08 07:00:00,2021-07-08 07:00:00,365,1
1121,2021-07-08 07:00:00,Random Forest,7,2.3036983861496267,2.155513951544222,2020-07-08 07:00:00,2021-07-08 07:00:00,2021-07-08 07:00:00,365,1
1122,2021-07-08 07:00:00,Neural Network,7,2.3036983861496267,2.568749227980251,2020-07-08 07:00:00,2021-07-08 07:00:00,2021-07-08 07:00:00,365,1
1123,2021-07-08 07:00:00,Naive,7,2.3036983861496267,2.1051710034484548,2020-07-08 07:00:00,2021-07-08 07:00:00,2021-07-08 07:00:00,365,1
1124,2021-07-09 07:00:00,Decision Tree,7,2.0905099065032617,2.197423876194464,2020-07-09 07:00:00,2021-07-09 07:00:00,2021-07-09 07:00:00,365,1
1125,2021-07-09 07:00:00,Random Forest,7,2.0905099065032617,2.1589968784535856,2020-07-09 07:00:00,2021-07-09 07:00:00,2021-07-09 07:00:00,365,1
1126,2021-07-09 07:00:00,Neural Network,7,2.0905099065032617,2.181777878374773,2020-07-09 07:00:00,2021-07-09 07:00:00,2021-07-09 07:00:00,365,1
1127,2021-07-09 07:00:00,Naive,7,2.0905099065032617,2.3036983861496267,2020-07-09 07:00:00,2021-07-09 07:00:00,2021-07-09 07:00:00,365,1
1128,2021-07-10 07:00:00,Decision Tree,7,1.6546323991049463,1.7981715465355839,2020-07-10 07:00:00,2021-07-10 07:00:00,2021-07-10 07:00:00,365,1
1129,2021-07-10 07:00:00,Random Forest,7,1.6546323991049463,1.7798301331046533,2020-07-10 07:00:00,2021-07-10 07:00:00,2021-07-10 07:00:00,365,1
1130,2021-07-10 07:00:00,Neural Network,7,1.6546323991049463,1.4722382951390178,2020-07-10 07:00:00,2021-07-10 07:00:00,2021-07-10 07:00:00,365,1
1131,2021-07-10 07:00:00,Naive,7,1.6546323991049463,2.0905099065032617,2020-07-10 07:00:00,2021-07-10 07:00:00,2021-07-10 07:00:00,365,1
1132,2021-07-11 07:00:00,Decision Tree,7,1.4093480235072475,1.650094033212379,2020-07-11 07:00:00,2021-07-11 07:00:00,2021-07-11 07:00:00,365,1
1133,2021-07-11 07:00:00,Random Forest,7,1.4093480235072475,1.633787317621904,2020-07-11 07:00:00,2021-07-11 07:00:00,2021-07-11 07:00:00,365,1
1134,2021-07-11 07:00:00,Neural Network,7,1.4093480235072475,1.410733205733174,2020-07-11 07:00:00,2021-07-11 07:00:00,2021-07-11 07:00:00,365,1
1135,2021-07-11 07:00:00,Naive,7,1.4093480235072475,1.6546323991049463,2020-07-11 07:00:00,2021-07-11 07:00:00,2021-07-11 07:00:00,365,1
1136,2021-07-12 07:00:00,Decision Tree,7,2.1013414675865367,2.086590381282581,2020-07-12 07:00:00,2021-07-12 07:00:00,2021-07-12 07:00:00,365,1
1137,2021-07-12 07:00:00,Random Forest,7,2.1013414675865367,2.1463371136844462,2020-07-12 07:00:00,2021-07-12 07:00:00,2021-07-12 07:00:00,365,1
1138,2021-07-12 07:00:00,Neural Network,7,2.1013414675865367,2.194220990161285,2020-07-12 07:00:00,2021-07-12 07:00:00,2021-07-12 07:00:00,365,1
1139,2021-07-12 07:00:00,Naive,7,2.1013414675865367,1.4093480235072475,2020-07-12 07:00:00,2021-07-12 07:00:00,2021-07-12 07:00:00,365,1
1140,2021-07-13 07:00:00,Decision Tree,7,2.076633878956247,2.0886976793260033,2020-07-13 07:00:00,2021-07-13 07:00:00,2021-07-13 07:00:00,365,1
1141,2021-07-13 07:00:00,Random Forest,7,2.076633878956247,2.123228250728297,2020-07-13 07:00:00,2021-07-13 07:00:00,2021-07-13 07:00:00,365,1
1142,2021-07-13 07:00:00,Neural Network,7,2.076633878956247,2.2027966114229276,2020-07-13 07:00:00,2021-07-13 07:00:00,2021-07-13 07:00:00,365,1
1143,2021-07-13 07:00:00,Naive,7,2.076633878956247,2.1013414675865367,2020-07-13 07:00:00,2021-07-13 07:00:00,2021-07-13 07:00:00,365,1
1144,2021-07-14 07:00:00,Decision Tree,7,2.0876274306161995,2.087189704279784,2020-07-14 07:00:00,2021-07-14 07:00:00,2021-07-14 07:00:00,365,1
1145,2021-07-14 07:00:00,Random Forest,7,2.0876274306161995,2.136083746989654,2020-07-14 07:00:00,2021-07-14 07:00:00,2021-07-14 07:00:00,365,1
1146,2021-07-14 07:00:00,Neural Network,7,2.0876274306161995,2.164239958013687,2020-07-14 07:00:00,2021-07-14 07:00:00,2021-07-14 07:00:00,365,1
1147,2021-07-14 07:00:00,Naive,7,2.0876274306161995,2.076633878956247,2020-07-14 07:00:00,2021-07-14 07:00:00,2021-07-14 07:00:00,365,1
1148,2021-07-15 07:00:00,Decision Tree,7,2.083748913804161,2.0872383405393853,2020-07-15 07:00:00,2021-07-15 07:00:00,2021-07-15 07:00:00,365,1
1149,2021-07-15 07:00:00,Random Forest,7,2.083748913804161,2.1053247354338263,2020-07-15 07:00:00,2021-07-15 07:00:00,2021-07-15 07:00:00,365,1
1150,2021-07-15 07:00:00,Neural Network,7,2.083748913804161,2.1080812256381884,2020-07-15 07:00:00,2021-07-15 07:00:00,2021-07-15 07:00:00,365,1
1151,2021-07-15 07:00:00,Naive,7,2.083748913804161,2.0876274306161995,2020-07-15 07:00:00,2021-07-15 07:00:00,2021-07-15 07:00:00,365,1
1152,2021-07-16 07:00:00,Decision Tree,7,2.035424875397955,2.1105194284988102,2020-07-16 07:00:00,2021-07-16 07:00:00,2021-07-16 07:00:00,365,1
1153,2021-07-16 07:00:00,Random Forest,7,2.035424875397955,2.085810024091957,2020-07-16 07:00:00,2021-07-16 07:00:00,2021-07-16 07:00:00,365,1
1154,2021-07-16 07:00:00,Neural Network,7,2.035424875397955,2.1224510111664983,2020-07-16 07:00:00,2021-07-16 07:00:00,2021-07-16 07:00:00,365,1
1155,2021-07-16 07:00:00,Naive,7,2.035424875397955,2.083748913804161,2020-07-16 07:00:00,2021-07-16 07:00:00,2021-07-16 07:00:00,365,1
1156,2021-07-17 07:00:00,Decision Tree,7,1.3961081700701932,1.5438413387095846,2020-07-17 07:00:00,2021-07-17 07:00:00,2021-07-17 07:00:00,365,1
1157,2021-07-17 07:00:00,Random Forest,7,1.3961081700701932,1.5483965737339977,2020-07-17 07:00:00,2021-07-17 07:00:00,2021-07-17 07:00:00,365,1
1158,2021-07-17 07:00:00,Neural Network,7,1.3961081700701932,1.4454392892892658,2020-07-17 07:00:00,2021-07-17 07:00:00,2021-07-17 07:00:00,365,1
1159,2021-07-17 07:00:00,Naive,7,1.3961081700701932,2.035424875397955,2020-07-17 07:00:00,2021-07-17 07:00:00,2021-07-17 07:00:00,365,1
1160,2021-07-18 07:00:00,Decision Tree,7,0.9096029638595459,1.1081663039210121,2020-07-18 07:00:00,2021-07-18 07:00:00,2021-07-18 07:00:00,365,1
1161,2021-07-18 07:00:00,Random Forest,7,0.9096029638595459,1.1396242969315256,2020-07-18 07:00:00,2021-07-18 07:00:00,2021-07-18 07:00:00,365,1
1162,2021-07-18 07:00:00,Neural Network,7,0.9096029638595459,0.8140542978831533,2020-07-18 07:00:00,2021-07-18 07:00:00,2021-07-18 07:00:00,365,1
1163,2021-07-18 07:00:00,Naive,7,0.9096029638595459,1.3961081700701932,2020-07-18 07:00:00,2021-07-18 07:00:00,2021-07-18 07:00:00,365,1
1164,2021-07-19 07:00:00,Decision Tree,7,2.0024445152627863,2.0700630606726564,2020-07-19 07:00:00,2021-07-19 07:00:00,2021-07-19 07:00:00,365,1
1165,2021-07-19 07:00:00,Random Forest,7,2.0024445152627863,2.0708763038801834,2020-07-19 07:00:00,2021-07-19 07:00:00,2021-07-19 07:00:00,365,1
1166,2021-07-19 07:00:00,Neural Network,7,2.0024445152627863,2.024886519470841,2020-07-19 07:00:00,2021-07-19 07:00:00,2021-07-19 07:00:00,365,1
1167,2021-07-19 07:00:00,Naive,7,2.0024445152627863,0.9096029638595459,2020-07-19 07:00:00,2021-07-19 07:00:00,2021-07-19 07:00:00,365,1
1168,2021-07-20 07:00:00,Decision Tree,7,2.2037733704957336,2.0923339251155504,2020-07-20 07:00:00,2021-07-20 07:00:00,2021-07-20 07:00:00,365,1
1169,2021-07-20 07:00:00,Random Forest,7,2.2037733704957336,2.1644162482541756,2020-07-20 07:00:00,2021-07-20 07:00:00,2021-07-20 07:00:00,365,1
1170,2021-07-20 07:00:00,Neural Network,7,2.2037733704957336,2.3691759440488247,2020-07-20 07:00:00,2021-07-20 07:00:00,2021-07-20 07:00:00,365,1
1171,2021-07-20 07:00:00,Naive,7,2.2037733704957336,2.0024445152627863,2020-07-20 07:00:00,2021-07-20 07:00:00,2021-07-20 07:00:00,365,1
1172,2021-07-21 07:00:00,Decision Tree,7,2.0881499747831014,2.1839510426342676,2020-07-21 07:00:00,2021-07-21 07:00:00,2021-07-21 07:00:00,365,1
1173,2021-07-21 07:00:00,Random Forest,7,2.0881499747831014,2.124521776892251,2020-07-21 07:00:00,2021-07-21 07:00:00,2021-07-21 07:00:00,365,1
1174,2021-07-21 07:00:00,Neural Network,7,2.0881499747831014,2.129542920711278,2020-07-21 07:00:00,2021-07-21 07:00:00,2021-07-21 07:00:00,365,1
1175,2021-07-21 07:00:00,Naive,7,2.0881499747831014,2.2037733704957336,2020-07-21 07:00:00,2021-07-21 07:00:00,2021-07-21 07:00:00,365,1
1176,2021-07-22 07:00:00,Decision Tree,7,2.0446022996203785,2.090532416621353,2020-07-22 07:00:00,2021-07-22 07:00:00,2021-07-22 07:00:00,365,1
1177,2021-07-22 07:00:00,Random Forest,7,2.0446022996203785,2.0969311332261618,2020-07-22 07:00:00,2021-07-22 07:00:00,2021-07-22 07:00:00,365,1
1178,2021-07-22 07:00:00,Neural Network,7,2.0446022996203785,2.1218978481668165,2020-07-22 07:00:00,2021-07-22 07:00:00,2021-07-22 07:00:00,365,1
1179,2021-07-22 07:00:00,Naive,7,2.0446022996203785,2.0881499747831014,2020-07-22 07:00:00,2021-07-22 07:00:00,2021-07-22 07:00:00,365,1
1180,2021-07-23 07:00:00,Decision Tree,7,2.0705333331611318,2.1848312548300557,2020-07-23 07:00:00,2021-07-23 07:00:00,2021-07-23 07:00:00,365,1
1181,2021-07-23 07:00:00,Random Forest,7,2.0705333331611318,2.0931457506338447,2020-07-23 07:00:00,2021-07-23 07:00:00,2021-07-23 07:00:00,365,1
1182,2021-07-23 07:00:00,Neural Network,7,2.0705333331611318,2.1504434651717697,2020-07-23 07:00:00,2021-07-23 07:00:00,2021-07-23 07:00:00,365,1
1183,2021-07-23 07:00:00,Naive,7,2.0705333331611318,2.0446022996203785,2020-07-23 07:00:00,2021-07-23 07:00:00,2021-07-23 07:00:00,365,1
1184,2021-07-24 07:00:00,Decision Tree,7,1.5245946633113028,1.650094033212379,2020-07-24 07:00:00,2021-07-24 07:00:00,2021-07-24 07:00:00,365,1
1185,2021-07-24 07:00:00,Random Forest,7,1.5245946633113028,1.633850865454554,2020-07-24 07:00:00,2021-07-24 07:00:00,2021-07-24 07:00:00,365,1
1186,2021-07-24 07:00:00,Neural Network,7,1.5245946633113028,1.5263763964301984,2020-07-24 07:00:00,2021-07-24 07:00:00,2021-07-24 07:00:00,365,1
1187,2021-07-24 07:00:00,Naive,7,1.5245946633113028,2.0705333331611318,2020-07-24 07:00:00,2021-07-24 07:00:00,2021-07-24 07:00:00,365,1
1188,2021-07-25 07:00:00,Decision Tree,7,0.6130029999095362,0.8529778344897165,2020-07-25 07:00:00,2021-07-25 07:00:00,2021-07-25 07:00:00,365,1
1189,2021-07-25 07:00:00,Random Forest,7,0.6130029999095362,0.8611546571020674,2020-07-25 07:00:00,2021-07-25 07:00:00,2021-07-25 07:00:00,365,1
1190,2021-07-25 07:00:00,Neural Network,7,0.6130029999095362,0.5935295515161649,2020-07-25 07:00:00,2021-07-25 07:00:00,2021-07-25 07:00:00,365,1
1191,2021-07-25 07:00:00,Naive,7,0.6130029999095362,1.5245946633113028,2020-07-25 07:00:00,2021-07-25 07:00:00,2021-07-25 07:00:00,365,1
1192,2021-07-26 07:00:00,Decision Tree,7,1.9832934257016048,2.1075449268660713,2020-07-26 07:00:00,2021-07-26 07:00:00,2021-07-26 07:00:00,365,1
1193,2021-07-26 07:00:00,Random Forest,7,1.9832934257016048,2.064932075195132,2020-07-26 07:00:00,2021-07-26 07:00:00,2021-07-26 07:00:00,365,1
1194,2021-07-26 07:00:00,Neural Network,7,1.9832934257016048,2.0506292722903043,2020-07-26 07:00:00,2021-07-26 07:00:00,2021-07-26 07:00:00,365,1
1195,2021-07-26 07:00:00,Naive,7,1.9832934257016048,0.6130029999095362,2020-07-26 07:00:00,2021-07-26 07:00:00,2021-07-26 07:00:00,365,1
1196,2021-07-27 07:00:00,Decision Tree,7,1.9776418863212741,2.041740128616832,2020-07-27 07:00:00,2021-07-27 07:00:00,2021-07-27 07:00:00,365,1
1197,2021-07-27 07:00:00,Random Forest,7,1.9776418863212741,2.0326074656541575,2020-07-27 07:00:00,2021-07-27 07:00:00,2021-07-27 07:00:00,365,1
1198,2021-07-27 07:00:00,Neural Network,7,1.9776418863212741,2.095001657535698,2020-07-27 07:00:00,2021-07-27 07:00:00,2021-07-27 07:00:00,365,1
1199,2021-07-27 07:00:00,Naive,7,1.9776418863212741,1.9832934257016048,2020-07-27 07:00:00,2021-07-27 07:00:00,2021-07-27 07:00:00,365,1
1200,2021-07-28 07:00:00,Decision Tree,7,2.1092355026104785,2.072330758428978,2020-07-28 07:00:00,2021-07-28 07:00:00,2021-07-28 07:00:00,365,1
1201,2021-07-28 07:00:00,Random Forest,7,2.1092355026104785,2.1738575351361766,2020-07-28 07:00:00,2021-07-28 07:00:00,2021-07-28 07:00:00,365,1
1202,2021-07-28 07:00:00,Neural Network,7,2.1092355026104785,2.1779059872629163,2020-07-28 07:00:00,2021-07-28 07:00:00,2021-07-28 07:00:00,365,1
1203,2021-07-28 07:00:00,Naive,7,2.1092355026104785,1.9776418863212741,2020-07-28 07:00:00,2021-07-28 07:00:00,2021-07-28 07:00:00,365,1
1204,2021-07-29 07:00:00,Decision Tree,7,1.3390353017667322,1.408067376321374,2020-07-29 07:00:00,2021-07-29 07:00:00,2021-07-29 07:00:00,365,1
1205,2021-07-29 07:00:00,Random Forest,7,1.3390353017667322,1.5410053837500384,2020-07-29 07:00:00,2021-07-29 07:00:00,2021-07-29 07:00:00,365,1
1206,2021-07-29 07:00:00,Neural Network,7,1.3390353017667322,1.6122664150373862,2020-07-29 07:00:00,2021-07-29 07:00:00,2021-07-29 07:00:00,365,1
1207,2021-07-29 07:00:00,Naive,7,1.3390353017667322,2.1092355026104785,2020-07-29 07:00:00,2021-07-29 07:00:00,2021-07-29 07:00:00,365,1
1208,2021-07-30 07:00:00,Decision Tree,7,1.5765673001469647,1.7543746239198703,2020-07-30 07:00:00,2021-07-30 07:00:00,2021-07-30 07:00:00,365,1
1209,2021-07-30 07:00:00,Random Forest,7,1.5765673001469647,1.7885570957429133,2020-07-30 07:00:00,2021-07-30 07:00:00,2021-07-30 07:00:00,365,1
1210,2021-07-30 07:00:00,Neural Network,7,1.5765673001469647,1.6447242505329975,2020-07-30 07:00:00,2021-07-30 07:00:00,2021-07-30 07:00:00,365,1
1211,2021-07-30 07:00:00,Naive,7,1.5765673001469647,1.3390353017667322,2020-07-30 07:00:00,2021-07-30 07:00:00,2021-07-30 07:00:00,365,1
1212,2021-07-31 07:00:00,Decision Tree,7,0.15163137757167353,0.42218758516882293,2020-07-31 07:00:00,2021-07-31 07:00:00,2021-07-31 07:00:00,365,1
1213,2021-07-31 07:00:00,Random Forest,7,0.15163137757167353,0.37406555451223716,2020-07-31 07:00:00,2021-07-31 07:00:00,2021-07-31 07:00:00,365,1
1214,2021-07-31 07:00:00,Neural Network,7,0.15163137757167353,0.2003406483686535,2020-07-31 07:00:00,2021-07-31 07:00:00,2021-07-31 07:00:00,365,1
1215,2021-07-31 07:00:00,Naive,7,0.15163137757167353,1.5765673001469647,2020-07-31 07:00:00,2021-07-31 07:00:00,2021-07-31 07:00:00,365,1
1216,2021-08-01 07:00:00,Decision Tree,7,0.9344267966724149,1.2242771564324175,2020-08-01 07:00:00,2021-08-01 07:00:00,2021-08-01 07:00:00,365,1
1217,2021-08-01 07:00:00,Random Forest,7,0.9344267966724149,1.1726396567817976,2020-08-01 07:00:00,2021-08-01 07:00:00,2021-08-01 07:00:00,365,1
1218,2021-08-01 07:00:00,Neural Network,7,0.9344267966724149,0.9718367832075911,2020-08-01 07:00:00,2021-08-01 07:00:00,2021-08-01 07:00:00,365,1
1219,2021-08-01 07:00:00,Naive,7,0.9344267966724149,0.15163137757167353,2020-08-01 07:00:00,2021-08-01 07:00:00,2021-08-01 07:00:00,365,1
1220,2021-08-02 07:00:00,Decision Tree,7,1.7989694822773459,1.7543746239198703,2020-08-02 07:00:00,2021-08-02 07:00:00,2021-08-02 07:00:00,365,1
1221,2021-08-02 07:00:00,Random Forest,7,1.7989694822773459,1.9129548264958793,2020-08-02 07:00:00,2021-08-02 07:00:00,2021-08-02 07:00:00,365,1
1222,2021-08-02 07:00:00,Neural Network,7,1.7989694822773459,1.7692951619362687,2020-08-02 07:00:00,2021-08-02 07:00:00,2021-08-02 07:00:00,365,1
1223,2021-08-02 07:00:00,Naive,7,1.7989694822773459,0.9344267966724149,2020-08-02 07:00:00,2021-08-02 07:00:00,2021-08-02 07:00:00,365,1
1224,2021-08-03 07:00:00,Decision Tree,7,2.346110171232504,2.1864100618348443,2020-08-03 07:00:00,2021-08-03 07:00:00,2021-08-03 07:00:00,365,1
1225,2021-08-03 07:00:00,Random Forest,7,2.346110171232504,2.1935951756681393,2020-08-03 07:00:00,2021-08-03 07:00:00,2021-08-03 07:00:00,365,1
1226,2021-08-03 07:00:00,Neural Network,7,2.346110171232504,2.4895806907240616,2020-08-03 07:00:00,2021-08-03 07:00:00,2021-08-03 07:00:00,365,1
1227,2021-08-03 07:00:00,Naive,7,2.346110171232504,1.7989694822773459,2020-08-03 07:00:00,2021-08-03 07:00:00,2021-08-03 07:00:00,365,1
1228,2021-08-04 07:00:00,Decision Tree,7,2.0804349966713627,2.2380021011247244,2020-08-04 07:00:00,2021-08-04 07:00:00,2021-08-04 07:00:00,365,1
1229,2021-08-04 07:00:00,Random Forest,7,2.0804349966713627,2.1193386036807196,2020-08-04 07:00:00,2021-08-04 07:00:00,2021-08-04 07:00:00,365,1
1230,2021-08-04 07:00:00,Neural Network,7,2.0804349966713627,2.1143583102268177,2020-08-04 07:00:00,2021-08-04 07:00:00,2021-08-04 07:00:00,365,1
1231,2021-08-04 07:00:00,Naive,7,2.0804349966713627,2.346110171232504,2020-08-04 07:00:00,2021-08-04 07:00:00,2021-08-04 07:00:00,365,1
1232,2021-08-05 07:00:00,Decision Tree,7,2.2887789260418097,2.2380021011247244,2020-08-05 07:00:00,2021-08-05 07:00:00,2021-08-05 07:00:00,365,1
1233,2021-08-05 07:00:00,Random Forest,7,2.2887789260418097,2.2773836775754783,2020-08-05 07:00:00,2021-08-05 07:00:00,2021-08-05 07:00:00,365,1
1234,2021-08-05 07:00:00,Neural Network,7,2.2887789260418097,2.3754763512547727,2020-08-05 07:00:00,2021-08-05 07:00:00,2021-08-05 07:00:00,365,1
1235,2021-08-05 07:00:00,Naive,7,2.2887789260418097,2.0804349966713627,2020-08-05 07:00:00,2021-08-05 07:00:00,2021-08-05 07:00:00,365,1
1236,2021-08-06 07:00:00,Decision Tree,7,1.7907203321828427,1.7618071003127824,2020-08-06 07:00:00,2021-08-06 07:00:00,2021-08-06 07:00:00,365,1
1237,2021-08-06 07:00:00,Random Forest,7,1.7907203321828427,1.8677759528048512,2020-08-06 07:00:00,2021-08-06 07:00:00,2021-08-06 07:00:00,365,1
1238,2021-08-06 07:00:00,Neural Network,7,1.7907203321828427,1.8091931699228283,2020-08-06 07:00:00,2021-08-06 07:00:00,2021-08-06 07:00:00,365,1
1239,2021-08-06 07:00:00,Naive,7,1.7907203321828427,2.2887789260418097,2020-08-06 07:00:00,2021-08-06 07:00:00,2021-08-06 07:00:00,365,1
1240,2021-08-07 07:00:00,Decision Tree,7,1.132350863965905,1.3368026208960957,2020-08-07 07:00:00,2021-08-07 07:00:00,2021-08-07 07:00:00,365,1
1241,2021-08-07 07:00:00,Random Forest,7,1.132350863965905,1.3548953678242974,2020-08-07 07:00:00,2021-08-07 07:00:00,2021-08-07 07:00:00,365,1
1242,2021-08-07 07:00:00,Neural Network,7,1.132350863965905,0.9130935933534462,2020-08-07 07:00:00,2021-08-07 07:00:00,2021-08-07 07:00:00,365,1
1243,2021-08-07 07:00:00,Naive,7,1.132350863965905,1.7907203321828427,2020-08-07 07:00:00,2021-08-07 07:00:00,2021-08-07 07:00:00,365,1
1244,2021-08-08 07:00:00,Decision Tree,7,-1.5024505568792756,-1.5390453302792482,2020-08-08 07:00:00,2021-08-08 07:00:00,2021-08-08 07:00:00,365,1
1245,2021-08-08 07:00:00,Random Forest,7,-1.5024505568792756,-1.6683345179262392,2020-08-08 07:00:00,2021-08-08 07:00:00,2021-08-08 07:00:00,365,1
1246,2021-08-08 07:00:00,Neural Network,7,-1.5024505568792756,-1.3417708582806411,2020-08-08 07:00:00,2021-08-08 07:00:00,2021-08-08 07:00:00,365,1
1247,2021-08-08 07:00:00,Naive,7,-1.5024505568792756,1.132350863965905,2020-08-08 07:00:00,2021-08-08 07:00:00,2021-08-08 07:00:00,365,1
1248,2021-08-09 07:00:00,Decision Tree,7,1.6360246079003877,1.7659375620085058,2020-08-09 07:00:00,2021-08-09 07:00:00,2021-08-09 07:00:00,365,1
1249,2021-08-09 07:00:00,Random Forest,7,1.6360246079003877,1.752122309001963,2020-08-09 07:00:00,2021-08-09 07:00:00,2021-08-09 07:00:00,365,1
1250,2021-08-09 07:00:00,Neural Network,7,1.6360246079003877,1.7179116908550975,2020-08-09 07:00:00,2021-08-09 07:00:00,2021-08-09 07:00:00,365,1
1251,2021-08-09 07:00:00,Naive,7,1.6360246079003877,-1.5024505568792756,2020-08-09 07:00:00,2021-08-09 07:00:00,2021-08-09 07:00:00,365,1
1252,2021-08-10 07:00:00,Decision Tree,7,2.0292148316445964,2.0973742071045622,2020-08-10 07:00:00,2021-08-10 07:00:00,2021-08-10 07:00:00,365,1
1253,2021-08-10 07:00:00,Random Forest,7,2.0292148316445964,2.093732189931308,2020-08-10 07:00:00,2021-08-10 07:00:00,2021-08-10 07:00:00,365,1
1254,2021-08-10 07:00:00,Neural Network,7,2.0292148316445964,1.9747560904368355,2020-08-10 07:00:00,2021-08-10 07:00:00,2021-08-10 07:00:00,365,1
1255,2021-08-10 07:00:00,Naive,7,2.0292148316445964,1.6360246079003877,2020-08-10 07:00:00,2021-08-10 07:00:00,2021-08-10 07:00:00,365,1
1256,2021-08-11 07:00:00,Decision Tree,7,2.3747040485868043,2.29739116961082,2020-08-11 07:00:00,2021-08-11 07:00:00,2021-08-11 07:00:00,365,1
1257,2021-08-11 07:00:00,Random Forest,7,2.3747040485868043,2.294598978395519,2020-08-11 07:00:00,2021-08-11 07:00:00,2021-08-11 07:00:00,365,1
1258,2021-08-11 07:00:00,Neural Network,7,2.3747040485868043,2.5025967540329006,2020-08-11 07:00:00,2021-08-11 07:00:00,2021-08-11 07:00:00,365,1
1259,2021-08-11 07:00:00,Naive,7,2.3747040485868043,2.0292148316445964,2020-08-11 07:00:00,2021-08-11 07:00:00,2021-08-11 07:00:00,365,1
1260,2021-08-12 07:00:00,Decision Tree,7,2.2154066565172137,2.361868430677069,2020-08-12 07:00:00,2021-08-12 07:00:00,2021-08-12 07:00:00,365,1
1261,2021-08-12 07:00:00,Random Forest,7,2.2154066565172137,2.309179080038275,2020-08-12 07:00:00,2021-08-12 07:00:00,2021-08-12 07:00:00,365,1
1262,2021-08-12 07:00:00,Neural Network,7,2.2154066565172137,2.2531295230727837,2020-08-12 07:00:00,2021-08-12 07:00:00,2021-08-12 07:00:00,365,1
1263,2021-08-12 07:00:00,Naive,7,2.2154066565172137,2.3747040485868043,2020-08-12 07:00:00,2021-08-12 07:00:00,2021-08-12 07:00:00,365,1
1264,2021-08-13 07:00:00,Decision Tree,7,2.258114513487086,2.2968720991533065,2020-08-13 07:00:00,2021-08-13 07:00:00,2021-08-13 07:00:00,365,1
1265,2021-08-13 07:00:00,Random Forest,7,2.258114513487086,2.287500516541867,2020-08-13 07:00:00,2021-08-13 07:00:00,2021-08-13 07:00:00,365,1
1266,2021-08-13 07:00:00,Neural Network,7,2.258114513487086,2.2950611492242476,2020-08-13 07:00:00,2021-08-13 07:00:00,2021-08-13 07:00:00,365,1
1267,2021-08-13 07:00:00,Naive,7,2.258114513487086,2.2154066565172137,2020-08-13 07:00:00,2021-08-13 07:00:00,2021-08-13 07:00:00,365,1
1268,2021-08-14 07:00:00,Decision Tree,7,1.4153065381608283,1.60841259839031,2020-08-14 07:00:00,2021-08-14 07:00:00,2021-08-14 07:00:00,365,1
1269,2021-08-14 07:00:00,Random Forest,7,1.4153065381608283,1.5653211808191412,2020-08-14 07:00:00,2021-08-14 07:00:00,2021-08-14 07:00:00,365,1
1270,2021-08-14 07:00:00,Neural Network,7,1.4153065381608283,1.5398069560119638,2020-08-14 07:00:00,2021-08-14 07:00:00,2021-08-14 07:00:00,365,1
1271,2021-08-14 07:00:00,Naive,7,1.4153065381608283,2.258114513487086,2020-08-14 07:00:00,2021-08-14 07:00:00,2021-08-14 07:00:00,365,1
1272,2021-08-15 07:00:00,Decision Tree,7,0.9493396673095819,1.2430338350965167,2020-08-15 07:00:00,2021-08-15 07:00:00,2021-08-15 07:00:00,365,1
1273,2021-08-15 07:00:00,Random Forest,7,0.9493396673095819,1.1482659392651868,2020-08-15 07:00:00,2021-08-15 07:00:00,2021-08-15 07:00:00,365,1
1274,2021-08-15 07:00:00,Neural Network,7,0.9493396673095819,0.5470989186411626,2020-08-15 07:00:00,2021-08-15 07:00:00,2021-08-15 07:00:00,365,1
1275,2021-08-15 07:00:00,Naive,7,0.9493396673095819,1.4153065381608283,2020-08-15 07:00:00,2021-08-15 07:00:00,2021-08-15 07:00:00,365,1
1276,2021-08-16 07:00:00,Decision Tree,7,1.933628113365902,2.0376370224915252,2020-08-16 07:00:00,2021-08-16 07:00:00,2021-08-16 07:00:00,365,1
1277,2021-08-16 07:00:00,Random Forest,7,1.933628113365902,2.0464812768714338,2020-08-16 07:00:00,2021-08-16 07:00:00,2021-08-16 07:00:00,365,1
1278,2021-08-16 07:00:00,Neural Network,7,1.933628113365902,2.0029224538929666,2020-08-16 07:00:00,2021-08-16 07:00:00,2021-08-16 07:00:00,365,1
1279,2021-08-16 07:00:00,Naive,7,1.933628113365902,0.9493396673095819,2020-08-16 07:00:00,2021-08-16 07:00:00,2021-08-16 07:00:00,365,1
1280,2021-08-17 07:00:00,Decision Tree,7,1.4029057577805681,1.584274340861625,2020-08-17 07:00:00,2021-08-17 07:00:00,2021-08-17 07:00:00,365,1
1281,2021-08-17 07:00:00,Random Forest,7,1.4029057577805681,1.5390336216403209,2020-08-17 07:00:00,2021-08-17 07:00:00,2021-08-17 07:00:00,365,1
1282,2021-08-17 07:00:00,Neural Network,7,1.4029057577805681,1.5903755000275202,2020-08-17 07:00:00,2021-08-17 07:00:00,2021-08-17 07:00:00,365,1
1283,2021-08-17 07:00:00,Naive,7,1.4029057577805681,1.933628113365902,2020-08-17 07:00:00,2021-08-17 07:00:00,2021-08-17 07:00:00,365,1
1284,2021-08-18 07:00:00,Decision Tree,7,1.8551559164380296,2.0002314300328803,2020-08-18 07:00:00,2021-08-18 07:00:00,2021-08-18 07:00:00,365,1
1285,2021-08-18 07:00:00,Random Forest,7,1.8551559164380296,1.9680786441118279,2020-08-18 07:00:00,2021-08-18 07:00:00,2021-08-18 07:00:00,365,1
1286,2021-08-18 07:00:00,Neural Network,7,1.8551559164380296,2.21361512238908,2020-08-18 07:00:00,2021-08-18 07:00:00,2021-08-18 07:00:00,365,1
1287,2021-08-18 07:00:00,Naive,7,1.8551559164380296,1.4029057577805681,2020-08-18 07:00:00,2021-08-18 07:00:00,2021-08-18 07:00:00,365,1
1288,2021-08-19 07:00:00,Decision Tree,7,1.9009905588782334,2.0149409006257875,2020-08-19 07:00:00,2021-08-19 07:00:00,2021-08-19 07:00:00,365,1
1289,2021-08-19 07:00:00,Random Forest,7,1.9009905588782334,2.0079120346697823,2020-08-19 07:00:00,2021-08-19 07:00:00,2021-08-19 07:00:00,365,1
1290,2021-08-19 07:00:00,Neural Network,7,1.9009905588782334,2.0513265729542844,2020-08-19 07:00:00,2021-08-19 07:00:00,2021-08-19 07:00:00,365,1
1291,2021-08-19 07:00:00,Naive,7,1.9009905588782334,1.8551559164380296,2020-08-19 07:00:00,2021-08-19 07:00:00,2021-08-19 07:00:00,365,1
1292,2021-08-20 07:00:00,Decision Tree,7,2.1735045835393936,2.255838332844424,2020-08-20 07:00:00,2021-08-20 07:00:00,2021-08-20 07:00:00,365,1
1293,2021-08-20 07:00:00,Random Forest,7,2.1735045835393936,2.2853446363095107,2020-08-20 07:00:00,2021-08-20 07:00:00,2021-08-20 07:00:00,365,1
1294,2021-08-20 07:00:00,Neural Network,7,2.1735045835393936,2.2234398427861417,2020-08-20 07:00:00,2021-08-20 07:00:00,2021-08-20 07:00:00,365,1
1295,2021-08-20 07:00:00,Naive,7,2.1735045835393936,1.9009905588782334,2020-08-20 07:00:00,2021-08-20 07:00:00,2021-08-20 07:00:00,365,1
1296,2021-08-21 07:00:00,Decision Tree,7,1.7974467164389463,1.7648355806529035,2020-08-21 07:00:00,2021-08-21 07:00:00,2021-08-21 07:00:00,365,1
1297,2021-08-21 07:00:00,Random Forest,7,1.7974467164389463,1.8812892472806773,2020-08-21 07:00:00,2021-08-21 07:00:00,2021-08-21 07:00:00,365,1
1298,2021-08-21 07:00:00,Neural Network,7,1.7974467164389463,1.6441259463976556,2020-08-21 07:00:00,2021-08-21 07:00:00,2021-08-21 07:00:00,365,1
1299,2021-08-21 07:00:00,Naive,7,1.7974467164389463,2.1735045835393936,2020-08-21 07:00:00,2021-08-21 07:00:00,2021-08-21 07:00:00,365,1
1300,2021-08-22 07:00:00,Decision Tree,7,1.3025854412233844,1.429674900169418,2020-08-22 07:00:00,2021-08-22 07:00:00,2021-08-22 07:00:00,365,1
1301,2021-08-22 07:00:00,Random Forest,7,1.3025854412233844,1.4472866915314717,2020-08-22 07:00:00,2021-08-22 07:00:00,2021-08-22 07:00:00,365,1
1302,2021-08-22 07:00:00,Neural Network,7,1.3025854412233844,1.5409257587015126,2020-08-22 07:00:00,2021-08-22 07:00:00,2021-08-22 07:00:00,365,1
1303,2021-08-22 07:00:00,Naive,7,1.3025854412233844,1.7974467164389463,2020-08-22 07:00:00,2021-08-22 07:00:00,2021-08-22 07:00:00,365,1
1304,2021-08-23 07:00:00,Decision Tree,7,2.064138292780299,2.242116041293585,2020-08-23 07:00:00,2021-08-23 07:00:00,2021-08-23 07:00:00,365,1
1305,2021-08-23 07:00:00,Random Forest,7,2.064138292780299,2.192199389377471,2020-08-23 07:00:00,2021-08-23 07:00:00,2021-08-23 07:00:00,365,1
1306,2021-08-23 07:00:00,Neural Network,7,2.064138292780299,2.1048773963313936,2020-08-23 07:00:00,2021-08-23 07:00:00,2021-08-23 07:00:00,365,1
1307,2021-08-23 07:00:00,Naive,7,2.064138292780299,1.3025854412233844,2020-08-23 07:00:00,2021-08-23 07:00:00,2021-08-23 07:00:00,365,1
1308,2021-08-24 07:00:00,Decision Tree,7,2.046471762484865,2.0627845239883373,2020-08-24 07:00:00,2021-08-24 07:00:00,2021-08-24 07:00:00,365,1
1309,2021-08-24 07:00:00,Random Forest,7,2.046471762484865,2.117983518759365,2020-08-24 07:00:00,2021-08-24 07:00:00,2021-08-24 07:00:00,365,1
1310,2021-08-24 07:00:00,Neural Network,7,2.046471762484865,2.137181103044039,2020-08-24 07:00:00,2021-08-24 07:00:00,2021-08-24 07:00:00,365,1
1311,2021-08-24 07:00:00,Naive,7,2.046471762484865,2.064138292780299,2020-08-24 07:00:00,2021-08-24 07:00:00,2021-08-24 07:00:00,365,1
1312,2021-08-25 07:00:00,Decision Tree,7,1.99822068565449,2.0607454288004035,2020-08-25 07:00:00,2021-08-25 07:00:00,2021-08-25 07:00:00,365,1
1313,2021-08-25 07:00:00,Random Forest,7,1.99822068565449,2.0708249253643296,2020-08-25 07:00:00,2021-08-25 07:00:00,2021-08-25 07:00:00,365,1
1314,2021-08-25 07:00:00,Neural Network,7,1.99822068565449,2.046824056283464,2020-08-25 07:00:00,2021-08-25 07:00:00,2021-08-25 07:00:00,365,1
1315,2021-08-25 07:00:00,Naive,7,1.99822068565449,2.046471762484865,2020-08-25 07:00:00,2021-08-25 07:00:00,2021-08-25 07:00:00,365,1
1316,2021-08-26 07:00:00,Decision Tree,7,2.059513314818001,2.249784575453156,2020-08-26 07:00:00,2021-08-26 07:00:00,2021-08-26 07:00:00,365,1
1317,2021-08-26 07:00:00,Random Forest,7,2.059513314818001,2.1543419823055117,2020-08-26 07:00:00,2021-08-26 07:00:00,2021-08-26 07:00:00,365,1
1318,2021-08-26 07:00:00,Neural Network,7,2.059513314818001,2.097302372454479,2020-08-26 07:00:00,2021-08-26 07:00:00,2021-08-26 07:00:00,365,1
1319,2021-08-26 07:00:00,Naive,7,2.059513314818001,1.99822068565449,2020-08-26 07:00:00,2021-08-26 07:00:00,2021-08-26 07:00:00,365,1
1320,2021-08-27 07:00:00,Decision Tree,7,2.0696122637622745,2.03951177747645,2020-08-27 07:00:00,2021-08-27 07:00:00,2021-08-27 07:00:00,365,1
1321,2021-08-27 07:00:00,Random Forest,7,2.0696122637622745,2.0924801425900457,2020-08-27 07:00:00,2021-08-27 07:00:00,2021-08-27 07:00:00,365,1
1322,2021-08-27 07:00:00,Neural Network,7,2.0696122637622745,2.35839752054851,2020-08-27 07:00:00,2021-08-27 07:00:00,2021-08-27 07:00:00,365,1
1323,2021-08-27 07:00:00,Naive,7,2.0696122637622745,2.059513314818001,2020-08-27 07:00:00,2021-08-27 07:00:00,2021-08-27 07:00:00,365,1
1324,2021-08-28 07:00:00,Decision Tree,7,1.6177389437701943,1.8127696085830878,2020-08-28 07:00:00,2021-08-28 07:00:00,2021-08-28 07:00:00,365,1
1325,2021-08-28 07:00:00,Random Forest,7,1.6177389437701943,1.7596092185684007,2020-08-28 07:00:00,2021-08-28 07:00:00,2021-08-28 07:00:00,365,1
1326,2021-08-28 07:00:00,Neural Network,7,1.6177389437701943,1.7693764738786417,2020-08-28 07:00:00,2021-08-28 07:00:00,2021-08-28 07:00:00,365,1
1327,2021-08-28 07:00:00,Naive,7,1.6177389437701943,2.0696122637622745,2020-08-28 07:00:00,2021-08-28 07:00:00,2021-08-28 07:00:00,365,1
1328,2021-08-29 07:00:00,Decision Tree,7,1.3521480939881299,1.4388829828890628,2020-08-29 07:00:00,2021-08-29 07:00:00,2021-08-29 07:00:00,365,1
1329,2021-08-29 07:00:00,Random Forest,7,1.3521480939881299,1.429938384254789,2020-08-29 07:00:00,2021-08-29 07:00:00,2021-08-29 07:00:00,365,1
1330,2021-08-29 07:00:00,Neural Network,7,1.3521480939881299,1.4881954139821816,2020-08-29 07:00:00,2021-08-29 07:00:00,2021-08-29 07:00:00,365,1
1331,2021-08-29 07:00:00,Naive,7,1.3521480939881299,1.6177389437701943,2020-08-29 07:00:00,2021-08-29 07:00:00,2021-08-29 07:00:00,365,1
1332,2021-08-30 07:00:00,Decision Tree,7,2.216713450549075,2.295571253047197,2020-08-30 07:00:00,2021-08-30 07:00:00,2021-08-30 07:00:00,365,1
1333,2021-08-30 07:00:00,Random Forest,7,2.216713450549075,2.2854099505670913,2020-08-30 07:00:00,2021-08-30 07:00:00,2021-08-30 07:00:00,365,1
1334,2021-08-30 07:00:00,Neural Network,7,2.216713450549075,2.379917672916853,2020-08-30 07:00:00,2021-08-30 07:00:00,2021-08-30 07:00:00,365,1
1335,2021-08-30 07:00:00,Naive,7,2.216713450549075,1.3521480939881299,2020-08-30 07:00:00,2021-08-30 07:00:00,2021-08-30 07:00:00,365,1
1336,2021-08-31 07:00:00,Decision Tree,7,2.302358489569416,2.2476886505359146,2020-08-31 07:00:00,2021-08-31 07:00:00,2021-08-31 07:00:00,365,1
1337,2021-08-31 07:00:00,Random Forest,7,2.302358489569416,2.2639360670357243,2020-08-31 07:00:00,2021-08-31 07:00:00,2021-08-31 07:00:00,365,1
1338,2021-08-31 07:00:00,Neural Network,7,2.302358489569416,2.410700944668716,2020-08-31 07:00:00,2021-08-31 07:00:00,2021-08-31 07:00:00,365,1
1339,2021-08-31 07:00:00,Naive,7,2.302358489569416,2.216713450549075,2020-08-31 07:00:00,2021-08-31 07:00:00,2021-08-31 07:00:00,365,1
1340,2021-09-01 07:00:00,Decision Tree,7,2.310453043853704,2.330474456154123,2020-09-01 07:00:00,2021-09-01 07:00:00,2021-09-01 07:00:00,365,1
1341,2021-09-01 07:00:00,Random Forest,7,2.310453043853704,2.335727044491603,2020-09-01 07:00:00,2021-09-01 07:00:00,2021-09-01 07:00:00,365,1
1342,2021-09-01 07:00:00,Neural Network,7,2.310453043853704,2.438724986153625,2020-09-01 07:00:00,2021-09-01 07:00:00,2021-09-01 07:00:00,365,1
1343,2021-09-01 07:00:00,Naive,7,2.310453043853704,2.302358489569416,2020-09-01 07:00:00,2021-09-01 07:00:00,2021-09-01 07:00:00,365,1
1344,2021-09-02 07:00:00,Decision Tree,7,2.4457614316698617,2.349018229730449,2020-09-02 07:00:00,2021-09-02 07:00:00,2021-09-02 07:00:00,365,1
1345,2021-09-02 07:00:00,Random Forest,7,2.4457614316698617,2.3176304455344194,2020-09-02 07:00:00,2021-09-02 07:00:00,2021-09-02 07:00:00,365,1
1346,2021-09-02 07:00:00,Neural Network,7,2.4457614316698617,2.7150133927527453,2020-09-02 07:00:00,2021-09-02 07:00:00,2021-09-02 07:00:00,365,1
1347,2021-09-02 07:00:00,Naive,7,2.4457614316698617,2.310453043853704,2020-09-02 07:00:00,2021-09-02 07:00:00,2021-09-02 07:00:00,365,1
1348,2021-09-03 07:00:00,Decision Tree,7,2.32567781217121,2.365142096720351,2020-09-03 07:00:00,2021-09-03 07:00:00,2021-09-03 07:00:00,365,1
1349,2021-09-03 07:00:00,Random Forest,7,2.32567781217121,2.2999078021347588,2020-09-03 07:00:00,2021-09-03 07:00:00,2021-09-03 07:00:00,365,1
1350,2021-09-03 07:00:00,Neural Network,7,2.32567781217121,2.4865035229414594,2020-09-03 07:00:00,2021-09-03 07:00:00,2021-09-03 07:00:00,365,1
1351,2021-09-03 07:00:00,Naive,7,2.32567781217121,2.4457614316698617,2020-09-03 07:00:00,2021-09-03 07:00:00,2021-09-03 07:00:00,365,1
1352,2021-09-04 07:00:00,Decision Tree,7,2.1417406598520006,2.2568002903748314,2020-09-04 07:00:00,2021-09-04 07:00:00,2021-09-04 07:00:00,365,1
1353,2021-09-04 07:00:00,Random Forest,7,2.1417406598520006,2.241597540188,2020-09-04 07:00:00,2021-09-04 07:00:00,2021-09-04 07:00:00,365,1
1354,2021-09-04 07:00:00,Neural Network,7,2.1417406598520006,2.027052857549167,2020-09-04 07:00:00,2021-09-04 07:00:00,2021-09-04 07:00:00,365,1
1355,2021-09-04 07:00:00,Naive,7,2.1417406598520006,2.32567781217121,2020-09-04 07:00:00,2021-09-04 07:00:00,2021-09-04 07:00:00,365,1
1356,2021-09-05 07:00:00,Decision Tree,7,1.7347208353607853,1.8108623093403493,2020-09-05 07:00:00,2021-09-05 07:00:00,2021-09-05 07:00:00,365,1
1357,2021-09-05 07:00:00,Random Forest,7,1.7347208353607853,1.7824876330431785,2020-09-05 07:00:00,2021-09-05 07:00:00,2021-09-05 07:00:00,365,1
1358,2021-09-05 07:00:00,Neural Network,7,1.7347208353607853,1.8150682530272313,2020-09-05 07:00:00,2021-09-05 07:00:00,2021-09-05 07:00:00,365,1
1359,2021-09-05 07:00:00,Naive,7,1.7347208353607853,2.1417406598520006,2020-09-05 07:00:00,2021-09-05 07:00:00,2021-09-05 07:00:00,365,1
1360,2021-09-06 07:00:00,Decision Tree,7,2.554675181416918,2.3595043417847594,2020-09-06 07:00:00,2021-09-06 07:00:00,2021-09-06 07:00:00,365,1
1361,2021-09-06 07:00:00,Random Forest,7,2.554675181416918,2.3408646503447135,2020-09-06 07:00:00,2021-09-06 07:00:00,2021-09-06 07:00:00,365,1
1362,2021-09-06 07:00:00,Neural Network,7,2.554675181416918,2.779049000646366,2020-09-06 07:00:00,2021-09-06 07:00:00,2021-09-06 07:00:00,365,1
1363,2021-09-06 07:00:00,Naive,7,2.554675181416918,1.7347208353607853,2020-09-06 07:00:00,2021-09-06 07:00:00,2021-09-06 07:00:00,365,1
1364,2021-09-07 07:00:00,Decision Tree,7,2.5150478738580175,2.422127732892942,2020-09-07 07:00:00,2021-09-07 07:00:00,2021-09-07 07:00:00,365,1
1365,2021-09-07 07:00:00,Random Forest,7,2.5150478738580175,2.4555214293277667,2020-09-07 07:00:00,2021-09-07 07:00:00,2021-09-07 07:00:00,365,1
1366,2021-09-07 07:00:00,Neural Network,7,2.5150478738580175,2.7647678752487246,2020-09-07 07:00:00,2021-09-07 07:00:00,2021-09-07 07:00:00,365,1
1367,2021-09-07 07:00:00,Naive,7,2.5150478738580175,2.554675181416918,2020-09-07 07:00:00,2021-09-07 07:00:00,2021-09-07 07:00:00,365,1
1368,2021-09-08 07:00:00,Decision Tree,7,2.427052711755272,2.463046698893805,2020-09-08 07:00:00,2021-09-08 07:00:00,2021-09-08 07:00:00,365,1
1369,2021-09-08 07:00:00,Random Forest,7,2.427052711755272,2.474643476060534,2020-09-08 07:00:00,2021-09-08 07:00:00,2021-09-08 07:00:00,365,1
1370,2021-09-08 07:00:00,Neural Network,7,2.427052711755272,2.54266251372909,2020-09-08 07:00:00,2021-09-08 07:00:00,2021-09-08 07:00:00,365,1
1371,2021-09-08 07:00:00,Naive,7,2.427052711755272,2.5150478738580175,2020-09-08 07:00:00,2021-09-08 07:00:00,2021-09-08 07:00:00,365,1
1372,2021-09-09 07:00:00,Decision Tree,7,2.39626926756073,2.4570477010373826,2020-09-09 07:00:00,2021-09-09 07:00:00,2021-09-09 07:00:00,365,1
1373,2021-09-09 07:00:00,Random Forest,7,2.39626926756073,2.4194650161191236,2020-09-09 07:00:00,2021-09-09 07:00:00,2021-09-09 07:00:00,365,1
1374,2021-09-09 07:00:00,Neural Network,7,2.39626926756073,2.507521019280495,2020-09-09 07:00:00,2021-09-09 07:00:00,2021-09-09 07:00:00,365,1
1375,2021-09-09 07:00:00,Naive,7,2.39626926756073,2.427052711755272,2020-09-09 07:00:00,2021-09-09 07:00:00,2021-09-09 07:00:00,365,1
1376,2021-09-10 07:00:00,Decision Tree,7,2.4793461710947553,2.448365067683575,2020-09-10 07:00:00,2021-09-10 07:00:00,2021-09-10 07:00:00,365,1
1377,2021-09-10 07:00:00,Random Forest,7,2.4793461710947553,2.393210688904433,2020-09-10 07:00:00,2021-09-10 07:00:00,2021-09-10 07:00:00,365,1
1378,2021-09-10 07:00:00,Neural Network,7,2.4793461710947553,2.688418856516067,2020-09-10 07:00:00,2021-09-10 07:00:00,2021-09-10 07:00:00,365,1
1379,2021-09-10 07:00:00,Naive,7,2.4793461710947553,2.39626926756073,2020-09-10 07:00:00,2021-09-10 07:00:00,2021-09-10 07:00:00,365,1
1380,2021-09-11 07:00:00,Decision Tree,7,2.2747470001628427,2.331860713082728,2020-09-11 07:00:00,2021-09-11 07:00:00,2021-09-11 07:00:00,365,1
1381,2021-09-11 07:00:00,Random Forest,7,2.2747470001628427,2.2938456841008903,2020-09-11 07:00:00,2021-09-11 07:00:00,2021-09-11 07:00:00,365,1
1382,2021-09-11 07:00:00,Neural Network,7,2.2747470001628427,2.154168314112511,2020-09-11 07:00:00,2021-09-11 07:00:00,2021-09-11 07:00:00,365,1
1383,2021-09-11 07:00:00,Naive,7,2.2747470001628427,2.4793461710947553,2020-09-11 07:00:00,2021-09-11 07:00:00,2021-09-11 07:00:00,365,1
1384,2021-09-12 07:00:00,Decision Tree,7,1.8407726379175346,2.05147894114412,2020-09-12 07:00:00,2021-09-12 07:00:00,2021-09-12 07:00:00,365,1
1385,2021-09-12 07:00:00,Random Forest,7,1.8407726379175346,2.0025375852068894,2020-09-12 07:00:00,2021-09-12 07:00:00,2021-09-12 07:00:00,365,1
1386,2021-09-12 07:00:00,Neural Network,7,1.8407726379175346,1.8391863960144623,2020-09-12 07:00:00,2021-09-12 07:00:00,2021-09-12 07:00:00,365,1
1387,2021-09-12 07:00:00,Naive,7,1.8407726379175346,2.2747470001628427,2020-09-12 07:00:00,2021-09-12 07:00:00,2021-09-12 07:00:00,365,1
1388,2021-09-13 07:00:00,Decision Tree,7,2.4939066074576433,2.452237705609973,2020-09-13 07:00:00,2021-09-13 07:00:00,2021-09-13 07:00:00,365,1
1389,2021-09-13 07:00:00,Random Forest,7,2.4939066074576433,2.455134244346161,2020-09-13 07:00:00,2021-09-13 07:00:00,2021-09-13 07:00:00,365,1
1390,2021-09-13 07:00:00,Neural Network,7,2.4939066074576433,2.54449639469114,2020-09-13 07:00:00,2021-09-13 07:00:00,2021-09-13 07:00:00,365,1
1391,2021-09-13 07:00:00,Naive,7,2.4939066074576433,1.8407726379175346,2020-09-13 07:00:00,2021-09-13 07:00:00,2021-09-13 07:00:00,365,1
1392,2021-09-14 07:00:00,Decision Tree,7,2.531475900266233,2.4568675835930467,2020-09-14 07:00:00,2021-09-14 07:00:00,2021-09-14 07:00:00,365,1
1393,2021-09-14 07:00:00,Random Forest,7,2.531475900266233,2.490539729526761,2020-09-14 07:00:00,2021-09-14 07:00:00,2021-09-14 07:00:00,365,1
1394,2021-09-14 07:00:00,Neural Network,7,2.531475900266233,2.659006195496741,2020-09-14 07:00:00,2021-09-14 07:00:00,2021-09-14 07:00:00,365,1
1395,2021-09-14 07:00:00,Naive,7,2.531475900266233,2.4939066074576433,2020-09-14 07:00:00,2021-09-14 07:00:00,2021-09-14 07:00:00,365,1
1396,2021-09-15 07:00:00,Decision Tree,7,2.631535937424333,2.3223417609294135,2020-09-15 07:00:00,2021-09-15 07:00:00,2021-09-15 07:00:00,365,1
1397,2021-09-15 07:00:00,Random Forest,7,2.631535937424333,2.3782073354905275,2020-09-15 07:00:00,2021-09-15 07:00:00,2021-09-15 07:00:00,365,1
1398,2021-09-15 07:00:00,Neural Network,7,2.631535937424333,2.6890391545864953,2020-09-15 07:00:00,2021-09-15 07:00:00,2021-09-15 07:00:00,365,1
1399,2021-09-15 07:00:00,Naive,7,2.631535937424333,2.531475900266233,2020-09-15 07:00:00,2021-09-15 07:00:00,2021-09-15 07:00:00,365,1
1400,2021-09-16 07:00:00,Decision Tree,7,2.7214418202622737,2.5098502268678793,2020-09-16 07:00:00,2021-09-16 07:00:00,2021-09-16 07:00:00,365,1
1401,2021-09-16 07:00:00,Random Forest,7,2.7214418202622737,2.511146073378941,2020-09-16 07:00:00,2021-09-16 07:00:00,2021-09-16 07:00:00,365,1
1402,2021-09-16 07:00:00,Neural Network,7,2.7214418202622737,3.0397232865629604,2020-09-16 07:00:00,2021-09-16 07:00:00,2021-09-16 07:00:00,365,1
1403,2021-09-16 07:00:00,Naive,7,2.7214418202622737,2.631535937424333,2020-09-16 07:00:00,2021-09-16 07:00:00,2021-09-16 07:00:00,365,1
1404,2021-09-17 07:00:00,Decision Tree,7,2.6361502339081655,2.533360403911701,2020-09-17 07:00:00,2021-09-17 07:00:00,2021-09-17 07:00:00,365,1
1405,2021-09-17 07:00:00,Random Forest,7,2.6361502339081655,2.5915714015264264,2020-09-17 07:00:00,2021-09-17 07:00:00,2021-09-17 07:00:00,365,1
1406,2021-09-17 07:00:00,Neural Network,7,2.6361502339081655,2.8123222153960086,2020-09-17 07:00:00,2021-09-17 07:00:00,2021-09-17 07:00:00,365,1
1407,2021-09-17 07:00:00,Naive,7,2.6361502339081655,2.7214418202622737,2020-09-17 07:00:00,2021-09-17 07:00:00,2021-09-17 07:00:00,365,1
1408,2021-09-18 07:00:00,Decision Tree,7,2.3724519654929046,2.4722229591671097,2020-09-18 07:00:00,2021-09-18 07:00:00,2021-09-18 07:00:00,365,1
1409,2021-09-18 07:00:00,Random Forest,7,2.3724519654929046,2.3884316773673597,2020-09-18 07:00:00,2021-09-18 07:00:00,2021-09-18 07:00:00,365,1
1410,2021-09-18 07:00:00,Neural Network,7,2.3724519654929046,2.308238475964523,2020-09-18 07:00:00,2021-09-18 07:00:00,2021-09-18 07:00:00,365,1
1411,2021-09-18 07:00:00,Naive,7,2.3724519654929046,2.6361502339081655,2020-09-18 07:00:00,2021-09-18 07:00:00,2021-09-18 07:00:00,365,1
1412,2021-09-19 07:00:00,Decision Tree,7,1.3602573671810652,1.6644881796719855,2020-09-19 07:00:00,2021-09-19 07:00:00,2021-09-19 07:00:00,365,1
1413,2021-09-19 07:00:00,Random Forest,7,1.3602573671810652,1.6056441830369632,2020-09-19 07:00:00,2021-09-19 07:00:00,2021-09-19 07:00:00,365,1
1414,2021-09-19 07:00:00,Neural Network,7,1.3602573671810652,1.5787975328188575,2020-09-19 07:00:00,2021-09-19 07:00:00,2021-09-19 07:00:00,365,1
1415,2021-09-19 07:00:00,Naive,7,1.3602573671810652,2.3724519654929046,2020-09-19 07:00:00,2021-09-19 07:00:00,2021-09-19 07:00:00,365,1
1416,2021-09-20 07:00:00,Decision Tree,7,2.6073146652803407,2.6150558146555847,2020-09-20 07:00:00,2021-09-20 07:00:00,2021-09-20 07:00:00,365,1
1417,2021-09-20 07:00:00,Random Forest,7,2.6073146652803407,2.585478263312082,2020-09-20 07:00:00,2021-09-20 07:00:00,2021-09-20 07:00:00,365,1
1418,2021-09-20 07:00:00,Neural Network,7,2.6073146652803407,2.6546098307672077,2020-09-20 07:00:00,2021-09-20 07:00:00,2021-09-20 07:00:00,365,1
1419,2021-09-20 07:00:00,Naive,7,2.6073146652803407,1.3602573671810652,2020-09-20 07:00:00,2021-09-20 07:00:00,2021-09-20 07:00:00,365,1
1420,2021-09-21 07:00:00,Decision Tree,7,2.6726039599165277,2.613765623093044,2020-09-21 07:00:00,2021-09-21 07:00:00,2021-09-21 07:00:00,365,1
1421,2021-09-21 07:00:00,Random Forest,7,2.6726039599165277,2.6116627088852624,2020-09-21 07:00:00,2021-09-21 07:00:00,2021-09-21 07:00:00,365,1
1422,2021-09-21 07:00:00,Neural Network,7,2.6726039599165277,2.7312705466301885,2020-09-21 07:00:00,2021-09-21 07:00:00,2021-09-21 07:00:00,365,1
1423,2021-09-21 07:00:00,Naive,7,2.6726039599165277,2.6073146652803407,2020-09-21 07:00:00,2021-09-21 07:00:00,2021-09-21 07:00:00,365,1
1424,2021-09-22 07:00:00,Decision Tree,7,2.736483819263861,2.6538093233583284,2020-09-22 07:00:00,2021-09-22 07:00:00,2021-09-22 07:00:00,365,1
1425,2021-09-22 07:00:00,Random Forest,7,2.736483819263861,2.6428272567232494,2020-09-22 07:00:00,2021-09-22 07:00:00,2021-09-22 07:00:00,365,1
1426,2021-09-22 07:00:00,Neural Network,7,2.736483819263861,2.833124307851561,2020-09-22 07:00:00,2021-09-22 07:00:00,2021-09-22 07:00:00,365,1
1427,2021-09-22 07:00:00,Naive,7,2.736483819263861,2.6726039599165277,2020-09-22 07:00:00,2021-09-22 07:00:00,2021-09-22 07:00:00,365,1
1428,2021-09-23 07:00:00,Decision Tree,7,2.3982953274278196,2.329500361581341,2020-09-23 07:00:00,2021-09-23 07:00:00,2021-09-23 07:00:00,365,1
1429,2021-09-23 07:00:00,Random Forest,7,2.3982953274278196,2.4107187503642566,2020-09-23 07:00:00,2021-09-23 07:00:00,2021-09-23 07:00:00,365,1
1430,2021-09-23 07:00:00,Neural Network,7,2.3982953274278196,2.7680991979320044,2020-09-23 07:00:00,2021-09-23 07:00:00,2021-09-23 07:00:00,365,1
1431,2021-09-23 07:00:00,Naive,7,2.3982953274278196,2.736483819263861,2020-09-23 07:00:00,2021-09-23 07:00:00,2021-09-23 07:00:00,365,1
1432,2021-09-24 07:00:00,Decision Tree,7,2.5335910481949253,2.5148903468187136,2020-09-24 07:00:00,2021-09-24 07:00:00,2021-09-24 07:00:00,365,1
1433,2021-09-24 07:00:00,Random Forest,7,2.5335910481949253,2.582836345455456,2020-09-24 07:00:00,2021-09-24 07:00:00,2021-09-24 07:00:00,365,1
1434,2021-09-24 07:00:00,Neural Network,7,2.5335910481949253,2.599288653172027,2020-09-24 07:00:00,2021-09-24 07:00:00,2021-09-24 07:00:00,365,1
1435,2021-09-24 07:00:00,Naive,7,2.5335910481949253,2.3982953274278196,2020-09-24 07:00:00,2021-09-24 07:00:00,2021-09-24 07:00:00,365,1
1436,2021-09-25 07:00:00,Decision Tree,7,2.0035776357943447,2.214004594354616,2020-09-25 07:00:00,2021-09-25 07:00:00,2021-09-25 07:00:00,365,1
1437,2021-09-25 07:00:00,Random Forest,7,2.0035776357943447,2.1320448984757165,2020-09-25 07:00:00,2021-09-25 07:00:00,2021-09-25 07:00:00,365,1
1438,2021-09-25 07:00:00,Neural Network,7,2.0035776357943447,1.9429857860865125,2020-09-25 07:00:00,2021-09-25 07:00:00,2021-09-25 07:00:00,365,1
1439,2021-09-25 07:00:00,Naive,7,2.0035776357943447,2.5335910481949253,2020-09-25 07:00:00,2021-09-25 07:00:00,2021-09-25 07:00:00,365,1
1440,2021-09-26 07:00:00,Decision Tree,7,1.9588641533083764,1.9068249724788089,2020-09-26 07:00:00,2021-09-26 07:00:00,2021-09-26 07:00:00,365,1
1441,2021-09-26 07:00:00,Random Forest,7,1.9588641533083764,1.9831710685758408,2020-09-26 07:00:00,2021-09-26 07:00:00,2021-09-26 07:00:00,365,1
1442,2021-09-26 07:00:00,Neural Network,7,1.9588641533083764,2.0034038906268385,2020-09-26 07:00:00,2021-09-26 07:00:00,2021-09-26 07:00:00,365,1
1443,2021-09-26 07:00:00,Naive,7,1.9588641533083764,2.0035776357943447,2020-09-26 07:00:00,2021-09-26 07:00:00,2021-09-26 07:00:00,365,1
1444,2021-09-27 07:00:00,Decision Tree,7,2.6220539096331983,2.66758840600925,2020-09-27 07:00:00,2021-09-27 07:00:00,2021-09-27 07:00:00,365,1
1445,2021-09-27 07:00:00,Random Forest,7,2.6220539096331983,2.6435378144082935,2020-09-27 07:00:00,2021-09-27 07:00:00,2021-09-27 07:00:00,365,1
1446,2021-09-27 07:00:00,Neural Network,7,2.6220539096331983,2.6833057252263828,2020-09-27 07:00:00,2021-09-27 07:00:00,2021-09-27 07:00:00,365,1
1447,2021-09-27 07:00:00,Naive,7,2.6220539096331983,1.9588641533083764,2020-09-27 07:00:00,2021-09-27 07:00:00,2021-09-27 07:00:00,365,1
1448,2021-09-28 07:00:00,Decision Tree,7,2.6566949954824124,2.6610834779555286,2020-09-28 07:00:00,2021-09-28 07:00:00,2021-09-28 07:00:00,365,1
1449,2021-09-28 07:00:00,Random Forest,7,2.6566949954824124,2.673349431063757,2020-09-28 07:00:00,2021-09-28 07:00:00,2021-09-28 07:00:00,365,1
1450,2021-09-28 07:00:00,Neural Network,7,2.6566949954824124,2.7112173611301653,2020-09-28 07:00:00,2021-09-28 07:00:00,2021-09-28 07:00:00,365,1
1451,2021-09-28 07:00:00,Naive,7,2.6566949954824124,2.6220539096331983,2020-09-28 07:00:00,2021-09-28 07:00:00,2021-09-28 07:00:00,365,1
1452,2021-09-29 07:00:00,Decision Tree,7,2.686265003492542,2.660534917646389,2020-09-29 07:00:00,2021-09-29 07:00:00,2021-09-29 07:00:00,365,1
1453,2021-09-29 07:00:00,Random Forest,7,2.686265003492542,2.6837556486910006,2020-09-29 07:00:00,2021-09-29 07:00:00,2021-09-29 07:00:00,365,1
1454,2021-09-29 07:00:00,Neural Network,7,2.686265003492542,2.719271913044456,2020-09-29 07:00:00,2021-09-29 07:00:00,2021-09-29 07:00:00,365,1
1455,2021-09-29 07:00:00,Naive,7,2.686265003492542,2.6566949954824124,2020-09-29 07:00:00,2021-09-29 07:00:00,2021-09-29 07:00:00,365,1
1456,2021-09-30 07:00:00,Decision Tree,7,2.4213659395958786,2.5180071303814153,2020-09-30 07:00:00,2021-09-30 07:00:00,2021-09-30 07:00:00,365,1
1457,2021-09-30 07:00:00,Random Forest,7,2.4213659395958786,2.5202558814324636,2020-09-30 07:00:00,2021-09-30 07:00:00,2021-09-30 07:00:00,365,1
1458,2021-09-30 07:00:00,Neural Network,7,2.4213659395958786,2.666494135392428,2020-09-30 07:00:00,2021-09-30 07:00:00,2021-09-30 07:00:00,365,1
1459,2021-09-30 07:00:00,Naive,7,2.4213659395958786,2.686265003492542,2020-09-30 07:00:00,2021-09-30 07:00:00,2021-09-30 07:00:00,365,1
