,timestamp,model,hour,y_true,y_pred,train_start,train_end,test_day,train_rows,test_rows
0,2020-10-01 15:00:00,Decision Tree,15,0.04462573347280087,0.0412099572615486,2019-10-01 15:00:00,2020-10-01 15:00:00,2020-10-01 15:00:00,366,1
1,2020-10-01 15:00:00,Random Forest,15,0.04462573347280087,0.044495425432524854,2019-10-01 15:00:00,2020-10-01 15:00:00,2020-10-01 15:00:00,366,1
2,2020-10-01 15:00:00,Neural Network,15,0.04462573347280087,0.14976989535323448,2019-10-01 15:00:00,2020-10-01 15:00:00,2020-10-01 15:00:00,366,1
3,2020-10-01 15:00:00,Naive,15,0.04462573347280087,0.5946438715962321,2019-10-01 15:00:00,2020-10-01 15:00:00,2020-10-01 15:00:00,366,1
4,2020-10-02 15:00:00,Decision Tree,15,-0.19887146685738696,-0.16725092261887195,2019-10-02 15:00:00,2020-10-02 15:00:00,2020-10-02 15:00:00,366,1
5,2020-10-02 15:00:00,Random Forest,15,-0.19887146685738696,-0.1921513793772284,2019-10-02 15:00:00,2020-10-02 15:00:00,2020-10-02 15:00:00,366,1
6,2020-10-02 15:00:00,Neural Network,15,-0.19887146685738696,-0.43408727259761026,2019-10-02 15:00:00,2020-10-02 15:00:00,2020-10-02 15:00:00,366,1
7,2020-10-02 15:00:00,Naive,15,-0.19887146685738696,0.04462573347280087,2019-10-02 15:00:00,2020-10-02 15:00:00,2020-10-02 15:00:00,366,1
8,2020-10-03 15:00:00,Decision Tree,15,-1.2534416838498765,-1.2383193668539305,2019-10-03 15:00:00,2020-10-03 15:00:00,2020-10-03 15:00:00,366,1
9,2020-10-03 15:00:00,Random Forest,15,-1.2534416838498765,-1.2577908342656443,2019-10-03 15:00:00,2020-10-03 15:00:00,2020-10-03 15:00:00,366,1
10,2020-10-03 15:00:00,Neural Network,15,-1.2534416838498765,-1.0449110156615724,2019-10-03 15:00:00,2020-10-03 15:00:00,2020-10-03 15:00:00,366,1
11,2020-10-03 15:00:00,Naive,15,-1.2534416838498765,-0.19887146685738696,2019-10-03 15:00:00,2020-10-03 15:00:00,2020-10-03 15:00:00,366,1
12,2020-10-04 15:00:00,Decision Tree,15,-1.7078472116032866,-1.659353058398577,2019-10-04 15:00:00,2020-10-04 15:00:00,2020-10-04 15:00:00,366,1
13,2020-10-04 15:00:00,Random Forest,15,-1.7078472116032866,-1.7128712809411384,2019-10-04 15:00:00,2020-10-04 15:00:00,2020-10-04 15:00:00,366,1
14,2020-10-04 15:00:00,Neural Network,15,-1.7078472116032866,-1.459295812320918,2019-10-04 15:00:00,2020-10-04 15:00:00,2020-10-04 15:00:00,366,1
15,2020-10-04 15:00:00,Naive,15,-1.7078472116032866,-1.2534416838498765,2019-10-04 15:00:00,2020-10-04 15:00:00,2020-10-04 15:00:00,366,1
16,2020-10-05 15:00:00,Decision Tree,15,-0.196838411323191,-0.17076431642315137,2019-10-05 15:00:00,2020-10-05 15:00:00,2020-10-05 15:00:00,366,1
17,2020-10-05 15:00:00,Random Forest,15,-0.196838411323191,-0.19211087559547682,2019-10-05 15:00:00,2020-10-05 15:00:00,2020-10-05 15:00:00,366,1
18,2020-10-05 15:00:00,Neural Network,15,-0.196838411323191,-0.14768825452644418,2019-10-05 15:00:00,2020-10-05 15:00:00,2020-10-05 15:00:00,366,1
19,2020-10-05 15:00:00,Naive,15,-0.196838411323191,-1.7078472116032866,2019-10-05 15:00:00,2020-10-05 15:00:00,2020-10-05 15:00:00,366,1
20,2020-10-06 15:00:00,Decision Tree,15,-0.07922765633671097,-0.09624263159155722,2019-10-06 15:00:00,2020-10-06 15:00:00,2020-10-06 15:00:00,366,1
21,2020-10-06 15:00:00,Random Forest,15,-0.07922765633671097,-0.08400888180846351,2019-10-06 15:00:00,2020-10-06 15:00:00,2020-10-06 15:00:00,366,1
22,2020-10-06 15:00:00,Neural Network,15,-0.07922765633671097,-0.2902990018758701,2019-10-06 15:00:00,2020-10-06 15:00:00,2020-10-06 15:00:00,366,1
23,2020-10-06 15:00:00,Naive,15,-0.07922765633671097,-0.196838411323191,2019-10-06 15:00:00,2020-10-06 15:00:00,2020-10-06 15:00:00,366,1
24,2020-10-07 15:00:00,Decision Tree,15,-0.1369998505055863,-0.11824221144284806,2019-10-07 15:00:00,2020-10-07 15:00:00,2020-10-07 15:00:00,366,1
25,2020-10-07 15:00:00,Random Forest,15,-0.1369998505055863,-0.13639405119633907,2019-10-07 15:00:00,2020-10-07 15:00:00,2020-10-07 15:00:00,366,1
26,2020-10-07 15:00:00,Neural Network,15,-0.1369998505055863,-0.13744953136164895,2019-10-07 15:00:00,2020-10-07 15:00:00,2020-10-07 15:00:00,366,1
27,2020-10-07 15:00:00,Naive,15,-0.1369998505055863,-0.07922765633671097,2019-10-07 15:00:00,2020-10-07 15:00:00,2020-10-07 15:00:00,366,1
28,2020-10-08 15:00:00,Decision Tree,15,-0.6743589757004612,-0.6602415629359725,2019-10-08 15:00:00,2020-10-08 15:00:00,2020-10-08 15:00:00,366,1
29,2020-10-08 15:00:00,Random Forest,15,-0.6743589757004612,-0.6741120359022988,2019-10-08 15:00:00,2020-10-08 15:00:00,2020-10-08 15:00:00,366,1
30,2020-10-08 15:00:00,Neural Network,15,-0.6743589757004612,-0.7432473099615464,2019-10-08 15:00:00,2020-10-08 15:00:00,2020-10-08 15:00:00,366,1
31,2020-10-08 15:00:00,Naive,15,-0.6743589757004612,-0.1369998505055863,2019-10-08 15:00:00,2020-10-08 15:00:00,2020-10-08 15:00:00,366,1
32,2020-10-09 15:00:00,Decision Tree,15,0.1860865229496024,0.1681802054139001,2019-10-09 15:00:00,2020-10-09 15:00:00,2020-10-09 15:00:00,366,1
33,2020-10-09 15:00:00,Random Forest,15,0.1860865229496024,0.17324314765172116,2019-10-09 15:00:00,2020-10-09 15:00:00,2020-10-09 15:00:00,366,1
34,2020-10-09 15:00:00,Neural Network,15,0.1860865229496024,0.5150558681664319,2019-10-09 15:00:00,2020-10-09 15:00:00,2020-10-09 15:00:00,366,1
35,2020-10-09 15:00:00,Naive,15,0.1860865229496024,-0.6743589757004612,2019-10-09 15:00:00,2020-10-09 15:00:00,2020-10-09 15:00:00,366,1
36,2020-10-10 15:00:00,Decision Tree,15,-0.574430154140157,-0.5561239668708124,2019-10-10 15:00:00,2020-10-10 15:00:00,2020-10-10 15:00:00,366,1
37,2020-10-10 15:00:00,Random Forest,15,-0.574430154140157,-0.5739409593959701,2019-10-10 15:00:00,2020-10-10 15:00:00,2020-10-10 15:00:00,366,1
38,2020-10-10 15:00:00,Neural Network,15,-0.574430154140157,-0.6713090574704902,2019-10-10 15:00:00,2020-10-10 15:00:00,2020-10-10 15:00:00,366,1
39,2020-10-10 15:00:00,Naive,15,-0.574430154140157,0.1860865229496024,2019-10-10 15:00:00,2020-10-10 15:00:00,2020-10-10 15:00:00,366,1
40,2020-10-11 15:00:00,Decision Tree,15,-0.5377364966726453,-0.5584122402794806,2019-10-11 15:00:00,2020-10-11 15:00:00,2020-10-11 15:00:00,366,1
41,2020-10-11 15:00:00,Random Forest,15,-0.5377364966726453,-0.5483934359650474,2019-10-11 15:00:00,2020-10-11 15:00:00,2020-10-11 15:00:00,366,1
42,2020-10-11 15:00:00,Neural Network,15,-0.5377364966726453,-0.25036283733675513,2019-10-11 15:00:00,2020-10-11 15:00:00,2020-10-11 15:00:00,366,1
43,2020-10-11 15:00:00,Naive,15,-0.5377364966726453,-0.574430154140157,2019-10-11 15:00:00,2020-10-11 15:00:00,2020-10-11 15:00:00,366,1
44,2020-10-12 15:00:00,Decision Tree,15,0.7029435292914316,0.6870613778782972,2019-10-12 15:00:00,2020-10-12 15:00:00,2020-10-12 15:00:00,366,1
45,2020-10-12 15:00:00,Random Forest,15,0.7029435292914316,0.6826193527474701,2019-10-12 15:00:00,2020-10-12 15:00:00,2020-10-12 15:00:00,366,1
46,2020-10-12 15:00:00,Neural Network,15,0.7029435292914316,0.7350077124824765,2019-10-12 15:00:00,2020-10-12 15:00:00,2020-10-12 15:00:00,366,1
47,2020-10-12 15:00:00,Naive,15,0.7029435292914316,-0.5377364966726453,2019-10-12 15:00:00,2020-10-12 15:00:00,2020-10-12 15:00:00,366,1
48,2020-10-13 15:00:00,Decision Tree,15,0.49700047790674434,0.4684057008089541,2019-10-13 15:00:00,2020-10-13 15:00:00,2020-10-13 15:00:00,366,1
49,2020-10-13 15:00:00,Random Forest,15,0.49700047790674434,0.4773639192897241,2019-10-13 15:00:00,2020-10-13 15:00:00,2020-10-13 15:00:00,366,1
50,2020-10-13 15:00:00,Neural Network,15,0.49700047790674434,0.6602927981330589,2019-10-13 15:00:00,2020-10-13 15:00:00,2020-10-13 15:00:00,366,1
51,2020-10-13 15:00:00,Naive,15,0.49700047790674434,0.7029435292914316,2019-10-13 15:00:00,2020-10-13 15:00:00,2020-10-13 15:00:00,366,1
52,2020-10-14 15:00:00,Decision Tree,15,-0.08434491892226963,-0.08977102708954347,2019-10-14 15:00:00,2020-10-14 15:00:00,2020-10-14 15:00:00,366,1
53,2020-10-14 15:00:00,Random Forest,15,-0.08434491892226963,-0.08888466176181054,2019-10-14 15:00:00,2020-10-14 15:00:00,2020-10-14 15:00:00,366,1
54,2020-10-14 15:00:00,Neural Network,15,-0.08434491892226963,-0.35104535698869516,2019-10-14 15:00:00,2020-10-14 15:00:00,2020-10-14 15:00:00,366,1
55,2020-10-14 15:00:00,Naive,15,-0.08434491892226963,0.49700047790674434,2019-10-14 15:00:00,2020-10-14 15:00:00,2020-10-14 15:00:00,366,1
56,2020-10-15 15:00:00,Decision Tree,15,0.6227360131126848,0.593199036159186,2019-10-15 15:00:00,2020-10-15 15:00:00,2020-10-15 15:00:00,366,1
57,2020-10-15 15:00:00,Random Forest,15,0.6227360131126848,0.5972778864996914,2019-10-15 15:00:00,2020-10-15 15:00:00,2020-10-15 15:00:00,366,1
58,2020-10-15 15:00:00,Neural Network,15,0.6227360131126848,0.42671461670119054,2019-10-15 15:00:00,2020-10-15 15:00:00,2020-10-15 15:00:00,366,1
59,2020-10-15 15:00:00,Naive,15,0.6227360131126848,-0.08434491892226963,2019-10-15 15:00:00,2020-10-15 15:00:00,2020-10-15 15:00:00,366,1
60,2020-10-16 15:00:00,Decision Tree,15,0.6167415538248624,0.592384325686773,2019-10-16 15:00:00,2020-10-16 15:00:00,2020-10-16 15:00:00,366,1
61,2020-10-16 15:00:00,Random Forest,15,0.6167415538248624,0.5904037330847238,2019-10-16 15:00:00,2020-10-16 15:00:00,2020-10-16 15:00:00,366,1
62,2020-10-16 15:00:00,Neural Network,15,0.6167415538248624,0.710670562627832,2019-10-16 15:00:00,2020-10-16 15:00:00,2020-10-16 15:00:00,366,1
63,2020-10-16 15:00:00,Naive,15,0.6167415538248624,0.6227360131126848,2019-10-16 15:00:00,2020-10-16 15:00:00,2020-10-16 15:00:00,366,1
64,2020-10-17 15:00:00,Decision Tree,15,0.01219793464956413,-0.008700540263979772,2019-10-17 15:00:00,2020-10-17 15:00:00,2020-10-17 15:00:00,366,1
65,2020-10-17 15:00:00,Random Forest,15,0.01219793464956413,-0.006038729591342033,2019-10-17 15:00:00,2020-10-17 15:00:00,2020-10-17 15:00:00,366,1
66,2020-10-17 15:00:00,Neural Network,15,0.01219793464956413,0.13857955942244404,2019-10-17 15:00:00,2020-10-17 15:00:00,2020-10-17 15:00:00,366,1
67,2020-10-17 15:00:00,Naive,15,0.01219793464956413,0.6167415538248624,2019-10-17 15:00:00,2020-10-17 15:00:00,2020-10-17 15:00:00,366,1
68,2020-10-18 15:00:00,Decision Tree,15,-0.3132132885943879,-0.31443158850874176,2019-10-18 15:00:00,2020-10-18 15:00:00,2020-10-18 15:00:00,366,1
69,2020-10-18 15:00:00,Random Forest,15,-0.3132132885943879,-0.31786811379257573,2019-10-18 15:00:00,2020-10-18 15:00:00,2020-10-18 15:00:00,366,1
70,2020-10-18 15:00:00,Neural Network,15,-0.3132132885943879,-0.3507026373707269,2019-10-18 15:00:00,2020-10-18 15:00:00,2020-10-18 15:00:00,366,1
71,2020-10-18 15:00:00,Naive,15,-0.3132132885943879,0.01219793464956413,2019-10-18 15:00:00,2020-10-18 15:00:00,2020-10-18 15:00:00,366,1
72,2020-10-19 15:00:00,Decision Tree,15,0.48838242622889305,0.4569369664874265,2019-10-19 15:00:00,2020-10-19 15:00:00,2020-10-19 15:00:00,366,1
73,2020-10-19 15:00:00,Random Forest,15,0.48838242622889305,0.4684331330050444,2019-10-19 15:00:00,2020-10-19 15:00:00,2020-10-19 15:00:00,366,1
74,2020-10-19 15:00:00,Neural Network,15,0.48838242622889305,0.5532417545526704,2019-10-19 15:00:00,2020-10-19 15:00:00,2020-10-19 15:00:00,366,1
75,2020-10-19 15:00:00,Naive,15,0.48838242622889305,-0.3132132885943879,2019-10-19 15:00:00,2020-10-19 15:00:00,2020-10-19 15:00:00,366,1
76,2020-10-20 15:00:00,Decision Tree,15,0.031064208451196666,-0.006378487495808227,2019-10-20 15:00:00,2020-10-20 15:00:00,2020-10-20 15:00:00,366,1
77,2020-10-20 15:00:00,Random Forest,15,0.031064208451196666,0.011359441941293373,2019-10-20 15:00:00,2020-10-20 15:00:00,2020-10-20 15:00:00,366,1
78,2020-10-20 15:00:00,Neural Network,15,0.031064208451196666,0.05358059455055847,2019-10-20 15:00:00,2020-10-20 15:00:00,2020-10-20 15:00:00,366,1
79,2020-10-20 15:00:00,Naive,15,0.031064208451196666,0.48838242622889305,2019-10-20 15:00:00,2020-10-20 15:00:00,2020-10-20 15:00:00,366,1
80,2020-10-21 15:00:00,Decision Tree,15,-0.671661933405108,-0.6660441803498893,2019-10-21 15:00:00,2020-10-21 15:00:00,2020-10-21 15:00:00,366,1
81,2020-10-21 15:00:00,Random Forest,15,-0.671661933405108,-0.6623136886758669,2019-10-21 15:00:00,2020-10-21 15:00:00,2020-10-21 15:00:00,366,1
82,2020-10-21 15:00:00,Neural Network,15,-0.671661933405108,-0.5138476237791382,2019-10-21 15:00:00,2020-10-21 15:00:00,2020-10-21 15:00:00,366,1
83,2020-10-21 15:00:00,Naive,15,-0.671661933405108,0.031064208451196666,2019-10-21 15:00:00,2020-10-21 15:00:00,2020-10-21 15:00:00,366,1
84,2020-10-22 15:00:00,Decision Tree,15,0.49767610088600883,0.46217787644433755,2019-10-22 15:00:00,2020-10-22 15:00:00,2020-10-22 15:00:00,366,1
85,2020-10-22 15:00:00,Random Forest,15,0.49767610088600883,0.4775203937842024,2019-10-22 15:00:00,2020-10-22 15:00:00,2020-10-22 15:00:00,366,1
86,2020-10-22 15:00:00,Neural Network,15,0.49767610088600883,0.025710635988155484,2019-10-22 15:00:00,2020-10-22 15:00:00,2020-10-22 15:00:00,366,1
87,2020-10-22 15:00:00,Naive,15,0.49767610088600883,-0.671661933405108,2019-10-22 15:00:00,2020-10-22 15:00:00,2020-10-22 15:00:00,366,1
88,2020-10-23 15:00:00,Decision Tree,15,0.7416161170595669,0.6888260613686454,2019-10-23 15:00:00,2020-10-23 15:00:00,2020-10-23 15:00:00,366,1
89,2020-10-23 15:00:00,Random Forest,15,0.7416161170595669,0.6964251147816793,2019-10-23 15:00:00,2020-10-23 15:00:00,2020-10-23 15:00:00,366,1
90,2020-10-23 15:00:00,Neural Network,15,0.7416161170595669,0.6933932133653502,2019-10-23 15:00:00,2020-10-23 15:00:00,2020-10-23 15:00:00,366,1
91,2020-10-23 15:00:00,Naive,15,0.7416161170595669,0.49767610088600883,2019-10-23 15:00:00,2020-10-23 15:00:00,2020-10-23 15:00:00,366,1
92,2020-10-24 15:00:00,Decision Tree,15,-0.759166733787149,-0.7780279352219649,2019-10-24 15:00:00,2020-10-24 15:00:00,2020-10-24 15:00:00,366,1
93,2020-10-24 15:00:00,Random Forest,15,-0.759166733787149,-0.7646186576508288,2019-10-24 15:00:00,2020-10-24 15:00:00,2020-10-24 15:00:00,366,1
94,2020-10-24 15:00:00,Neural Network,15,-0.759166733787149,-0.7969287622025067,2019-10-24 15:00:00,2020-10-24 15:00:00,2020-10-24 15:00:00,366,1
95,2020-10-24 15:00:00,Naive,15,-0.759166733787149,0.7416161170595669,2019-10-24 15:00:00,2020-10-24 15:00:00,2020-10-24 15:00:00,366,1
96,2020-10-25 15:00:00,Decision Tree,15,-0.3819784063331629,-0.4113414976260095,2019-10-25 15:00:00,2020-10-25 15:00:00,2020-10-25 15:00:00,366,1
97,2020-10-25 15:00:00,Random Forest,15,-0.3819784063331629,-0.40159304788267575,2019-10-25 15:00:00,2020-10-25 15:00:00,2020-10-25 15:00:00,366,1
98,2020-10-25 15:00:00,Neural Network,15,-0.3819784063331629,-0.5413240859079432,2019-10-25 15:00:00,2020-10-25 15:00:00,2020-10-25 15:00:00,366,1
99,2020-10-25 15:00:00,Naive,15,-0.3819784063331629,-0.759166733787149,2019-10-25 15:00:00,2020-10-25 15:00:00,2020-10-25 15:00:00,366,1
100,2020-10-26 15:00:00,Decision Tree,15,0.6280282379173879,0.5732298004131365,2019-10-26 15:00:00,2020-10-26 15:00:00,2020-10-26 15:00:00,366,1
101,2020-10-26 15:00:00,Random Forest,15,0.6280282379173879,0.5848291283124816,2019-10-26 15:00:00,2020-10-26 15:00:00,2020-10-26 15:00:00,366,1
102,2020-10-26 15:00:00,Neural Network,15,0.6280282379173879,0.5143636687690996,2019-10-26 15:00:00,2020-10-26 15:00:00,2020-10-26 15:00:00,366,1
103,2020-10-26 15:00:00,Naive,15,0.6280282379173879,-0.3819784063331629,2019-10-26 15:00:00,2020-10-26 15:00:00,2020-10-26 15:00:00,366,1
104,2020-10-27 15:00:00,Decision Tree,15,0.4099750810001843,0.37106542050011,2019-10-27 15:00:00,2020-10-27 15:00:00,2020-10-27 15:00:00,366,1
105,2020-10-27 15:00:00,Random Forest,15,0.4099750810001843,0.3803956568350383,2019-10-27 15:00:00,2020-10-27 15:00:00,2020-10-27 15:00:00,366,1
106,2020-10-27 15:00:00,Neural Network,15,0.4099750810001843,0.24026211740966708,2019-10-27 15:00:00,2020-10-27 15:00:00,2020-10-27 15:00:00,366,1
107,2020-10-27 15:00:00,Naive,15,0.4099750810001843,0.6280282379173879,2019-10-27 15:00:00,2020-10-27 15:00:00,2020-10-27 15:00:00,366,1
108,2020-10-28 15:00:00,Decision Tree,15,0.4629838833227109,0.3834574667131315,2019-10-28 15:00:00,2020-10-28 15:00:00,2020-10-28 15:00:00,366,1
109,2020-10-28 15:00:00,Random Forest,15,0.4629838833227109,0.4341530073584039,2019-10-28 15:00:00,2020-10-28 15:00:00,2020-10-28 15:00:00,366,1
110,2020-10-28 15:00:00,Neural Network,15,0.4629838833227109,0.1730237377382185,2019-10-28 15:00:00,2020-10-28 15:00:00,2020-10-28 15:00:00,366,1
111,2020-10-28 15:00:00,Naive,15,0.4629838833227109,0.4099750810001843,2019-10-28 15:00:00,2020-10-28 15:00:00,2020-10-28 15:00:00,366,1
112,2020-10-29 15:00:00,Decision Tree,15,0.4721401438474571,0.4631985025083992,2019-10-29 15:00:00,2020-10-29 15:00:00,2020-10-29 15:00:00,366,1
113,2020-10-29 15:00:00,Random Forest,15,0.4721401438474571,0.4520655088284349,2019-10-29 15:00:00,2020-10-29 15:00:00,2020-10-29 15:00:00,366,1
114,2020-10-29 15:00:00,Neural Network,15,0.4721401438474571,0.23678247827284077,2019-10-29 15:00:00,2020-10-29 15:00:00,2020-10-29 15:00:00,366,1
115,2020-10-29 15:00:00,Naive,15,0.4721401438474571,0.4629838833227109,2019-10-29 15:00:00,2020-10-29 15:00:00,2020-10-29 15:00:00,366,1
116,2020-10-30 15:00:00,Decision Tree,15,0.11530899052345658,0.08177709352267547,2019-10-30 15:00:00,2020-10-30 15:00:00,2020-10-30 15:00:00,366,1
117,2020-10-30 15:00:00,Random Forest,15,0.11530899052345658,0.087959715071087,2019-10-30 15:00:00,2020-10-30 15:00:00,2020-10-30 15:00:00,366,1
118,2020-10-30 15:00:00,Neural Network,15,0.11530899052345658,-0.23270671354115224,2019-10-30 15:00:00,2020-10-30 15:00:00,2020-10-30 15:00:00,366,1
119,2020-10-30 15:00:00,Naive,15,0.11530899052345658,0.4721401438474571,2019-10-30 15:00:00,2020-10-30 15:00:00,2020-10-30 15:00:00,366,1
120,2020-10-31 15:00:00,Decision Tree,15,-0.49357686472164775,-0.49386024375017284,2019-10-31 15:00:00,2020-10-31 15:00:00,2020-10-31 15:00:00,366,1
121,2020-10-31 15:00:00,Random Forest,15,-0.49357686472164775,-0.4971867674734332,2019-10-31 15:00:00,2020-10-31 15:00:00,2020-10-31 15:00:00,366,1
122,2020-10-31 15:00:00,Neural Network,15,-0.49357686472164775,-0.29425385842008184,2019-10-31 15:00:00,2020-10-31 15:00:00,2020-10-31 15:00:00,366,1
123,2020-10-31 15:00:00,Naive,15,-0.49357686472164775,0.11530899052345658,2019-10-31 15:00:00,2020-10-31 15:00:00,2020-10-31 15:00:00,366,1
124,2020-11-01 15:00:00,Decision Tree,15,-1.4811240272403905,-1.5021433469422039,2019-11-01 15:00:00,2020-11-01 15:00:00,2020-11-01 15:00:00,366,1
125,2020-11-01 15:00:00,Random Forest,15,-1.4811240272403905,-1.4424060212284393,2019-11-01 15:00:00,2020-11-01 15:00:00,2020-11-01 15:00:00,366,1
126,2020-11-01 15:00:00,Neural Network,15,-1.4811240272403905,-1.4937191759712443,2019-11-01 15:00:00,2020-11-01 15:00:00,2020-11-01 15:00:00,366,1
127,2020-11-01 15:00:00,Naive,15,-1.4811240272403905,-0.49357686472164775,2019-11-01 15:00:00,2020-11-01 15:00:00,2020-11-01 15:00:00,366,1
128,2020-11-02 15:00:00,Decision Tree,15,-0.06160802479166228,-0.08544618760009336,2019-11-02 15:00:00,2020-11-02 15:00:00,2020-11-02 15:00:00,366,1
129,2020-11-02 15:00:00,Random Forest,15,-0.06160802479166228,-0.08908569267406011,2019-11-02 15:00:00,2020-11-02 15:00:00,2020-11-02 15:00:00,366,1
130,2020-11-02 15:00:00,Neural Network,15,-0.06160802479166228,-0.20499663351223216,2019-11-02 15:00:00,2020-11-02 15:00:00,2020-11-02 15:00:00,366,1
131,2020-11-02 15:00:00,Naive,15,-0.06160802479166228,-1.4811240272403905,2019-11-02 15:00:00,2020-11-02 15:00:00,2020-11-02 15:00:00,366,1
132,2020-11-03 15:00:00,Decision Tree,15,0.5137867081882723,0.4643162076757815,2019-11-03 15:00:00,2020-11-03 15:00:00,2020-11-03 15:00:00,366,1
133,2020-11-03 15:00:00,Random Forest,15,0.5137867081882723,0.47697480432028033,2019-11-03 15:00:00,2020-11-03 15:00:00,2020-11-03 15:00:00,366,1
134,2020-11-03 15:00:00,Neural Network,15,0.5137867081882723,0.6770178336521253,2019-11-03 15:00:00,2020-11-03 15:00:00,2020-11-03 15:00:00,366,1
135,2020-11-03 15:00:00,Naive,15,0.5137867081882723,-0.06160802479166228,2019-11-03 15:00:00,2020-11-03 15:00:00,2020-11-03 15:00:00,366,1
136,2020-11-04 15:00:00,Decision Tree,15,0.5856726015333553,0.5044467309173085,2019-11-04 15:00:00,2020-11-04 15:00:00,2020-11-04 15:00:00,366,1
137,2020-11-04 15:00:00,Random Forest,15,0.5856726015333553,0.510283699762901,2019-11-04 15:00:00,2020-11-04 15:00:00,2020-11-04 15:00:00,366,1
138,2020-11-04 15:00:00,Neural Network,15,0.5856726015333553,0.6220466734149792,2019-11-04 15:00:00,2020-11-04 15:00:00,2020-11-04 15:00:00,366,1
139,2020-11-04 15:00:00,Naive,15,0.5856726015333553,0.5137867081882723,2019-11-04 15:00:00,2020-11-04 15:00:00,2020-11-04 15:00:00,366,1
140,2020-11-05 15:00:00,Decision Tree,15,0.2892689056492352,0.22019257142263687,2019-11-05 15:00:00,2020-11-05 15:00:00,2020-11-05 15:00:00,366,1
141,2020-11-05 15:00:00,Random Forest,15,0.2892689056492352,0.23668720601226045,2019-11-05 15:00:00,2020-11-05 15:00:00,2020-11-05 15:00:00,366,1
142,2020-11-05 15:00:00,Neural Network,15,0.2892689056492352,0.38390331109887227,2019-11-05 15:00:00,2020-11-05 15:00:00,2020-11-05 15:00:00,366,1
143,2020-11-05 15:00:00,Naive,15,0.2892689056492352,0.5856726015333553,2019-11-05 15:00:00,2020-11-05 15:00:00,2020-11-05 15:00:00,366,1
144,2020-11-06 15:00:00,Decision Tree,15,0.5432178238735348,0.5044467309173084,2019-11-06 15:00:00,2020-11-06 15:00:00,2020-11-06 15:00:00,366,1
145,2020-11-06 15:00:00,Random Forest,15,0.5432178238735348,0.4913124665963182,2019-11-06 15:00:00,2020-11-06 15:00:00,2020-11-06 15:00:00,366,1
146,2020-11-06 15:00:00,Neural Network,15,0.5432178238735348,0.5860966702254898,2019-11-06 15:00:00,2020-11-06 15:00:00,2020-11-06 15:00:00,366,1
147,2020-11-06 15:00:00,Naive,15,0.5432178238735348,0.2892689056492352,2019-11-06 15:00:00,2020-11-06 15:00:00,2020-11-06 15:00:00,366,1
148,2020-11-07 15:00:00,Decision Tree,15,0.3927660037495105,0.376623943428692,2019-11-07 15:00:00,2020-11-07 15:00:00,2020-11-07 15:00:00,366,1
149,2020-11-07 15:00:00,Random Forest,15,0.3927660037495105,0.3655897140383122,2019-11-07 15:00:00,2020-11-07 15:00:00,2020-11-07 15:00:00,366,1
150,2020-11-07 15:00:00,Neural Network,15,0.3927660037495105,0.2878382578941433,2019-11-07 15:00:00,2020-11-07 15:00:00,2020-11-07 15:00:00,366,1
151,2020-11-07 15:00:00,Naive,15,0.3927660037495105,0.5432178238735348,2019-11-07 15:00:00,2020-11-07 15:00:00,2020-11-07 15:00:00,366,1
152,2020-11-08 15:00:00,Decision Tree,15,0.31220321631440906,0.23385699408187077,2019-11-08 15:00:00,2020-11-08 15:00:00,2020-11-08 15:00:00,366,1
153,2020-11-08 15:00:00,Random Forest,15,0.31220321631440906,0.254015778918955,2019-11-08 15:00:00,2020-11-08 15:00:00,2020-11-08 15:00:00,366,1
154,2020-11-08 15:00:00,Neural Network,15,0.31220321631440906,0.2583654650864553,2019-11-08 15:00:00,2020-11-08 15:00:00,2020-11-08 15:00:00,366,1
155,2020-11-08 15:00:00,Naive,15,0.31220321631440906,0.3927660037495105,2019-11-08 15:00:00,2020-11-08 15:00:00,2020-11-08 15:00:00,366,1
156,2020-11-09 15:00:00,Decision Tree,15,0.9132073988139869,0.8964550129027061,2019-11-09 15:00:00,2020-11-09 15:00:00,2020-11-09 15:00:00,366,1
157,2020-11-09 15:00:00,Random Forest,15,0.9132073988139869,0.860327701911163,2019-11-09 15:00:00,2020-11-09 15:00:00,2020-11-09 15:00:00,366,1
158,2020-11-09 15:00:00,Neural Network,15,0.9132073988139869,0.8662170172630013,2019-11-09 15:00:00,2020-11-09 15:00:00,2020-11-09 15:00:00,366,1
159,2020-11-09 15:00:00,Naive,15,0.9132073988139869,0.31220321631440906,2019-11-09 15:00:00,2020-11-09 15:00:00,2020-11-09 15:00:00,366,1
160,2020-11-10 15:00:00,Decision Tree,15,1.2462514049061668,1.254687081324946,2019-11-10 15:00:00,2020-11-10 15:00:00,2020-11-10 15:00:00,366,1
161,2020-11-10 15:00:00,Random Forest,15,1.2462514049061668,1.236635960806332,2019-11-10 15:00:00,2020-11-10 15:00:00,2020-11-10 15:00:00,366,1
162,2020-11-10 15:00:00,Neural Network,15,1.2462514049061668,1.1889068110302818,2019-11-10 15:00:00,2020-11-10 15:00:00,2020-11-10 15:00:00,366,1
163,2020-11-10 15:00:00,Naive,15,1.2462514049061668,0.9132073988139869,2019-11-10 15:00:00,2020-11-10 15:00:00,2020-11-10 15:00:00,366,1
164,2020-11-11 15:00:00,Decision Tree,15,1.0293225213490753,1.0102444241771662,2019-11-11 15:00:00,2020-11-11 15:00:00,2020-11-11 15:00:00,366,1
165,2020-11-11 15:00:00,Random Forest,15,1.0293225213490753,0.9761997471912971,2019-11-11 15:00:00,2020-11-11 15:00:00,2020-11-11 15:00:00,366,1
166,2020-11-11 15:00:00,Neural Network,15,1.0293225213490753,1.0375042701713526,2019-11-11 15:00:00,2020-11-11 15:00:00,2020-11-11 15:00:00,366,1
167,2020-11-11 15:00:00,Naive,15,1.0293225213490753,1.2462514049061668,2019-11-11 15:00:00,2020-11-11 15:00:00,2020-11-11 15:00:00,366,1
168,2020-11-12 15:00:00,Decision Tree,15,0.6632173451427817,0.605301097966583,2019-11-12 15:00:00,2020-11-12 15:00:00,2020-11-12 15:00:00,366,1
169,2020-11-12 15:00:00,Random Forest,15,0.6632173451427817,0.6113087448829838,2019-11-12 15:00:00,2020-11-12 15:00:00,2020-11-12 15:00:00,366,1
170,2020-11-12 15:00:00,Neural Network,15,0.6632173451427817,0.6040267837284701,2019-11-12 15:00:00,2020-11-12 15:00:00,2020-11-12 15:00:00,366,1
171,2020-11-12 15:00:00,Naive,15,0.6632173451427817,1.0293225213490753,2019-11-12 15:00:00,2020-11-12 15:00:00,2020-11-12 15:00:00,366,1
172,2020-11-13 15:00:00,Decision Tree,15,0.68234634534493,0.6328395527605672,2019-11-13 15:00:00,2020-11-13 15:00:00,2020-11-13 15:00:00,366,1
173,2020-11-13 15:00:00,Random Forest,15,0.68234634534493,0.6246175608405216,2019-11-13 15:00:00,2020-11-13 15:00:00,2020-11-13 15:00:00,366,1
174,2020-11-13 15:00:00,Neural Network,15,0.68234634534493,0.6373454478931697,2019-11-13 15:00:00,2020-11-13 15:00:00,2020-11-13 15:00:00,366,1
175,2020-11-13 15:00:00,Naive,15,0.68234634534493,0.6632173451427817,2019-11-13 15:00:00,2020-11-13 15:00:00,2020-11-13 15:00:00,366,1
176,2020-11-14 15:00:00,Decision Tree,15,0.29420415639498604,0.25643879456941293,2019-11-14 15:00:00,2020-11-14 15:00:00,2020-11-14 15:00:00,366,1
177,2020-11-14 15:00:00,Random Forest,15,0.29420415639498604,0.2700630200042556,2019-11-14 15:00:00,2020-11-14 15:00:00,2020-11-14 15:00:00,366,1
178,2020-11-14 15:00:00,Neural Network,15,0.29420415639498604,0.31314598413457123,2019-11-14 15:00:00,2020-11-14 15:00:00,2020-11-14 15:00:00,366,1
179,2020-11-14 15:00:00,Naive,15,0.29420415639498604,0.68234634534493,2019-11-14 15:00:00,2020-11-14 15:00:00,2020-11-14 15:00:00,366,1
180,2020-11-15 15:00:00,Decision Tree,15,-1.1127855508702074,-1.0971973827482249,2019-11-15 15:00:00,2020-11-15 15:00:00,2020-11-15 15:00:00,366,1
181,2020-11-15 15:00:00,Random Forest,15,-1.1127855508702074,-1.0955719748433919,2019-11-15 15:00:00,2020-11-15 15:00:00,2020-11-15 15:00:00,366,1
182,2020-11-15 15:00:00,Neural Network,15,-1.1127855508702074,-1.127275941277252,2019-11-15 15:00:00,2020-11-15 15:00:00,2020-11-15 15:00:00,366,1
183,2020-11-15 15:00:00,Naive,15,-1.1127855508702074,0.29420415639498604,2019-11-15 15:00:00,2020-11-15 15:00:00,2020-11-15 15:00:00,366,1
184,2020-11-16 15:00:00,Decision Tree,15,0.530564898911913,0.462083631491567,2019-11-16 15:00:00,2020-11-16 15:00:00,2020-11-16 15:00:00,366,1
185,2020-11-16 15:00:00,Random Forest,15,0.530564898911913,0.47821937175469353,2019-11-16 15:00:00,2020-11-16 15:00:00,2020-11-16 15:00:00,366,1
186,2020-11-16 15:00:00,Neural Network,15,0.530564898911913,0.38342140060664265,2019-11-16 15:00:00,2020-11-16 15:00:00,2020-11-16 15:00:00,366,1
187,2020-11-16 15:00:00,Naive,15,0.530564898911913,-1.1127855508702074,2019-11-16 15:00:00,2020-11-16 15:00:00,2020-11-16 15:00:00,366,1
188,2020-11-17 15:00:00,Decision Tree,15,0.5576414699781599,0.5137166253388558,2019-11-17 15:00:00,2020-11-17 15:00:00,2020-11-17 15:00:00,366,1
189,2020-11-17 15:00:00,Random Forest,15,0.5576414699781599,0.5043806512371765,2019-11-17 15:00:00,2020-11-17 15:00:00,2020-11-17 15:00:00,366,1
190,2020-11-17 15:00:00,Neural Network,15,0.5576414699781599,0.557973226440855,2019-11-17 15:00:00,2020-11-17 15:00:00,2020-11-17 15:00:00,366,1
191,2020-11-17 15:00:00,Naive,15,0.5576414699781599,0.530564898911913,2019-11-17 15:00:00,2020-11-17 15:00:00,2020-11-17 15:00:00,366,1
192,2020-11-18 15:00:00,Decision Tree,15,0.5526392705787456,0.462083631491567,2019-11-18 15:00:00,2020-11-18 15:00:00,2020-11-18 15:00:00,366,1
193,2020-11-18 15:00:00,Random Forest,15,0.5526392705787456,0.500240115491085,2019-11-18 15:00:00,2020-11-18 15:00:00,2020-11-18 15:00:00,366,1
194,2020-11-18 15:00:00,Neural Network,15,0.5526392705787456,0.4699223545746763,2019-11-18 15:00:00,2020-11-18 15:00:00,2020-11-18 15:00:00,366,1
195,2020-11-18 15:00:00,Naive,15,0.5526392705787456,0.5576414699781599,2019-11-18 15:00:00,2020-11-18 15:00:00,2020-11-18 15:00:00,366,1
196,2020-11-19 15:00:00,Decision Tree,15,0.029981101885075745,-0.006378487495808228,2019-11-19 15:00:00,2020-11-19 15:00:00,2020-11-19 15:00:00,366,1
197,2020-11-19 15:00:00,Random Forest,15,0.029981101885075745,-0.018853099760522254,2019-11-19 15:00:00,2020-11-19 15:00:00,2020-11-19 15:00:00,366,1
198,2020-11-19 15:00:00,Neural Network,15,0.029981101885075745,-0.18182939703489975,2019-11-19 15:00:00,2020-11-19 15:00:00,2020-11-19 15:00:00,366,1
199,2020-11-19 15:00:00,Naive,15,0.029981101885075745,0.5526392705787456,2019-11-19 15:00:00,2020-11-19 15:00:00,2020-11-19 15:00:00,366,1
200,2020-11-20 15:00:00,Decision Tree,15,0.7978426609122873,0.7017281688866875,2019-11-20 15:00:00,2020-11-20 15:00:00,2020-11-20 15:00:00,366,1
201,2020-11-20 15:00:00,Random Forest,15,0.7978426609122873,0.7234693664815648,2019-11-20 15:00:00,2020-11-20 15:00:00,2020-11-20 15:00:00,366,1
202,2020-11-20 15:00:00,Neural Network,15,0.7978426609122873,0.7296117852784145,2019-11-20 15:00:00,2020-11-20 15:00:00,2020-11-20 15:00:00,366,1
203,2020-11-20 15:00:00,Naive,15,0.7978426609122873,0.029981101885075745,2019-11-20 15:00:00,2020-11-20 15:00:00,2020-11-20 15:00:00,366,1
204,2020-11-21 15:00:00,Decision Tree,15,-0.18183350046981578,-0.2595439331123565,2019-11-21 15:00:00,2020-11-21 15:00:00,2020-11-21 15:00:00,366,1
205,2020-11-21 15:00:00,Random Forest,15,-0.18183350046981578,-0.2273376227422984,2019-11-21 15:00:00,2020-11-21 15:00:00,2020-11-21 15:00:00,366,1
206,2020-11-21 15:00:00,Neural Network,15,-0.18183350046981578,-0.4991947942006986,2019-11-21 15:00:00,2020-11-21 15:00:00,2020-11-21 15:00:00,366,1
207,2020-11-21 15:00:00,Naive,15,-0.18183350046981578,0.7978426609122873,2019-11-21 15:00:00,2020-11-21 15:00:00,2020-11-21 15:00:00,366,1
208,2020-11-22 15:00:00,Decision Tree,15,0.19645516895513104,0.12726748552882464,2019-11-22 15:00:00,2020-11-22 15:00:00,2020-11-22 15:00:00,366,1
209,2020-11-22 15:00:00,Random Forest,15,0.19645516895513104,0.12204643033597085,2019-11-22 15:00:00,2020-11-22 15:00:00,2020-11-22 15:00:00,366,1
210,2020-11-22 15:00:00,Neural Network,15,0.19645516895513104,0.1770763849326133,2019-11-22 15:00:00,2020-11-22 15:00:00,2020-11-22 15:00:00,366,1
211,2020-11-22 15:00:00,Naive,15,0.19645516895513104,-0.18183350046981578,2019-11-22 15:00:00,2020-11-22 15:00:00,2020-11-22 15:00:00,366,1
212,2020-11-23 15:00:00,Decision Tree,15,0.9397242841876801,0.8908967061696919,2019-11-23 15:00:00,2020-11-23 15:00:00,2020-11-23 15:00:00,366,1
213,2020-11-23 15:00:00,Random Forest,15,0.9397242841876801,0.8882273470189739,2019-11-23 15:00:00,2020-11-23 15:00:00,2020-11-23 15:00:00,366,1
214,2020-11-23 15:00:00,Neural Network,15,0.9397242841876801,0.8154893309724287,2019-11-23 15:00:00,2020-11-23 15:00:00,2020-11-23 15:00:00,366,1
215,2020-11-23 15:00:00,Naive,15,0.9397242841876801,0.19645516895513104,2019-11-23 15:00:00,2020-11-23 15:00:00,2020-11-23 15:00:00,366,1
216,2020-11-24 15:00:00,Decision Tree,15,0.7973506381214294,0.7074191983818824,2019-11-24 15:00:00,2020-11-24 15:00:00,2020-11-24 15:00:00,366,1
217,2020-11-24 15:00:00,Random Forest,15,0.7973506381214294,0.7085118428442935,2019-11-24 15:00:00,2020-11-24 15:00:00,2020-11-24 15:00:00,366,1
218,2020-11-24 15:00:00,Neural Network,15,0.7973506381214294,0.7722216869463152,2019-11-24 15:00:00,2020-11-24 15:00:00,2020-11-24 15:00:00,366,1
219,2020-11-24 15:00:00,Naive,15,0.7973506381214294,0.9397242841876801,2019-11-24 15:00:00,2020-11-24 15:00:00,2020-11-24 15:00:00,366,1
220,2020-11-25 15:00:00,Decision Tree,15,1.0976355931419102,1.0098778818088905,2019-11-25 15:00:00,2020-11-25 15:00:00,2020-11-25 15:00:00,366,1
221,2020-11-25 15:00:00,Random Forest,15,1.0976355931419102,0.990815435718308,2019-11-25 15:00:00,2020-11-25 15:00:00,2020-11-25 15:00:00,366,1
222,2020-11-25 15:00:00,Neural Network,15,1.0976355931419102,0.9369020700785716,2019-11-25 15:00:00,2020-11-25 15:00:00,2020-11-25 15:00:00,366,1
223,2020-11-25 15:00:00,Naive,15,1.0976355931419102,0.7973506381214294,2019-11-25 15:00:00,2020-11-25 15:00:00,2020-11-25 15:00:00,366,1
224,2020-11-26 15:00:00,Decision Tree,15,1.623480446825634,1.206349411814594,2019-11-26 15:00:00,2020-11-26 15:00:00,2020-11-26 15:00:00,366,1
225,2020-11-26 15:00:00,Random Forest,15,1.623480446825634,1.2172928331071895,2019-11-26 15:00:00,2020-11-26 15:00:00,2020-11-26 15:00:00,366,1
226,2020-11-26 15:00:00,Neural Network,15,1.623480446825634,1.5387340428506187,2019-11-26 15:00:00,2020-11-26 15:00:00,2020-11-26 15:00:00,366,1
227,2020-11-26 15:00:00,Naive,15,1.623480446825634,1.0976355931419102,2019-11-26 15:00:00,2020-11-26 15:00:00,2020-11-26 15:00:00,366,1
228,2020-11-27 15:00:00,Decision Tree,15,1.903387257548154,1.313800947861967,2019-11-27 15:00:00,2020-11-27 15:00:00,2020-11-27 15:00:00,366,1
229,2020-11-27 15:00:00,Random Forest,15,1.903387257548154,1.34683997949601,2019-11-27 15:00:00,2020-11-27 15:00:00,2020-11-27 15:00:00,366,1
230,2020-11-27 15:00:00,Neural Network,15,1.903387257548154,2.2504100513815137,2019-11-27 15:00:00,2020-11-27 15:00:00,2020-11-27 15:00:00,366,1
231,2020-11-27 15:00:00,Naive,15,1.903387257548154,1.623480446825634,2019-11-27 15:00:00,2020-11-27 15:00:00,2020-11-27 15:00:00,366,1
232,2020-11-28 15:00:00,Decision Tree,15,0.850165536992237,0.7719168404592299,2019-11-28 15:00:00,2020-11-28 15:00:00,2020-11-28 15:00:00,366,1
233,2020-11-28 15:00:00,Random Forest,15,0.850165536992237,0.7655140181947743,2019-11-28 15:00:00,2020-11-28 15:00:00,2020-11-28 15:00:00,366,1
234,2020-11-28 15:00:00,Neural Network,15,0.850165536992237,0.7119883405526823,2019-11-28 15:00:00,2020-11-28 15:00:00,2020-11-28 15:00:00,366,1
235,2020-11-28 15:00:00,Naive,15,0.850165536992237,1.903387257548154,2019-11-28 15:00:00,2020-11-28 15:00:00,2020-11-28 15:00:00,366,1
236,2020-11-29 15:00:00,Decision Tree,15,0.6833829778808499,0.5781523473984775,2019-11-29 15:00:00,2020-11-29 15:00:00,2020-11-29 15:00:00,366,1
237,2020-11-29 15:00:00,Random Forest,15,0.6833829778808499,0.5835911617530698,2019-11-29 15:00:00,2020-11-29 15:00:00,2020-11-29 15:00:00,366,1
238,2020-11-29 15:00:00,Neural Network,15,0.6833829778808499,0.5102579162780542,2019-11-29 15:00:00,2020-11-29 15:00:00,2020-11-29 15:00:00,366,1
239,2020-11-29 15:00:00,Naive,15,0.6833829778808499,0.850165536992237,2019-11-29 15:00:00,2020-11-29 15:00:00,2020-11-29 15:00:00,366,1
240,2020-11-30 15:00:00,Decision Tree,15,1.1977799235169422,1.0259237564903432,2019-11-30 15:00:00,2020-11-30 15:00:00,2020-11-30 15:00:00,366,1
241,2020-11-30 15:00:00,Random Forest,15,1.1977799235169422,1.0721692514786427,2019-11-30 15:00:00,2020-11-30 15:00:00,2020-11-30 15:00:00,366,1
242,2020-11-30 15:00:00,Neural Network,15,1.1977799235169422,1.0989933076974685,2019-11-30 15:00:00,2020-11-30 15:00:00,2020-11-30 15:00:00,366,1
243,2020-11-30 15:00:00,Naive,15,1.1977799235169422,0.6833829778808499,2019-11-30 15:00:00,2020-11-30 15:00:00,2020-11-30 15:00:00,366,1
244,2020-12-01 15:00:00,Decision Tree,15,1.416005141274335,1.381453131482133,2019-12-01 15:00:00,2020-12-01 15:00:00,2020-12-01 15:00:00,366,1
245,2020-12-01 15:00:00,Random Forest,15,1.416005141274335,1.311136005329311,2019-12-01 15:00:00,2020-12-01 15:00:00,2020-12-01 15:00:00,366,1
246,2020-12-01 15:00:00,Neural Network,15,1.416005141274335,1.386465247720914,2019-12-01 15:00:00,2020-12-01 15:00:00,2020-12-01 15:00:00,366,1
247,2020-12-01 15:00:00,Naive,15,1.416005141274335,1.1977799235169422,2019-12-01 15:00:00,2020-12-01 15:00:00,2020-12-01 15:00:00,366,1
248,2020-12-02 15:00:00,Decision Tree,15,2.0914707883083437,1.4877804667077448,2019-12-02 15:00:00,2020-12-02 15:00:00,2020-12-02 15:00:00,366,1
249,2020-12-02 15:00:00,Random Forest,15,2.0914707883083437,1.5535462588179398,2019-12-02 15:00:00,2020-12-02 15:00:00,2020-12-02 15:00:00,366,1
250,2020-12-02 15:00:00,Neural Network,15,2.0914707883083437,2.4099504878754088,2019-12-02 15:00:00,2020-12-02 15:00:00,2020-12-02 15:00:00,366,1
251,2020-12-02 15:00:00,Naive,15,2.0914707883083437,1.416005141274335,2019-12-02 15:00:00,2020-12-02 15:00:00,2020-12-02 15:00:00,366,1
252,2020-12-03 15:00:00,Decision Tree,15,1.0259158623464362,0.8501882994125963,2019-12-03 15:00:00,2020-12-03 15:00:00,2020-12-03 15:00:00,366,1
253,2020-12-03 15:00:00,Random Forest,15,1.0259158623464362,0.9334309871707239,2019-12-03 15:00:00,2020-12-03 15:00:00,2020-12-03 15:00:00,366,1
254,2020-12-03 15:00:00,Neural Network,15,1.0259158623464362,0.7935839749733873,2019-12-03 15:00:00,2020-12-03 15:00:00,2020-12-03 15:00:00,366,1
255,2020-12-03 15:00:00,Naive,15,1.0259158623464362,2.0914707883083437,2019-12-03 15:00:00,2020-12-03 15:00:00,2020-12-03 15:00:00,366,1
256,2020-12-04 15:00:00,Decision Tree,15,1.079826437854964,1.0200978828381126,2019-12-04 15:00:00,2020-12-04 15:00:00,2020-12-04 15:00:00,366,1
257,2020-12-04 15:00:00,Random Forest,15,1.079826437854964,1.0267772388767935,2019-12-04 15:00:00,2020-12-04 15:00:00,2020-12-04 15:00:00,366,1
258,2020-12-04 15:00:00,Neural Network,15,1.079826437854964,0.7689991568595314,2019-12-04 15:00:00,2020-12-04 15:00:00,2020-12-04 15:00:00,366,1
259,2020-12-04 15:00:00,Naive,15,1.079826437854964,1.0259158623464362,2019-12-04 15:00:00,2020-12-04 15:00:00,2020-12-04 15:00:00,366,1
260,2020-12-05 15:00:00,Decision Tree,15,1.1499757021143857,1.0915940844500802,2019-12-05 15:00:00,2020-12-05 15:00:00,2020-12-05 15:00:00,366,1
261,2020-12-05 15:00:00,Random Forest,15,1.1499757021143857,1.0652619284562928,2019-12-05 15:00:00,2020-12-05 15:00:00,2020-12-05 15:00:00,366,1
262,2020-12-05 15:00:00,Neural Network,15,1.1499757021143857,1.0512014114152244,2019-12-05 15:00:00,2020-12-05 15:00:00,2020-12-05 15:00:00,366,1
263,2020-12-05 15:00:00,Naive,15,1.1499757021143857,1.079826437854964,2019-12-05 15:00:00,2020-12-05 15:00:00,2020-12-05 15:00:00,366,1
264,2020-12-06 15:00:00,Decision Tree,15,0.8204944276301457,0.7849582898813977,2019-12-06 15:00:00,2020-12-06 15:00:00,2020-12-06 15:00:00,366,1
265,2020-12-06 15:00:00,Random Forest,15,0.8204944276301457,0.7830871606420482,2019-12-06 15:00:00,2020-12-06 15:00:00,2020-12-06 15:00:00,366,1
266,2020-12-06 15:00:00,Neural Network,15,0.8204944276301457,0.804880388352357,2019-12-06 15:00:00,2020-12-06 15:00:00,2020-12-06 15:00:00,366,1
267,2020-12-06 15:00:00,Naive,15,0.8204944276301457,1.1499757021143857,2019-12-06 15:00:00,2020-12-06 15:00:00,2020-12-06 15:00:00,366,1
268,2020-12-07 15:00:00,Decision Tree,15,1.221836483604972,1.1407541703366537,2019-12-07 15:00:00,2020-12-07 15:00:00,2020-12-07 15:00:00,366,1
269,2020-12-07 15:00:00,Random Forest,15,1.221836483604972,1.1977294573396302,2019-12-07 15:00:00,2020-12-07 15:00:00,2020-12-07 15:00:00,366,1
270,2020-12-07 15:00:00,Neural Network,15,1.221836483604972,1.1776113462045021,2019-12-07 15:00:00,2020-12-07 15:00:00,2020-12-07 15:00:00,366,1
271,2020-12-07 15:00:00,Naive,15,1.221836483604972,0.8204944276301457,2019-12-07 15:00:00,2020-12-07 15:00:00,2020-12-07 15:00:00,366,1
272,2020-12-08 15:00:00,Decision Tree,15,1.881740112394771,1.6623783187304029,2019-12-08 15:00:00,2020-12-08 15:00:00,2020-12-08 15:00:00,366,1
273,2020-12-08 15:00:00,Random Forest,15,1.881740112394771,1.7483642878454972,2019-12-08 15:00:00,2020-12-08 15:00:00,2020-12-08 15:00:00,366,1
274,2020-12-08 15:00:00,Neural Network,15,1.881740112394771,2.0511274755795204,2019-12-08 15:00:00,2020-12-08 15:00:00,2020-12-08 15:00:00,366,1
275,2020-12-08 15:00:00,Naive,15,1.881740112394771,1.221836483604972,2019-12-08 15:00:00,2020-12-08 15:00:00,2020-12-08 15:00:00,366,1
276,2020-12-09 15:00:00,Decision Tree,15,2.344826735325328,1.7832167492702475,2019-12-09 15:00:00,2020-12-09 15:00:00,2020-12-09 15:00:00,366,1
277,2020-12-09 15:00:00,Random Forest,15,2.344826735325328,1.8148175817902756,2019-12-09 15:00:00,2020-12-09 15:00:00,2020-12-09 15:00:00,366,1
278,2020-12-09 15:00:00,Neural Network,15,2.344826735325328,2.9682635951080893,2019-12-09 15:00:00,2020-12-09 15:00:00,2020-12-09 15:00:00,366,1
279,2020-12-09 15:00:00,Naive,15,2.344826735325328,1.881740112394771,2019-12-09 15:00:00,2020-12-09 15:00:00,2020-12-09 15:00:00,366,1
280,2020-12-10 15:00:00,Decision Tree,15,2.1262434776869332,1.968981068080446,2019-12-10 15:00:00,2020-12-10 15:00:00,2020-12-10 15:00:00,366,1
281,2020-12-10 15:00:00,Random Forest,15,2.1262434776869332,2.015286042121152,2019-12-10 15:00:00,2020-12-10 15:00:00,2020-12-10 15:00:00,366,1
282,2020-12-10 15:00:00,Neural Network,15,2.1262434776869332,2.337550424206925,2019-12-10 15:00:00,2020-12-10 15:00:00,2020-12-10 15:00:00,366,1
283,2020-12-10 15:00:00,Naive,15,2.1262434776869332,2.344826735325328,2019-12-10 15:00:00,2020-12-10 15:00:00,2020-12-10 15:00:00,366,1
284,2020-12-11 15:00:00,Decision Tree,15,1.1763327504111205,1.1966023734044637,2019-12-11 15:00:00,2020-12-11 15:00:00,2020-12-11 15:00:00,366,1
285,2020-12-11 15:00:00,Random Forest,15,1.1763327504111205,1.1431664057875626,2019-12-11 15:00:00,2020-12-11 15:00:00,2020-12-11 15:00:00,366,1
286,2020-12-11 15:00:00,Neural Network,15,1.1763327504111205,0.9799013114401146,2019-12-11 15:00:00,2020-12-11 15:00:00,2020-12-11 15:00:00,366,1
287,2020-12-11 15:00:00,Naive,15,1.1763327504111205,2.1262434776869332,2019-12-11 15:00:00,2020-12-11 15:00:00,2020-12-11 15:00:00,366,1
288,2020-12-12 15:00:00,Decision Tree,15,0.9838289162864551,0.9640358047114573,2019-12-12 15:00:00,2020-12-12 15:00:00,2020-12-12 15:00:00,366,1
289,2020-12-12 15:00:00,Random Forest,15,0.9838289162864551,0.9594782548394536,2019-12-12 15:00:00,2020-12-12 15:00:00,2020-12-12 15:00:00,366,1
290,2020-12-12 15:00:00,Neural Network,15,0.9838289162864551,0.9776048882455664,2019-12-12 15:00:00,2020-12-12 15:00:00,2020-12-12 15:00:00,366,1
291,2020-12-12 15:00:00,Naive,15,0.9838289162864551,1.1763327504111205,2019-12-12 15:00:00,2020-12-12 15:00:00,2020-12-12 15:00:00,366,1
292,2020-12-13 15:00:00,Decision Tree,15,0.6068318621639698,0.5202545277120518,2019-12-13 15:00:00,2020-12-13 15:00:00,2020-12-13 15:00:00,366,1
293,2020-12-13 15:00:00,Random Forest,15,0.6068318621639698,0.5272211090014626,2019-12-13 15:00:00,2020-12-13 15:00:00,2020-12-13 15:00:00,366,1
294,2020-12-13 15:00:00,Neural Network,15,0.6068318621639698,0.6394859128840471,2019-12-13 15:00:00,2020-12-13 15:00:00,2020-12-13 15:00:00,366,1
295,2020-12-13 15:00:00,Naive,15,0.6068318621639698,0.9838289162864551,2019-12-13 15:00:00,2020-12-13 15:00:00,2020-12-13 15:00:00,366,1
296,2020-12-14 15:00:00,Decision Tree,15,1.1609459263112059,1.1937067129768433,2019-12-14 15:00:00,2020-12-14 15:00:00,2020-12-14 15:00:00,366,1
297,2020-12-14 15:00:00,Random Forest,15,1.1609459263112059,1.1619545945913534,2019-12-14 15:00:00,2020-12-14 15:00:00,2020-12-14 15:00:00,366,1
298,2020-12-14 15:00:00,Neural Network,15,1.1609459263112059,1.088444308099674,2019-12-14 15:00:00,2020-12-14 15:00:00,2020-12-14 15:00:00,366,1
299,2020-12-14 15:00:00,Naive,15,1.1609459263112059,0.6068318621639698,2019-12-14 15:00:00,2020-12-14 15:00:00,2020-12-14 15:00:00,366,1
300,2020-12-15 15:00:00,Decision Tree,15,1.2994521403613992,1.1896116146436384,2019-12-15 15:00:00,2020-12-15 15:00:00,2020-12-15 15:00:00,366,1
301,2020-12-15 15:00:00,Random Forest,15,1.2994521403613992,1.242681523176453,2019-12-15 15:00:00,2020-12-15 15:00:00,2020-12-15 15:00:00,366,1
302,2020-12-15 15:00:00,Neural Network,15,1.2994521403613992,1.1210095761599015,2019-12-15 15:00:00,2020-12-15 15:00:00,2020-12-15 15:00:00,366,1
303,2020-12-15 15:00:00,Naive,15,1.2994521403613992,1.1609459263112059,2019-12-15 15:00:00,2020-12-15 15:00:00,2020-12-15 15:00:00,366,1
304,2020-12-16 15:00:00,Decision Tree,15,1.3079514337683127,1.3725474186126165,2019-12-16 15:00:00,2020-12-16 15:00:00,2020-12-16 15:00:00,366,1
305,2020-12-16 15:00:00,Random Forest,15,1.3079514337683127,1.2603633583572982,2019-12-16 15:00:00,2020-12-16 15:00:00,2020-12-16 15:00:00,366,1
306,2020-12-16 15:00:00,Neural Network,15,1.3079514337683127,1.2134416181701373,2019-12-16 15:00:00,2020-12-16 15:00:00,2020-12-16 15:00:00,366,1
307,2020-12-16 15:00:00,Naive,15,1.3079514337683127,1.2994521403613992,2019-12-16 15:00:00,2020-12-16 15:00:00,2020-12-16 15:00:00,366,1
308,2020-12-17 15:00:00,Decision Tree,15,1.1733372229151304,1.1770492796362233,2019-12-17 15:00:00,2020-12-17 15:00:00,2020-12-17 15:00:00,366,1
309,2020-12-17 15:00:00,Random Forest,15,1.1733372229151304,1.1536318743362894,2019-12-17 15:00:00,2020-12-17 15:00:00,2020-12-17 15:00:00,366,1
310,2020-12-17 15:00:00,Neural Network,15,1.1733372229151304,1.0620225289291747,2019-12-17 15:00:00,2020-12-17 15:00:00,2020-12-17 15:00:00,366,1
311,2020-12-17 15:00:00,Naive,15,1.1733372229151304,1.3079514337683127,2019-12-17 15:00:00,2020-12-17 15:00:00,2020-12-17 15:00:00,366,1
312,2020-12-18 15:00:00,Decision Tree,15,0.8801980255659486,0.7872723328415207,2019-12-18 15:00:00,2020-12-18 15:00:00,2020-12-18 15:00:00,366,1
313,2020-12-18 15:00:00,Random Forest,15,0.8801980255659486,0.7964012310484664,2019-12-18 15:00:00,2020-12-18 15:00:00,2020-12-18 15:00:00,366,1
314,2020-12-18 15:00:00,Neural Network,15,0.8801980255659486,0.7429447399755447,2019-12-18 15:00:00,2020-12-18 15:00:00,2020-12-18 15:00:00,366,1
315,2020-12-18 15:00:00,Naive,15,0.8801980255659486,1.1733372229151304,2019-12-18 15:00:00,2020-12-18 15:00:00,2020-12-18 15:00:00,366,1
316,2020-12-19 15:00:00,Decision Tree,15,-0.08192028693636864,-0.14173458680328782,2019-12-19 15:00:00,2020-12-19 15:00:00,2020-12-19 15:00:00,366,1
317,2020-12-19 15:00:00,Random Forest,15,-0.08192028693636864,-0.13251520350298096,2019-12-19 15:00:00,2020-12-19 15:00:00,2020-12-19 15:00:00,366,1
318,2020-12-19 15:00:00,Neural Network,15,-0.08192028693636864,-0.09379869923437884,2019-12-19 15:00:00,2020-12-19 15:00:00,2020-12-19 15:00:00,366,1
319,2020-12-19 15:00:00,Naive,15,-0.08192028693636864,0.8801980255659486,2019-12-19 15:00:00,2020-12-19 15:00:00,2020-12-19 15:00:00,366,1
320,2020-12-20 15:00:00,Decision Tree,15,0.5450446144661569,0.5395700343061252,2019-12-20 15:00:00,2020-12-20 15:00:00,2020-12-20 15:00:00,366,1
321,2020-12-20 15:00:00,Random Forest,15,0.5450446144661569,0.523129632887182,2019-12-20 15:00:00,2020-12-20 15:00:00,2020-12-20 15:00:00,366,1
322,2020-12-20 15:00:00,Neural Network,15,0.5450446144661569,0.6604514969988101,2019-12-20 15:00:00,2020-12-20 15:00:00,2020-12-20 15:00:00,366,1
323,2020-12-20 15:00:00,Naive,15,0.5450446144661569,-0.08192028693636864,2019-12-20 15:00:00,2020-12-20 15:00:00,2020-12-20 15:00:00,366,1
324,2020-12-21 15:00:00,Decision Tree,15,0.7233150685730252,0.651881831111282,2019-12-21 15:00:00,2020-12-21 15:00:00,2020-12-21 15:00:00,366,1
325,2020-12-21 15:00:00,Random Forest,15,0.7233150685730252,0.6460332296537262,2019-12-21 15:00:00,2020-12-21 15:00:00,2020-12-21 15:00:00,366,1
326,2020-12-21 15:00:00,Neural Network,15,0.7233150685730252,0.6197380565725932,2019-12-21 15:00:00,2020-12-21 15:00:00,2020-12-21 15:00:00,366,1
327,2020-12-21 15:00:00,Naive,15,0.7233150685730252,0.5450446144661569,2019-12-21 15:00:00,2020-12-21 15:00:00,2020-12-21 15:00:00,366,1
328,2020-12-22 15:00:00,Decision Tree,15,0.6917379289469997,0.5664636178077301,2019-12-22 15:00:00,2020-12-22 15:00:00,2020-12-22 15:00:00,366,1
329,2020-12-22 15:00:00,Random Forest,15,0.6917379289469997,0.6147703133896096,2019-12-22 15:00:00,2020-12-22 15:00:00,2020-12-22 15:00:00,366,1
330,2020-12-22 15:00:00,Neural Network,15,0.6917379289469997,0.3792575698447445,2019-12-22 15:00:00,2020-12-22 15:00:00,2020-12-22 15:00:00,366,1
331,2020-12-22 15:00:00,Naive,15,0.6917379289469997,0.7233150685730252,2019-12-22 15:00:00,2020-12-22 15:00:00,2020-12-22 15:00:00,366,1
332,2020-12-23 15:00:00,Decision Tree,15,0.8083621631162388,0.7224077716718069,2019-12-23 15:00:00,2020-12-23 15:00:00,2020-12-23 15:00:00,366,1
333,2020-12-23 15:00:00,Random Forest,15,0.8083621631162388,0.7349254850602633,2019-12-23 15:00:00,2020-12-23 15:00:00,2020-12-23 15:00:00,366,1
334,2020-12-23 15:00:00,Neural Network,15,0.8083621631162388,0.6388523935760968,2019-12-23 15:00:00,2020-12-23 15:00:00,2020-12-23 15:00:00,366,1
335,2020-12-23 15:00:00,Naive,15,0.8083621631162388,0.6917379289469997,2019-12-23 15:00:00,2020-12-23 15:00:00,2020-12-23 15:00:00,366,1
336,2020-12-24 15:00:00,Decision Tree,15,0.07631954930253072,-0.004695570330815872,2019-12-24 15:00:00,2020-12-24 15:00:00,2020-12-24 15:00:00,366,1
337,2020-12-24 15:00:00,Random Forest,15,0.07631954930253072,0.013754166002142097,2019-12-24 15:00:00,2020-12-24 15:00:00,2020-12-24 15:00:00,366,1
338,2020-12-24 15:00:00,Neural Network,15,0.07631954930253072,-0.0687535741757756,2019-12-24 15:00:00,2020-12-24 15:00:00,2020-12-24 15:00:00,366,1
339,2020-12-24 15:00:00,Naive,15,0.07631954930253072,0.8083621631162388,2019-12-24 15:00:00,2020-12-24 15:00:00,2020-12-24 15:00:00,366,1
340,2020-12-25 15:00:00,Decision Tree,15,0.6905072963098464,0.6353624643915765,2019-12-25 15:00:00,2020-12-25 15:00:00,2020-12-25 15:00:00,366,1
341,2020-12-25 15:00:00,Random Forest,15,0.6905072963098464,0.6365510479475912,2019-12-25 15:00:00,2020-12-25 15:00:00,2020-12-25 15:00:00,366,1
342,2020-12-25 15:00:00,Neural Network,15,0.6905072963098464,-0.7407949935626148,2019-12-25 15:00:00,2020-12-25 15:00:00,2020-12-25 15:00:00,366,1
343,2020-12-25 15:00:00,Naive,15,0.6905072963098464,0.07631954930253072,2019-12-25 15:00:00,2020-12-25 15:00:00,2020-12-25 15:00:00,366,1
344,2020-12-26 15:00:00,Decision Tree,15,-1.0589859910274817,-1.0273914635972599,2019-12-26 15:00:00,2020-12-26 15:00:00,2020-12-26 15:00:00,366,1
345,2020-12-26 15:00:00,Random Forest,15,-1.0589859910274817,-1.0352049360717472,2019-12-26 15:00:00,2020-12-26 15:00:00,2020-12-26 15:00:00,366,1
346,2020-12-26 15:00:00,Neural Network,15,-1.0589859910274817,-0.5382038438499234,2019-12-26 15:00:00,2020-12-26 15:00:00,2020-12-26 15:00:00,366,1
347,2020-12-26 15:00:00,Naive,15,-1.0589859910274817,0.6905072963098464,2019-12-26 15:00:00,2020-12-26 15:00:00,2020-12-26 15:00:00,366,1
348,2020-12-27 15:00:00,Decision Tree,15,-2.312797750085612,-2.1567613116596505,2019-12-27 15:00:00,2020-12-27 15:00:00,2020-12-27 15:00:00,366,1
349,2020-12-27 15:00:00,Random Forest,15,-2.312797750085612,-2.2451068606884075,2019-12-27 15:00:00,2020-12-27 15:00:00,2020-12-27 15:00:00,366,1
350,2020-12-27 15:00:00,Neural Network,15,-2.312797750085612,-2.0120417978099083,2019-12-27 15:00:00,2020-12-27 15:00:00,2020-12-27 15:00:00,366,1
351,2020-12-27 15:00:00,Naive,15,-2.312797750085612,-1.0589859910274817,2019-12-27 15:00:00,2020-12-27 15:00:00,2020-12-27 15:00:00,366,1
352,2020-12-28 15:00:00,Decision Tree,15,1.008224397637801,0.953337083708286,2019-12-28 15:00:00,2020-12-28 15:00:00,2020-12-28 15:00:00,366,1
353,2020-12-28 15:00:00,Random Forest,15,1.008224397637801,0.9486798169770655,2019-12-28 15:00:00,2020-12-28 15:00:00,2020-12-28 15:00:00,366,1
354,2020-12-28 15:00:00,Neural Network,15,1.008224397637801,0.496048824032909,2019-12-28 15:00:00,2020-12-28 15:00:00,2020-12-28 15:00:00,366,1
355,2020-12-28 15:00:00,Naive,15,1.008224397637801,-2.312797750085612,2019-12-28 15:00:00,2020-12-28 15:00:00,2020-12-28 15:00:00,366,1
356,2020-12-29 15:00:00,Decision Tree,15,1.1909170339330681,1.1765852725460866,2019-12-29 15:00:00,2020-12-29 15:00:00,2020-12-29 15:00:00,366,1
357,2020-12-29 15:00:00,Random Forest,15,1.1909170339330681,1.1534635417450128,2019-12-29 15:00:00,2020-12-29 15:00:00,2020-12-29 15:00:00,366,1
358,2020-12-29 15:00:00,Neural Network,15,1.1909170339330681,0.8755110577368296,2019-12-29 15:00:00,2020-12-29 15:00:00,2020-12-29 15:00:00,366,1
359,2020-12-29 15:00:00,Naive,15,1.1909170339330681,1.008224397637801,2019-12-29 15:00:00,2020-12-29 15:00:00,2020-12-29 15:00:00,366,1
360,2020-12-30 15:00:00,Decision Tree,15,1.2350900185288998,1.1781776904779733,2019-12-30 15:00:00,2020-12-30 15:00:00,2020-12-30 15:00:00,366,1
361,2020-12-30 15:00:00,Random Forest,15,1.2350900185288998,1.2004407661346561,2019-12-30 15:00:00,2020-12-30 15:00:00,2020-12-30 15:00:00,366,1
362,2020-12-30 15:00:00,Neural Network,15,1.2350900185288998,0.9884972831751648,2019-12-30 15:00:00,2020-12-30 15:00:00,2020-12-30 15:00:00,366,1
363,2020-12-30 15:00:00,Naive,15,1.2350900185288998,1.1909170339330681,2019-12-30 15:00:00,2020-12-30 15:00:00,2020-12-30 15:00:00,366,1
364,2020-12-31 15:00:00,Decision Tree,15,1.2742334655559233,1.1693025936554147,2019-12-31 15:00:00,2020-12-31 15:00:00,2020-12-31 15:00:00,366,1
365,2020-12-31 15:00:00,Random Forest,15,1.2742334655559233,1.2436938173956058,2019-12-31 15:00:00,2020-12-31 15:00:00,2020-12-31 15:00:00,366,1
366,2020-12-31 15:00:00,Neural Network,15,1.2742334655559233,0.7593470591914653,2019-12-31 15:00:00,2020-12-31 15:00:00,2020-12-31 15:00:00,366,1
367,2020-12-31 15:00:00,Naive,15,1.2742334655559233,1.2350900185288998,2019-12-31 15:00:00,2020-12-31 15:00:00,2020-12-31 15:00:00,366,1
368,2021-01-01 15:00:00,Decision Tree,15,0.7958029256468114,0.7346869704495829,2020-01-01 15:00:00,2021-01-01 15:00:00,2021-01-01 15:00:00,366,1
369,2021-01-01 15:00:00,Random Forest,15,0.7958029256468114,0.6915979832537291,2020-01-01 15:00:00,2021-01-01 15:00:00,2021-01-01 15:00:00,366,1
370,2021-01-01 15:00:00,Neural Network,15,0.7958029256468114,0.09407527350869427,2020-01-01 15:00:00,2021-01-01 15:00:00,2021-01-01 15:00:00,366,1
371,2021-01-01 15:00:00,Naive,15,0.7958029256468114,1.2742334655559233,2020-01-01 15:00:00,2021-01-01 15:00:00,2021-01-01 15:00:00,366,1
372,2021-01-02 15:00:00,Decision Tree,15,1.1439333263238622,1.0287215961186211,2020-01-02 15:00:00,2021-01-02 15:00:00,2021-01-02 15:00:00,366,1
373,2021-01-02 15:00:00,Random Forest,15,1.1439333263238622,1.019359378118853,2020-01-02 15:00:00,2021-01-02 15:00:00,2021-01-02 15:00:00,366,1
374,2021-01-02 15:00:00,Neural Network,15,1.1439333263238622,1.8110969729350648,2020-01-02 15:00:00,2021-01-02 15:00:00,2021-01-02 15:00:00,366,1
375,2021-01-02 15:00:00,Naive,15,1.1439333263238622,0.7958029256468114,2020-01-02 15:00:00,2021-01-02 15:00:00,2021-01-02 15:00:00,366,1
376,2021-01-03 15:00:00,Decision Tree,15,0.33426380642657594,0.28333619986167996,2020-01-03 15:00:00,2021-01-03 15:00:00,2021-01-03 15:00:00,366,1
377,2021-01-03 15:00:00,Random Forest,15,0.33426380642657594,0.2934707862701373,2020-01-03 15:00:00,2021-01-03 15:00:00,2021-01-03 15:00:00,366,1
378,2021-01-03 15:00:00,Neural Network,15,0.33426380642657594,0.6508129260296662,2020-01-03 15:00:00,2021-01-03 15:00:00,2021-01-03 15:00:00,366,1
379,2021-01-03 15:00:00,Naive,15,0.33426380642657594,1.1439333263238622,2020-01-03 15:00:00,2021-01-03 15:00:00,2021-01-03 15:00:00,366,1
380,2021-01-04 15:00:00,Decision Tree,15,1.3881722070538836,1.2751275523569443,2020-01-04 15:00:00,2021-01-04 15:00:00,2021-01-04 15:00:00,366,1
381,2021-01-04 15:00:00,Random Forest,15,1.3881722070538836,1.3471594729481737,2020-01-04 15:00:00,2021-01-04 15:00:00,2021-01-04 15:00:00,366,1
382,2021-01-04 15:00:00,Neural Network,15,1.3881722070538836,0.7136383347808763,2020-01-04 15:00:00,2021-01-04 15:00:00,2021-01-04 15:00:00,366,1
383,2021-01-04 15:00:00,Naive,15,1.3881722070538836,0.33426380642657594,2020-01-04 15:00:00,2021-01-04 15:00:00,2021-01-04 15:00:00,366,1
384,2021-01-05 15:00:00,Decision Tree,15,1.5428058813215386,1.3378257764306956,2020-01-05 15:00:00,2021-01-05 15:00:00,2021-01-05 15:00:00,366,1
385,2021-01-05 15:00:00,Random Forest,15,1.5428058813215386,1.501071664196734,2020-01-05 15:00:00,2021-01-05 15:00:00,2021-01-05 15:00:00,366,1
386,2021-01-05 15:00:00,Neural Network,15,1.5428058813215386,1.325245090560312,2020-01-05 15:00:00,2021-01-05 15:00:00,2021-01-05 15:00:00,366,1
387,2021-01-05 15:00:00,Naive,15,1.5428058813215386,1.3881722070538836,2020-01-05 15:00:00,2021-01-05 15:00:00,2021-01-05 15:00:00,366,1
388,2021-01-06 15:00:00,Decision Tree,15,1.3161743850417438,1.2553727025914723,2020-01-06 15:00:00,2021-01-06 15:00:00,2021-01-06 15:00:00,366,1
389,2021-01-06 15:00:00,Random Forest,15,1.3161743850417438,1.355871086247404,2020-01-06 15:00:00,2021-01-06 15:00:00,2021-01-06 15:00:00,366,1
390,2021-01-06 15:00:00,Neural Network,15,1.3161743850417438,1.39468210960283,2020-01-06 15:00:00,2021-01-06 15:00:00,2021-01-06 15:00:00,366,1
391,2021-01-06 15:00:00,Naive,15,1.3161743850417438,1.5428058813215386,2020-01-06 15:00:00,2021-01-06 15:00:00,2021-01-06 15:00:00,366,1
392,2021-01-07 15:00:00,Decision Tree,15,2.031007767531061,2.069533674252706,2020-01-07 15:00:00,2021-01-07 15:00:00,2021-01-07 15:00:00,366,1
393,2021-01-07 15:00:00,Random Forest,15,2.031007767531061,1.9896934895767409,2020-01-07 15:00:00,2021-01-07 15:00:00,2021-01-07 15:00:00,366,1
394,2021-01-07 15:00:00,Neural Network,15,2.031007767531061,1.549265748128501,2020-01-07 15:00:00,2021-01-07 15:00:00,2021-01-07 15:00:00,366,1
395,2021-01-07 15:00:00,Naive,15,2.031007767531061,1.3161743850417438,2020-01-07 15:00:00,2021-01-07 15:00:00,2021-01-07 15:00:00,366,1
396,2021-01-08 15:00:00,Decision Tree,15,2.242429638682851,2.0631126897990986,2020-01-08 15:00:00,2021-01-08 15:00:00,2021-01-08 15:00:00,366,1
397,2021-01-08 15:00:00,Random Forest,15,2.242429638682851,2.07229478491856,2020-01-08 15:00:00,2021-01-08 15:00:00,2021-01-08 15:00:00,366,1
398,2021-01-08 15:00:00,Neural Network,15,2.242429638682851,1.8361139166600409,2020-01-08 15:00:00,2021-01-08 15:00:00,2021-01-08 15:00:00,366,1
399,2021-01-08 15:00:00,Naive,15,2.242429638682851,2.031007767531061,2020-01-08 15:00:00,2021-01-08 15:00:00,2021-01-08 15:00:00,366,1
400,2021-01-09 15:00:00,Decision Tree,15,1.4061771586234728,1.315723517207164,2020-01-09 15:00:00,2021-01-09 15:00:00,2021-01-09 15:00:00,366,1
401,2021-01-09 15:00:00,Random Forest,15,1.4061771586234728,1.3530914171895856,2020-01-09 15:00:00,2021-01-09 15:00:00,2021-01-09 15:00:00,366,1
402,2021-01-09 15:00:00,Neural Network,15,1.4061771586234728,1.7375496705917697,2020-01-09 15:00:00,2021-01-09 15:00:00,2021-01-09 15:00:00,366,1
403,2021-01-09 15:00:00,Naive,15,1.4061771586234728,2.242429638682851,2020-01-09 15:00:00,2021-01-09 15:00:00,2021-01-09 15:00:00,366,1
404,2021-01-10 15:00:00,Decision Tree,15,1.2056572484941965,1.1381507228943184,2020-01-10 15:00:00,2021-01-10 15:00:00,2021-01-10 15:00:00,366,1
405,2021-01-10 15:00:00,Random Forest,15,1.2056572484941965,1.170565252718157,2020-01-10 15:00:00,2021-01-10 15:00:00,2021-01-10 15:00:00,366,1
406,2021-01-10 15:00:00,Neural Network,15,1.2056572484941965,1.5892815070580526,2020-01-10 15:00:00,2021-01-10 15:00:00,2021-01-10 15:00:00,366,1
407,2021-01-10 15:00:00,Naive,15,1.2056572484941965,1.4061771586234728,2020-01-10 15:00:00,2021-01-10 15:00:00,2021-01-10 15:00:00,366,1
408,2021-01-11 15:00:00,Decision Tree,15,1.0281958525893655,0.9804372490541446,2020-01-11 15:00:00,2021-01-11 15:00:00,2021-01-11 15:00:00,366,1
409,2021-01-11 15:00:00,Random Forest,15,1.0281958525893655,0.9945491058415447,2020-01-11 15:00:00,2021-01-11 15:00:00,2021-01-11 15:00:00,366,1
410,2021-01-11 15:00:00,Neural Network,15,1.0281958525893655,0.3155331958311334,2020-01-11 15:00:00,2021-01-11 15:00:00,2021-01-11 15:00:00,366,1
411,2021-01-11 15:00:00,Naive,15,1.0281958525893655,1.2056572484941965,2020-01-11 15:00:00,2021-01-11 15:00:00,2021-01-11 15:00:00,366,1
412,2021-01-12 15:00:00,Decision Tree,15,1.2335046159133898,1.255372702591472,2020-01-12 15:00:00,2021-01-12 15:00:00,2021-01-12 15:00:00,366,1
413,2021-01-12 15:00:00,Random Forest,15,1.2335046159133898,1.2307382265148143,2020-01-12 15:00:00,2021-01-12 15:00:00,2021-01-12 15:00:00,366,1
414,2021-01-12 15:00:00,Neural Network,15,1.2335046159133898,1.1493665947534994,2020-01-12 15:00:00,2021-01-12 15:00:00,2021-01-12 15:00:00,366,1
415,2021-01-12 15:00:00,Naive,15,1.2335046159133898,1.0281958525893655,2020-01-12 15:00:00,2021-01-12 15:00:00,2021-01-12 15:00:00,366,1
416,2021-01-13 15:00:00,Decision Tree,15,0.44558514439473845,0.3838769129880816,2020-01-13 15:00:00,2021-01-13 15:00:00,2021-01-13 15:00:00,366,1
417,2021-01-13 15:00:00,Random Forest,15,0.44558514439473845,0.371055590009369,2020-01-13 15:00:00,2021-01-13 15:00:00,2021-01-13 15:00:00,366,1
418,2021-01-13 15:00:00,Neural Network,15,0.44558514439473845,0.21645712884100954,2020-01-13 15:00:00,2021-01-13 15:00:00,2021-01-13 15:00:00,366,1
419,2021-01-13 15:00:00,Naive,15,0.44558514439473845,1.2335046159133898,2020-01-13 15:00:00,2021-01-13 15:00:00,2021-01-13 15:00:00,366,1
420,2021-01-14 15:00:00,Decision Tree,15,1.9550635219815953,1.9763769006249572,2020-01-14 15:00:00,2021-01-14 15:00:00,2021-01-14 15:00:00,366,1
421,2021-01-14 15:00:00,Random Forest,15,1.9550635219815953,1.9749354119318745,2020-01-14 15:00:00,2021-01-14 15:00:00,2021-01-14 15:00:00,366,1
422,2021-01-14 15:00:00,Neural Network,15,1.9550635219815953,1.8069584564262464,2020-01-14 15:00:00,2021-01-14 15:00:00,2021-01-14 15:00:00,366,1
423,2021-01-14 15:00:00,Naive,15,1.9550635219815953,0.44558514439473845,2020-01-14 15:00:00,2021-01-14 15:00:00,2021-01-14 15:00:00,366,1
424,2021-01-15 15:00:00,Decision Tree,15,1.8888122908250131,1.7812954440143387,2020-01-15 15:00:00,2021-01-15 15:00:00,2021-01-15 15:00:00,366,1
425,2021-01-15 15:00:00,Random Forest,15,1.8888122908250131,1.9181192871458028,2020-01-15 15:00:00,2021-01-15 15:00:00,2021-01-15 15:00:00,366,1
426,2021-01-15 15:00:00,Neural Network,15,1.8888122908250131,1.940581270174023,2020-01-15 15:00:00,2021-01-15 15:00:00,2021-01-15 15:00:00,366,1
427,2021-01-15 15:00:00,Naive,15,1.8888122908250131,1.9550635219815953,2020-01-15 15:00:00,2021-01-15 15:00:00,2021-01-15 15:00:00,366,1
428,2021-01-16 15:00:00,Decision Tree,15,1.0104356697374637,0.9782737771980405,2020-01-16 15:00:00,2021-01-16 15:00:00,2021-01-16 15:00:00,366,1
429,2021-01-16 15:00:00,Random Forest,15,1.0104356697374637,1.0105627373689658,2020-01-16 15:00:00,2021-01-16 15:00:00,2021-01-16 15:00:00,366,1
430,2021-01-16 15:00:00,Neural Network,15,1.0104356697374637,1.255445511248517,2020-01-16 15:00:00,2021-01-16 15:00:00,2021-01-16 15:00:00,366,1
431,2021-01-16 15:00:00,Naive,15,1.0104356697374637,1.8888122908250131,2020-01-16 15:00:00,2021-01-16 15:00:00,2021-01-16 15:00:00,366,1
432,2021-01-17 15:00:00,Decision Tree,15,1.1424105791880583,1.1643006190972083,2020-01-17 15:00:00,2021-01-17 15:00:00,2021-01-17 15:00:00,366,1
433,2021-01-17 15:00:00,Random Forest,15,1.1424105791880583,1.0888157547812507,2020-01-17 15:00:00,2021-01-17 15:00:00,2021-01-17 15:00:00,366,1
434,2021-01-17 15:00:00,Neural Network,15,1.1424105791880583,1.3731992620602353,2020-01-17 15:00:00,2021-01-17 15:00:00,2021-01-17 15:00:00,366,1
435,2021-01-17 15:00:00,Naive,15,1.1424105791880583,1.0104356697374637,2020-01-17 15:00:00,2021-01-17 15:00:00,2021-01-17 15:00:00,366,1
436,2021-01-18 15:00:00,Decision Tree,15,1.3055659215148796,1.344497203688385,2020-01-18 15:00:00,2021-01-18 15:00:00,2021-01-18 15:00:00,366,1
437,2021-01-18 15:00:00,Random Forest,15,1.3055659215148796,1.3396294920394092,2020-01-18 15:00:00,2021-01-18 15:00:00,2021-01-18 15:00:00,366,1
438,2021-01-18 15:00:00,Neural Network,15,1.3055659215148796,1.4156045726547726,2020-01-18 15:00:00,2021-01-18 15:00:00,2021-01-18 15:00:00,366,1
439,2021-01-18 15:00:00,Naive,15,1.3055659215148796,1.1424105791880583,2020-01-18 15:00:00,2021-01-18 15:00:00,2021-01-18 15:00:00,366,1
440,2021-01-19 15:00:00,Decision Tree,15,1.0428885424505392,1.0115454734714464,2020-01-19 15:00:00,2021-01-19 15:00:00,2021-01-19 15:00:00,366,1
441,2021-01-19 15:00:00,Random Forest,15,1.0428885424505392,1.0282912389674297,2020-01-19 15:00:00,2021-01-19 15:00:00,2021-01-19 15:00:00,366,1
442,2021-01-19 15:00:00,Neural Network,15,1.0428885424505392,0.7961878945506529,2020-01-19 15:00:00,2021-01-19 15:00:00,2021-01-19 15:00:00,366,1
443,2021-01-19 15:00:00,Naive,15,1.0428885424505392,1.3055659215148796,2020-01-19 15:00:00,2021-01-19 15:00:00,2021-01-19 15:00:00,366,1
444,2021-01-20 15:00:00,Decision Tree,15,0.28062371919232404,0.1630639238355009,2020-01-20 15:00:00,2021-01-20 15:00:00,2021-01-20 15:00:00,366,1
445,2021-01-20 15:00:00,Random Forest,15,0.28062371919232404,0.1864275452015525,2020-01-20 15:00:00,2021-01-20 15:00:00,2021-01-20 15:00:00,366,1
446,2021-01-20 15:00:00,Neural Network,15,0.28062371919232404,0.33973266142442526,2020-01-20 15:00:00,2021-01-20 15:00:00,2021-01-20 15:00:00,366,1
447,2021-01-20 15:00:00,Naive,15,0.28062371919232404,1.0428885424505392,2020-01-20 15:00:00,2021-01-20 15:00:00,2021-01-20 15:00:00,366,1
448,2021-01-21 15:00:00,Decision Tree,15,0.5388450804350948,0.4785672625576941,2020-01-21 15:00:00,2021-01-21 15:00:00,2021-01-21 15:00:00,366,1
449,2021-01-21 15:00:00,Random Forest,15,0.5388450804350948,0.48285477628680196,2020-01-21 15:00:00,2021-01-21 15:00:00,2021-01-21 15:00:00,366,1
450,2021-01-21 15:00:00,Neural Network,15,0.5388450804350948,0.36613078464089416,2020-01-21 15:00:00,2021-01-21 15:00:00,2021-01-21 15:00:00,366,1
451,2021-01-21 15:00:00,Naive,15,0.5388450804350948,0.28062371919232404,2020-01-21 15:00:00,2021-01-21 15:00:00,2021-01-21 15:00:00,366,1
452,2021-01-22 15:00:00,Decision Tree,15,1.192269375119067,1.1994890248476584,2020-01-22 15:00:00,2021-01-22 15:00:00,2021-01-22 15:00:00,366,1
453,2021-01-22 15:00:00,Random Forest,15,1.192269375119067,1.1911937057877602,2020-01-22 15:00:00,2021-01-22 15:00:00,2021-01-22 15:00:00,366,1
454,2021-01-22 15:00:00,Neural Network,15,1.192269375119067,1.296709258540186,2020-01-22 15:00:00,2021-01-22 15:00:00,2021-01-22 15:00:00,366,1
455,2021-01-22 15:00:00,Naive,15,1.192269375119067,0.5388450804350948,2020-01-22 15:00:00,2021-01-22 15:00:00,2021-01-22 15:00:00,366,1
456,2021-01-23 15:00:00,Decision Tree,15,1.155961428897592,1.030398932816575,2020-01-23 15:00:00,2021-01-23 15:00:00,2021-01-23 15:00:00,366,1
457,2021-01-23 15:00:00,Random Forest,15,1.155961428897592,1.106925515651764,2020-01-23 15:00:00,2021-01-23 15:00:00,2021-01-23 15:00:00,366,1
458,2021-01-23 15:00:00,Neural Network,15,1.155961428897592,1.1469164956771898,2020-01-23 15:00:00,2021-01-23 15:00:00,2021-01-23 15:00:00,366,1
459,2021-01-23 15:00:00,Naive,15,1.155961428897592,1.192269375119067,2020-01-23 15:00:00,2021-01-23 15:00:00,2021-01-23 15:00:00,366,1
460,2021-01-24 15:00:00,Decision Tree,15,0.7583268676983526,0.7402140874852129,2020-01-24 15:00:00,2021-01-24 15:00:00,2021-01-24 15:00:00,366,1
461,2021-01-24 15:00:00,Random Forest,15,0.7583268676983526,0.7324905132832344,2020-01-24 15:00:00,2021-01-24 15:00:00,2021-01-24 15:00:00,366,1
462,2021-01-24 15:00:00,Neural Network,15,0.7583268676983526,1.2820457704416817,2020-01-24 15:00:00,2021-01-24 15:00:00,2021-01-24 15:00:00,366,1
463,2021-01-24 15:00:00,Naive,15,0.7583268676983526,1.155961428897592,2020-01-24 15:00:00,2021-01-24 15:00:00,2021-01-24 15:00:00,366,1
464,2021-01-25 15:00:00,Decision Tree,15,1.6064154306718021,1.8504967259150333,2020-01-25 15:00:00,2021-01-25 15:00:00,2021-01-25 15:00:00,366,1
465,2021-01-25 15:00:00,Random Forest,15,1.6064154306718021,1.6199254943186738,2020-01-25 15:00:00,2021-01-25 15:00:00,2021-01-25 15:00:00,366,1
466,2021-01-25 15:00:00,Neural Network,15,1.6064154306718021,1.4753854699596984,2020-01-25 15:00:00,2021-01-25 15:00:00,2021-01-25 15:00:00,366,1
467,2021-01-25 15:00:00,Naive,15,1.6064154306718021,0.7583268676983526,2020-01-25 15:00:00,2021-01-25 15:00:00,2021-01-25 15:00:00,366,1
468,2021-01-26 15:00:00,Decision Tree,15,1.6686509901647673,1.7411069032644855,2020-01-26 15:00:00,2021-01-26 15:00:00,2021-01-26 15:00:00,366,1
469,2021-01-26 15:00:00,Random Forest,15,1.6686509901647673,1.6212453088380343,2020-01-26 15:00:00,2021-01-26 15:00:00,2021-01-26 15:00:00,366,1
470,2021-01-26 15:00:00,Neural Network,15,1.6686509901647673,1.5711859308097553,2020-01-26 15:00:00,2021-01-26 15:00:00,2021-01-26 15:00:00,366,1
471,2021-01-26 15:00:00,Naive,15,1.6686509901647673,1.6064154306718021,2020-01-26 15:00:00,2021-01-26 15:00:00,2021-01-26 15:00:00,366,1
472,2021-01-27 15:00:00,Decision Tree,15,1.608178194478443,1.7307560585359545,2020-01-27 15:00:00,2021-01-27 15:00:00,2021-01-27 15:00:00,366,1
473,2021-01-27 15:00:00,Random Forest,15,1.608178194478443,1.655941578291377,2020-01-27 15:00:00,2021-01-27 15:00:00,2021-01-27 15:00:00,366,1
474,2021-01-27 15:00:00,Neural Network,15,1.608178194478443,1.6496881232854443,2020-01-27 15:00:00,2021-01-27 15:00:00,2021-01-27 15:00:00,366,1
475,2021-01-27 15:00:00,Naive,15,1.608178194478443,1.6686509901647673,2020-01-27 15:00:00,2021-01-27 15:00:00,2021-01-27 15:00:00,366,1
476,2021-01-28 15:00:00,Decision Tree,15,1.2829024646412721,1.3664189627016632,2020-01-28 15:00:00,2021-01-28 15:00:00,2021-01-28 15:00:00,366,1
477,2021-01-28 15:00:00,Random Forest,15,1.2829024646412721,1.2932466066852888,2020-01-28 15:00:00,2021-01-28 15:00:00,2021-01-28 15:00:00,366,1
478,2021-01-28 15:00:00,Neural Network,15,1.2829024646412721,1.4191142086085966,2020-01-28 15:00:00,2021-01-28 15:00:00,2021-01-28 15:00:00,366,1
479,2021-01-28 15:00:00,Naive,15,1.2829024646412721,1.608178194478443,2020-01-28 15:00:00,2021-01-28 15:00:00,2021-01-28 15:00:00,366,1
480,2021-01-29 15:00:00,Decision Tree,15,1.0151729854102043,0.9790696795576062,2020-01-29 15:00:00,2021-01-29 15:00:00,2021-01-29 15:00:00,366,1
481,2021-01-29 15:00:00,Random Forest,15,1.0151729854102043,1.0120484621393055,2020-01-29 15:00:00,2021-01-29 15:00:00,2021-01-29 15:00:00,366,1
482,2021-01-29 15:00:00,Neural Network,15,1.0151729854102043,1.186473970807311,2020-01-29 15:00:00,2021-01-29 15:00:00,2021-01-29 15:00:00,366,1
483,2021-01-29 15:00:00,Naive,15,1.0151729854102043,1.2829024646412721,2020-01-29 15:00:00,2021-01-29 15:00:00,2021-01-29 15:00:00,366,1
484,2021-01-30 15:00:00,Decision Tree,15,0.878156364559248,0.8386680397517492,2020-01-30 15:00:00,2021-01-30 15:00:00,2021-01-30 15:00:00,366,1
485,2021-01-30 15:00:00,Random Forest,15,0.878156364559248,0.8398247323178899,2020-01-30 15:00:00,2021-01-30 15:00:00,2021-01-30 15:00:00,366,1
486,2021-01-30 15:00:00,Neural Network,15,0.878156364559248,1.1700548630183751,2020-01-30 15:00:00,2021-01-30 15:00:00,2021-01-30 15:00:00,366,1
487,2021-01-30 15:00:00,Naive,15,0.878156364559248,1.0151729854102043,2020-01-30 15:00:00,2021-01-30 15:00:00,2021-01-30 15:00:00,366,1
488,2021-01-31 15:00:00,Decision Tree,15,0.8716752009700774,0.8443092290099632,2020-01-31 15:00:00,2021-01-31 15:00:00,2021-01-31 15:00:00,366,1
489,2021-01-31 15:00:00,Random Forest,15,0.8716752009700774,0.8191856240022363,2020-01-31 15:00:00,2021-01-31 15:00:00,2021-01-31 15:00:00,366,1
490,2021-01-31 15:00:00,Neural Network,15,0.8716752009700774,1.039056385314197,2020-01-31 15:00:00,2021-01-31 15:00:00,2021-01-31 15:00:00,366,1
491,2021-01-31 15:00:00,Naive,15,0.8716752009700774,0.878156364559248,2020-01-31 15:00:00,2021-01-31 15:00:00,2021-01-31 15:00:00,366,1
492,2021-02-01 15:00:00,Decision Tree,15,1.5216226286370196,1.609906188692437,2020-02-01 15:00:00,2021-02-01 15:00:00,2021-02-01 15:00:00,366,1
493,2021-02-01 15:00:00,Random Forest,15,1.5216226286370196,1.5654511846312906,2020-02-01 15:00:00,2021-02-01 15:00:00,2021-02-01 15:00:00,366,1
494,2021-02-01 15:00:00,Neural Network,15,1.5216226286370196,1.395438806544417,2020-02-01 15:00:00,2021-02-01 15:00:00,2021-02-01 15:00:00,366,1
495,2021-02-01 15:00:00,Naive,15,1.5216226286370196,0.8716752009700774,2020-02-01 15:00:00,2021-02-01 15:00:00,2021-02-01 15:00:00,366,1
496,2021-02-02 15:00:00,Decision Tree,15,1.1917624125811876,1.1787604617379184,2020-02-02 15:00:00,2021-02-02 15:00:00,2021-02-02 15:00:00,366,1
497,2021-02-02 15:00:00,Random Forest,15,1.1917624125811876,1.1899102338454297,2020-02-02 15:00:00,2021-02-02 15:00:00,2021-02-02 15:00:00,366,1
498,2021-02-02 15:00:00,Neural Network,15,1.1917624125811876,1.2829465728519849,2020-02-02 15:00:00,2021-02-02 15:00:00,2021-02-02 15:00:00,366,1
499,2021-02-02 15:00:00,Naive,15,1.1917624125811876,1.5216226286370196,2020-02-02 15:00:00,2021-02-02 15:00:00,2021-02-02 15:00:00,366,1
500,2021-02-03 15:00:00,Decision Tree,15,0.6135457746754159,0.5526938144588003,2020-02-03 15:00:00,2021-02-03 15:00:00,2021-02-03 15:00:00,366,1
501,2021-02-03 15:00:00,Random Forest,15,0.6135457746754159,0.5522334001858918,2020-02-03 15:00:00,2021-02-03 15:00:00,2021-02-03 15:00:00,366,1
502,2021-02-03 15:00:00,Neural Network,15,0.6135457746754159,1.1857810011134786,2020-02-03 15:00:00,2021-02-03 15:00:00,2021-02-03 15:00:00,366,1
503,2021-02-03 15:00:00,Naive,15,0.6135457746754159,1.1917624125811876,2020-02-03 15:00:00,2021-02-03 15:00:00,2021-02-03 15:00:00,366,1
504,2021-02-04 15:00:00,Decision Tree,15,1.3418423802008201,1.3591707800831103,2020-02-04 15:00:00,2021-02-04 15:00:00,2021-02-04 15:00:00,366,1
505,2021-02-04 15:00:00,Random Forest,15,1.3418423802008201,1.3140410953053228,2020-02-04 15:00:00,2021-02-04 15:00:00,2021-02-04 15:00:00,366,1
506,2021-02-04 15:00:00,Neural Network,15,1.3418423802008201,1.181994172982016,2020-02-04 15:00:00,2021-02-04 15:00:00,2021-02-04 15:00:00,366,1
507,2021-02-04 15:00:00,Naive,15,1.3418423802008201,0.6135457746754159,2020-02-04 15:00:00,2021-02-04 15:00:00,2021-02-04 15:00:00,366,1
508,2021-02-05 15:00:00,Decision Tree,15,0.8766370578870004,0.8548567347325048,2020-02-05 15:00:00,2021-02-05 15:00:00,2021-02-05 15:00:00,366,1
509,2021-02-05 15:00:00,Random Forest,15,0.8766370578870004,0.8714224903730129,2020-02-05 15:00:00,2021-02-05 15:00:00,2021-02-05 15:00:00,366,1
510,2021-02-05 15:00:00,Neural Network,15,0.8766370578870004,1.0084413991382297,2020-02-05 15:00:00,2021-02-05 15:00:00,2021-02-05 15:00:00,366,1
511,2021-02-05 15:00:00,Naive,15,0.8766370578870004,1.3418423802008201,2020-02-05 15:00:00,2021-02-05 15:00:00,2021-02-05 15:00:00,366,1
512,2021-02-06 15:00:00,Decision Tree,15,-0.15950943936576972,-0.19287573618242163,2020-02-06 15:00:00,2021-02-06 15:00:00,2021-02-06 15:00:00,366,1
513,2021-02-06 15:00:00,Random Forest,15,-0.15950943936576972,-0.18952498191734782,2020-02-06 15:00:00,2021-02-06 15:00:00,2021-02-06 15:00:00,366,1
514,2021-02-06 15:00:00,Neural Network,15,-0.15950943936576972,-0.30597795466310357,2020-02-06 15:00:00,2021-02-06 15:00:00,2021-02-06 15:00:00,366,1
515,2021-02-06 15:00:00,Naive,15,-0.15950943936576972,0.8766370578870004,2020-02-06 15:00:00,2021-02-06 15:00:00,2021-02-06 15:00:00,366,1
516,2021-02-07 15:00:00,Decision Tree,15,-0.9556119753833544,-0.9126747740360166,2020-02-07 15:00:00,2021-02-07 15:00:00,2021-02-07 15:00:00,366,1
517,2021-02-07 15:00:00,Random Forest,15,-0.9556119753833544,-0.922102349097976,2020-02-07 15:00:00,2021-02-07 15:00:00,2021-02-07 15:00:00,366,1
518,2021-02-07 15:00:00,Neural Network,15,-0.9556119753833544,-0.5009044675607626,2020-02-07 15:00:00,2021-02-07 15:00:00,2021-02-07 15:00:00,366,1
519,2021-02-07 15:00:00,Naive,15,-0.9556119753833544,-0.15950943936576972,2020-02-07 15:00:00,2021-02-07 15:00:00,2021-02-07 15:00:00,366,1
520,2021-02-08 15:00:00,Decision Tree,15,1.21555390626377,1.21877365801168,2020-02-08 15:00:00,2021-02-08 15:00:00,2021-02-08 15:00:00,366,1
521,2021-02-08 15:00:00,Random Forest,15,1.21555390626377,1.193733002420544,2020-02-08 15:00:00,2021-02-08 15:00:00,2021-02-08 15:00:00,366,1
522,2021-02-08 15:00:00,Neural Network,15,1.21555390626377,1.2639768773969813,2020-02-08 15:00:00,2021-02-08 15:00:00,2021-02-08 15:00:00,366,1
523,2021-02-08 15:00:00,Naive,15,1.21555390626377,-0.9556119753833544,2020-02-08 15:00:00,2021-02-08 15:00:00,2021-02-08 15:00:00,366,1
524,2021-02-09 15:00:00,Decision Tree,15,1.7673715185702128,1.5951922620165344,2020-02-09 15:00:00,2021-02-09 15:00:00,2021-02-09 15:00:00,366,1
525,2021-02-09 15:00:00,Random Forest,15,1.7673715185702128,1.6619199594849432,2020-02-09 15:00:00,2021-02-09 15:00:00,2021-02-09 15:00:00,366,1
526,2021-02-09 15:00:00,Neural Network,15,1.7673715185702128,1.6705558219474521,2020-02-09 15:00:00,2021-02-09 15:00:00,2021-02-09 15:00:00,366,1
527,2021-02-09 15:00:00,Naive,15,1.7673715185702128,1.21555390626377,2020-02-09 15:00:00,2021-02-09 15:00:00,2021-02-09 15:00:00,366,1
528,2021-02-10 15:00:00,Decision Tree,15,1.8727731533804202,2.051664621142672,2020-02-10 15:00:00,2021-02-10 15:00:00,2021-02-10 15:00:00,366,1
529,2021-02-10 15:00:00,Random Forest,15,1.8727731533804202,1.8912403281231884,2020-02-10 15:00:00,2021-02-10 15:00:00,2021-02-10 15:00:00,366,1
530,2021-02-10 15:00:00,Neural Network,15,1.8727731533804202,1.6426512880812305,2020-02-10 15:00:00,2021-02-10 15:00:00,2021-02-10 15:00:00,366,1
531,2021-02-10 15:00:00,Naive,15,1.8727731533804202,1.7673715185702128,2020-02-10 15:00:00,2021-02-10 15:00:00,2021-02-10 15:00:00,366,1
532,2021-02-11 15:00:00,Decision Tree,15,1.7676746437981383,1.6197892986670597,2020-02-11 15:00:00,2021-02-11 15:00:00,2021-02-11 15:00:00,366,1
533,2021-02-11 15:00:00,Random Forest,15,1.7676746437981383,1.7288087609493474,2020-02-11 15:00:00,2021-02-11 15:00:00,2021-02-11 15:00:00,366,1
534,2021-02-11 15:00:00,Neural Network,15,1.7676746437981383,1.6079416110948284,2020-02-11 15:00:00,2021-02-11 15:00:00,2021-02-11 15:00:00,366,1
535,2021-02-11 15:00:00,Naive,15,1.7676746437981383,1.8727731533804202,2020-02-11 15:00:00,2021-02-11 15:00:00,2021-02-11 15:00:00,366,1
536,2021-02-12 15:00:00,Decision Tree,15,1.3381829037406219,1.3659489693696119,2020-02-12 15:00:00,2021-02-12 15:00:00,2021-02-12 15:00:00,366,1
537,2021-02-12 15:00:00,Random Forest,15,1.3381829037406219,1.3127454940243255,2020-02-12 15:00:00,2021-02-12 15:00:00,2021-02-12 15:00:00,366,1
538,2021-02-12 15:00:00,Neural Network,15,1.3381829037406219,1.2876654162937258,2020-02-12 15:00:00,2021-02-12 15:00:00,2021-02-12 15:00:00,366,1
539,2021-02-12 15:00:00,Naive,15,1.3381829037406219,1.7676746437981383,2020-02-12 15:00:00,2021-02-12 15:00:00,2021-02-12 15:00:00,366,1
540,2021-02-13 15:00:00,Decision Tree,15,0.8907350614291917,0.8575792751268169,2020-02-13 15:00:00,2021-02-13 15:00:00,2021-02-13 15:00:00,366,1
541,2021-02-13 15:00:00,Random Forest,15,0.8907350614291917,0.8537345124336637,2020-02-13 15:00:00,2021-02-13 15:00:00,2021-02-13 15:00:00,366,1
542,2021-02-13 15:00:00,Neural Network,15,0.8907350614291917,1.1319314998625698,2020-02-13 15:00:00,2021-02-13 15:00:00,2021-02-13 15:00:00,366,1
543,2021-02-13 15:00:00,Naive,15,0.8907350614291917,1.3381829037406219,2020-02-13 15:00:00,2021-02-13 15:00:00,2021-02-13 15:00:00,366,1
544,2021-02-14 15:00:00,Decision Tree,15,0.55380405391906,0.5078564972649166,2020-02-14 15:00:00,2021-02-14 15:00:00,2021-02-14 15:00:00,366,1
545,2021-02-14 15:00:00,Random Forest,15,0.55380405391906,0.503992216735632,2020-02-14 15:00:00,2021-02-14 15:00:00,2021-02-14 15:00:00,366,1
546,2021-02-14 15:00:00,Neural Network,15,0.55380405391906,0.687589799378608,2020-02-14 15:00:00,2021-02-14 15:00:00,2021-02-14 15:00:00,366,1
547,2021-02-14 15:00:00,Naive,15,0.55380405391906,0.8907350614291917,2020-02-14 15:00:00,2021-02-14 15:00:00,2021-02-14 15:00:00,366,1
548,2021-02-15 15:00:00,Decision Tree,15,0.9326969854653088,0.8745110132223624,2020-02-15 15:00:00,2021-02-15 15:00:00,2021-02-15 15:00:00,366,1
549,2021-02-15 15:00:00,Random Forest,15,0.9326969854653088,0.9420037354613295,2020-02-15 15:00:00,2021-02-15 15:00:00,2021-02-15 15:00:00,366,1
550,2021-02-15 15:00:00,Neural Network,15,0.9326969854653088,1.0955431726624703,2020-02-15 15:00:00,2021-02-15 15:00:00,2021-02-15 15:00:00,366,1
551,2021-02-15 15:00:00,Naive,15,0.9326969854653088,0.55380405391906,2020-02-15 15:00:00,2021-02-15 15:00:00,2021-02-15 15:00:00,366,1
552,2021-02-16 15:00:00,Decision Tree,15,0.7698117090514526,0.7074191983818824,2020-02-16 15:00:00,2021-02-16 15:00:00,2021-02-16 15:00:00,366,1
553,2021-02-16 15:00:00,Random Forest,15,0.7698117090514526,0.7340841080088416,2020-02-16 15:00:00,2021-02-16 15:00:00,2021-02-16 15:00:00,366,1
554,2021-02-16 15:00:00,Neural Network,15,0.7698117090514526,0.9663689099791388,2020-02-16 15:00:00,2021-02-16 15:00:00,2021-02-16 15:00:00,366,1
555,2021-02-16 15:00:00,Naive,15,0.7698117090514526,0.9326969854653088,2020-02-16 15:00:00,2021-02-16 15:00:00,2021-02-16 15:00:00,366,1
556,2021-02-17 15:00:00,Decision Tree,15,0.7673068179860807,0.717817950160144,2020-02-17 15:00:00,2021-02-17 15:00:00,2021-02-17 15:00:00,366,1
557,2021-02-17 15:00:00,Random Forest,15,0.7673068179860807,0.7520073246754084,2020-02-17 15:00:00,2021-02-17 15:00:00,2021-02-17 15:00:00,366,1
558,2021-02-17 15:00:00,Neural Network,15,0.7673068179860807,0.7387671620757398,2020-02-17 15:00:00,2021-02-17 15:00:00,2021-02-17 15:00:00,366,1
559,2021-02-17 15:00:00,Naive,15,0.7673068179860807,0.7698117090514526,2020-02-17 15:00:00,2021-02-17 15:00:00,2021-02-17 15:00:00,366,1
560,2021-02-18 15:00:00,Decision Tree,15,0.543300979665336,0.5391141044165405,2020-02-18 15:00:00,2021-02-18 15:00:00,2021-02-18 15:00:00,366,1
561,2021-02-18 15:00:00,Random Forest,15,0.543300979665336,0.5323261401798629,2020-02-18 15:00:00,2021-02-18 15:00:00,2021-02-18 15:00:00,366,1
562,2021-02-18 15:00:00,Neural Network,15,0.543300979665336,0.5047616592408544,2020-02-18 15:00:00,2021-02-18 15:00:00,2021-02-18 15:00:00,366,1
563,2021-02-18 15:00:00,Naive,15,0.543300979665336,0.7673068179860807,2020-02-18 15:00:00,2021-02-18 15:00:00,2021-02-18 15:00:00,366,1
564,2021-02-19 15:00:00,Decision Tree,15,0.9714390998112661,0.8500590633366801,2020-02-19 15:00:00,2021-02-19 15:00:00,2021-02-19 15:00:00,366,1
565,2021-02-19 15:00:00,Random Forest,15,0.9714390998112661,0.9317922369503483,2020-02-19 15:00:00,2021-02-19 15:00:00,2021-02-19 15:00:00,366,1
566,2021-02-19 15:00:00,Neural Network,15,0.9714390998112661,0.7735811727695313,2020-02-19 15:00:00,2021-02-19 15:00:00,2021-02-19 15:00:00,366,1
567,2021-02-19 15:00:00,Naive,15,0.9714390998112661,0.543300979665336,2020-02-19 15:00:00,2021-02-19 15:00:00,2021-02-19 15:00:00,366,1
568,2021-02-20 15:00:00,Decision Tree,15,-0.5883145484564939,-0.5842607354997177,2020-02-20 15:00:00,2021-02-20 15:00:00,2021-02-20 15:00:00,366,1
569,2021-02-20 15:00:00,Random Forest,15,-0.5883145484564939,-0.5879682167912472,2020-02-20 15:00:00,2021-02-20 15:00:00,2021-02-20 15:00:00,366,1
570,2021-02-20 15:00:00,Neural Network,15,-0.5883145484564939,-0.360488703299736,2020-02-20 15:00:00,2021-02-20 15:00:00,2021-02-20 15:00:00,366,1
571,2021-02-20 15:00:00,Naive,15,-0.5883145484564939,0.9714390998112661,2020-02-20 15:00:00,2021-02-20 15:00:00,2021-02-20 15:00:00,366,1
572,2021-02-21 15:00:00,Decision Tree,15,-0.010797812624486675,-0.07184566880684227,2020-02-21 15:00:00,2021-02-21 15:00:00,2021-02-21 15:00:00,366,1
573,2021-02-21 15:00:00,Random Forest,15,-0.010797812624486675,-0.07831352396908296,2020-02-21 15:00:00,2021-02-21 15:00:00,2021-02-21 15:00:00,366,1
574,2021-02-21 15:00:00,Neural Network,15,-0.010797812624486675,0.5559472681646587,2020-02-21 15:00:00,2021-02-21 15:00:00,2021-02-21 15:00:00,366,1
575,2021-02-21 15:00:00,Naive,15,-0.010797812624486675,-0.5883145484564939,2020-02-21 15:00:00,2021-02-21 15:00:00,2021-02-21 15:00:00,366,1
576,2021-02-22 15:00:00,Decision Tree,15,1.0739982526752434,1.0455653993060707,2020-02-22 15:00:00,2021-02-22 15:00:00,2021-02-22 15:00:00,366,1
577,2021-02-22 15:00:00,Random Forest,15,1.0739982526752434,1.0167994424959585,2020-02-22 15:00:00,2021-02-22 15:00:00,2021-02-22 15:00:00,366,1
578,2021-02-22 15:00:00,Neural Network,15,1.0739982526752434,0.8701804667999073,2020-02-22 15:00:00,2021-02-22 15:00:00,2021-02-22 15:00:00,366,1
579,2021-02-22 15:00:00,Naive,15,1.0739982526752434,-0.010797812624486675,2020-02-22 15:00:00,2021-02-22 15:00:00,2021-02-22 15:00:00,366,1
580,2021-02-23 15:00:00,Decision Tree,15,0.3424345147708745,0.2787543544141425,2020-02-23 15:00:00,2021-02-23 15:00:00,2021-02-23 15:00:00,366,1
581,2021-02-23 15:00:00,Random Forest,15,0.3424345147708745,0.2806333964872035,2020-02-23 15:00:00,2021-02-23 15:00:00,2021-02-23 15:00:00,366,1
582,2021-02-23 15:00:00,Neural Network,15,0.3424345147708745,0.45351243736450153,2020-02-23 15:00:00,2021-02-23 15:00:00,2021-02-23 15:00:00,366,1
583,2021-02-23 15:00:00,Naive,15,0.3424345147708745,1.0739982526752434,2020-02-23 15:00:00,2021-02-23 15:00:00,2021-02-23 15:00:00,366,1
584,2021-02-24 15:00:00,Decision Tree,15,0.41648162978381403,0.4191216173068559,2020-02-24 15:00:00,2021-02-24 15:00:00,2021-02-24 15:00:00,366,1
585,2021-02-24 15:00:00,Random Forest,15,0.41648162978381403,0.3901683820516589,2020-02-24 15:00:00,2021-02-24 15:00:00,2021-02-24 15:00:00,366,1
586,2021-02-24 15:00:00,Neural Network,15,0.41648162978381403,0.32989999576110074,2020-02-24 15:00:00,2021-02-24 15:00:00,2021-02-24 15:00:00,366,1
587,2021-02-24 15:00:00,Naive,15,0.41648162978381403,0.3424345147708745,2020-02-24 15:00:00,2021-02-24 15:00:00,2021-02-24 15:00:00,366,1
588,2021-02-25 15:00:00,Decision Tree,15,0.7699452518394784,0.7125573385671851,2020-02-25 15:00:00,2021-02-25 15:00:00,2021-02-25 15:00:00,366,1
589,2021-02-25 15:00:00,Random Forest,15,0.7699452518394784,0.7367603979938541,2020-02-25 15:00:00,2021-02-25 15:00:00,2021-02-25 15:00:00,366,1
590,2021-02-25 15:00:00,Neural Network,15,0.7699452518394784,0.5754662480085891,2020-02-25 15:00:00,2021-02-25 15:00:00,2021-02-25 15:00:00,366,1
591,2021-02-25 15:00:00,Naive,15,0.7699452518394784,0.41648162978381403,2020-02-25 15:00:00,2021-02-25 15:00:00,2021-02-25 15:00:00,366,1
592,2021-02-26 15:00:00,Decision Tree,15,0.3716503706816301,0.28582992778711275,2020-02-26 15:00:00,2021-02-26 15:00:00,2021-02-26 15:00:00,366,1
593,2021-02-26 15:00:00,Random Forest,15,0.3716503706816301,0.30870690652538213,2020-02-26 15:00:00,2021-02-26 15:00:00,2021-02-26 15:00:00,366,1
594,2021-02-26 15:00:00,Neural Network,15,0.3716503706816301,0.6383933617945522,2020-02-26 15:00:00,2021-02-26 15:00:00,2021-02-26 15:00:00,366,1
595,2021-02-26 15:00:00,Naive,15,0.3716503706816301,0.7699452518394784,2020-02-26 15:00:00,2021-02-26 15:00:00,2021-02-26 15:00:00,366,1
596,2021-02-27 15:00:00,Decision Tree,15,0.13860230189244016,0.08924225942352919,2020-02-27 15:00:00,2021-02-27 15:00:00,2021-02-27 15:00:00,366,1
597,2021-02-27 15:00:00,Random Forest,15,0.13860230189244016,0.05797114027142192,2020-02-27 15:00:00,2021-02-27 15:00:00,2021-02-27 15:00:00,366,1
598,2021-02-27 15:00:00,Neural Network,15,0.13860230189244016,0.6026447368788777,2020-02-27 15:00:00,2021-02-27 15:00:00,2021-02-27 15:00:00,366,1
599,2021-02-27 15:00:00,Naive,15,0.13860230189244016,0.3716503706816301,2020-02-27 15:00:00,2021-02-27 15:00:00,2021-02-27 15:00:00,366,1
600,2021-02-28 15:00:00,Decision Tree,15,0.015363649784642257,-0.05932034492203584,2020-02-28 15:00:00,2021-02-28 15:00:00,2021-02-28 15:00:00,366,1
601,2021-02-28 15:00:00,Random Forest,15,0.015363649784642257,-0.034623648960778367,2020-02-28 15:00:00,2021-02-28 15:00:00,2021-02-28 15:00:00,366,1
602,2021-02-28 15:00:00,Neural Network,15,0.015363649784642257,0.3737869133737636,2020-02-28 15:00:00,2021-02-28 15:00:00,2021-02-28 15:00:00,366,1
603,2021-02-28 15:00:00,Naive,15,0.015363649784642257,0.13860230189244016,2020-02-28 15:00:00,2021-02-28 15:00:00,2021-02-28 15:00:00,366,1
604,2021-03-01 15:00:00,Decision Tree,15,0.484566155872843,0.41355370240149275,2020-03-01 15:00:00,2021-03-01 15:00:00,2021-03-01 15:00:00,365,1
605,2021-03-01 15:00:00,Random Forest,15,0.484566155872843,0.3935062226027236,2020-03-01 15:00:00,2021-03-01 15:00:00,2021-03-01 15:00:00,365,1
606,2021-03-01 15:00:00,Neural Network,15,0.484566155872843,0.5830151655840892,2020-03-01 15:00:00,2021-03-01 15:00:00,2021-03-01 15:00:00,365,1
607,2021-03-01 15:00:00,Naive,15,0.484566155872843,0.015363649784642257,2020-03-01 15:00:00,2021-03-01 15:00:00,2021-03-01 15:00:00,365,1
608,2021-03-02 15:00:00,Decision Tree,15,0.7092191853774351,0.6118844529944836,2020-03-02 15:00:00,2021-03-02 15:00:00,2021-03-02 15:00:00,365,1
609,2021-03-02 15:00:00,Random Forest,15,0.7092191853774351,0.612057714324329,2020-03-02 15:00:00,2021-03-02 15:00:00,2021-03-02 15:00:00,365,1
610,2021-03-02 15:00:00,Neural Network,15,0.7092191853774351,0.6289785938978927,2020-03-02 15:00:00,2021-03-02 15:00:00,2021-03-02 15:00:00,365,1
611,2021-03-02 15:00:00,Naive,15,0.7092191853774351,0.484566155872843,2020-03-02 15:00:00,2021-03-02 15:00:00,2021-03-02 15:00:00,365,1
612,2021-03-03 15:00:00,Decision Tree,15,0.688851897692307,0.6281069083916421,2020-03-03 15:00:00,2021-03-03 15:00:00,2021-03-03 15:00:00,365,1
613,2021-03-03 15:00:00,Random Forest,15,0.688851897692307,0.642052390763226,2020-03-03 15:00:00,2021-03-03 15:00:00,2021-03-03 15:00:00,365,1
614,2021-03-03 15:00:00,Neural Network,15,0.688851897692307,0.706370688109429,2020-03-03 15:00:00,2021-03-03 15:00:00,2021-03-03 15:00:00,365,1
615,2021-03-03 15:00:00,Naive,15,0.688851897692307,0.7092191853774351,2020-03-03 15:00:00,2021-03-03 15:00:00,2021-03-03 15:00:00,365,1
616,2021-03-04 15:00:00,Decision Tree,15,1.1412739126993006,1.18092745354513,2020-03-04 15:00:00,2021-03-04 15:00:00,2021-03-04 15:00:00,365,1
617,2021-03-04 15:00:00,Random Forest,15,1.1412739126993006,1.1586613545444646,2020-03-04 15:00:00,2021-03-04 15:00:00,2021-03-04 15:00:00,365,1
618,2021-03-04 15:00:00,Neural Network,15,1.1412739126993006,1.024497277844172,2020-03-04 15:00:00,2021-03-04 15:00:00,2021-03-04 15:00:00,365,1
619,2021-03-04 15:00:00,Naive,15,1.1412739126993006,0.688851897692307,2020-03-04 15:00:00,2021-03-04 15:00:00,2021-03-04 15:00:00,365,1
620,2021-03-05 15:00:00,Decision Tree,15,0.7399829865437957,0.7130850253378647,2020-03-05 15:00:00,2021-03-05 15:00:00,2021-03-05 15:00:00,365,1
621,2021-03-05 15:00:00,Random Forest,15,0.7399829865437957,0.733455381537182,2020-03-05 15:00:00,2021-03-05 15:00:00,2021-03-05 15:00:00,365,1
622,2021-03-05 15:00:00,Neural Network,15,0.7399829865437957,0.83361237693635,2020-03-05 15:00:00,2021-03-05 15:00:00,2021-03-05 15:00:00,365,1
623,2021-03-05 15:00:00,Naive,15,0.7399829865437957,1.1412739126993006,2020-03-05 15:00:00,2021-03-05 15:00:00,2021-03-05 15:00:00,365,1
624,2021-03-06 15:00:00,Decision Tree,15,0.24769846618027458,0.15521093550700174,2020-03-06 15:00:00,2021-03-06 15:00:00,2021-03-06 15:00:00,365,1
625,2021-03-06 15:00:00,Random Forest,15,0.24769846618027458,0.18391256016918764,2020-03-06 15:00:00,2021-03-06 15:00:00,2021-03-06 15:00:00,365,1
626,2021-03-06 15:00:00,Neural Network,15,0.24769846618027458,0.22297145163491217,2020-03-06 15:00:00,2021-03-06 15:00:00,2021-03-06 15:00:00,365,1
627,2021-03-06 15:00:00,Naive,15,0.24769846618027458,0.7399829865437957,2020-03-06 15:00:00,2021-03-06 15:00:00,2021-03-06 15:00:00,365,1
628,2021-03-07 15:00:00,Decision Tree,15,0.3511806274311816,0.2858299277871128,2020-03-07 15:00:00,2021-03-07 15:00:00,2021-03-07 15:00:00,365,1
629,2021-03-07 15:00:00,Random Forest,15,0.3511806274311816,0.3100925172891021,2020-03-07 15:00:00,2021-03-07 15:00:00,2021-03-07 15:00:00,365,1
630,2021-03-07 15:00:00,Neural Network,15,0.3511806274311816,0.3318042924117819,2020-03-07 15:00:00,2021-03-07 15:00:00,2021-03-07 15:00:00,365,1
631,2021-03-07 15:00:00,Naive,15,0.3511806274311816,0.24769846618027458,2020-03-07 15:00:00,2021-03-07 15:00:00,2021-03-07 15:00:00,365,1
632,2021-03-08 15:00:00,Decision Tree,15,1.2198878498335282,1.1366296193019947,2020-03-08 15:00:00,2021-03-08 15:00:00,2021-03-08 15:00:00,365,1
633,2021-03-08 15:00:00,Random Forest,15,1.2198878498335282,1.190670873984807,2020-03-08 15:00:00,2021-03-08 15:00:00,2021-03-08 15:00:00,365,1
634,2021-03-08 15:00:00,Neural Network,15,1.2198878498335282,0.8744397630590208,2020-03-08 15:00:00,2021-03-08 15:00:00,2021-03-08 15:00:00,365,1
635,2021-03-08 15:00:00,Naive,15,1.2198878498335282,0.3511806274311816,2020-03-08 15:00:00,2021-03-08 15:00:00,2021-03-08 15:00:00,365,1
636,2021-03-09 15:00:00,Decision Tree,15,1.299908645895884,1.2903616022556712,2020-03-09 15:00:00,2021-03-09 15:00:00,2021-03-09 15:00:00,365,1
637,2021-03-09 15:00:00,Random Forest,15,1.299908645895884,1.3042374033037325,2020-03-09 15:00:00,2021-03-09 15:00:00,2021-03-09 15:00:00,365,1
638,2021-03-09 15:00:00,Neural Network,15,1.299908645895884,1.0992511198379975,2020-03-09 15:00:00,2021-03-09 15:00:00,2021-03-09 15:00:00,365,1
639,2021-03-09 15:00:00,Naive,15,1.299908645895884,1.2198878498335282,2020-03-09 15:00:00,2021-03-09 15:00:00,2021-03-09 15:00:00,365,1
640,2021-03-10 15:00:00,Decision Tree,15,0.8060703893591724,0.7175680188721865,2020-03-10 15:00:00,2021-03-10 15:00:00,2021-03-10 15:00:00,365,1
641,2021-03-10 15:00:00,Random Forest,15,0.8060703893591724,0.7474890629282652,2020-03-10 15:00:00,2021-03-10 15:00:00,2021-03-10 15:00:00,365,1
642,2021-03-10 15:00:00,Neural Network,15,0.8060703893591724,0.7472592041561595,2020-03-10 15:00:00,2021-03-10 15:00:00,2021-03-10 15:00:00,365,1
643,2021-03-10 15:00:00,Naive,15,0.8060703893591724,1.299908645895884,2020-03-10 15:00:00,2021-03-10 15:00:00,2021-03-10 15:00:00,365,1
644,2021-03-11 15:00:00,Decision Tree,15,-0.3533063086824087,-0.3418345738337449,2020-03-11 15:00:00,2021-03-11 15:00:00,2021-03-11 15:00:00,365,1
645,2021-03-11 15:00:00,Random Forest,15,-0.3533063086824087,-0.36225292703597667,2020-03-11 15:00:00,2021-03-11 15:00:00,2021-03-11 15:00:00,365,1
646,2021-03-11 15:00:00,Neural Network,15,-0.3533063086824087,-0.7517246423066122,2020-03-11 15:00:00,2021-03-11 15:00:00,2021-03-11 15:00:00,365,1
647,2021-03-11 15:00:00,Naive,15,-0.3533063086824087,0.8060703893591724,2020-03-11 15:00:00,2021-03-11 15:00:00,2021-03-11 15:00:00,365,1
648,2021-03-12 15:00:00,Decision Tree,15,-0.7150405425024501,-0.6659012800559416,2020-03-12 15:00:00,2021-03-12 15:00:00,2021-03-12 15:00:00,365,1
649,2021-03-12 15:00:00,Random Forest,15,-0.7150405425024501,-0.6946027072423621,2020-03-12 15:00:00,2021-03-12 15:00:00,2021-03-12 15:00:00,365,1
650,2021-03-12 15:00:00,Neural Network,15,-0.7150405425024501,-0.9441794381992511,2020-03-12 15:00:00,2021-03-12 15:00:00,2021-03-12 15:00:00,365,1
651,2021-03-12 15:00:00,Naive,15,-0.7150405425024501,-0.3533063086824087,2020-03-12 15:00:00,2021-03-12 15:00:00,2021-03-12 15:00:00,365,1
652,2021-03-13 15:00:00,Decision Tree,15,-1.8461165129895616,-1.7806521459282079,2020-03-13 15:00:00,2021-03-13 15:00:00,2021-03-13 15:00:00,365,1
653,2021-03-13 15:00:00,Random Forest,15,-1.8461165129895616,-1.7604240661435484,2020-03-13 15:00:00,2021-03-13 15:00:00,2021-03-13 15:00:00,365,1
654,2021-03-13 15:00:00,Neural Network,15,-1.8461165129895616,-1.6847031166632784,2020-03-13 15:00:00,2021-03-13 15:00:00,2021-03-13 15:00:00,365,1
655,2021-03-13 15:00:00,Naive,15,-1.8461165129895616,-0.7150405425024501,2020-03-13 15:00:00,2021-03-13 15:00:00,2021-03-13 15:00:00,365,1
656,2021-03-14 15:00:00,Decision Tree,15,-1.7226025903213102,-1.65634581041212,2020-03-14 15:00:00,2021-03-14 15:00:00,2021-03-14 15:00:00,365,1
657,2021-03-14 15:00:00,Random Forest,15,-1.7226025903213102,-1.6598515249632877,2020-03-14 15:00:00,2021-03-14 15:00:00,2021-03-14 15:00:00,365,1
658,2021-03-14 15:00:00,Neural Network,15,-1.7226025903213102,-1.4549552122117513,2020-03-14 15:00:00,2021-03-14 15:00:00,2021-03-14 15:00:00,365,1
659,2021-03-14 15:00:00,Naive,15,-1.7226025903213102,-1.8461165129895616,2020-03-14 15:00:00,2021-03-14 15:00:00,2021-03-14 15:00:00,365,1
660,2021-03-15 15:00:00,Decision Tree,15,0.30710194891126436,0.2858299277871127,2020-03-15 15:00:00,2021-03-15 15:00:00,2021-03-15 15:00:00,365,1
661,2021-03-15 15:00:00,Random Forest,15,0.30710194891126436,0.3067870781583598,2020-03-15 15:00:00,2021-03-15 15:00:00,2021-03-15 15:00:00,365,1
662,2021-03-15 15:00:00,Neural Network,15,0.30710194891126436,-0.24262823014930235,2020-03-15 15:00:00,2021-03-15 15:00:00,2021-03-15 15:00:00,365,1
663,2021-03-15 15:00:00,Naive,15,0.30710194891126436,-1.7226025903213102,2020-03-15 15:00:00,2021-03-15 15:00:00,2021-03-15 15:00:00,365,1
664,2021-03-16 15:00:00,Decision Tree,15,1.1047632049568412,0.9795553812738572,2020-03-16 15:00:00,2021-03-16 15:00:00,2021-03-16 15:00:00,365,1
665,2021-03-16 15:00:00,Random Forest,15,1.1047632049568412,1.0473831028848197,2020-03-16 15:00:00,2021-03-16 15:00:00,2021-03-16 15:00:00,365,1
666,2021-03-16 15:00:00,Neural Network,15,1.1047632049568412,0.9052966719758307,2020-03-16 15:00:00,2021-03-16 15:00:00,2021-03-16 15:00:00,365,1
667,2021-03-16 15:00:00,Naive,15,1.1047632049568412,0.30710194891126436,2020-03-16 15:00:00,2021-03-16 15:00:00,2021-03-16 15:00:00,365,1
668,2021-03-17 15:00:00,Decision Tree,15,0.9530286009055898,0.9887579826256324,2020-03-17 15:00:00,2021-03-17 15:00:00,2021-03-17 15:00:00,365,1
669,2021-03-17 15:00:00,Random Forest,15,0.9530286009055898,0.9603835750037651,2020-03-17 15:00:00,2021-03-17 15:00:00,2021-03-17 15:00:00,365,1
670,2021-03-17 15:00:00,Neural Network,15,0.9530286009055898,0.9141277605510242,2020-03-17 15:00:00,2021-03-17 15:00:00,2021-03-17 15:00:00,365,1
671,2021-03-17 15:00:00,Naive,15,0.9530286009055898,1.1047632049568412,2020-03-17 15:00:00,2021-03-17 15:00:00,2021-03-17 15:00:00,365,1
672,2021-03-18 15:00:00,Decision Tree,15,1.4824846113280734,1.6382749668084444,2020-03-18 15:00:00,2021-03-18 15:00:00,2021-03-18 15:00:00,365,1
673,2021-03-18 15:00:00,Random Forest,15,1.4824846113280734,1.5486436304690057,2020-03-18 15:00:00,2021-03-18 15:00:00,2021-03-18 15:00:00,365,1
674,2021-03-18 15:00:00,Neural Network,15,1.4824846113280734,1.323959225726956,2020-03-18 15:00:00,2021-03-18 15:00:00,2021-03-18 15:00:00,365,1
675,2021-03-18 15:00:00,Naive,15,1.4824846113280734,0.9530286009055898,2020-03-18 15:00:00,2021-03-18 15:00:00,2021-03-18 15:00:00,365,1
676,2021-03-19 15:00:00,Decision Tree,15,0.5754728755555237,0.5078564972649166,2020-03-19 15:00:00,2021-03-19 15:00:00,2021-03-19 15:00:00,365,1
677,2021-03-19 15:00:00,Random Forest,15,0.5754728755555237,0.5302519341583666,2020-03-19 15:00:00,2021-03-19 15:00:00,2021-03-19 15:00:00,365,1
678,2021-03-19 15:00:00,Neural Network,15,0.5754728755555237,0.6378553275179163,2020-03-19 15:00:00,2021-03-19 15:00:00,2021-03-19 15:00:00,365,1
679,2021-03-19 15:00:00,Naive,15,0.5754728755555237,1.4824846113280734,2020-03-19 15:00:00,2021-03-19 15:00:00,2021-03-19 15:00:00,365,1
680,2021-03-20 15:00:00,Decision Tree,15,0.6043146096467877,0.5713327897093906,2020-03-20 15:00:00,2021-03-20 15:00:00,2021-03-20 15:00:00,365,1
681,2021-03-20 15:00:00,Random Forest,15,0.6043146096467877,0.550692635875405,2020-03-20 15:00:00,2021-03-20 15:00:00,2021-03-20 15:00:00,365,1
682,2021-03-20 15:00:00,Neural Network,15,0.6043146096467877,0.2984154584227128,2020-03-20 15:00:00,2021-03-20 15:00:00,2021-03-20 15:00:00,365,1
683,2021-03-20 15:00:00,Naive,15,0.6043146096467877,0.5754728755555237,2020-03-20 15:00:00,2021-03-20 15:00:00,2021-03-20 15:00:00,365,1
684,2021-03-21 15:00:00,Decision Tree,15,-0.871126542541929,-0.8149837835428907,2020-03-21 15:00:00,2021-03-21 15:00:00,2021-03-21 15:00:00,365,1
685,2021-03-21 15:00:00,Random Forest,15,-0.871126542541929,-0.8366297802922533,2020-03-21 15:00:00,2021-03-21 15:00:00,2021-03-21 15:00:00,365,1
686,2021-03-21 15:00:00,Neural Network,15,-0.871126542541929,-0.7753376046722908,2020-03-21 15:00:00,2021-03-21 15:00:00,2021-03-21 15:00:00,365,1
687,2021-03-21 15:00:00,Naive,15,-0.871126542541929,0.6043146096467877,2020-03-21 15:00:00,2021-03-21 15:00:00,2021-03-21 15:00:00,365,1
688,2021-03-22 15:00:00,Decision Tree,15,0.9978738037823704,0.9842918099106273,2020-03-22 15:00:00,2021-03-22 15:00:00,2021-03-22 15:00:00,365,1
689,2021-03-22 15:00:00,Random Forest,15,0.9978738037823704,1.000681859669171,2020-03-22 15:00:00,2021-03-22 15:00:00,2021-03-22 15:00:00,365,1
690,2021-03-22 15:00:00,Neural Network,15,0.9978738037823704,0.9695885735599842,2020-03-22 15:00:00,2021-03-22 15:00:00,2021-03-22 15:00:00,365,1
691,2021-03-22 15:00:00,Naive,15,0.9978738037823704,-0.871126542541929,2020-03-22 15:00:00,2021-03-22 15:00:00,2021-03-22 15:00:00,365,1
692,2021-03-23 15:00:00,Decision Tree,15,1.3129004233007733,1.3207206486225798,2020-03-23 15:00:00,2021-03-23 15:00:00,2021-03-23 15:00:00,365,1
693,2021-03-23 15:00:00,Random Forest,15,1.3129004233007733,1.317261068585858,2020-03-23 15:00:00,2021-03-23 15:00:00,2021-03-23 15:00:00,365,1
694,2021-03-23 15:00:00,Neural Network,15,1.3129004233007733,1.191053228833348,2020-03-23 15:00:00,2021-03-23 15:00:00,2021-03-23 15:00:00,365,1
695,2021-03-23 15:00:00,Naive,15,1.3129004233007733,0.9978738037823704,2020-03-23 15:00:00,2021-03-23 15:00:00,2021-03-23 15:00:00,365,1
696,2021-03-24 15:00:00,Decision Tree,15,0.8806230638528085,0.8500590633366801,2020-03-24 15:00:00,2021-03-24 15:00:00,2021-03-24 15:00:00,365,1
697,2021-03-24 15:00:00,Random Forest,15,0.8806230638528085,0.9052157441006052,2020-03-24 15:00:00,2021-03-24 15:00:00,2021-03-24 15:00:00,365,1
698,2021-03-24 15:00:00,Neural Network,15,0.8806230638528085,0.7777743097692739,2020-03-24 15:00:00,2021-03-24 15:00:00,2021-03-24 15:00:00,365,1
699,2021-03-24 15:00:00,Naive,15,0.8806230638528085,1.3129004233007733,2020-03-24 15:00:00,2021-03-24 15:00:00,2021-03-24 15:00:00,365,1
700,2021-03-25 15:00:00,Decision Tree,15,0.8304556403685409,0.8544887290950668,2020-03-25 15:00:00,2021-03-25 15:00:00,2021-03-25 15:00:00,365,1
701,2021-03-25 15:00:00,Random Forest,15,0.8304556403685409,0.8479130974338615,2020-03-25 15:00:00,2021-03-25 15:00:00,2021-03-25 15:00:00,365,1
702,2021-03-25 15:00:00,Neural Network,15,0.8304556403685409,0.7966154834331515,2020-03-25 15:00:00,2021-03-25 15:00:00,2021-03-25 15:00:00,365,1
703,2021-03-25 15:00:00,Naive,15,0.8304556403685409,0.8806230638528085,2020-03-25 15:00:00,2021-03-25 15:00:00,2021-03-25 15:00:00,365,1
704,2021-03-26 15:00:00,Decision Tree,15,0.6608638178730128,0.6367847640060228,2020-03-26 15:00:00,2021-03-26 15:00:00,2021-03-26 15:00:00,365,1
705,2021-03-26 15:00:00,Random Forest,15,0.6608638178730128,0.6407912649114378,2020-03-26 15:00:00,2021-03-26 15:00:00,2021-03-26 15:00:00,365,1
706,2021-03-26 15:00:00,Neural Network,15,0.6608638178730128,0.24161880678075,2020-03-26 15:00:00,2021-03-26 15:00:00,2021-03-26 15:00:00,365,1
707,2021-03-26 15:00:00,Naive,15,0.6608638178730128,0.8304556403685409,2020-03-26 15:00:00,2021-03-26 15:00:00,2021-03-26 15:00:00,365,1
708,2021-03-27 15:00:00,Decision Tree,15,-1.753076688304432,-1.6857751041541023,2020-03-27 15:00:00,2021-03-27 15:00:00,2021-03-27 15:00:00,365,1
709,2021-03-27 15:00:00,Random Forest,15,-1.753076688304432,-1.7148861696223097,2020-03-27 15:00:00,2021-03-27 15:00:00,2021-03-27 15:00:00,365,1
710,2021-03-27 15:00:00,Neural Network,15,-1.753076688304432,-1.8188768529025763,2020-03-27 15:00:00,2021-03-27 15:00:00,2021-03-27 15:00:00,365,1
711,2021-03-27 15:00:00,Naive,15,-1.753076688304432,0.6608638178730128,2020-03-27 15:00:00,2021-03-27 15:00:00,2021-03-27 15:00:00,365,1
712,2021-03-28 15:00:00,Decision Tree,15,-2.4432802160039158,-2.163929968232122,2020-03-28 15:00:00,2021-03-28 15:00:00,2021-03-28 15:00:00,365,1
713,2021-03-28 15:00:00,Random Forest,15,-2.4432802160039158,-2.4121634201416255,2020-03-28 15:00:00,2021-03-28 15:00:00,2021-03-28 15:00:00,365,1
714,2021-03-28 15:00:00,Neural Network,15,-2.4432802160039158,-2.2590955689804537,2020-03-28 15:00:00,2021-03-28 15:00:00,2021-03-28 15:00:00,365,1
715,2021-03-28 15:00:00,Naive,15,-2.4432802160039158,-1.753076688304432,2020-03-28 15:00:00,2021-03-28 15:00:00,2021-03-28 15:00:00,365,1
716,2021-03-29 15:00:00,Decision Tree,15,-1.0595529493375864,-1.0492258223484427,2020-03-29 15:00:00,2021-03-29 15:00:00,2021-03-29 15:00:00,365,1
717,2021-03-29 15:00:00,Random Forest,15,-1.0595529493375864,-1.0451972139517778,2020-03-29 15:00:00,2021-03-29 15:00:00,2021-03-29 15:00:00,365,1
718,2021-03-29 15:00:00,Neural Network,15,-1.0595529493375864,-0.9178020495756732,2020-03-29 15:00:00,2021-03-29 15:00:00,2021-03-29 15:00:00,365,1
719,2021-03-29 15:00:00,Naive,15,-1.0595529493375864,-2.4432802160039158,2020-03-29 15:00:00,2021-03-29 15:00:00,2021-03-29 15:00:00,365,1
720,2021-03-30 15:00:00,Decision Tree,15,0.30352882067527337,0.265175680809001,2020-03-30 15:00:00,2021-03-30 15:00:00,2021-03-30 15:00:00,365,1
721,2021-03-30 15:00:00,Random Forest,15,0.30352882067527337,0.28277558058407287,2020-03-30 15:00:00,2021-03-30 15:00:00,2021-03-30 15:00:00,365,1
722,2021-03-30 15:00:00,Neural Network,15,0.30352882067527337,0.09987037240980642,2020-03-30 15:00:00,2021-03-30 15:00:00,2021-03-30 15:00:00,365,1
723,2021-03-30 15:00:00,Naive,15,0.30352882067527337,-1.0595529493375864,2020-03-30 15:00:00,2021-03-30 15:00:00,2021-03-30 15:00:00,365,1
724,2021-03-31 15:00:00,Decision Tree,15,0.5791668071642214,0.5754555172015652,2020-03-31 15:00:00,2021-03-31 15:00:00,2021-03-31 15:00:00,365,1
725,2021-03-31 15:00:00,Random Forest,15,0.5791668071642214,0.545898714566189,2020-03-31 15:00:00,2021-03-31 15:00:00,2021-03-31 15:00:00,365,1
726,2021-03-31 15:00:00,Neural Network,15,0.5791668071642214,0.6230856846841732,2020-03-31 15:00:00,2021-03-31 15:00:00,2021-03-31 15:00:00,365,1
727,2021-03-31 15:00:00,Naive,15,0.5791668071642214,0.30352882067527337,2020-03-31 15:00:00,2021-03-31 15:00:00,2021-03-31 15:00:00,365,1
728,2021-04-01 15:00:00,Decision Tree,15,0.27448959822526703,0.30044556556582086,2020-04-01 15:00:00,2021-04-01 15:00:00,2021-04-01 15:00:00,365,1
729,2021-04-01 15:00:00,Random Forest,15,0.27448959822526703,0.2901601193911799,2020-04-01 15:00:00,2021-04-01 15:00:00,2021-04-01 15:00:00,365,1
730,2021-04-01 15:00:00,Neural Network,15,0.27448959822526703,-0.23133897780089194,2020-04-01 15:00:00,2021-04-01 15:00:00,2021-04-01 15:00:00,365,1
731,2021-04-01 15:00:00,Naive,15,0.27448959822526703,0.5791668071642214,2020-04-01 15:00:00,2021-04-01 15:00:00,2021-04-01 15:00:00,365,1
732,2021-04-02 15:00:00,Decision Tree,15,-2.1402342777084264,-2.163929968232122,2020-04-02 15:00:00,2021-04-02 15:00:00,2021-04-02 15:00:00,365,1
733,2021-04-02 15:00:00,Random Forest,15,-2.1402342777084264,-2.1425511824019186,2020-04-02 15:00:00,2021-04-02 15:00:00,2021-04-02 15:00:00,365,1
734,2021-04-02 15:00:00,Neural Network,15,-2.1402342777084264,-1.031263124477729,2020-04-02 15:00:00,2021-04-02 15:00:00,2021-04-02 15:00:00,365,1
735,2021-04-02 15:00:00,Naive,15,-2.1402342777084264,0.27448959822526703,2020-04-02 15:00:00,2021-04-02 15:00:00,2021-04-02 15:00:00,365,1
736,2021-04-03 15:00:00,Decision Tree,15,-1.4069547667526952,-1.3473452544982958,2020-04-03 15:00:00,2021-04-03 15:00:00,2021-04-03 15:00:00,365,1
737,2021-04-03 15:00:00,Random Forest,15,-1.4069547667526952,-1.3524879471690276,2020-04-03 15:00:00,2021-04-03 15:00:00,2021-04-03 15:00:00,365,1
738,2021-04-03 15:00:00,Neural Network,15,-1.4069547667526952,-1.0402684741858177,2020-04-03 15:00:00,2021-04-03 15:00:00,2021-04-03 15:00:00,365,1
739,2021-04-03 15:00:00,Naive,15,-1.4069547667526952,-2.1402342777084264,2020-04-03 15:00:00,2021-04-03 15:00:00,2021-04-03 15:00:00,365,1
740,2021-04-04 15:00:00,Decision Tree,15,-1.6947332001788937,-1.6799161739827853,2020-04-04 15:00:00,2021-04-04 15:00:00,2021-04-04 15:00:00,365,1
741,2021-04-04 15:00:00,Random Forest,15,-1.6947332001788937,-1.6585261974686971,2020-04-04 15:00:00,2021-04-04 15:00:00,2021-04-04 15:00:00,365,1
742,2021-04-04 15:00:00,Neural Network,15,-1.6947332001788937,-1.5414342229790134,2020-04-04 15:00:00,2021-04-04 15:00:00,2021-04-04 15:00:00,365,1
743,2021-04-04 15:00:00,Naive,15,-1.6947332001788937,-1.4069547667526952,2020-04-04 15:00:00,2021-04-04 15:00:00,2021-04-04 15:00:00,365,1
744,2021-04-05 15:00:00,Decision Tree,15,-2.5336579751314576,-2.63006232971192,2020-04-05 15:00:00,2021-04-05 15:00:00,2021-04-05 15:00:00,365,1
745,2021-04-05 15:00:00,Random Forest,15,-2.5336579751314576,-2.4316171811005023,2020-04-05 15:00:00,2021-04-05 15:00:00,2021-04-05 15:00:00,365,1
746,2021-04-05 15:00:00,Neural Network,15,-2.5336579751314576,-2.4731869575030916,2020-04-05 15:00:00,2021-04-05 15:00:00,2021-04-05 15:00:00,365,1
747,2021-04-05 15:00:00,Naive,15,-2.5336579751314576,-1.6947332001788937,2020-04-05 15:00:00,2021-04-05 15:00:00,2021-04-05 15:00:00,365,1
748,2021-04-06 15:00:00,Decision Tree,15,-1.1136412519113066,-1.082047047196864,2020-04-06 15:00:00,2021-04-06 15:00:00,2021-04-06 15:00:00,365,1
749,2021-04-06 15:00:00,Random Forest,15,-1.1136412519113066,-1.086528992973111,2020-04-06 15:00:00,2021-04-06 15:00:00,2021-04-06 15:00:00,365,1
750,2021-04-06 15:00:00,Neural Network,15,-1.1136412519113066,-1.15536013546935,2020-04-06 15:00:00,2021-04-06 15:00:00,2021-04-06 15:00:00,365,1
751,2021-04-06 15:00:00,Naive,15,-1.1136412519113066,-2.5336579751314576,2020-04-06 15:00:00,2021-04-06 15:00:00,2021-04-06 15:00:00,365,1
752,2021-04-07 15:00:00,Decision Tree,15,0.30025436385247206,0.2803803383768863,2020-04-07 15:00:00,2021-04-07 15:00:00,2021-04-07 15:00:00,365,1
753,2021-04-07 15:00:00,Random Forest,15,0.30025436385247206,0.29441297056880217,2020-04-07 15:00:00,2021-04-07 15:00:00,2021-04-07 15:00:00,365,1
754,2021-04-07 15:00:00,Neural Network,15,0.30025436385247206,-0.036550678985226605,2020-04-07 15:00:00,2021-04-07 15:00:00,2021-04-07 15:00:00,365,1
755,2021-04-07 15:00:00,Naive,15,0.30025436385247206,-1.1136412519113066,2020-04-07 15:00:00,2021-04-07 15:00:00,2021-04-07 15:00:00,365,1
756,2021-04-08 15:00:00,Decision Tree,15,0.8656217885216776,0.9113973587497952,2020-04-08 15:00:00,2021-04-08 15:00:00,2021-04-08 15:00:00,365,1
757,2021-04-08 15:00:00,Random Forest,15,0.8656217885216776,0.9004990661277377,2020-04-08 15:00:00,2021-04-08 15:00:00,2021-04-08 15:00:00,365,1
758,2021-04-08 15:00:00,Neural Network,15,0.8656217885216776,0.5330636476157645,2020-04-08 15:00:00,2021-04-08 15:00:00,2021-04-08 15:00:00,365,1
759,2021-04-08 15:00:00,Naive,15,0.8656217885216776,0.30025436385247206,2020-04-08 15:00:00,2021-04-08 15:00:00,2021-04-08 15:00:00,365,1
760,2021-04-09 15:00:00,Decision Tree,15,0.7277676182383367,0.7175680188721865,2020-04-09 15:00:00,2021-04-09 15:00:00,2021-04-09 15:00:00,365,1
761,2021-04-09 15:00:00,Random Forest,15,0.7277676182383367,0.7298592424774513,2020-04-09 15:00:00,2021-04-09 15:00:00,2021-04-09 15:00:00,365,1
762,2021-04-09 15:00:00,Neural Network,15,0.7277676182383367,0.04501441408736248,2020-04-09 15:00:00,2021-04-09 15:00:00,2021-04-09 15:00:00,365,1
763,2021-04-09 15:00:00,Naive,15,0.7277676182383367,0.8656217885216776,2020-04-09 15:00:00,2021-04-09 15:00:00,2021-04-09 15:00:00,365,1
764,2021-04-10 15:00:00,Decision Tree,15,0.9143431261677759,0.9858009203408208,2020-04-10 15:00:00,2021-04-10 15:00:00,2021-04-10 15:00:00,365,1
765,2021-04-10 15:00:00,Random Forest,15,0.9143431261677759,0.9452257608820716,2020-04-10 15:00:00,2021-04-10 15:00:00,2021-04-10 15:00:00,365,1
766,2021-04-10 15:00:00,Neural Network,15,0.9143431261677759,0.6522393012269361,2020-04-10 15:00:00,2021-04-10 15:00:00,2021-04-10 15:00:00,365,1
767,2021-04-10 15:00:00,Naive,15,0.9143431261677759,0.7277676182383367,2020-04-10 15:00:00,2021-04-10 15:00:00,2021-04-10 15:00:00,365,1
768,2021-04-11 15:00:00,Decision Tree,15,0.3992632175474865,0.37319961333914237,2020-04-11 15:00:00,2021-04-11 15:00:00,2021-04-11 15:00:00,365,1
769,2021-04-11 15:00:00,Random Forest,15,0.3992632175474865,0.38292287786868084,2020-04-11 15:00:00,2021-04-11 15:00:00,2021-04-11 15:00:00,365,1
770,2021-04-11 15:00:00,Neural Network,15,0.3992632175474865,0.09913231501651802,2020-04-11 15:00:00,2021-04-11 15:00:00,2021-04-11 15:00:00,365,1
771,2021-04-11 15:00:00,Naive,15,0.3992632175474865,0.9143431261677759,2020-04-11 15:00:00,2021-04-11 15:00:00,2021-04-11 15:00:00,365,1
772,2021-04-12 15:00:00,Decision Tree,15,0.8018347912459373,0.8475071485536217,2020-04-12 15:00:00,2021-04-12 15:00:00,2021-04-12 15:00:00,365,1
773,2021-04-12 15:00:00,Random Forest,15,0.8018347912459373,0.8352449446327154,2020-04-12 15:00:00,2021-04-12 15:00:00,2021-04-12 15:00:00,365,1
774,2021-04-12 15:00:00,Neural Network,15,0.8018347912459373,0.8880685529639311,2020-04-12 15:00:00,2021-04-12 15:00:00,2021-04-12 15:00:00,365,1
775,2021-04-12 15:00:00,Naive,15,0.8018347912459373,0.3992632175474865,2020-04-12 15:00:00,2021-04-12 15:00:00,2021-04-12 15:00:00,365,1
776,2021-04-13 15:00:00,Decision Tree,15,0.4931134575335102,0.4890091128163726,2020-04-13 15:00:00,2021-04-13 15:00:00,2021-04-13 15:00:00,365,1
777,2021-04-13 15:00:00,Random Forest,15,0.4931134575335102,0.5083232377227169,2020-04-13 15:00:00,2021-04-13 15:00:00,2021-04-13 15:00:00,365,1
778,2021-04-13 15:00:00,Neural Network,15,0.4931134575335102,0.2128791442032692,2020-04-13 15:00:00,2021-04-13 15:00:00,2021-04-13 15:00:00,365,1
779,2021-04-13 15:00:00,Naive,15,0.4931134575335102,0.8018347912459373,2020-04-13 15:00:00,2021-04-13 15:00:00,2021-04-13 15:00:00,365,1
780,2021-04-14 15:00:00,Decision Tree,15,1.0435126680818416,0.9811786375663752,2020-04-14 15:00:00,2021-04-14 15:00:00,2021-04-14 15:00:00,365,1
781,2021-04-14 15:00:00,Random Forest,15,1.0435126680818416,1.0550855525561034,2020-04-14 15:00:00,2021-04-14 15:00:00,2021-04-14 15:00:00,365,1
782,2021-04-14 15:00:00,Neural Network,15,1.0435126680818416,0.9988030031387446,2020-04-14 15:00:00,2021-04-14 15:00:00,2021-04-14 15:00:00,365,1
783,2021-04-14 15:00:00,Naive,15,1.0435126680818416,0.4931134575335102,2020-04-14 15:00:00,2021-04-14 15:00:00,2021-04-14 15:00:00,365,1
784,2021-04-15 15:00:00,Decision Tree,15,0.9006020267734044,0.9374065825586012,2020-04-15 15:00:00,2021-04-15 15:00:00,2021-04-15 15:00:00,365,1
785,2021-04-15 15:00:00,Random Forest,15,0.9006020267734044,0.9313445272324443,2020-04-15 15:00:00,2021-04-15 15:00:00,2021-04-15 15:00:00,365,1
786,2021-04-15 15:00:00,Neural Network,15,0.9006020267734044,0.9161302258711516,2020-04-15 15:00:00,2021-04-15 15:00:00,2021-04-15 15:00:00,365,1
787,2021-04-15 15:00:00,Naive,15,0.9006020267734044,1.0435126680818416,2020-04-15 15:00:00,2021-04-15 15:00:00,2021-04-15 15:00:00,365,1
788,2021-04-16 15:00:00,Decision Tree,15,1.097086179068859,1.1809274535451297,2020-04-16 15:00:00,2021-04-16 15:00:00,2021-04-16 15:00:00,365,1
789,2021-04-16 15:00:00,Random Forest,15,1.097086179068859,1.1604410910100742,2020-04-16 15:00:00,2021-04-16 15:00:00,2021-04-16 15:00:00,365,1
790,2021-04-16 15:00:00,Neural Network,15,1.097086179068859,1.0874879161087694,2020-04-16 15:00:00,2021-04-16 15:00:00,2021-04-16 15:00:00,365,1
791,2021-04-16 15:00:00,Naive,15,1.097086179068859,0.9006020267734044,2020-04-16 15:00:00,2021-04-16 15:00:00,2021-04-16 15:00:00,365,1
792,2021-04-17 15:00:00,Decision Tree,15,0.8737194899043,0.9321487888750017,2020-04-17 15:00:00,2021-04-17 15:00:00,2021-04-17 15:00:00,365,1
793,2021-04-17 15:00:00,Random Forest,15,0.8737194899043,0.9186587573771703,2020-04-17 15:00:00,2021-04-17 15:00:00,2021-04-17 15:00:00,365,1
794,2021-04-17 15:00:00,Neural Network,15,0.8737194899043,0.6210554218043428,2020-04-17 15:00:00,2021-04-17 15:00:00,2021-04-17 15:00:00,365,1
795,2021-04-17 15:00:00,Naive,15,0.8737194899043,1.097086179068859,2020-04-17 15:00:00,2021-04-17 15:00:00,2021-04-17 15:00:00,365,1
796,2021-04-18 15:00:00,Decision Tree,15,0.8514094890455647,0.8276498443119198,2020-04-18 15:00:00,2021-04-18 15:00:00,2021-04-18 15:00:00,365,1
797,2021-04-18 15:00:00,Random Forest,15,0.8514094890455647,0.8718420837546625,2020-04-18 15:00:00,2021-04-18 15:00:00,2021-04-18 15:00:00,365,1
798,2021-04-18 15:00:00,Neural Network,15,0.8514094890455647,0.6603175132681096,2020-04-18 15:00:00,2021-04-18 15:00:00,2021-04-18 15:00:00,365,1
799,2021-04-18 15:00:00,Naive,15,0.8514094890455647,0.8737194899043,2020-04-18 15:00:00,2021-04-18 15:00:00,2021-04-18 15:00:00,365,1
800,2021-04-19 15:00:00,Decision Tree,15,1.3328763369187404,1.3544040248413507,2020-04-19 15:00:00,2021-04-19 15:00:00,2021-04-19 15:00:00,365,1
801,2021-04-19 15:00:00,Random Forest,15,1.3328763369187404,1.3750004668222384,2020-04-19 15:00:00,2021-04-19 15:00:00,2021-04-19 15:00:00,365,1
802,2021-04-19 15:00:00,Neural Network,15,1.3328763369187404,1.042029355895373,2020-04-19 15:00:00,2021-04-19 15:00:00,2021-04-19 15:00:00,365,1
803,2021-04-19 15:00:00,Naive,15,1.3328763369187404,0.8514094890455647,2020-04-19 15:00:00,2021-04-19 15:00:00,2021-04-19 15:00:00,365,1
804,2021-04-20 15:00:00,Decision Tree,15,1.2116196747189918,1.2915549827106978,2020-04-20 15:00:00,2021-04-20 15:00:00,2021-04-20 15:00:00,365,1
805,2021-04-20 15:00:00,Random Forest,15,1.2116196747189918,1.2725611388707676,2020-04-20 15:00:00,2021-04-20 15:00:00,2021-04-20 15:00:00,365,1
806,2021-04-20 15:00:00,Neural Network,15,1.2116196747189918,1.3202854200661143,2020-04-20 15:00:00,2021-04-20 15:00:00,2021-04-20 15:00:00,365,1
807,2021-04-20 15:00:00,Naive,15,1.2116196747189918,1.3328763369187404,2020-04-20 15:00:00,2021-04-20 15:00:00,2021-04-20 15:00:00,365,1
808,2021-04-21 15:00:00,Decision Tree,15,0.4042476834637276,0.3775435473738664,2020-04-21 15:00:00,2021-04-21 15:00:00,2021-04-21 15:00:00,365,1
809,2021-04-21 15:00:00,Random Forest,15,0.4042476834637276,0.40638694879290793,2020-04-21 15:00:00,2021-04-21 15:00:00,2021-04-21 15:00:00,365,1
810,2021-04-21 15:00:00,Neural Network,15,0.4042476834637276,0.2948884620062784,2020-04-21 15:00:00,2021-04-21 15:00:00,2021-04-21 15:00:00,365,1
811,2021-04-21 15:00:00,Naive,15,0.4042476834637276,1.2116196747189918,2020-04-21 15:00:00,2021-04-21 15:00:00,2021-04-21 15:00:00,365,1
812,2021-04-22 15:00:00,Decision Tree,15,-1.6375661539708255,-1.6252590854335254,2020-04-22 15:00:00,2021-04-22 15:00:00,2021-04-22 15:00:00,365,1
813,2021-04-22 15:00:00,Random Forest,15,-1.6375661539708255,-1.637993961697534,2020-04-22 15:00:00,2021-04-22 15:00:00,2021-04-22 15:00:00,365,1
814,2021-04-22 15:00:00,Neural Network,15,-1.6375661539708255,-1.4513629754803707,2020-04-22 15:00:00,2021-04-22 15:00:00,2021-04-22 15:00:00,365,1
815,2021-04-22 15:00:00,Naive,15,-1.6375661539708255,0.4042476834637276,2020-04-22 15:00:00,2021-04-22 15:00:00,2021-04-22 15:00:00,365,1
816,2021-04-23 15:00:00,Decision Tree,15,0.29415496591311374,0.28448928019801983,2020-04-23 15:00:00,2021-04-23 15:00:00,2021-04-23 15:00:00,365,1
817,2021-04-23 15:00:00,Random Forest,15,0.29415496591311374,0.3205030087953729,2020-04-23 15:00:00,2021-04-23 15:00:00,2021-04-23 15:00:00,365,1
818,2021-04-23 15:00:00,Neural Network,15,0.29415496591311374,-0.04433055916744544,2020-04-23 15:00:00,2021-04-23 15:00:00,2021-04-23 15:00:00,365,1
819,2021-04-23 15:00:00,Naive,15,0.29415496591311374,-1.6375661539708255,2020-04-23 15:00:00,2021-04-23 15:00:00,2021-04-23 15:00:00,365,1
820,2021-04-24 15:00:00,Decision Tree,15,-1.001945963343031,-0.9553278360753504,2020-04-24 15:00:00,2021-04-24 15:00:00,2021-04-24 15:00:00,365,1
821,2021-04-24 15:00:00,Random Forest,15,-1.001945963343031,-0.9922315763735063,2020-04-24 15:00:00,2021-04-24 15:00:00,2021-04-24 15:00:00,365,1
822,2021-04-24 15:00:00,Neural Network,15,-1.001945963343031,-0.7087782831029658,2020-04-24 15:00:00,2021-04-24 15:00:00,2021-04-24 15:00:00,365,1
823,2021-04-24 15:00:00,Naive,15,-1.001945963343031,0.29415496591311374,2020-04-24 15:00:00,2021-04-24 15:00:00,2021-04-24 15:00:00,365,1
824,2021-04-25 15:00:00,Decision Tree,15,-1.7556135865010372,-1.6743422959543017,2020-04-25 15:00:00,2021-04-25 15:00:00,2021-04-25 15:00:00,365,1
825,2021-04-25 15:00:00,Random Forest,15,-1.7556135865010372,-1.7201158395895046,2020-04-25 15:00:00,2021-04-25 15:00:00,2021-04-25 15:00:00,365,1
826,2021-04-25 15:00:00,Neural Network,15,-1.7556135865010372,-1.5013745498316984,2020-04-25 15:00:00,2021-04-25 15:00:00,2021-04-25 15:00:00,365,1
827,2021-04-25 15:00:00,Naive,15,-1.7556135865010372,-1.001945963343031,2020-04-25 15:00:00,2021-04-25 15:00:00,2021-04-25 15:00:00,365,1
828,2021-04-26 15:00:00,Decision Tree,15,0.8418408847246331,0.924845126503664,2020-04-26 15:00:00,2021-04-26 15:00:00,2021-04-26 15:00:00,365,1
829,2021-04-26 15:00:00,Random Forest,15,0.8418408847246331,0.8706338671161272,2020-04-26 15:00:00,2021-04-26 15:00:00,2021-04-26 15:00:00,365,1
830,2021-04-26 15:00:00,Neural Network,15,0.8418408847246331,0.7478962546387472,2020-04-26 15:00:00,2021-04-26 15:00:00,2021-04-26 15:00:00,365,1
831,2021-04-26 15:00:00,Naive,15,0.8418408847246331,-1.7556135865010372,2020-04-26 15:00:00,2021-04-26 15:00:00,2021-04-26 15:00:00,365,1
832,2021-04-27 15:00:00,Decision Tree,15,0.7354319962061229,0.708723806473955,2020-04-27 15:00:00,2021-04-27 15:00:00,2021-04-27 15:00:00,365,1
833,2021-04-27 15:00:00,Random Forest,15,0.7354319962061229,0.7732052506382371,2020-04-27 15:00:00,2021-04-27 15:00:00,2021-04-27 15:00:00,365,1
834,2021-04-27 15:00:00,Neural Network,15,0.7354319962061229,0.596165220894367,2020-04-27 15:00:00,2021-04-27 15:00:00,2021-04-27 15:00:00,365,1
835,2021-04-27 15:00:00,Naive,15,0.7354319962061229,0.8418408847246331,2020-04-27 15:00:00,2021-04-27 15:00:00,2021-04-27 15:00:00,365,1
836,2021-04-28 15:00:00,Decision Tree,15,1.0793117808873844,1.1403151429218779,2020-04-28 15:00:00,2021-04-28 15:00:00,2021-04-28 15:00:00,365,1
837,2021-04-28 15:00:00,Random Forest,15,1.0793117808873844,1.1352907465790765,2020-04-28 15:00:00,2021-04-28 15:00:00,2021-04-28 15:00:00,365,1
838,2021-04-28 15:00:00,Neural Network,15,1.0793117808873844,1.0595232641142118,2020-04-28 15:00:00,2021-04-28 15:00:00,2021-04-28 15:00:00,365,1
839,2021-04-28 15:00:00,Naive,15,1.0793117808873844,0.7354319962061229,2020-04-28 15:00:00,2021-04-28 15:00:00,2021-04-28 15:00:00,365,1
840,2021-04-29 15:00:00,Decision Tree,15,0.6026306420660187,0.6397946457393966,2020-04-29 15:00:00,2021-04-29 15:00:00,2021-04-29 15:00:00,365,1
841,2021-04-29 15:00:00,Random Forest,15,0.6026306420660187,0.6520766453214858,2020-04-29 15:00:00,2021-04-29 15:00:00,2021-04-29 15:00:00,365,1
842,2021-04-29 15:00:00,Neural Network,15,0.6026306420660187,0.38358813713710593,2020-04-29 15:00:00,2021-04-29 15:00:00,2021-04-29 15:00:00,365,1
843,2021-04-29 15:00:00,Naive,15,0.6026306420660187,1.0793117808873844,2020-04-29 15:00:00,2021-04-29 15:00:00,2021-04-29 15:00:00,365,1
844,2021-04-30 15:00:00,Decision Tree,15,1.2597851904057138,1.3517130638510242,2020-04-30 15:00:00,2021-04-30 15:00:00,2021-04-30 15:00:00,365,1
845,2021-04-30 15:00:00,Random Forest,15,1.2597851904057138,1.3165709072032252,2020-04-30 15:00:00,2021-04-30 15:00:00,2021-04-30 15:00:00,365,1
846,2021-04-30 15:00:00,Neural Network,15,1.2597851904057138,1.3402382672283892,2020-04-30 15:00:00,2021-04-30 15:00:00,2021-04-30 15:00:00,365,1
847,2021-04-30 15:00:00,Naive,15,1.2597851904057138,0.6026306420660187,2020-04-30 15:00:00,2021-04-30 15:00:00,2021-04-30 15:00:00,365,1
848,2021-05-01 15:00:00,Decision Tree,15,0.6290134544728433,0.7210759659596974,2020-05-01 15:00:00,2021-05-01 15:00:00,2021-05-01 15:00:00,365,1
849,2021-05-01 15:00:00,Random Forest,15,0.6290134544728433,0.6971515349735643,2020-05-01 15:00:00,2021-05-01 15:00:00,2021-05-01 15:00:00,365,1
850,2021-05-01 15:00:00,Neural Network,15,0.6290134544728433,0.0693127757369959,2020-05-01 15:00:00,2021-05-01 15:00:00,2021-05-01 15:00:00,365,1
851,2021-05-01 15:00:00,Naive,15,0.6290134544728433,1.2597851904057138,2020-05-01 15:00:00,2021-05-01 15:00:00,2021-05-01 15:00:00,365,1
852,2021-05-02 15:00:00,Decision Tree,15,-1.658331385323735,-1.6881072473570522,2020-05-02 15:00:00,2021-05-02 15:00:00,2021-05-02 15:00:00,365,1
853,2021-05-02 15:00:00,Random Forest,15,-1.658331385323735,-1.6772899806613004,2020-05-02 15:00:00,2021-05-02 15:00:00,2021-05-02 15:00:00,365,1
854,2021-05-02 15:00:00,Neural Network,15,-1.658331385323735,-1.5736719873472351,2020-05-02 15:00:00,2021-05-02 15:00:00,2021-05-02 15:00:00,365,1
855,2021-05-02 15:00:00,Naive,15,-1.658331385323735,0.6290134544728433,2020-05-02 15:00:00,2021-05-02 15:00:00,2021-05-02 15:00:00,365,1
856,2021-05-03 15:00:00,Decision Tree,15,0.8717920246790286,0.997867874643227,2020-05-03 15:00:00,2021-05-03 15:00:00,2021-05-03 15:00:00,365,1
857,2021-05-03 15:00:00,Random Forest,15,0.8717920246790286,0.9387326604772606,2020-05-03 15:00:00,2021-05-03 15:00:00,2021-05-03 15:00:00,365,1
858,2021-05-03 15:00:00,Neural Network,15,0.8717920246790286,0.5854511912987441,2020-05-03 15:00:00,2021-05-03 15:00:00,2021-05-03 15:00:00,365,1
859,2021-05-03 15:00:00,Naive,15,0.8717920246790286,-1.658331385323735,2020-05-03 15:00:00,2021-05-03 15:00:00,2021-05-03 15:00:00,365,1
860,2021-05-04 15:00:00,Decision Tree,15,-1.6318189962048486,-1.6273102635230756,2020-05-04 15:00:00,2021-05-04 15:00:00,2021-05-04 15:00:00,365,1
861,2021-05-04 15:00:00,Random Forest,15,-1.6318189962048486,-1.6422708087151434,2020-05-04 15:00:00,2021-05-04 15:00:00,2021-05-04 15:00:00,365,1
862,2021-05-04 15:00:00,Neural Network,15,-1.6318189962048486,-1.6166739905162704,2020-05-04 15:00:00,2021-05-04 15:00:00,2021-05-04 15:00:00,365,1
863,2021-05-04 15:00:00,Naive,15,-1.6318189962048486,0.8717920246790286,2020-05-04 15:00:00,2021-05-04 15:00:00,2021-05-04 15:00:00,365,1
864,2021-05-05 15:00:00,Decision Tree,15,-2.232161456713799,-2.413030555989025,2020-05-05 15:00:00,2021-05-05 15:00:00,2021-05-05 15:00:00,365,1
865,2021-05-05 15:00:00,Random Forest,15,-2.232161456713799,-2.2719251549585455,2020-05-05 15:00:00,2021-05-05 15:00:00,2021-05-05 15:00:00,365,1
866,2021-05-05 15:00:00,Neural Network,15,-2.232161456713799,-2.1652886749751574,2020-05-05 15:00:00,2021-05-05 15:00:00,2021-05-05 15:00:00,365,1
867,2021-05-05 15:00:00,Naive,15,-2.232161456713799,-1.6318189962048486,2020-05-05 15:00:00,2021-05-05 15:00:00,2021-05-05 15:00:00,365,1
868,2021-05-06 15:00:00,Decision Tree,15,1.3890102353947846,1.6209649273106255,2020-05-06 15:00:00,2021-05-06 15:00:00,2021-05-06 15:00:00,365,1
869,2021-05-06 15:00:00,Random Forest,15,1.3890102353947846,1.5109888577871577,2020-05-06 15:00:00,2021-05-06 15:00:00,2021-05-06 15:00:00,365,1
870,2021-05-06 15:00:00,Neural Network,15,1.3890102353947846,1.156021019497065,2020-05-06 15:00:00,2021-05-06 15:00:00,2021-05-06 15:00:00,365,1
871,2021-05-06 15:00:00,Naive,15,1.3890102353947846,-2.232161456713799,2020-05-06 15:00:00,2021-05-06 15:00:00,2021-05-06 15:00:00,365,1
872,2021-05-07 15:00:00,Decision Tree,15,0.9671883491568504,1.0589178084717124,2020-05-07 15:00:00,2021-05-07 15:00:00,2021-05-07 15:00:00,365,1
873,2021-05-07 15:00:00,Random Forest,15,0.9671883491568504,1.0393528044761213,2020-05-07 15:00:00,2021-05-07 15:00:00,2021-05-07 15:00:00,365,1
874,2021-05-07 15:00:00,Neural Network,15,0.9671883491568504,0.5017181800776598,2020-05-07 15:00:00,2021-05-07 15:00:00,2021-05-07 15:00:00,365,1
875,2021-05-07 15:00:00,Naive,15,0.9671883491568504,1.3890102353947846,2020-05-07 15:00:00,2021-05-07 15:00:00,2021-05-07 15:00:00,365,1
876,2021-05-08 15:00:00,Decision Tree,15,-1.0393186672826025,-1.0634570095723106,2020-05-08 15:00:00,2021-05-08 15:00:00,2021-05-08 15:00:00,365,1
877,2021-05-08 15:00:00,Random Forest,15,-1.0393186672826025,-1.0561389422199148,2020-05-08 15:00:00,2021-05-08 15:00:00,2021-05-08 15:00:00,365,1
878,2021-05-08 15:00:00,Neural Network,15,-1.0393186672826025,-0.8773227426852063,2020-05-08 15:00:00,2021-05-08 15:00:00,2021-05-08 15:00:00,365,1
879,2021-05-08 15:00:00,Naive,15,-1.0393186672826025,0.9671883491568504,2020-05-08 15:00:00,2021-05-08 15:00:00,2021-05-08 15:00:00,365,1
880,2021-05-09 15:00:00,Decision Tree,15,-2.529321708805806,-2.392933989402889,2020-05-09 15:00:00,2021-05-09 15:00:00,2021-05-09 15:00:00,365,1
881,2021-05-09 15:00:00,Random Forest,15,-2.529321708805806,-2.472341207441343,2020-05-09 15:00:00,2021-05-09 15:00:00,2021-05-09 15:00:00,365,1
882,2021-05-09 15:00:00,Neural Network,15,-2.529321708805806,-2.8892939930498924,2020-05-09 15:00:00,2021-05-09 15:00:00,2021-05-09 15:00:00,365,1
883,2021-05-09 15:00:00,Naive,15,-2.529321708805806,-1.0393186672826025,2020-05-09 15:00:00,2021-05-09 15:00:00,2021-05-09 15:00:00,365,1
884,2021-05-10 15:00:00,Decision Tree,15,1.0092378068233023,1.1192328028726761,2020-05-10 15:00:00,2021-05-10 15:00:00,2021-05-10 15:00:00,365,1
885,2021-05-10 15:00:00,Random Forest,15,1.0092378068233023,1.1030984432689719,2020-05-10 15:00:00,2021-05-10 15:00:00,2021-05-10 15:00:00,365,1
886,2021-05-10 15:00:00,Neural Network,15,1.0092378068233023,0.9540823761654117,2020-05-10 15:00:00,2021-05-10 15:00:00,2021-05-10 15:00:00,365,1
887,2021-05-10 15:00:00,Naive,15,1.0092378068233023,-2.529321708805806,2020-05-10 15:00:00,2021-05-10 15:00:00,2021-05-10 15:00:00,365,1
888,2021-05-11 15:00:00,Decision Tree,15,1.345984456319805,1.4053106967078814,2020-05-11 15:00:00,2021-05-11 15:00:00,2021-05-11 15:00:00,365,1
889,2021-05-11 15:00:00,Random Forest,15,1.345984456319805,1.4204825350849488,2020-05-11 15:00:00,2021-05-11 15:00:00,2021-05-11 15:00:00,365,1
890,2021-05-11 15:00:00,Neural Network,15,1.345984456319805,1.388536885249997,2020-05-11 15:00:00,2021-05-11 15:00:00,2021-05-11 15:00:00,365,1
891,2021-05-11 15:00:00,Naive,15,1.345984456319805,1.0092378068233023,2020-05-11 15:00:00,2021-05-11 15:00:00,2021-05-11 15:00:00,365,1
892,2021-05-12 15:00:00,Decision Tree,15,1.2731166162754717,1.3954229899765354,2020-05-12 15:00:00,2021-05-12 15:00:00,2021-05-12 15:00:00,365,1
893,2021-05-12 15:00:00,Random Forest,15,1.2731166162754717,1.3576439773447666,2020-05-12 15:00:00,2021-05-12 15:00:00,2021-05-12 15:00:00,365,1
894,2021-05-12 15:00:00,Neural Network,15,1.2731166162754717,1.2847892257099665,2020-05-12 15:00:00,2021-05-12 15:00:00,2021-05-12 15:00:00,365,1
895,2021-05-12 15:00:00,Naive,15,1.2731166162754717,1.345984456319805,2020-05-12 15:00:00,2021-05-12 15:00:00,2021-05-12 15:00:00,365,1
896,2021-05-13 15:00:00,Decision Tree,15,0.7465827268793922,0.8255414350664498,2020-05-13 15:00:00,2021-05-13 15:00:00,2021-05-13 15:00:00,365,1
897,2021-05-13 15:00:00,Random Forest,15,0.7465827268793922,0.8476350847440728,2020-05-13 15:00:00,2021-05-13 15:00:00,2021-05-13 15:00:00,365,1
898,2021-05-13 15:00:00,Neural Network,15,0.7465827268793922,0.4359177019529753,2020-05-13 15:00:00,2021-05-13 15:00:00,2021-05-13 15:00:00,365,1
899,2021-05-13 15:00:00,Naive,15,0.7465827268793922,1.2731166162754717,2020-05-13 15:00:00,2021-05-13 15:00:00,2021-05-13 15:00:00,365,1
900,2021-05-14 15:00:00,Decision Tree,15,1.2694375179944302,1.2900946299575862,2020-05-14 15:00:00,2021-05-14 15:00:00,2021-05-14 15:00:00,365,1
901,2021-05-14 15:00:00,Random Forest,15,1.2694375179944302,1.318650147615878,2020-05-14 15:00:00,2021-05-14 15:00:00,2021-05-14 15:00:00,365,1
902,2021-05-14 15:00:00,Neural Network,15,1.2694375179944302,0.8299998113352595,2020-05-14 15:00:00,2021-05-14 15:00:00,2021-05-14 15:00:00,365,1
903,2021-05-14 15:00:00,Naive,15,1.2694375179944302,0.7465827268793922,2020-05-14 15:00:00,2021-05-14 15:00:00,2021-05-14 15:00:00,365,1
904,2021-05-15 15:00:00,Decision Tree,15,0.7270631355779741,0.814261619611156,2020-05-15 15:00:00,2021-05-15 15:00:00,2021-05-15 15:00:00,365,1
905,2021-05-15 15:00:00,Random Forest,15,0.7270631355779741,0.7908756982356473,2020-05-15 15:00:00,2021-05-15 15:00:00,2021-05-15 15:00:00,365,1
906,2021-05-15 15:00:00,Neural Network,15,0.7270631355779741,0.5614489743446825,2020-05-15 15:00:00,2021-05-15 15:00:00,2021-05-15 15:00:00,365,1
907,2021-05-15 15:00:00,Naive,15,0.7270631355779741,1.2694375179944302,2020-05-15 15:00:00,2021-05-15 15:00:00,2021-05-15 15:00:00,365,1
908,2021-05-16 15:00:00,Decision Tree,15,-1.6085077200394249,-1.6032613146134214,2020-05-16 15:00:00,2021-05-16 15:00:00,2021-05-16 15:00:00,365,1
909,2021-05-16 15:00:00,Random Forest,15,-1.6085077200394249,-1.634877687805327,2020-05-16 15:00:00,2021-05-16 15:00:00,2021-05-16 15:00:00,365,1
910,2021-05-16 15:00:00,Neural Network,15,-1.6085077200394249,-1.2068011731988642,2020-05-16 15:00:00,2021-05-16 15:00:00,2021-05-16 15:00:00,365,1
911,2021-05-16 15:00:00,Naive,15,-1.6085077200394249,0.7270631355779741,2020-05-16 15:00:00,2021-05-16 15:00:00,2021-05-16 15:00:00,365,1
912,2021-05-17 15:00:00,Decision Tree,15,1.290684168660032,1.3932721562471477,2020-05-17 15:00:00,2021-05-17 15:00:00,2021-05-17 15:00:00,365,1
913,2021-05-17 15:00:00,Random Forest,15,1.290684168660032,1.3400353036166315,2020-05-17 15:00:00,2021-05-17 15:00:00,2021-05-17 15:00:00,365,1
914,2021-05-17 15:00:00,Neural Network,15,1.290684168660032,1.3988125018851736,2020-05-17 15:00:00,2021-05-17 15:00:00,2021-05-17 15:00:00,365,1
915,2021-05-17 15:00:00,Naive,15,1.290684168660032,-1.6085077200394249,2020-05-17 15:00:00,2021-05-17 15:00:00,2021-05-17 15:00:00,365,1
916,2021-05-18 15:00:00,Decision Tree,15,1.3276527550978676,1.2860662347348926,2020-05-18 15:00:00,2021-05-18 15:00:00,2021-05-18 15:00:00,365,1
917,2021-05-18 15:00:00,Random Forest,15,1.3276527550978676,1.3593156176238321,2020-05-18 15:00:00,2021-05-18 15:00:00,2021-05-18 15:00:00,365,1
918,2021-05-18 15:00:00,Neural Network,15,1.3276527550978676,1.4160497550604636,2020-05-18 15:00:00,2021-05-18 15:00:00,2021-05-18 15:00:00,365,1
919,2021-05-18 15:00:00,Naive,15,1.3276527550978676,1.290684168660032,2020-05-18 15:00:00,2021-05-18 15:00:00,2021-05-18 15:00:00,365,1
920,2021-05-19 15:00:00,Decision Tree,15,1.3764505406967855,1.6382749668084444,2020-05-19 15:00:00,2021-05-19 15:00:00,2021-05-19 15:00:00,365,1
921,2021-05-19 15:00:00,Random Forest,15,1.3764505406967855,1.4797314264871961,2020-05-19 15:00:00,2021-05-19 15:00:00,2021-05-19 15:00:00,365,1
922,2021-05-19 15:00:00,Neural Network,15,1.3764505406967855,1.4907268029433147,2020-05-19 15:00:00,2021-05-19 15:00:00,2021-05-19 15:00:00,365,1
923,2021-05-19 15:00:00,Naive,15,1.3764505406967855,1.3276527550978676,2020-05-19 15:00:00,2021-05-19 15:00:00,2021-05-19 15:00:00,365,1
924,2021-05-20 15:00:00,Decision Tree,15,1.101094762777492,1.2406657472128928,2020-05-20 15:00:00,2021-05-20 15:00:00,2021-05-20 15:00:00,365,1
925,2021-05-20 15:00:00,Random Forest,15,1.101094762777492,1.2191610258588481,2020-05-20 15:00:00,2021-05-20 15:00:00,2021-05-20 15:00:00,365,1
926,2021-05-20 15:00:00,Neural Network,15,1.101094762777492,1.1282163219282648,2020-05-20 15:00:00,2021-05-20 15:00:00,2021-05-20 15:00:00,365,1
927,2021-05-20 15:00:00,Naive,15,1.101094762777492,1.3764505406967855,2020-05-20 15:00:00,2021-05-20 15:00:00,2021-05-20 15:00:00,365,1
928,2021-05-21 15:00:00,Decision Tree,15,-1.76561665319356,-1.7779934979401322,2020-05-21 15:00:00,2021-05-21 15:00:00,2021-05-21 15:00:00,365,1
929,2021-05-21 15:00:00,Random Forest,15,-1.76561665319356,-1.8121028105032295,2020-05-21 15:00:00,2021-05-21 15:00:00,2021-05-21 15:00:00,365,1
930,2021-05-21 15:00:00,Neural Network,15,-1.76561665319356,-1.6813128581471404,2020-05-21 15:00:00,2021-05-21 15:00:00,2021-05-21 15:00:00,365,1
931,2021-05-21 15:00:00,Naive,15,-1.76561665319356,1.101094762777492,2020-05-21 15:00:00,2021-05-21 15:00:00,2021-05-21 15:00:00,365,1
932,2021-05-22 15:00:00,Decision Tree,15,-2.5956687308822453,-2.568459577255852,2020-05-22 15:00:00,2021-05-22 15:00:00,2021-05-22 15:00:00,365,1
933,2021-05-22 15:00:00,Random Forest,15,-2.5956687308822453,-2.5575988326254935,2020-05-22 15:00:00,2021-05-22 15:00:00,2021-05-22 15:00:00,365,1
934,2021-05-22 15:00:00,Neural Network,15,-2.5956687308822453,-2.6515065830630045,2020-05-22 15:00:00,2021-05-22 15:00:00,2021-05-22 15:00:00,365,1
935,2021-05-22 15:00:00,Naive,15,-2.5956687308822453,-1.76561665319356,2020-05-22 15:00:00,2021-05-22 15:00:00,2021-05-22 15:00:00,365,1
936,2021-05-23 15:00:00,Decision Tree,15,-2.1213198777095403,-2.24468594543051,2020-05-23 15:00:00,2021-05-23 15:00:00,2021-05-23 15:00:00,365,1
937,2021-05-23 15:00:00,Random Forest,15,-2.1213198777095403,-2.2360418130169415,2020-05-23 15:00:00,2021-05-23 15:00:00,2021-05-23 15:00:00,365,1
938,2021-05-23 15:00:00,Neural Network,15,-2.1213198777095403,-2.1615373494695502,2020-05-23 15:00:00,2021-05-23 15:00:00,2021-05-23 15:00:00,365,1
939,2021-05-23 15:00:00,Naive,15,-2.1213198777095403,-2.5956687308822453,2020-05-23 15:00:00,2021-05-23 15:00:00,2021-05-23 15:00:00,365,1
940,2021-05-24 15:00:00,Decision Tree,15,-1.1053667741080793,-1.1415047102352995,2020-05-24 15:00:00,2021-05-24 15:00:00,2021-05-24 15:00:00,365,1
941,2021-05-24 15:00:00,Random Forest,15,-1.1053667741080793,-1.1413237884803054,2020-05-24 15:00:00,2021-05-24 15:00:00,2021-05-24 15:00:00,365,1
942,2021-05-24 15:00:00,Neural Network,15,-1.1053667741080793,-1.1603222221403258,2020-05-24 15:00:00,2021-05-24 15:00:00,2021-05-24 15:00:00,365,1
943,2021-05-24 15:00:00,Naive,15,-1.1053667741080793,-2.1213198777095403,2020-05-24 15:00:00,2021-05-24 15:00:00,2021-05-24 15:00:00,365,1
944,2021-05-25 15:00:00,Decision Tree,15,0.27515260615522774,0.39824164625110176,2020-05-25 15:00:00,2021-05-25 15:00:00,2021-05-25 15:00:00,365,1
945,2021-05-25 15:00:00,Random Forest,15,0.27515260615522774,0.3422484786803522,2020-05-25 15:00:00,2021-05-25 15:00:00,2021-05-25 15:00:00,365,1
946,2021-05-25 15:00:00,Neural Network,15,0.27515260615522774,0.12541424082734434,2020-05-25 15:00:00,2021-05-25 15:00:00,2021-05-25 15:00:00,365,1
947,2021-05-25 15:00:00,Naive,15,0.27515260615522774,-1.1053667741080793,2020-05-25 15:00:00,2021-05-25 15:00:00,2021-05-25 15:00:00,365,1
948,2021-05-26 15:00:00,Decision Tree,15,0.9908559925589225,1.051395019996606,2020-05-26 15:00:00,2021-05-26 15:00:00,2021-05-26 15:00:00,365,1
949,2021-05-26 15:00:00,Random Forest,15,0.9908559925589225,1.120522880850791,2020-05-26 15:00:00,2021-05-26 15:00:00,2021-05-26 15:00:00,365,1
950,2021-05-26 15:00:00,Neural Network,15,0.9908559925589225,0.8496605168209117,2020-05-26 15:00:00,2021-05-26 15:00:00,2021-05-26 15:00:00,365,1
951,2021-05-26 15:00:00,Naive,15,0.9908559925589225,0.27515260615522774,2020-05-26 15:00:00,2021-05-26 15:00:00,2021-05-26 15:00:00,365,1
952,2021-05-27 15:00:00,Decision Tree,15,1.2587534890519159,1.274114290606239,2020-05-27 15:00:00,2021-05-27 15:00:00,2021-05-27 15:00:00,365,1
953,2021-05-27 15:00:00,Random Forest,15,1.2587534890519159,1.313871674855976,2020-05-27 15:00:00,2021-05-27 15:00:00,2021-05-27 15:00:00,365,1
954,2021-05-27 15:00:00,Neural Network,15,1.2587534890519159,1.2416532523692996,2020-05-27 15:00:00,2021-05-27 15:00:00,2021-05-27 15:00:00,365,1
955,2021-05-27 15:00:00,Naive,15,1.2587534890519159,0.9908559925589225,2020-05-27 15:00:00,2021-05-27 15:00:00,2021-05-27 15:00:00,365,1
956,2021-05-28 15:00:00,Decision Tree,15,1.240005150535745,1.2715541570138518,2020-05-28 15:00:00,2021-05-28 15:00:00,2021-05-28 15:00:00,365,1
957,2021-05-28 15:00:00,Random Forest,15,1.240005150535745,1.2786079993289814,2020-05-28 15:00:00,2021-05-28 15:00:00,2021-05-28 15:00:00,365,1
958,2021-05-28 15:00:00,Neural Network,15,1.240005150535745,1.215992731641354,2020-05-28 15:00:00,2021-05-28 15:00:00,2021-05-28 15:00:00,365,1
959,2021-05-28 15:00:00,Naive,15,1.240005150535745,1.2587534890519159,2020-05-28 15:00:00,2021-05-28 15:00:00,2021-05-28 15:00:00,365,1
960,2021-05-29 15:00:00,Decision Tree,15,-1.110929087208822,-1.129741537341575,2020-05-29 15:00:00,2021-05-29 15:00:00,2021-05-29 15:00:00,365,1
961,2021-05-29 15:00:00,Random Forest,15,-1.110929087208822,-1.1403580333805554,2020-05-29 15:00:00,2021-05-29 15:00:00,2021-05-29 15:00:00,365,1
962,2021-05-29 15:00:00,Neural Network,15,-1.110929087208822,-0.8789852284544282,2020-05-29 15:00:00,2021-05-29 15:00:00,2021-05-29 15:00:00,365,1
963,2021-05-29 15:00:00,Naive,15,-1.110929087208822,1.240005150535745,2020-05-29 15:00:00,2021-05-29 15:00:00,2021-05-29 15:00:00,365,1
964,2021-05-30 15:00:00,Decision Tree,15,-1.8376877613307283,-1.7766182929682908,2020-05-30 15:00:00,2021-05-30 15:00:00,2021-05-30 15:00:00,365,1
965,2021-05-30 15:00:00,Random Forest,15,-1.8376877613307283,-1.8556282452138357,2020-05-30 15:00:00,2021-05-30 15:00:00,2021-05-30 15:00:00,365,1
966,2021-05-30 15:00:00,Neural Network,15,-1.8376877613307283,-1.6262903145375271,2020-05-30 15:00:00,2021-05-30 15:00:00,2021-05-30 15:00:00,365,1
967,2021-05-30 15:00:00,Naive,15,-1.8376877613307283,-1.110929087208822,2020-05-30 15:00:00,2021-05-30 15:00:00,2021-05-30 15:00:00,365,1
968,2021-05-31 15:00:00,Decision Tree,15,1.0282362426065568,1.1622188858075697,2020-05-31 15:00:00,2021-05-31 15:00:00,2021-05-31 15:00:00,365,1
969,2021-05-31 15:00:00,Random Forest,15,1.0282362426065568,1.113022462202041,2020-05-31 15:00:00,2021-05-31 15:00:00,2021-05-31 15:00:00,365,1
970,2021-05-31 15:00:00,Neural Network,15,1.0282362426065568,1.0901297163326176,2020-05-31 15:00:00,2021-05-31 15:00:00,2021-05-31 15:00:00,365,1
971,2021-05-31 15:00:00,Naive,15,1.0282362426065568,-1.8376877613307283,2020-05-31 15:00:00,2021-05-31 15:00:00,2021-05-31 15:00:00,365,1
972,2021-06-01 15:00:00,Decision Tree,15,1.1140401116200993,1.1953267231506242,2020-06-01 15:00:00,2021-06-01 15:00:00,2021-06-01 15:00:00,365,1
973,2021-06-01 15:00:00,Random Forest,15,1.1140401116200993,1.2236060762985213,2020-06-01 15:00:00,2021-06-01 15:00:00,2021-06-01 15:00:00,365,1
974,2021-06-01 15:00:00,Neural Network,15,1.1140401116200993,1.0738448464194688,2020-06-01 15:00:00,2021-06-01 15:00:00,2021-06-01 15:00:00,365,1
975,2021-06-01 15:00:00,Naive,15,1.1140401116200993,1.0282362426065568,2020-06-01 15:00:00,2021-06-01 15:00:00,2021-06-01 15:00:00,365,1
976,2021-06-02 15:00:00,Decision Tree,15,0.9860141887510092,1.0563425923420984,2020-06-02 15:00:00,2021-06-02 15:00:00,2021-06-02 15:00:00,365,1
977,2021-06-02 15:00:00,Random Forest,15,0.9860141887510092,1.0667866923735478,2020-06-02 15:00:00,2021-06-02 15:00:00,2021-06-02 15:00:00,365,1
978,2021-06-02 15:00:00,Neural Network,15,0.9860141887510092,0.82587868897866,2020-06-02 15:00:00,2021-06-02 15:00:00,2021-06-02 15:00:00,365,1
979,2021-06-02 15:00:00,Naive,15,0.9860141887510092,1.1140401116200993,2020-06-02 15:00:00,2021-06-02 15:00:00,2021-06-02 15:00:00,365,1
980,2021-06-03 15:00:00,Decision Tree,15,1.1887879354825708,1.267047156088408,2020-06-03 15:00:00,2021-06-03 15:00:00,2021-06-03 15:00:00,365,1
981,2021-06-03 15:00:00,Random Forest,15,1.1887879354825708,1.271337926398965,2020-06-03 15:00:00,2021-06-03 15:00:00,2021-06-03 15:00:00,365,1
982,2021-06-03 15:00:00,Neural Network,15,1.1887879354825708,1.0583497120269298,2020-06-03 15:00:00,2021-06-03 15:00:00,2021-06-03 15:00:00,365,1
983,2021-06-03 15:00:00,Naive,15,1.1887879354825708,0.9860141887510092,2020-06-03 15:00:00,2021-06-03 15:00:00,2021-06-03 15:00:00,365,1
984,2021-06-04 15:00:00,Decision Tree,15,1.348299458923146,1.609906188692437,2020-06-04 15:00:00,2021-06-04 15:00:00,2021-06-04 15:00:00,365,1
985,2021-06-04 15:00:00,Random Forest,15,1.348299458923146,1.494348980108269,2020-06-04 15:00:00,2021-06-04 15:00:00,2021-06-04 15:00:00,365,1
986,2021-06-04 15:00:00,Neural Network,15,1.348299458923146,1.4524641417521698,2020-06-04 15:00:00,2021-06-04 15:00:00,2021-06-04 15:00:00,365,1
987,2021-06-04 15:00:00,Naive,15,1.348299458923146,1.1887879354825708,2020-06-04 15:00:00,2021-06-04 15:00:00,2021-06-04 15:00:00,365,1
988,2021-06-05 15:00:00,Decision Tree,15,0.9700967776075976,1.0280476278273798,2020-06-05 15:00:00,2021-06-05 15:00:00,2021-06-05 15:00:00,365,1
989,2021-06-05 15:00:00,Random Forest,15,0.9700967776075976,1.0442724034692767,2020-06-05 15:00:00,2021-06-05 15:00:00,2021-06-05 15:00:00,365,1
990,2021-06-05 15:00:00,Neural Network,15,0.9700967776075976,0.8880653225709721,2020-06-05 15:00:00,2021-06-05 15:00:00,2021-06-05 15:00:00,365,1
991,2021-06-05 15:00:00,Naive,15,0.9700967776075976,1.348299458923146,2020-06-05 15:00:00,2021-06-05 15:00:00,2021-06-05 15:00:00,365,1
992,2021-06-06 15:00:00,Decision Tree,15,0.6704995469758926,0.7217412070283946,2020-06-06 15:00:00,2021-06-06 15:00:00,2021-06-06 15:00:00,365,1
993,2021-06-06 15:00:00,Random Forest,15,0.6704995469758926,0.7610093583282143,2020-06-06 15:00:00,2021-06-06 15:00:00,2021-06-06 15:00:00,365,1
994,2021-06-06 15:00:00,Neural Network,15,0.6704995469758926,0.5719854021096875,2020-06-06 15:00:00,2021-06-06 15:00:00,2021-06-06 15:00:00,365,1
995,2021-06-06 15:00:00,Naive,15,0.6704995469758926,0.9700967776075976,2020-06-06 15:00:00,2021-06-06 15:00:00,2021-06-06 15:00:00,365,1
996,2021-06-07 15:00:00,Decision Tree,15,1.6905392504033911,1.8469598294194516,2020-06-07 15:00:00,2021-06-07 15:00:00,2021-06-07 15:00:00,365,1
997,2021-06-07 15:00:00,Random Forest,15,1.6905392504033911,1.893460418139249,2020-06-07 15:00:00,2021-06-07 15:00:00,2021-06-07 15:00:00,365,1
998,2021-06-07 15:00:00,Neural Network,15,1.6905392504033911,1.8444273996769414,2020-06-07 15:00:00,2021-06-07 15:00:00,2021-06-07 15:00:00,365,1
999,2021-06-07 15:00:00,Naive,15,1.6905392504033911,0.6704995469758926,2020-06-07 15:00:00,2021-06-07 15:00:00,2021-06-07 15:00:00,365,1
1000,2021-06-08 15:00:00,Decision Tree,15,1.4593740389301002,1.609906188692437,2020-06-08 15:00:00,2021-06-08 15:00:00,2021-06-08 15:00:00,365,1
1001,2021-06-08 15:00:00,Random Forest,15,1.4593740389301002,1.6550249552408274,2020-06-08 15:00:00,2021-06-08 15:00:00,2021-06-08 15:00:00,365,1
1002,2021-06-08 15:00:00,Neural Network,15,1.4593740389301002,1.6283689760000746,2020-06-08 15:00:00,2021-06-08 15:00:00,2021-06-08 15:00:00,365,1
1003,2021-06-08 15:00:00,Naive,15,1.4593740389301002,1.6905392504033911,2020-06-08 15:00:00,2021-06-08 15:00:00,2021-06-08 15:00:00,365,1
1004,2021-06-09 15:00:00,Decision Tree,15,1.5606350586024593,1.753401911263386,2020-06-09 15:00:00,2021-06-09 15:00:00,2021-06-09 15:00:00,365,1
1005,2021-06-09 15:00:00,Random Forest,15,1.5606350586024593,1.729289715993122,2020-06-09 15:00:00,2021-06-09 15:00:00,2021-06-09 15:00:00,365,1
1006,2021-06-09 15:00:00,Neural Network,15,1.5606350586024593,1.9260719793097207,2020-06-09 15:00:00,2021-06-09 15:00:00,2021-06-09 15:00:00,365,1
1007,2021-06-09 15:00:00,Naive,15,1.5606350586024593,1.4593740389301002,2020-06-09 15:00:00,2021-06-09 15:00:00,2021-06-09 15:00:00,365,1
1008,2021-06-10 15:00:00,Decision Tree,15,1.401565088915786,1.5805416844591544,2020-06-10 15:00:00,2021-06-10 15:00:00,2021-06-10 15:00:00,365,1
1009,2021-06-10 15:00:00,Random Forest,15,1.401565088915786,1.5487395302733304,2020-06-10 15:00:00,2021-06-10 15:00:00,2021-06-10 15:00:00,365,1
1010,2021-06-10 15:00:00,Neural Network,15,1.401565088915786,1.5994015204991168,2020-06-10 15:00:00,2021-06-10 15:00:00,2021-06-10 15:00:00,365,1
1011,2021-06-10 15:00:00,Naive,15,1.401565088915786,1.5606350586024593,2020-06-10 15:00:00,2021-06-10 15:00:00,2021-06-10 15:00:00,365,1
1012,2021-06-11 15:00:00,Decision Tree,15,1.3567443211367154,1.5403031801905505,2020-06-11 15:00:00,2021-06-11 15:00:00,2021-06-11 15:00:00,365,1
1013,2021-06-11 15:00:00,Random Forest,15,1.3567443211367154,1.439392647317089,2020-06-11 15:00:00,2021-06-11 15:00:00,2021-06-11 15:00:00,365,1
1014,2021-06-11 15:00:00,Neural Network,15,1.3567443211367154,1.286344686984242,2020-06-11 15:00:00,2021-06-11 15:00:00,2021-06-11 15:00:00,365,1
1015,2021-06-11 15:00:00,Naive,15,1.3567443211367154,1.401565088915786,2020-06-11 15:00:00,2021-06-11 15:00:00,2021-06-11 15:00:00,365,1
1016,2021-06-12 15:00:00,Decision Tree,15,-2.104570889807223,-2.1802938777716347,2020-06-12 15:00:00,2021-06-12 15:00:00,2021-06-12 15:00:00,365,1
1017,2021-06-12 15:00:00,Random Forest,15,-2.104570889807223,-2.2279095417669925,2020-06-12 15:00:00,2021-06-12 15:00:00,2021-06-12 15:00:00,365,1
1018,2021-06-12 15:00:00,Neural Network,15,-2.104570889807223,-2.1406276291169357,2020-06-12 15:00:00,2021-06-12 15:00:00,2021-06-12 15:00:00,365,1
1019,2021-06-12 15:00:00,Naive,15,-2.104570889807223,1.3567443211367154,2020-06-12 15:00:00,2021-06-12 15:00:00,2021-06-12 15:00:00,365,1
1020,2021-06-13 15:00:00,Decision Tree,15,-2.0190742001266413,-2.167673379777566,2020-06-13 15:00:00,2021-06-13 15:00:00,2021-06-13 15:00:00,365,1
1021,2021-06-13 15:00:00,Random Forest,15,-2.0190742001266413,-2.1602775647102703,2020-06-13 15:00:00,2021-06-13 15:00:00,2021-06-13 15:00:00,365,1
1022,2021-06-13 15:00:00,Neural Network,15,-2.0190742001266413,-2.057505626565497,2020-06-13 15:00:00,2021-06-13 15:00:00,2021-06-13 15:00:00,365,1
1023,2021-06-13 15:00:00,Naive,15,-2.0190742001266413,-2.104570889807223,2020-06-13 15:00:00,2021-06-13 15:00:00,2021-06-13 15:00:00,365,1
1024,2021-06-14 15:00:00,Decision Tree,15,1.178049332694011,1.2572647535126784,2020-06-14 15:00:00,2021-06-14 15:00:00,2021-06-14 15:00:00,365,1
1025,2021-06-14 15:00:00,Random Forest,15,1.178049332694011,1.2459613130568035,2020-06-14 15:00:00,2021-06-14 15:00:00,2021-06-14 15:00:00,365,1
1026,2021-06-14 15:00:00,Neural Network,15,1.178049332694011,1.1172076613779862,2020-06-14 15:00:00,2021-06-14 15:00:00,2021-06-14 15:00:00,365,1
1027,2021-06-14 15:00:00,Naive,15,1.178049332694011,-2.0190742001266413,2020-06-14 15:00:00,2021-06-14 15:00:00,2021-06-14 15:00:00,365,1
1028,2021-06-15 15:00:00,Decision Tree,15,1.5729193493304654,1.721274102486565,2020-06-15 15:00:00,2021-06-15 15:00:00,2021-06-15 15:00:00,365,1
1029,2021-06-15 15:00:00,Random Forest,15,1.5729193493304654,1.6850732554191272,2020-06-15 15:00:00,2021-06-15 15:00:00,2021-06-15 15:00:00,365,1
1030,2021-06-15 15:00:00,Neural Network,15,1.5729193493304654,1.8885642064523245,2020-06-15 15:00:00,2021-06-15 15:00:00,2021-06-15 15:00:00,365,1
1031,2021-06-15 15:00:00,Naive,15,1.5729193493304654,1.178049332694011,2020-06-15 15:00:00,2021-06-15 15:00:00,2021-06-15 15:00:00,365,1
1032,2021-06-16 15:00:00,Decision Tree,15,1.7552223001713736,2.051664621142672,2020-06-16 15:00:00,2021-06-16 15:00:00,2021-06-16 15:00:00,365,1
1033,2021-06-16 15:00:00,Random Forest,15,1.7552223001713736,1.9163601888479405,2020-06-16 15:00:00,2021-06-16 15:00:00,2021-06-16 15:00:00,365,1
1034,2021-06-16 15:00:00,Neural Network,15,1.7552223001713736,2.0760739223932307,2020-06-16 15:00:00,2021-06-16 15:00:00,2021-06-16 15:00:00,365,1
1035,2021-06-16 15:00:00,Naive,15,1.7552223001713736,1.5729193493304654,2020-06-16 15:00:00,2021-06-16 15:00:00,2021-06-16 15:00:00,365,1
1036,2021-06-17 15:00:00,Decision Tree,15,1.177556300167793,1.1587183634586329,2020-06-17 15:00:00,2021-06-17 15:00:00,2021-06-17 15:00:00,365,1
1037,2021-06-17 15:00:00,Random Forest,15,1.177556300167793,1.2231389051442656,2020-06-17 15:00:00,2021-06-17 15:00:00,2021-06-17 15:00:00,365,1
1038,2021-06-17 15:00:00,Neural Network,15,1.177556300167793,1.2097138181559415,2020-06-17 15:00:00,2021-06-17 15:00:00,2021-06-17 15:00:00,365,1
1039,2021-06-17 15:00:00,Naive,15,1.177556300167793,1.7552223001713736,2020-06-17 15:00:00,2021-06-17 15:00:00,2021-06-17 15:00:00,365,1
1040,2021-06-18 15:00:00,Decision Tree,15,1.4189050124120302,1.523594796520889,2020-06-18 15:00:00,2021-06-18 15:00:00,2021-06-18 15:00:00,365,1
1041,2021-06-18 15:00:00,Random Forest,15,1.4189050124120302,1.5279158078587434,2020-06-18 15:00:00,2021-06-18 15:00:00,2021-06-18 15:00:00,365,1
1042,2021-06-18 15:00:00,Neural Network,15,1.4189050124120302,1.4617193700324307,2020-06-18 15:00:00,2021-06-18 15:00:00,2021-06-18 15:00:00,365,1
1043,2021-06-18 15:00:00,Naive,15,1.4189050124120302,1.177556300167793,2020-06-18 15:00:00,2021-06-18 15:00:00,2021-06-18 15:00:00,365,1
1044,2021-06-19 15:00:00,Decision Tree,15,1.1585749307980977,1.1618580195768262,2020-06-19 15:00:00,2021-06-19 15:00:00,2021-06-19 15:00:00,365,1
1045,2021-06-19 15:00:00,Random Forest,15,1.1585749307980977,1.1917149174101935,2020-06-19 15:00:00,2021-06-19 15:00:00,2021-06-19 15:00:00,365,1
1046,2021-06-19 15:00:00,Neural Network,15,1.1585749307980977,0.7751653602055691,2020-06-19 15:00:00,2021-06-19 15:00:00,2021-06-19 15:00:00,365,1
1047,2021-06-19 15:00:00,Naive,15,1.1585749307980977,1.4189050124120302,2020-06-19 15:00:00,2021-06-19 15:00:00,2021-06-19 15:00:00,365,1
1048,2021-06-20 15:00:00,Decision Tree,15,-0.5853712099014529,-0.5819726637175942,2020-06-20 15:00:00,2021-06-20 15:00:00,2021-06-20 15:00:00,365,1
1049,2021-06-20 15:00:00,Random Forest,15,-0.5853712099014529,-0.5924398498983156,2020-06-20 15:00:00,2021-06-20 15:00:00,2021-06-20 15:00:00,365,1
1050,2021-06-20 15:00:00,Neural Network,15,-0.5853712099014529,-0.6578042171797395,2020-06-20 15:00:00,2021-06-20 15:00:00,2021-06-20 15:00:00,365,1
1051,2021-06-20 15:00:00,Naive,15,-0.5853712099014529,1.1585749307980977,2020-06-20 15:00:00,2021-06-20 15:00:00,2021-06-20 15:00:00,365,1
1052,2021-06-21 15:00:00,Decision Tree,15,1.527842217562632,1.4826797096381683,2020-06-21 15:00:00,2021-06-21 15:00:00,2021-06-21 15:00:00,365,1
1053,2021-06-21 15:00:00,Random Forest,15,1.527842217562632,1.6520647302114757,2020-06-21 15:00:00,2021-06-21 15:00:00,2021-06-21 15:00:00,365,1
1054,2021-06-21 15:00:00,Neural Network,15,1.527842217562632,1.6695121844734058,2020-06-21 15:00:00,2021-06-21 15:00:00,2021-06-21 15:00:00,365,1
1055,2021-06-21 15:00:00,Naive,15,1.527842217562632,-0.5853712099014529,2020-06-21 15:00:00,2021-06-21 15:00:00,2021-06-21 15:00:00,365,1
1056,2021-06-22 15:00:00,Decision Tree,15,1.7499064955630272,1.8768450965841814,2020-06-22 15:00:00,2021-06-22 15:00:00,2021-06-22 15:00:00,365,1
1057,2021-06-22 15:00:00,Random Forest,15,1.7499064955630272,1.8362825066161073,2020-06-22 15:00:00,2021-06-22 15:00:00,2021-06-22 15:00:00,365,1
1058,2021-06-22 15:00:00,Neural Network,15,1.7499064955630272,1.8365782066883376,2020-06-22 15:00:00,2021-06-22 15:00:00,2021-06-22 15:00:00,365,1
1059,2021-06-22 15:00:00,Naive,15,1.7499064955630272,1.527842217562632,2020-06-22 15:00:00,2021-06-22 15:00:00,2021-06-22 15:00:00,365,1
1060,2021-06-23 15:00:00,Decision Tree,15,1.7022503234171034,1.8371805477834682,2020-06-23 15:00:00,2021-06-23 15:00:00,2021-06-23 15:00:00,365,1
1061,2021-06-23 15:00:00,Random Forest,15,1.7022503234171034,1.785309736739922,2020-06-23 15:00:00,2021-06-23 15:00:00,2021-06-23 15:00:00,365,1
1062,2021-06-23 15:00:00,Neural Network,15,1.7022503234171034,0.566605381777279,2020-06-23 15:00:00,2021-06-23 15:00:00,2021-06-23 15:00:00,365,1
1063,2021-06-23 15:00:00,Naive,15,1.7022503234171034,1.7499064955630272,2020-06-23 15:00:00,2021-06-23 15:00:00,2021-06-23 15:00:00,365,1
1064,2021-06-24 15:00:00,Decision Tree,15,1.8103372076739133,2.167195681506904,2020-06-24 15:00:00,2021-06-24 15:00:00,2021-06-24 15:00:00,365,1
1065,2021-06-24 15:00:00,Random Forest,15,1.8103372076739133,1.9223379945950956,2020-06-24 15:00:00,2021-06-24 15:00:00,2021-06-24 15:00:00,365,1
1066,2021-06-24 15:00:00,Neural Network,15,1.8103372076739133,2.099619841271769,2020-06-24 15:00:00,2021-06-24 15:00:00,2021-06-24 15:00:00,365,1
1067,2021-06-24 15:00:00,Naive,15,1.8103372076739133,1.7022503234171034,2020-06-24 15:00:00,2021-06-24 15:00:00,2021-06-24 15:00:00,365,1
1068,2021-06-25 15:00:00,Decision Tree,15,1.6824788007834512,1.7416511154457617,2020-06-25 15:00:00,2021-06-25 15:00:00,2021-06-25 15:00:00,365,1
1069,2021-06-25 15:00:00,Random Forest,15,1.6824788007834512,1.7525750655926482,2020-06-25 15:00:00,2021-06-25 15:00:00,2021-06-25 15:00:00,365,1
1070,2021-06-25 15:00:00,Neural Network,15,1.6824788007834512,1.8777217192110178,2020-06-25 15:00:00,2021-06-25 15:00:00,2021-06-25 15:00:00,365,1
1071,2021-06-25 15:00:00,Naive,15,1.6824788007834512,1.8103372076739133,2020-06-25 15:00:00,2021-06-25 15:00:00,2021-06-25 15:00:00,365,1
1072,2021-06-26 15:00:00,Decision Tree,15,1.3124294706979305,1.3596314622498598,2020-06-26 15:00:00,2021-06-26 15:00:00,2021-06-26 15:00:00,365,1
1073,2021-06-26 15:00:00,Random Forest,15,1.3124294706979305,1.3686276225407263,2020-06-26 15:00:00,2021-06-26 15:00:00,2021-06-26 15:00:00,365,1
1074,2021-06-26 15:00:00,Neural Network,15,1.3124294706979305,1.2207670731346312,2020-06-26 15:00:00,2021-06-26 15:00:00,2021-06-26 15:00:00,365,1
1075,2021-06-26 15:00:00,Naive,15,1.3124294706979305,1.6824788007834512,2020-06-26 15:00:00,2021-06-26 15:00:00,2021-06-26 15:00:00,365,1
1076,2021-06-27 15:00:00,Decision Tree,15,-0.574959302332624,-0.6147183626159526,2020-06-27 15:00:00,2021-06-27 15:00:00,2021-06-27 15:00:00,365,1
1077,2021-06-27 15:00:00,Random Forest,15,-0.574959302332624,-0.5826380305938664,2020-06-27 15:00:00,2021-06-27 15:00:00,2021-06-27 15:00:00,365,1
1078,2021-06-27 15:00:00,Neural Network,15,-0.574959302332624,-0.4071364276490404,2020-06-27 15:00:00,2021-06-27 15:00:00,2021-06-27 15:00:00,365,1
1079,2021-06-27 15:00:00,Naive,15,-0.574959302332624,1.3124294706979305,2020-06-27 15:00:00,2021-06-27 15:00:00,2021-06-27 15:00:00,365,1
1080,2021-06-28 15:00:00,Decision Tree,15,1.7277350363441937,1.7160794340676695,2020-06-28 15:00:00,2021-06-28 15:00:00,2021-06-28 15:00:00,365,1
1081,2021-06-28 15:00:00,Random Forest,15,1.7277350363441937,1.693761363379101,2020-06-28 15:00:00,2021-06-28 15:00:00,2021-06-28 15:00:00,365,1
1082,2021-06-28 15:00:00,Neural Network,15,1.7277350363441937,1.936738391760619,2020-06-28 15:00:00,2021-06-28 15:00:00,2021-06-28 15:00:00,365,1
1083,2021-06-28 15:00:00,Naive,15,1.7277350363441937,-0.574959302332624,2020-06-28 15:00:00,2021-06-28 15:00:00,2021-06-28 15:00:00,365,1
1084,2021-06-29 15:00:00,Decision Tree,15,1.8689327038040902,2.107719269201405,2020-06-29 15:00:00,2021-06-29 15:00:00,2021-06-29 15:00:00,365,1
1085,2021-06-29 15:00:00,Random Forest,15,1.8689327038040902,1.929621976711038,2020-06-29 15:00:00,2021-06-29 15:00:00,2021-06-29 15:00:00,365,1
1086,2021-06-29 15:00:00,Neural Network,15,1.8689327038040902,2.0118390740960392,2020-06-29 15:00:00,2021-06-29 15:00:00,2021-06-29 15:00:00,365,1
1087,2021-06-29 15:00:00,Naive,15,1.8689327038040902,1.7277350363441937,2020-06-29 15:00:00,2021-06-29 15:00:00,2021-06-29 15:00:00,365,1
1088,2021-06-30 15:00:00,Decision Tree,15,1.848071368894715,2.0736069027160746,2020-06-30 15:00:00,2021-06-30 15:00:00,2021-06-30 15:00:00,365,1
1089,2021-06-30 15:00:00,Random Forest,15,1.848071368894715,1.8535846365814321,2020-06-30 15:00:00,2021-06-30 15:00:00,2021-06-30 15:00:00,365,1
1090,2021-06-30 15:00:00,Neural Network,15,1.848071368894715,2.0021040254704343,2020-06-30 15:00:00,2021-06-30 15:00:00,2021-06-30 15:00:00,365,1
1091,2021-06-30 15:00:00,Naive,15,1.848071368894715,1.8689327038040902,2020-06-30 15:00:00,2021-06-30 15:00:00,2021-06-30 15:00:00,365,1
1092,2021-07-01 15:00:00,Decision Tree,15,1.7999627703206627,1.8956906103536775,2020-07-01 15:00:00,2021-07-01 15:00:00,2021-07-01 15:00:00,365,1
1093,2021-07-01 15:00:00,Random Forest,15,1.7999627703206627,1.8366120406515722,2020-07-01 15:00:00,2021-07-01 15:00:00,2021-07-01 15:00:00,365,1
1094,2021-07-01 15:00:00,Neural Network,15,1.7999627703206627,1.7244551728352078,2020-07-01 15:00:00,2021-07-01 15:00:00,2021-07-01 15:00:00,365,1
1095,2021-07-01 15:00:00,Naive,15,1.7999627703206627,1.848071368894715,2020-07-01 15:00:00,2021-07-01 15:00:00,2021-07-01 15:00:00,365,1
1096,2021-07-02 15:00:00,Decision Tree,15,1.7456691980869994,1.71802203444709,2020-07-02 15:00:00,2021-07-02 15:00:00,2021-07-02 15:00:00,365,1
1097,2021-07-02 15:00:00,Random Forest,15,1.7456691980869994,1.7118891063446529,2020-07-02 15:00:00,2021-07-02 15:00:00,2021-07-02 15:00:00,365,1
1098,2021-07-02 15:00:00,Neural Network,15,1.7456691980869994,1.8418597501469223,2020-07-02 15:00:00,2021-07-02 15:00:00,2021-07-02 15:00:00,365,1
1099,2021-07-02 15:00:00,Naive,15,1.7456691980869994,1.7999627703206627,2020-07-02 15:00:00,2021-07-02 15:00:00,2021-07-02 15:00:00,365,1
1100,2021-07-03 15:00:00,Decision Tree,15,1.52169195602429,1.4902067942922457,2020-07-03 15:00:00,2021-07-03 15:00:00,2021-07-03 15:00:00,365,1
1101,2021-07-03 15:00:00,Random Forest,15,1.52169195602429,1.5610319336582292,2020-07-03 15:00:00,2021-07-03 15:00:00,2021-07-03 15:00:00,365,1
1102,2021-07-03 15:00:00,Neural Network,15,1.52169195602429,1.5184588768811669,2020-07-03 15:00:00,2021-07-03 15:00:00,2021-07-03 15:00:00,365,1
1103,2021-07-03 15:00:00,Naive,15,1.52169195602429,1.7456691980869994,2020-07-03 15:00:00,2021-07-03 15:00:00,2021-07-03 15:00:00,365,1
1104,2021-07-04 15:00:00,Decision Tree,15,1.412935157688183,1.4947046745396804,2020-07-04 15:00:00,2021-07-04 15:00:00,2021-07-04 15:00:00,365,1
1105,2021-07-04 15:00:00,Random Forest,15,1.412935157688183,1.5091621206748875,2020-07-04 15:00:00,2021-07-04 15:00:00,2021-07-04 15:00:00,365,1
1106,2021-07-04 15:00:00,Neural Network,15,1.412935157688183,1.337662935451897,2020-07-04 15:00:00,2021-07-04 15:00:00,2021-07-04 15:00:00,365,1
1107,2021-07-04 15:00:00,Naive,15,1.412935157688183,1.52169195602429,2020-07-04 15:00:00,2021-07-04 15:00:00,2021-07-04 15:00:00,365,1
1108,2021-07-05 15:00:00,Decision Tree,15,1.7606306452448368,1.7219716292527913,2020-07-05 15:00:00,2021-07-05 15:00:00,2021-07-05 15:00:00,365,1
1109,2021-07-05 15:00:00,Random Forest,15,1.7606306452448368,1.7744168544794698,2020-07-05 15:00:00,2021-07-05 15:00:00,2021-07-05 15:00:00,365,1
1110,2021-07-05 15:00:00,Neural Network,15,1.7606306452448368,1.8892306384204596,2020-07-05 15:00:00,2021-07-05 15:00:00,2021-07-05 15:00:00,365,1
1111,2021-07-05 15:00:00,Naive,15,1.7606306452448368,1.412935157688183,2020-07-05 15:00:00,2021-07-05 15:00:00,2021-07-05 15:00:00,365,1
1112,2021-07-06 15:00:00,Decision Tree,15,1.2087023743059973,1.3517644636578716,2020-07-06 15:00:00,2021-07-06 15:00:00,2021-07-06 15:00:00,365,1
1113,2021-07-06 15:00:00,Random Forest,15,1.2087023743059973,1.3590011113487712,2020-07-06 15:00:00,2021-07-06 15:00:00,2021-07-06 15:00:00,365,1
1114,2021-07-06 15:00:00,Neural Network,15,1.2087023743059973,1.0860111381686386,2020-07-06 15:00:00,2021-07-06 15:00:00,2021-07-06 15:00:00,365,1
1115,2021-07-06 15:00:00,Naive,15,1.2087023743059973,1.7606306452448368,2020-07-06 15:00:00,2021-07-06 15:00:00,2021-07-06 15:00:00,365,1
1116,2021-07-07 15:00:00,Decision Tree,15,1.9843042664021275,1.726804006251797,2020-07-07 15:00:00,2021-07-07 15:00:00,2021-07-07 15:00:00,365,1
1117,2021-07-07 15:00:00,Random Forest,15,1.9843042664021275,1.848959034945483,2020-07-07 15:00:00,2021-07-07 15:00:00,2021-07-07 15:00:00,365,1
1118,2021-07-07 15:00:00,Neural Network,15,1.9843042664021275,2.285407985826958,2020-07-07 15:00:00,2021-07-07 15:00:00,2021-07-07 15:00:00,365,1
1119,2021-07-07 15:00:00,Naive,15,1.9843042664021275,1.2087023743059973,2020-07-07 15:00:00,2021-07-07 15:00:00,2021-07-07 15:00:00,365,1
1120,2021-07-08 15:00:00,Decision Tree,15,2.2457142312056817,1.8623216634191018,2020-07-08 15:00:00,2021-07-08 15:00:00,2021-07-08 15:00:00,365,1
1121,2021-07-08 15:00:00,Random Forest,15,2.2457142312056817,1.9270753683615625,2020-07-08 15:00:00,2021-07-08 15:00:00,2021-07-08 15:00:00,365,1
1122,2021-07-08 15:00:00,Neural Network,15,2.2457142312056817,2.7494927709282537,2020-07-08 15:00:00,2021-07-08 15:00:00,2021-07-08 15:00:00,365,1
1123,2021-07-08 15:00:00,Naive,15,2.2457142312056817,1.9843042664021275,2020-07-08 15:00:00,2021-07-08 15:00:00,2021-07-08 15:00:00,365,1
1124,2021-07-09 15:00:00,Decision Tree,15,1.7249386231686825,1.793781697539431,2020-07-09 15:00:00,2021-07-09 15:00:00,2021-07-09 15:00:00,365,1
1125,2021-07-09 15:00:00,Random Forest,15,1.7249386231686825,1.8176545259797998,2020-07-09 15:00:00,2021-07-09 15:00:00,2021-07-09 15:00:00,365,1
1126,2021-07-09 15:00:00,Neural Network,15,1.7249386231686825,1.8151357255885134,2020-07-09 15:00:00,2021-07-09 15:00:00,2021-07-09 15:00:00,365,1
1127,2021-07-09 15:00:00,Naive,15,1.7249386231686825,2.2457142312056817,2020-07-09 15:00:00,2021-07-09 15:00:00,2021-07-09 15:00:00,365,1
1128,2021-07-10 15:00:00,Decision Tree,15,1.4207381315116203,1.4844834849332433,2020-07-10 15:00:00,2021-07-10 15:00:00,2021-07-10 15:00:00,365,1
1129,2021-07-10 15:00:00,Random Forest,15,1.4207381315116203,1.479552305241585,2020-07-10 15:00:00,2021-07-10 15:00:00,2021-07-10 15:00:00,365,1
1130,2021-07-10 15:00:00,Neural Network,15,1.4207381315116203,1.2484175945040294,2020-07-10 15:00:00,2021-07-10 15:00:00,2021-07-10 15:00:00,365,1
1131,2021-07-10 15:00:00,Naive,15,1.4207381315116203,1.7249386231686825,2020-07-10 15:00:00,2021-07-10 15:00:00,2021-07-10 15:00:00,365,1
1132,2021-07-11 15:00:00,Decision Tree,15,1.2699926878481498,1.4162308935169992,2020-07-11 15:00:00,2021-07-11 15:00:00,2021-07-11 15:00:00,365,1
1133,2021-07-11 15:00:00,Random Forest,15,1.2699926878481498,1.3532240914840787,2020-07-11 15:00:00,2021-07-11 15:00:00,2021-07-11 15:00:00,365,1
1134,2021-07-11 15:00:00,Neural Network,15,1.2699926878481498,1.3258198690942085,2020-07-11 15:00:00,2021-07-11 15:00:00,2021-07-11 15:00:00,365,1
1135,2021-07-11 15:00:00,Naive,15,1.2699926878481498,1.4207381315116203,2020-07-11 15:00:00,2021-07-11 15:00:00,2021-07-11 15:00:00,365,1
1136,2021-07-12 15:00:00,Decision Tree,15,1.8302622341964296,2.1291316916307648,2020-07-12 15:00:00,2021-07-12 15:00:00,2021-07-12 15:00:00,365,1
1137,2021-07-12 15:00:00,Random Forest,15,1.8302622341964296,1.8949424071099346,2020-07-12 15:00:00,2021-07-12 15:00:00,2021-07-12 15:00:00,365,1
1138,2021-07-12 15:00:00,Neural Network,15,1.8302622341964296,2.0218053408632444,2020-07-12 15:00:00,2021-07-12 15:00:00,2021-07-12 15:00:00,365,1
1139,2021-07-12 15:00:00,Naive,15,1.8302622341964296,1.2699926878481498,2020-07-12 15:00:00,2021-07-12 15:00:00,2021-07-12 15:00:00,365,1
1140,2021-07-13 15:00:00,Decision Tree,15,1.8873901155240802,2.1887036698605846,2020-07-13 15:00:00,2021-07-13 15:00:00,2021-07-13 15:00:00,365,1
1141,2021-07-13 15:00:00,Random Forest,15,1.8873901155240802,1.998684521585418,2020-07-13 15:00:00,2021-07-13 15:00:00,2021-07-13 15:00:00,365,1
1142,2021-07-13 15:00:00,Neural Network,15,1.8873901155240802,2.0954244703261806,2020-07-13 15:00:00,2021-07-13 15:00:00,2021-07-13 15:00:00,365,1
1143,2021-07-13 15:00:00,Naive,15,1.8873901155240802,1.8302622341964296,2020-07-13 15:00:00,2021-07-13 15:00:00,2021-07-13 15:00:00,365,1
1144,2021-07-14 15:00:00,Decision Tree,15,1.5172930236328694,1.8181610274621098,2020-07-14 15:00:00,2021-07-14 15:00:00,2021-07-14 15:00:00,365,1
1145,2021-07-14 15:00:00,Random Forest,15,1.5172930236328694,1.6438494660951652,2020-07-14 15:00:00,2021-07-14 15:00:00,2021-07-14 15:00:00,365,1
1146,2021-07-14 15:00:00,Neural Network,15,1.5172930236328694,1.4909445761972564,2020-07-14 15:00:00,2021-07-14 15:00:00,2021-07-14 15:00:00,365,1
1147,2021-07-14 15:00:00,Naive,15,1.5172930236328694,1.8873901155240802,2020-07-14 15:00:00,2021-07-14 15:00:00,2021-07-14 15:00:00,365,1
1148,2021-07-15 15:00:00,Decision Tree,15,1.641892726120331,1.7265967414647845,2020-07-15 15:00:00,2021-07-15 15:00:00,2021-07-15 15:00:00,365,1
1149,2021-07-15 15:00:00,Random Forest,15,1.641892726120331,1.7429563214636334,2020-07-15 15:00:00,2021-07-15 15:00:00,2021-07-15 15:00:00,365,1
1150,2021-07-15 15:00:00,Neural Network,15,1.641892726120331,1.60007122288953,2020-07-15 15:00:00,2021-07-15 15:00:00,2021-07-15 15:00:00,365,1
1151,2021-07-15 15:00:00,Naive,15,1.641892726120331,1.5172930236328694,2020-07-15 15:00:00,2021-07-15 15:00:00,2021-07-15 15:00:00,365,1
1152,2021-07-16 15:00:00,Decision Tree,15,1.4032270502805901,1.4227034858915437,2020-07-16 15:00:00,2021-07-16 15:00:00,2021-07-16 15:00:00,365,1
1153,2021-07-16 15:00:00,Random Forest,15,1.4032270502805901,1.4517554222409261,2020-07-16 15:00:00,2021-07-16 15:00:00,2021-07-16 15:00:00,365,1
1154,2021-07-16 15:00:00,Neural Network,15,1.4032270502805901,1.405885787542786,2020-07-16 15:00:00,2021-07-16 15:00:00,2021-07-16 15:00:00,365,1
1155,2021-07-16 15:00:00,Naive,15,1.4032270502805901,1.641892726120331,2020-07-16 15:00:00,2021-07-16 15:00:00,2021-07-16 15:00:00,365,1
1156,2021-07-17 15:00:00,Decision Tree,15,-1.0248091811850637,-1.0795035025517188,2020-07-17 15:00:00,2021-07-17 15:00:00,2021-07-17 15:00:00,365,1
1157,2021-07-17 15:00:00,Random Forest,15,-1.0248091811850637,-1.1074902439816867,2020-07-17 15:00:00,2021-07-17 15:00:00,2021-07-17 15:00:00,365,1
1158,2021-07-17 15:00:00,Neural Network,15,-1.0248091811850637,-0.8710405436861404,2020-07-17 15:00:00,2021-07-17 15:00:00,2021-07-17 15:00:00,365,1
1159,2021-07-17 15:00:00,Naive,15,-1.0248091811850637,1.4032270502805901,2020-07-17 15:00:00,2021-07-17 15:00:00,2021-07-17 15:00:00,365,1
1160,2021-07-18 15:00:00,Decision Tree,15,-1.6431682615307093,-1.8056843996316423,2020-07-18 15:00:00,2021-07-18 15:00:00,2021-07-18 15:00:00,365,1
1161,2021-07-18 15:00:00,Random Forest,15,-1.6431682615307093,-1.7987456708499516,2020-07-18 15:00:00,2021-07-18 15:00:00,2021-07-18 15:00:00,365,1
1162,2021-07-18 15:00:00,Neural Network,15,-1.6431682615307093,-1.680824343855246,2020-07-18 15:00:00,2021-07-18 15:00:00,2021-07-18 15:00:00,365,1
1163,2021-07-18 15:00:00,Naive,15,-1.6431682615307093,-1.0248091811850637,2020-07-18 15:00:00,2021-07-18 15:00:00,2021-07-18 15:00:00,365,1
1164,2021-07-19 15:00:00,Decision Tree,15,1.5900635436570214,1.700019739539974,2020-07-19 15:00:00,2021-07-19 15:00:00,2021-07-19 15:00:00,365,1
1165,2021-07-19 15:00:00,Random Forest,15,1.5900635436570214,1.6784309942540385,2020-07-19 15:00:00,2021-07-19 15:00:00,2021-07-19 15:00:00,365,1
1166,2021-07-19 15:00:00,Neural Network,15,1.5900635436570214,1.636993153711523,2020-07-19 15:00:00,2021-07-19 15:00:00,2021-07-19 15:00:00,365,1
1167,2021-07-19 15:00:00,Naive,15,1.5900635436570214,-1.6431682615307093,2020-07-19 15:00:00,2021-07-19 15:00:00,2021-07-19 15:00:00,365,1
1168,2021-07-20 15:00:00,Decision Tree,15,1.5952405374781562,1.5687120570304471,2020-07-20 15:00:00,2021-07-20 15:00:00,2021-07-20 15:00:00,365,1
1169,2021-07-20 15:00:00,Random Forest,15,1.5952405374781562,1.640714200910432,2020-07-20 15:00:00,2021-07-20 15:00:00,2021-07-20 15:00:00,365,1
1170,2021-07-20 15:00:00,Neural Network,15,1.5952405374781562,1.7027576768396488,2020-07-20 15:00:00,2021-07-20 15:00:00,2021-07-20 15:00:00,365,1
1171,2021-07-20 15:00:00,Naive,15,1.5952405374781562,1.5900635436570214,2020-07-20 15:00:00,2021-07-20 15:00:00,2021-07-20 15:00:00,365,1
1172,2021-07-21 15:00:00,Decision Tree,15,1.5575738931370242,1.572028117086411,2020-07-21 15:00:00,2021-07-21 15:00:00,2021-07-21 15:00:00,365,1
1173,2021-07-21 15:00:00,Random Forest,15,1.5575738931370242,1.6321819681556498,2020-07-21 15:00:00,2021-07-21 15:00:00,2021-07-21 15:00:00,365,1
1174,2021-07-21 15:00:00,Neural Network,15,1.5575738931370242,1.6938647972038563,2020-07-21 15:00:00,2021-07-21 15:00:00,2021-07-21 15:00:00,365,1
1175,2021-07-21 15:00:00,Naive,15,1.5575738931370242,1.5952405374781562,2020-07-21 15:00:00,2021-07-21 15:00:00,2021-07-21 15:00:00,365,1
1176,2021-07-22 15:00:00,Decision Tree,15,1.4810371400982811,1.5704220922031458,2020-07-22 15:00:00,2021-07-22 15:00:00,2021-07-22 15:00:00,365,1
1177,2021-07-22 15:00:00,Random Forest,15,1.4810371400982811,1.5431614045491304,2020-07-22 15:00:00,2021-07-22 15:00:00,2021-07-22 15:00:00,365,1
1178,2021-07-22 15:00:00,Neural Network,15,1.4810371400982811,1.5889200591934856,2020-07-22 15:00:00,2021-07-22 15:00:00,2021-07-22 15:00:00,365,1
1179,2021-07-22 15:00:00,Naive,15,1.4810371400982811,1.5575738931370242,2020-07-22 15:00:00,2021-07-22 15:00:00,2021-07-22 15:00:00,365,1
1180,2021-07-23 15:00:00,Decision Tree,15,1.5048759395288536,1.530236457541833,2020-07-23 15:00:00,2021-07-23 15:00:00,2021-07-23 15:00:00,365,1
1181,2021-07-23 15:00:00,Random Forest,15,1.5048759395288536,1.5191320843613128,2020-07-23 15:00:00,2021-07-23 15:00:00,2021-07-23 15:00:00,365,1
1182,2021-07-23 15:00:00,Neural Network,15,1.5048759395288536,1.592053609359336,2020-07-23 15:00:00,2021-07-23 15:00:00,2021-07-23 15:00:00,365,1
1183,2021-07-23 15:00:00,Naive,15,1.5048759395288536,1.4810371400982811,2020-07-23 15:00:00,2021-07-23 15:00:00,2021-07-23 15:00:00,365,1
1184,2021-07-24 15:00:00,Decision Tree,15,1.2299781373208023,1.2892798952569442,2020-07-24 15:00:00,2021-07-24 15:00:00,2021-07-24 15:00:00,365,1
1185,2021-07-24 15:00:00,Random Forest,15,1.2299781373208023,1.3112119044994268,2020-07-24 15:00:00,2021-07-24 15:00:00,2021-07-24 15:00:00,365,1
1186,2021-07-24 15:00:00,Neural Network,15,1.2299781373208023,1.02021295604452,2020-07-24 15:00:00,2021-07-24 15:00:00,2021-07-24 15:00:00,365,1
1187,2021-07-24 15:00:00,Naive,15,1.2299781373208023,1.5048759395288536,2020-07-24 15:00:00,2021-07-24 15:00:00,2021-07-24 15:00:00,365,1
1188,2021-07-25 15:00:00,Decision Tree,15,0.5494889720742133,0.829132007015416,2020-07-25 15:00:00,2021-07-25 15:00:00,2021-07-25 15:00:00,365,1
1189,2021-07-25 15:00:00,Random Forest,15,0.5494889720742133,0.7888498742750778,2020-07-25 15:00:00,2021-07-25 15:00:00,2021-07-25 15:00:00,365,1
1190,2021-07-25 15:00:00,Neural Network,15,0.5494889720742133,0.5127745903820153,2020-07-25 15:00:00,2021-07-25 15:00:00,2021-07-25 15:00:00,365,1
1191,2021-07-25 15:00:00,Naive,15,0.5494889720742133,1.2299781373208023,2020-07-25 15:00:00,2021-07-25 15:00:00,2021-07-25 15:00:00,365,1
1192,2021-07-26 15:00:00,Decision Tree,15,1.6897716028054437,1.855704077391456,2020-07-26 15:00:00,2021-07-26 15:00:00,2021-07-26 15:00:00,365,1
1193,2021-07-26 15:00:00,Random Forest,15,1.6897716028054437,1.771740577209063,2020-07-26 15:00:00,2021-07-26 15:00:00,2021-07-26 15:00:00,365,1
1194,2021-07-26 15:00:00,Neural Network,15,1.6897716028054437,1.7464446701094227,2020-07-26 15:00:00,2021-07-26 15:00:00,2021-07-26 15:00:00,365,1
1195,2021-07-26 15:00:00,Naive,15,1.6897716028054437,0.5494889720742133,2020-07-26 15:00:00,2021-07-26 15:00:00,2021-07-26 15:00:00,365,1
1196,2021-07-27 15:00:00,Decision Tree,15,1.6077159304694728,1.701915837367291,2020-07-27 15:00:00,2021-07-27 15:00:00,2021-07-27 15:00:00,365,1
1197,2021-07-27 15:00:00,Random Forest,15,1.6077159304694728,1.6887203151601475,2020-07-27 15:00:00,2021-07-27 15:00:00,2021-07-27 15:00:00,365,1
1198,2021-07-27 15:00:00,Neural Network,15,1.6077159304694728,1.7070700613079586,2020-07-27 15:00:00,2021-07-27 15:00:00,2021-07-27 15:00:00,365,1
1199,2021-07-27 15:00:00,Naive,15,1.6077159304694728,1.6897716028054437,2020-07-27 15:00:00,2021-07-27 15:00:00,2021-07-27 15:00:00,365,1
1200,2021-07-28 15:00:00,Decision Tree,15,0.9172469431866874,1.234782652004382,2020-07-28 15:00:00,2021-07-28 15:00:00,2021-07-28 15:00:00,365,1
1201,2021-07-28 15:00:00,Random Forest,15,0.9172469431866874,1.1849370548870575,2020-07-28 15:00:00,2021-07-28 15:00:00,2021-07-28 15:00:00,365,1
1202,2021-07-28 15:00:00,Neural Network,15,0.9172469431866874,0.9541246592534841,2020-07-28 15:00:00,2021-07-28 15:00:00,2021-07-28 15:00:00,365,1
1203,2021-07-28 15:00:00,Naive,15,0.9172469431866874,1.6077159304694728,2020-07-28 15:00:00,2021-07-28 15:00:00,2021-07-28 15:00:00,365,1
1204,2021-07-29 15:00:00,Decision Tree,15,-1.5334192223206806,-1.6978801882789771,2020-07-29 15:00:00,2021-07-29 15:00:00,2021-07-29 15:00:00,365,1
1205,2021-07-29 15:00:00,Random Forest,15,-1.5334192223206806,-1.7102493945906587,2020-07-29 15:00:00,2021-07-29 15:00:00,2021-07-29 15:00:00,365,1
1206,2021-07-29 15:00:00,Neural Network,15,-1.5334192223206806,-1.5031296171873787,2020-07-29 15:00:00,2021-07-29 15:00:00,2021-07-29 15:00:00,365,1
1207,2021-07-29 15:00:00,Naive,15,-1.5334192223206806,0.9172469431866874,2020-07-29 15:00:00,2021-07-29 15:00:00,2021-07-29 15:00:00,365,1
1208,2021-07-30 15:00:00,Decision Tree,15,0.3146079984403617,0.5821778754250149,2020-07-30 15:00:00,2021-07-30 15:00:00,2021-07-30 15:00:00,365,1
1209,2021-07-30 15:00:00,Random Forest,15,0.3146079984403617,0.5526406424390826,2020-07-30 15:00:00,2021-07-30 15:00:00,2021-07-30 15:00:00,365,1
1210,2021-07-30 15:00:00,Neural Network,15,0.3146079984403617,0.2686912271512132,2020-07-30 15:00:00,2021-07-30 15:00:00,2021-07-30 15:00:00,365,1
1211,2021-07-30 15:00:00,Naive,15,0.3146079984403617,-1.5334192223206806,2020-07-30 15:00:00,2021-07-30 15:00:00,2021-07-30 15:00:00,365,1
1212,2021-07-31 15:00:00,Decision Tree,15,-1.8847082104490747,-2.1395993990874884,2020-07-31 15:00:00,2021-07-31 15:00:00,2021-07-31 15:00:00,365,1
1213,2021-07-31 15:00:00,Random Forest,15,-1.8847082104490747,-2.1319334814611,2020-07-31 15:00:00,2021-07-31 15:00:00,2021-07-31 15:00:00,365,1
1214,2021-07-31 15:00:00,Neural Network,15,-1.8847082104490747,-2.1165680477626054,2020-07-31 15:00:00,2021-07-31 15:00:00,2021-07-31 15:00:00,365,1
1215,2021-07-31 15:00:00,Naive,15,-1.8847082104490747,0.3146079984403617,2020-07-31 15:00:00,2021-07-31 15:00:00,2021-07-31 15:00:00,365,1
1216,2021-08-01 15:00:00,Decision Tree,15,0.5918383889924475,0.8291320070154159,2020-08-01 15:00:00,2021-08-01 15:00:00,2021-08-01 15:00:00,365,1
1217,2021-08-01 15:00:00,Random Forest,15,0.5918383889924475,0.854067828956287,2020-08-01 15:00:00,2021-08-01 15:00:00,2021-08-01 15:00:00,365,1
1218,2021-08-01 15:00:00,Neural Network,15,0.5918383889924475,0.6374776559618729,2020-08-01 15:00:00,2021-08-01 15:00:00,2021-08-01 15:00:00,365,1
1219,2021-08-01 15:00:00,Naive,15,0.5918383889924475,-1.8847082104490747,2020-08-01 15:00:00,2021-08-01 15:00:00,2021-08-01 15:00:00,365,1
1220,2021-08-02 15:00:00,Decision Tree,15,1.3207090360423024,1.4194574132897184,2020-08-02 15:00:00,2021-08-02 15:00:00,2021-08-02 15:00:00,365,1
1221,2021-08-02 15:00:00,Random Forest,15,1.3207090360423024,1.4346639904191734,2020-08-02 15:00:00,2021-08-02 15:00:00,2021-08-02 15:00:00,365,1
1222,2021-08-02 15:00:00,Neural Network,15,1.3207090360423024,1.2064921780592273,2020-08-02 15:00:00,2021-08-02 15:00:00,2021-08-02 15:00:00,365,1
1223,2021-08-02 15:00:00,Naive,15,1.3207090360423024,0.5918383889924475,2020-08-02 15:00:00,2021-08-02 15:00:00,2021-08-02 15:00:00,365,1
1224,2021-08-03 15:00:00,Decision Tree,15,1.7085359467577697,1.757132522222726,2020-08-03 15:00:00,2021-08-03 15:00:00,2021-08-03 15:00:00,365,1
1225,2021-08-03 15:00:00,Random Forest,15,1.7085359467577697,1.7352296623451582,2020-08-03 15:00:00,2021-08-03 15:00:00,2021-08-03 15:00:00,365,1
1226,2021-08-03 15:00:00,Neural Network,15,1.7085359467577697,1.7420828747165822,2020-08-03 15:00:00,2021-08-03 15:00:00,2021-08-03 15:00:00,365,1
1227,2021-08-03 15:00:00,Naive,15,1.7085359467577697,1.3207090360423024,2020-08-03 15:00:00,2021-08-03 15:00:00,2021-08-03 15:00:00,365,1
1228,2021-08-04 15:00:00,Decision Tree,15,1.7930183718319637,2.0690637990150957,2020-08-04 15:00:00,2021-08-04 15:00:00,2021-08-04 15:00:00,365,1
1229,2021-08-04 15:00:00,Random Forest,15,1.7930183718319637,1.8981207355213894,2020-08-04 15:00:00,2021-08-04 15:00:00,2021-08-04 15:00:00,365,1
1230,2021-08-04 15:00:00,Neural Network,15,1.7930183718319637,1.9060724504753288,2020-08-04 15:00:00,2021-08-04 15:00:00,2021-08-04 15:00:00,365,1
1231,2021-08-04 15:00:00,Naive,15,1.7930183718319637,1.7085359467577697,2020-08-04 15:00:00,2021-08-04 15:00:00,2021-08-04 15:00:00,365,1
1232,2021-08-05 15:00:00,Decision Tree,15,1.62400647624987,1.7414163395351376,2020-08-05 15:00:00,2021-08-05 15:00:00,2021-08-05 15:00:00,365,1
1233,2021-08-05 15:00:00,Random Forest,15,1.62400647624987,1.685098606971078,2020-08-05 15:00:00,2021-08-05 15:00:00,2021-08-05 15:00:00,365,1
1234,2021-08-05 15:00:00,Neural Network,15,1.62400647624987,1.659604492144192,2020-08-05 15:00:00,2021-08-05 15:00:00,2021-08-05 15:00:00,365,1
1235,2021-08-05 15:00:00,Naive,15,1.62400647624987,1.7930183718319637,2020-08-05 15:00:00,2021-08-05 15:00:00,2021-08-05 15:00:00,365,1
1236,2021-08-06 15:00:00,Decision Tree,15,0.8600258062117544,1.0093345750098353,2020-08-06 15:00:00,2021-08-06 15:00:00,2021-08-06 15:00:00,365,1
1237,2021-08-06 15:00:00,Random Forest,15,0.8600258062117544,1.0515717726417018,2020-08-06 15:00:00,2021-08-06 15:00:00,2021-08-06 15:00:00,365,1
1238,2021-08-06 15:00:00,Neural Network,15,0.8600258062117544,0.6113735951182019,2020-08-06 15:00:00,2021-08-06 15:00:00,2021-08-06 15:00:00,365,1
1239,2021-08-06 15:00:00,Naive,15,0.8600258062117544,1.62400647624987,2020-08-06 15:00:00,2021-08-06 15:00:00,2021-08-06 15:00:00,365,1
1240,2021-08-07 15:00:00,Decision Tree,15,0.7864587517244824,1.0398964166725508,2020-08-07 15:00:00,2021-08-07 15:00:00,2021-08-07 15:00:00,365,1
1241,2021-08-07 15:00:00,Random Forest,15,0.7864587517244824,0.9616988902039142,2020-08-07 15:00:00,2021-08-07 15:00:00,2021-08-07 15:00:00,365,1
1242,2021-08-07 15:00:00,Neural Network,15,0.7864587517244824,0.8778988492009925,2020-08-07 15:00:00,2021-08-07 15:00:00,2021-08-07 15:00:00,365,1
1243,2021-08-07 15:00:00,Naive,15,0.7864587517244824,0.8600258062117544,2020-08-07 15:00:00,2021-08-07 15:00:00,2021-08-07 15:00:00,365,1
1244,2021-08-08 15:00:00,Decision Tree,15,-2.3210110303123765,-2.4411479729371393,2020-08-08 15:00:00,2021-08-08 15:00:00,2021-08-08 15:00:00,365,1
1245,2021-08-08 15:00:00,Random Forest,15,-2.3210110303123765,-2.4367594221910127,2020-08-08 15:00:00,2021-08-08 15:00:00,2021-08-08 15:00:00,365,1
1246,2021-08-08 15:00:00,Neural Network,15,-2.3210110303123765,-2.6246391357189864,2020-08-08 15:00:00,2021-08-08 15:00:00,2021-08-08 15:00:00,365,1
1247,2021-08-08 15:00:00,Naive,15,-2.3210110303123765,0.7864587517244824,2020-08-08 15:00:00,2021-08-08 15:00:00,2021-08-08 15:00:00,365,1
1248,2021-08-09 15:00:00,Decision Tree,15,0.8421524462259383,0.9280383747802405,2020-08-09 15:00:00,2021-08-09 15:00:00,2021-08-09 15:00:00,365,1
1249,2021-08-09 15:00:00,Random Forest,15,0.8421524462259383,0.9358853447729513,2020-08-09 15:00:00,2021-08-09 15:00:00,2021-08-09 15:00:00,365,1
1250,2021-08-09 15:00:00,Neural Network,15,0.8421524462259383,0.7160643534036826,2020-08-09 15:00:00,2021-08-09 15:00:00,2021-08-09 15:00:00,365,1
1251,2021-08-09 15:00:00,Naive,15,0.8421524462259383,-2.3210110303123765,2020-08-09 15:00:00,2021-08-09 15:00:00,2021-08-09 15:00:00,365,1
1252,2021-08-10 15:00:00,Decision Tree,15,1.480858422287523,1.5266135263971214,2020-08-10 15:00:00,2021-08-10 15:00:00,2021-08-10 15:00:00,365,1
1253,2021-08-10 15:00:00,Random Forest,15,1.480858422287523,1.528670927968985,2020-08-10 15:00:00,2021-08-10 15:00:00,2021-08-10 15:00:00,365,1
1254,2021-08-10 15:00:00,Neural Network,15,1.480858422287523,1.4956372240194575,2020-08-10 15:00:00,2021-08-10 15:00:00,2021-08-10 15:00:00,365,1
1255,2021-08-10 15:00:00,Naive,15,1.480858422287523,0.8421524462259383,2020-08-10 15:00:00,2021-08-10 15:00:00,2021-08-10 15:00:00,365,1
1256,2021-08-11 15:00:00,Decision Tree,15,1.6446001633824963,1.6027488511853127,2020-08-11 15:00:00,2021-08-11 15:00:00,2021-08-11 15:00:00,365,1
1257,2021-08-11 15:00:00,Random Forest,15,1.6446001633824963,1.6540641286092437,2020-08-11 15:00:00,2021-08-11 15:00:00,2021-08-11 15:00:00,365,1
1258,2021-08-11 15:00:00,Neural Network,15,1.6446001633824963,1.7025325930041295,2020-08-11 15:00:00,2021-08-11 15:00:00,2021-08-11 15:00:00,365,1
1259,2021-08-11 15:00:00,Naive,15,1.6446001633824963,1.480858422287523,2020-08-11 15:00:00,2021-08-11 15:00:00,2021-08-11 15:00:00,365,1
1260,2021-08-12 15:00:00,Decision Tree,15,1.8629235199820253,1.8323869844811027,2020-08-12 15:00:00,2021-08-12 15:00:00,2021-08-12 15:00:00,365,1
1261,2021-08-12 15:00:00,Random Forest,15,1.8629235199820253,1.872266080506563,2020-08-12 15:00:00,2021-08-12 15:00:00,2021-08-12 15:00:00,365,1
1262,2021-08-12 15:00:00,Neural Network,15,1.8629235199820253,1.9863728115332229,2020-08-12 15:00:00,2021-08-12 15:00:00,2021-08-12 15:00:00,365,1
1263,2021-08-12 15:00:00,Naive,15,1.8629235199820253,1.6446001633824963,2020-08-12 15:00:00,2021-08-12 15:00:00,2021-08-12 15:00:00,365,1
1264,2021-08-13 15:00:00,Decision Tree,15,1.3789255674268777,1.5208941383834218,2020-08-13 15:00:00,2021-08-13 15:00:00,2021-08-13 15:00:00,365,1
1265,2021-08-13 15:00:00,Random Forest,15,1.3789255674268777,1.4998835580303123,2020-08-13 15:00:00,2021-08-13 15:00:00,2021-08-13 15:00:00,365,1
1266,2021-08-13 15:00:00,Neural Network,15,1.3789255674268777,1.3536563156018695,2020-08-13 15:00:00,2021-08-13 15:00:00,2021-08-13 15:00:00,365,1
1267,2021-08-13 15:00:00,Naive,15,1.3789255674268777,1.8629235199820253,2020-08-13 15:00:00,2021-08-13 15:00:00,2021-08-13 15:00:00,365,1
1268,2021-08-14 15:00:00,Decision Tree,15,-1.221327724767733,-1.4400983294883547,2020-08-14 15:00:00,2021-08-14 15:00:00,2021-08-14 15:00:00,365,1
1269,2021-08-14 15:00:00,Random Forest,15,-1.221327724767733,-1.4364203918936893,2020-08-14 15:00:00,2021-08-14 15:00:00,2021-08-14 15:00:00,365,1
1270,2021-08-14 15:00:00,Neural Network,15,-1.221327724767733,-1.2317591424237087,2020-08-14 15:00:00,2021-08-14 15:00:00,2021-08-14 15:00:00,365,1
1271,2021-08-14 15:00:00,Naive,15,-1.221327724767733,1.3789255674268777,2020-08-14 15:00:00,2021-08-14 15:00:00,2021-08-14 15:00:00,365,1
1272,2021-08-15 15:00:00,Decision Tree,15,-0.8609720641053773,-0.9621836114704113,2020-08-15 15:00:00,2021-08-15 15:00:00,2021-08-15 15:00:00,365,1
1273,2021-08-15 15:00:00,Random Forest,15,-0.8609720641053773,-0.9476485700485512,2020-08-15 15:00:00,2021-08-15 15:00:00,2021-08-15 15:00:00,365,1
1274,2021-08-15 15:00:00,Neural Network,15,-0.8609720641053773,-0.6067969212958322,2020-08-15 15:00:00,2021-08-15 15:00:00,2021-08-15 15:00:00,365,1
1275,2021-08-15 15:00:00,Naive,15,-0.8609720641053773,-1.221327724767733,2020-08-15 15:00:00,2021-08-15 15:00:00,2021-08-15 15:00:00,365,1
1276,2021-08-16 15:00:00,Decision Tree,15,0.7374441274273064,0.9173026337109529,2020-08-16 15:00:00,2021-08-16 15:00:00,2021-08-16 15:00:00,365,1
1277,2021-08-16 15:00:00,Random Forest,15,0.7374441274273064,0.8990555958601552,2020-08-16 15:00:00,2021-08-16 15:00:00,2021-08-16 15:00:00,365,1
1278,2021-08-16 15:00:00,Neural Network,15,0.7374441274273064,0.364321167692061,2020-08-16 15:00:00,2021-08-16 15:00:00,2021-08-16 15:00:00,365,1
1279,2021-08-16 15:00:00,Naive,15,0.7374441274273064,-0.8609720641053773,2020-08-16 15:00:00,2021-08-16 15:00:00,2021-08-16 15:00:00,365,1
1280,2021-08-17 15:00:00,Decision Tree,15,0.5563199724054199,0.8631531559378326,2020-08-17 15:00:00,2021-08-17 15:00:00,2021-08-17 15:00:00,365,1
1281,2021-08-17 15:00:00,Random Forest,15,0.5563199724054199,0.7829857711916631,2020-08-17 15:00:00,2021-08-17 15:00:00,2021-08-17 15:00:00,365,1
1282,2021-08-17 15:00:00,Neural Network,15,0.5563199724054199,0.36299320002723523,2020-08-17 15:00:00,2021-08-17 15:00:00,2021-08-17 15:00:00,365,1
1283,2021-08-17 15:00:00,Naive,15,0.5563199724054199,0.7374441274273064,2020-08-17 15:00:00,2021-08-17 15:00:00,2021-08-17 15:00:00,365,1
1284,2021-08-18 15:00:00,Decision Tree,15,1.2151223949352545,1.405350502254373,2020-08-18 15:00:00,2021-08-18 15:00:00,2021-08-18 15:00:00,365,1
1285,2021-08-18 15:00:00,Random Forest,15,1.2151223949352545,1.3953802938792514,2020-08-18 15:00:00,2021-08-18 15:00:00,2021-08-18 15:00:00,365,1
1286,2021-08-18 15:00:00,Neural Network,15,1.2151223949352545,1.3924035751201242,2020-08-18 15:00:00,2021-08-18 15:00:00,2021-08-18 15:00:00,365,1
1287,2021-08-18 15:00:00,Naive,15,1.2151223949352545,0.5563199724054199,2020-08-18 15:00:00,2021-08-18 15:00:00,2021-08-18 15:00:00,365,1
1288,2021-08-19 15:00:00,Decision Tree,15,1.746291731781246,2.210136974241828,2020-08-19 15:00:00,2021-08-19 15:00:00,2021-08-19 15:00:00,365,1
1289,2021-08-19 15:00:00,Random Forest,15,1.746291731781246,1.9153664846842113,2020-08-19 15:00:00,2021-08-19 15:00:00,2021-08-19 15:00:00,365,1
1290,2021-08-19 15:00:00,Neural Network,15,1.746291731781246,1.8390504548164355,2020-08-19 15:00:00,2021-08-19 15:00:00,2021-08-19 15:00:00,365,1
1291,2021-08-19 15:00:00,Naive,15,1.746291731781246,1.2151223949352545,2020-08-19 15:00:00,2021-08-19 15:00:00,2021-08-19 15:00:00,365,1
1292,2021-08-20 15:00:00,Decision Tree,15,1.6461821560406014,1.682516677456516,2020-08-20 15:00:00,2021-08-20 15:00:00,2021-08-20 15:00:00,365,1
1293,2021-08-20 15:00:00,Random Forest,15,1.6461821560406014,1.7196113656327483,2020-08-20 15:00:00,2021-08-20 15:00:00,2021-08-20 15:00:00,365,1
1294,2021-08-20 15:00:00,Neural Network,15,1.6461821560406014,1.7078823947366968,2020-08-20 15:00:00,2021-08-20 15:00:00,2021-08-20 15:00:00,365,1
1295,2021-08-20 15:00:00,Naive,15,1.6461821560406014,1.746291731781246,2020-08-20 15:00:00,2021-08-20 15:00:00,2021-08-20 15:00:00,365,1
1296,2021-08-21 15:00:00,Decision Tree,15,1.4986229686990526,1.5031475112072366,2020-08-21 15:00:00,2021-08-21 15:00:00,2021-08-21 15:00:00,365,1
1297,2021-08-21 15:00:00,Random Forest,15,1.4986229686990526,1.5994339938234605,2020-08-21 15:00:00,2021-08-21 15:00:00,2021-08-21 15:00:00,365,1
1298,2021-08-21 15:00:00,Neural Network,15,1.4986229686990526,1.6064379146482537,2020-08-21 15:00:00,2021-08-21 15:00:00,2021-08-21 15:00:00,365,1
1299,2021-08-21 15:00:00,Naive,15,1.4986229686990526,1.6461821560406014,2020-08-21 15:00:00,2021-08-21 15:00:00,2021-08-21 15:00:00,365,1
1300,2021-08-22 15:00:00,Decision Tree,15,1.200175088600166,1.253860143350137,2020-08-22 15:00:00,2021-08-22 15:00:00,2021-08-22 15:00:00,365,1
1301,2021-08-22 15:00:00,Random Forest,15,1.200175088600166,1.3157318934704685,2020-08-22 15:00:00,2021-08-22 15:00:00,2021-08-22 15:00:00,365,1
1302,2021-08-22 15:00:00,Neural Network,15,1.200175088600166,1.115343889528769,2020-08-22 15:00:00,2021-08-22 15:00:00,2021-08-22 15:00:00,365,1
1303,2021-08-22 15:00:00,Naive,15,1.200175088600166,1.4986229686990526,2020-08-22 15:00:00,2021-08-22 15:00:00,2021-08-22 15:00:00,365,1
1304,2021-08-23 15:00:00,Decision Tree,15,1.616352728490839,1.6454888998367567,2020-08-23 15:00:00,2021-08-23 15:00:00,2021-08-23 15:00:00,365,1
1305,2021-08-23 15:00:00,Random Forest,15,1.616352728490839,1.721968192718684,2020-08-23 15:00:00,2021-08-23 15:00:00,2021-08-23 15:00:00,365,1
1306,2021-08-23 15:00:00,Neural Network,15,1.616352728490839,1.7266586663777943,2020-08-23 15:00:00,2021-08-23 15:00:00,2021-08-23 15:00:00,365,1
1307,2021-08-23 15:00:00,Naive,15,1.616352728490839,1.200175088600166,2020-08-23 15:00:00,2021-08-23 15:00:00,2021-08-23 15:00:00,365,1
1308,2021-08-24 15:00:00,Decision Tree,15,1.5623221809739316,1.6413265896444826,2020-08-24 15:00:00,2021-08-24 15:00:00,2021-08-24 15:00:00,365,1
1309,2021-08-24 15:00:00,Random Forest,15,1.5623221809739316,1.644393856583056,2020-08-24 15:00:00,2021-08-24 15:00:00,2021-08-24 15:00:00,365,1
1310,2021-08-24 15:00:00,Neural Network,15,1.5623221809739316,1.7039508795115128,2020-08-24 15:00:00,2021-08-24 15:00:00,2021-08-24 15:00:00,365,1
1311,2021-08-24 15:00:00,Naive,15,1.5623221809739316,1.616352728490839,2020-08-24 15:00:00,2021-08-24 15:00:00,2021-08-24 15:00:00,365,1
1312,2021-08-25 15:00:00,Decision Tree,15,1.1192383289322703,1.2421444632597871,2020-08-25 15:00:00,2021-08-25 15:00:00,2021-08-25 15:00:00,365,1
1313,2021-08-25 15:00:00,Random Forest,15,1.1192383289322703,1.2335446459333212,2020-08-25 15:00:00,2021-08-25 15:00:00,2021-08-25 15:00:00,365,1
1314,2021-08-25 15:00:00,Neural Network,15,1.1192383289322703,1.3000051406328192,2020-08-25 15:00:00,2021-08-25 15:00:00,2021-08-25 15:00:00,365,1
1315,2021-08-25 15:00:00,Naive,15,1.1192383289322703,1.5623221809739316,2020-08-25 15:00:00,2021-08-25 15:00:00,2021-08-25 15:00:00,365,1
1316,2021-08-26 15:00:00,Decision Tree,15,1.565757978490921,1.6314510385606638,2020-08-26 15:00:00,2021-08-26 15:00:00,2021-08-26 15:00:00,365,1
1317,2021-08-26 15:00:00,Random Forest,15,1.565757978490921,1.6325731293735157,2020-08-26 15:00:00,2021-08-26 15:00:00,2021-08-26 15:00:00,365,1
1318,2021-08-26 15:00:00,Neural Network,15,1.565757978490921,1.7858149512781,2020-08-26 15:00:00,2021-08-26 15:00:00,2021-08-26 15:00:00,365,1
1319,2021-08-26 15:00:00,Naive,15,1.565757978490921,1.1192383289322703,2020-08-26 15:00:00,2021-08-26 15:00:00,2021-08-26 15:00:00,365,1
1320,2021-08-27 15:00:00,Decision Tree,15,1.5647319182828916,1.6136037925273077,2020-08-27 15:00:00,2021-08-27 15:00:00,2021-08-27 15:00:00,365,1
1321,2021-08-27 15:00:00,Random Forest,15,1.5647319182828916,1.6002697818381153,2020-08-27 15:00:00,2021-08-27 15:00:00,2021-08-27 15:00:00,365,1
1322,2021-08-27 15:00:00,Neural Network,15,1.5647319182828916,1.771624311550873,2020-08-27 15:00:00,2021-08-27 15:00:00,2021-08-27 15:00:00,365,1
1323,2021-08-27 15:00:00,Naive,15,1.5647319182828916,1.565757978490921,2020-08-27 15:00:00,2021-08-27 15:00:00,2021-08-27 15:00:00,365,1
1324,2021-08-28 15:00:00,Decision Tree,15,1.2177923799361328,1.4370526962414942,2020-08-28 15:00:00,2021-08-28 15:00:00,2021-08-28 15:00:00,365,1
1325,2021-08-28 15:00:00,Random Forest,15,1.2177923799361328,1.347579547232144,2020-08-28 15:00:00,2021-08-28 15:00:00,2021-08-28 15:00:00,365,1
1326,2021-08-28 15:00:00,Neural Network,15,1.2177923799361328,1.3682837184407082,2020-08-28 15:00:00,2021-08-28 15:00:00,2021-08-28 15:00:00,365,1
1327,2021-08-28 15:00:00,Naive,15,1.2177923799361328,1.5647319182828916,2020-08-28 15:00:00,2021-08-28 15:00:00,2021-08-28 15:00:00,365,1
1328,2021-08-29 15:00:00,Decision Tree,15,1.3642445462332393,1.8741992262611145,2020-08-29 15:00:00,2021-08-29 15:00:00,2021-08-29 15:00:00,365,1
1329,2021-08-29 15:00:00,Random Forest,15,1.3642445462332393,1.524606526792143,2020-08-29 15:00:00,2021-08-29 15:00:00,2021-08-29 15:00:00,365,1
1330,2021-08-29 15:00:00,Neural Network,15,1.3642445462332393,1.4388269139173262,2020-08-29 15:00:00,2021-08-29 15:00:00,2021-08-29 15:00:00,365,1
1331,2021-08-29 15:00:00,Naive,15,1.3642445462332393,1.2177923799361328,2020-08-29 15:00:00,2021-08-29 15:00:00,2021-08-29 15:00:00,365,1
1332,2021-08-30 15:00:00,Decision Tree,15,1.8896535350302208,1.8503230869446552,2020-08-30 15:00:00,2021-08-30 15:00:00,2021-08-30 15:00:00,365,1
1333,2021-08-30 15:00:00,Random Forest,15,1.8896535350302208,1.9434522702642012,2020-08-30 15:00:00,2021-08-30 15:00:00,2021-08-30 15:00:00,365,1
1334,2021-08-30 15:00:00,Neural Network,15,1.8896535350302208,2.1348709457765915,2020-08-30 15:00:00,2021-08-30 15:00:00,2021-08-30 15:00:00,365,1
1335,2021-08-30 15:00:00,Naive,15,1.8896535350302208,1.3642445462332393,2020-08-30 15:00:00,2021-08-30 15:00:00,2021-08-30 15:00:00,365,1
1336,2021-08-31 15:00:00,Decision Tree,15,1.7918983233822738,1.855239392955351,2020-08-31 15:00:00,2021-08-31 15:00:00,2021-08-31 15:00:00,365,1
1337,2021-08-31 15:00:00,Random Forest,15,1.7918983233822738,1.8380996054392909,2020-08-31 15:00:00,2021-08-31 15:00:00,2021-08-31 15:00:00,365,1
1338,2021-08-31 15:00:00,Neural Network,15,1.7918983233822738,2.0112326581159765,2020-08-31 15:00:00,2021-08-31 15:00:00,2021-08-31 15:00:00,365,1
1339,2021-08-31 15:00:00,Naive,15,1.7918983233822738,1.8896535350302208,2020-08-31 15:00:00,2021-08-31 15:00:00,2021-08-31 15:00:00,365,1
1340,2021-09-01 15:00:00,Decision Tree,15,1.7867447783459005,1.883233952064146,2020-09-01 15:00:00,2021-09-01 15:00:00,2021-09-01 15:00:00,365,1
1341,2021-09-01 15:00:00,Random Forest,15,1.7867447783459005,1.8223681579891378,2020-09-01 15:00:00,2021-09-01 15:00:00,2021-09-01 15:00:00,365,1
1342,2021-09-01 15:00:00,Neural Network,15,1.7867447783459005,2.000229834879689,2020-09-01 15:00:00,2021-09-01 15:00:00,2021-09-01 15:00:00,365,1
1343,2021-09-01 15:00:00,Naive,15,1.7867447783459005,1.7918983233822738,2020-09-01 15:00:00,2021-09-01 15:00:00,2021-09-01 15:00:00,365,1
1344,2021-09-02 15:00:00,Decision Tree,15,1.9400025244973331,1.867152423111105,2020-09-02 15:00:00,2021-09-02 15:00:00,2021-09-02 15:00:00,365,1
1345,2021-09-02 15:00:00,Random Forest,15,1.9400025244973331,1.8926219377629954,2020-09-02 15:00:00,2021-09-02 15:00:00,2021-09-02 15:00:00,365,1
1346,2021-09-02 15:00:00,Neural Network,15,1.9400025244973331,2.197781330241371,2020-09-02 15:00:00,2021-09-02 15:00:00,2021-09-02 15:00:00,365,1
1347,2021-09-02 15:00:00,Naive,15,1.9400025244973331,1.7867447783459005,2020-09-02 15:00:00,2021-09-02 15:00:00,2021-09-02 15:00:00,365,1
1348,2021-09-03 15:00:00,Decision Tree,15,1.6913430397907943,1.8155023777043333,2020-09-03 15:00:00,2021-09-03 15:00:00,2021-09-03 15:00:00,365,1
1349,2021-09-03 15:00:00,Random Forest,15,1.6913430397907943,1.7934560131678836,2020-09-03 15:00:00,2021-09-03 15:00:00,2021-09-03 15:00:00,365,1
1350,2021-09-03 15:00:00,Neural Network,15,1.6913430397907943,1.807447293137229,2020-09-03 15:00:00,2021-09-03 15:00:00,2021-09-03 15:00:00,365,1
1351,2021-09-03 15:00:00,Naive,15,1.6913430397907943,1.9400025244973331,2020-09-03 15:00:00,2021-09-03 15:00:00,2021-09-03 15:00:00,365,1
1352,2021-09-04 15:00:00,Decision Tree,15,1.6205881993587343,1.7739264947962259,2020-09-04 15:00:00,2021-09-04 15:00:00,2021-09-04 15:00:00,365,1
1353,2021-09-04 15:00:00,Random Forest,15,1.6205881993587343,1.7287227359374686,2020-09-04 15:00:00,2021-09-04 15:00:00,2021-09-04 15:00:00,365,1
1354,2021-09-04 15:00:00,Neural Network,15,1.6205881993587343,1.8131958750213242,2020-09-04 15:00:00,2021-09-04 15:00:00,2021-09-04 15:00:00,365,1
1355,2021-09-04 15:00:00,Naive,15,1.6205881993587343,1.6913430397907943,2020-09-04 15:00:00,2021-09-04 15:00:00,2021-09-04 15:00:00,365,1
1356,2021-09-05 15:00:00,Decision Tree,15,1.2117011500913966,1.4564433062746929,2020-09-05 15:00:00,2021-09-05 15:00:00,2021-09-05 15:00:00,365,1
1357,2021-09-05 15:00:00,Random Forest,15,1.2117011500913966,1.3380542074510997,2020-09-05 15:00:00,2021-09-05 15:00:00,2021-09-05 15:00:00,365,1
1358,2021-09-05 15:00:00,Neural Network,15,1.2117011500913966,1.4042318240343492,2020-09-05 15:00:00,2021-09-05 15:00:00,2021-09-05 15:00:00,365,1
1359,2021-09-05 15:00:00,Naive,15,1.2117011500913966,1.6205881993587343,2020-09-05 15:00:00,2021-09-05 15:00:00,2021-09-05 15:00:00,365,1
1360,2021-09-06 15:00:00,Decision Tree,15,2.0595226285750368,1.8775595804519942,2020-09-06 15:00:00,2021-09-06 15:00:00,2021-09-06 15:00:00,365,1
1361,2021-09-06 15:00:00,Random Forest,15,2.0595226285750368,1.9369306560415074,2020-09-06 15:00:00,2021-09-06 15:00:00,2021-09-06 15:00:00,365,1
1362,2021-09-06 15:00:00,Neural Network,15,2.0595226285750368,2.4443568077139055,2020-09-06 15:00:00,2021-09-06 15:00:00,2021-09-06 15:00:00,365,1
1363,2021-09-06 15:00:00,Naive,15,2.0595226285750368,1.2117011500913966,2020-09-06 15:00:00,2021-09-06 15:00:00,2021-09-06 15:00:00,365,1
1364,2021-09-07 15:00:00,Decision Tree,15,1.9577159505728876,1.9330762555773986,2020-09-07 15:00:00,2021-09-07 15:00:00,2021-09-07 15:00:00,365,1
1365,2021-09-07 15:00:00,Random Forest,15,1.9577159505728876,2.002136104825044,2020-09-07 15:00:00,2021-09-07 15:00:00,2021-09-07 15:00:00,365,1
1366,2021-09-07 15:00:00,Neural Network,15,1.9577159505728876,2.285022545377575,2020-09-07 15:00:00,2021-09-07 15:00:00,2021-09-07 15:00:00,365,1
1367,2021-09-07 15:00:00,Naive,15,1.9577159505728876,2.0595226285750368,2020-09-07 15:00:00,2021-09-07 15:00:00,2021-09-07 15:00:00,365,1
1368,2021-09-08 15:00:00,Decision Tree,15,1.966717972749842,1.9662397810155212,2020-09-08 15:00:00,2021-09-08 15:00:00,2021-09-08 15:00:00,365,1
1369,2021-09-08 15:00:00,Random Forest,15,1.966717972749842,1.9319238781883497,2020-09-08 15:00:00,2021-09-08 15:00:00,2021-09-08 15:00:00,365,1
1370,2021-09-08 15:00:00,Neural Network,15,1.966717972749842,2.2669271047569963,2020-09-08 15:00:00,2021-09-08 15:00:00,2021-09-08 15:00:00,365,1
1371,2021-09-08 15:00:00,Naive,15,1.966717972749842,1.9577159505728876,2020-09-08 15:00:00,2021-09-08 15:00:00,2021-09-08 15:00:00,365,1
1372,2021-09-09 15:00:00,Decision Tree,15,2.1494634191007904,1.9663194796379082,2020-09-09 15:00:00,2021-09-09 15:00:00,2021-09-09 15:00:00,365,1
1373,2021-09-09 15:00:00,Random Forest,15,2.1494634191007904,1.9924820278321345,2020-09-09 15:00:00,2021-09-09 15:00:00,2021-09-09 15:00:00,365,1
1374,2021-09-09 15:00:00,Neural Network,15,2.1494634191007904,2.5441682873356894,2020-09-09 15:00:00,2021-09-09 15:00:00,2021-09-09 15:00:00,365,1
1375,2021-09-09 15:00:00,Naive,15,2.1494634191007904,1.966717972749842,2020-09-09 15:00:00,2021-09-09 15:00:00,2021-09-09 15:00:00,365,1
1376,2021-09-10 15:00:00,Decision Tree,15,2.220861303857289,2.1880299949775077,2020-09-10 15:00:00,2021-09-10 15:00:00,2021-09-10 15:00:00,365,1
1377,2021-09-10 15:00:00,Random Forest,15,2.220861303857289,2.106579007183207,2020-09-10 15:00:00,2021-09-10 15:00:00,2021-09-10 15:00:00,365,1
1378,2021-09-10 15:00:00,Neural Network,15,2.220861303857289,2.4816450099963205,2020-09-10 15:00:00,2021-09-10 15:00:00,2021-09-10 15:00:00,365,1
1379,2021-09-10 15:00:00,Naive,15,2.220861303857289,2.1494634191007904,2020-09-10 15:00:00,2021-09-10 15:00:00,2021-09-10 15:00:00,365,1
1380,2021-09-11 15:00:00,Decision Tree,15,1.9383263103147208,1.9663194796379078,2020-09-11 15:00:00,2021-09-11 15:00:00,2021-09-11 15:00:00,365,1
1381,2021-09-11 15:00:00,Random Forest,15,1.9383263103147208,1.9456772717769566,2020-09-11 15:00:00,2021-09-11 15:00:00,2021-09-11 15:00:00,365,1
1382,2021-09-11 15:00:00,Neural Network,15,1.9383263103147208,1.9734562447388178,2020-09-11 15:00:00,2021-09-11 15:00:00,2021-09-11 15:00:00,365,1
1383,2021-09-11 15:00:00,Naive,15,1.9383263103147208,2.220861303857289,2020-09-11 15:00:00,2021-09-11 15:00:00,2021-09-11 15:00:00,365,1
1384,2021-09-12 15:00:00,Decision Tree,15,1.2676091534065923,1.208225735290702,2020-09-12 15:00:00,2021-09-12 15:00:00,2021-09-12 15:00:00,365,1
1385,2021-09-12 15:00:00,Random Forest,15,1.2676091534065923,1.3701462808843072,2020-09-12 15:00:00,2021-09-12 15:00:00,2021-09-12 15:00:00,365,1
1386,2021-09-12 15:00:00,Neural Network,15,1.2676091534065923,1.4182406694808247,2020-09-12 15:00:00,2021-09-12 15:00:00,2021-09-12 15:00:00,365,1
1387,2021-09-12 15:00:00,Naive,15,1.2676091534065923,1.9383263103147208,2020-09-12 15:00:00,2021-09-12 15:00:00,2021-09-12 15:00:00,365,1
1388,2021-09-13 15:00:00,Decision Tree,15,2.3235217797852226,2.240659065634388,2020-09-13 15:00:00,2021-09-13 15:00:00,2021-09-13 15:00:00,365,1
1389,2021-09-13 15:00:00,Random Forest,15,2.3235217797852226,2.134210881641528,2020-09-13 15:00:00,2021-09-13 15:00:00,2021-09-13 15:00:00,365,1
1390,2021-09-13 15:00:00,Neural Network,15,2.3235217797852226,2.736368596698808,2020-09-13 15:00:00,2021-09-13 15:00:00,2021-09-13 15:00:00,365,1
1391,2021-09-13 15:00:00,Naive,15,2.3235217797852226,1.2676091534065923,2020-09-13 15:00:00,2021-09-13 15:00:00,2021-09-13 15:00:00,365,1
1392,2021-09-14 15:00:00,Decision Tree,15,2.4064997240660864,2.254469517992861,2020-09-14 15:00:00,2021-09-14 15:00:00,2021-09-14 15:00:00,365,1
1393,2021-09-14 15:00:00,Random Forest,15,2.4064997240660864,2.208055812449216,2020-09-14 15:00:00,2021-09-14 15:00:00,2021-09-14 15:00:00,365,1
1394,2021-09-14 15:00:00,Neural Network,15,2.4064997240660864,2.9391826281982945,2020-09-14 15:00:00,2021-09-14 15:00:00,2021-09-14 15:00:00,365,1
1395,2021-09-14 15:00:00,Naive,15,2.4064997240660864,2.3235217797852226,2020-09-14 15:00:00,2021-09-14 15:00:00,2021-09-14 15:00:00,365,1
1396,2021-09-15 15:00:00,Decision Tree,15,2.623407816304657,2.2761881188604645,2020-09-15 15:00:00,2021-09-15 15:00:00,2021-09-15 15:00:00,365,1
1397,2021-09-15 15:00:00,Random Forest,15,2.623407816304657,2.2936961334046204,2020-09-15 15:00:00,2021-09-15 15:00:00,2021-09-15 15:00:00,365,1
1398,2021-09-15 15:00:00,Neural Network,15,2.623407816304657,3.2468531956912834,2020-09-15 15:00:00,2021-09-15 15:00:00,2021-09-15 15:00:00,365,1
1399,2021-09-15 15:00:00,Naive,15,2.623407816304657,2.4064997240660864,2020-09-15 15:00:00,2021-09-15 15:00:00,2021-09-15 15:00:00,365,1
1400,2021-09-16 15:00:00,Decision Tree,15,2.209036692650135,2.319590581040988,2020-09-16 15:00:00,2021-09-16 15:00:00,2021-09-16 15:00:00,365,1
1401,2021-09-16 15:00:00,Random Forest,15,2.209036692650135,2.2687898786641423,2020-09-16 15:00:00,2021-09-16 15:00:00,2021-09-16 15:00:00,365,1
1402,2021-09-16 15:00:00,Neural Network,15,2.209036692650135,2.5448457498271306,2020-09-16 15:00:00,2021-09-16 15:00:00,2021-09-16 15:00:00,365,1
1403,2021-09-16 15:00:00,Naive,15,2.209036692650135,2.623407816304657,2020-09-16 15:00:00,2021-09-16 15:00:00,2021-09-16 15:00:00,365,1
1404,2021-09-17 15:00:00,Decision Tree,15,2.298016554097772,2.3073068156642265,2020-09-17 15:00:00,2021-09-17 15:00:00,2021-09-17 15:00:00,365,1
1405,2021-09-17 15:00:00,Random Forest,15,2.298016554097772,2.2834072681342423,2020-09-17 15:00:00,2021-09-17 15:00:00,2021-09-17 15:00:00,365,1
1406,2021-09-17 15:00:00,Neural Network,15,2.298016554097772,2.461472795684079,2020-09-17 15:00:00,2021-09-17 15:00:00,2021-09-17 15:00:00,365,1
1407,2021-09-17 15:00:00,Naive,15,2.298016554097772,2.209036692650135,2020-09-17 15:00:00,2021-09-17 15:00:00,2021-09-17 15:00:00,365,1
1408,2021-09-18 15:00:00,Decision Tree,15,1.9431289422751306,1.9623204554488811,2020-09-18 15:00:00,2021-09-18 15:00:00,2021-09-18 15:00:00,365,1
1409,2021-09-18 15:00:00,Random Forest,15,1.9431289422751306,1.9656482556370747,2020-09-18 15:00:00,2021-09-18 15:00:00,2021-09-18 15:00:00,365,1
1410,2021-09-18 15:00:00,Neural Network,15,1.9431289422751306,1.9119637592044445,2020-09-18 15:00:00,2021-09-18 15:00:00,2021-09-18 15:00:00,365,1
1411,2021-09-18 15:00:00,Naive,15,1.9431289422751306,2.298016554097772,2020-09-18 15:00:00,2021-09-18 15:00:00,2021-09-18 15:00:00,365,1
1412,2021-09-19 15:00:00,Decision Tree,15,1.377634537001477,1.5698433746881455,2020-09-19 15:00:00,2021-09-19 15:00:00,2021-09-19 15:00:00,365,1
1413,2021-09-19 15:00:00,Random Forest,15,1.377634537001477,1.590268404271802,2020-09-19 15:00:00,2021-09-19 15:00:00,2021-09-19 15:00:00,365,1
1414,2021-09-19 15:00:00,Neural Network,15,1.377634537001477,1.5207859549659086,2020-09-19 15:00:00,2021-09-19 15:00:00,2021-09-19 15:00:00,365,1
1415,2021-09-19 15:00:00,Naive,15,1.377634537001477,1.9431289422751306,2020-09-19 15:00:00,2021-09-19 15:00:00,2021-09-19 15:00:00,365,1
1416,2021-09-20 15:00:00,Decision Tree,15,2.384008776740243,2.3720965133807743,2020-09-20 15:00:00,2021-09-20 15:00:00,2021-09-20 15:00:00,365,1
1417,2021-09-20 15:00:00,Random Forest,15,2.384008776740243,2.3954407328055187,2020-09-20 15:00:00,2021-09-20 15:00:00,2021-09-20 15:00:00,365,1
1418,2021-09-20 15:00:00,Neural Network,15,2.384008776740243,2.64880334094375,2020-09-20 15:00:00,2021-09-20 15:00:00,2021-09-20 15:00:00,365,1
1419,2021-09-20 15:00:00,Naive,15,2.384008776740243,1.377634537001477,2020-09-20 15:00:00,2021-09-20 15:00:00,2021-09-20 15:00:00,365,1
1420,2021-09-21 15:00:00,Decision Tree,15,2.1572129714653667,1.9599215163021624,2020-09-21 15:00:00,2021-09-21 15:00:00,2021-09-21 15:00:00,365,1
1421,2021-09-21 15:00:00,Random Forest,15,2.1572129714653667,2.097184178290353,2020-09-21 15:00:00,2021-09-21 15:00:00,2021-09-21 15:00:00,365,1
1422,2021-09-21 15:00:00,Neural Network,15,2.1572129714653667,2.2475076452954235,2020-09-21 15:00:00,2021-09-21 15:00:00,2021-09-21 15:00:00,365,1
1423,2021-09-21 15:00:00,Naive,15,2.1572129714653667,2.384008776740243,2020-09-21 15:00:00,2021-09-21 15:00:00,2021-09-21 15:00:00,365,1
1424,2021-09-22 15:00:00,Decision Tree,15,2.195218990839446,2.4164529664443077,2020-09-22 15:00:00,2021-09-22 15:00:00,2021-09-22 15:00:00,365,1
1425,2021-09-22 15:00:00,Random Forest,15,2.195218990839446,2.257058683237533,2020-09-22 15:00:00,2021-09-22 15:00:00,2021-09-22 15:00:00,365,1
1426,2021-09-22 15:00:00,Neural Network,15,2.195218990839446,2.1997637028599573,2020-09-22 15:00:00,2021-09-22 15:00:00,2021-09-22 15:00:00,365,1
1427,2021-09-22 15:00:00,Naive,15,2.195218990839446,2.1572129714653667,2020-09-22 15:00:00,2021-09-22 15:00:00,2021-09-22 15:00:00,365,1
1428,2021-09-23 15:00:00,Decision Tree,15,-1.15663362869397,-1.0583661833780686,2020-09-23 15:00:00,2021-09-23 15:00:00,2021-09-23 15:00:00,365,1
1429,2021-09-23 15:00:00,Random Forest,15,-1.15663362869397,-1.30194959564941,2020-09-23 15:00:00,2021-09-23 15:00:00,2021-09-23 15:00:00,365,1
1430,2021-09-23 15:00:00,Neural Network,15,-1.15663362869397,-0.8510461111768678,2020-09-23 15:00:00,2021-09-23 15:00:00,2021-09-23 15:00:00,365,1
1431,2021-09-23 15:00:00,Naive,15,-1.15663362869397,2.195218990839446,2020-09-23 15:00:00,2021-09-23 15:00:00,2021-09-23 15:00:00,365,1
1432,2021-09-24 15:00:00,Decision Tree,15,1.4675514860764265,1.6081735842779283,2020-09-24 15:00:00,2021-09-24 15:00:00,2021-09-24 15:00:00,365,1
1433,2021-09-24 15:00:00,Random Forest,15,1.4675514860764265,1.5939072037390873,2020-09-24 15:00:00,2021-09-24 15:00:00,2021-09-24 15:00:00,365,1
1434,2021-09-24 15:00:00,Neural Network,15,1.4675514860764265,1.622155026556991,2020-09-24 15:00:00,2021-09-24 15:00:00,2021-09-24 15:00:00,365,1
1435,2021-09-24 15:00:00,Naive,15,1.4675514860764265,-1.15663362869397,2020-09-24 15:00:00,2021-09-24 15:00:00,2021-09-24 15:00:00,365,1
1436,2021-09-25 15:00:00,Decision Tree,15,1.9482128634698002,1.9818427890980739,2020-09-25 15:00:00,2021-09-25 15:00:00,2021-09-25 15:00:00,365,1
1437,2021-09-25 15:00:00,Random Forest,15,1.9482128634698002,1.9531859564414866,2020-09-25 15:00:00,2021-09-25 15:00:00,2021-09-25 15:00:00,365,1
1438,2021-09-25 15:00:00,Neural Network,15,1.9482128634698002,1.9477079309254153,2020-09-25 15:00:00,2021-09-25 15:00:00,2021-09-25 15:00:00,365,1
1439,2021-09-25 15:00:00,Naive,15,1.9482128634698002,1.4675514860764265,2020-09-25 15:00:00,2021-09-25 15:00:00,2021-09-25 15:00:00,365,1
1440,2021-09-26 15:00:00,Decision Tree,15,1.6856347405259928,1.7369301268421407,2020-09-26 15:00:00,2021-09-26 15:00:00,2021-09-26 15:00:00,365,1
1441,2021-09-26 15:00:00,Random Forest,15,1.6856347405259928,1.7318534998014923,2020-09-26 15:00:00,2021-09-26 15:00:00,2021-09-26 15:00:00,365,1
1442,2021-09-26 15:00:00,Neural Network,15,1.6856347405259928,1.7089409815786656,2020-09-26 15:00:00,2021-09-26 15:00:00,2021-09-26 15:00:00,365,1
1443,2021-09-26 15:00:00,Naive,15,1.6856347405259928,1.9482128634698002,2020-09-26 15:00:00,2021-09-26 15:00:00,2021-09-26 15:00:00,365,1
1444,2021-09-27 15:00:00,Decision Tree,15,2.0511595515215753,1.931864835117441,2020-09-27 15:00:00,2021-09-27 15:00:00,2021-09-27 15:00:00,365,1
1445,2021-09-27 15:00:00,Random Forest,15,2.0511595515215753,2.076646334435704,2020-09-27 15:00:00,2021-09-27 15:00:00,2021-09-27 15:00:00,365,1
1446,2021-09-27 15:00:00,Neural Network,15,2.0511595515215753,2.272086827583019,2020-09-27 15:00:00,2021-09-27 15:00:00,2021-09-27 15:00:00,365,1
1447,2021-09-27 15:00:00,Naive,15,2.0511595515215753,1.6856347405259928,2020-09-27 15:00:00,2021-09-27 15:00:00,2021-09-27 15:00:00,365,1
1448,2021-09-28 15:00:00,Decision Tree,15,2.320351948327984,2.0249863155057213,2020-09-28 15:00:00,2021-09-28 15:00:00,2021-09-28 15:00:00,365,1
1449,2021-09-28 15:00:00,Random Forest,15,2.320351948327984,2.2173202767819515,2020-09-28 15:00:00,2021-09-28 15:00:00,2021-09-28 15:00:00,365,1
1450,2021-09-28 15:00:00,Neural Network,15,2.320351948327984,2.462257283050979,2020-09-28 15:00:00,2021-09-28 15:00:00,2021-09-28 15:00:00,365,1
1451,2021-09-28 15:00:00,Naive,15,2.320351948327984,2.0511595515215753,2020-09-28 15:00:00,2021-09-28 15:00:00,2021-09-28 15:00:00,365,1
1452,2021-09-29 15:00:00,Decision Tree,15,1.7933373718751162,2.0249863155057213,2020-09-29 15:00:00,2021-09-29 15:00:00,2021-09-29 15:00:00,365,1
1453,2021-09-29 15:00:00,Random Forest,15,1.7933373718751162,1.9422903147533293,2020-09-29 15:00:00,2021-09-29 15:00:00,2021-09-29 15:00:00,365,1
1454,2021-09-29 15:00:00,Neural Network,15,1.7933373718751162,1.890272867706083,2020-09-29 15:00:00,2021-09-29 15:00:00,2021-09-29 15:00:00,365,1
1455,2021-09-29 15:00:00,Naive,15,1.7933373718751162,2.320351948327984,2020-09-29 15:00:00,2021-09-29 15:00:00,2021-09-29 15:00:00,365,1
1456,2021-09-30 15:00:00,Decision Tree,15,1.6806925370429173,1.7296022145112624,2020-09-30 15:00:00,2021-09-30 15:00:00,2021-09-30 15:00:00,365,1
1457,2021-09-30 15:00:00,Random Forest,15,1.6806925370429173,1.7545718407864663,2020-09-30 15:00:00,2021-09-30 15:00:00,2021-09-30 15:00:00,365,1
1458,2021-09-30 15:00:00,Neural Network,15,1.6806925370429173,1.8799368208999883,2020-09-30 15:00:00,2021-09-30 15:00:00,2021-09-30 15:00:00,365,1
1459,2021-09-30 15:00:00,Naive,15,1.6806925370429173,1.7933373718751162,2020-09-30 15:00:00,2021-09-30 15:00:00,2021-09-30 15:00:00,365,1
