,timestamp,model,hour,y_true,y_pred,train_start,train_end,test_day,train_rows,test_rows
0,2020-10-01 05:00:00,Decision Tree,5,-0.1452678209358546,-0.1366804007094574,2019-10-01 05:00:00,2020-10-01 05:00:00,2020-10-01 05:00:00,366,1
1,2020-10-01 05:00:00,Random Forest,5,-0.1452678209358546,-0.13038929200079843,2019-10-01 05:00:00,2020-10-01 05:00:00,2020-10-01 05:00:00,366,1
2,2020-10-01 05:00:00,Neural Network,5,-0.1452678209358546,-0.12578504253148814,2019-10-01 05:00:00,2020-10-01 05:00:00,2020-10-01 05:00:00,366,1
3,2020-10-01 05:00:00,Naive,5,-0.1452678209358546,0.39071200987895927,2019-10-01 05:00:00,2020-10-01 05:00:00,2020-10-01 05:00:00,366,1
4,2020-10-02 05:00:00,Decision Tree,5,0.06064606078339735,0.048002968674766916,2019-10-02 05:00:00,2020-10-02 05:00:00,2020-10-02 05:00:00,366,1
5,2020-10-02 05:00:00,Random Forest,5,0.06064606078339735,0.0576291813121745,2019-10-02 05:00:00,2020-10-02 05:00:00,2020-10-02 05:00:00,366,1
6,2020-10-02 05:00:00,Neural Network,5,0.06064606078339735,0.060772666001896125,2019-10-02 05:00:00,2020-10-02 05:00:00,2020-10-02 05:00:00,366,1
7,2020-10-02 05:00:00,Naive,5,0.06064606078339735,-0.1452678209358546,2019-10-02 05:00:00,2020-10-02 05:00:00,2020-10-02 05:00:00,366,1
8,2020-10-03 05:00:00,Decision Tree,5,-1.6547576186294648,-1.6524037851892321,2019-10-03 05:00:00,2020-10-03 05:00:00,2020-10-03 05:00:00,366,1
9,2020-10-03 05:00:00,Random Forest,5,-1.6547576186294648,-1.6750935015660817,2019-10-03 05:00:00,2020-10-03 05:00:00,2020-10-03 05:00:00,366,1
10,2020-10-03 05:00:00,Neural Network,5,-1.6547576186294648,-1.1851736015927292,2019-10-03 05:00:00,2020-10-03 05:00:00,2020-10-03 05:00:00,366,1
11,2020-10-03 05:00:00,Naive,5,-1.6547576186294648,0.06064606078339735,2019-10-03 05:00:00,2020-10-03 05:00:00,2020-10-03 05:00:00,366,1
12,2020-10-04 05:00:00,Decision Tree,5,-1.6092492859232848,-1.624577940872269,2019-10-04 05:00:00,2020-10-04 05:00:00,2020-10-04 05:00:00,366,1
13,2020-10-04 05:00:00,Random Forest,5,-1.6092492859232848,-1.617067386829843,2019-10-04 05:00:00,2020-10-04 05:00:00,2020-10-04 05:00:00,366,1
14,2020-10-04 05:00:00,Neural Network,5,-1.6092492859232848,-1.6092711407039708,2019-10-04 05:00:00,2020-10-04 05:00:00,2020-10-04 05:00:00,366,1
15,2020-10-04 05:00:00,Naive,5,-1.6092492859232848,-1.6547576186294648,2019-10-04 05:00:00,2020-10-04 05:00:00,2020-10-04 05:00:00,366,1
16,2020-10-05 05:00:00,Decision Tree,5,-0.966573188357659,-0.9634486334833358,2019-10-05 05:00:00,2020-10-05 05:00:00,2020-10-05 05:00:00,366,1
17,2020-10-05 05:00:00,Random Forest,5,-0.966573188357659,-0.9649447101422031,2019-10-05 05:00:00,2020-10-05 05:00:00,2020-10-05 05:00:00,366,1
18,2020-10-05 05:00:00,Neural Network,5,-0.966573188357659,-0.9106840268852506,2019-10-05 05:00:00,2020-10-05 05:00:00,2020-10-05 05:00:00,366,1
19,2020-10-05 05:00:00,Naive,5,-0.966573188357659,-1.6092492859232848,2019-10-05 05:00:00,2020-10-05 05:00:00,2020-10-05 05:00:00,366,1
20,2020-10-06 05:00:00,Decision Tree,5,-0.6193822777599218,-0.6303490383332236,2019-10-06 05:00:00,2020-10-06 05:00:00,2020-10-06 05:00:00,366,1
21,2020-10-06 05:00:00,Random Forest,5,-0.6193822777599218,-0.6230132716152705,2019-10-06 05:00:00,2020-10-06 05:00:00,2020-10-06 05:00:00,366,1
22,2020-10-06 05:00:00,Neural Network,5,-0.6193822777599218,-0.6334653627872907,2019-10-06 05:00:00,2020-10-06 05:00:00,2020-10-06 05:00:00,366,1
23,2020-10-06 05:00:00,Naive,5,-0.6193822777599218,-0.966573188357659,2019-10-06 05:00:00,2020-10-06 05:00:00,2020-10-06 05:00:00,366,1
24,2020-10-07 05:00:00,Decision Tree,5,-0.5057360037172918,-0.5119216116447489,2019-10-07 05:00:00,2020-10-07 05:00:00,2020-10-07 05:00:00,366,1
25,2020-10-07 05:00:00,Random Forest,5,-0.5057360037172918,-0.5105375528065853,2019-10-07 05:00:00,2020-10-07 05:00:00,2020-10-07 05:00:00,366,1
26,2020-10-07 05:00:00,Neural Network,5,-0.5057360037172918,-0.44020383966438065,2019-10-07 05:00:00,2020-10-07 05:00:00,2020-10-07 05:00:00,366,1
27,2020-10-07 05:00:00,Naive,5,-0.5057360037172918,-0.6193822777599218,2019-10-07 05:00:00,2020-10-07 05:00:00,2020-10-07 05:00:00,366,1
28,2020-10-08 05:00:00,Decision Tree,5,-0.6098934472847275,-0.6033868812153995,2019-10-08 05:00:00,2020-10-08 05:00:00,2020-10-08 05:00:00,366,1
29,2020-10-08 05:00:00,Random Forest,5,-0.6098934472847275,-0.6095505560889145,2019-10-08 05:00:00,2020-10-08 05:00:00,2020-10-08 05:00:00,366,1
30,2020-10-08 05:00:00,Neural Network,5,-0.6098934472847275,-0.602651305725832,2019-10-08 05:00:00,2020-10-08 05:00:00,2020-10-08 05:00:00,366,1
31,2020-10-08 05:00:00,Naive,5,-0.6098934472847275,-0.5057360037172918,2019-10-08 05:00:00,2020-10-08 05:00:00,2020-10-08 05:00:00,366,1
32,2020-10-09 05:00:00,Decision Tree,5,-0.24268745328892596,-0.2234933935184468,2019-10-09 05:00:00,2020-10-09 05:00:00,2020-10-09 05:00:00,366,1
33,2020-10-09 05:00:00,Random Forest,5,-0.24268745328892596,-0.24785737356274723,2019-10-09 05:00:00,2020-10-09 05:00:00,2020-10-09 05:00:00,366,1
34,2020-10-09 05:00:00,Neural Network,5,-0.24268745328892596,-0.243645653194779,2019-10-09 05:00:00,2020-10-09 05:00:00,2020-10-09 05:00:00,366,1
35,2020-10-09 05:00:00,Naive,5,-0.24268745328892596,-0.6098934472847275,2019-10-09 05:00:00,2020-10-09 05:00:00,2020-10-09 05:00:00,366,1
36,2020-10-10 05:00:00,Decision Tree,5,-0.5537459100482648,-0.5481225461111237,2019-10-10 05:00:00,2020-10-10 05:00:00,2020-10-10 05:00:00,366,1
37,2020-10-10 05:00:00,Random Forest,5,-0.5537459100482648,-0.5438929338631037,2019-10-10 05:00:00,2020-10-10 05:00:00,2020-10-10 05:00:00,366,1
38,2020-10-10 05:00:00,Neural Network,5,-0.5537459100482648,-0.5929199231235841,2019-10-10 05:00:00,2020-10-10 05:00:00,2020-10-10 05:00:00,366,1
39,2020-10-10 05:00:00,Naive,5,-0.5537459100482648,-0.24268745328892596,2019-10-10 05:00:00,2020-10-10 05:00:00,2020-10-10 05:00:00,366,1
40,2020-10-11 05:00:00,Decision Tree,5,-0.653591573484198,-0.6536745706720224,2019-10-11 05:00:00,2020-10-11 05:00:00,2020-10-11 05:00:00,366,1
41,2020-10-11 05:00:00,Random Forest,5,-0.653591573484198,-0.6517788614759147,2019-10-11 05:00:00,2020-10-11 05:00:00,2020-10-11 05:00:00,366,1
42,2020-10-11 05:00:00,Neural Network,5,-0.653591573484198,-0.6120475862807322,2019-10-11 05:00:00,2020-10-11 05:00:00,2020-10-11 05:00:00,366,1
43,2020-10-11 05:00:00,Naive,5,-0.653591573484198,-0.5537459100482648,2019-10-11 05:00:00,2020-10-11 05:00:00,2020-10-11 05:00:00,366,1
44,2020-10-12 05:00:00,Decision Tree,5,-0.44159167673285493,-0.4431800476916131,2019-10-12 05:00:00,2020-10-12 05:00:00,2020-10-12 05:00:00,366,1
45,2020-10-12 05:00:00,Random Forest,5,-0.44159167673285493,-0.444893326832794,2019-10-12 05:00:00,2020-10-12 05:00:00,2020-10-12 05:00:00,366,1
46,2020-10-12 05:00:00,Neural Network,5,-0.44159167673285493,-0.30005088778571504,2019-10-12 05:00:00,2020-10-12 05:00:00,2020-10-12 05:00:00,366,1
47,2020-10-12 05:00:00,Naive,5,-0.44159167673285493,-0.653591573484198,2019-10-12 05:00:00,2020-10-12 05:00:00,2020-10-12 05:00:00,366,1
48,2020-10-13 05:00:00,Decision Tree,5,0.03241833569056129,0.002645005135512886,2019-10-13 05:00:00,2020-10-13 05:00:00,2020-10-13 05:00:00,366,1
49,2020-10-13 05:00:00,Random Forest,5,0.03241833569056129,0.01400606706308739,2019-10-13 05:00:00,2020-10-13 05:00:00,2020-10-13 05:00:00,366,1
50,2020-10-13 05:00:00,Neural Network,5,0.03241833569056129,0.11198188851102542,2019-10-13 05:00:00,2020-10-13 05:00:00,2020-10-13 05:00:00,366,1
51,2020-10-13 05:00:00,Naive,5,0.03241833569056129,-0.44159167673285493,2019-10-13 05:00:00,2020-10-13 05:00:00,2020-10-13 05:00:00,366,1
52,2020-10-14 05:00:00,Decision Tree,5,-0.2878255533149841,-0.27626749497203873,2019-10-14 05:00:00,2020-10-14 05:00:00,2020-10-14 05:00:00,366,1
53,2020-10-14 05:00:00,Random Forest,5,-0.2878255533149841,-0.29561156059467936,2019-10-14 05:00:00,2020-10-14 05:00:00,2020-10-14 05:00:00,366,1
54,2020-10-14 05:00:00,Neural Network,5,-0.2878255533149841,-0.42268418232517824,2019-10-14 05:00:00,2020-10-14 05:00:00,2020-10-14 05:00:00,366,1
55,2020-10-14 05:00:00,Naive,5,-0.2878255533149841,0.03241833569056129,2019-10-14 05:00:00,2020-10-14 05:00:00,2020-10-14 05:00:00,366,1
56,2020-10-15 05:00:00,Decision Tree,5,-0.29986411006180697,-0.3119598990623346,2019-10-15 05:00:00,2020-10-15 05:00:00,2020-10-15 05:00:00,366,1
57,2020-10-15 05:00:00,Random Forest,5,-0.29986411006180697,-0.2973724735372726,2019-10-15 05:00:00,2020-10-15 05:00:00,2020-10-15 05:00:00,366,1
58,2020-10-15 05:00:00,Neural Network,5,-0.29986411006180697,-0.36311094110322867,2019-10-15 05:00:00,2020-10-15 05:00:00,2020-10-15 05:00:00,366,1
59,2020-10-15 05:00:00,Naive,5,-0.29986411006180697,-0.2878255533149841,2019-10-15 05:00:00,2020-10-15 05:00:00,2020-10-15 05:00:00,366,1
60,2020-10-16 05:00:00,Decision Tree,5,0.012172037979425534,0.002645005135512886,2019-10-16 05:00:00,2020-10-16 05:00:00,2020-10-16 05:00:00,366,1
61,2020-10-16 05:00:00,Random Forest,5,0.012172037979425534,-0.003913011133510352,2019-10-16 05:00:00,2020-10-16 05:00:00,2020-10-16 05:00:00,366,1
62,2020-10-16 05:00:00,Neural Network,5,0.012172037979425534,-0.016996936592186485,2019-10-16 05:00:00,2020-10-16 05:00:00,2020-10-16 05:00:00,366,1
63,2020-10-16 05:00:00,Naive,5,0.012172037979425534,-0.29986411006180697,2019-10-16 05:00:00,2020-10-16 05:00:00,2020-10-16 05:00:00,366,1
64,2020-10-17 05:00:00,Decision Tree,5,0.07026142556693472,0.04763527606532002,2019-10-17 05:00:00,2020-10-17 05:00:00,2020-10-17 05:00:00,366,1
65,2020-10-17 05:00:00,Random Forest,5,0.07026142556693472,0.05740591000834033,2019-10-17 05:00:00,2020-10-17 05:00:00,2020-10-17 05:00:00,366,1
66,2020-10-17 05:00:00,Neural Network,5,0.07026142556693472,0.07907528928925833,2019-10-17 05:00:00,2020-10-17 05:00:00,2020-10-17 05:00:00,366,1
67,2020-10-17 05:00:00,Naive,5,0.07026142556693472,0.012172037979425534,2019-10-17 05:00:00,2020-10-17 05:00:00,2020-10-17 05:00:00,366,1
68,2020-10-18 05:00:00,Decision Tree,5,-0.9769744476568124,-0.9643872303271629,2019-10-18 05:00:00,2020-10-18 05:00:00,2020-10-18 05:00:00,366,1
69,2020-10-18 05:00:00,Random Forest,5,-0.9769744476568124,-0.9613291067697993,2019-10-18 05:00:00,2020-10-18 05:00:00,2020-10-18 05:00:00,366,1
70,2020-10-18 05:00:00,Neural Network,5,-0.9769744476568124,-0.9290568912616911,2019-10-18 05:00:00,2020-10-18 05:00:00,2020-10-18 05:00:00,366,1
71,2020-10-18 05:00:00,Naive,5,-0.9769744476568124,0.07026142556693472,2019-10-18 05:00:00,2020-10-18 05:00:00,2020-10-18 05:00:00,366,1
72,2020-10-19 05:00:00,Decision Tree,5,-0.0640903858825403,-0.09492949957839354,2019-10-19 05:00:00,2020-10-19 05:00:00,2020-10-19 05:00:00,366,1
73,2020-10-19 05:00:00,Random Forest,5,-0.0640903858825403,-0.08430558186178111,2019-10-19 05:00:00,2020-10-19 05:00:00,2020-10-19 05:00:00,366,1
74,2020-10-19 05:00:00,Neural Network,5,-0.0640903858825403,-0.05797388764503486,2019-10-19 05:00:00,2020-10-19 05:00:00,2020-10-19 05:00:00,366,1
75,2020-10-19 05:00:00,Naive,5,-0.0640903858825403,-0.9769744476568124,2019-10-19 05:00:00,2020-10-19 05:00:00,2020-10-19 05:00:00,366,1
76,2020-10-20 05:00:00,Decision Tree,5,-0.45912947408950133,-0.4743020393573277,2019-10-20 05:00:00,2020-10-20 05:00:00,2020-10-20 05:00:00,366,1
77,2020-10-20 05:00:00,Random Forest,5,-0.45912947408950133,-0.46739480231739494,2019-10-20 05:00:00,2020-10-20 05:00:00,2020-10-20 05:00:00,366,1
78,2020-10-20 05:00:00,Neural Network,5,-0.45912947408950133,-0.4268742319685476,2019-10-20 05:00:00,2020-10-20 05:00:00,2020-10-20 05:00:00,366,1
79,2020-10-20 05:00:00,Naive,5,-0.45912947408950133,-0.0640903858825403,2019-10-20 05:00:00,2020-10-20 05:00:00,2020-10-20 05:00:00,366,1
80,2020-10-21 05:00:00,Decision Tree,5,-0.41742084731944384,-0.4384197999747504,2019-10-21 05:00:00,2020-10-21 05:00:00,2020-10-21 05:00:00,366,1
81,2020-10-21 05:00:00,Random Forest,5,-0.41742084731944384,-0.4159143480324114,2019-10-21 05:00:00,2020-10-21 05:00:00,2020-10-21 05:00:00,366,1
82,2020-10-21 05:00:00,Neural Network,5,-0.41742084731944384,-0.3086031471020433,2019-10-21 05:00:00,2020-10-21 05:00:00,2020-10-21 05:00:00,366,1
83,2020-10-21 05:00:00,Naive,5,-0.41742084731944384,-0.45912947408950133,2019-10-21 05:00:00,2020-10-21 05:00:00,2020-10-21 05:00:00,366,1
84,2020-10-22 05:00:00,Decision Tree,5,-0.4815114343959133,-0.47261619877201366,2019-10-22 05:00:00,2020-10-22 05:00:00,2020-10-22 05:00:00,366,1
85,2020-10-22 05:00:00,Random Forest,5,-0.4815114343959133,-0.47825451060096713,2019-10-22 05:00:00,2020-10-22 05:00:00,2020-10-22 05:00:00,366,1
86,2020-10-22 05:00:00,Neural Network,5,-0.4815114343959133,-0.5709982932481583,2019-10-22 05:00:00,2020-10-22 05:00:00,2020-10-22 05:00:00,366,1
87,2020-10-22 05:00:00,Naive,5,-0.4815114343959133,-0.41742084731944384,2019-10-22 05:00:00,2020-10-22 05:00:00,2020-10-22 05:00:00,366,1
88,2020-10-23 05:00:00,Decision Tree,5,0.07784479078708156,0.0762767999390976,2019-10-23 05:00:00,2020-10-23 05:00:00,2020-10-23 05:00:00,366,1
89,2020-10-23 05:00:00,Random Forest,5,0.07784479078708156,0.060821834254572736,2019-10-23 05:00:00,2020-10-23 05:00:00,2020-10-23 05:00:00,366,1
90,2020-10-23 05:00:00,Neural Network,5,0.07784479078708156,-0.05489891140900105,2019-10-23 05:00:00,2020-10-23 05:00:00,2020-10-23 05:00:00,366,1
91,2020-10-23 05:00:00,Naive,5,0.07784479078708156,-0.4815114343959133,2019-10-23 05:00:00,2020-10-23 05:00:00,2020-10-23 05:00:00,366,1
92,2020-10-24 05:00:00,Decision Tree,5,-0.7813085317040317,-0.7804607794614717,2019-10-24 05:00:00,2020-10-24 05:00:00,2020-10-24 05:00:00,366,1
93,2020-10-24 05:00:00,Random Forest,5,-0.7813085317040317,-0.7691285097597247,2019-10-24 05:00:00,2020-10-24 05:00:00,2020-10-24 05:00:00,366,1
94,2020-10-24 05:00:00,Neural Network,5,-0.7813085317040317,-0.7775048003700655,2019-10-24 05:00:00,2020-10-24 05:00:00,2020-10-24 05:00:00,366,1
95,2020-10-24 05:00:00,Naive,5,-0.7813085317040317,0.07784479078708156,2019-10-24 05:00:00,2020-10-24 05:00:00,2020-10-24 05:00:00,366,1
96,2020-10-25 05:00:00,Decision Tree,5,-1.7127783655763034,-1.7009014992098064,2019-10-25 05:00:00,2020-10-25 05:00:00,2020-10-25 05:00:00,366,1
97,2020-10-25 05:00:00,Random Forest,5,-1.7127783655763034,-1.6919324590122662,2019-10-25 05:00:00,2020-10-25 05:00:00,2020-10-25 05:00:00,366,1
98,2020-10-25 05:00:00,Neural Network,5,-1.7127783655763034,-1.738928799298674,2019-10-25 05:00:00,2020-10-25 05:00:00,2020-10-25 05:00:00,366,1
99,2020-10-25 05:00:00,Naive,5,-1.7127783655763034,-0.7813085317040317,2019-10-25 05:00:00,2020-10-25 05:00:00,2020-10-25 05:00:00,366,1
100,2020-10-26 05:00:00,Decision Tree,5,-0.6472247823911574,-0.6496201519884927,2019-10-26 05:00:00,2020-10-26 05:00:00,2020-10-26 05:00:00,366,1
101,2020-10-26 05:00:00,Random Forest,5,-0.6472247823911574,-0.6492165244055677,2019-10-26 05:00:00,2020-10-26 05:00:00,2020-10-26 05:00:00,366,1
102,2020-10-26 05:00:00,Neural Network,5,-0.6472247823911574,-0.5306196097037993,2019-10-26 05:00:00,2020-10-26 05:00:00,2020-10-26 05:00:00,366,1
103,2020-10-26 05:00:00,Naive,5,-0.6472247823911574,-1.7127783655763034,2019-10-26 05:00:00,2020-10-26 05:00:00,2020-10-26 05:00:00,366,1
104,2020-10-27 05:00:00,Decision Tree,5,-0.26648565886174,-0.27416374059144016,2019-10-27 05:00:00,2020-10-27 05:00:00,2020-10-27 05:00:00,366,1
105,2020-10-27 05:00:00,Random Forest,5,-0.26648565886174,-0.28398530760088,2019-10-27 05:00:00,2020-10-27 05:00:00,2020-10-27 05:00:00,366,1
106,2020-10-27 05:00:00,Neural Network,5,-0.26648565886174,-0.3429483120841902,2019-10-27 05:00:00,2020-10-27 05:00:00,2020-10-27 05:00:00,366,1
107,2020-10-27 05:00:00,Naive,5,-0.26648565886174,-0.6472247823911574,2019-10-27 05:00:00,2020-10-27 05:00:00,2020-10-27 05:00:00,366,1
108,2020-10-28 05:00:00,Decision Tree,5,-0.5478270384531243,-0.5510400960330187,2019-10-28 05:00:00,2020-10-28 05:00:00,2020-10-28 05:00:00,366,1
109,2020-10-28 05:00:00,Random Forest,5,-0.5478270384531243,-0.5484730758808174,2019-10-28 05:00:00,2020-10-28 05:00:00,2020-10-28 05:00:00,366,1
110,2020-10-28 05:00:00,Neural Network,5,-0.5478270384531243,-0.5088160843872188,2019-10-28 05:00:00,2020-10-28 05:00:00,2020-10-28 05:00:00,366,1
111,2020-10-28 05:00:00,Naive,5,-0.5478270384531243,-0.26648565886174,2019-10-28 05:00:00,2020-10-28 05:00:00,2020-10-28 05:00:00,366,1
112,2020-10-29 05:00:00,Decision Tree,5,-0.8232393683191134,-0.8156948608684902,2019-10-29 05:00:00,2020-10-29 05:00:00,2020-10-29 05:00:00,366,1
113,2020-10-29 05:00:00,Random Forest,5,-0.8232393683191134,-0.8133586865849046,2019-10-29 05:00:00,2020-10-29 05:00:00,2020-10-29 05:00:00,366,1
114,2020-10-29 05:00:00,Neural Network,5,-0.8232393683191134,-0.868187610981615,2019-10-29 05:00:00,2020-10-29 05:00:00,2020-10-29 05:00:00,366,1
115,2020-10-29 05:00:00,Naive,5,-0.8232393683191134,-0.5478270384531243,2019-10-29 05:00:00,2020-10-29 05:00:00,2020-10-29 05:00:00,366,1
116,2020-10-30 05:00:00,Decision Tree,5,-1.190409513942969,-1.2060312095092702,2019-10-30 05:00:00,2020-10-30 05:00:00,2020-10-30 05:00:00,366,1
117,2020-10-30 05:00:00,Random Forest,5,-1.190409513942969,-1.1780444083021384,2019-10-30 05:00:00,2020-10-30 05:00:00,2020-10-30 05:00:00,366,1
118,2020-10-30 05:00:00,Neural Network,5,-1.190409513942969,-1.0649700803791997,2019-10-30 05:00:00,2020-10-30 05:00:00,2020-10-30 05:00:00,366,1
119,2020-10-30 05:00:00,Naive,5,-1.190409513942969,-0.8232393683191134,2019-10-30 05:00:00,2020-10-30 05:00:00,2020-10-30 05:00:00,366,1
120,2020-10-31 05:00:00,Decision Tree,5,-0.5058251090708098,-0.5117093483588983,2019-10-31 05:00:00,2020-10-31 05:00:00,2020-10-31 05:00:00,366,1
121,2020-10-31 05:00:00,Random Forest,5,-0.5058251090708098,-0.5137536689847801,2019-10-31 05:00:00,2020-10-31 05:00:00,2020-10-31 05:00:00,366,1
122,2020-10-31 05:00:00,Neural Network,5,-0.5058251090708098,-0.4055805722122661,2019-10-31 05:00:00,2020-10-31 05:00:00,2020-10-31 05:00:00,366,1
123,2020-10-31 05:00:00,Naive,5,-0.5058251090708098,-1.190409513942969,2019-10-31 05:00:00,2020-10-31 05:00:00,2020-10-31 05:00:00,366,1
124,2020-11-01 05:00:00,Decision Tree,5,-1.3812470368816092,-1.3203081183746768,2019-11-01 05:00:00,2020-11-01 05:00:00,2020-11-01 05:00:00,366,1
125,2020-11-01 05:00:00,Random Forest,5,-1.3812470368816092,-1.3644774414961982,2019-11-01 05:00:00,2020-11-01 05:00:00,2020-11-01 05:00:00,366,1
126,2020-11-01 05:00:00,Neural Network,5,-1.3812470368816092,-1.023701775338958,2019-11-01 05:00:00,2020-11-01 05:00:00,2020-11-01 05:00:00,366,1
127,2020-11-01 05:00:00,Naive,5,-1.3812470368816092,-0.5058251090708098,2019-11-01 05:00:00,2020-11-01 05:00:00,2020-11-01 05:00:00,366,1
128,2020-11-02 05:00:00,Decision Tree,5,-1.674348451502174,-1.6527400471092653,2019-11-02 05:00:00,2020-11-02 05:00:00,2020-11-02 05:00:00,366,1
129,2020-11-02 05:00:00,Random Forest,5,-1.674348451502174,-1.6511891933511396,2019-11-02 05:00:00,2020-11-02 05:00:00,2020-11-02 05:00:00,366,1
130,2020-11-02 05:00:00,Neural Network,5,-1.674348451502174,-1.6057071388236137,2019-11-02 05:00:00,2020-11-02 05:00:00,2020-11-02 05:00:00,366,1
131,2020-11-02 05:00:00,Naive,5,-1.674348451502174,-1.3812470368816092,2019-11-02 05:00:00,2020-11-02 05:00:00,2020-11-02 05:00:00,366,1
132,2020-11-03 05:00:00,Decision Tree,5,-0.5580419729013418,-0.5583622594131304,2019-11-03 05:00:00,2020-11-03 05:00:00,2020-11-03 05:00:00,366,1
133,2020-11-03 05:00:00,Random Forest,5,-0.5580419729013418,-0.574206162601891,2019-11-03 05:00:00,2020-11-03 05:00:00,2020-11-03 05:00:00,366,1
134,2020-11-03 05:00:00,Neural Network,5,-0.5580419729013418,-0.47882367293637773,2019-11-03 05:00:00,2020-11-03 05:00:00,2020-11-03 05:00:00,366,1
135,2020-11-03 05:00:00,Naive,5,-0.5580419729013418,-1.674348451502174,2019-11-03 05:00:00,2020-11-03 05:00:00,2020-11-03 05:00:00,366,1
136,2020-11-04 05:00:00,Decision Tree,5,-0.27257325208757255,-0.3085609893843198,2019-11-04 05:00:00,2020-11-04 05:00:00,2020-11-04 05:00:00,366,1
137,2020-11-04 05:00:00,Random Forest,5,-0.27257325208757255,-0.299812861781633,2019-11-04 05:00:00,2020-11-04 05:00:00,2020-11-04 05:00:00,366,1
138,2020-11-04 05:00:00,Neural Network,5,-0.27257325208757255,-0.33760999929485863,2019-11-04 05:00:00,2020-11-04 05:00:00,2020-11-04 05:00:00,366,1
139,2020-11-04 05:00:00,Naive,5,-0.27257325208757255,-0.5580419729013418,2019-11-04 05:00:00,2020-11-04 05:00:00,2020-11-04 05:00:00,366,1
140,2020-11-05 05:00:00,Decision Tree,5,-0.16980214389216994,-0.1838696667057548,2019-11-05 05:00:00,2020-11-05 05:00:00,2020-11-05 05:00:00,366,1
141,2020-11-05 05:00:00,Random Forest,5,-0.16980214389216994,-0.19723749998471762,2019-11-05 05:00:00,2020-11-05 05:00:00,2020-11-05 05:00:00,366,1
142,2020-11-05 05:00:00,Neural Network,5,-0.16980214389216994,-0.1848387173486603,2019-11-05 05:00:00,2020-11-05 05:00:00,2020-11-05 05:00:00,366,1
143,2020-11-05 05:00:00,Naive,5,-0.16980214389216994,-0.27257325208757255,2019-11-05 05:00:00,2020-11-05 05:00:00,2020-11-05 05:00:00,366,1
144,2020-11-06 05:00:00,Decision Tree,5,-0.22463582723001935,-0.2698957617007914,2019-11-06 05:00:00,2020-11-06 05:00:00,2020-11-06 05:00:00,366,1
145,2020-11-06 05:00:00,Random Forest,5,-0.22463582723001935,-0.26311456246273823,2019-11-06 05:00:00,2020-11-06 05:00:00,2020-11-06 05:00:00,366,1
146,2020-11-06 05:00:00,Neural Network,5,-0.22463582723001935,-0.09788903963755369,2019-11-06 05:00:00,2020-11-06 05:00:00,2020-11-06 05:00:00,366,1
147,2020-11-06 05:00:00,Naive,5,-0.22463582723001935,-0.16980214389216994,2019-11-06 05:00:00,2020-11-06 05:00:00,2020-11-06 05:00:00,366,1
148,2020-11-07 05:00:00,Decision Tree,5,-0.4779702961174038,-0.4949074088621561,2019-11-07 05:00:00,2020-11-07 05:00:00,2020-11-07 05:00:00,366,1
149,2020-11-07 05:00:00,Random Forest,5,-0.4779702961174038,-0.4912046051082034,2019-11-07 05:00:00,2020-11-07 05:00:00,2020-11-07 05:00:00,366,1
150,2020-11-07 05:00:00,Neural Network,5,-0.4779702961174038,-0.39685115288321493,2019-11-07 05:00:00,2020-11-07 05:00:00,2020-11-07 05:00:00,366,1
151,2020-11-07 05:00:00,Naive,5,-0.4779702961174038,-0.22463582723001935,2019-11-07 05:00:00,2020-11-07 05:00:00,2020-11-07 05:00:00,366,1
152,2020-11-08 05:00:00,Decision Tree,5,-0.21392352481905177,-0.2348402089709095,2019-11-08 05:00:00,2020-11-08 05:00:00,2020-11-08 05:00:00,366,1
153,2020-11-08 05:00:00,Random Forest,5,-0.21392352481905177,-0.23783186829547825,2019-11-08 05:00:00,2020-11-08 05:00:00,2020-11-08 05:00:00,366,1
154,2020-11-08 05:00:00,Neural Network,5,-0.21392352481905177,-0.2778227860667124,2019-11-08 05:00:00,2020-11-08 05:00:00,2020-11-08 05:00:00,366,1
155,2020-11-08 05:00:00,Naive,5,-0.21392352481905177,-0.4779702961174038,2019-11-08 05:00:00,2020-11-08 05:00:00,2020-11-08 05:00:00,366,1
156,2020-11-09 05:00:00,Decision Tree,5,-0.16747138599768036,-0.18808845027241738,2019-11-09 05:00:00,2020-11-09 05:00:00,2020-11-09 05:00:00,366,1
157,2020-11-09 05:00:00,Random Forest,5,-0.16747138599768036,-0.19251963390931914,2019-11-09 05:00:00,2020-11-09 05:00:00,2020-11-09 05:00:00,366,1
158,2020-11-09 05:00:00,Neural Network,5,-0.16747138599768036,-0.057841868721009715,2019-11-09 05:00:00,2020-11-09 05:00:00,2020-11-09 05:00:00,366,1
159,2020-11-09 05:00:00,Naive,5,-0.16747138599768036,-0.21392352481905177,2019-11-09 05:00:00,2020-11-09 05:00:00,2020-11-09 05:00:00,366,1
160,2020-11-10 05:00:00,Decision Tree,5,0.0022018178927796523,-0.021918489458851397,2019-11-10 05:00:00,2020-11-10 05:00:00,2020-11-10 05:00:00,366,1
161,2020-11-10 05:00:00,Random Forest,5,0.0022018178927796523,-0.05381175465041486,2019-11-10 05:00:00,2020-11-10 05:00:00,2020-11-10 05:00:00,366,1
162,2020-11-10 05:00:00,Neural Network,5,0.0022018178927796523,0.05821298420391596,2019-11-10 05:00:00,2020-11-10 05:00:00,2020-11-10 05:00:00,366,1
163,2020-11-10 05:00:00,Naive,5,0.0022018178927796523,-0.16747138599768036,2019-11-10 05:00:00,2020-11-10 05:00:00,2020-11-10 05:00:00,366,1
164,2020-11-11 05:00:00,Decision Tree,5,0.0358383659700477,-0.03547800155616539,2019-11-11 05:00:00,2020-11-11 05:00:00,2020-11-11 05:00:00,366,1
165,2020-11-11 05:00:00,Random Forest,5,0.0358383659700477,-0.004638992510894363,2019-11-11 05:00:00,2020-11-11 05:00:00,2020-11-11 05:00:00,366,1
166,2020-11-11 05:00:00,Neural Network,5,0.0358383659700477,0.11092480988507913,2019-11-11 05:00:00,2020-11-11 05:00:00,2020-11-11 05:00:00,366,1
167,2020-11-11 05:00:00,Naive,5,0.0358383659700477,0.0022018178927796523,2019-11-11 05:00:00,2020-11-11 05:00:00,2020-11-11 05:00:00,366,1
168,2020-11-12 05:00:00,Decision Tree,5,-0.14369884185810997,-0.18465227289329456,2019-11-12 05:00:00,2020-11-12 05:00:00,2020-11-12 05:00:00,366,1
169,2020-11-12 05:00:00,Random Forest,5,-0.14369884185810997,-0.17838345516801266,2019-11-12 05:00:00,2020-11-12 05:00:00,2020-11-12 05:00:00,366,1
170,2020-11-12 05:00:00,Neural Network,5,-0.14369884185810997,-0.19211678357266815,2019-11-12 05:00:00,2020-11-12 05:00:00,2020-11-12 05:00:00,366,1
171,2020-11-12 05:00:00,Naive,5,-0.14369884185810997,0.0358383659700477,2019-11-12 05:00:00,2020-11-12 05:00:00,2020-11-12 05:00:00,366,1
172,2020-11-13 05:00:00,Decision Tree,5,-0.3868239337841235,-0.4110146782193941,2019-11-13 05:00:00,2020-11-13 05:00:00,2020-11-13 05:00:00,366,1
173,2020-11-13 05:00:00,Random Forest,5,-0.3868239337841235,-0.4113953717486665,2019-11-13 05:00:00,2020-11-13 05:00:00,2020-11-13 05:00:00,366,1
174,2020-11-13 05:00:00,Neural Network,5,-0.3868239337841235,-0.2725004638623101,2019-11-13 05:00:00,2020-11-13 05:00:00,2020-11-13 05:00:00,366,1
175,2020-11-13 05:00:00,Naive,5,-0.3868239337841235,-0.14369884185810997,2019-11-13 05:00:00,2020-11-13 05:00:00,2020-11-13 05:00:00,366,1
176,2020-11-14 05:00:00,Decision Tree,5,-0.2402774485695145,-0.2698957617007913,2019-11-14 05:00:00,2020-11-14 05:00:00,2020-11-14 05:00:00,366,1
177,2020-11-14 05:00:00,Random Forest,5,-0.2402774485695145,-0.2734556404865478,2019-11-14 05:00:00,2020-11-14 05:00:00,2020-11-14 05:00:00,366,1
178,2020-11-14 05:00:00,Neural Network,5,-0.2402774485695145,-0.24509219533396925,2019-11-14 05:00:00,2020-11-14 05:00:00,2020-11-14 05:00:00,366,1
179,2020-11-14 05:00:00,Naive,5,-0.2402774485695145,-0.3868239337841235,2019-11-14 05:00:00,2020-11-14 05:00:00,2020-11-14 05:00:00,366,1
180,2020-11-15 05:00:00,Decision Tree,5,-1.673611933852395,-1.6554410976583789,2019-11-15 05:00:00,2020-11-15 05:00:00,2020-11-15 05:00:00,366,1
181,2020-11-15 05:00:00,Random Forest,5,-1.673611933852395,-1.6579528334004574,2019-11-15 05:00:00,2020-11-15 05:00:00,2020-11-15 05:00:00,366,1
182,2020-11-15 05:00:00,Neural Network,5,-1.673611933852395,-1.5872509888876145,2019-11-15 05:00:00,2020-11-15 05:00:00,2020-11-15 05:00:00,366,1
183,2020-11-15 05:00:00,Naive,5,-1.673611933852395,-0.2402774485695145,2019-11-15 05:00:00,2020-11-15 05:00:00,2020-11-15 05:00:00,366,1
184,2020-11-16 05:00:00,Decision Tree,5,-1.6701335713841727,-1.6672371032285214,2019-11-16 05:00:00,2020-11-16 05:00:00,2020-11-16 05:00:00,366,1
185,2020-11-16 05:00:00,Random Forest,5,-1.6701335713841727,-1.654075314197504,2019-11-16 05:00:00,2020-11-16 05:00:00,2020-11-16 05:00:00,366,1
186,2020-11-16 05:00:00,Neural Network,5,-1.6701335713841727,-1.5587499987771645,2019-11-16 05:00:00,2020-11-16 05:00:00,2020-11-16 05:00:00,366,1
187,2020-11-16 05:00:00,Naive,5,-1.6701335713841727,-1.673611933852395,2019-11-16 05:00:00,2020-11-16 05:00:00,2020-11-16 05:00:00,366,1
188,2020-11-17 05:00:00,Decision Tree,5,-0.3633466482139366,-0.3908828226802164,2019-11-17 05:00:00,2020-11-17 05:00:00,2020-11-17 05:00:00,366,1
189,2020-11-17 05:00:00,Random Forest,5,-0.3633466482139366,-0.39758299419482757,2019-11-17 05:00:00,2020-11-17 05:00:00,2020-11-17 05:00:00,366,1
190,2020-11-17 05:00:00,Neural Network,5,-0.3633466482139366,-0.3336000474813092,2019-11-17 05:00:00,2020-11-17 05:00:00,2020-11-17 05:00:00,366,1
191,2020-11-17 05:00:00,Naive,5,-0.3633466482139366,-1.6701335713841727,2019-11-17 05:00:00,2020-11-17 05:00:00,2020-11-17 05:00:00,366,1
192,2020-11-18 05:00:00,Decision Tree,5,-0.19351127513305177,-0.2330293256086286,2019-11-18 05:00:00,2020-11-18 05:00:00,2020-11-18 05:00:00,366,1
193,2020-11-18 05:00:00,Random Forest,5,-0.19351127513305177,-0.23193643147828208,2019-11-18 05:00:00,2020-11-18 05:00:00,2020-11-18 05:00:00,366,1
194,2020-11-18 05:00:00,Neural Network,5,-0.19351127513305177,-0.23961425884685983,2019-11-18 05:00:00,2020-11-18 05:00:00,2020-11-18 05:00:00,366,1
195,2020-11-18 05:00:00,Naive,5,-0.19351127513305177,-0.3633466482139366,2019-11-18 05:00:00,2020-11-18 05:00:00,2020-11-18 05:00:00,366,1
196,2020-11-19 05:00:00,Decision Tree,5,-1.5120798088923038,-1.4735463741517307,2019-11-19 05:00:00,2020-11-19 05:00:00,2020-11-19 05:00:00,366,1
197,2020-11-19 05:00:00,Random Forest,5,-1.5120798088923038,-1.4878434794514188,2019-11-19 05:00:00,2020-11-19 05:00:00,2020-11-19 05:00:00,366,1
198,2020-11-19 05:00:00,Neural Network,5,-1.5120798088923038,-1.3729025099402012,2019-11-19 05:00:00,2020-11-19 05:00:00,2020-11-19 05:00:00,366,1
199,2020-11-19 05:00:00,Naive,5,-1.5120798088923038,-0.19351127513305177,2019-11-19 05:00:00,2020-11-19 05:00:00,2020-11-19 05:00:00,366,1
200,2020-11-20 05:00:00,Decision Tree,5,-0.1654552091432276,-0.21602201825078052,2019-11-20 05:00:00,2020-11-20 05:00:00,2020-11-20 05:00:00,366,1
201,2020-11-20 05:00:00,Random Forest,5,-0.1654552091432276,-0.2209192319533056,2019-11-20 05:00:00,2020-11-20 05:00:00,2020-11-20 05:00:00,366,1
202,2020-11-20 05:00:00,Neural Network,5,-0.1654552091432276,-0.25844288820694994,2019-11-20 05:00:00,2020-11-20 05:00:00,2020-11-20 05:00:00,366,1
203,2020-11-20 05:00:00,Naive,5,-0.1654552091432276,-1.5120798088923038,2019-11-20 05:00:00,2020-11-20 05:00:00,2020-11-20 05:00:00,366,1
204,2020-11-21 05:00:00,Decision Tree,5,-0.48338474643868634,-0.5103863478320744,2019-11-21 05:00:00,2020-11-21 05:00:00,2020-11-21 05:00:00,366,1
205,2020-11-21 05:00:00,Random Forest,5,-0.48338474643868634,-0.5079846358852698,2019-11-21 05:00:00,2020-11-21 05:00:00,2020-11-21 05:00:00,366,1
206,2020-11-21 05:00:00,Neural Network,5,-0.48338474643868634,-0.497576798272748,2019-11-21 05:00:00,2020-11-21 05:00:00,2020-11-21 05:00:00,366,1
207,2020-11-21 05:00:00,Naive,5,-0.48338474643868634,-0.1654552091432276,2019-11-21 05:00:00,2020-11-21 05:00:00,2020-11-21 05:00:00,366,1
208,2020-11-22 05:00:00,Decision Tree,5,-0.6488793036564134,-0.6675096061746864,2019-11-22 05:00:00,2020-11-22 05:00:00,2020-11-22 05:00:00,366,1
209,2020-11-22 05:00:00,Random Forest,5,-0.6488793036564134,-0.6621529115339286,2019-11-22 05:00:00,2020-11-22 05:00:00,2020-11-22 05:00:00,366,1
210,2020-11-22 05:00:00,Neural Network,5,-0.6488793036564134,-0.6367756385184666,2019-11-22 05:00:00,2020-11-22 05:00:00,2020-11-22 05:00:00,366,1
211,2020-11-22 05:00:00,Naive,5,-0.6488793036564134,-0.48338474643868634,2019-11-22 05:00:00,2020-11-22 05:00:00,2020-11-22 05:00:00,366,1
212,2020-11-23 05:00:00,Decision Tree,5,-0.18660600755302476,-0.21667042835199596,2019-11-23 05:00:00,2020-11-23 05:00:00,2020-11-23 05:00:00,366,1
213,2020-11-23 05:00:00,Random Forest,5,-0.18660600755302476,-0.21959982634026587,2019-11-23 05:00:00,2020-11-23 05:00:00,2020-11-23 05:00:00,366,1
214,2020-11-23 05:00:00,Neural Network,5,-0.18660600755302476,-0.2260405569780901,2019-11-23 05:00:00,2020-11-23 05:00:00,2020-11-23 05:00:00,366,1
215,2020-11-23 05:00:00,Naive,5,-0.18660600755302476,-0.6488793036564134,2019-11-23 05:00:00,2020-11-23 05:00:00,2020-11-23 05:00:00,366,1
216,2020-11-24 05:00:00,Decision Tree,5,-0.04949746140560021,-0.1357348718442273,2019-11-24 05:00:00,2020-11-24 05:00:00,2020-11-24 05:00:00,366,1
217,2020-11-24 05:00:00,Random Forest,5,-0.04949746140560021,-0.11719359489166815,2019-11-24 05:00:00,2020-11-24 05:00:00,2020-11-24 05:00:00,366,1
218,2020-11-24 05:00:00,Neural Network,5,-0.04949746140560021,-0.12163039459579161,2019-11-24 05:00:00,2020-11-24 05:00:00,2020-11-24 05:00:00,366,1
219,2020-11-24 05:00:00,Naive,5,-0.04949746140560021,-0.18660600755302476,2019-11-24 05:00:00,2020-11-24 05:00:00,2020-11-24 05:00:00,366,1
220,2020-11-25 05:00:00,Decision Tree,5,0.021780273510287298,-0.057724760193597006,2019-11-25 05:00:00,2020-11-25 05:00:00,2020-11-25 05:00:00,366,1
221,2020-11-25 05:00:00,Random Forest,5,0.021780273510287298,-0.012654147086837335,2019-11-25 05:00:00,2020-11-25 05:00:00,2020-11-25 05:00:00,366,1
222,2020-11-25 05:00:00,Neural Network,5,0.021780273510287298,-0.09138563923545928,2019-11-25 05:00:00,2020-11-25 05:00:00,2020-11-25 05:00:00,366,1
223,2020-11-25 05:00:00,Naive,5,0.021780273510287298,-0.04949746140560021,2019-11-25 05:00:00,2020-11-25 05:00:00,2020-11-25 05:00:00,366,1
224,2020-11-26 05:00:00,Decision Tree,5,0.20630076539064787,0.16871838596441327,2019-11-26 05:00:00,2020-11-26 05:00:00,2020-11-26 05:00:00,366,1
225,2020-11-26 05:00:00,Random Forest,5,0.20630076539064787,0.13262172476518794,2019-11-26 05:00:00,2020-11-26 05:00:00,2020-11-26 05:00:00,366,1
226,2020-11-26 05:00:00,Neural Network,5,0.20630076539064787,0.11280391148244118,2019-11-26 05:00:00,2020-11-26 05:00:00,2020-11-26 05:00:00,366,1
227,2020-11-26 05:00:00,Naive,5,0.20630076539064787,0.021780273510287298,2019-11-26 05:00:00,2020-11-26 05:00:00,2020-11-26 05:00:00,366,1
228,2020-11-27 05:00:00,Decision Tree,5,0.712807825661033,0.45333480759346667,2019-11-27 05:00:00,2020-11-27 05:00:00,2020-11-27 05:00:00,366,1
229,2020-11-27 05:00:00,Random Forest,5,0.712807825661033,0.5229719157241837,2019-11-27 05:00:00,2020-11-27 05:00:00,2020-11-27 05:00:00,366,1
230,2020-11-27 05:00:00,Neural Network,5,0.712807825661033,0.6259695577598879,2019-11-27 05:00:00,2020-11-27 05:00:00,2020-11-27 05:00:00,366,1
231,2020-11-27 05:00:00,Naive,5,0.712807825661033,0.20630076539064787,2019-11-27 05:00:00,2020-11-27 05:00:00,2020-11-27 05:00:00,366,1
232,2020-11-28 05:00:00,Decision Tree,5,0.5262661964420757,0.4998472456836057,2019-11-28 05:00:00,2020-11-28 05:00:00,2020-11-28 05:00:00,366,1
233,2020-11-28 05:00:00,Random Forest,5,0.5262661964420757,0.4399623166382322,2019-11-28 05:00:00,2020-11-28 05:00:00,2020-11-28 05:00:00,366,1
234,2020-11-28 05:00:00,Neural Network,5,0.5262661964420757,0.48861976756303616,2019-11-28 05:00:00,2020-11-28 05:00:00,2020-11-28 05:00:00,366,1
235,2020-11-28 05:00:00,Naive,5,0.5262661964420757,0.712807825661033,2019-11-28 05:00:00,2020-11-28 05:00:00,2020-11-28 05:00:00,366,1
236,2020-11-29 05:00:00,Decision Tree,5,0.21438704649590778,0.2200757685304621,2019-11-29 05:00:00,2020-11-29 05:00:00,2020-11-29 05:00:00,366,1
237,2020-11-29 05:00:00,Random Forest,5,0.21438704649590778,0.17470444282142572,2019-11-29 05:00:00,2020-11-29 05:00:00,2020-11-29 05:00:00,366,1
238,2020-11-29 05:00:00,Neural Network,5,0.21438704649590778,0.06174157914674594,2019-11-29 05:00:00,2020-11-29 05:00:00,2020-11-29 05:00:00,366,1
239,2020-11-29 05:00:00,Naive,5,0.21438704649590778,0.5262661964420757,2019-11-29 05:00:00,2020-11-29 05:00:00,2020-11-29 05:00:00,366,1
240,2020-11-30 05:00:00,Decision Tree,5,0.573854356039393,0.502782684656769,2019-11-30 05:00:00,2020-11-30 05:00:00,2020-11-30 05:00:00,366,1
241,2020-11-30 05:00:00,Random Forest,5,0.573854356039393,0.49603434189526124,2019-11-30 05:00:00,2020-11-30 05:00:00,2020-11-30 05:00:00,366,1
242,2020-11-30 05:00:00,Neural Network,5,0.573854356039393,0.3819845701650686,2019-11-30 05:00:00,2020-11-30 05:00:00,2020-11-30 05:00:00,366,1
243,2020-11-30 05:00:00,Naive,5,0.573854356039393,0.21438704649590778,2019-11-30 05:00:00,2020-11-30 05:00:00,2020-11-30 05:00:00,366,1
244,2020-12-01 05:00:00,Decision Tree,5,0.24280791881455016,0.2192630939540972,2019-12-01 05:00:00,2020-12-01 05:00:00,2020-12-01 05:00:00,366,1
245,2020-12-01 05:00:00,Random Forest,5,0.24280791881455016,0.19532205574971814,2019-12-01 05:00:00,2020-12-01 05:00:00,2020-12-01 05:00:00,366,1
246,2020-12-01 05:00:00,Neural Network,5,0.24280791881455016,0.055797171409303736,2019-12-01 05:00:00,2020-12-01 05:00:00,2020-12-01 05:00:00,366,1
247,2020-12-01 05:00:00,Naive,5,0.24280791881455016,0.573854356039393,2019-12-01 05:00:00,2020-12-01 05:00:00,2020-12-01 05:00:00,366,1
248,2020-12-02 05:00:00,Decision Tree,5,0.8287677364115408,0.5900912072745887,2019-12-02 05:00:00,2020-12-02 05:00:00,2020-12-02 05:00:00,366,1
249,2020-12-02 05:00:00,Random Forest,5,0.8287677364115408,0.6057564439757213,2019-12-02 05:00:00,2020-12-02 05:00:00,2020-12-02 05:00:00,366,1
250,2020-12-02 05:00:00,Neural Network,5,0.8287677364115408,0.7972179532976555,2019-12-02 05:00:00,2020-12-02 05:00:00,2020-12-02 05:00:00,366,1
251,2020-12-02 05:00:00,Naive,5,0.8287677364115408,0.24280791881455016,2019-12-02 05:00:00,2020-12-02 05:00:00,2020-12-02 05:00:00,366,1
252,2020-12-03 05:00:00,Decision Tree,5,0.5341720488208889,0.5943945382236018,2019-12-03 05:00:00,2020-12-03 05:00:00,2020-12-03 05:00:00,366,1
253,2020-12-03 05:00:00,Random Forest,5,0.5341720488208889,0.48704956016639417,2019-12-03 05:00:00,2020-12-03 05:00:00,2020-12-03 05:00:00,366,1
254,2020-12-03 05:00:00,Neural Network,5,0.5341720488208889,0.3228410725065738,2019-12-03 05:00:00,2020-12-03 05:00:00,2020-12-03 05:00:00,366,1
255,2020-12-03 05:00:00,Naive,5,0.5341720488208889,0.8287677364115408,2019-12-03 05:00:00,2020-12-03 05:00:00,2020-12-03 05:00:00,366,1
256,2020-12-04 05:00:00,Decision Tree,5,-0.3507346704398189,-0.3893817760845419,2019-12-04 05:00:00,2020-12-04 05:00:00,2020-12-04 05:00:00,366,1
257,2020-12-04 05:00:00,Random Forest,5,-0.3507346704398189,-0.3798376628539253,2019-12-04 05:00:00,2020-12-04 05:00:00,2020-12-04 05:00:00,366,1
258,2020-12-04 05:00:00,Neural Network,5,-0.3507346704398189,-0.4241267046181577,2019-12-04 05:00:00,2020-12-04 05:00:00,2020-12-04 05:00:00,366,1
259,2020-12-04 05:00:00,Naive,5,-0.3507346704398189,0.5341720488208889,2019-12-04 05:00:00,2020-12-04 05:00:00,2020-12-04 05:00:00,366,1
260,2020-12-05 05:00:00,Decision Tree,5,0.25479445343520085,0.20051843075507758,2019-12-05 05:00:00,2020-12-05 05:00:00,2020-12-05 05:00:00,366,1
261,2020-12-05 05:00:00,Random Forest,5,0.25479445343520085,0.21979563520633477,2019-12-05 05:00:00,2020-12-05 05:00:00,2020-12-05 05:00:00,366,1
262,2020-12-05 05:00:00,Neural Network,5,0.25479445343520085,0.12413474427900173,2019-12-05 05:00:00,2020-12-05 05:00:00,2020-12-05 05:00:00,366,1
263,2020-12-05 05:00:00,Naive,5,0.25479445343520085,-0.3507346704398189,2019-12-05 05:00:00,2020-12-05 05:00:00,2020-12-05 05:00:00,366,1
264,2020-12-06 05:00:00,Decision Tree,5,-0.12069166734860866,-0.1357348718442273,2019-12-06 05:00:00,2020-12-06 05:00:00,2020-12-06 05:00:00,366,1
265,2020-12-06 05:00:00,Random Forest,5,-0.12069166734860866,-0.1632698417231144,2019-12-06 05:00:00,2020-12-06 05:00:00,2020-12-06 05:00:00,366,1
266,2020-12-06 05:00:00,Neural Network,5,-0.12069166734860866,-0.0714046905468817,2019-12-06 05:00:00,2020-12-06 05:00:00,2020-12-06 05:00:00,366,1
267,2020-12-06 05:00:00,Naive,5,-0.12069166734860866,0.25479445343520085,2019-12-06 05:00:00,2020-12-06 05:00:00,2020-12-06 05:00:00,366,1
268,2020-12-07 05:00:00,Decision Tree,5,0.03402043733148587,0.01376681409987613,2019-12-07 05:00:00,2020-12-07 05:00:00,2020-12-07 05:00:00,366,1
269,2020-12-07 05:00:00,Random Forest,5,0.03402043733148587,-0.01198317079874605,2019-12-07 05:00:00,2020-12-07 05:00:00,2020-12-07 05:00:00,366,1
270,2020-12-07 05:00:00,Neural Network,5,0.03402043733148587,-0.04928297930937031,2019-12-07 05:00:00,2020-12-07 05:00:00,2020-12-07 05:00:00,366,1
271,2020-12-07 05:00:00,Naive,5,0.03402043733148587,-0.12069166734860866,2019-12-07 05:00:00,2020-12-07 05:00:00,2020-12-07 05:00:00,366,1
272,2020-12-08 05:00:00,Decision Tree,5,0.43320151794924244,0.4345974275589853,2019-12-08 05:00:00,2020-12-08 05:00:00,2020-12-08 05:00:00,366,1
273,2020-12-08 05:00:00,Random Forest,5,0.43320151794924244,0.392199712540868,2019-12-08 05:00:00,2020-12-08 05:00:00,2020-12-08 05:00:00,366,1
274,2020-12-08 05:00:00,Neural Network,5,0.43320151794924244,0.3926175115605678,2019-12-08 05:00:00,2020-12-08 05:00:00,2020-12-08 05:00:00,366,1
275,2020-12-08 05:00:00,Naive,5,0.43320151794924244,0.03402043733148587,2019-12-08 05:00:00,2020-12-08 05:00:00,2020-12-08 05:00:00,366,1
276,2020-12-09 05:00:00,Decision Tree,5,0.36661792659964854,0.21146696362356382,2019-12-09 05:00:00,2020-12-09 05:00:00,2020-12-09 05:00:00,366,1
277,2020-12-09 05:00:00,Random Forest,5,0.36661792659964854,0.258307809621388,2019-12-09 05:00:00,2020-12-09 05:00:00,2020-12-09 05:00:00,366,1
278,2020-12-09 05:00:00,Neural Network,5,0.36661792659964854,0.37946198498789585,2019-12-09 05:00:00,2020-12-09 05:00:00,2020-12-09 05:00:00,366,1
279,2020-12-09 05:00:00,Naive,5,0.36661792659964854,0.43320151794924244,2019-12-09 05:00:00,2020-12-09 05:00:00,2020-12-09 05:00:00,366,1
280,2020-12-10 05:00:00,Decision Tree,5,0.524081117980624,0.4268890486068653,2019-12-10 05:00:00,2020-12-10 05:00:00,2020-12-10 05:00:00,366,1
281,2020-12-10 05:00:00,Random Forest,5,0.524081117980624,0.5276428302514888,2019-12-10 05:00:00,2020-12-10 05:00:00,2020-12-10 05:00:00,366,1
282,2020-12-10 05:00:00,Neural Network,5,0.524081117980624,0.5066442307062222,2019-12-10 05:00:00,2020-12-10 05:00:00,2020-12-10 05:00:00,366,1
283,2020-12-10 05:00:00,Naive,5,0.524081117980624,0.36661792659964854,2019-12-10 05:00:00,2020-12-10 05:00:00,2020-12-10 05:00:00,366,1
284,2020-12-11 05:00:00,Decision Tree,5,0.13509416297960422,0.07163830408025473,2019-12-11 05:00:00,2020-12-11 05:00:00,2020-12-11 05:00:00,366,1
285,2020-12-11 05:00:00,Random Forest,5,0.13509416297960422,0.06493192577088228,2019-12-11 05:00:00,2020-12-11 05:00:00,2020-12-11 05:00:00,366,1
286,2020-12-11 05:00:00,Neural Network,5,0.13509416297960422,0.03434009526517401,2019-12-11 05:00:00,2020-12-11 05:00:00,2020-12-11 05:00:00,366,1
287,2020-12-11 05:00:00,Naive,5,0.13509416297960422,0.524081117980624,2019-12-11 05:00:00,2020-12-11 05:00:00,2020-12-11 05:00:00,366,1
288,2020-12-12 05:00:00,Decision Tree,5,0.060070769497507656,0.025297508483019895,2019-12-12 05:00:00,2020-12-12 05:00:00,2020-12-12 05:00:00,366,1
289,2020-12-12 05:00:00,Random Forest,5,0.060070769497507656,0.0247900349248918,2019-12-12 05:00:00,2020-12-12 05:00:00,2020-12-12 05:00:00,366,1
290,2020-12-12 05:00:00,Neural Network,5,0.060070769497507656,0.09787361316222931,2019-12-12 05:00:00,2020-12-12 05:00:00,2020-12-12 05:00:00,366,1
291,2020-12-12 05:00:00,Naive,5,0.060070769497507656,0.13509416297960422,2019-12-12 05:00:00,2020-12-12 05:00:00,2020-12-12 05:00:00,366,1
292,2020-12-13 05:00:00,Decision Tree,5,-0.014480086557388963,-0.03779599396988199,2019-12-13 05:00:00,2020-12-13 05:00:00,2020-12-13 05:00:00,366,1
293,2020-12-13 05:00:00,Random Forest,5,-0.014480086557388963,-0.025628362055121374,2019-12-13 05:00:00,2020-12-13 05:00:00,2020-12-13 05:00:00,366,1
294,2020-12-13 05:00:00,Neural Network,5,-0.014480086557388963,-0.020524377796912296,2019-12-13 05:00:00,2020-12-13 05:00:00,2020-12-13 05:00:00,366,1
295,2020-12-13 05:00:00,Naive,5,-0.014480086557388963,0.060070769497507656,2019-12-13 05:00:00,2020-12-13 05:00:00,2020-12-13 05:00:00,366,1
296,2020-12-14 05:00:00,Decision Tree,5,-0.2951310446160845,-0.3366446699196772,2019-12-14 05:00:00,2020-12-14 05:00:00,2020-12-14 05:00:00,366,1
297,2020-12-14 05:00:00,Random Forest,5,-0.2951310446160845,-0.3142764795839595,2019-12-14 05:00:00,2020-12-14 05:00:00,2020-12-14 05:00:00,366,1
298,2020-12-14 05:00:00,Neural Network,5,-0.2951310446160845,-0.330304256393584,2019-12-14 05:00:00,2020-12-14 05:00:00,2020-12-14 05:00:00,366,1
299,2020-12-14 05:00:00,Naive,5,-0.2951310446160845,-0.014480086557388963,2019-12-14 05:00:00,2020-12-14 05:00:00,2020-12-14 05:00:00,366,1
300,2020-12-15 05:00:00,Decision Tree,5,0.2848714648953369,0.22370100477275248,2019-12-15 05:00:00,2020-12-15 05:00:00,2020-12-15 05:00:00,366,1
301,2020-12-15 05:00:00,Random Forest,5,0.2848714648953369,0.23995333317036202,2019-12-15 05:00:00,2020-12-15 05:00:00,2020-12-15 05:00:00,366,1
302,2020-12-15 05:00:00,Neural Network,5,0.2848714648953369,0.10681552338542721,2019-12-15 05:00:00,2020-12-15 05:00:00,2020-12-15 05:00:00,366,1
303,2020-12-15 05:00:00,Naive,5,0.2848714648953369,-0.2951310446160845,2019-12-15 05:00:00,2020-12-15 05:00:00,2020-12-15 05:00:00,366,1
304,2020-12-16 05:00:00,Decision Tree,5,0.42340129225629847,0.3833940315076757,2019-12-16 05:00:00,2020-12-16 05:00:00,2020-12-16 05:00:00,366,1
305,2020-12-16 05:00:00,Random Forest,5,0.42340129225629847,0.3845133504093447,2019-12-16 05:00:00,2020-12-16 05:00:00,2020-12-16 05:00:00,366,1
306,2020-12-16 05:00:00,Neural Network,5,0.42340129225629847,0.37463533754639855,2019-12-16 05:00:00,2020-12-16 05:00:00,2020-12-16 05:00:00,366,1
307,2020-12-16 05:00:00,Naive,5,0.42340129225629847,0.2848714648953369,2019-12-16 05:00:00,2020-12-16 05:00:00,2020-12-16 05:00:00,366,1
308,2020-12-17 05:00:00,Decision Tree,5,0.053093587706567316,0.027756289254989845,2019-12-17 05:00:00,2020-12-17 05:00:00,2020-12-17 05:00:00,366,1
309,2020-12-17 05:00:00,Random Forest,5,0.053093587706567316,0.03285799447806605,2019-12-17 05:00:00,2020-12-17 05:00:00,2020-12-17 05:00:00,366,1
310,2020-12-17 05:00:00,Neural Network,5,0.053093587706567316,-0.08850309039881699,2019-12-17 05:00:00,2020-12-17 05:00:00,2020-12-17 05:00:00,366,1
311,2020-12-17 05:00:00,Naive,5,0.053093587706567316,0.42340129225629847,2019-12-17 05:00:00,2020-12-17 05:00:00,2020-12-17 05:00:00,366,1
312,2020-12-18 05:00:00,Decision Tree,5,0.04439003331757282,0.030571544638498444,2019-12-18 05:00:00,2020-12-18 05:00:00,2020-12-18 05:00:00,366,1
313,2020-12-18 05:00:00,Random Forest,5,0.04439003331757282,0.048011595974810674,2019-12-18 05:00:00,2020-12-18 05:00:00,2020-12-18 05:00:00,366,1
314,2020-12-18 05:00:00,Neural Network,5,0.04439003331757282,-0.053533469843493164,2019-12-18 05:00:00,2020-12-18 05:00:00,2020-12-18 05:00:00,366,1
315,2020-12-18 05:00:00,Naive,5,0.04439003331757282,0.053093587706567316,2019-12-18 05:00:00,2020-12-18 05:00:00,2020-12-18 05:00:00,366,1
316,2020-12-19 05:00:00,Decision Tree,5,-0.6430446370583118,-0.6284158231327669,2019-12-19 05:00:00,2020-12-19 05:00:00,2020-12-19 05:00:00,366,1
317,2020-12-19 05:00:00,Random Forest,5,-0.6430446370583118,-0.6421905702966151,2019-12-19 05:00:00,2020-12-19 05:00:00,2020-12-19 05:00:00,366,1
318,2020-12-19 05:00:00,Neural Network,5,-0.6430446370583118,-0.5136576763740885,2019-12-19 05:00:00,2020-12-19 05:00:00,2020-12-19 05:00:00,366,1
319,2020-12-19 05:00:00,Naive,5,-0.6430446370583118,0.04439003331757282,2019-12-19 05:00:00,2020-12-19 05:00:00,2020-12-19 05:00:00,366,1
320,2020-12-20 05:00:00,Decision Tree,5,-0.4097099127242327,-0.4540690022071319,2019-12-20 05:00:00,2020-12-20 05:00:00,2020-12-20 05:00:00,366,1
321,2020-12-20 05:00:00,Random Forest,5,-0.4097099127242327,-0.43832420883361606,2019-12-20 05:00:00,2020-12-20 05:00:00,2020-12-20 05:00:00,366,1
322,2020-12-20 05:00:00,Neural Network,5,-0.4097099127242327,-0.3220490001952746,2019-12-20 05:00:00,2020-12-20 05:00:00,2020-12-20 05:00:00,366,1
323,2020-12-20 05:00:00,Naive,5,-0.4097099127242327,-0.6430446370583118,2019-12-20 05:00:00,2020-12-20 05:00:00,2020-12-20 05:00:00,366,1
324,2020-12-21 05:00:00,Decision Tree,5,0.21098404554772576,0.16176969223551144,2019-12-21 05:00:00,2020-12-21 05:00:00,2020-12-21 05:00:00,366,1
325,2020-12-21 05:00:00,Random Forest,5,0.21098404554772576,0.19428713147439175,2019-12-21 05:00:00,2020-12-21 05:00:00,2020-12-21 05:00:00,366,1
326,2020-12-21 05:00:00,Neural Network,5,0.21098404554772576,0.041663175568823374,2019-12-21 05:00:00,2020-12-21 05:00:00,2020-12-21 05:00:00,366,1
327,2020-12-21 05:00:00,Naive,5,0.21098404554772576,-0.4097099127242327,2019-12-21 05:00:00,2020-12-21 05:00:00,2020-12-21 05:00:00,366,1
328,2020-12-22 05:00:00,Decision Tree,5,-1.7504285712742134,-1.700612443660669,2019-12-22 05:00:00,2020-12-22 05:00:00,2020-12-22 05:00:00,366,1
329,2020-12-22 05:00:00,Random Forest,5,-1.7504285712742134,-1.6994513610956516,2019-12-22 05:00:00,2020-12-22 05:00:00,2020-12-22 05:00:00,366,1
330,2020-12-22 05:00:00,Neural Network,5,-1.7504285712742134,-1.594676773589779,2019-12-22 05:00:00,2020-12-22 05:00:00,2020-12-22 05:00:00,366,1
331,2020-12-22 05:00:00,Naive,5,-1.7504285712742134,0.21098404554772576,2019-12-22 05:00:00,2020-12-22 05:00:00,2020-12-22 05:00:00,366,1
332,2020-12-23 05:00:00,Decision Tree,5,0.3431332738583402,0.2498915325887559,2019-12-23 05:00:00,2020-12-23 05:00:00,2020-12-23 05:00:00,366,1
333,2020-12-23 05:00:00,Random Forest,5,0.3431332738583402,0.25055239058646206,2019-12-23 05:00:00,2020-12-23 05:00:00,2020-12-23 05:00:00,366,1
334,2020-12-23 05:00:00,Neural Network,5,0.3431332738583402,0.21207164930937616,2019-12-23 05:00:00,2020-12-23 05:00:00,2020-12-23 05:00:00,366,1
335,2020-12-23 05:00:00,Naive,5,0.3431332738583402,-1.7504285712742134,2019-12-23 05:00:00,2020-12-23 05:00:00,2020-12-23 05:00:00,366,1
336,2020-12-24 05:00:00,Decision Tree,5,-1.435216216415776,-1.3682164221492903,2019-12-24 05:00:00,2020-12-24 05:00:00,2020-12-24 05:00:00,366,1
337,2020-12-24 05:00:00,Random Forest,5,-1.435216216415776,-1.3740141115191182,2019-12-24 05:00:00,2020-12-24 05:00:00,2020-12-24 05:00:00,366,1
338,2020-12-24 05:00:00,Neural Network,5,-1.435216216415776,-1.4483025094796018,2019-12-24 05:00:00,2020-12-24 05:00:00,2020-12-24 05:00:00,366,1
339,2020-12-24 05:00:00,Naive,5,-1.435216216415776,0.3431332738583402,2019-12-24 05:00:00,2020-12-24 05:00:00,2020-12-24 05:00:00,366,1
340,2020-12-25 05:00:00,Decision Tree,5,-1.2696643975781705,-1.2004536349299946,2019-12-25 05:00:00,2020-12-25 05:00:00,2020-12-25 05:00:00,366,1
341,2020-12-25 05:00:00,Random Forest,5,-1.2696643975781705,-1.2137824713335148,2019-12-25 05:00:00,2020-12-25 05:00:00,2020-12-25 05:00:00,366,1
342,2020-12-25 05:00:00,Neural Network,5,-1.2696643975781705,-1.261071999723522,2019-12-25 05:00:00,2020-12-25 05:00:00,2020-12-25 05:00:00,366,1
343,2020-12-25 05:00:00,Naive,5,-1.2696643975781705,-1.435216216415776,2019-12-25 05:00:00,2020-12-25 05:00:00,2020-12-25 05:00:00,366,1
344,2020-12-26 05:00:00,Decision Tree,5,-1.1202571485021489,-1.1028062755363695,2019-12-26 05:00:00,2020-12-26 05:00:00,2020-12-26 05:00:00,366,1
345,2020-12-26 05:00:00,Random Forest,5,-1.1202571485021489,-1.0854747118643657,2019-12-26 05:00:00,2020-12-26 05:00:00,2020-12-26 05:00:00,366,1
346,2020-12-26 05:00:00,Neural Network,5,-1.1202571485021489,-1.0919427769791223,2019-12-26 05:00:00,2020-12-26 05:00:00,2020-12-26 05:00:00,366,1
347,2020-12-26 05:00:00,Naive,5,-1.1202571485021489,-1.2696643975781705,2019-12-26 05:00:00,2020-12-26 05:00:00,2020-12-26 05:00:00,366,1
348,2020-12-27 05:00:00,Decision Tree,5,-2.1880038033469877,-1.8825464376982297,2019-12-27 05:00:00,2020-12-27 05:00:00,2020-12-27 05:00:00,366,1
349,2020-12-27 05:00:00,Random Forest,5,-2.1880038033469877,-1.887386098754443,2019-12-27 05:00:00,2020-12-27 05:00:00,2020-12-27 05:00:00,366,1
350,2020-12-27 05:00:00,Neural Network,5,-2.1880038033469877,-2.1528060562029023,2019-12-27 05:00:00,2020-12-27 05:00:00,2020-12-27 05:00:00,366,1
351,2020-12-27 05:00:00,Naive,5,-2.1880038033469877,-1.1202571485021489,2019-12-27 05:00:00,2020-12-27 05:00:00,2020-12-27 05:00:00,366,1
352,2020-12-28 05:00:00,Decision Tree,5,-0.9675995756357605,-0.9622760318884922,2019-12-28 05:00:00,2020-12-28 05:00:00,2020-12-28 05:00:00,366,1
353,2020-12-28 05:00:00,Random Forest,5,-0.9675995756357605,-0.9492925209005,2019-12-28 05:00:00,2020-12-28 05:00:00,2020-12-28 05:00:00,366,1
354,2020-12-28 05:00:00,Neural Network,5,-0.9675995756357605,-0.8878954865370613,2019-12-28 05:00:00,2020-12-28 05:00:00,2020-12-28 05:00:00,366,1
355,2020-12-28 05:00:00,Naive,5,-0.9675995756357605,-2.1880038033469877,2019-12-28 05:00:00,2020-12-28 05:00:00,2020-12-28 05:00:00,366,1
356,2020-12-29 05:00:00,Decision Tree,5,0.16480970869168715,0.16880031413725632,2019-12-29 05:00:00,2020-12-29 05:00:00,2020-12-29 05:00:00,366,1
357,2020-12-29 05:00:00,Random Forest,5,0.16480970869168715,0.11674453897932034,2019-12-29 05:00:00,2020-12-29 05:00:00,2020-12-29 05:00:00,366,1
358,2020-12-29 05:00:00,Neural Network,5,0.16480970869168715,-0.009552225762233912,2019-12-29 05:00:00,2020-12-29 05:00:00,2020-12-29 05:00:00,366,1
359,2020-12-29 05:00:00,Naive,5,0.16480970869168715,-0.9675995756357605,2019-12-29 05:00:00,2020-12-29 05:00:00,2020-12-29 05:00:00,366,1
360,2020-12-30 05:00:00,Decision Tree,5,0.07057673824764016,0.04430026462881452,2019-12-30 05:00:00,2020-12-30 05:00:00,2020-12-30 05:00:00,366,1
361,2020-12-30 05:00:00,Random Forest,5,0.07057673824764016,0.03456305547866242,2019-12-30 05:00:00,2020-12-30 05:00:00,2020-12-30 05:00:00,366,1
362,2020-12-30 05:00:00,Neural Network,5,0.07057673824764016,-0.1243176260200467,2019-12-30 05:00:00,2020-12-30 05:00:00,2020-12-30 05:00:00,366,1
363,2020-12-30 05:00:00,Naive,5,0.07057673824764016,0.16480970869168715,2019-12-30 05:00:00,2020-12-30 05:00:00,2020-12-30 05:00:00,366,1
364,2020-12-31 05:00:00,Decision Tree,5,-0.0852654880454534,-0.14225216797954687,2019-12-31 05:00:00,2020-12-31 05:00:00,2020-12-31 05:00:00,366,1
365,2020-12-31 05:00:00,Random Forest,5,-0.0852654880454534,-0.13295427648176447,2019-12-31 05:00:00,2020-12-31 05:00:00,2020-12-31 05:00:00,366,1
366,2020-12-31 05:00:00,Neural Network,5,-0.0852654880454534,-0.09708302348901776,2019-12-31 05:00:00,2020-12-31 05:00:00,2020-12-31 05:00:00,366,1
367,2020-12-31 05:00:00,Naive,5,-0.0852654880454534,0.07057673824764016,2019-12-31 05:00:00,2020-12-31 05:00:00,2020-12-31 05:00:00,366,1
368,2021-01-01 05:00:00,Decision Tree,5,0.38093102460370537,0.3833578176647167,2020-01-01 05:00:00,2021-01-01 05:00:00,2021-01-01 05:00:00,366,1
369,2021-01-01 05:00:00,Random Forest,5,0.38093102460370537,0.3556575701752896,2020-01-01 05:00:00,2021-01-01 05:00:00,2021-01-01 05:00:00,366,1
370,2021-01-01 05:00:00,Neural Network,5,0.38093102460370537,0.1270310542732086,2020-01-01 05:00:00,2021-01-01 05:00:00,2021-01-01 05:00:00,366,1
371,2021-01-01 05:00:00,Naive,5,0.38093102460370537,-0.0852654880454534,2020-01-01 05:00:00,2021-01-01 05:00:00,2021-01-01 05:00:00,366,1
372,2021-01-02 05:00:00,Decision Tree,5,0.2922140719137916,0.2498915325887559,2020-01-02 05:00:00,2021-01-02 05:00:00,2021-01-02 05:00:00,366,1
373,2021-01-02 05:00:00,Random Forest,5,0.2922140719137916,0.22749782703147958,2020-01-02 05:00:00,2021-01-02 05:00:00,2021-01-02 05:00:00,366,1
374,2021-01-02 05:00:00,Neural Network,5,0.2922140719137916,0.9484160603067234,2020-01-02 05:00:00,2021-01-02 05:00:00,2021-01-02 05:00:00,366,1
375,2021-01-02 05:00:00,Naive,5,0.2922140719137916,0.38093102460370537,2020-01-02 05:00:00,2021-01-02 05:00:00,2021-01-02 05:00:00,366,1
376,2021-01-03 05:00:00,Decision Tree,5,-0.21318504381694184,-0.2301080382811983,2020-01-03 05:00:00,2021-01-03 05:00:00,2021-01-03 05:00:00,366,1
377,2021-01-03 05:00:00,Random Forest,5,-0.21318504381694184,-0.2407743668867444,2020-01-03 05:00:00,2021-01-03 05:00:00,2021-01-03 05:00:00,366,1
378,2021-01-03 05:00:00,Neural Network,5,-0.21318504381694184,0.02916480993913939,2020-01-03 05:00:00,2021-01-03 05:00:00,2021-01-03 05:00:00,366,1
379,2021-01-03 05:00:00,Naive,5,-0.21318504381694184,0.2922140719137916,2020-01-03 05:00:00,2021-01-03 05:00:00,2021-01-03 05:00:00,366,1
380,2021-01-04 05:00:00,Decision Tree,5,-0.4873158239185073,-0.5030724732510938,2020-01-04 05:00:00,2021-01-04 05:00:00,2021-01-04 05:00:00,366,1
381,2021-01-04 05:00:00,Random Forest,5,-0.4873158239185073,-0.5035170288626133,2020-01-04 05:00:00,2021-01-04 05:00:00,2021-01-04 05:00:00,366,1
382,2021-01-04 05:00:00,Neural Network,5,-0.4873158239185073,-0.8363227326527556,2020-01-04 05:00:00,2021-01-04 05:00:00,2021-01-04 05:00:00,366,1
383,2021-01-04 05:00:00,Naive,5,-0.4873158239185073,-0.21318504381694184,2020-01-04 05:00:00,2021-01-04 05:00:00,2021-01-04 05:00:00,366,1
384,2021-01-05 05:00:00,Decision Tree,5,0.6558040435975915,0.6621396589295028,2020-01-05 05:00:00,2021-01-05 05:00:00,2021-01-05 05:00:00,366,1
385,2021-01-05 05:00:00,Random Forest,5,0.6558040435975915,0.5590104936010505,2020-01-05 05:00:00,2021-01-05 05:00:00,2021-01-05 05:00:00,366,1
386,2021-01-05 05:00:00,Neural Network,5,0.6558040435975915,-0.2744442868424223,2020-01-05 05:00:00,2021-01-05 05:00:00,2021-01-05 05:00:00,366,1
387,2021-01-05 05:00:00,Naive,5,0.6558040435975915,-0.4873158239185073,2020-01-05 05:00:00,2021-01-05 05:00:00,2021-01-05 05:00:00,366,1
388,2021-01-06 05:00:00,Decision Tree,5,0.6753180197301625,0.661083723040851,2020-01-06 05:00:00,2021-01-06 05:00:00,2021-01-06 05:00:00,366,1
389,2021-01-06 05:00:00,Random Forest,5,0.6753180197301625,0.6460587760343994,2020-01-06 05:00:00,2021-01-06 05:00:00,2021-01-06 05:00:00,366,1
390,2021-01-06 05:00:00,Neural Network,5,0.6753180197301625,0.2781894307084386,2020-01-06 05:00:00,2021-01-06 05:00:00,2021-01-06 05:00:00,366,1
391,2021-01-06 05:00:00,Naive,5,0.6753180197301625,0.6558040435975915,2020-01-06 05:00:00,2021-01-06 05:00:00,2021-01-06 05:00:00,366,1
392,2021-01-07 05:00:00,Decision Tree,5,0.9867339208425233,0.7069328185513502,2020-01-07 05:00:00,2021-01-07 05:00:00,2021-01-07 05:00:00,366,1
393,2021-01-07 05:00:00,Random Forest,5,0.9867339208425233,0.6913212273914499,2020-01-07 05:00:00,2021-01-07 05:00:00,2021-01-07 05:00:00,366,1
394,2021-01-07 05:00:00,Neural Network,5,0.9867339208425233,0.5527328844767968,2020-01-07 05:00:00,2021-01-07 05:00:00,2021-01-07 05:00:00,366,1
395,2021-01-07 05:00:00,Naive,5,0.9867339208425233,0.6753180197301625,2020-01-07 05:00:00,2021-01-07 05:00:00,2021-01-07 05:00:00,366,1
396,2021-01-08 05:00:00,Decision Tree,5,1.058221365595131,0.7535663355998791,2020-01-08 05:00:00,2021-01-08 05:00:00,2021-01-08 05:00:00,366,1
397,2021-01-08 05:00:00,Random Forest,5,1.058221365595131,0.8115658114283367,2020-01-08 05:00:00,2021-01-08 05:00:00,2021-01-08 05:00:00,366,1
398,2021-01-08 05:00:00,Neural Network,5,1.058221365595131,0.8939722522419752,2020-01-08 05:00:00,2021-01-08 05:00:00,2021-01-08 05:00:00,366,1
399,2021-01-08 05:00:00,Naive,5,1.058221365595131,0.9867339208425233,2020-01-08 05:00:00,2021-01-08 05:00:00,2021-01-08 05:00:00,366,1
400,2021-01-09 05:00:00,Decision Tree,5,0.9337495997454044,0.7970884827420578,2020-01-09 05:00:00,2021-01-09 05:00:00,2021-01-09 05:00:00,366,1
401,2021-01-09 05:00:00,Random Forest,5,0.9337495997454044,0.8781462375689485,2020-01-09 05:00:00,2021-01-09 05:00:00,2021-01-09 05:00:00,366,1
402,2021-01-09 05:00:00,Neural Network,5,0.9337495997454044,0.8654102175905497,2020-01-09 05:00:00,2021-01-09 05:00:00,2021-01-09 05:00:00,366,1
403,2021-01-09 05:00:00,Naive,5,0.9337495997454044,1.058221365595131,2020-01-09 05:00:00,2021-01-09 05:00:00,2021-01-09 05:00:00,366,1
404,2021-01-10 05:00:00,Decision Tree,5,0.8519474841323363,0.8141711223674761,2020-01-10 05:00:00,2021-01-10 05:00:00,2021-01-10 05:00:00,366,1
405,2021-01-10 05:00:00,Random Forest,5,0.8519474841323363,0.7762482161836821,2020-01-10 05:00:00,2021-01-10 05:00:00,2021-01-10 05:00:00,366,1
406,2021-01-10 05:00:00,Neural Network,5,0.8519474841323363,0.8077191075691995,2020-01-10 05:00:00,2021-01-10 05:00:00,2021-01-10 05:00:00,366,1
407,2021-01-10 05:00:00,Naive,5,0.8519474841323363,0.9337495997454044,2020-01-10 05:00:00,2021-01-10 05:00:00,2021-01-10 05:00:00,366,1
408,2021-01-11 05:00:00,Decision Tree,5,0.5551387930465375,0.5253798394839904,2020-01-11 05:00:00,2021-01-11 05:00:00,2021-01-11 05:00:00,366,1
409,2021-01-11 05:00:00,Random Forest,5,0.5551387930465375,0.5370457320033692,2020-01-11 05:00:00,2021-01-11 05:00:00,2021-01-11 05:00:00,366,1
410,2021-01-11 05:00:00,Neural Network,5,0.5551387930465375,0.12511153937571573,2020-01-11 05:00:00,2021-01-11 05:00:00,2021-01-11 05:00:00,366,1
411,2021-01-11 05:00:00,Naive,5,0.5551387930465375,0.8519474841323363,2020-01-11 05:00:00,2021-01-11 05:00:00,2021-01-11 05:00:00,366,1
412,2021-01-12 05:00:00,Decision Tree,5,0.058550880440801444,0.0611951839112739,2020-01-12 05:00:00,2021-01-12 05:00:00,2021-01-12 05:00:00,366,1
413,2021-01-12 05:00:00,Random Forest,5,0.058550880440801444,0.03755798613892886,2020-01-12 05:00:00,2021-01-12 05:00:00,2021-01-12 05:00:00,366,1
414,2021-01-12 05:00:00,Neural Network,5,0.058550880440801444,-0.5049889551561753,2020-01-12 05:00:00,2021-01-12 05:00:00,2021-01-12 05:00:00,366,1
415,2021-01-12 05:00:00,Naive,5,0.058550880440801444,0.5551387930465375,2020-01-12 05:00:00,2021-01-12 05:00:00,2021-01-12 05:00:00,366,1
416,2021-01-13 05:00:00,Decision Tree,5,0.12330531122442513,0.025044936674800396,2020-01-13 05:00:00,2021-01-13 05:00:00,2021-01-13 05:00:00,366,1
417,2021-01-13 05:00:00,Random Forest,5,0.12330531122442513,0.04420308810380158,2020-01-13 05:00:00,2021-01-13 05:00:00,2021-01-13 05:00:00,366,1
418,2021-01-13 05:00:00,Neural Network,5,0.12330531122442513,0.0013449714826384573,2020-01-13 05:00:00,2021-01-13 05:00:00,2021-01-13 05:00:00,366,1
419,2021-01-13 05:00:00,Naive,5,0.12330531122442513,0.058550880440801444,2020-01-13 05:00:00,2021-01-13 05:00:00,2021-01-13 05:00:00,366,1
420,2021-01-14 05:00:00,Decision Tree,5,0.7859578027852325,0.6478396531048669,2020-01-14 05:00:00,2021-01-14 05:00:00,2021-01-14 05:00:00,366,1
421,2021-01-14 05:00:00,Random Forest,5,0.7859578027852325,0.6864930290088619,2020-01-14 05:00:00,2021-01-14 05:00:00,2021-01-14 05:00:00,366,1
422,2021-01-14 05:00:00,Neural Network,5,0.7859578027852325,0.5087381288461992,2020-01-14 05:00:00,2021-01-14 05:00:00,2021-01-14 05:00:00,366,1
423,2021-01-14 05:00:00,Naive,5,0.7859578027852325,0.12330531122442513,2020-01-14 05:00:00,2021-01-14 05:00:00,2021-01-14 05:00:00,366,1
424,2021-01-15 05:00:00,Decision Tree,5,1.054323655880605,0.9075629849186946,2020-01-15 05:00:00,2021-01-15 05:00:00,2021-01-15 05:00:00,366,1
425,2021-01-15 05:00:00,Random Forest,5,1.054323655880605,0.9460712161296428,2020-01-15 05:00:00,2021-01-15 05:00:00,2021-01-15 05:00:00,366,1
426,2021-01-15 05:00:00,Neural Network,5,1.054323655880605,0.839111920082991,2020-01-15 05:00:00,2021-01-15 05:00:00,2021-01-15 05:00:00,366,1
427,2021-01-15 05:00:00,Naive,5,1.054323655880605,0.7859578027852325,2020-01-15 05:00:00,2021-01-15 05:00:00,2021-01-15 05:00:00,366,1
428,2021-01-16 05:00:00,Decision Tree,5,0.9001991072970661,0.9769952052392,2020-01-16 05:00:00,2021-01-16 05:00:00,2021-01-16 05:00:00,366,1
429,2021-01-16 05:00:00,Random Forest,5,0.9001991072970661,0.8960674687847876,2020-01-16 05:00:00,2021-01-16 05:00:00,2021-01-16 05:00:00,366,1
430,2021-01-16 05:00:00,Neural Network,5,0.9001991072970661,0.9099644614093286,2020-01-16 05:00:00,2021-01-16 05:00:00,2021-01-16 05:00:00,366,1
431,2021-01-16 05:00:00,Naive,5,0.9001991072970661,1.054323655880605,2020-01-16 05:00:00,2021-01-16 05:00:00,2021-01-16 05:00:00,366,1
432,2021-01-17 05:00:00,Decision Tree,5,0.7213996822181807,0.738938482810617,2020-01-17 05:00:00,2021-01-17 05:00:00,2021-01-17 05:00:00,366,1
433,2021-01-17 05:00:00,Random Forest,5,0.7213996822181807,0.6870152705352955,2020-01-17 05:00:00,2021-01-17 05:00:00,2021-01-17 05:00:00,366,1
434,2021-01-17 05:00:00,Neural Network,5,0.7213996822181807,0.5600559495428543,2020-01-17 05:00:00,2021-01-17 05:00:00,2021-01-17 05:00:00,366,1
435,2021-01-17 05:00:00,Naive,5,0.7213996822181807,0.9001991072970661,2020-01-17 05:00:00,2021-01-17 05:00:00,2021-01-17 05:00:00,366,1
436,2021-01-18 05:00:00,Decision Tree,5,0.8472486818161875,0.9641958555821777,2020-01-18 05:00:00,2021-01-18 05:00:00,2021-01-18 05:00:00,366,1
437,2021-01-18 05:00:00,Random Forest,5,0.8472486818161875,0.8784086408761579,2020-01-18 05:00:00,2021-01-18 05:00:00,2021-01-18 05:00:00,366,1
438,2021-01-18 05:00:00,Neural Network,5,0.8472486818161875,0.7162724965188662,2020-01-18 05:00:00,2021-01-18 05:00:00,2021-01-18 05:00:00,366,1
439,2021-01-18 05:00:00,Naive,5,0.8472486818161875,0.7213996822181807,2020-01-18 05:00:00,2021-01-18 05:00:00,2021-01-18 05:00:00,366,1
440,2021-01-19 05:00:00,Decision Tree,5,0.20764310756952437,0.16830148845656015,2020-01-19 05:00:00,2021-01-19 05:00:00,2021-01-19 05:00:00,366,1
441,2021-01-19 05:00:00,Random Forest,5,0.20764310756952437,0.19017119032152288,2020-01-19 05:00:00,2021-01-19 05:00:00,2021-01-19 05:00:00,366,1
442,2021-01-19 05:00:00,Neural Network,5,0.20764310756952437,0.14242458745124853,2020-01-19 05:00:00,2021-01-19 05:00:00,2021-01-19 05:00:00,366,1
443,2021-01-19 05:00:00,Naive,5,0.20764310756952437,0.8472486818161875,2020-01-19 05:00:00,2021-01-19 05:00:00,2021-01-19 05:00:00,366,1
444,2021-01-20 05:00:00,Decision Tree,5,-0.3278630755360512,-0.3565503931698081,2020-01-20 05:00:00,2021-01-20 05:00:00,2021-01-20 05:00:00,366,1
445,2021-01-20 05:00:00,Random Forest,5,-0.3278630755360512,-0.35607173182303764,2020-01-20 05:00:00,2021-01-20 05:00:00,2021-01-20 05:00:00,366,1
446,2021-01-20 05:00:00,Neural Network,5,-0.3278630755360512,-0.22431406581663477,2020-01-20 05:00:00,2021-01-20 05:00:00,2021-01-20 05:00:00,366,1
447,2021-01-20 05:00:00,Naive,5,-0.3278630755360512,0.20764310756952437,2020-01-20 05:00:00,2021-01-20 05:00:00,2021-01-20 05:00:00,366,1
448,2021-01-21 05:00:00,Decision Tree,5,-1.2840980232872516,-1.2546189650111634,2020-01-21 05:00:00,2021-01-21 05:00:00,2021-01-21 05:00:00,366,1
449,2021-01-21 05:00:00,Random Forest,5,-1.2840980232872516,-1.24978440660834,2020-01-21 05:00:00,2021-01-21 05:00:00,2021-01-21 05:00:00,366,1
450,2021-01-21 05:00:00,Neural Network,5,-1.2840980232872516,-1.0506138972201338,2020-01-21 05:00:00,2021-01-21 05:00:00,2021-01-21 05:00:00,366,1
451,2021-01-21 05:00:00,Naive,5,-1.2840980232872516,-0.3278630755360512,2020-01-21 05:00:00,2021-01-21 05:00:00,2021-01-21 05:00:00,366,1
452,2021-01-22 05:00:00,Decision Tree,5,-0.49921536339875316,-0.5052129555167546,2020-01-22 05:00:00,2021-01-22 05:00:00,2021-01-22 05:00:00,366,1
453,2021-01-22 05:00:00,Random Forest,5,-0.49921536339875316,-0.49922276251873343,2020-01-22 05:00:00,2021-01-22 05:00:00,2021-01-22 05:00:00,366,1
454,2021-01-22 05:00:00,Neural Network,5,-0.49921536339875316,-0.7162494725741485,2020-01-22 05:00:00,2021-01-22 05:00:00,2021-01-22 05:00:00,366,1
455,2021-01-22 05:00:00,Naive,5,-0.49921536339875316,-1.2840980232872516,2020-01-22 05:00:00,2021-01-22 05:00:00,2021-01-22 05:00:00,366,1
456,2021-01-23 05:00:00,Decision Tree,5,0.5040244627502362,0.3845003671977996,2020-01-23 05:00:00,2021-01-23 05:00:00,2021-01-23 05:00:00,366,1
457,2021-01-23 05:00:00,Random Forest,5,0.5040244627502362,0.39284316820690274,2020-01-23 05:00:00,2021-01-23 05:00:00,2021-01-23 05:00:00,366,1
458,2021-01-23 05:00:00,Neural Network,5,0.5040244627502362,0.6673049368507544,2020-01-23 05:00:00,2021-01-23 05:00:00,2021-01-23 05:00:00,366,1
459,2021-01-23 05:00:00,Naive,5,0.5040244627502362,-0.49921536339875316,2020-01-23 05:00:00,2021-01-23 05:00:00,2021-01-23 05:00:00,366,1
460,2021-01-24 05:00:00,Decision Tree,5,0.3576891644853014,0.3830544685320903,2020-01-24 05:00:00,2021-01-24 05:00:00,2021-01-24 05:00:00,366,1
461,2021-01-24 05:00:00,Random Forest,5,0.3576891644853014,0.34854058820203776,2020-01-24 05:00:00,2021-01-24 05:00:00,2021-01-24 05:00:00,366,1
462,2021-01-24 05:00:00,Neural Network,5,0.3576891644853014,0.6665725031333549,2020-01-24 05:00:00,2021-01-24 05:00:00,2021-01-24 05:00:00,366,1
463,2021-01-24 05:00:00,Naive,5,0.3576891644853014,0.5040244627502362,2020-01-24 05:00:00,2021-01-24 05:00:00,2021-01-24 05:00:00,366,1
464,2021-01-25 05:00:00,Decision Tree,5,0.7425148822497912,0.702208973558104,2020-01-25 05:00:00,2021-01-25 05:00:00,2021-01-25 05:00:00,366,1
465,2021-01-25 05:00:00,Random Forest,5,0.7425148822497912,0.7623372585053291,2020-01-25 05:00:00,2021-01-25 05:00:00,2021-01-25 05:00:00,366,1
466,2021-01-25 05:00:00,Neural Network,5,0.7425148822497912,0.7634636541211601,2020-01-25 05:00:00,2021-01-25 05:00:00,2021-01-25 05:00:00,366,1
467,2021-01-25 05:00:00,Naive,5,0.7425148822497912,0.3576891644853014,2020-01-25 05:00:00,2021-01-25 05:00:00,2021-01-25 05:00:00,366,1
468,2021-01-26 05:00:00,Decision Tree,5,1.034201991127841,0.9866455298721458,2020-01-26 05:00:00,2021-01-26 05:00:00,2021-01-26 05:00:00,366,1
469,2021-01-26 05:00:00,Random Forest,5,1.034201991127841,0.9970263651446251,2020-01-26 05:00:00,2021-01-26 05:00:00,2021-01-26 05:00:00,366,1
470,2021-01-26 05:00:00,Neural Network,5,1.034201991127841,1.0249132062357211,2020-01-26 05:00:00,2021-01-26 05:00:00,2021-01-26 05:00:00,366,1
471,2021-01-26 05:00:00,Naive,5,1.034201991127841,0.7425148822497912,2020-01-26 05:00:00,2021-01-26 05:00:00,2021-01-26 05:00:00,366,1
472,2021-01-27 05:00:00,Decision Tree,5,0.6953088247898146,0.7966573220541778,2020-01-27 05:00:00,2021-01-27 05:00:00,2021-01-27 05:00:00,366,1
473,2021-01-27 05:00:00,Random Forest,5,0.6953088247898146,0.7159043304219859,2020-01-27 05:00:00,2021-01-27 05:00:00,2021-01-27 05:00:00,366,1
474,2021-01-27 05:00:00,Neural Network,5,0.6953088247898146,0.6912592688103213,2020-01-27 05:00:00,2021-01-27 05:00:00,2021-01-27 05:00:00,366,1
475,2021-01-27 05:00:00,Naive,5,0.6953088247898146,1.034201991127841,2020-01-27 05:00:00,2021-01-27 05:00:00,2021-01-27 05:00:00,366,1
476,2021-01-28 05:00:00,Decision Tree,5,0.6628245311680406,0.700525546374429,2020-01-28 05:00:00,2021-01-28 05:00:00,2021-01-28 05:00:00,366,1
477,2021-01-28 05:00:00,Random Forest,5,0.6628245311680406,0.7026431748184627,2020-01-28 05:00:00,2021-01-28 05:00:00,2021-01-28 05:00:00,366,1
478,2021-01-28 05:00:00,Neural Network,5,0.6628245311680406,0.8833199848737191,2020-01-28 05:00:00,2021-01-28 05:00:00,2021-01-28 05:00:00,366,1
479,2021-01-28 05:00:00,Naive,5,0.6628245311680406,0.6953088247898146,2020-01-28 05:00:00,2021-01-28 05:00:00,2021-01-28 05:00:00,366,1
480,2021-01-29 05:00:00,Decision Tree,5,0.35054322954921247,0.38023610141578046,2020-01-29 05:00:00,2021-01-29 05:00:00,2021-01-29 05:00:00,366,1
481,2021-01-29 05:00:00,Random Forest,5,0.35054322954921247,0.35718543034606853,2020-01-29 05:00:00,2021-01-29 05:00:00,2021-01-29 05:00:00,366,1
482,2021-01-29 05:00:00,Neural Network,5,0.35054322954921247,0.43049843960778733,2020-01-29 05:00:00,2021-01-29 05:00:00,2021-01-29 05:00:00,366,1
483,2021-01-29 05:00:00,Naive,5,0.35054322954921247,0.6628245311680406,2020-01-29 05:00:00,2021-01-29 05:00:00,2021-01-29 05:00:00,366,1
484,2021-01-30 05:00:00,Decision Tree,5,0.22146490105743494,0.17267277946911175,2020-01-30 05:00:00,2021-01-30 05:00:00,2021-01-30 05:00:00,366,1
485,2021-01-30 05:00:00,Random Forest,5,0.22146490105743494,0.192224375405233,2020-01-30 05:00:00,2021-01-30 05:00:00,2021-01-30 05:00:00,366,1
486,2021-01-30 05:00:00,Neural Network,5,0.22146490105743494,0.41710736892498956,2020-01-30 05:00:00,2021-01-30 05:00:00,2021-01-30 05:00:00,366,1
487,2021-01-30 05:00:00,Naive,5,0.22146490105743494,0.35054322954921247,2020-01-30 05:00:00,2021-01-30 05:00:00,2021-01-30 05:00:00,366,1
488,2021-01-31 05:00:00,Decision Tree,5,0.39352745242816795,0.3597829238192416,2020-01-31 05:00:00,2021-01-31 05:00:00,2021-01-31 05:00:00,366,1
489,2021-01-31 05:00:00,Random Forest,5,0.39352745242816795,0.36074803670677985,2020-01-31 05:00:00,2021-01-31 05:00:00,2021-01-31 05:00:00,366,1
490,2021-01-31 05:00:00,Neural Network,5,0.39352745242816795,0.30108904144211157,2020-01-31 05:00:00,2021-01-31 05:00:00,2021-01-31 05:00:00,366,1
491,2021-01-31 05:00:00,Naive,5,0.39352745242816795,0.22146490105743494,2020-01-31 05:00:00,2021-01-31 05:00:00,2021-01-31 05:00:00,366,1
492,2021-02-01 05:00:00,Decision Tree,5,0.3633488386051826,0.3597829238192416,2020-02-01 05:00:00,2021-02-01 05:00:00,2021-02-01 05:00:00,366,1
493,2021-02-01 05:00:00,Random Forest,5,0.3633488386051826,0.37163909609126455,2020-02-01 05:00:00,2021-02-01 05:00:00,2021-02-01 05:00:00,366,1
494,2021-02-01 05:00:00,Neural Network,5,0.3633488386051826,0.5156739154740366,2020-02-01 05:00:00,2021-02-01 05:00:00,2021-02-01 05:00:00,366,1
495,2021-02-01 05:00:00,Naive,5,0.3633488386051826,0.39352745242816795,2020-02-01 05:00:00,2021-02-01 05:00:00,2021-02-01 05:00:00,366,1
496,2021-02-02 05:00:00,Decision Tree,5,0.7676874615907899,0.7864005091252521,2020-02-02 05:00:00,2021-02-02 05:00:00,2021-02-02 05:00:00,366,1
497,2021-02-02 05:00:00,Random Forest,5,0.7676874615907899,0.7305391186746538,2020-02-02 05:00:00,2021-02-02 05:00:00,2021-02-02 05:00:00,366,1
498,2021-02-02 05:00:00,Neural Network,5,0.7676874615907899,0.8091756841554205,2020-02-02 05:00:00,2021-02-02 05:00:00,2021-02-02 05:00:00,366,1
499,2021-02-02 05:00:00,Naive,5,0.7676874615907899,0.3633488386051826,2020-02-02 05:00:00,2021-02-02 05:00:00,2021-02-02 05:00:00,366,1
500,2021-02-03 05:00:00,Decision Tree,5,0.20832286372705733,0.19532022358782195,2020-02-03 05:00:00,2021-02-03 05:00:00,2021-02-03 05:00:00,366,1
501,2021-02-03 05:00:00,Random Forest,5,0.20832286372705733,0.2006872725692976,2020-02-03 05:00:00,2021-02-03 05:00:00,2021-02-03 05:00:00,366,1
502,2021-02-03 05:00:00,Neural Network,5,0.20832286372705733,0.23583714882790507,2020-02-03 05:00:00,2021-02-03 05:00:00,2021-02-03 05:00:00,366,1
503,2021-02-03 05:00:00,Naive,5,0.20832286372705733,0.7676874615907899,2020-02-03 05:00:00,2021-02-03 05:00:00,2021-02-03 05:00:00,366,1
504,2021-02-04 05:00:00,Decision Tree,5,0.31790833471223245,0.25694528914292847,2020-02-04 05:00:00,2021-02-04 05:00:00,2021-02-04 05:00:00,366,1
505,2021-02-04 05:00:00,Random Forest,5,0.31790833471223245,0.25236563717222266,2020-02-04 05:00:00,2021-02-04 05:00:00,2021-02-04 05:00:00,366,1
506,2021-02-04 05:00:00,Neural Network,5,0.31790833471223245,0.27925674253891,2020-02-04 05:00:00,2021-02-04 05:00:00,2021-02-04 05:00:00,366,1
507,2021-02-04 05:00:00,Naive,5,0.31790833471223245,0.20832286372705733,2020-02-04 05:00:00,2021-02-04 05:00:00,2021-02-04 05:00:00,366,1
508,2021-02-05 05:00:00,Decision Tree,5,0.5972343781113314,0.5274205452994811,2020-02-05 05:00:00,2021-02-05 05:00:00,2021-02-05 05:00:00,366,1
509,2021-02-05 05:00:00,Random Forest,5,0.5972343781113314,0.5430766733099877,2020-02-05 05:00:00,2021-02-05 05:00:00,2021-02-05 05:00:00,366,1
510,2021-02-05 05:00:00,Neural Network,5,0.5972343781113314,0.5480466483321678,2020-02-05 05:00:00,2021-02-05 05:00:00,2021-02-05 05:00:00,366,1
511,2021-02-05 05:00:00,Naive,5,0.5972343781113314,0.31790833471223245,2020-02-05 05:00:00,2021-02-05 05:00:00,2021-02-05 05:00:00,366,1
512,2021-02-06 05:00:00,Decision Tree,5,-0.009696379964729171,0.0534504077569292,2020-02-06 05:00:00,2021-02-06 05:00:00,2021-02-06 05:00:00,366,1
513,2021-02-06 05:00:00,Random Forest,5,-0.009696379964729171,-0.02126400277213319,2020-02-06 05:00:00,2021-02-06 05:00:00,2021-02-06 05:00:00,366,1
514,2021-02-06 05:00:00,Neural Network,5,-0.009696379964729171,-0.1531244033186991,2020-02-06 05:00:00,2021-02-06 05:00:00,2021-02-06 05:00:00,366,1
515,2021-02-06 05:00:00,Naive,5,-0.009696379964729171,0.5972343781113314,2020-02-06 05:00:00,2021-02-06 05:00:00,2021-02-06 05:00:00,366,1
516,2021-02-07 05:00:00,Decision Tree,5,-1.7326873289162903,-1.700036293789624,2020-02-07 05:00:00,2021-02-07 05:00:00,2021-02-07 05:00:00,366,1
517,2021-02-07 05:00:00,Random Forest,5,-1.7326873289162903,-1.6644073461498732,2020-02-07 05:00:00,2021-02-07 05:00:00,2021-02-07 05:00:00,366,1
518,2021-02-07 05:00:00,Neural Network,5,-1.7326873289162903,-1.3434957227001891,2020-02-07 05:00:00,2021-02-07 05:00:00,2021-02-07 05:00:00,366,1
519,2021-02-07 05:00:00,Naive,5,-1.7326873289162903,-0.009696379964729171,2020-02-07 05:00:00,2021-02-07 05:00:00,2021-02-07 05:00:00,366,1
520,2021-02-08 05:00:00,Decision Tree,5,-0.9749048081027003,-0.9184833324934291,2020-02-08 05:00:00,2021-02-08 05:00:00,2021-02-08 05:00:00,366,1
521,2021-02-08 05:00:00,Random Forest,5,-0.9749048081027003,-0.939803130918966,2020-02-08 05:00:00,2021-02-08 05:00:00,2021-02-08 05:00:00,366,1
522,2021-02-08 05:00:00,Neural Network,5,-0.9749048081027003,-0.916705758134303,2020-02-08 05:00:00,2021-02-08 05:00:00,2021-02-08 05:00:00,366,1
523,2021-02-08 05:00:00,Naive,5,-0.9749048081027003,-1.7326873289162903,2020-02-08 05:00:00,2021-02-08 05:00:00,2021-02-08 05:00:00,366,1
524,2021-02-09 05:00:00,Decision Tree,5,0.8751143715955276,0.7837272166203288,2020-02-09 05:00:00,2021-02-09 05:00:00,2021-02-09 05:00:00,366,1
525,2021-02-09 05:00:00,Random Forest,5,0.8751143715955276,0.8921146353976782,2020-02-09 05:00:00,2021-02-09 05:00:00,2021-02-09 05:00:00,366,1
526,2021-02-09 05:00:00,Neural Network,5,0.8751143715955276,0.8248770408526505,2020-02-09 05:00:00,2021-02-09 05:00:00,2021-02-09 05:00:00,366,1
527,2021-02-09 05:00:00,Naive,5,0.8751143715955276,-0.9749048081027003,2020-02-09 05:00:00,2021-02-09 05:00:00,2021-02-09 05:00:00,366,1
528,2021-02-10 05:00:00,Decision Tree,5,0.9394305638922028,1.0134461066383007,2020-02-10 05:00:00,2021-02-10 05:00:00,2021-02-10 05:00:00,366,1
529,2021-02-10 05:00:00,Random Forest,5,0.9394305638922028,0.9440658228144891,2020-02-10 05:00:00,2021-02-10 05:00:00,2021-02-10 05:00:00,366,1
530,2021-02-10 05:00:00,Neural Network,5,0.9394305638922028,0.8366417300649175,2020-02-10 05:00:00,2021-02-10 05:00:00,2021-02-10 05:00:00,366,1
531,2021-02-10 05:00:00,Naive,5,0.9394305638922028,0.8751143715955276,2020-02-10 05:00:00,2021-02-10 05:00:00,2021-02-10 05:00:00,366,1
532,2021-02-11 05:00:00,Decision Tree,5,1.3100059694357054,1.0145822994676608,2020-02-11 05:00:00,2021-02-11 05:00:00,2021-02-11 05:00:00,366,1
533,2021-02-11 05:00:00,Random Forest,5,1.3100059694357054,1.0237951280805135,2020-02-11 05:00:00,2021-02-11 05:00:00,2021-02-11 05:00:00,366,1
534,2021-02-11 05:00:00,Neural Network,5,1.3100059694357054,1.246716479118565,2020-02-11 05:00:00,2021-02-11 05:00:00,2021-02-11 05:00:00,366,1
535,2021-02-11 05:00:00,Naive,5,1.3100059694357054,0.9394305638922028,2020-02-11 05:00:00,2021-02-11 05:00:00,2021-02-11 05:00:00,366,1
536,2021-02-12 05:00:00,Decision Tree,5,0.9359567277630714,1.0271082717270599,2020-02-12 05:00:00,2021-02-12 05:00:00,2021-02-12 05:00:00,366,1
537,2021-02-12 05:00:00,Random Forest,5,0.9359567277630714,0.9552322536485304,2020-02-12 05:00:00,2021-02-12 05:00:00,2021-02-12 05:00:00,366,1
538,2021-02-12 05:00:00,Neural Network,5,0.9359567277630714,0.8763182644735334,2020-02-12 05:00:00,2021-02-12 05:00:00,2021-02-12 05:00:00,366,1
539,2021-02-12 05:00:00,Naive,5,0.9359567277630714,1.3100059694357054,2020-02-12 05:00:00,2021-02-12 05:00:00,2021-02-12 05:00:00,366,1
540,2021-02-13 05:00:00,Decision Tree,5,0.7228159785461341,0.6995146375957586,2020-02-13 05:00:00,2021-02-13 05:00:00,2021-02-13 05:00:00,366,1
541,2021-02-13 05:00:00,Random Forest,5,0.7228159785461341,0.7129043041316531,2020-02-13 05:00:00,2021-02-13 05:00:00,2021-02-13 05:00:00,366,1
542,2021-02-13 05:00:00,Neural Network,5,0.7228159785461341,0.8119251850628127,2020-02-13 05:00:00,2021-02-13 05:00:00,2021-02-13 05:00:00,366,1
543,2021-02-13 05:00:00,Naive,5,0.7228159785461341,0.9359567277630714,2020-02-13 05:00:00,2021-02-13 05:00:00,2021-02-13 05:00:00,366,1
544,2021-02-14 05:00:00,Decision Tree,5,0.5106220806038515,0.5351776378341312,2020-02-14 05:00:00,2021-02-14 05:00:00,2021-02-14 05:00:00,366,1
545,2021-02-14 05:00:00,Random Forest,5,0.5106220806038515,0.47080931012220967,2020-02-14 05:00:00,2021-02-14 05:00:00,2021-02-14 05:00:00,366,1
546,2021-02-14 05:00:00,Neural Network,5,0.5106220806038515,0.5058305906287259,2020-02-14 05:00:00,2021-02-14 05:00:00,2021-02-14 05:00:00,366,1
547,2021-02-14 05:00:00,Naive,5,0.5106220806038515,0.7228159785461341,2020-02-14 05:00:00,2021-02-14 05:00:00,2021-02-14 05:00:00,366,1
548,2021-02-15 05:00:00,Decision Tree,5,0.30506382728741527,0.26565429565282905,2020-02-15 05:00:00,2021-02-15 05:00:00,2021-02-15 05:00:00,366,1
549,2021-02-15 05:00:00,Random Forest,5,0.30506382728741527,0.28515013635028624,2020-02-15 05:00:00,2021-02-15 05:00:00,2021-02-15 05:00:00,366,1
550,2021-02-15 05:00:00,Neural Network,5,0.30506382728741527,0.30171056606843394,2020-02-15 05:00:00,2021-02-15 05:00:00,2021-02-15 05:00:00,366,1
551,2021-02-15 05:00:00,Naive,5,0.30506382728741527,0.5106220806038515,2020-02-15 05:00:00,2021-02-15 05:00:00,2021-02-15 05:00:00,366,1
552,2021-02-16 05:00:00,Decision Tree,5,0.6938605371914887,0.6819594075384344,2020-02-16 05:00:00,2021-02-16 05:00:00,2021-02-16 05:00:00,366,1
553,2021-02-16 05:00:00,Random Forest,5,0.6938605371914887,0.688866452113865,2020-02-16 05:00:00,2021-02-16 05:00:00,2021-02-16 05:00:00,366,1
554,2021-02-16 05:00:00,Neural Network,5,0.6938605371914887,0.6155425241467525,2020-02-16 05:00:00,2021-02-16 05:00:00,2021-02-16 05:00:00,366,1
555,2021-02-16 05:00:00,Naive,5,0.6938605371914887,0.30506382728741527,2020-02-16 05:00:00,2021-02-16 05:00:00,2021-02-16 05:00:00,366,1
556,2021-02-17 05:00:00,Decision Tree,5,0.26290303178085533,0.2745479968632384,2020-02-17 05:00:00,2021-02-17 05:00:00,2021-02-17 05:00:00,366,1
557,2021-02-17 05:00:00,Random Forest,5,0.26290303178085533,0.2706962972281146,2020-02-17 05:00:00,2021-02-17 05:00:00,2021-02-17 05:00:00,366,1
558,2021-02-17 05:00:00,Neural Network,5,0.26290303178085533,0.178128325595437,2020-02-17 05:00:00,2021-02-17 05:00:00,2021-02-17 05:00:00,366,1
559,2021-02-17 05:00:00,Naive,5,0.26290303178085533,0.6938605371914887,2020-02-17 05:00:00,2021-02-17 05:00:00,2021-02-17 05:00:00,366,1
560,2021-02-18 05:00:00,Decision Tree,5,0.3627679409284083,0.356266486619537,2020-02-18 05:00:00,2021-02-18 05:00:00,2021-02-18 05:00:00,366,1
561,2021-02-18 05:00:00,Random Forest,5,0.3627679409284083,0.36471936076448364,2020-02-18 05:00:00,2021-02-18 05:00:00,2021-02-18 05:00:00,366,1
562,2021-02-18 05:00:00,Neural Network,5,0.3627679409284083,0.446723387033369,2020-02-18 05:00:00,2021-02-18 05:00:00,2021-02-18 05:00:00,366,1
563,2021-02-18 05:00:00,Naive,5,0.3627679409284083,0.26290303178085533,2020-02-18 05:00:00,2021-02-18 05:00:00,2021-02-18 05:00:00,366,1
564,2021-02-19 05:00:00,Decision Tree,5,0.2829637045905016,0.2730923762279405,2020-02-19 05:00:00,2021-02-19 05:00:00,2021-02-19 05:00:00,366,1
565,2021-02-19 05:00:00,Random Forest,5,0.2829637045905016,0.27885700019727616,2020-02-19 05:00:00,2021-02-19 05:00:00,2021-02-19 05:00:00,366,1
566,2021-02-19 05:00:00,Neural Network,5,0.2829637045905016,0.264492317732009,2020-02-19 05:00:00,2021-02-19 05:00:00,2021-02-19 05:00:00,366,1
567,2021-02-19 05:00:00,Naive,5,0.2829637045905016,0.3627679409284083,2020-02-19 05:00:00,2021-02-19 05:00:00,2021-02-19 05:00:00,366,1
568,2021-02-20 05:00:00,Decision Tree,5,-0.17561972186506636,-0.21985662495276787,2020-02-20 05:00:00,2021-02-20 05:00:00,2021-02-20 05:00:00,366,1
569,2021-02-20 05:00:00,Random Forest,5,-0.17561972186506636,-0.20597039631269756,2020-02-20 05:00:00,2021-02-20 05:00:00,2021-02-20 05:00:00,366,1
570,2021-02-20 05:00:00,Neural Network,5,-0.17561972186506636,-0.029006786355893988,2020-02-20 05:00:00,2021-02-20 05:00:00,2021-02-20 05:00:00,366,1
571,2021-02-20 05:00:00,Naive,5,-0.17561972186506636,0.2829637045905016,2020-02-20 05:00:00,2021-02-20 05:00:00,2021-02-20 05:00:00,366,1
572,2021-02-21 05:00:00,Decision Tree,5,-1.0530417926393214,-1.008100779061734,2020-02-21 05:00:00,2021-02-21 05:00:00,2021-02-21 05:00:00,366,1
573,2021-02-21 05:00:00,Random Forest,5,-1.0530417926393214,-1.0104119113952372,2020-02-21 05:00:00,2021-02-21 05:00:00,2021-02-21 05:00:00,366,1
574,2021-02-21 05:00:00,Neural Network,5,-1.0530417926393214,-0.9560632299447058,2020-02-21 05:00:00,2021-02-21 05:00:00,2021-02-21 05:00:00,366,1
575,2021-02-21 05:00:00,Naive,5,-1.0530417926393214,-0.17561972186506636,2020-02-21 05:00:00,2021-02-21 05:00:00,2021-02-21 05:00:00,366,1
576,2021-02-22 05:00:00,Decision Tree,5,0.31027389498428953,0.29221059405695926,2020-02-22 05:00:00,2021-02-22 05:00:00,2021-02-22 05:00:00,366,1
577,2021-02-22 05:00:00,Random Forest,5,0.31027389498428953,0.2815903296871716,2020-02-22 05:00:00,2021-02-22 05:00:00,2021-02-22 05:00:00,366,1
578,2021-02-22 05:00:00,Neural Network,5,0.31027389498428953,0.25405345063027307,2020-02-22 05:00:00,2021-02-22 05:00:00,2021-02-22 05:00:00,366,1
579,2021-02-22 05:00:00,Naive,5,0.31027389498428953,-1.0530417926393214,2020-02-22 05:00:00,2021-02-22 05:00:00,2021-02-22 05:00:00,366,1
580,2021-02-23 05:00:00,Decision Tree,5,0.2926720615544575,0.2952211442115143,2020-02-23 05:00:00,2021-02-23 05:00:00,2021-02-23 05:00:00,366,1
581,2021-02-23 05:00:00,Random Forest,5,0.2926720615544575,0.2802918945014185,2020-02-23 05:00:00,2021-02-23 05:00:00,2021-02-23 05:00:00,366,1
582,2021-02-23 05:00:00,Neural Network,5,0.2926720615544575,0.3003003133965647,2020-02-23 05:00:00,2021-02-23 05:00:00,2021-02-23 05:00:00,366,1
583,2021-02-23 05:00:00,Naive,5,0.2926720615544575,0.31027389498428953,2020-02-23 05:00:00,2021-02-23 05:00:00,2021-02-23 05:00:00,366,1
584,2021-02-24 05:00:00,Decision Tree,5,-0.8962590907019979,-0.881660841798411,2020-02-24 05:00:00,2021-02-24 05:00:00,2021-02-24 05:00:00,366,1
585,2021-02-24 05:00:00,Random Forest,5,-0.8962590907019979,-0.8742229992826764,2020-02-24 05:00:00,2021-02-24 05:00:00,2021-02-24 05:00:00,366,1
586,2021-02-24 05:00:00,Neural Network,5,-0.8962590907019979,-0.8082073171411996,2020-02-24 05:00:00,2021-02-24 05:00:00,2021-02-24 05:00:00,366,1
587,2021-02-24 05:00:00,Naive,5,-0.8962590907019979,0.2926720615544575,2020-02-24 05:00:00,2021-02-24 05:00:00,2021-02-24 05:00:00,366,1
588,2021-02-25 05:00:00,Decision Tree,5,0.2630601737914729,0.25647491418787666,2020-02-25 05:00:00,2021-02-25 05:00:00,2021-02-25 05:00:00,366,1
589,2021-02-25 05:00:00,Random Forest,5,0.2630601737914729,0.265953408439013,2020-02-25 05:00:00,2021-02-25 05:00:00,2021-02-25 05:00:00,366,1
590,2021-02-25 05:00:00,Neural Network,5,0.2630601737914729,0.23765508149136577,2020-02-25 05:00:00,2021-02-25 05:00:00,2021-02-25 05:00:00,366,1
591,2021-02-25 05:00:00,Naive,5,0.2630601737914729,-0.8962590907019979,2020-02-25 05:00:00,2021-02-25 05:00:00,2021-02-25 05:00:00,366,1
592,2021-02-26 05:00:00,Decision Tree,5,0.5509354387019053,0.556896138799755,2020-02-26 05:00:00,2021-02-26 05:00:00,2021-02-26 05:00:00,366,1
593,2021-02-26 05:00:00,Random Forest,5,0.5509354387019053,0.5341620881342504,2020-02-26 05:00:00,2021-02-26 05:00:00,2021-02-26 05:00:00,366,1
594,2021-02-26 05:00:00,Neural Network,5,0.5509354387019053,0.4950820239414266,2020-02-26 05:00:00,2021-02-26 05:00:00,2021-02-26 05:00:00,366,1
595,2021-02-26 05:00:00,Naive,5,0.5509354387019053,0.2630601737914729,2020-02-26 05:00:00,2021-02-26 05:00:00,2021-02-26 05:00:00,366,1
596,2021-02-27 05:00:00,Decision Tree,5,0.33334229162409135,0.25729807163832613,2020-02-27 05:00:00,2021-02-27 05:00:00,2021-02-27 05:00:00,366,1
597,2021-02-27 05:00:00,Random Forest,5,0.33334229162409135,0.27012789174155666,2020-02-27 05:00:00,2021-02-27 05:00:00,2021-02-27 05:00:00,366,1
598,2021-02-27 05:00:00,Neural Network,5,0.33334229162409135,0.3936507276606371,2020-02-27 05:00:00,2021-02-27 05:00:00,2021-02-27 05:00:00,366,1
599,2021-02-27 05:00:00,Naive,5,0.33334229162409135,0.5509354387019053,2020-02-27 05:00:00,2021-02-27 05:00:00,2021-02-27 05:00:00,366,1
600,2021-02-28 05:00:00,Decision Tree,5,0.3202213854848681,0.25729807163832613,2020-02-28 05:00:00,2021-02-28 05:00:00,2021-02-28 05:00:00,366,1
601,2021-02-28 05:00:00,Random Forest,5,0.3202213854848681,0.26573951043601657,2020-02-28 05:00:00,2021-02-28 05:00:00,2021-02-28 05:00:00,366,1
602,2021-02-28 05:00:00,Neural Network,5,0.3202213854848681,0.453775905648554,2020-02-28 05:00:00,2021-02-28 05:00:00,2021-02-28 05:00:00,366,1
603,2021-02-28 05:00:00,Naive,5,0.3202213854848681,0.33334229162409135,2020-02-28 05:00:00,2021-02-28 05:00:00,2021-02-28 05:00:00,366,1
604,2021-03-01 05:00:00,Decision Tree,5,0.6924209103925868,0.6925174303628057,2020-03-01 05:00:00,2021-03-01 05:00:00,2021-03-01 05:00:00,365,1
605,2021-03-01 05:00:00,Random Forest,5,0.6924209103925868,0.7060505897381522,2020-03-01 05:00:00,2021-03-01 05:00:00,2021-03-01 05:00:00,365,1
606,2021-03-01 05:00:00,Neural Network,5,0.6924209103925868,0.5048049614961188,2020-03-01 05:00:00,2021-03-01 05:00:00,2021-03-01 05:00:00,365,1
607,2021-03-01 05:00:00,Naive,5,0.6924209103925868,0.3202213854848681,2020-03-01 05:00:00,2021-03-01 05:00:00,2021-03-01 05:00:00,365,1
608,2021-03-02 05:00:00,Decision Tree,5,0.8293596770882853,0.7837272166203288,2020-03-02 05:00:00,2021-03-02 05:00:00,2021-03-02 05:00:00,365,1
609,2021-03-02 05:00:00,Random Forest,5,0.8293596770882853,0.8402980994620539,2020-03-02 05:00:00,2021-03-02 05:00:00,2021-03-02 05:00:00,365,1
610,2021-03-02 05:00:00,Neural Network,5,0.8293596770882853,0.7580977028799546,2020-03-02 05:00:00,2021-03-02 05:00:00,2021-03-02 05:00:00,365,1
611,2021-03-02 05:00:00,Naive,5,0.8293596770882853,0.6924209103925868,2020-03-02 05:00:00,2021-03-02 05:00:00,2021-03-02 05:00:00,365,1
612,2021-03-03 05:00:00,Decision Tree,5,0.9435879253226954,1.0169803223977276,2020-03-03 05:00:00,2021-03-03 05:00:00,2021-03-03 05:00:00,365,1
613,2021-03-03 05:00:00,Random Forest,5,0.9435879253226954,0.9571870716630884,2020-03-03 05:00:00,2021-03-03 05:00:00,2021-03-03 05:00:00,365,1
614,2021-03-03 05:00:00,Neural Network,5,0.9435879253226954,0.945462350720675,2020-03-03 05:00:00,2021-03-03 05:00:00,2021-03-03 05:00:00,365,1
615,2021-03-03 05:00:00,Naive,5,0.9435879253226954,0.8293596770882853,2020-03-03 05:00:00,2021-03-03 05:00:00,2021-03-03 05:00:00,365,1
616,2021-03-04 05:00:00,Decision Tree,5,0.782039880598559,0.8286562764467165,2020-03-04 05:00:00,2021-03-04 05:00:00,2021-03-04 05:00:00,365,1
617,2021-03-04 05:00:00,Random Forest,5,0.782039880598559,0.7640968747942521,2020-03-04 05:00:00,2021-03-04 05:00:00,2021-03-04 05:00:00,365,1
618,2021-03-04 05:00:00,Neural Network,5,0.782039880598559,0.6975792774479697,2020-03-04 05:00:00,2021-03-04 05:00:00,2021-03-04 05:00:00,365,1
619,2021-03-04 05:00:00,Naive,5,0.782039880598559,0.9435879253226954,2020-03-04 05:00:00,2021-03-04 05:00:00,2021-03-04 05:00:00,365,1
620,2021-03-05 05:00:00,Decision Tree,5,0.8102714738556842,0.8208868771386902,2020-03-05 05:00:00,2021-03-05 05:00:00,2021-03-05 05:00:00,365,1
621,2021-03-05 05:00:00,Random Forest,5,0.8102714738556842,0.8202504214987476,2020-03-05 05:00:00,2021-03-05 05:00:00,2021-03-05 05:00:00,365,1
622,2021-03-05 05:00:00,Neural Network,5,0.8102714738556842,0.829867247439658,2020-03-05 05:00:00,2021-03-05 05:00:00,2021-03-05 05:00:00,365,1
623,2021-03-05 05:00:00,Naive,5,0.8102714738556842,0.782039880598559,2020-03-05 05:00:00,2021-03-05 05:00:00,2021-03-05 05:00:00,365,1
624,2021-03-06 05:00:00,Decision Tree,5,0.3860983500967259,0.39260171431812874,2020-03-06 05:00:00,2021-03-06 05:00:00,2021-03-06 05:00:00,365,1
625,2021-03-06 05:00:00,Random Forest,5,0.3860983500967259,0.3709773816418185,2020-03-06 05:00:00,2021-03-06 05:00:00,2021-03-06 05:00:00,365,1
626,2021-03-06 05:00:00,Neural Network,5,0.3860983500967259,0.44493927346494966,2020-03-06 05:00:00,2021-03-06 05:00:00,2021-03-06 05:00:00,365,1
627,2021-03-06 05:00:00,Naive,5,0.3860983500967259,0.8102714738556842,2020-03-06 05:00:00,2021-03-06 05:00:00,2021-03-06 05:00:00,365,1
628,2021-03-07 05:00:00,Decision Tree,5,0.6155954294239339,0.5085480254224516,2020-03-07 05:00:00,2021-03-07 05:00:00,2021-03-07 05:00:00,365,1
629,2021-03-07 05:00:00,Random Forest,5,0.6155954294239339,0.5585607065996053,2020-03-07 05:00:00,2021-03-07 05:00:00,2021-03-07 05:00:00,365,1
630,2021-03-07 05:00:00,Neural Network,5,0.6155954294239339,0.49161453330749755,2020-03-07 05:00:00,2021-03-07 05:00:00,2021-03-07 05:00:00,365,1
631,2021-03-07 05:00:00,Naive,5,0.6155954294239339,0.3860983500967259,2020-03-07 05:00:00,2021-03-07 05:00:00,2021-03-07 05:00:00,365,1
632,2021-03-08 05:00:00,Decision Tree,5,0.9722961883268971,1.088697380576361,2020-03-08 05:00:00,2021-03-08 05:00:00,2021-03-08 05:00:00,365,1
633,2021-03-08 05:00:00,Random Forest,5,0.9722961883268971,0.9750815042582918,2020-03-08 05:00:00,2021-03-08 05:00:00,2021-03-08 05:00:00,365,1
634,2021-03-08 05:00:00,Neural Network,5,0.9722961883268971,0.8095836198327745,2020-03-08 05:00:00,2021-03-08 05:00:00,2021-03-08 05:00:00,365,1
635,2021-03-08 05:00:00,Naive,5,0.9722961883268971,0.6155954294239339,2020-03-08 05:00:00,2021-03-08 05:00:00,2021-03-08 05:00:00,365,1
636,2021-03-09 05:00:00,Decision Tree,5,0.876278304137531,0.9286192119918378,2020-03-09 05:00:00,2021-03-09 05:00:00,2021-03-09 05:00:00,365,1
637,2021-03-09 05:00:00,Random Forest,5,0.876278304137531,0.8915956641333335,2020-03-09 05:00:00,2021-03-09 05:00:00,2021-03-09 05:00:00,365,1
638,2021-03-09 05:00:00,Neural Network,5,0.876278304137531,0.8717126240475559,2020-03-09 05:00:00,2021-03-09 05:00:00,2021-03-09 05:00:00,365,1
639,2021-03-09 05:00:00,Naive,5,0.876278304137531,0.9722961883268971,2020-03-09 05:00:00,2021-03-09 05:00:00,2021-03-09 05:00:00,365,1
640,2021-03-10 05:00:00,Decision Tree,5,1.1125429229055264,1.088697380576361,2020-03-10 05:00:00,2021-03-10 05:00:00,2021-03-10 05:00:00,365,1
641,2021-03-10 05:00:00,Random Forest,5,1.1125429229055264,1.0724656127797898,2020-03-10 05:00:00,2021-03-10 05:00:00,2021-03-10 05:00:00,365,1
642,2021-03-10 05:00:00,Neural Network,5,1.1125429229055264,1.0306944339072117,2020-03-10 05:00:00,2021-03-10 05:00:00,2021-03-10 05:00:00,365,1
643,2021-03-10 05:00:00,Naive,5,1.1125429229055264,0.876278304137531,2020-03-10 05:00:00,2021-03-10 05:00:00,2021-03-10 05:00:00,365,1
644,2021-03-11 05:00:00,Decision Tree,5,-1.2369446436026228,-1.1917691649788478,2020-03-11 05:00:00,2021-03-11 05:00:00,2021-03-11 05:00:00,365,1
645,2021-03-11 05:00:00,Random Forest,5,-1.2369446436026228,-1.1853259552095619,2020-03-11 05:00:00,2021-03-11 05:00:00,2021-03-11 05:00:00,365,1
646,2021-03-11 05:00:00,Neural Network,5,-1.2369446436026228,-1.2736635539117007,2020-03-11 05:00:00,2021-03-11 05:00:00,2021-03-11 05:00:00,365,1
647,2021-03-11 05:00:00,Naive,5,-1.2369446436026228,1.1125429229055264,2020-03-11 05:00:00,2021-03-11 05:00:00,2021-03-11 05:00:00,365,1
648,2021-03-12 05:00:00,Decision Tree,5,-0.957434423259775,-0.9195275416499257,2020-03-12 05:00:00,2021-03-12 05:00:00,2021-03-12 05:00:00,365,1
649,2021-03-12 05:00:00,Random Forest,5,-0.957434423259775,-0.9180930359389731,2020-03-12 05:00:00,2021-03-12 05:00:00,2021-03-12 05:00:00,365,1
650,2021-03-12 05:00:00,Neural Network,5,-0.957434423259775,-0.9019286779277078,2020-03-12 05:00:00,2021-03-12 05:00:00,2021-03-12 05:00:00,365,1
651,2021-03-12 05:00:00,Naive,5,-0.957434423259775,-1.2369446436026228,2020-03-12 05:00:00,2021-03-12 05:00:00,2021-03-12 05:00:00,365,1
652,2021-03-13 05:00:00,Decision Tree,5,-1.1315566355632638,-1.1026256180499117,2020-03-13 05:00:00,2021-03-13 05:00:00,2021-03-13 05:00:00,365,1
653,2021-03-13 05:00:00,Random Forest,5,-1.1315566355632638,-1.09241639001993,2020-03-13 05:00:00,2021-03-13 05:00:00,2021-03-13 05:00:00,365,1
654,2021-03-13 05:00:00,Neural Network,5,-1.1315566355632638,-1.196729594655579,2020-03-13 05:00:00,2021-03-13 05:00:00,2021-03-13 05:00:00,365,1
655,2021-03-13 05:00:00,Naive,5,-1.1315566355632638,-0.957434423259775,2020-03-13 05:00:00,2021-03-13 05:00:00,2021-03-13 05:00:00,365,1
656,2021-03-14 05:00:00,Decision Tree,5,-1.7265794855672785,-1.6780934261047111,2020-03-14 05:00:00,2021-03-14 05:00:00,2021-03-14 05:00:00,365,1
657,2021-03-14 05:00:00,Random Forest,5,-1.7265794855672785,-1.7214672745998647,2020-03-14 05:00:00,2021-03-14 05:00:00,2021-03-14 05:00:00,365,1
658,2021-03-14 05:00:00,Neural Network,5,-1.7265794855672785,-1.8540290589656276,2020-03-14 05:00:00,2021-03-14 05:00:00,2021-03-14 05:00:00,365,1
659,2021-03-14 05:00:00,Naive,5,-1.7265794855672785,-1.1315566355632638,2020-03-14 05:00:00,2021-03-14 05:00:00,2021-03-14 05:00:00,365,1
660,2021-03-15 05:00:00,Decision Tree,5,0.3915470013991196,0.39178879379045345,2020-03-15 05:00:00,2021-03-15 05:00:00,2021-03-15 05:00:00,365,1
661,2021-03-15 05:00:00,Random Forest,5,0.3915470013991196,0.39162443434158234,2020-03-15 05:00:00,2021-03-15 05:00:00,2021-03-15 05:00:00,365,1
662,2021-03-15 05:00:00,Neural Network,5,0.3915470013991196,0.14459017691139014,2020-03-15 05:00:00,2021-03-15 05:00:00,2021-03-15 05:00:00,365,1
663,2021-03-15 05:00:00,Naive,5,0.3915470013991196,-1.7265794855672785,2020-03-15 05:00:00,2021-03-15 05:00:00,2021-03-15 05:00:00,365,1
664,2021-03-16 05:00:00,Decision Tree,5,0.8202958354233347,0.8318872680467648,2020-03-16 05:00:00,2021-03-16 05:00:00,2021-03-16 05:00:00,365,1
665,2021-03-16 05:00:00,Random Forest,5,0.8202958354233347,0.8264597749029554,2020-03-16 05:00:00,2021-03-16 05:00:00,2021-03-16 05:00:00,365,1
666,2021-03-16 05:00:00,Neural Network,5,0.8202958354233347,0.6929551820360196,2020-03-16 05:00:00,2021-03-16 05:00:00,2021-03-16 05:00:00,365,1
667,2021-03-16 05:00:00,Naive,5,0.8202958354233347,0.3915470013991196,2020-03-16 05:00:00,2021-03-16 05:00:00,2021-03-16 05:00:00,365,1
668,2021-03-17 05:00:00,Decision Tree,5,0.8942151823287922,0.9445648618842658,2020-03-17 05:00:00,2021-03-17 05:00:00,2021-03-17 05:00:00,365,1
669,2021-03-17 05:00:00,Random Forest,5,0.8942151823287922,0.9294228554175695,2020-03-17 05:00:00,2021-03-17 05:00:00,2021-03-17 05:00:00,365,1
670,2021-03-17 05:00:00,Neural Network,5,0.8942151823287922,0.7720491548991435,2020-03-17 05:00:00,2021-03-17 05:00:00,2021-03-17 05:00:00,365,1
671,2021-03-17 05:00:00,Naive,5,0.8942151823287922,0.8202958354233347,2020-03-17 05:00:00,2021-03-17 05:00:00,2021-03-17 05:00:00,365,1
672,2021-03-18 05:00:00,Decision Tree,5,1.0286435796762772,1.1138591809889618,2020-03-18 05:00:00,2021-03-18 05:00:00,2021-03-18 05:00:00,365,1
673,2021-03-18 05:00:00,Random Forest,5,1.0286435796762772,1.0691906099027177,2020-03-18 05:00:00,2021-03-18 05:00:00,2021-03-18 05:00:00,365,1
674,2021-03-18 05:00:00,Neural Network,5,1.0286435796762772,0.9594343071422671,2020-03-18 05:00:00,2021-03-18 05:00:00,2021-03-18 05:00:00,365,1
675,2021-03-18 05:00:00,Naive,5,1.0286435796762772,0.8942151823287922,2020-03-18 05:00:00,2021-03-18 05:00:00,2021-03-18 05:00:00,365,1
676,2021-03-19 05:00:00,Decision Tree,5,1.0546241371347551,1.099656580770181,2020-03-19 05:00:00,2021-03-19 05:00:00,2021-03-19 05:00:00,365,1
677,2021-03-19 05:00:00,Random Forest,5,1.0546241371347551,1.0687076362321342,2020-03-19 05:00:00,2021-03-19 05:00:00,2021-03-19 05:00:00,365,1
678,2021-03-19 05:00:00,Neural Network,5,1.0546241371347551,0.985521569531893,2020-03-19 05:00:00,2021-03-19 05:00:00,2021-03-19 05:00:00,365,1
679,2021-03-19 05:00:00,Naive,5,1.0546241371347551,1.0286435796762772,2020-03-19 05:00:00,2021-03-19 05:00:00,2021-03-19 05:00:00,365,1
680,2021-03-20 05:00:00,Decision Tree,5,1.0009383756376986,1.093223374536549,2020-03-20 05:00:00,2021-03-20 05:00:00,2021-03-20 05:00:00,365,1
681,2021-03-20 05:00:00,Random Forest,5,1.0009383756376986,1.0434940102892118,2020-03-20 05:00:00,2021-03-20 05:00:00,2021-03-20 05:00:00,365,1
682,2021-03-20 05:00:00,Neural Network,5,1.0009383756376986,0.7972996212390737,2020-03-20 05:00:00,2021-03-20 05:00:00,2021-03-20 05:00:00,365,1
683,2021-03-20 05:00:00,Naive,5,1.0009383756376986,1.0546241371347551,2020-03-20 05:00:00,2021-03-20 05:00:00,2021-03-20 05:00:00,365,1
684,2021-03-21 05:00:00,Decision Tree,5,-0.8121183243944893,-0.7779611872216172,2020-03-21 05:00:00,2021-03-21 05:00:00,2021-03-21 05:00:00,365,1
685,2021-03-21 05:00:00,Random Forest,5,-0.8121183243944893,-0.7811101237257808,2020-03-21 05:00:00,2021-03-21 05:00:00,2021-03-21 05:00:00,365,1
686,2021-03-21 05:00:00,Neural Network,5,-0.8121183243944893,-0.8965972694847808,2020-03-21 05:00:00,2021-03-21 05:00:00,2021-03-21 05:00:00,365,1
687,2021-03-21 05:00:00,Naive,5,-0.8121183243944893,1.0009383756376986,2020-03-21 05:00:00,2021-03-21 05:00:00,2021-03-21 05:00:00,365,1
688,2021-03-22 05:00:00,Decision Tree,5,0.9755367443350227,1.0711373242484514,2020-03-22 05:00:00,2021-03-22 05:00:00,2021-03-22 05:00:00,365,1
689,2021-03-22 05:00:00,Random Forest,5,0.9755367443350227,1.0262764223634513,2020-03-22 05:00:00,2021-03-22 05:00:00,2021-03-22 05:00:00,365,1
690,2021-03-22 05:00:00,Neural Network,5,0.9755367443350227,0.8852896235670413,2020-03-22 05:00:00,2021-03-22 05:00:00,2021-03-22 05:00:00,365,1
691,2021-03-22 05:00:00,Naive,5,0.9755367443350227,-0.8121183243944893,2020-03-22 05:00:00,2021-03-22 05:00:00,2021-03-22 05:00:00,365,1
692,2021-03-23 05:00:00,Decision Tree,5,1.3245765245347767,1.1030602717713334,2020-03-23 05:00:00,2021-03-23 05:00:00,2021-03-23 05:00:00,365,1
693,2021-03-23 05:00:00,Random Forest,5,1.3245765245347767,1.127306295834371,2020-03-23 05:00:00,2021-03-23 05:00:00,2021-03-23 05:00:00,365,1
694,2021-03-23 05:00:00,Neural Network,5,1.3245765245347767,1.34673948778825,2020-03-23 05:00:00,2021-03-23 05:00:00,2021-03-23 05:00:00,365,1
695,2021-03-23 05:00:00,Naive,5,1.3245765245347767,0.9755367443350227,2020-03-23 05:00:00,2021-03-23 05:00:00,2021-03-23 05:00:00,365,1
696,2021-03-24 05:00:00,Decision Tree,5,0.8907059543963864,0.9553273814611167,2020-03-24 05:00:00,2021-03-24 05:00:00,2021-03-24 05:00:00,365,1
697,2021-03-24 05:00:00,Random Forest,5,0.8907059543963864,0.9333934220444111,2020-03-24 05:00:00,2021-03-24 05:00:00,2021-03-24 05:00:00,365,1
698,2021-03-24 05:00:00,Neural Network,5,0.8907059543963864,0.8968192912764097,2020-03-24 05:00:00,2021-03-24 05:00:00,2021-03-24 05:00:00,365,1
699,2021-03-24 05:00:00,Naive,5,0.8907059543963864,1.3245765245347767,2020-03-24 05:00:00,2021-03-24 05:00:00,2021-03-24 05:00:00,365,1
700,2021-03-25 05:00:00,Decision Tree,5,1.3239913925278501,1.1086753913253684,2020-03-25 05:00:00,2021-03-25 05:00:00,2021-03-25 05:00:00,365,1
701,2021-03-25 05:00:00,Random Forest,5,1.3239913925278501,1.2235743376346608,2020-03-25 05:00:00,2021-03-25 05:00:00,2021-03-25 05:00:00,365,1
702,2021-03-25 05:00:00,Neural Network,5,1.3239913925278501,1.3906507386101508,2020-03-25 05:00:00,2021-03-25 05:00:00,2021-03-25 05:00:00,365,1
703,2021-03-25 05:00:00,Naive,5,1.3239913925278501,0.8907059543963864,2020-03-25 05:00:00,2021-03-25 05:00:00,2021-03-25 05:00:00,365,1
704,2021-03-26 05:00:00,Decision Tree,5,0.9273953438083379,0.9553273814611167,2020-03-26 05:00:00,2021-03-26 05:00:00,2021-03-26 05:00:00,365,1
705,2021-03-26 05:00:00,Random Forest,5,0.9273953438083379,0.9809144692697465,2020-03-26 05:00:00,2021-03-26 05:00:00,2021-03-26 05:00:00,365,1
706,2021-03-26 05:00:00,Neural Network,5,0.9273953438083379,0.9353756418831416,2020-03-26 05:00:00,2021-03-26 05:00:00,2021-03-26 05:00:00,365,1
707,2021-03-26 05:00:00,Naive,5,0.9273953438083379,1.3239913925278501,2020-03-26 05:00:00,2021-03-26 05:00:00,2021-03-26 05:00:00,365,1
708,2021-03-27 05:00:00,Decision Tree,5,-0.11774495377210074,-0.12533759893495808,2020-03-27 05:00:00,2021-03-27 05:00:00,2021-03-27 05:00:00,365,1
709,2021-03-27 05:00:00,Random Forest,5,-0.11774495377210074,-0.12374453801140264,2020-03-27 05:00:00,2021-03-27 05:00:00,2021-03-27 05:00:00,365,1
710,2021-03-27 05:00:00,Neural Network,5,-0.11774495377210074,-0.39949681166466733,2020-03-27 05:00:00,2021-03-27 05:00:00,2021-03-27 05:00:00,365,1
711,2021-03-27 05:00:00,Naive,5,-0.11774495377210074,0.9273953438083379,2020-03-27 05:00:00,2021-03-27 05:00:00,2021-03-27 05:00:00,365,1
712,2021-03-28 05:00:00,Decision Tree,5,-0.04321358123828819,-0.0391561183136359,2020-03-28 05:00:00,2021-03-28 05:00:00,2021-03-28 05:00:00,365,1
713,2021-03-28 05:00:00,Random Forest,5,-0.04321358123828819,-0.019228323162591158,2020-03-28 05:00:00,2021-03-28 05:00:00,2021-03-28 05:00:00,365,1
714,2021-03-28 05:00:00,Neural Network,5,-0.04321358123828819,-0.12332134247255333,2020-03-28 05:00:00,2021-03-28 05:00:00,2021-03-28 05:00:00,365,1
715,2021-03-28 05:00:00,Naive,5,-0.04321358123828819,-0.11774495377210074,2020-03-28 05:00:00,2021-03-28 05:00:00,2021-03-28 05:00:00,365,1
716,2021-03-29 05:00:00,Decision Tree,5,-0.0074528675733971,0.05733640184201787,2020-03-29 05:00:00,2021-03-29 05:00:00,2021-03-29 05:00:00,365,1
717,2021-03-29 05:00:00,Random Forest,5,-0.0074528675733971,0.03708147263470508,2020-03-29 05:00:00,2021-03-29 05:00:00,2021-03-29 05:00:00,365,1
718,2021-03-29 05:00:00,Neural Network,5,-0.0074528675733971,-0.08066729151736812,2020-03-29 05:00:00,2021-03-29 05:00:00,2021-03-29 05:00:00,365,1
719,2021-03-29 05:00:00,Naive,5,-0.0074528675733971,-0.04321358123828819,2020-03-29 05:00:00,2021-03-29 05:00:00,2021-03-29 05:00:00,365,1
720,2021-03-30 05:00:00,Decision Tree,5,1.0837930351411884,1.2251481893077227,2020-03-30 05:00:00,2021-03-30 05:00:00,2021-03-30 05:00:00,365,1
721,2021-03-30 05:00:00,Random Forest,5,1.0837930351411884,1.1074206606312371,2020-03-30 05:00:00,2021-03-30 05:00:00,2021-03-30 05:00:00,365,1
722,2021-03-30 05:00:00,Neural Network,5,1.0837930351411884,0.9456598954134778,2020-03-30 05:00:00,2021-03-30 05:00:00,2021-03-30 05:00:00,365,1
723,2021-03-30 05:00:00,Naive,5,1.0837930351411884,-0.0074528675733971,2020-03-30 05:00:00,2021-03-30 05:00:00,2021-03-30 05:00:00,365,1
724,2021-03-31 05:00:00,Decision Tree,5,1.0946238854694612,1.2309819689090093,2020-03-31 05:00:00,2021-03-31 05:00:00,2021-03-31 05:00:00,365,1
725,2021-03-31 05:00:00,Random Forest,5,1.0946238854694612,1.0984145971776118,2020-03-31 05:00:00,2021-03-31 05:00:00,2021-03-31 05:00:00,365,1
726,2021-03-31 05:00:00,Neural Network,5,1.0946238854694612,1.0061425285357175,2020-03-31 05:00:00,2021-03-31 05:00:00,2021-03-31 05:00:00,365,1
727,2021-03-31 05:00:00,Naive,5,1.0946238854694612,1.0837930351411884,2020-03-31 05:00:00,2021-03-31 05:00:00,2021-03-31 05:00:00,365,1
728,2021-04-01 05:00:00,Decision Tree,5,0.6860912124712738,0.7452734949846476,2020-04-01 05:00:00,2021-04-01 05:00:00,2021-04-01 05:00:00,365,1
729,2021-04-01 05:00:00,Random Forest,5,0.6860912124712738,0.705963668342715,2020-04-01 05:00:00,2021-04-01 05:00:00,2021-04-01 05:00:00,365,1
730,2021-04-01 05:00:00,Neural Network,5,0.6860912124712738,0.6394335811893792,2020-04-01 05:00:00,2021-04-01 05:00:00,2021-04-01 05:00:00,365,1
731,2021-04-01 05:00:00,Naive,5,0.6860912124712738,1.0946238854694612,2020-04-01 05:00:00,2021-04-01 05:00:00,2021-04-01 05:00:00,365,1
732,2021-04-02 05:00:00,Decision Tree,5,0.7682414370897324,0.8355238829743369,2020-04-02 05:00:00,2021-04-02 05:00:00,2021-04-02 05:00:00,365,1
733,2021-04-02 05:00:00,Random Forest,5,0.7682414370897324,0.8167810743190839,2020-04-02 05:00:00,2021-04-02 05:00:00,2021-04-02 05:00:00,365,1
734,2021-04-02 05:00:00,Neural Network,5,0.7682414370897324,0.19896018190980214,2020-04-02 05:00:00,2021-04-02 05:00:00,2021-04-02 05:00:00,365,1
735,2021-04-02 05:00:00,Naive,5,0.7682414370897324,0.6860912124712738,2020-04-02 05:00:00,2021-04-02 05:00:00,2021-04-02 05:00:00,365,1
736,2021-04-03 05:00:00,Decision Tree,5,0.1435651375715206,0.21094313665847805,2020-04-03 05:00:00,2021-04-03 05:00:00,2021-04-03 05:00:00,365,1
737,2021-04-03 05:00:00,Random Forest,5,0.1435651375715206,0.1620124362105313,2020-04-03 05:00:00,2021-04-03 05:00:00,2021-04-03 05:00:00,365,1
738,2021-04-03 05:00:00,Neural Network,5,0.1435651375715206,-0.15592304834010004,2020-04-03 05:00:00,2021-04-03 05:00:00,2021-04-03 05:00:00,365,1
739,2021-04-03 05:00:00,Naive,5,0.1435651375715206,0.7682414370897324,2020-04-03 05:00:00,2021-04-03 05:00:00,2021-04-03 05:00:00,365,1
740,2021-04-04 05:00:00,Decision Tree,5,0.22117664618247188,0.1562663452176707,2020-04-04 05:00:00,2021-04-04 05:00:00,2021-04-04 05:00:00,365,1
741,2021-04-04 05:00:00,Random Forest,5,0.22117664618247188,0.26023206892751066,2020-04-04 05:00:00,2021-04-04 05:00:00,2021-04-04 05:00:00,365,1
742,2021-04-04 05:00:00,Neural Network,5,0.22117664618247188,0.2393293156714577,2020-04-04 05:00:00,2021-04-04 05:00:00,2021-04-04 05:00:00,365,1
743,2021-04-04 05:00:00,Naive,5,0.22117664618247188,0.1435651375715206,2020-04-04 05:00:00,2021-04-04 05:00:00,2021-04-04 05:00:00,365,1
744,2021-04-05 05:00:00,Decision Tree,5,-2.3540563432748933,-1.9507160864711228,2020-04-05 05:00:00,2021-04-05 05:00:00,2021-04-05 05:00:00,365,1
745,2021-04-05 05:00:00,Random Forest,5,-2.3540563432748933,-1.9345488648923166,2020-04-05 05:00:00,2021-04-05 05:00:00,2021-04-05 05:00:00,365,1
746,2021-04-05 05:00:00,Neural Network,5,-2.3540563432748933,-2.2808042835859124,2020-04-05 05:00:00,2021-04-05 05:00:00,2021-04-05 05:00:00,365,1
747,2021-04-05 05:00:00,Naive,5,-2.3540563432748933,0.22117664618247188,2020-04-05 05:00:00,2021-04-05 05:00:00,2021-04-05 05:00:00,365,1
748,2021-04-06 05:00:00,Decision Tree,5,-0.5244728390094429,-0.5038359184205338,2020-04-06 05:00:00,2021-04-06 05:00:00,2021-04-06 05:00:00,365,1
749,2021-04-06 05:00:00,Random Forest,5,-0.5244728390094429,-0.52594845434876,2020-04-06 05:00:00,2021-04-06 05:00:00,2021-04-06 05:00:00,365,1
750,2021-04-06 05:00:00,Neural Network,5,-0.5244728390094429,-0.5755010445515126,2020-04-06 05:00:00,2021-04-06 05:00:00,2021-04-06 05:00:00,365,1
751,2021-04-06 05:00:00,Naive,5,-0.5244728390094429,-2.3540563432748933,2020-04-06 05:00:00,2021-04-06 05:00:00,2021-04-06 05:00:00,365,1
752,2021-04-07 05:00:00,Decision Tree,5,0.7954897313440942,0.8765298693862611,2020-04-07 05:00:00,2021-04-07 05:00:00,2021-04-07 05:00:00,365,1
753,2021-04-07 05:00:00,Random Forest,5,0.7954897313440942,0.8436481763430181,2020-04-07 05:00:00,2021-04-07 05:00:00,2021-04-07 05:00:00,365,1
754,2021-04-07 05:00:00,Neural Network,5,0.7954897313440942,0.7790447430523258,2020-04-07 05:00:00,2021-04-07 05:00:00,2021-04-07 05:00:00,365,1
755,2021-04-07 05:00:00,Naive,5,0.7954897313440942,-0.5244728390094429,2020-04-07 05:00:00,2021-04-07 05:00:00,2021-04-07 05:00:00,365,1
756,2021-04-08 05:00:00,Decision Tree,5,0.7670314078598242,0.7904049374481906,2020-04-08 05:00:00,2021-04-08 05:00:00,2021-04-08 05:00:00,365,1
757,2021-04-08 05:00:00,Random Forest,5,0.7670314078598242,0.7940379557725307,2020-04-08 05:00:00,2021-04-08 05:00:00,2021-04-08 05:00:00,365,1
758,2021-04-08 05:00:00,Neural Network,5,0.7670314078598242,0.6656040301086174,2020-04-08 05:00:00,2021-04-08 05:00:00,2021-04-08 05:00:00,365,1
759,2021-04-08 05:00:00,Naive,5,0.7670314078598242,0.7954897313440942,2020-04-08 05:00:00,2021-04-08 05:00:00,2021-04-08 05:00:00,365,1
760,2021-04-09 05:00:00,Decision Tree,5,0.5504378961856957,0.5706152176209194,2020-04-09 05:00:00,2021-04-09 05:00:00,2021-04-09 05:00:00,365,1
761,2021-04-09 05:00:00,Random Forest,5,0.5504378961856957,0.5817108014715364,2020-04-09 05:00:00,2021-04-09 05:00:00,2021-04-09 05:00:00,365,1
762,2021-04-09 05:00:00,Neural Network,5,0.5504378961856957,0.45251105154925014,2020-04-09 05:00:00,2021-04-09 05:00:00,2021-04-09 05:00:00,365,1
763,2021-04-09 05:00:00,Naive,5,0.5504378961856957,0.7670314078598242,2020-04-09 05:00:00,2021-04-09 05:00:00,2021-04-09 05:00:00,365,1
764,2021-04-10 05:00:00,Decision Tree,5,1.1036066464961198,1.2082556216690847,2020-04-10 05:00:00,2021-04-10 05:00:00,2021-04-10 05:00:00,365,1
765,2021-04-10 05:00:00,Random Forest,5,1.1036066464961198,1.0948319475191375,2020-04-10 05:00:00,2021-04-10 05:00:00,2021-04-10 05:00:00,365,1
766,2021-04-10 05:00:00,Neural Network,5,1.1036066464961198,0.8095217009105402,2020-04-10 05:00:00,2021-04-10 05:00:00,2021-04-10 05:00:00,365,1
767,2021-04-10 05:00:00,Naive,5,1.1036066464961198,0.5504378961856957,2020-04-10 05:00:00,2021-04-10 05:00:00,2021-04-10 05:00:00,365,1
768,2021-04-11 05:00:00,Decision Tree,5,0.44549542385195545,0.5217207020603862,2020-04-11 05:00:00,2021-04-11 05:00:00,2021-04-11 05:00:00,365,1
769,2021-04-11 05:00:00,Random Forest,5,0.44549542385195545,0.4881386974177796,2020-04-11 05:00:00,2021-04-11 05:00:00,2021-04-11 05:00:00,365,1
770,2021-04-11 05:00:00,Neural Network,5,0.44549542385195545,0.272858835702892,2020-04-11 05:00:00,2021-04-11 05:00:00,2021-04-11 05:00:00,365,1
771,2021-04-11 05:00:00,Naive,5,0.44549542385195545,1.1036066464961198,2020-04-11 05:00:00,2021-04-11 05:00:00,2021-04-11 05:00:00,365,1
772,2021-04-12 05:00:00,Decision Tree,5,1.0922175701416545,1.1933057680729469,2020-04-12 05:00:00,2021-04-12 05:00:00,2021-04-12 05:00:00,365,1
773,2021-04-12 05:00:00,Random Forest,5,1.0922175701416545,1.114225971203944,2020-04-12 05:00:00,2021-04-12 05:00:00,2021-04-12 05:00:00,365,1
774,2021-04-12 05:00:00,Neural Network,5,1.0922175701416545,1.0649611533229235,2020-04-12 05:00:00,2021-04-12 05:00:00,2021-04-12 05:00:00,365,1
775,2021-04-12 05:00:00,Naive,5,1.0922175701416545,0.44549542385195545,2020-04-12 05:00:00,2021-04-12 05:00:00,2021-04-12 05:00:00,365,1
776,2021-04-13 05:00:00,Decision Tree,5,1.0574594412121245,1.1806697433315356,2020-04-13 05:00:00,2021-04-13 05:00:00,2021-04-13 05:00:00,365,1
777,2021-04-13 05:00:00,Random Forest,5,1.0574594412121245,1.0946031769972244,2020-04-13 05:00:00,2021-04-13 05:00:00,2021-04-13 05:00:00,365,1
778,2021-04-13 05:00:00,Neural Network,5,1.0574594412121245,1.1404594179705834,2020-04-13 05:00:00,2021-04-13 05:00:00,2021-04-13 05:00:00,365,1
779,2021-04-13 05:00:00,Naive,5,1.0574594412121245,1.0922175701416545,2020-04-13 05:00:00,2021-04-13 05:00:00,2021-04-13 05:00:00,365,1
780,2021-04-14 05:00:00,Decision Tree,5,1.1358155542258261,1.1806697433315354,2020-04-14 05:00:00,2021-04-14 05:00:00,2021-04-14 05:00:00,365,1
781,2021-04-14 05:00:00,Random Forest,5,1.1358155542258261,1.1170881093259812,2020-04-14 05:00:00,2021-04-14 05:00:00,2021-04-14 05:00:00,365,1
782,2021-04-14 05:00:00,Neural Network,5,1.1358155542258261,1.2114901784793664,2020-04-14 05:00:00,2021-04-14 05:00:00,2021-04-14 05:00:00,365,1
783,2021-04-14 05:00:00,Naive,5,1.1358155542258261,1.0574594412121245,2020-04-14 05:00:00,2021-04-14 05:00:00,2021-04-14 05:00:00,365,1
784,2021-04-15 05:00:00,Decision Tree,5,1.5252514647718691,1.175685944542012,2020-04-15 05:00:00,2021-04-15 05:00:00,2021-04-15 05:00:00,365,1
785,2021-04-15 05:00:00,Random Forest,5,1.5252514647718691,1.2783165207041196,2020-04-15 05:00:00,2021-04-15 05:00:00,2021-04-15 05:00:00,365,1
786,2021-04-15 05:00:00,Neural Network,5,1.5252514647718691,1.7542097400039949,2020-04-15 05:00:00,2021-04-15 05:00:00,2021-04-15 05:00:00,365,1
787,2021-04-15 05:00:00,Naive,5,1.5252514647718691,1.1358155542258261,2020-04-15 05:00:00,2021-04-15 05:00:00,2021-04-15 05:00:00,365,1
788,2021-04-16 05:00:00,Decision Tree,5,1.197361507205375,1.3239281810992056,2020-04-16 05:00:00,2021-04-16 05:00:00,2021-04-16 05:00:00,365,1
789,2021-04-16 05:00:00,Random Forest,5,1.197361507205375,1.2902285446148232,2020-04-16 05:00:00,2021-04-16 05:00:00,2021-04-16 05:00:00,365,1
790,2021-04-16 05:00:00,Neural Network,5,1.197361507205375,1.2413965688183513,2020-04-16 05:00:00,2021-04-16 05:00:00,2021-04-16 05:00:00,365,1
791,2021-04-16 05:00:00,Naive,5,1.197361507205375,1.5252514647718691,2020-04-16 05:00:00,2021-04-16 05:00:00,2021-04-16 05:00:00,365,1
792,2021-04-17 05:00:00,Decision Tree,5,1.2251053292634373,1.336237371695115,2020-04-17 05:00:00,2021-04-17 05:00:00,2021-04-17 05:00:00,365,1
793,2021-04-17 05:00:00,Random Forest,5,1.2251053292634373,1.2956672236801214,2020-04-17 05:00:00,2021-04-17 05:00:00,2021-04-17 05:00:00,365,1
794,2021-04-17 05:00:00,Neural Network,5,1.2251053292634373,1.1483670353375948,2020-04-17 05:00:00,2021-04-17 05:00:00,2021-04-17 05:00:00,365,1
795,2021-04-17 05:00:00,Naive,5,1.2251053292634373,1.197361507205375,2020-04-17 05:00:00,2021-04-17 05:00:00,2021-04-17 05:00:00,365,1
796,2021-04-18 05:00:00,Decision Tree,5,1.3501334250219506,1.317715364623169,2020-04-18 05:00:00,2021-04-18 05:00:00,2021-04-18 05:00:00,365,1
797,2021-04-18 05:00:00,Random Forest,5,1.3501334250219506,1.335318405435858,2020-04-18 05:00:00,2021-04-18 05:00:00,2021-04-18 05:00:00,365,1
798,2021-04-18 05:00:00,Neural Network,5,1.3501334250219506,1.232297605105573,2020-04-18 05:00:00,2021-04-18 05:00:00,2021-04-18 05:00:00,365,1
799,2021-04-18 05:00:00,Naive,5,1.3501334250219506,1.2251053292634373,2020-04-18 05:00:00,2021-04-18 05:00:00,2021-04-18 05:00:00,365,1
800,2021-04-19 05:00:00,Decision Tree,5,1.5422804585464651,1.3223465161087091,2020-04-19 05:00:00,2021-04-19 05:00:00,2021-04-19 05:00:00,365,1
801,2021-04-19 05:00:00,Random Forest,5,1.5422804585464651,1.364005606873704,2020-04-19 05:00:00,2021-04-19 05:00:00,2021-04-19 05:00:00,365,1
802,2021-04-19 05:00:00,Neural Network,5,1.5422804585464651,1.6393214255535777,2020-04-19 05:00:00,2021-04-19 05:00:00,2021-04-19 05:00:00,365,1
803,2021-04-19 05:00:00,Naive,5,1.5422804585464651,1.3501334250219506,2020-04-19 05:00:00,2021-04-19 05:00:00,2021-04-19 05:00:00,365,1
804,2021-04-20 05:00:00,Decision Tree,5,1.6866308280292153,1.371620652014579,2020-04-20 05:00:00,2021-04-20 05:00:00,2021-04-20 05:00:00,365,1
805,2021-04-20 05:00:00,Random Forest,5,1.6866308280292153,1.4504567846913234,2020-04-20 05:00:00,2021-04-20 05:00:00,2021-04-20 05:00:00,365,1
806,2021-04-20 05:00:00,Neural Network,5,1.6866308280292153,1.9863364469426936,2020-04-20 05:00:00,2021-04-20 05:00:00,2021-04-20 05:00:00,365,1
807,2021-04-20 05:00:00,Naive,5,1.6866308280292153,1.5422804585464651,2020-04-20 05:00:00,2021-04-20 05:00:00,2021-04-20 05:00:00,365,1
808,2021-04-21 05:00:00,Decision Tree,5,1.4292525399311318,1.4375528661239763,2020-04-21 05:00:00,2021-04-21 05:00:00,2021-04-21 05:00:00,365,1
809,2021-04-21 05:00:00,Random Forest,5,1.4292525399311318,1.4266170236628923,2020-04-21 05:00:00,2021-04-21 05:00:00,2021-04-21 05:00:00,365,1
810,2021-04-21 05:00:00,Neural Network,5,1.4292525399311318,1.5385615956577967,2020-04-21 05:00:00,2021-04-21 05:00:00,2021-04-21 05:00:00,365,1
811,2021-04-21 05:00:00,Naive,5,1.4292525399311318,1.6866308280292153,2020-04-21 05:00:00,2021-04-21 05:00:00,2021-04-21 05:00:00,365,1
812,2021-04-22 05:00:00,Decision Tree,5,0.891923264777579,0.9518358767545194,2020-04-22 05:00:00,2021-04-22 05:00:00,2021-04-22 05:00:00,365,1
813,2021-04-22 05:00:00,Random Forest,5,0.891923264777579,0.9723999234739376,2020-04-22 05:00:00,2021-04-22 05:00:00,2021-04-22 05:00:00,365,1
814,2021-04-22 05:00:00,Neural Network,5,0.891923264777579,0.9846052698752916,2020-04-22 05:00:00,2021-04-22 05:00:00,2021-04-22 05:00:00,365,1
815,2021-04-22 05:00:00,Naive,5,0.891923264777579,1.4292525399311318,2020-04-22 05:00:00,2021-04-22 05:00:00,2021-04-22 05:00:00,365,1
816,2021-04-23 05:00:00,Decision Tree,5,1.544293436906101,1.4365153253498704,2020-04-23 05:00:00,2021-04-23 05:00:00,2021-04-23 05:00:00,365,1
817,2021-04-23 05:00:00,Random Forest,5,1.544293436906101,1.4825286806510976,2020-04-23 05:00:00,2021-04-23 05:00:00,2021-04-23 05:00:00,365,1
818,2021-04-23 05:00:00,Neural Network,5,1.544293436906101,1.566031958380752,2020-04-23 05:00:00,2021-04-23 05:00:00,2021-04-23 05:00:00,365,1
819,2021-04-23 05:00:00,Naive,5,1.544293436906101,0.891923264777579,2020-04-23 05:00:00,2021-04-23 05:00:00,2021-04-23 05:00:00,365,1
820,2021-04-24 05:00:00,Decision Tree,5,1.1002506573057313,1.2667128146021316,2020-04-24 05:00:00,2021-04-24 05:00:00,2021-04-24 05:00:00,365,1
821,2021-04-24 05:00:00,Random Forest,5,1.1002506573057313,1.122655386927029,2020-04-24 05:00:00,2021-04-24 05:00:00,2021-04-24 05:00:00,365,1
822,2021-04-24 05:00:00,Neural Network,5,1.1002506573057313,0.8201553469878133,2020-04-24 05:00:00,2021-04-24 05:00:00,2021-04-24 05:00:00,365,1
823,2021-04-24 05:00:00,Naive,5,1.1002506573057313,1.544293436906101,2020-04-24 05:00:00,2021-04-24 05:00:00,2021-04-24 05:00:00,365,1
824,2021-04-25 05:00:00,Decision Tree,5,0.7441494956309929,0.8288515243692963,2020-04-25 05:00:00,2021-04-25 05:00:00,2021-04-25 05:00:00,365,1
825,2021-04-25 05:00:00,Random Forest,5,0.7441494956309929,0.8101932214635077,2020-04-25 05:00:00,2021-04-25 05:00:00,2021-04-25 05:00:00,365,1
826,2021-04-25 05:00:00,Neural Network,5,0.7441494956309929,0.47097691947330256,2020-04-25 05:00:00,2021-04-25 05:00:00,2021-04-25 05:00:00,365,1
827,2021-04-25 05:00:00,Naive,5,0.7441494956309929,1.1002506573057313,2020-04-25 05:00:00,2021-04-25 05:00:00,2021-04-25 05:00:00,365,1
828,2021-04-26 05:00:00,Decision Tree,5,1.2010402342902498,1.152427938899298,2020-04-26 05:00:00,2021-04-26 05:00:00,2021-04-26 05:00:00,365,1
829,2021-04-26 05:00:00,Random Forest,5,1.2010402342902498,1.2713104320405673,2020-04-26 05:00:00,2021-04-26 05:00:00,2021-04-26 05:00:00,365,1
830,2021-04-26 05:00:00,Neural Network,5,1.2010402342902498,1.0260917971042374,2020-04-26 05:00:00,2021-04-26 05:00:00,2021-04-26 05:00:00,365,1
831,2021-04-26 05:00:00,Naive,5,1.2010402342902498,0.7441494956309929,2020-04-26 05:00:00,2021-04-26 05:00:00,2021-04-26 05:00:00,365,1
832,2021-04-27 05:00:00,Decision Tree,5,1.1160073965461619,1.1719146564581238,2020-04-27 05:00:00,2021-04-27 05:00:00,2021-04-27 05:00:00,365,1
833,2021-04-27 05:00:00,Random Forest,5,1.1160073965461619,1.122562474601624,2020-04-27 05:00:00,2021-04-27 05:00:00,2021-04-27 05:00:00,365,1
834,2021-04-27 05:00:00,Neural Network,5,1.1160073965461619,1.166881657217534,2020-04-27 05:00:00,2021-04-27 05:00:00,2021-04-27 05:00:00,365,1
835,2021-04-27 05:00:00,Naive,5,1.1160073965461619,1.2010402342902498,2020-04-27 05:00:00,2021-04-27 05:00:00,2021-04-27 05:00:00,365,1
836,2021-04-28 05:00:00,Decision Tree,5,1.1384532290419422,1.1750660043062102,2020-04-28 05:00:00,2021-04-28 05:00:00,2021-04-28 05:00:00,365,1
837,2021-04-28 05:00:00,Random Forest,5,1.1384532290419422,1.1433297348612967,2020-04-28 05:00:00,2021-04-28 05:00:00,2021-04-28 05:00:00,365,1
838,2021-04-28 05:00:00,Neural Network,5,1.1384532290419422,1.1737129167987697,2020-04-28 05:00:00,2021-04-28 05:00:00,2021-04-28 05:00:00,365,1
839,2021-04-28 05:00:00,Naive,5,1.1384532290419422,1.1160073965461619,2020-04-28 05:00:00,2021-04-28 05:00:00,2021-04-28 05:00:00,365,1
840,2021-04-29 05:00:00,Decision Tree,5,1.0540853214371613,1.0978391195766137,2020-04-29 05:00:00,2021-04-29 05:00:00,2021-04-29 05:00:00,365,1
841,2021-04-29 05:00:00,Random Forest,5,1.0540853214371613,1.1032619267641772,2020-04-29 05:00:00,2021-04-29 05:00:00,2021-04-29 05:00:00,365,1
842,2021-04-29 05:00:00,Neural Network,5,1.0540853214371613,1.0070707119911502,2020-04-29 05:00:00,2021-04-29 05:00:00,2021-04-29 05:00:00,365,1
843,2021-04-29 05:00:00,Naive,5,1.0540853214371613,1.1384532290419422,2020-04-29 05:00:00,2021-04-29 05:00:00,2021-04-29 05:00:00,365,1
844,2021-04-30 05:00:00,Decision Tree,5,1.474568002140203,1.4484906710783407,2020-04-30 05:00:00,2021-04-30 05:00:00,2021-04-30 05:00:00,365,1
845,2021-04-30 05:00:00,Random Forest,5,1.474568002140203,1.5256123244131987,2020-04-30 05:00:00,2021-04-30 05:00:00,2021-04-30 05:00:00,365,1
846,2021-04-30 05:00:00,Neural Network,5,1.474568002140203,1.498077324714654,2020-04-30 05:00:00,2021-04-30 05:00:00,2021-04-30 05:00:00,365,1
847,2021-04-30 05:00:00,Naive,5,1.474568002140203,1.0540853214371613,2020-04-30 05:00:00,2021-04-30 05:00:00,2021-04-30 05:00:00,365,1
848,2021-05-01 05:00:00,Decision Tree,5,1.2220430972537986,1.347591970290283,2020-05-01 05:00:00,2021-05-01 05:00:00,2021-05-01 05:00:00,365,1
849,2021-05-01 05:00:00,Random Forest,5,1.2220430972537986,1.3299600100507065,2020-05-01 05:00:00,2021-05-01 05:00:00,2021-05-01 05:00:00,365,1
850,2021-05-01 05:00:00,Neural Network,5,1.2220430972537986,0.7677330610549592,2020-05-01 05:00:00,2021-05-01 05:00:00,2021-05-01 05:00:00,365,1
851,2021-05-01 05:00:00,Naive,5,1.2220430972537986,1.474568002140203,2020-05-01 05:00:00,2021-05-01 05:00:00,2021-05-01 05:00:00,365,1
852,2021-05-02 05:00:00,Decision Tree,5,0.8265351171283781,0.9286739042182152,2020-05-02 05:00:00,2021-05-02 05:00:00,2021-05-02 05:00:00,365,1
853,2021-05-02 05:00:00,Random Forest,5,0.8265351171283781,0.9244631782603242,2020-05-02 05:00:00,2021-05-02 05:00:00,2021-05-02 05:00:00,365,1
854,2021-05-02 05:00:00,Neural Network,5,0.8265351171283781,0.5477802344343948,2020-05-02 05:00:00,2021-05-02 05:00:00,2021-05-02 05:00:00,365,1
855,2021-05-02 05:00:00,Naive,5,0.8265351171283781,1.2220430972537986,2020-05-02 05:00:00,2021-05-02 05:00:00,2021-05-02 05:00:00,365,1
856,2021-05-03 05:00:00,Decision Tree,5,1.1590860938126286,1.2311112274897134,2020-05-03 05:00:00,2021-05-03 05:00:00,2021-05-03 05:00:00,365,1
857,2021-05-03 05:00:00,Random Forest,5,1.1590860938126286,1.2056891742696398,2020-05-03 05:00:00,2021-05-03 05:00:00,2021-05-03 05:00:00,365,1
858,2021-05-03 05:00:00,Neural Network,5,1.1590860938126286,0.9916872882841022,2020-05-03 05:00:00,2021-05-03 05:00:00,2021-05-03 05:00:00,365,1
859,2021-05-03 05:00:00,Naive,5,1.1590860938126286,0.8265351171283781,2020-05-03 05:00:00,2021-05-03 05:00:00,2021-05-03 05:00:00,365,1
860,2021-05-04 05:00:00,Decision Tree,5,-1.4505148240766024,-1.4902846702159203,2020-05-04 05:00:00,2021-05-04 05:00:00,2021-05-04 05:00:00,365,1
861,2021-05-04 05:00:00,Random Forest,5,-1.4505148240766024,-1.4885900082154873,2020-05-04 05:00:00,2021-05-04 05:00:00,2021-05-04 05:00:00,365,1
862,2021-05-04 05:00:00,Neural Network,5,-1.4505148240766024,-1.7563691508416603,2020-05-04 05:00:00,2021-05-04 05:00:00,2021-05-04 05:00:00,365,1
863,2021-05-04 05:00:00,Naive,5,-1.4505148240766024,1.1590860938126286,2020-05-04 05:00:00,2021-05-04 05:00:00,2021-05-04 05:00:00,365,1
864,2021-05-05 05:00:00,Decision Tree,5,0.6345323885325611,0.6815716648153719,2020-05-05 05:00:00,2021-05-05 05:00:00,2021-05-05 05:00:00,365,1
865,2021-05-05 05:00:00,Random Forest,5,0.6345323885325611,0.7020460439552634,2020-05-05 05:00:00,2021-05-05 05:00:00,2021-05-05 05:00:00,365,1
866,2021-05-05 05:00:00,Neural Network,5,0.6345323885325611,0.3331933564912982,2020-05-05 05:00:00,2021-05-05 05:00:00,2021-05-05 05:00:00,365,1
867,2021-05-05 05:00:00,Naive,5,0.6345323885325611,-1.4505148240766024,2020-05-05 05:00:00,2021-05-05 05:00:00,2021-05-05 05:00:00,365,1
868,2021-05-06 05:00:00,Decision Tree,5,0.9880641587070569,1.0412017923234902,2020-05-06 05:00:00,2021-05-06 05:00:00,2021-05-06 05:00:00,365,1
869,2021-05-06 05:00:00,Random Forest,5,0.9880641587070569,1.0638210728208006,2020-05-06 05:00:00,2021-05-06 05:00:00,2021-05-06 05:00:00,365,1
870,2021-05-06 05:00:00,Neural Network,5,0.9880641587070569,1.0093186814108142,2020-05-06 05:00:00,2021-05-06 05:00:00,2021-05-06 05:00:00,365,1
871,2021-05-06 05:00:00,Naive,5,0.9880641587070569,0.6345323885325611,2020-05-06 05:00:00,2021-05-06 05:00:00,2021-05-06 05:00:00,365,1
872,2021-05-07 05:00:00,Decision Tree,5,1.5751488102263296,1.4667753413788402,2020-05-07 05:00:00,2021-05-07 05:00:00,2021-05-07 05:00:00,365,1
873,2021-05-07 05:00:00,Random Forest,5,1.5751488102263296,1.5505053581917256,2020-05-07 05:00:00,2021-05-07 05:00:00,2021-05-07 05:00:00,365,1
874,2021-05-07 05:00:00,Neural Network,5,1.5751488102263296,1.5694373616158825,2020-05-07 05:00:00,2021-05-07 05:00:00,2021-05-07 05:00:00,365,1
875,2021-05-07 05:00:00,Naive,5,1.5751488102263296,0.9880641587070569,2020-05-07 05:00:00,2021-05-07 05:00:00,2021-05-07 05:00:00,365,1
876,2021-05-08 05:00:00,Decision Tree,5,1.2608574116185092,1.3805043768311824,2020-05-08 05:00:00,2021-05-08 05:00:00,2021-05-08 05:00:00,365,1
877,2021-05-08 05:00:00,Random Forest,5,1.2608574116185092,1.323361385555053,2020-05-08 05:00:00,2021-05-08 05:00:00,2021-05-08 05:00:00,365,1
878,2021-05-08 05:00:00,Neural Network,5,1.2608574116185092,0.9095505853469591,2020-05-08 05:00:00,2021-05-08 05:00:00,2021-05-08 05:00:00,365,1
879,2021-05-08 05:00:00,Naive,5,1.2608574116185092,1.5751488102263296,2020-05-08 05:00:00,2021-05-08 05:00:00,2021-05-08 05:00:00,365,1
880,2021-05-09 05:00:00,Decision Tree,5,-1.642251413208226,-1.6698531130642515,2020-05-09 05:00:00,2021-05-09 05:00:00,2021-05-09 05:00:00,365,1
881,2021-05-09 05:00:00,Random Forest,5,-1.642251413208226,-1.6731349737642847,2020-05-09 05:00:00,2021-05-09 05:00:00,2021-05-09 05:00:00,365,1
882,2021-05-09 05:00:00,Neural Network,5,-1.642251413208226,-1.8346657227984775,2020-05-09 05:00:00,2021-05-09 05:00:00,2021-05-09 05:00:00,365,1
883,2021-05-09 05:00:00,Naive,5,-1.642251413208226,1.2608574116185092,2020-05-09 05:00:00,2021-05-09 05:00:00,2021-05-09 05:00:00,365,1
884,2021-05-10 05:00:00,Decision Tree,5,0.06760467830130294,0.07712585303441036,2020-05-10 05:00:00,2021-05-10 05:00:00,2021-05-10 05:00:00,365,1
885,2021-05-10 05:00:00,Random Forest,5,0.06760467830130294,0.08997600412571488,2020-05-10 05:00:00,2021-05-10 05:00:00,2021-05-10 05:00:00,365,1
886,2021-05-10 05:00:00,Neural Network,5,0.06760467830130294,-0.08625142760082347,2020-05-10 05:00:00,2021-05-10 05:00:00,2021-05-10 05:00:00,365,1
887,2021-05-10 05:00:00,Naive,5,0.06760467830130294,-1.642251413208226,2020-05-10 05:00:00,2021-05-10 05:00:00,2021-05-10 05:00:00,365,1
888,2021-05-11 05:00:00,Decision Tree,5,1.3803590439069222,1.515944870696658,2020-05-11 05:00:00,2021-05-11 05:00:00,2021-05-11 05:00:00,365,1
889,2021-05-11 05:00:00,Random Forest,5,1.3803590439069222,1.4534642825281943,2020-05-11 05:00:00,2021-05-11 05:00:00,2021-05-11 05:00:00,365,1
890,2021-05-11 05:00:00,Neural Network,5,1.3803590439069222,1.376014232135887,2020-05-11 05:00:00,2021-05-11 05:00:00,2021-05-11 05:00:00,365,1
891,2021-05-11 05:00:00,Naive,5,1.3803590439069222,0.06760467830130294,2020-05-11 05:00:00,2021-05-11 05:00:00,2021-05-11 05:00:00,365,1
892,2021-05-12 05:00:00,Decision Tree,5,1.2309583768767918,1.2668028512749039,2020-05-12 05:00:00,2021-05-12 05:00:00,2021-05-12 05:00:00,365,1
893,2021-05-12 05:00:00,Random Forest,5,1.2309583768767918,1.3044628817007966,2020-05-12 05:00:00,2021-05-12 05:00:00,2021-05-12 05:00:00,365,1
894,2021-05-12 05:00:00,Neural Network,5,1.2309583768767918,1.2980268468573666,2020-05-12 05:00:00,2021-05-12 05:00:00,2021-05-12 05:00:00,365,1
895,2021-05-12 05:00:00,Naive,5,1.2309583768767918,1.3803590439069222,2020-05-12 05:00:00,2021-05-12 05:00:00,2021-05-12 05:00:00,365,1
896,2021-05-13 05:00:00,Decision Tree,5,1.2950404527168256,1.500879778831132,2020-05-13 05:00:00,2021-05-13 05:00:00,2021-05-13 05:00:00,365,1
897,2021-05-13 05:00:00,Random Forest,5,1.2950404527168256,1.3063575548760804,2020-05-13 05:00:00,2021-05-13 05:00:00,2021-05-13 05:00:00,365,1
898,2021-05-13 05:00:00,Neural Network,5,1.2950404527168256,1.1708544060596657,2020-05-13 05:00:00,2021-05-13 05:00:00,2021-05-13 05:00:00,365,1
899,2021-05-13 05:00:00,Naive,5,1.2950404527168256,1.2309583768767918,2020-05-13 05:00:00,2021-05-13 05:00:00,2021-05-13 05:00:00,365,1
900,2021-05-14 05:00:00,Decision Tree,5,1.5243912438577818,1.5197230730572793,2020-05-14 05:00:00,2021-05-14 05:00:00,2021-05-14 05:00:00,365,1
901,2021-05-14 05:00:00,Random Forest,5,1.5243912438577818,1.5552272532675984,2020-05-14 05:00:00,2021-05-14 05:00:00,2021-05-14 05:00:00,365,1
902,2021-05-14 05:00:00,Neural Network,5,1.5243912438577818,1.4220849108305116,2020-05-14 05:00:00,2021-05-14 05:00:00,2021-05-14 05:00:00,365,1
903,2021-05-14 05:00:00,Naive,5,1.5243912438577818,1.2950404527168256,2020-05-14 05:00:00,2021-05-14 05:00:00,2021-05-14 05:00:00,365,1
904,2021-05-15 05:00:00,Decision Tree,5,1.0686548148681416,1.1493447561663868,2020-05-15 05:00:00,2021-05-15 05:00:00,2021-05-15 05:00:00,365,1
905,2021-05-15 05:00:00,Random Forest,5,1.0686548148681416,1.125472663475933,2020-05-15 05:00:00,2021-05-15 05:00:00,2021-05-15 05:00:00,365,1
906,2021-05-15 05:00:00,Neural Network,5,1.0686548148681416,0.7727349931881503,2020-05-15 05:00:00,2021-05-15 05:00:00,2021-05-15 05:00:00,365,1
907,2021-05-15 05:00:00,Naive,5,1.0686548148681416,1.5243912438577818,2020-05-15 05:00:00,2021-05-15 05:00:00,2021-05-15 05:00:00,365,1
908,2021-05-16 05:00:00,Decision Tree,5,-0.5376206378148484,-0.5460751421770162,2020-05-16 05:00:00,2021-05-16 05:00:00,2021-05-16 05:00:00,365,1
909,2021-05-16 05:00:00,Random Forest,5,-0.5376206378148484,-0.5471223849483522,2020-05-16 05:00:00,2021-05-16 05:00:00,2021-05-16 05:00:00,365,1
910,2021-05-16 05:00:00,Neural Network,5,-0.5376206378148484,-0.3690778867276895,2020-05-16 05:00:00,2021-05-16 05:00:00,2021-05-16 05:00:00,365,1
911,2021-05-16 05:00:00,Naive,5,-0.5376206378148484,1.0686548148681416,2020-05-16 05:00:00,2021-05-16 05:00:00,2021-05-16 05:00:00,365,1
912,2021-05-17 05:00:00,Decision Tree,5,1.2896383149288557,1.2419879145512351,2020-05-17 05:00:00,2021-05-17 05:00:00,2021-05-17 05:00:00,365,1
913,2021-05-17 05:00:00,Random Forest,5,1.2896383149288557,1.2897954502978355,2020-05-17 05:00:00,2021-05-17 05:00:00,2021-05-17 05:00:00,365,1
914,2021-05-17 05:00:00,Neural Network,5,1.2896383149288557,1.2750076814918974,2020-05-17 05:00:00,2021-05-17 05:00:00,2021-05-17 05:00:00,365,1
915,2021-05-17 05:00:00,Naive,5,1.2896383149288557,-0.5376206378148484,2020-05-17 05:00:00,2021-05-17 05:00:00,2021-05-17 05:00:00,365,1
916,2021-05-18 05:00:00,Decision Tree,5,1.4931533303674314,1.52024175870178,2020-05-18 05:00:00,2021-05-18 05:00:00,2021-05-18 05:00:00,365,1
917,2021-05-18 05:00:00,Random Forest,5,1.4931533303674314,1.5325504874487494,2020-05-18 05:00:00,2021-05-18 05:00:00,2021-05-18 05:00:00,365,1
918,2021-05-18 05:00:00,Neural Network,5,1.4931533303674314,1.6099968071346225,2020-05-18 05:00:00,2021-05-18 05:00:00,2021-05-18 05:00:00,365,1
919,2021-05-18 05:00:00,Naive,5,1.4931533303674314,1.2896383149288557,2020-05-18 05:00:00,2021-05-18 05:00:00,2021-05-18 05:00:00,365,1
920,2021-05-19 05:00:00,Decision Tree,5,1.5609665059475992,1.5647235298773716,2020-05-19 05:00:00,2021-05-19 05:00:00,2021-05-19 05:00:00,365,1
921,2021-05-19 05:00:00,Random Forest,5,1.5609665059475992,1.5676035117185352,2020-05-19 05:00:00,2021-05-19 05:00:00,2021-05-19 05:00:00,365,1
922,2021-05-19 05:00:00,Neural Network,5,1.5609665059475992,1.707443720337243,2020-05-19 05:00:00,2021-05-19 05:00:00,2021-05-19 05:00:00,365,1
923,2021-05-19 05:00:00,Naive,5,1.5609665059475992,1.4931533303674314,2020-05-19 05:00:00,2021-05-19 05:00:00,2021-05-19 05:00:00,365,1
924,2021-05-20 05:00:00,Decision Tree,5,1.4452018230765191,1.503129180459154,2020-05-20 05:00:00,2021-05-20 05:00:00,2021-05-20 05:00:00,365,1
925,2021-05-20 05:00:00,Random Forest,5,1.4452018230765191,1.5095934407096256,2020-05-20 05:00:00,2021-05-20 05:00:00,2021-05-20 05:00:00,365,1
926,2021-05-20 05:00:00,Neural Network,5,1.4452018230765191,1.5773702328513441,2020-05-20 05:00:00,2021-05-20 05:00:00,2021-05-20 05:00:00,365,1
927,2021-05-20 05:00:00,Naive,5,1.4452018230765191,1.5609665059475992,2020-05-20 05:00:00,2021-05-20 05:00:00,2021-05-20 05:00:00,365,1
928,2021-05-21 05:00:00,Decision Tree,5,-0.8998154077889267,-0.9112887919853483,2020-05-21 05:00:00,2021-05-21 05:00:00,2021-05-21 05:00:00,365,1
929,2021-05-21 05:00:00,Random Forest,5,-0.8998154077889267,-0.9393293444664181,2020-05-21 05:00:00,2021-05-21 05:00:00,2021-05-21 05:00:00,365,1
930,2021-05-21 05:00:00,Neural Network,5,-0.8998154077889267,-1.1773089110400061,2020-05-21 05:00:00,2021-05-21 05:00:00,2021-05-21 05:00:00,365,1
931,2021-05-21 05:00:00,Naive,5,-0.8998154077889267,1.4452018230765191,2020-05-21 05:00:00,2021-05-21 05:00:00,2021-05-21 05:00:00,365,1
932,2021-05-22 05:00:00,Decision Tree,5,-1.6369540618825282,-1.666786257524693,2020-05-22 05:00:00,2021-05-22 05:00:00,2021-05-22 05:00:00,365,1
933,2021-05-22 05:00:00,Random Forest,5,-1.6369540618825282,-1.727972309589211,2020-05-22 05:00:00,2021-05-22 05:00:00,2021-05-22 05:00:00,365,1
934,2021-05-22 05:00:00,Neural Network,5,-1.6369540618825282,-1.6375654058229876,2020-05-22 05:00:00,2021-05-22 05:00:00,2021-05-22 05:00:00,365,1
935,2021-05-22 05:00:00,Naive,5,-1.6369540618825282,-0.8998154077889267,2020-05-22 05:00:00,2021-05-22 05:00:00,2021-05-22 05:00:00,365,1
936,2021-05-23 05:00:00,Decision Tree,5,-1.4828910290569255,-1.4733685938313137,2020-05-23 05:00:00,2021-05-23 05:00:00,2021-05-23 05:00:00,365,1
937,2021-05-23 05:00:00,Random Forest,5,-1.4828910290569255,-1.4909065811628326,2020-05-23 05:00:00,2021-05-23 05:00:00,2021-05-23 05:00:00,365,1
938,2021-05-23 05:00:00,Neural Network,5,-1.4828910290569255,-1.4685693009400502,2020-05-23 05:00:00,2021-05-23 05:00:00,2021-05-23 05:00:00,365,1
939,2021-05-23 05:00:00,Naive,5,-1.4828910290569255,-1.6369540618825282,2020-05-23 05:00:00,2021-05-23 05:00:00,2021-05-23 05:00:00,365,1
940,2021-05-24 05:00:00,Decision Tree,5,-1.0876278765570906,-1.1203142875348664,2020-05-24 05:00:00,2021-05-24 05:00:00,2021-05-24 05:00:00,365,1
941,2021-05-24 05:00:00,Random Forest,5,-1.0876278765570906,-1.1050617695162124,2020-05-24 05:00:00,2021-05-24 05:00:00,2021-05-24 05:00:00,365,1
942,2021-05-24 05:00:00,Neural Network,5,-1.0876278765570906,-1.5838301223134619,2020-05-24 05:00:00,2021-05-24 05:00:00,2021-05-24 05:00:00,365,1
943,2021-05-24 05:00:00,Naive,5,-1.0876278765570906,-1.4828910290569255,2020-05-24 05:00:00,2021-05-24 05:00:00,2021-05-24 05:00:00,365,1
944,2021-05-25 05:00:00,Decision Tree,5,0.7558346971006746,0.8915942955490197,2020-05-25 05:00:00,2021-05-25 05:00:00,2021-05-25 05:00:00,365,1
945,2021-05-25 05:00:00,Random Forest,5,0.7558346971006746,0.8725743709481846,2020-05-25 05:00:00,2021-05-25 05:00:00,2021-05-25 05:00:00,365,1
946,2021-05-25 05:00:00,Neural Network,5,0.7558346971006746,0.6793589139810313,2020-05-25 05:00:00,2021-05-25 05:00:00,2021-05-25 05:00:00,365,1
947,2021-05-25 05:00:00,Naive,5,0.7558346971006746,-1.0876278765570906,2020-05-25 05:00:00,2021-05-25 05:00:00,2021-05-25 05:00:00,365,1
948,2021-05-26 05:00:00,Decision Tree,5,1.2352603708691965,1.3199580684047527,2020-05-26 05:00:00,2021-05-26 05:00:00,2021-05-26 05:00:00,365,1
949,2021-05-26 05:00:00,Random Forest,5,1.2352603708691965,1.2773760998952044,2020-05-26 05:00:00,2021-05-26 05:00:00,2021-05-26 05:00:00,365,1
950,2021-05-26 05:00:00,Neural Network,5,1.2352603708691965,1.1672269748646322,2020-05-26 05:00:00,2021-05-26 05:00:00,2021-05-26 05:00:00,365,1
951,2021-05-26 05:00:00,Naive,5,1.2352603708691965,0.7558346971006746,2020-05-26 05:00:00,2021-05-26 05:00:00,2021-05-26 05:00:00,365,1
952,2021-05-27 05:00:00,Decision Tree,5,1.2692266745760863,1.2605679294774372,2020-05-27 05:00:00,2021-05-27 05:00:00,2021-05-27 05:00:00,365,1
953,2021-05-27 05:00:00,Random Forest,5,1.2692266745760863,1.2751895888816764,2020-05-27 05:00:00,2021-05-27 05:00:00,2021-05-27 05:00:00,365,1
954,2021-05-27 05:00:00,Neural Network,5,1.2692266745760863,1.380985378386228,2020-05-27 05:00:00,2021-05-27 05:00:00,2021-05-27 05:00:00,365,1
955,2021-05-27 05:00:00,Naive,5,1.2692266745760863,1.2352603708691965,2020-05-27 05:00:00,2021-05-27 05:00:00,2021-05-27 05:00:00,365,1
956,2021-05-28 05:00:00,Decision Tree,5,1.4920353314830501,1.5640973592224097,2020-05-28 05:00:00,2021-05-28 05:00:00,2021-05-28 05:00:00,365,1
957,2021-05-28 05:00:00,Random Forest,5,1.4920353314830501,1.5250119350372178,2020-05-28 05:00:00,2021-05-28 05:00:00,2021-05-28 05:00:00,365,1
958,2021-05-28 05:00:00,Neural Network,5,1.4920353314830501,1.7113787712328716,2020-05-28 05:00:00,2021-05-28 05:00:00,2021-05-28 05:00:00,365,1
959,2021-05-28 05:00:00,Naive,5,1.4920353314830501,1.2692266745760863,2020-05-28 05:00:00,2021-05-28 05:00:00,2021-05-28 05:00:00,365,1
960,2021-05-29 05:00:00,Decision Tree,5,1.3211871849106835,1.450926574765329,2020-05-29 05:00:00,2021-05-29 05:00:00,2021-05-29 05:00:00,365,1
961,2021-05-29 05:00:00,Random Forest,5,1.3211871849106835,1.3623500650726188,2020-05-29 05:00:00,2021-05-29 05:00:00,2021-05-29 05:00:00,365,1
962,2021-05-29 05:00:00,Neural Network,5,1.3211871849106835,1.274170124328432,2020-05-29 05:00:00,2021-05-29 05:00:00,2021-05-29 05:00:00,365,1
963,2021-05-29 05:00:00,Naive,5,1.3211871849106835,1.4920353314830501,2020-05-29 05:00:00,2021-05-29 05:00:00,2021-05-29 05:00:00,365,1
964,2021-05-30 05:00:00,Decision Tree,5,0.6953459345330284,0.7773800359790556,2020-05-30 05:00:00,2021-05-30 05:00:00,2021-05-30 05:00:00,365,1
965,2021-05-30 05:00:00,Random Forest,5,0.6953459345330284,0.8001518120648274,2020-05-30 05:00:00,2021-05-30 05:00:00,2021-05-30 05:00:00,365,1
966,2021-05-30 05:00:00,Neural Network,5,0.6953459345330284,0.5018441845420092,2020-05-30 05:00:00,2021-05-30 05:00:00,2021-05-30 05:00:00,365,1
967,2021-05-30 05:00:00,Naive,5,0.6953459345330284,1.3211871849106835,2020-05-30 05:00:00,2021-05-30 05:00:00,2021-05-30 05:00:00,365,1
968,2021-05-31 05:00:00,Decision Tree,5,1.2294469194247424,1.3159171362885642,2020-05-31 05:00:00,2021-05-31 05:00:00,2021-05-31 05:00:00,365,1
969,2021-05-31 05:00:00,Random Forest,5,1.2294469194247424,1.292752452620501,2020-05-31 05:00:00,2021-05-31 05:00:00,2021-05-31 05:00:00,365,1
970,2021-05-31 05:00:00,Neural Network,5,1.2294469194247424,1.4116189214303527,2020-05-31 05:00:00,2021-05-31 05:00:00,2021-05-31 05:00:00,365,1
971,2021-05-31 05:00:00,Naive,5,1.2294469194247424,0.6953459345330284,2020-05-31 05:00:00,2021-05-31 05:00:00,2021-05-31 05:00:00,365,1
972,2021-06-01 05:00:00,Decision Tree,5,1.298265908474522,1.3175975160102207,2020-06-01 05:00:00,2021-06-01 05:00:00,2021-06-01 05:00:00,365,1
973,2021-06-01 05:00:00,Random Forest,5,1.298265908474522,1.3371658888034383,2020-06-01 05:00:00,2021-06-01 05:00:00,2021-06-01 05:00:00,365,1
974,2021-06-01 05:00:00,Neural Network,5,1.298265908474522,1.4445599378040532,2020-06-01 05:00:00,2021-06-01 05:00:00,2021-06-01 05:00:00,365,1
975,2021-06-01 05:00:00,Naive,5,1.298265908474522,1.2294469194247424,2020-06-01 05:00:00,2021-06-01 05:00:00,2021-06-01 05:00:00,365,1
976,2021-06-02 05:00:00,Decision Tree,5,1.3497810592874684,1.4934287222485314,2020-06-02 05:00:00,2021-06-02 05:00:00,2021-06-02 05:00:00,365,1
977,2021-06-02 05:00:00,Random Forest,5,1.3497810592874684,1.4122477983688133,2020-06-02 05:00:00,2021-06-02 05:00:00,2021-06-02 05:00:00,365,1
978,2021-06-02 05:00:00,Neural Network,5,1.3497810592874684,1.3112091834456638,2020-06-02 05:00:00,2021-06-02 05:00:00,2021-06-02 05:00:00,365,1
979,2021-06-02 05:00:00,Naive,5,1.3497810592874684,1.298265908474522,2020-06-02 05:00:00,2021-06-02 05:00:00,2021-06-02 05:00:00,365,1
980,2021-06-03 05:00:00,Decision Tree,5,0.9898160983926432,1.1104647164139871,2020-06-03 05:00:00,2021-06-03 05:00:00,2021-06-03 05:00:00,365,1
981,2021-06-03 05:00:00,Random Forest,5,0.9898160983926432,1.0784120914236333,2020-06-03 05:00:00,2021-06-03 05:00:00,2021-06-03 05:00:00,365,1
982,2021-06-03 05:00:00,Neural Network,5,0.9898160983926432,0.7414325652592172,2020-06-03 05:00:00,2021-06-03 05:00:00,2021-06-03 05:00:00,365,1
983,2021-06-03 05:00:00,Naive,5,0.9898160983926432,1.3497810592874684,2020-06-03 05:00:00,2021-06-03 05:00:00,2021-06-03 05:00:00,365,1
984,2021-06-04 05:00:00,Decision Tree,5,1.262251898842699,1.331431622639383,2020-06-04 05:00:00,2021-06-04 05:00:00,2021-06-04 05:00:00,365,1
985,2021-06-04 05:00:00,Random Forest,5,1.262251898842699,1.3017681510436419,2020-06-04 05:00:00,2021-06-04 05:00:00,2021-06-04 05:00:00,365,1
986,2021-06-04 05:00:00,Neural Network,5,1.262251898842699,1.3574095332739409,2020-06-04 05:00:00,2021-06-04 05:00:00,2021-06-04 05:00:00,365,1
987,2021-06-04 05:00:00,Naive,5,1.262251898842699,0.9898160983926432,2020-06-04 05:00:00,2021-06-04 05:00:00,2021-06-04 05:00:00,365,1
988,2021-06-05 05:00:00,Decision Tree,5,1.0633702602689832,1.1087443883573638,2020-06-05 05:00:00,2021-06-05 05:00:00,2021-06-05 05:00:00,365,1
989,2021-06-05 05:00:00,Random Forest,5,1.0633702602689832,1.1405340435022664,2020-06-05 05:00:00,2021-06-05 05:00:00,2021-06-05 05:00:00,365,1
990,2021-06-05 05:00:00,Neural Network,5,1.0633702602689832,1.118072849031775,2020-06-05 05:00:00,2021-06-05 05:00:00,2021-06-05 05:00:00,365,1
991,2021-06-05 05:00:00,Naive,5,1.0633702602689832,1.262251898842699,2020-06-05 05:00:00,2021-06-05 05:00:00,2021-06-05 05:00:00,365,1
992,2021-06-06 05:00:00,Decision Tree,5,0.8691930950239893,1.0367753793987649,2020-06-06 05:00:00,2021-06-06 05:00:00,2021-06-06 05:00:00,365,1
993,2021-06-06 05:00:00,Random Forest,5,0.8691930950239893,1.0363683049048436,2020-06-06 05:00:00,2021-06-06 05:00:00,2021-06-06 05:00:00,365,1
994,2021-06-06 05:00:00,Neural Network,5,0.8691930950239893,0.8794538360614579,2020-06-06 05:00:00,2021-06-06 05:00:00,2021-06-06 05:00:00,365,1
995,2021-06-06 05:00:00,Naive,5,0.8691930950239893,1.0633702602689832,2020-06-06 05:00:00,2021-06-06 05:00:00,2021-06-06 05:00:00,365,1
996,2021-06-07 05:00:00,Decision Tree,5,1.3154059318865507,1.3557691473021456,2020-06-07 05:00:00,2021-06-07 05:00:00,2021-06-07 05:00:00,365,1
997,2021-06-07 05:00:00,Random Forest,5,1.3154059318865507,1.3853213037987917,2020-06-07 05:00:00,2021-06-07 05:00:00,2021-06-07 05:00:00,365,1
998,2021-06-07 05:00:00,Neural Network,5,1.3154059318865507,1.3040578999396681,2020-06-07 05:00:00,2021-06-07 05:00:00,2021-06-07 05:00:00,365,1
999,2021-06-07 05:00:00,Naive,5,1.3154059318865507,0.8691930950239893,2020-06-07 05:00:00,2021-06-07 05:00:00,2021-06-07 05:00:00,365,1
1000,2021-06-08 05:00:00,Decision Tree,5,1.412471718365044,1.5041247526347645,2020-06-08 05:00:00,2021-06-08 05:00:00,2021-06-08 05:00:00,365,1
1001,2021-06-08 05:00:00,Random Forest,5,1.412471718365044,1.5083934506006846,2020-06-08 05:00:00,2021-06-08 05:00:00,2021-06-08 05:00:00,365,1
1002,2021-06-08 05:00:00,Neural Network,5,1.412471718365044,1.6741095434761826,2020-06-08 05:00:00,2021-06-08 05:00:00,2021-06-08 05:00:00,365,1
1003,2021-06-08 05:00:00,Naive,5,1.412471718365044,1.3154059318865507,2020-06-08 05:00:00,2021-06-08 05:00:00,2021-06-08 05:00:00,365,1
1004,2021-06-09 05:00:00,Decision Tree,5,1.429143631391646,1.4910314620248049,2020-06-09 05:00:00,2021-06-09 05:00:00,2021-06-09 05:00:00,365,1
1005,2021-06-09 05:00:00,Random Forest,5,1.429143631391646,1.485060862364982,2020-06-09 05:00:00,2021-06-09 05:00:00,2021-06-09 05:00:00,365,1
1006,2021-06-09 05:00:00,Neural Network,5,1.429143631391646,1.6154305640370148,2020-06-09 05:00:00,2021-06-09 05:00:00,2021-06-09 05:00:00,365,1
1007,2021-06-09 05:00:00,Naive,5,1.429143631391646,1.412471718365044,2020-06-09 05:00:00,2021-06-09 05:00:00,2021-06-09 05:00:00,365,1
1008,2021-06-10 05:00:00,Decision Tree,5,1.489942439876096,1.567834543908795,2020-06-10 05:00:00,2021-06-10 05:00:00,2021-06-10 05:00:00,365,1
1009,2021-06-10 05:00:00,Random Forest,5,1.489942439876096,1.5304754651991614,2020-06-10 05:00:00,2021-06-10 05:00:00,2021-06-10 05:00:00,365,1
1010,2021-06-10 05:00:00,Neural Network,5,1.489942439876096,1.495425959443282,2020-06-10 05:00:00,2021-06-10 05:00:00,2021-06-10 05:00:00,365,1
1011,2021-06-10 05:00:00,Naive,5,1.489942439876096,1.429143631391646,2020-06-10 05:00:00,2021-06-10 05:00:00,2021-06-10 05:00:00,365,1
1012,2021-06-11 05:00:00,Decision Tree,5,1.5099684381428709,1.4537589888384712,2020-06-11 05:00:00,2021-06-11 05:00:00,2021-06-11 05:00:00,365,1
1013,2021-06-11 05:00:00,Random Forest,5,1.5099684381428709,1.5254725715018365,2020-06-11 05:00:00,2021-06-11 05:00:00,2021-06-11 05:00:00,365,1
1014,2021-06-11 05:00:00,Neural Network,5,1.5099684381428709,1.4195942504553205,2020-06-11 05:00:00,2021-06-11 05:00:00,2021-06-11 05:00:00,365,1
1015,2021-06-11 05:00:00,Naive,5,1.5099684381428709,1.489942439876096,2020-06-11 05:00:00,2021-06-11 05:00:00,2021-06-11 05:00:00,365,1
1016,2021-06-12 05:00:00,Decision Tree,5,1.060603485293823,1.1350156735168195,2020-06-12 05:00:00,2021-06-12 05:00:00,2021-06-12 05:00:00,365,1
1017,2021-06-12 05:00:00,Random Forest,5,1.060603485293823,1.1584178130653426,2020-06-12 05:00:00,2021-06-12 05:00:00,2021-06-12 05:00:00,365,1
1018,2021-06-12 05:00:00,Neural Network,5,1.060603485293823,0.9156556149263909,2020-06-12 05:00:00,2021-06-12 05:00:00,2021-06-12 05:00:00,365,1
1019,2021-06-12 05:00:00,Naive,5,1.060603485293823,1.5099684381428709,2020-06-12 05:00:00,2021-06-12 05:00:00,2021-06-12 05:00:00,365,1
1020,2021-06-13 05:00:00,Decision Tree,5,-1.5121629937830752,-1.6689525723184238,2020-06-13 05:00:00,2021-06-13 05:00:00,2021-06-13 05:00:00,365,1
1021,2021-06-13 05:00:00,Random Forest,5,-1.5121629937830752,-1.6124770921897196,2020-06-13 05:00:00,2021-06-13 05:00:00,2021-06-13 05:00:00,365,1
1022,2021-06-13 05:00:00,Neural Network,5,-1.5121629937830752,-1.2766788993627307,2020-06-13 05:00:00,2021-06-13 05:00:00,2021-06-13 05:00:00,365,1
1023,2021-06-13 05:00:00,Naive,5,-1.5121629937830752,1.060603485293823,2020-06-13 05:00:00,2021-06-13 05:00:00,2021-06-13 05:00:00,365,1
1024,2021-06-14 05:00:00,Decision Tree,5,1.2950378027423204,1.3591971519845514,2020-06-14 05:00:00,2021-06-14 05:00:00,2021-06-14 05:00:00,365,1
1025,2021-06-14 05:00:00,Random Forest,5,1.2950378027423204,1.3363492361701048,2020-06-14 05:00:00,2021-06-14 05:00:00,2021-06-14 05:00:00,365,1
1026,2021-06-14 05:00:00,Neural Network,5,1.2950378027423204,1.1616824898591014,2020-06-14 05:00:00,2021-06-14 05:00:00,2021-06-14 05:00:00,365,1
1027,2021-06-14 05:00:00,Naive,5,1.2950378027423204,-1.5121629937830752,2020-06-14 05:00:00,2021-06-14 05:00:00,2021-06-14 05:00:00,365,1
1028,2021-06-15 05:00:00,Decision Tree,5,1.5234756113065628,1.4631272303892044,2020-06-15 05:00:00,2021-06-15 05:00:00,2021-06-15 05:00:00,365,1
1029,2021-06-15 05:00:00,Random Forest,5,1.5234756113065628,1.52128048079968,2020-06-15 05:00:00,2021-06-15 05:00:00,2021-06-15 05:00:00,365,1
1030,2021-06-15 05:00:00,Neural Network,5,1.5234756113065628,1.5859687100985134,2020-06-15 05:00:00,2021-06-15 05:00:00,2021-06-15 05:00:00,365,1
1031,2021-06-15 05:00:00,Naive,5,1.5234756113065628,1.2950378027423204,2020-06-15 05:00:00,2021-06-15 05:00:00,2021-06-15 05:00:00,365,1
1032,2021-06-16 05:00:00,Decision Tree,5,1.5177840571490377,1.4717484276631125,2020-06-16 05:00:00,2021-06-16 05:00:00,2021-06-16 05:00:00,365,1
1033,2021-06-16 05:00:00,Random Forest,5,1.5177840571490377,1.5169857420145192,2020-06-16 05:00:00,2021-06-16 05:00:00,2021-06-16 05:00:00,365,1
1034,2021-06-16 05:00:00,Neural Network,5,1.5177840571490377,1.5967500362478684,2020-06-16 05:00:00,2021-06-16 05:00:00,2021-06-16 05:00:00,365,1
1035,2021-06-16 05:00:00,Naive,5,1.5177840571490377,1.5234756113065628,2020-06-16 05:00:00,2021-06-16 05:00:00,2021-06-16 05:00:00,365,1
1036,2021-06-17 05:00:00,Decision Tree,5,1.3449540484051372,1.4775028813488533,2020-06-17 05:00:00,2021-06-17 05:00:00,2021-06-17 05:00:00,365,1
1037,2021-06-17 05:00:00,Random Forest,5,1.3449540484051372,1.4626365247621382,2020-06-17 05:00:00,2021-06-17 05:00:00,2021-06-17 05:00:00,365,1
1038,2021-06-17 05:00:00,Neural Network,5,1.3449540484051372,1.2574938473126722,2020-06-17 05:00:00,2021-06-17 05:00:00,2021-06-17 05:00:00,365,1
1039,2021-06-17 05:00:00,Naive,5,1.3449540484051372,1.5177840571490377,2020-06-17 05:00:00,2021-06-17 05:00:00,2021-06-17 05:00:00,365,1
1040,2021-06-18 05:00:00,Decision Tree,5,1.4860177901052622,1.4775028813488533,2020-06-18 05:00:00,2021-06-18 05:00:00,2021-06-18 05:00:00,365,1
1041,2021-06-18 05:00:00,Random Forest,5,1.4860177901052622,1.5168833684399041,2020-06-18 05:00:00,2021-06-18 05:00:00,2021-06-18 05:00:00,365,1
1042,2021-06-18 05:00:00,Neural Network,5,1.4860177901052622,1.4776412005035526,2020-06-18 05:00:00,2021-06-18 05:00:00,2021-06-18 05:00:00,365,1
1043,2021-06-18 05:00:00,Naive,5,1.4860177901052622,1.3449540484051372,2020-06-18 05:00:00,2021-06-18 05:00:00,2021-06-18 05:00:00,365,1
1044,2021-06-19 05:00:00,Decision Tree,5,1.3327534670295549,1.3479968015814592,2020-06-19 05:00:00,2021-06-19 05:00:00,2021-06-19 05:00:00,365,1
1045,2021-06-19 05:00:00,Random Forest,5,1.3327534670295549,1.3689869476989909,2020-06-19 05:00:00,2021-06-19 05:00:00,2021-06-19 05:00:00,365,1
1046,2021-06-19 05:00:00,Neural Network,5,1.3327534670295549,1.5819321807718034,2020-06-19 05:00:00,2021-06-19 05:00:00,2021-06-19 05:00:00,365,1
1047,2021-06-19 05:00:00,Naive,5,1.3327534670295549,1.4860177901052622,2020-06-19 05:00:00,2021-06-19 05:00:00,2021-06-19 05:00:00,365,1
1048,2021-06-20 05:00:00,Decision Tree,5,0.7538444602140775,0.9481291359007512,2020-06-20 05:00:00,2021-06-20 05:00:00,2021-06-20 05:00:00,365,1
1049,2021-06-20 05:00:00,Random Forest,5,0.7538444602140775,0.925305731461969,2020-06-20 05:00:00,2021-06-20 05:00:00,2021-06-20 05:00:00,365,1
1050,2021-06-20 05:00:00,Neural Network,5,0.7538444602140775,0.9254356360154143,2020-06-20 05:00:00,2021-06-20 05:00:00,2021-06-20 05:00:00,365,1
1051,2021-06-20 05:00:00,Naive,5,0.7538444602140775,1.3327534670295549,2020-06-20 05:00:00,2021-06-20 05:00:00,2021-06-20 05:00:00,365,1
1052,2021-06-21 05:00:00,Decision Tree,5,1.2484047548831434,1.3460913847624711,2020-06-21 05:00:00,2021-06-21 05:00:00,2021-06-21 05:00:00,365,1
1053,2021-06-21 05:00:00,Random Forest,5,1.2484047548831434,1.3064743415658884,2020-06-21 05:00:00,2021-06-21 05:00:00,2021-06-21 05:00:00,365,1
1054,2021-06-21 05:00:00,Neural Network,5,1.2484047548831434,1.2934418405124941,2020-06-21 05:00:00,2021-06-21 05:00:00,2021-06-21 05:00:00,365,1
1055,2021-06-21 05:00:00,Naive,5,1.2484047548831434,0.7538444602140775,2020-06-21 05:00:00,2021-06-21 05:00:00,2021-06-21 05:00:00,365,1
1056,2021-06-22 05:00:00,Decision Tree,5,1.404723496055749,1.4784489823217875,2020-06-22 05:00:00,2021-06-22 05:00:00,2021-06-22 05:00:00,365,1
1057,2021-06-22 05:00:00,Random Forest,5,1.404723496055749,1.494457449562907,2020-06-22 05:00:00,2021-06-22 05:00:00,2021-06-22 05:00:00,365,1
1058,2021-06-22 05:00:00,Neural Network,5,1.404723496055749,1.380711570999346,2020-06-22 05:00:00,2021-06-22 05:00:00,2021-06-22 05:00:00,365,1
1059,2021-06-22 05:00:00,Naive,5,1.404723496055749,1.2484047548831434,2020-06-22 05:00:00,2021-06-22 05:00:00,2021-06-22 05:00:00,365,1
1060,2021-06-23 05:00:00,Decision Tree,5,1.594949570644609,1.5054376673159662,2020-06-23 05:00:00,2021-06-23 05:00:00,2021-06-23 05:00:00,365,1
1061,2021-06-23 05:00:00,Random Forest,5,1.594949570644609,1.5081240238715408,2020-06-23 05:00:00,2021-06-23 05:00:00,2021-06-23 05:00:00,365,1
1062,2021-06-23 05:00:00,Neural Network,5,1.594949570644609,1.539498530614891,2020-06-23 05:00:00,2021-06-23 05:00:00,2021-06-23 05:00:00,365,1
1063,2021-06-23 05:00:00,Naive,5,1.594949570644609,1.404723496055749,2020-06-23 05:00:00,2021-06-23 05:00:00,2021-06-23 05:00:00,365,1
1064,2021-06-24 05:00:00,Decision Tree,5,1.6801812239116312,1.5884173917411069,2020-06-24 05:00:00,2021-06-24 05:00:00,2021-06-24 05:00:00,365,1
1065,2021-06-24 05:00:00,Random Forest,5,1.6801812239116312,1.552965506732127,2020-06-24 05:00:00,2021-06-24 05:00:00,2021-06-24 05:00:00,365,1
1066,2021-06-24 05:00:00,Neural Network,5,1.6801812239116312,2.01761010341517,2020-06-24 05:00:00,2021-06-24 05:00:00,2021-06-24 05:00:00,365,1
1067,2021-06-24 05:00:00,Naive,5,1.6801812239116312,1.594949570644609,2020-06-24 05:00:00,2021-06-24 05:00:00,2021-06-24 05:00:00,365,1
1068,2021-06-25 05:00:00,Decision Tree,5,1.6676991401071968,1.600604258208211,2020-06-25 05:00:00,2021-06-25 05:00:00,2021-06-25 05:00:00,365,1
1069,2021-06-25 05:00:00,Random Forest,5,1.6676991401071968,1.6172263359044563,2020-06-25 05:00:00,2021-06-25 05:00:00,2021-06-25 05:00:00,365,1
1070,2021-06-25 05:00:00,Neural Network,5,1.6676991401071968,1.9540028054856455,2020-06-25 05:00:00,2021-06-25 05:00:00,2021-06-25 05:00:00,365,1
1071,2021-06-25 05:00:00,Naive,5,1.6676991401071968,1.6801812239116312,2020-06-25 05:00:00,2021-06-25 05:00:00,2021-06-25 05:00:00,365,1
1072,2021-06-26 05:00:00,Decision Tree,5,1.5660085713782914,1.630587274799843,2020-06-26 05:00:00,2021-06-26 05:00:00,2021-06-26 05:00:00,365,1
1073,2021-06-26 05:00:00,Random Forest,5,1.5660085713782914,1.624138716933726,2020-06-26 05:00:00,2021-06-26 05:00:00,2021-06-26 05:00:00,365,1
1074,2021-06-26 05:00:00,Neural Network,5,1.5660085713782914,1.6743270921508682,2020-06-26 05:00:00,2021-06-26 05:00:00,2021-06-26 05:00:00,365,1
1075,2021-06-26 05:00:00,Naive,5,1.5660085713782914,1.6676991401071968,2020-06-26 05:00:00,2021-06-26 05:00:00,2021-06-26 05:00:00,365,1
1076,2021-06-27 05:00:00,Decision Tree,5,1.3434607485684322,1.4367152000744015,2020-06-27 05:00:00,2021-06-27 05:00:00,2021-06-27 05:00:00,365,1
1077,2021-06-27 05:00:00,Random Forest,5,1.3434607485684322,1.4405980502504419,2020-06-27 05:00:00,2021-06-27 05:00:00,2021-06-27 05:00:00,365,1
1078,2021-06-27 05:00:00,Neural Network,5,1.3434607485684322,1.42080271814275,2020-06-27 05:00:00,2021-06-27 05:00:00,2021-06-27 05:00:00,365,1
1079,2021-06-27 05:00:00,Naive,5,1.3434607485684322,1.5660085713782914,2020-06-27 05:00:00,2021-06-27 05:00:00,2021-06-27 05:00:00,365,1
1080,2021-06-28 05:00:00,Decision Tree,5,1.5626738703420364,1.6390938668141886,2020-06-28 05:00:00,2021-06-28 05:00:00,2021-06-28 05:00:00,365,1
1081,2021-06-28 05:00:00,Random Forest,5,1.5626738703420364,1.6033965130472934,2020-06-28 05:00:00,2021-06-28 05:00:00,2021-06-28 05:00:00,365,1
1082,2021-06-28 05:00:00,Neural Network,5,1.5626738703420364,1.7476215456133761,2020-06-28 05:00:00,2021-06-28 05:00:00,2021-06-28 05:00:00,365,1
1083,2021-06-28 05:00:00,Naive,5,1.5626738703420364,1.3434607485684322,2020-06-28 05:00:00,2021-06-28 05:00:00,2021-06-28 05:00:00,365,1
1084,2021-06-29 05:00:00,Decision Tree,5,1.6662271841922307,1.626357200735497,2020-06-29 05:00:00,2021-06-29 05:00:00,2021-06-29 05:00:00,365,1
1085,2021-06-29 05:00:00,Random Forest,5,1.6662271841922307,1.6221000904929763,2020-06-29 05:00:00,2021-06-29 05:00:00,2021-06-29 05:00:00,365,1
1086,2021-06-29 05:00:00,Neural Network,5,1.6662271841922307,1.8026683876566516,2020-06-29 05:00:00,2021-06-29 05:00:00,2021-06-29 05:00:00,365,1
1087,2021-06-29 05:00:00,Naive,5,1.6662271841922307,1.5626738703420364,2020-06-29 05:00:00,2021-06-29 05:00:00,2021-06-29 05:00:00,365,1
1088,2021-06-30 05:00:00,Decision Tree,5,1.6561445816550837,1.6320529126578873,2020-06-30 05:00:00,2021-06-30 05:00:00,2021-06-30 05:00:00,365,1
1089,2021-06-30 05:00:00,Random Forest,5,1.6561445816550837,1.6372776044435866,2020-06-30 05:00:00,2021-06-30 05:00:00,2021-06-30 05:00:00,365,1
1090,2021-06-30 05:00:00,Neural Network,5,1.6561445816550837,1.7775580389222168,2020-06-30 05:00:00,2021-06-30 05:00:00,2021-06-30 05:00:00,365,1
1091,2021-06-30 05:00:00,Naive,5,1.6561445816550837,1.6662271841922307,2020-06-30 05:00:00,2021-06-30 05:00:00,2021-06-30 05:00:00,365,1
1092,2021-07-01 05:00:00,Decision Tree,5,1.555531712104285,1.6350643712825366,2020-07-01 05:00:00,2021-07-01 05:00:00,2021-07-01 05:00:00,365,1
1093,2021-07-01 05:00:00,Random Forest,5,1.555531712104285,1.6065531175155303,2020-07-01 05:00:00,2021-07-01 05:00:00,2021-07-01 05:00:00,365,1
1094,2021-07-01 05:00:00,Neural Network,5,1.555531712104285,1.6852248336058586,2020-07-01 05:00:00,2021-07-01 05:00:00,2021-07-01 05:00:00,365,1
1095,2021-07-01 05:00:00,Naive,5,1.555531712104285,1.6561445816550837,2020-07-01 05:00:00,2021-07-01 05:00:00,2021-07-01 05:00:00,365,1
1096,2021-07-02 05:00:00,Decision Tree,5,1.8284670458252033,1.62622740915162,2020-07-02 05:00:00,2021-07-02 05:00:00,2021-07-02 05:00:00,365,1
1097,2021-07-02 05:00:00,Random Forest,5,1.8284670458252033,1.6487077248592876,2020-07-02 05:00:00,2021-07-02 05:00:00,2021-07-02 05:00:00,365,1
1098,2021-07-02 05:00:00,Neural Network,5,1.8284670458252033,2.1354754823742597,2020-07-02 05:00:00,2021-07-02 05:00:00,2021-07-02 05:00:00,365,1
1099,2021-07-02 05:00:00,Naive,5,1.8284670458252033,1.555531712104285,2020-07-02 05:00:00,2021-07-02 05:00:00,2021-07-02 05:00:00,365,1
1100,2021-07-03 05:00:00,Decision Tree,5,1.5483111415089381,1.5931589104996875,2020-07-03 05:00:00,2021-07-03 05:00:00,2021-07-03 05:00:00,365,1
1101,2021-07-03 05:00:00,Random Forest,5,1.5483111415089381,1.5741605136141115,2020-07-03 05:00:00,2021-07-03 05:00:00,2021-07-03 05:00:00,365,1
1102,2021-07-03 05:00:00,Neural Network,5,1.5483111415089381,1.5628877683077338,2020-07-03 05:00:00,2021-07-03 05:00:00,2021-07-03 05:00:00,365,1
1103,2021-07-03 05:00:00,Naive,5,1.5483111415089381,1.8284670458252033,2020-07-03 05:00:00,2021-07-03 05:00:00,2021-07-03 05:00:00,365,1
1104,2021-07-04 05:00:00,Decision Tree,5,1.5425702392844698,1.5856842823345625,2020-07-04 05:00:00,2021-07-04 05:00:00,2021-07-04 05:00:00,365,1
1105,2021-07-04 05:00:00,Random Forest,5,1.5425702392844698,1.5675037770157658,2020-07-04 05:00:00,2021-07-04 05:00:00,2021-07-04 05:00:00,365,1
1106,2021-07-04 05:00:00,Neural Network,5,1.5425702392844698,1.649188638213192,2020-07-04 05:00:00,2021-07-04 05:00:00,2021-07-04 05:00:00,365,1
1107,2021-07-04 05:00:00,Naive,5,1.5425702392844698,1.5483111415089381,2020-07-04 05:00:00,2021-07-04 05:00:00,2021-07-04 05:00:00,365,1
1108,2021-07-05 05:00:00,Decision Tree,5,1.5404915079660866,1.5487910132743035,2020-07-05 05:00:00,2021-07-05 05:00:00,2021-07-05 05:00:00,365,1
1109,2021-07-05 05:00:00,Random Forest,5,1.5404915079660866,1.5706426922872818,2020-07-05 05:00:00,2021-07-05 05:00:00,2021-07-05 05:00:00,365,1
1110,2021-07-05 05:00:00,Neural Network,5,1.5404915079660866,1.6737246024132122,2020-07-05 05:00:00,2021-07-05 05:00:00,2021-07-05 05:00:00,365,1
1111,2021-07-05 05:00:00,Naive,5,1.5404915079660866,1.5425702392844698,2020-07-05 05:00:00,2021-07-05 05:00:00,2021-07-05 05:00:00,365,1
1112,2021-07-06 05:00:00,Decision Tree,5,1.468912764622144,1.5085965967396018,2020-07-06 05:00:00,2021-07-06 05:00:00,2021-07-06 05:00:00,365,1
1113,2021-07-06 05:00:00,Random Forest,5,1.468912764622144,1.5454157415945475,2020-07-06 05:00:00,2021-07-06 05:00:00,2021-07-06 05:00:00,365,1
1114,2021-07-06 05:00:00,Neural Network,5,1.468912764622144,1.4761730587855224,2020-07-06 05:00:00,2021-07-06 05:00:00,2021-07-06 05:00:00,365,1
1115,2021-07-06 05:00:00,Naive,5,1.468912764622144,1.5404915079660866,2020-07-06 05:00:00,2021-07-06 05:00:00,2021-07-06 05:00:00,365,1
1116,2021-07-07 05:00:00,Decision Tree,5,1.6615455046443806,1.5525978404306846,2020-07-07 05:00:00,2021-07-07 05:00:00,2021-07-07 05:00:00,365,1
1117,2021-07-07 05:00:00,Random Forest,5,1.6615455046443806,1.6728944967765447,2020-07-07 05:00:00,2021-07-07 05:00:00,2021-07-07 05:00:00,365,1
1118,2021-07-07 05:00:00,Neural Network,5,1.6615455046443806,1.7455090816672074,2020-07-07 05:00:00,2021-07-07 05:00:00,2021-07-07 05:00:00,365,1
1119,2021-07-07 05:00:00,Naive,5,1.6615455046443806,1.468912764622144,2020-07-07 05:00:00,2021-07-07 05:00:00,2021-07-07 05:00:00,365,1
1120,2021-07-08 05:00:00,Decision Tree,5,1.7139749551211592,1.6933774467226208,2020-07-08 05:00:00,2021-07-08 05:00:00,2021-07-08 05:00:00,365,1
1121,2021-07-08 05:00:00,Random Forest,5,1.7139749551211592,1.6883758550457526,2020-07-08 05:00:00,2021-07-08 05:00:00,2021-07-08 05:00:00,365,1
1122,2021-07-08 05:00:00,Neural Network,5,1.7139749551211592,1.9041916884073937,2020-07-08 05:00:00,2021-07-08 05:00:00,2021-07-08 05:00:00,365,1
1123,2021-07-08 05:00:00,Naive,5,1.7139749551211592,1.6615455046443806,2020-07-08 05:00:00,2021-07-08 05:00:00,2021-07-08 05:00:00,365,1
1124,2021-07-09 05:00:00,Decision Tree,5,1.6078252554847166,1.696319947922412,2020-07-09 05:00:00,2021-07-09 05:00:00,2021-07-09 05:00:00,365,1
1125,2021-07-09 05:00:00,Random Forest,5,1.6078252554847166,1.686316673430198,2020-07-09 05:00:00,2021-07-09 05:00:00,2021-07-09 05:00:00,365,1
1126,2021-07-09 05:00:00,Neural Network,5,1.6078252554847166,1.7992708432028606,2020-07-09 05:00:00,2021-07-09 05:00:00,2021-07-09 05:00:00,365,1
1127,2021-07-09 05:00:00,Naive,5,1.6078252554847166,1.7139749551211592,2020-07-09 05:00:00,2021-07-09 05:00:00,2021-07-09 05:00:00,365,1
1128,2021-07-10 05:00:00,Decision Tree,5,1.474913614336417,1.5783325218602942,2020-07-10 05:00:00,2021-07-10 05:00:00,2021-07-10 05:00:00,365,1
1129,2021-07-10 05:00:00,Random Forest,5,1.474913614336417,1.538832463908229,2020-07-10 05:00:00,2021-07-10 05:00:00,2021-07-10 05:00:00,365,1
1130,2021-07-10 05:00:00,Neural Network,5,1.474913614336417,1.5157643319963154,2020-07-10 05:00:00,2021-07-10 05:00:00,2021-07-10 05:00:00,365,1
1131,2021-07-10 05:00:00,Naive,5,1.474913614336417,1.6078252554847166,2020-07-10 05:00:00,2021-07-10 05:00:00,2021-07-10 05:00:00,365,1
1132,2021-07-11 05:00:00,Decision Tree,5,1.3724039257038125,1.4983052046692893,2020-07-11 05:00:00,2021-07-11 05:00:00,2021-07-11 05:00:00,365,1
1133,2021-07-11 05:00:00,Random Forest,5,1.3724039257038125,1.4858288714812844,2020-07-11 05:00:00,2021-07-11 05:00:00,2021-07-11 05:00:00,365,1
1134,2021-07-11 05:00:00,Neural Network,5,1.3724039257038125,1.3991975891749793,2020-07-11 05:00:00,2021-07-11 05:00:00,2021-07-11 05:00:00,365,1
1135,2021-07-11 05:00:00,Naive,5,1.3724039257038125,1.474913614336417,2020-07-11 05:00:00,2021-07-11 05:00:00,2021-07-11 05:00:00,365,1
1136,2021-07-12 05:00:00,Decision Tree,5,1.5630886247290405,1.5985142064933326,2020-07-12 05:00:00,2021-07-12 05:00:00,2021-07-12 05:00:00,365,1
1137,2021-07-12 05:00:00,Random Forest,5,1.5630886247290405,1.59292632798363,2020-07-12 05:00:00,2021-07-12 05:00:00,2021-07-12 05:00:00,365,1
1138,2021-07-12 05:00:00,Neural Network,5,1.5630886247290405,1.6468634670031057,2020-07-12 05:00:00,2021-07-12 05:00:00,2021-07-12 05:00:00,365,1
1139,2021-07-12 05:00:00,Naive,5,1.5630886247290405,1.3724039257038125,2020-07-12 05:00:00,2021-07-12 05:00:00,2021-07-12 05:00:00,365,1
1140,2021-07-13 05:00:00,Decision Tree,5,1.7432080555176819,1.696319947922412,2020-07-13 05:00:00,2021-07-13 05:00:00,2021-07-13 05:00:00,365,1
1141,2021-07-13 05:00:00,Random Forest,5,1.7432080555176819,1.7160359901339943,2020-07-13 05:00:00,2021-07-13 05:00:00,2021-07-13 05:00:00,365,1
1142,2021-07-13 05:00:00,Neural Network,5,1.7432080555176819,2.001493793258426,2020-07-13 05:00:00,2021-07-13 05:00:00,2021-07-13 05:00:00,365,1
1143,2021-07-13 05:00:00,Naive,5,1.7432080555176819,1.5630886247290405,2020-07-13 05:00:00,2021-07-13 05:00:00,2021-07-13 05:00:00,365,1
1144,2021-07-14 05:00:00,Decision Tree,5,1.6210253961805154,1.7021809613718208,2020-07-14 05:00:00,2021-07-14 05:00:00,2021-07-14 05:00:00,365,1
1145,2021-07-14 05:00:00,Random Forest,5,1.6210253961805154,1.6772671888940562,2020-07-14 05:00:00,2021-07-14 05:00:00,2021-07-14 05:00:00,365,1
1146,2021-07-14 05:00:00,Neural Network,5,1.6210253961805154,1.8393200982629048,2020-07-14 05:00:00,2021-07-14 05:00:00,2021-07-14 05:00:00,365,1
1147,2021-07-14 05:00:00,Naive,5,1.6210253961805154,1.7432080555176819,2020-07-14 05:00:00,2021-07-14 05:00:00,2021-07-14 05:00:00,365,1
1148,2021-07-15 05:00:00,Decision Tree,5,1.6734284022060075,1.6931636763505646,2020-07-15 05:00:00,2021-07-15 05:00:00,2021-07-15 05:00:00,365,1
1149,2021-07-15 05:00:00,Random Forest,5,1.6734284022060075,1.6895892808306856,2020-07-15 05:00:00,2021-07-15 05:00:00,2021-07-15 05:00:00,365,1
1150,2021-07-15 05:00:00,Neural Network,5,1.6734284022060075,1.7476718943141984,2020-07-15 05:00:00,2021-07-15 05:00:00,2021-07-15 05:00:00,365,1
1151,2021-07-15 05:00:00,Naive,5,1.6734284022060075,1.6210253961805154,2020-07-15 05:00:00,2021-07-15 05:00:00,2021-07-15 05:00:00,365,1
1152,2021-07-16 05:00:00,Decision Tree,5,1.5659738473540659,1.5946454853904077,2020-07-16 05:00:00,2021-07-16 05:00:00,2021-07-16 05:00:00,365,1
1153,2021-07-16 05:00:00,Random Forest,5,1.5659738473540659,1.6045682493242486,2020-07-16 05:00:00,2021-07-16 05:00:00,2021-07-16 05:00:00,365,1
1154,2021-07-16 05:00:00,Neural Network,5,1.5659738473540659,1.6614151717394638,2020-07-16 05:00:00,2021-07-16 05:00:00,2021-07-16 05:00:00,365,1
1155,2021-07-16 05:00:00,Naive,5,1.5659738473540659,1.6734284022060075,2020-07-16 05:00:00,2021-07-16 05:00:00,2021-07-16 05:00:00,365,1
1156,2021-07-17 05:00:00,Decision Tree,5,0.9654584198117252,1.2299344017222147,2020-07-17 05:00:00,2021-07-17 05:00:00,2021-07-17 05:00:00,365,1
1157,2021-07-17 05:00:00,Random Forest,5,0.9654584198117252,1.2057551786729641,2020-07-17 05:00:00,2021-07-17 05:00:00,2021-07-17 05:00:00,365,1
1158,2021-07-17 05:00:00,Neural Network,5,0.9654584198117252,0.9615299943384772,2020-07-17 05:00:00,2021-07-17 05:00:00,2021-07-17 05:00:00,365,1
1159,2021-07-17 05:00:00,Naive,5,0.9654584198117252,1.5659738473540659,2020-07-17 05:00:00,2021-07-17 05:00:00,2021-07-17 05:00:00,365,1
1160,2021-07-18 05:00:00,Decision Tree,5,0.4864542167366465,0.6763450785617262,2020-07-18 05:00:00,2021-07-18 05:00:00,2021-07-18 05:00:00,365,1
1161,2021-07-18 05:00:00,Random Forest,5,0.4864542167366465,0.7022333501808451,2020-07-18 05:00:00,2021-07-18 05:00:00,2021-07-18 05:00:00,365,1
1162,2021-07-18 05:00:00,Neural Network,5,0.4864542167366465,0.41261868677782576,2020-07-18 05:00:00,2021-07-18 05:00:00,2021-07-18 05:00:00,365,1
1163,2021-07-18 05:00:00,Naive,5,0.4864542167366465,0.9654584198117252,2020-07-18 05:00:00,2021-07-18 05:00:00,2021-07-18 05:00:00,365,1
1164,2021-07-19 05:00:00,Decision Tree,5,1.4829057070602478,1.541971519133222,2020-07-19 05:00:00,2021-07-19 05:00:00,2021-07-19 05:00:00,365,1
1165,2021-07-19 05:00:00,Random Forest,5,1.4829057070602478,1.5461923164863134,2020-07-19 05:00:00,2021-07-19 05:00:00,2021-07-19 05:00:00,365,1
1166,2021-07-19 05:00:00,Neural Network,5,1.4829057070602478,1.5208186275879858,2020-07-19 05:00:00,2021-07-19 05:00:00,2021-07-19 05:00:00,365,1
1167,2021-07-19 05:00:00,Naive,5,1.4829057070602478,0.4864542167366465,2020-07-19 05:00:00,2021-07-19 05:00:00,2021-07-19 05:00:00,365,1
1168,2021-07-20 05:00:00,Decision Tree,5,1.6492411278837613,1.7241247926628867,2020-07-20 05:00:00,2021-07-20 05:00:00,2021-07-20 05:00:00,365,1
1169,2021-07-20 05:00:00,Random Forest,5,1.6492411278837613,1.6732187758430808,2020-07-20 05:00:00,2021-07-20 05:00:00,2021-07-20 05:00:00,365,1
1170,2021-07-20 05:00:00,Neural Network,5,1.6492411278837613,1.8012345186160996,2020-07-20 05:00:00,2021-07-20 05:00:00,2021-07-20 05:00:00,365,1
1171,2021-07-20 05:00:00,Naive,5,1.6492411278837613,1.4829057070602478,2020-07-20 05:00:00,2021-07-20 05:00:00,2021-07-20 05:00:00,365,1
1172,2021-07-21 05:00:00,Decision Tree,5,1.6244313827441903,1.6515211837393937,2020-07-21 05:00:00,2021-07-21 05:00:00,2021-07-21 05:00:00,365,1
1173,2021-07-21 05:00:00,Random Forest,5,1.6244313827441903,1.6521635918528987,2020-07-21 05:00:00,2021-07-21 05:00:00,2021-07-21 05:00:00,365,1
1174,2021-07-21 05:00:00,Neural Network,5,1.6244313827441903,1.7674393064293514,2020-07-21 05:00:00,2021-07-21 05:00:00,2021-07-21 05:00:00,365,1
1175,2021-07-21 05:00:00,Naive,5,1.6244313827441903,1.6492411278837613,2020-07-21 05:00:00,2021-07-21 05:00:00,2021-07-21 05:00:00,365,1
1176,2021-07-22 05:00:00,Decision Tree,5,1.5786229088774097,1.6481349586149932,2020-07-22 05:00:00,2021-07-22 05:00:00,2021-07-22 05:00:00,365,1
1177,2021-07-22 05:00:00,Random Forest,5,1.5786229088774097,1.6513754764187427,2020-07-22 05:00:00,2021-07-22 05:00:00,2021-07-22 05:00:00,365,1
1178,2021-07-22 05:00:00,Neural Network,5,1.5786229088774097,1.7458416387854716,2020-07-22 05:00:00,2021-07-22 05:00:00,2021-07-22 05:00:00,365,1
1179,2021-07-22 05:00:00,Naive,5,1.5786229088774097,1.6244313827441903,2020-07-22 05:00:00,2021-07-22 05:00:00,2021-07-22 05:00:00,365,1
1180,2021-07-23 05:00:00,Decision Tree,5,1.6844378283622852,1.6237819293024955,2020-07-23 05:00:00,2021-07-23 05:00:00,2021-07-23 05:00:00,365,1
1181,2021-07-23 05:00:00,Random Forest,5,1.6844378283622852,1.7195267679684707,2020-07-23 05:00:00,2021-07-23 05:00:00,2021-07-23 05:00:00,365,1
1182,2021-07-23 05:00:00,Neural Network,5,1.6844378283622852,1.7790832048053855,2020-07-23 05:00:00,2021-07-23 05:00:00,2021-07-23 05:00:00,365,1
1183,2021-07-23 05:00:00,Naive,5,1.6844378283622852,1.5786229088774097,2020-07-23 05:00:00,2021-07-23 05:00:00,2021-07-23 05:00:00,365,1
1184,2021-07-24 05:00:00,Decision Tree,5,1.3714429515855917,1.4942400528248299,2020-07-24 05:00:00,2021-07-24 05:00:00,2021-07-24 05:00:00,365,1
1185,2021-07-24 05:00:00,Random Forest,5,1.3714429515855917,1.4929884179221706,2020-07-24 05:00:00,2021-07-24 05:00:00,2021-07-24 05:00:00,365,1
1186,2021-07-24 05:00:00,Neural Network,5,1.3714429515855917,1.2120519131873877,2020-07-24 05:00:00,2021-07-24 05:00:00,2021-07-24 05:00:00,365,1
1187,2021-07-24 05:00:00,Naive,5,1.3714429515855917,1.6844378283622852,2020-07-24 05:00:00,2021-07-24 05:00:00,2021-07-24 05:00:00,365,1
1188,2021-07-25 05:00:00,Decision Tree,5,0.6105993242683992,0.7633090351126002,2020-07-25 05:00:00,2021-07-25 05:00:00,2021-07-25 05:00:00,365,1
1189,2021-07-25 05:00:00,Random Forest,5,0.6105993242683992,0.8140517042951196,2020-07-25 05:00:00,2021-07-25 05:00:00,2021-07-25 05:00:00,365,1
1190,2021-07-25 05:00:00,Neural Network,5,0.6105993242683992,0.6637566794738138,2020-07-25 05:00:00,2021-07-25 05:00:00,2021-07-25 05:00:00,365,1
1191,2021-07-25 05:00:00,Naive,5,0.6105993242683992,1.3714429515855917,2020-07-25 05:00:00,2021-07-25 05:00:00,2021-07-25 05:00:00,365,1
1192,2021-07-26 05:00:00,Decision Tree,5,1.536303424373335,1.530104641948391,2020-07-26 05:00:00,2021-07-26 05:00:00,2021-07-26 05:00:00,365,1
1193,2021-07-26 05:00:00,Random Forest,5,1.536303424373335,1.568780894897796,2020-07-26 05:00:00,2021-07-26 05:00:00,2021-07-26 05:00:00,365,1
1194,2021-07-26 05:00:00,Neural Network,5,1.536303424373335,1.591615189265573,2020-07-26 05:00:00,2021-07-26 05:00:00,2021-07-26 05:00:00,365,1
1195,2021-07-26 05:00:00,Naive,5,1.536303424373335,0.6105993242683992,2020-07-26 05:00:00,2021-07-26 05:00:00,2021-07-26 05:00:00,365,1
1196,2021-07-27 05:00:00,Decision Tree,5,1.5212806982104108,1.5946633482197934,2020-07-27 05:00:00,2021-07-27 05:00:00,2021-07-27 05:00:00,365,1
1197,2021-07-27 05:00:00,Random Forest,5,1.5212806982104108,1.5642793113956426,2020-07-27 05:00:00,2021-07-27 05:00:00,2021-07-27 05:00:00,365,1
1198,2021-07-27 05:00:00,Neural Network,5,1.5212806982104108,1.6722081227714167,2020-07-27 05:00:00,2021-07-27 05:00:00,2021-07-27 05:00:00,365,1
1199,2021-07-27 05:00:00,Naive,5,1.5212806982104108,1.536303424373335,2020-07-27 05:00:00,2021-07-27 05:00:00,2021-07-27 05:00:00,365,1
1200,2021-07-28 05:00:00,Decision Tree,5,1.5354014768069313,1.5150246479354894,2020-07-28 05:00:00,2021-07-28 05:00:00,2021-07-28 05:00:00,365,1
1201,2021-07-28 05:00:00,Random Forest,5,1.5354014768069313,1.5467581547759959,2020-07-28 05:00:00,2021-07-28 05:00:00,2021-07-28 05:00:00,365,1
1202,2021-07-28 05:00:00,Neural Network,5,1.5354014768069313,1.5659092366520944,2020-07-28 05:00:00,2021-07-28 05:00:00,2021-07-28 05:00:00,365,1
1203,2021-07-28 05:00:00,Naive,5,1.5354014768069313,1.5212806982104108,2020-07-28 05:00:00,2021-07-28 05:00:00,2021-07-28 05:00:00,365,1
1204,2021-07-29 05:00:00,Decision Tree,5,0.6809869974513397,1.0007371903380518,2020-07-29 05:00:00,2021-07-29 05:00:00,2021-07-29 05:00:00,365,1
1205,2021-07-29 05:00:00,Random Forest,5,0.6809869974513397,0.9467642715586023,2020-07-29 05:00:00,2021-07-29 05:00:00,2021-07-29 05:00:00,365,1
1206,2021-07-29 05:00:00,Neural Network,5,0.6809869974513397,0.721618167779559,2020-07-29 05:00:00,2021-07-29 05:00:00,2021-07-29 05:00:00,365,1
1207,2021-07-29 05:00:00,Naive,5,0.6809869974513397,1.5354014768069313,2020-07-29 05:00:00,2021-07-29 05:00:00,2021-07-29 05:00:00,365,1
1208,2021-07-30 05:00:00,Decision Tree,5,0.9357718682272479,1.0007371903380518,2020-07-30 05:00:00,2021-07-30 05:00:00,2021-07-30 05:00:00,365,1
1209,2021-07-30 05:00:00,Random Forest,5,0.9357718682272479,1.1061586290567305,2020-07-30 05:00:00,2021-07-30 05:00:00,2021-07-30 05:00:00,365,1
1210,2021-07-30 05:00:00,Neural Network,5,0.9357718682272479,1.1001301160849533,2020-07-30 05:00:00,2021-07-30 05:00:00,2021-07-30 05:00:00,365,1
1211,2021-07-30 05:00:00,Naive,5,0.9357718682272479,0.6809869974513397,2020-07-30 05:00:00,2021-07-30 05:00:00,2021-07-30 05:00:00,365,1
1212,2021-07-31 05:00:00,Decision Tree,5,-0.2525056053140099,-0.18464094845697385,2020-07-31 05:00:00,2021-07-31 05:00:00,2021-07-31 05:00:00,365,1
1213,2021-07-31 05:00:00,Random Forest,5,-0.2525056053140099,-0.19704233338730176,2020-07-31 05:00:00,2021-07-31 05:00:00,2021-07-31 05:00:00,365,1
1214,2021-07-31 05:00:00,Neural Network,5,-0.2525056053140099,-0.23332819925937276,2020-07-31 05:00:00,2021-07-31 05:00:00,2021-07-31 05:00:00,365,1
1215,2021-07-31 05:00:00,Naive,5,-0.2525056053140099,0.9357718682272479,2020-07-31 05:00:00,2021-07-31 05:00:00,2021-07-31 05:00:00,365,1
1216,2021-08-01 05:00:00,Decision Tree,5,0.7480485500484657,0.9926165250742014,2020-08-01 05:00:00,2021-08-01 05:00:00,2021-08-01 05:00:00,365,1
1217,2021-08-01 05:00:00,Random Forest,5,0.7480485500484657,0.9573504360893033,2020-08-01 05:00:00,2021-08-01 05:00:00,2021-08-01 05:00:00,365,1
1218,2021-08-01 05:00:00,Neural Network,5,0.7480485500484657,0.8291973096606677,2020-08-01 05:00:00,2021-08-01 05:00:00,2021-08-01 05:00:00,365,1
1219,2021-08-01 05:00:00,Naive,5,0.7480485500484657,-0.2525056053140099,2020-08-01 05:00:00,2021-08-01 05:00:00,2021-08-01 05:00:00,365,1
1220,2021-08-02 05:00:00,Decision Tree,5,1.0206446351418215,1.2299344017222147,2020-08-02 05:00:00,2021-08-02 05:00:00,2021-08-02 05:00:00,365,1
1221,2021-08-02 05:00:00,Random Forest,5,1.0206446351418215,1.2534803306202436,2020-08-02 05:00:00,2021-08-02 05:00:00,2021-08-02 05:00:00,365,1
1222,2021-08-02 05:00:00,Neural Network,5,1.0206446351418215,0.8278618764877195,2020-08-02 05:00:00,2021-08-02 05:00:00,2021-08-02 05:00:00,365,1
1223,2021-08-02 05:00:00,Naive,5,1.0206446351418215,0.7480485500484657,2020-08-02 05:00:00,2021-08-02 05:00:00,2021-08-02 05:00:00,365,1
1224,2021-08-03 05:00:00,Decision Tree,5,1.5690051398560252,1.6243332359268916,2020-08-03 05:00:00,2021-08-03 05:00:00,2021-08-03 05:00:00,365,1
1225,2021-08-03 05:00:00,Random Forest,5,1.5690051398560252,1.6374369274494702,2020-08-03 05:00:00,2021-08-03 05:00:00,2021-08-03 05:00:00,365,1
1226,2021-08-03 05:00:00,Neural Network,5,1.5690051398560252,1.6340964837089995,2020-08-03 05:00:00,2021-08-03 05:00:00,2021-08-03 05:00:00,365,1
1227,2021-08-03 05:00:00,Naive,5,1.5690051398560252,1.0206446351418215,2020-08-03 05:00:00,2021-08-03 05:00:00,2021-08-03 05:00:00,365,1
1228,2021-08-04 05:00:00,Decision Tree,5,1.6670541723783534,1.7287032574064676,2020-08-04 05:00:00,2021-08-04 05:00:00,2021-08-04 05:00:00,365,1
1229,2021-08-04 05:00:00,Random Forest,5,1.6670541723783534,1.6862579503840422,2020-08-04 05:00:00,2021-08-04 05:00:00,2021-08-04 05:00:00,365,1
1230,2021-08-04 05:00:00,Neural Network,5,1.6670541723783534,1.8483843853301007,2020-08-04 05:00:00,2021-08-04 05:00:00,2021-08-04 05:00:00,365,1
1231,2021-08-04 05:00:00,Naive,5,1.6670541723783534,1.5690051398560252,2020-08-04 05:00:00,2021-08-04 05:00:00,2021-08-04 05:00:00,365,1
1232,2021-08-05 05:00:00,Decision Tree,5,1.6547996927863007,1.7274284114409366,2020-08-05 05:00:00,2021-08-05 05:00:00,2021-08-05 05:00:00,365,1
1233,2021-08-05 05:00:00,Random Forest,5,1.6547996927863007,1.6710966176087163,2020-08-05 05:00:00,2021-08-05 05:00:00,2021-08-05 05:00:00,365,1
1234,2021-08-05 05:00:00,Neural Network,5,1.6547996927863007,1.7860781986748377,2020-08-05 05:00:00,2021-08-05 05:00:00,2021-08-05 05:00:00,365,1
1235,2021-08-05 05:00:00,Naive,5,1.6547996927863007,1.6670541723783534,2020-08-05 05:00:00,2021-08-05 05:00:00,2021-08-05 05:00:00,365,1
1236,2021-08-06 05:00:00,Decision Tree,5,1.246473022331143,1.5308088584151427,2020-08-06 05:00:00,2021-08-06 05:00:00,2021-08-06 05:00:00,365,1
1237,2021-08-06 05:00:00,Random Forest,5,1.246473022331143,1.4547072412024433,2020-08-06 05:00:00,2021-08-06 05:00:00,2021-08-06 05:00:00,365,1
1238,2021-08-06 05:00:00,Neural Network,5,1.246473022331143,1.2984695649538327,2020-08-06 05:00:00,2021-08-06 05:00:00,2021-08-06 05:00:00,365,1
1239,2021-08-06 05:00:00,Naive,5,1.246473022331143,1.6547996927863007,2020-08-06 05:00:00,2021-08-06 05:00:00,2021-08-06 05:00:00,365,1
1240,2021-08-07 05:00:00,Decision Tree,5,1.0629052297093193,1.2828846499077975,2020-08-07 05:00:00,2021-08-07 05:00:00,2021-08-07 05:00:00,365,1
1241,2021-08-07 05:00:00,Random Forest,5,1.0629052297093193,1.2337131934107382,2020-08-07 05:00:00,2021-08-07 05:00:00,2021-08-07 05:00:00,365,1
1242,2021-08-07 05:00:00,Neural Network,5,1.0629052297093193,1.129362370031287,2020-08-07 05:00:00,2021-08-07 05:00:00,2021-08-07 05:00:00,365,1
1243,2021-08-07 05:00:00,Naive,5,1.0629052297093193,1.246473022331143,2020-08-07 05:00:00,2021-08-07 05:00:00,2021-08-07 05:00:00,365,1
1244,2021-08-08 05:00:00,Decision Tree,5,-1.4946139787407455,-1.6729523861229108,2020-08-08 05:00:00,2021-08-08 05:00:00,2021-08-08 05:00:00,365,1
1245,2021-08-08 05:00:00,Random Forest,5,-1.4946139787407455,-1.660673991480731,2020-08-08 05:00:00,2021-08-08 05:00:00,2021-08-08 05:00:00,365,1
1246,2021-08-08 05:00:00,Neural Network,5,-1.4946139787407455,-1.4224285483798251,2020-08-08 05:00:00,2021-08-08 05:00:00,2021-08-08 05:00:00,365,1
1247,2021-08-08 05:00:00,Naive,5,-1.4946139787407455,1.0629052297093193,2020-08-08 05:00:00,2021-08-08 05:00:00,2021-08-08 05:00:00,365,1
1248,2021-08-09 05:00:00,Decision Tree,5,0.6672389327301683,0.7492917487479035,2020-08-09 05:00:00,2021-08-09 05:00:00,2021-08-09 05:00:00,365,1
1249,2021-08-09 05:00:00,Random Forest,5,0.6672389327301683,0.7843345853710819,2020-08-09 05:00:00,2021-08-09 05:00:00,2021-08-09 05:00:00,365,1
1250,2021-08-09 05:00:00,Neural Network,5,0.6672389327301683,0.3607660960005401,2020-08-09 05:00:00,2021-08-09 05:00:00,2021-08-09 05:00:00,365,1
1251,2021-08-09 05:00:00,Naive,5,0.6672389327301683,-1.4946139787407455,2020-08-09 05:00:00,2021-08-09 05:00:00,2021-08-09 05:00:00,365,1
1252,2021-08-10 05:00:00,Decision Tree,5,1.3541858061728298,1.4568385655419327,2020-08-10 05:00:00,2021-08-10 05:00:00,2021-08-10 05:00:00,365,1
1253,2021-08-10 05:00:00,Random Forest,5,1.3541858061728298,1.470695873927031,2020-08-10 05:00:00,2021-08-10 05:00:00,2021-08-10 05:00:00,365,1
1254,2021-08-10 05:00:00,Neural Network,5,1.3541858061728298,1.4110791429911775,2020-08-10 05:00:00,2021-08-10 05:00:00,2021-08-10 05:00:00,365,1
1255,2021-08-10 05:00:00,Naive,5,1.3541858061728298,0.6672389327301683,2020-08-10 05:00:00,2021-08-10 05:00:00,2021-08-10 05:00:00,365,1
1256,2021-08-11 05:00:00,Decision Tree,5,1.7535310513088525,1.715323624998497,2020-08-11 05:00:00,2021-08-11 05:00:00,2021-08-11 05:00:00,365,1
1257,2021-08-11 05:00:00,Random Forest,5,1.7535310513088525,1.697891531504932,2020-08-11 05:00:00,2021-08-11 05:00:00,2021-08-11 05:00:00,365,1
1258,2021-08-11 05:00:00,Neural Network,5,1.7535310513088525,1.8639587639666917,2020-08-11 05:00:00,2021-08-11 05:00:00,2021-08-11 05:00:00,365,1
1259,2021-08-11 05:00:00,Naive,5,1.7535310513088525,1.3541858061728298,2020-08-11 05:00:00,2021-08-11 05:00:00,2021-08-11 05:00:00,365,1
1260,2021-08-12 05:00:00,Decision Tree,5,1.7209338860817174,1.7353396306784752,2020-08-12 05:00:00,2021-08-12 05:00:00,2021-08-12 05:00:00,365,1
1261,2021-08-12 05:00:00,Random Forest,5,1.7209338860817174,1.7442091859598388,2020-08-12 05:00:00,2021-08-12 05:00:00,2021-08-12 05:00:00,365,1
1262,2021-08-12 05:00:00,Neural Network,5,1.7209338860817174,1.7986670307714951,2020-08-12 05:00:00,2021-08-12 05:00:00,2021-08-12 05:00:00,365,1
1263,2021-08-12 05:00:00,Naive,5,1.7209338860817174,1.7535310513088525,2020-08-12 05:00:00,2021-08-12 05:00:00,2021-08-12 05:00:00,365,1
1264,2021-08-13 05:00:00,Decision Tree,5,1.6827383850963717,1.7426388422223618,2020-08-13 05:00:00,2021-08-13 05:00:00,2021-08-13 05:00:00,365,1
1265,2021-08-13 05:00:00,Random Forest,5,1.6827383850963717,1.7434176848250384,2020-08-13 05:00:00,2021-08-13 05:00:00,2021-08-13 05:00:00,365,1
1266,2021-08-13 05:00:00,Neural Network,5,1.6827383850963717,1.769890631675576,2020-08-13 05:00:00,2021-08-13 05:00:00,2021-08-13 05:00:00,365,1
1267,2021-08-13 05:00:00,Naive,5,1.6827383850963717,1.7209338860817174,2020-08-13 05:00:00,2021-08-13 05:00:00,2021-08-13 05:00:00,365,1
1268,2021-08-14 05:00:00,Decision Tree,5,1.3014766935155395,1.4330703740238946,2020-08-14 05:00:00,2021-08-14 05:00:00,2021-08-14 05:00:00,365,1
1269,2021-08-14 05:00:00,Random Forest,5,1.3014766935155395,1.4010909346197076,2020-08-14 05:00:00,2021-08-14 05:00:00,2021-08-14 05:00:00,365,1
1270,2021-08-14 05:00:00,Neural Network,5,1.3014766935155395,1.421812768719691,2020-08-14 05:00:00,2021-08-14 05:00:00,2021-08-14 05:00:00,365,1
1271,2021-08-14 05:00:00,Naive,5,1.3014766935155395,1.6827383850963717,2020-08-14 05:00:00,2021-08-14 05:00:00,2021-08-14 05:00:00,365,1
1272,2021-08-15 05:00:00,Decision Tree,5,1.0082673520701557,1.1769244990738341,2020-08-15 05:00:00,2021-08-15 05:00:00,2021-08-15 05:00:00,365,1
1273,2021-08-15 05:00:00,Random Forest,5,1.0082673520701557,1.1396563269900335,2020-08-15 05:00:00,2021-08-15 05:00:00,2021-08-15 05:00:00,365,1
1274,2021-08-15 05:00:00,Neural Network,5,1.0082673520701557,0.7779689965745904,2020-08-15 05:00:00,2021-08-15 05:00:00,2021-08-15 05:00:00,365,1
1275,2021-08-15 05:00:00,Naive,5,1.0082673520701557,1.3014766935155395,2020-08-15 05:00:00,2021-08-15 05:00:00,2021-08-15 05:00:00,365,1
1276,2021-08-16 05:00:00,Decision Tree,5,1.2603222456180825,1.3270514683409038,2020-08-16 05:00:00,2021-08-16 05:00:00,2021-08-16 05:00:00,365,1
1277,2021-08-16 05:00:00,Random Forest,5,1.2603222456180825,1.3525029642540085,2020-08-16 05:00:00,2021-08-16 05:00:00,2021-08-16 05:00:00,365,1
1278,2021-08-16 05:00:00,Neural Network,5,1.2603222456180825,1.295123312709556,2020-08-16 05:00:00,2021-08-16 05:00:00,2021-08-16 05:00:00,365,1
1279,2021-08-16 05:00:00,Naive,5,1.2603222456180825,1.0082673520701557,2020-08-16 05:00:00,2021-08-16 05:00:00,2021-08-16 05:00:00,365,1
1280,2021-08-17 05:00:00,Decision Tree,5,0.6016940035583042,0.7390351467456866,2020-08-17 05:00:00,2021-08-17 05:00:00,2021-08-17 05:00:00,365,1
1281,2021-08-17 05:00:00,Random Forest,5,0.6016940035583042,0.7383348083986179,2020-08-17 05:00:00,2021-08-17 05:00:00,2021-08-17 05:00:00,365,1
1282,2021-08-17 05:00:00,Neural Network,5,0.6016940035583042,0.5446033978143505,2020-08-17 05:00:00,2021-08-17 05:00:00,2021-08-17 05:00:00,365,1
1283,2021-08-17 05:00:00,Naive,5,0.6016940035583042,1.2603222456180825,2020-08-17 05:00:00,2021-08-17 05:00:00,2021-08-17 05:00:00,365,1
1284,2021-08-18 05:00:00,Decision Tree,5,1.1882649967051049,1.3159299312204336,2020-08-18 05:00:00,2021-08-18 05:00:00,2021-08-18 05:00:00,365,1
1285,2021-08-18 05:00:00,Random Forest,5,1.1882649967051049,1.2586621251803056,2020-08-18 05:00:00,2021-08-18 05:00:00,2021-08-18 05:00:00,365,1
1286,2021-08-18 05:00:00,Neural Network,5,1.1882649967051049,1.33736761591222,2020-08-18 05:00:00,2021-08-18 05:00:00,2021-08-18 05:00:00,365,1
1287,2021-08-18 05:00:00,Naive,5,1.1882649967051049,0.6016940035583042,2020-08-18 05:00:00,2021-08-18 05:00:00,2021-08-18 05:00:00,365,1
1288,2021-08-19 05:00:00,Decision Tree,5,1.1891003902195576,1.1053110471915089,2020-08-19 05:00:00,2021-08-19 05:00:00,2021-08-19 05:00:00,365,1
1289,2021-08-19 05:00:00,Random Forest,5,1.1891003902195576,1.2240536048660742,2020-08-19 05:00:00,2021-08-19 05:00:00,2021-08-19 05:00:00,365,1
1290,2021-08-19 05:00:00,Neural Network,5,1.1891003902195576,1.3848581086011085,2020-08-19 05:00:00,2021-08-19 05:00:00,2021-08-19 05:00:00,365,1
1291,2021-08-19 05:00:00,Naive,5,1.1891003902195576,1.1882649967051049,2020-08-19 05:00:00,2021-08-19 05:00:00,2021-08-19 05:00:00,365,1
1292,2021-08-20 05:00:00,Decision Tree,5,1.7213332954614704,1.7457756847659653,2020-08-20 05:00:00,2021-08-20 05:00:00,2021-08-20 05:00:00,365,1
1293,2021-08-20 05:00:00,Random Forest,5,1.7213332954614704,1.7436583834907349,2020-08-20 05:00:00,2021-08-20 05:00:00,2021-08-20 05:00:00,365,1
1294,2021-08-20 05:00:00,Neural Network,5,1.7213332954614704,1.843249237562003,2020-08-20 05:00:00,2021-08-20 05:00:00,2021-08-20 05:00:00,365,1
1295,2021-08-20 05:00:00,Naive,5,1.7213332954614704,1.1891003902195576,2020-08-20 05:00:00,2021-08-20 05:00:00,2021-08-20 05:00:00,365,1
1296,2021-08-21 05:00:00,Decision Tree,5,1.588763357189431,1.655992840830978,2020-08-21 05:00:00,2021-08-21 05:00:00,2021-08-21 05:00:00,365,1
1297,2021-08-21 05:00:00,Random Forest,5,1.588763357189431,1.6698950009539564,2020-08-21 05:00:00,2021-08-21 05:00:00,2021-08-21 05:00:00,365,1
1298,2021-08-21 05:00:00,Neural Network,5,1.588763357189431,1.6765149794319862,2020-08-21 05:00:00,2021-08-21 05:00:00,2021-08-21 05:00:00,365,1
1299,2021-08-21 05:00:00,Naive,5,1.588763357189431,1.7213332954614704,2020-08-21 05:00:00,2021-08-21 05:00:00,2021-08-21 05:00:00,365,1
1300,2021-08-22 05:00:00,Decision Tree,5,1.2174829022723308,1.395027647909624,2020-08-22 05:00:00,2021-08-22 05:00:00,2021-08-22 05:00:00,365,1
1301,2021-08-22 05:00:00,Random Forest,5,1.2174829022723308,1.3122763353842304,2020-08-22 05:00:00,2021-08-22 05:00:00,2021-08-22 05:00:00,365,1
1302,2021-08-22 05:00:00,Neural Network,5,1.2174829022723308,1.3419977213222765,2020-08-22 05:00:00,2021-08-22 05:00:00,2021-08-22 05:00:00,365,1
1303,2021-08-22 05:00:00,Naive,5,1.2174829022723308,1.588763357189431,2020-08-22 05:00:00,2021-08-22 05:00:00,2021-08-22 05:00:00,365,1
1304,2021-08-23 05:00:00,Decision Tree,5,1.4978582223539814,1.6104092646312063,2020-08-23 05:00:00,2021-08-23 05:00:00,2021-08-23 05:00:00,365,1
1305,2021-08-23 05:00:00,Random Forest,5,1.4978582223539814,1.60224592421482,2020-08-23 05:00:00,2021-08-23 05:00:00,2021-08-23 05:00:00,365,1
1306,2021-08-23 05:00:00,Neural Network,5,1.4978582223539814,1.5148731524143817,2020-08-23 05:00:00,2021-08-23 05:00:00,2021-08-23 05:00:00,365,1
1307,2021-08-23 05:00:00,Naive,5,1.4978582223539814,1.2174829022723308,2020-08-23 05:00:00,2021-08-23 05:00:00,2021-08-23 05:00:00,365,1
1308,2021-08-24 05:00:00,Decision Tree,5,1.6310267766041913,1.7414007327547227,2020-08-24 05:00:00,2021-08-24 05:00:00,2021-08-24 05:00:00,365,1
1309,2021-08-24 05:00:00,Random Forest,5,1.6310267766041913,1.7066275965916924,2020-08-24 05:00:00,2021-08-24 05:00:00,2021-08-24 05:00:00,365,1
1310,2021-08-24 05:00:00,Neural Network,5,1.6310267766041913,1.7618757772391445,2020-08-24 05:00:00,2021-08-24 05:00:00,2021-08-24 05:00:00,365,1
1311,2021-08-24 05:00:00,Naive,5,1.6310267766041913,1.4978582223539814,2020-08-24 05:00:00,2021-08-24 05:00:00,2021-08-24 05:00:00,365,1
1312,2021-08-25 05:00:00,Decision Tree,5,1.649151727716902,1.7404755631584976,2020-08-25 05:00:00,2021-08-25 05:00:00,2021-08-25 05:00:00,365,1
1313,2021-08-25 05:00:00,Random Forest,5,1.649151727716902,1.7301639760631622,2020-08-25 05:00:00,2021-08-25 05:00:00,2021-08-25 05:00:00,365,1
1314,2021-08-25 05:00:00,Neural Network,5,1.649151727716902,1.7648503377450475,2020-08-25 05:00:00,2021-08-25 05:00:00,2021-08-25 05:00:00,365,1
1315,2021-08-25 05:00:00,Naive,5,1.649151727716902,1.6310267766041913,2020-08-25 05:00:00,2021-08-25 05:00:00,2021-08-25 05:00:00,365,1
1316,2021-08-26 05:00:00,Decision Tree,5,1.4752349754951048,1.5777510444176255,2020-08-26 05:00:00,2021-08-26 05:00:00,2021-08-26 05:00:00,365,1
1317,2021-08-26 05:00:00,Random Forest,5,1.4752349754951048,1.5455612225890374,2020-08-26 05:00:00,2021-08-26 05:00:00,2021-08-26 05:00:00,365,1
1318,2021-08-26 05:00:00,Neural Network,5,1.4752349754951048,1.6896876140598924,2020-08-26 05:00:00,2021-08-26 05:00:00,2021-08-26 05:00:00,365,1
1319,2021-08-26 05:00:00,Naive,5,1.4752349754951048,1.649151727716902,2020-08-26 05:00:00,2021-08-26 05:00:00,2021-08-26 05:00:00,365,1
1320,2021-08-27 05:00:00,Decision Tree,5,1.5991294192052572,1.7274293009525554,2020-08-27 05:00:00,2021-08-27 05:00:00,2021-08-27 05:00:00,365,1
1321,2021-08-27 05:00:00,Random Forest,5,1.5991294192052572,1.656101407566826,2020-08-27 05:00:00,2021-08-27 05:00:00,2021-08-27 05:00:00,365,1
1322,2021-08-27 05:00:00,Neural Network,5,1.5991294192052572,2.046974666056908,2020-08-27 05:00:00,2021-08-27 05:00:00,2021-08-27 05:00:00,365,1
1323,2021-08-27 05:00:00,Naive,5,1.5991294192052572,1.4752349754951048,2020-08-27 05:00:00,2021-08-27 05:00:00,2021-08-27 05:00:00,365,1
1324,2021-08-28 05:00:00,Decision Tree,5,1.4356988728862277,1.3412468064081409,2020-08-28 05:00:00,2021-08-28 05:00:00,2021-08-28 05:00:00,365,1
1325,2021-08-28 05:00:00,Random Forest,5,1.4356988728862277,1.4461820181035367,2020-08-28 05:00:00,2021-08-28 05:00:00,2021-08-28 05:00:00,365,1
1326,2021-08-28 05:00:00,Neural Network,5,1.4356988728862277,1.6284880236664068,2020-08-28 05:00:00,2021-08-28 05:00:00,2021-08-28 05:00:00,365,1
1327,2021-08-28 05:00:00,Naive,5,1.4356988728862277,1.5991294192052572,2020-08-28 05:00:00,2021-08-28 05:00:00,2021-08-28 05:00:00,365,1
1328,2021-08-29 05:00:00,Decision Tree,5,1.2469162338214956,1.313833304093002,2020-08-29 05:00:00,2021-08-29 05:00:00,2021-08-29 05:00:00,365,1
1329,2021-08-29 05:00:00,Random Forest,5,1.2469162338214956,1.3345086463303912,2020-08-29 05:00:00,2021-08-29 05:00:00,2021-08-29 05:00:00,365,1
1330,2021-08-29 05:00:00,Neural Network,5,1.2469162338214956,1.4996024205536014,2020-08-29 05:00:00,2021-08-29 05:00:00,2021-08-29 05:00:00,365,1
1331,2021-08-29 05:00:00,Naive,5,1.2469162338214956,1.4356988728862277,2020-08-29 05:00:00,2021-08-29 05:00:00,2021-08-29 05:00:00,365,1
1332,2021-08-30 05:00:00,Decision Tree,5,1.4966091760218578,1.4822646818124934,2020-08-30 05:00:00,2021-08-30 05:00:00,2021-08-30 05:00:00,365,1
1333,2021-08-30 05:00:00,Random Forest,5,1.4966091760218578,1.5834062188981763,2020-08-30 05:00:00,2021-08-30 05:00:00,2021-08-30 05:00:00,365,1
1334,2021-08-30 05:00:00,Neural Network,5,1.4966091760218578,1.5849257886372972,2020-08-30 05:00:00,2021-08-30 05:00:00,2021-08-30 05:00:00,365,1
1335,2021-08-30 05:00:00,Naive,5,1.4966091760218578,1.2469162338214956,2020-08-30 05:00:00,2021-08-30 05:00:00,2021-08-30 05:00:00,365,1
1336,2021-08-31 05:00:00,Decision Tree,5,1.7554973757282055,1.7162987779515488,2020-08-31 05:00:00,2021-08-31 05:00:00,2021-08-31 05:00:00,365,1
1337,2021-08-31 05:00:00,Random Forest,5,1.7554973757282055,1.7054293422423683,2020-08-31 05:00:00,2021-08-31 05:00:00,2021-08-31 05:00:00,365,1
1338,2021-08-31 05:00:00,Neural Network,5,1.7554973757282055,1.8689140701115345,2020-08-31 05:00:00,2021-08-31 05:00:00,2021-08-31 05:00:00,365,1
1339,2021-08-31 05:00:00,Naive,5,1.7554973757282055,1.4966091760218578,2020-08-31 05:00:00,2021-08-31 05:00:00,2021-08-31 05:00:00,365,1
1340,2021-09-01 05:00:00,Decision Tree,5,1.8752878980231955,1.7559525308810897,2020-09-01 05:00:00,2021-09-01 05:00:00,2021-09-01 05:00:00,365,1
1341,2021-09-01 05:00:00,Random Forest,5,1.8752878980231955,1.739973525683364,2020-09-01 05:00:00,2021-09-01 05:00:00,2021-09-01 05:00:00,365,1
1342,2021-09-01 05:00:00,Neural Network,5,1.8752878980231955,2.082697275304139,2020-09-01 05:00:00,2021-09-01 05:00:00,2021-09-01 05:00:00,365,1
1343,2021-09-01 05:00:00,Naive,5,1.8752878980231955,1.7554973757282055,2020-09-01 05:00:00,2021-09-01 05:00:00,2021-09-01 05:00:00,365,1
1344,2021-09-02 05:00:00,Decision Tree,5,1.939421310787537,1.7758417587381075,2020-09-02 05:00:00,2021-09-02 05:00:00,2021-09-02 05:00:00,365,1
1345,2021-09-02 05:00:00,Random Forest,5,1.939421310787537,1.76282595929736,2020-09-02 05:00:00,2021-09-02 05:00:00,2021-09-02 05:00:00,365,1
1346,2021-09-02 05:00:00,Neural Network,5,1.939421310787537,2.2018378975169823,2020-09-02 05:00:00,2021-09-02 05:00:00,2021-09-02 05:00:00,365,1
1347,2021-09-02 05:00:00,Naive,5,1.939421310787537,1.8752878980231955,2020-09-02 05:00:00,2021-09-02 05:00:00,2021-09-02 05:00:00,365,1
1348,2021-09-03 05:00:00,Decision Tree,5,1.7941334524761277,1.7992102661737401,2020-09-03 05:00:00,2021-09-03 05:00:00,2021-09-03 05:00:00,365,1
1349,2021-09-03 05:00:00,Random Forest,5,1.7941334524761277,1.787646716593929,2020-09-03 05:00:00,2021-09-03 05:00:00,2021-09-03 05:00:00,365,1
1350,2021-09-03 05:00:00,Neural Network,5,1.7941334524761277,1.9314145483532563,2020-09-03 05:00:00,2021-09-03 05:00:00,2021-09-03 05:00:00,365,1
1351,2021-09-03 05:00:00,Naive,5,1.7941334524761277,1.939421310787537,2020-09-03 05:00:00,2021-09-03 05:00:00,2021-09-03 05:00:00,365,1
1352,2021-09-04 05:00:00,Decision Tree,5,1.7955404963264059,1.7985756644615387,2020-09-04 05:00:00,2021-09-04 05:00:00,2021-09-04 05:00:00,365,1
1353,2021-09-04 05:00:00,Random Forest,5,1.7955404963264059,1.7719162075428532,2020-09-04 05:00:00,2021-09-04 05:00:00,2021-09-04 05:00:00,365,1
1354,2021-09-04 05:00:00,Neural Network,5,1.7955404963264059,1.9299251011918965,2020-09-04 05:00:00,2021-09-04 05:00:00,2021-09-04 05:00:00,365,1
1355,2021-09-04 05:00:00,Naive,5,1.7955404963264059,1.7941334524761277,2020-09-04 05:00:00,2021-09-04 05:00:00,2021-09-04 05:00:00,365,1
1356,2021-09-05 05:00:00,Decision Tree,5,1.729114212192112,1.7982384235576352,2020-09-05 05:00:00,2021-09-05 05:00:00,2021-09-05 05:00:00,365,1
1357,2021-09-05 05:00:00,Random Forest,5,1.729114212192112,1.7660917327592718,2020-09-05 05:00:00,2021-09-05 05:00:00,2021-09-05 05:00:00,365,1
1358,2021-09-05 05:00:00,Neural Network,5,1.729114212192112,1.766595650136045,2020-09-05 05:00:00,2021-09-05 05:00:00,2021-09-05 05:00:00,365,1
1359,2021-09-05 05:00:00,Naive,5,1.729114212192112,1.7955404963264059,2020-09-05 05:00:00,2021-09-05 05:00:00,2021-09-05 05:00:00,365,1
1360,2021-09-06 05:00:00,Decision Tree,5,1.992607641114689,1.8319761066682942,2020-09-06 05:00:00,2021-09-06 05:00:00,2021-09-06 05:00:00,365,1
1361,2021-09-06 05:00:00,Random Forest,5,1.992607641114689,1.8234006024509901,2020-09-06 05:00:00,2021-09-06 05:00:00,2021-09-06 05:00:00,365,1
1362,2021-09-06 05:00:00,Neural Network,5,1.992607641114689,2.173033615529305,2020-09-06 05:00:00,2021-09-06 05:00:00,2021-09-06 05:00:00,365,1
1363,2021-09-06 05:00:00,Naive,5,1.992607641114689,1.729114212192112,2020-09-06 05:00:00,2021-09-06 05:00:00,2021-09-06 05:00:00,365,1
1364,2021-09-07 05:00:00,Decision Tree,5,1.9966992545957651,1.8859834696453504,2020-09-07 05:00:00,2021-09-07 05:00:00,2021-09-07 05:00:00,365,1
1365,2021-09-07 05:00:00,Random Forest,5,1.9966992545957651,1.8977086675210952,2020-09-07 05:00:00,2021-09-07 05:00:00,2021-09-07 05:00:00,365,1
1366,2021-09-07 05:00:00,Neural Network,5,1.9966992545957651,2.243643256261156,2020-09-07 05:00:00,2021-09-07 05:00:00,2021-09-07 05:00:00,365,1
1367,2021-09-07 05:00:00,Naive,5,1.9966992545957651,1.992607641114689,2020-09-07 05:00:00,2021-09-07 05:00:00,2021-09-07 05:00:00,365,1
1368,2021-09-08 05:00:00,Decision Tree,5,2.04455906263862,1.926496630069278,2020-09-08 05:00:00,2021-09-08 05:00:00,2021-09-08 05:00:00,365,1
1369,2021-09-08 05:00:00,Random Forest,5,2.04455906263862,1.9309103407049906,2020-09-08 05:00:00,2021-09-08 05:00:00,2021-09-08 05:00:00,365,1
1370,2021-09-08 05:00:00,Neural Network,5,2.04455906263862,2.3216453884470454,2020-09-08 05:00:00,2021-09-08 05:00:00,2021-09-08 05:00:00,365,1
1371,2021-09-08 05:00:00,Naive,5,2.04455906263862,1.9966992545957651,2020-09-08 05:00:00,2021-09-08 05:00:00,2021-09-08 05:00:00,365,1
1372,2021-09-09 05:00:00,Decision Tree,5,1.9628905590428045,1.9697150334319613,2020-09-09 05:00:00,2021-09-09 05:00:00,2021-09-09 05:00:00,365,1
1373,2021-09-09 05:00:00,Random Forest,5,1.9628905590428045,1.9386691366456883,2020-09-09 05:00:00,2021-09-09 05:00:00,2021-09-09 05:00:00,365,1
1374,2021-09-09 05:00:00,Neural Network,5,1.9628905590428045,2.1936370855937435,2020-09-09 05:00:00,2021-09-09 05:00:00,2021-09-09 05:00:00,365,1
1375,2021-09-09 05:00:00,Naive,5,1.9628905590428045,2.04455906263862,2020-09-09 05:00:00,2021-09-09 05:00:00,2021-09-09 05:00:00,365,1
1376,2021-09-10 05:00:00,Decision Tree,5,2.0708165590245793,1.9685776210337684,2020-09-10 05:00:00,2021-09-10 05:00:00,2021-09-10 05:00:00,365,1
1377,2021-09-10 05:00:00,Random Forest,5,2.0708165590245793,1.9730809162944505,2020-09-10 05:00:00,2021-09-10 05:00:00,2021-09-10 05:00:00,365,1
1378,2021-09-10 05:00:00,Neural Network,5,2.0708165590245793,2.381977640936931,2020-09-10 05:00:00,2021-09-10 05:00:00,2021-09-10 05:00:00,365,1
1379,2021-09-10 05:00:00,Naive,5,2.0708165590245793,1.9628905590428045,2020-09-10 05:00:00,2021-09-10 05:00:00,2021-09-10 05:00:00,365,1
1380,2021-09-11 05:00:00,Decision Tree,5,1.9850158109214235,1.7748709681581434,2020-09-11 05:00:00,2021-09-11 05:00:00,2021-09-11 05:00:00,365,1
1381,2021-09-11 05:00:00,Random Forest,5,1.9850158109214235,1.9146347062419193,2020-09-11 05:00:00,2021-09-11 05:00:00,2021-09-11 05:00:00,365,1
1382,2021-09-11 05:00:00,Neural Network,5,1.9850158109214235,2.1589965844671437,2020-09-11 05:00:00,2021-09-11 05:00:00,2021-09-11 05:00:00,365,1
1383,2021-09-11 05:00:00,Naive,5,1.9850158109214235,2.0708165590245793,2020-09-11 05:00:00,2021-09-11 05:00:00,2021-09-11 05:00:00,365,1
1384,2021-09-12 05:00:00,Decision Tree,5,1.7822627034382257,1.873454743331214,2020-09-12 05:00:00,2021-09-12 05:00:00,2021-09-12 05:00:00,365,1
1385,2021-09-12 05:00:00,Random Forest,5,1.7822627034382257,1.7852841658054095,2020-09-12 05:00:00,2021-09-12 05:00:00,2021-09-12 05:00:00,365,1
1386,2021-09-12 05:00:00,Neural Network,5,1.7822627034382257,1.8706675850656764,2020-09-12 05:00:00,2021-09-12 05:00:00,2021-09-12 05:00:00,365,1
1387,2021-09-12 05:00:00,Naive,5,1.7822627034382257,1.9850158109214235,2020-09-12 05:00:00,2021-09-12 05:00:00,2021-09-12 05:00:00,365,1
1388,2021-09-13 05:00:00,Decision Tree,5,1.9630686826715549,1.9988585997322026,2020-09-13 05:00:00,2021-09-13 05:00:00,2021-09-13 05:00:00,365,1
1389,2021-09-13 05:00:00,Random Forest,5,1.9630686826715549,1.975022441687341,2020-09-13 05:00:00,2021-09-13 05:00:00,2021-09-13 05:00:00,365,1
1390,2021-09-13 05:00:00,Neural Network,5,1.9630686826715549,1.981953064296434,2020-09-13 05:00:00,2021-09-13 05:00:00,2021-09-13 05:00:00,365,1
1391,2021-09-13 05:00:00,Naive,5,1.9630686826715549,1.7822627034382257,2020-09-13 05:00:00,2021-09-13 05:00:00,2021-09-13 05:00:00,365,1
1392,2021-09-14 05:00:00,Decision Tree,5,2.1105221468386985,2.0022367957156337,2020-09-14 05:00:00,2021-09-14 05:00:00,2021-09-14 05:00:00,365,1
1393,2021-09-14 05:00:00,Random Forest,5,2.1105221468386985,2.021291664533111,2020-09-14 05:00:00,2021-09-14 05:00:00,2021-09-14 05:00:00,365,1
1394,2021-09-14 05:00:00,Neural Network,5,2.1105221468386985,2.366670542900076,2020-09-14 05:00:00,2021-09-14 05:00:00,2021-09-14 05:00:00,365,1
1395,2021-09-14 05:00:00,Naive,5,2.1105221468386985,1.9630686826715549,2020-09-14 05:00:00,2021-09-14 05:00:00,2021-09-14 05:00:00,365,1
1396,2021-09-15 05:00:00,Decision Tree,5,2.26964905471466,2.0415225668038173,2020-09-15 05:00:00,2021-09-15 05:00:00,2021-09-15 05:00:00,365,1
1397,2021-09-15 05:00:00,Random Forest,5,2.26964905471466,2.032856557421397,2020-09-15 05:00:00,2021-09-15 05:00:00,2021-09-15 05:00:00,365,1
1398,2021-09-15 05:00:00,Neural Network,5,2.26964905471466,2.56120019680799,2020-09-15 05:00:00,2021-09-15 05:00:00,2021-09-15 05:00:00,365,1
1399,2021-09-15 05:00:00,Naive,5,2.26964905471466,2.1105221468386985,2020-09-15 05:00:00,2021-09-15 05:00:00,2021-09-15 05:00:00,365,1
1400,2021-09-16 05:00:00,Decision Tree,5,2.2469514147476604,2.0961125268275964,2020-09-16 05:00:00,2021-09-16 05:00:00,2021-09-16 05:00:00,365,1
1401,2021-09-16 05:00:00,Random Forest,5,2.2469514147476604,2.1356668467831237,2020-09-16 05:00:00,2021-09-16 05:00:00,2021-09-16 05:00:00,365,1
1402,2021-09-16 05:00:00,Neural Network,5,2.2469514147476604,2.6114313908192637,2020-09-16 05:00:00,2021-09-16 05:00:00,2021-09-16 05:00:00,365,1
1403,2021-09-16 05:00:00,Naive,5,2.2469514147476604,2.26964905471466,2020-09-16 05:00:00,2021-09-16 05:00:00,2021-09-16 05:00:00,365,1
1404,2021-09-17 05:00:00,Decision Tree,5,2.24018071830413,2.1484996475928435,2020-09-17 05:00:00,2021-09-17 05:00:00,2021-09-17 05:00:00,365,1
1405,2021-09-17 05:00:00,Random Forest,5,2.24018071830413,2.1572088456594822,2020-09-17 05:00:00,2021-09-17 05:00:00,2021-09-17 05:00:00,365,1
1406,2021-09-17 05:00:00,Neural Network,5,2.24018071830413,2.4252660606812873,2020-09-17 05:00:00,2021-09-17 05:00:00,2021-09-17 05:00:00,365,1
1407,2021-09-17 05:00:00,Naive,5,2.24018071830413,2.2469514147476604,2020-09-17 05:00:00,2021-09-17 05:00:00,2021-09-17 05:00:00,365,1
1408,2021-09-18 05:00:00,Decision Tree,5,2.033555297283618,2.1876239787259455,2020-09-18 05:00:00,2021-09-18 05:00:00,2021-09-18 05:00:00,365,1
1409,2021-09-18 05:00:00,Random Forest,5,2.033555297283618,2.0513688497324134,2020-09-18 05:00:00,2021-09-18 05:00:00,2021-09-18 05:00:00,365,1
1410,2021-09-18 05:00:00,Neural Network,5,2.033555297283618,2.120752513167104,2020-09-18 05:00:00,2021-09-18 05:00:00,2021-09-18 05:00:00,365,1
1411,2021-09-18 05:00:00,Naive,5,2.033555297283618,2.24018071830413,2020-09-18 05:00:00,2021-09-18 05:00:00,2021-09-18 05:00:00,365,1
1412,2021-09-19 05:00:00,Decision Tree,5,1.3227614315978915,1.305556649949878,2020-09-19 05:00:00,2021-09-19 05:00:00,2021-09-19 05:00:00,365,1
1413,2021-09-19 05:00:00,Random Forest,5,1.3227614315978915,1.4388225771514174,2020-09-19 05:00:00,2021-09-19 05:00:00,2021-09-19 05:00:00,365,1
1414,2021-09-19 05:00:00,Neural Network,5,1.3227614315978915,1.4569067898082397,2020-09-19 05:00:00,2021-09-19 05:00:00,2021-09-19 05:00:00,365,1
1415,2021-09-19 05:00:00,Naive,5,1.3227614315978915,2.033555297283618,2020-09-19 05:00:00,2021-09-19 05:00:00,2021-09-19 05:00:00,365,1
1416,2021-09-20 05:00:00,Decision Tree,5,2.0409000050539507,2.187623978725946,2020-09-20 05:00:00,2021-09-20 05:00:00,2021-09-20 05:00:00,365,1
1417,2021-09-20 05:00:00,Random Forest,5,2.0409000050539507,2.0566237248346817,2020-09-20 05:00:00,2021-09-20 05:00:00,2021-09-20 05:00:00,365,1
1418,2021-09-20 05:00:00,Neural Network,5,2.0409000050539507,2.0986788041178857,2020-09-20 05:00:00,2021-09-20 05:00:00,2021-09-20 05:00:00,365,1
1419,2021-09-20 05:00:00,Naive,5,2.0409000050539507,1.3227614315978915,2020-09-20 05:00:00,2021-09-20 05:00:00,2021-09-20 05:00:00,365,1
1420,2021-09-21 05:00:00,Decision Tree,5,2.1889031146794657,2.18164066793182,2020-09-21 05:00:00,2021-09-21 05:00:00,2021-09-21 05:00:00,365,1
1421,2021-09-21 05:00:00,Random Forest,5,2.1889031146794657,2.1354998234282734,2020-09-21 05:00:00,2021-09-21 05:00:00,2021-09-21 05:00:00,365,1
1422,2021-09-21 05:00:00,Neural Network,5,2.1889031146794657,2.2784516424026724,2020-09-21 05:00:00,2021-09-21 05:00:00,2021-09-21 05:00:00,365,1
1423,2021-09-21 05:00:00,Naive,5,2.1889031146794657,2.0409000050539507,2020-09-21 05:00:00,2021-09-21 05:00:00,2021-09-21 05:00:00,365,1
1424,2021-09-22 05:00:00,Decision Tree,5,2.0449547272806186,2.0349693469844383,2020-09-22 05:00:00,2021-09-22 05:00:00,2021-09-22 05:00:00,365,1
1425,2021-09-22 05:00:00,Random Forest,5,2.0449547272806186,2.0837706747263307,2020-09-22 05:00:00,2021-09-22 05:00:00,2021-09-22 05:00:00,365,1
1426,2021-09-22 05:00:00,Neural Network,5,2.0449547272806186,2.1080801040283514,2020-09-22 05:00:00,2021-09-22 05:00:00,2021-09-22 05:00:00,365,1
1427,2021-09-22 05:00:00,Naive,5,2.0449547272806186,2.1889031146794657,2020-09-22 05:00:00,2021-09-22 05:00:00,2021-09-22 05:00:00,365,1
1428,2021-09-23 05:00:00,Decision Tree,5,1.3822148372652707,1.4921065144855272,2020-09-23 05:00:00,2021-09-23 05:00:00,2021-09-23 05:00:00,365,1
1429,2021-09-23 05:00:00,Random Forest,5,1.3822148372652707,1.542460409441469,2020-09-23 05:00:00,2021-09-23 05:00:00,2021-09-23 05:00:00,365,1
1430,2021-09-23 05:00:00,Neural Network,5,1.3822148372652707,1.8530934020583467,2020-09-23 05:00:00,2021-09-23 05:00:00,2021-09-23 05:00:00,365,1
1431,2021-09-23 05:00:00,Naive,5,1.3822148372652707,2.0449547272806186,2020-09-23 05:00:00,2021-09-23 05:00:00,2021-09-23 05:00:00,365,1
1432,2021-09-24 05:00:00,Decision Tree,5,1.5657560734666363,1.750675898173871,2020-09-24 05:00:00,2021-09-24 05:00:00,2021-09-24 05:00:00,365,1
1433,2021-09-24 05:00:00,Random Forest,5,1.5657560734666363,1.7465968248575048,2020-09-24 05:00:00,2021-09-24 05:00:00,2021-09-24 05:00:00,365,1
1434,2021-09-24 05:00:00,Neural Network,5,1.5657560734666363,1.8522860715267817,2020-09-24 05:00:00,2021-09-24 05:00:00,2021-09-24 05:00:00,365,1
1435,2021-09-24 05:00:00,Naive,5,1.5657560734666363,1.3822148372652707,2020-09-24 05:00:00,2021-09-24 05:00:00,2021-09-24 05:00:00,365,1
1436,2021-09-25 05:00:00,Decision Tree,5,1.765651231769803,1.8005443851984322,2020-09-25 05:00:00,2021-09-25 05:00:00,2021-09-25 05:00:00,365,1
1437,2021-09-25 05:00:00,Random Forest,5,1.765651231769803,1.8161210278704671,2020-09-25 05:00:00,2021-09-25 05:00:00,2021-09-25 05:00:00,365,1
1438,2021-09-25 05:00:00,Neural Network,5,1.765651231769803,1.711961474763759,2020-09-25 05:00:00,2021-09-25 05:00:00,2021-09-25 05:00:00,365,1
1439,2021-09-25 05:00:00,Naive,5,1.765651231769803,1.5657560734666363,2020-09-25 05:00:00,2021-09-25 05:00:00,2021-09-25 05:00:00,365,1
1440,2021-09-26 05:00:00,Decision Tree,5,1.8420159988948528,1.9732838765222953,2020-09-26 05:00:00,2021-09-26 05:00:00,2021-09-26 05:00:00,365,1
1441,2021-09-26 05:00:00,Random Forest,5,1.8420159988948528,1.9136126594784548,2020-09-26 05:00:00,2021-09-26 05:00:00,2021-09-26 05:00:00,365,1
1442,2021-09-26 05:00:00,Neural Network,5,1.8420159988948528,1.8691876618968806,2020-09-26 05:00:00,2021-09-26 05:00:00,2021-09-26 05:00:00,365,1
1443,2021-09-26 05:00:00,Naive,5,1.8420159988948528,1.765651231769803,2020-09-26 05:00:00,2021-09-26 05:00:00,2021-09-26 05:00:00,365,1
1444,2021-09-27 05:00:00,Decision Tree,5,1.9538731966595098,2.046957130256277,2020-09-27 05:00:00,2021-09-27 05:00:00,2021-09-27 05:00:00,365,1
1445,2021-09-27 05:00:00,Random Forest,5,1.9538731966595098,2.025806461687814,2020-09-27 05:00:00,2021-09-27 05:00:00,2021-09-27 05:00:00,365,1
1446,2021-09-27 05:00:00,Neural Network,5,1.9538731966595098,1.9434050203794198,2020-09-27 05:00:00,2021-09-27 05:00:00,2021-09-27 05:00:00,365,1
1447,2021-09-27 05:00:00,Naive,5,1.9538731966595098,1.8420159988948528,2020-09-27 05:00:00,2021-09-27 05:00:00,2021-09-27 05:00:00,365,1
1448,2021-09-28 05:00:00,Decision Tree,5,2.0376971621540485,2.0469571302562772,2020-09-28 05:00:00,2021-09-28 05:00:00,2021-09-28 05:00:00,365,1
1449,2021-09-28 05:00:00,Random Forest,5,2.0376971621540485,2.0569994182735876,2020-09-28 05:00:00,2021-09-28 05:00:00,2021-09-28 05:00:00,365,1
1450,2021-09-28 05:00:00,Neural Network,5,2.0376971621540485,2.1132754173771375,2020-09-28 05:00:00,2021-09-28 05:00:00,2021-09-28 05:00:00,365,1
1451,2021-09-28 05:00:00,Naive,5,2.0376971621540485,1.9538731966595098,2020-09-28 05:00:00,2021-09-28 05:00:00,2021-09-28 05:00:00,365,1
1452,2021-09-29 05:00:00,Decision Tree,5,1.8241950250994294,1.8121516656904966,2020-09-29 05:00:00,2021-09-29 05:00:00,2021-09-29 05:00:00,365,1
1453,2021-09-29 05:00:00,Random Forest,5,1.8241950250994294,1.8644645700209401,2020-09-29 05:00:00,2021-09-29 05:00:00,2021-09-29 05:00:00,365,1
1454,2021-09-29 05:00:00,Neural Network,5,1.8241950250994294,1.8257513129737295,2020-09-29 05:00:00,2021-09-29 05:00:00,2021-09-29 05:00:00,365,1
1455,2021-09-29 05:00:00,Naive,5,1.8241950250994294,2.0376971621540485,2020-09-29 05:00:00,2021-09-29 05:00:00,2021-09-29 05:00:00,365,1
1456,2021-09-30 05:00:00,Decision Tree,5,1.1392635887584153,1.2010244077072245,2020-09-30 05:00:00,2021-09-30 05:00:00,2021-09-30 05:00:00,365,1
1457,2021-09-30 05:00:00,Random Forest,5,1.1392635887584153,1.3076216333445516,2020-09-30 05:00:00,2021-09-30 05:00:00,2021-09-30 05:00:00,365,1
1458,2021-09-30 05:00:00,Neural Network,5,1.1392635887584153,1.3760148785751936,2020-09-30 05:00:00,2021-09-30 05:00:00,2021-09-30 05:00:00,365,1
1459,2021-09-30 05:00:00,Naive,5,1.1392635887584153,1.8241950250994294,2020-09-30 05:00:00,2021-09-30 05:00:00,2021-09-30 05:00:00,365,1
