,timestamp,model,hour,y_true,y_pred,train_start,train_end,test_day,train_rows,test_rows
0,2020-10-01 02:00:00,Decision Tree,2,-0.3387507300422477,-0.34464368572102283,2019-10-01 02:00:00,2020-10-01 02:00:00,2020-10-01 02:00:00,365,1
1,2020-10-01 02:00:00,Random Forest,2,-0.3387507300422477,-0.33843409284167714,2019-10-01 02:00:00,2020-10-01 02:00:00,2020-10-01 02:00:00,365,1
2,2020-10-01 02:00:00,Neural Network,2,-0.3387507300422477,-0.26868694648750313,2019-10-01 02:00:00,2020-10-01 02:00:00,2020-10-01 02:00:00,365,1
3,2020-10-01 02:00:00,Naive,2,-0.3387507300422477,0.25936492022389085,2019-10-01 02:00:00,2020-10-01 02:00:00,2020-10-01 02:00:00,365,1
4,2020-10-02 02:00:00,Decision Tree,2,-0.22479230190197627,-0.22405482533884963,2019-10-02 02:00:00,2020-10-02 02:00:00,2020-10-02 02:00:00,365,1
5,2020-10-02 02:00:00,Random Forest,2,-0.22479230190197627,-0.22049962675283358,2019-10-02 02:00:00,2020-10-02 02:00:00,2020-10-02 02:00:00,365,1
6,2020-10-02 02:00:00,Neural Network,2,-0.22479230190197627,-0.2154411326466411,2019-10-02 02:00:00,2020-10-02 02:00:00,2020-10-02 02:00:00,365,1
7,2020-10-02 02:00:00,Naive,2,-0.22479230190197627,-0.3387507300422477,2019-10-02 02:00:00,2020-10-02 02:00:00,2020-10-02 02:00:00,365,1
8,2020-10-03 02:00:00,Decision Tree,2,-1.7852211087760448,-1.793184474286956,2019-10-03 02:00:00,2020-10-03 02:00:00,2020-10-03 02:00:00,365,1
9,2020-10-03 02:00:00,Random Forest,2,-1.7852211087760448,-1.8051862001653447,2019-10-03 02:00:00,2020-10-03 02:00:00,2020-10-03 02:00:00,365,1
10,2020-10-03 02:00:00,Neural Network,2,-1.7852211087760448,-1.361747397940774,2019-10-03 02:00:00,2020-10-03 02:00:00,2020-10-03 02:00:00,365,1
11,2020-10-03 02:00:00,Naive,2,-1.7852211087760448,-0.22479230190197627,2019-10-03 02:00:00,2020-10-03 02:00:00,2020-10-03 02:00:00,365,1
12,2020-10-04 02:00:00,Decision Tree,2,-1.2020827336944582,-1.226397686889129,2019-10-04 02:00:00,2020-10-04 02:00:00,2020-10-04 02:00:00,365,1
13,2020-10-04 02:00:00,Random Forest,2,-1.2020827336944582,-1.21044811502421,2019-10-04 02:00:00,2020-10-04 02:00:00,2020-10-04 02:00:00,365,1
14,2020-10-04 02:00:00,Neural Network,2,-1.2020827336944582,-1.0546563184500932,2019-10-04 02:00:00,2020-10-04 02:00:00,2020-10-04 02:00:00,365,1
15,2020-10-04 02:00:00,Naive,2,-1.2020827336944582,-1.7852211087760448,2019-10-04 02:00:00,2020-10-04 02:00:00,2020-10-04 02:00:00,365,1
16,2020-10-05 02:00:00,Decision Tree,2,-1.489341669084694,-1.4881855713569494,2019-10-05 02:00:00,2020-10-05 02:00:00,2020-10-05 02:00:00,365,1
17,2020-10-05 02:00:00,Random Forest,2,-1.489341669084694,-1.4808013589190783,2019-10-05 02:00:00,2020-10-05 02:00:00,2020-10-05 02:00:00,365,1
18,2020-10-05 02:00:00,Neural Network,2,-1.489341669084694,-1.4854472155634912,2019-10-05 02:00:00,2020-10-05 02:00:00,2020-10-05 02:00:00,365,1
19,2020-10-05 02:00:00,Naive,2,-1.489341669084694,-1.2020827336944582,2019-10-05 02:00:00,2020-10-05 02:00:00,2020-10-05 02:00:00,365,1
20,2020-10-06 02:00:00,Decision Tree,2,-1.012943735457948,-1.012450974327162,2019-10-06 02:00:00,2020-10-06 02:00:00,2020-10-06 02:00:00,365,1
21,2020-10-06 02:00:00,Random Forest,2,-1.012943735457948,-1.0075101925000525,2019-10-06 02:00:00,2020-10-06 02:00:00,2020-10-06 02:00:00,365,1
22,2020-10-06 02:00:00,Neural Network,2,-1.012943735457948,-0.9685320434915036,2019-10-06 02:00:00,2020-10-06 02:00:00,2020-10-06 02:00:00,365,1
23,2020-10-06 02:00:00,Naive,2,-1.012943735457948,-1.489341669084694,2019-10-06 02:00:00,2020-10-06 02:00:00,2020-10-06 02:00:00,365,1
24,2020-10-07 02:00:00,Decision Tree,2,-0.677657913502861,-0.675841898433278,2019-10-07 02:00:00,2020-10-07 02:00:00,2020-10-07 02:00:00,365,1
25,2020-10-07 02:00:00,Random Forest,2,-0.677657913502861,-0.6761075409800807,2019-10-07 02:00:00,2020-10-07 02:00:00,2020-10-07 02:00:00,365,1
26,2020-10-07 02:00:00,Neural Network,2,-0.677657913502861,-0.671793440894772,2019-10-07 02:00:00,2020-10-07 02:00:00,2020-10-07 02:00:00,365,1
27,2020-10-07 02:00:00,Naive,2,-0.677657913502861,-1.012943735457948,2019-10-07 02:00:00,2020-10-07 02:00:00,2020-10-07 02:00:00,365,1
28,2020-10-08 02:00:00,Decision Tree,2,-0.73757067986852,-0.7398189516413924,2019-10-08 02:00:00,2020-10-08 02:00:00,2020-10-08 02:00:00,365,1
29,2020-10-08 02:00:00,Random Forest,2,-0.73757067986852,-0.7404404375931759,2019-10-08 02:00:00,2020-10-08 02:00:00,2020-10-08 02:00:00,365,1
30,2020-10-08 02:00:00,Neural Network,2,-0.73757067986852,-0.7919259968378869,2019-10-08 02:00:00,2020-10-08 02:00:00,2020-10-08 02:00:00,365,1
31,2020-10-08 02:00:00,Naive,2,-0.73757067986852,-0.677657913502861,2019-10-08 02:00:00,2020-10-08 02:00:00,2020-10-08 02:00:00,365,1
32,2020-10-09 02:00:00,Decision Tree,2,-0.6577980732258992,-0.6548015864915571,2019-10-09 02:00:00,2020-10-09 02:00:00,2020-10-09 02:00:00,365,1
33,2020-10-09 02:00:00,Random Forest,2,-0.6577980732258992,-0.6607405358362086,2019-10-09 02:00:00,2020-10-09 02:00:00,2020-10-09 02:00:00,365,1
34,2020-10-09 02:00:00,Neural Network,2,-0.6577980732258992,-0.7358794708482042,2019-10-09 02:00:00,2020-10-09 02:00:00,2020-10-09 02:00:00,365,1
35,2020-10-09 02:00:00,Naive,2,-0.6577980732258992,-0.73757067986852,2019-10-09 02:00:00,2020-10-09 02:00:00,2020-10-09 02:00:00,365,1
36,2020-10-10 02:00:00,Decision Tree,2,-0.30117642883082313,-0.31959166151099616,2019-10-10 02:00:00,2020-10-10 02:00:00,2020-10-10 02:00:00,365,1
37,2020-10-10 02:00:00,Random Forest,2,-0.30117642883082313,-0.3121761126445891,2019-10-10 02:00:00,2020-10-10 02:00:00,2020-10-10 02:00:00,365,1
38,2020-10-10 02:00:00,Neural Network,2,-0.30117642883082313,-0.37893488738376935,2019-10-10 02:00:00,2020-10-10 02:00:00,2020-10-10 02:00:00,365,1
39,2020-10-10 02:00:00,Naive,2,-0.30117642883082313,-0.6577980732258992,2019-10-10 02:00:00,2020-10-10 02:00:00,2020-10-10 02:00:00,365,1
40,2020-10-11 02:00:00,Decision Tree,2,-0.5549870196259967,-0.552150038236553,2019-10-11 02:00:00,2020-10-11 02:00:00,2020-10-11 02:00:00,365,1
41,2020-10-11 02:00:00,Random Forest,2,-0.5549870196259967,-0.5518258010270305,2019-10-11 02:00:00,2020-10-11 02:00:00,2020-10-11 02:00:00,365,1
42,2020-10-11 02:00:00,Neural Network,2,-0.5549870196259967,-0.43104630096637786,2019-10-11 02:00:00,2020-10-11 02:00:00,2020-10-11 02:00:00,365,1
43,2020-10-11 02:00:00,Naive,2,-0.5549870196259967,-0.30117642883082313,2019-10-11 02:00:00,2020-10-11 02:00:00,2020-10-11 02:00:00,365,1
44,2020-10-12 02:00:00,Decision Tree,2,-0.43834252092787984,-0.4546070608030138,2019-10-12 02:00:00,2020-10-12 02:00:00,2020-10-12 02:00:00,365,1
45,2020-10-12 02:00:00,Random Forest,2,-0.43834252092787984,-0.4493892433794883,2019-10-12 02:00:00,2020-10-12 02:00:00,2020-10-12 02:00:00,365,1
46,2020-10-12 02:00:00,Neural Network,2,-0.43834252092787984,-0.3939746394105466,2019-10-12 02:00:00,2020-10-12 02:00:00,2020-10-12 02:00:00,365,1
47,2020-10-12 02:00:00,Naive,2,-0.43834252092787984,-0.5549870196259967,2019-10-12 02:00:00,2020-10-12 02:00:00,2020-10-12 02:00:00,365,1
48,2020-10-13 02:00:00,Decision Tree,2,-0.2624268308290665,-0.24887045953046594,2019-10-13 02:00:00,2020-10-13 02:00:00,2020-10-13 02:00:00,365,1
49,2020-10-13 02:00:00,Random Forest,2,-0.2624268308290665,-0.27161047907049196,2019-10-13 02:00:00,2020-10-13 02:00:00,2020-10-13 02:00:00,365,1
50,2020-10-13 02:00:00,Neural Network,2,-0.2624268308290665,-0.1399416960415638,2019-10-13 02:00:00,2020-10-13 02:00:00,2020-10-13 02:00:00,365,1
51,2020-10-13 02:00:00,Naive,2,-0.2624268308290665,-0.43834252092787984,2019-10-13 02:00:00,2020-10-13 02:00:00,2020-10-13 02:00:00,365,1
52,2020-10-14 02:00:00,Decision Tree,2,-0.3602247344502315,-0.3640176228940509,2019-10-14 02:00:00,2020-10-14 02:00:00,2020-10-14 02:00:00,365,1
53,2020-10-14 02:00:00,Random Forest,2,-0.3602247344502315,-0.3674076316249961,2019-10-14 02:00:00,2020-10-14 02:00:00,2020-10-14 02:00:00,365,1
54,2020-10-14 02:00:00,Neural Network,2,-0.3602247344502315,-0.39564564391128176,2019-10-14 02:00:00,2020-10-14 02:00:00,2020-10-14 02:00:00,365,1
55,2020-10-14 02:00:00,Naive,2,-0.3602247344502315,-0.2624268308290665,2019-10-14 02:00:00,2020-10-14 02:00:00,2020-10-14 02:00:00,365,1
56,2020-10-15 02:00:00,Decision Tree,2,-0.5805864381814696,-0.5930319783808787,2019-10-15 02:00:00,2020-10-15 02:00:00,2020-10-15 02:00:00,365,1
57,2020-10-15 02:00:00,Random Forest,2,-0.5805864381814696,-0.5912598962894974,2019-10-15 02:00:00,2020-10-15 02:00:00,2020-10-15 02:00:00,365,1
58,2020-10-15 02:00:00,Neural Network,2,-0.5805864381814696,-0.5951681848675051,2019-10-15 02:00:00,2020-10-15 02:00:00,2020-10-15 02:00:00,365,1
59,2020-10-15 02:00:00,Naive,2,-0.5805864381814696,-0.3602247344502315,2019-10-15 02:00:00,2020-10-15 02:00:00,2020-10-15 02:00:00,365,1
60,2020-10-16 02:00:00,Decision Tree,2,-0.17594769320828693,-0.09133052787706844,2019-10-16 02:00:00,2020-10-16 02:00:00,2020-10-16 02:00:00,365,1
61,2020-10-16 02:00:00,Random Forest,2,-0.17594769320828693,-0.19281019079136763,2019-10-16 02:00:00,2020-10-16 02:00:00,2020-10-16 02:00:00,365,1
62,2020-10-16 02:00:00,Neural Network,2,-0.17594769320828693,-0.2131726489975605,2019-10-16 02:00:00,2020-10-16 02:00:00,2020-10-16 02:00:00,365,1
63,2020-10-16 02:00:00,Naive,2,-0.17594769320828693,-0.5805864381814696,2019-10-16 02:00:00,2020-10-16 02:00:00,2020-10-16 02:00:00,365,1
64,2020-10-17 02:00:00,Decision Tree,2,0.047340177568646356,0.04967510098299549,2019-10-17 02:00:00,2020-10-17 02:00:00,2020-10-17 02:00:00,365,1
65,2020-10-17 02:00:00,Random Forest,2,0.047340177568646356,0.0332542695889911,2019-10-17 02:00:00,2020-10-17 02:00:00,2020-10-17 02:00:00,365,1
66,2020-10-17 02:00:00,Neural Network,2,0.047340177568646356,0.05511428659442996,2019-10-17 02:00:00,2020-10-17 02:00:00,2020-10-17 02:00:00,365,1
67,2020-10-17 02:00:00,Naive,2,0.047340177568646356,-0.17594769320828693,2019-10-17 02:00:00,2020-10-17 02:00:00,2020-10-17 02:00:00,365,1
68,2020-10-18 02:00:00,Decision Tree,2,-0.7222694317738889,-0.7044397867619375,2019-10-18 02:00:00,2020-10-18 02:00:00,2020-10-18 02:00:00,365,1
69,2020-10-18 02:00:00,Random Forest,2,-0.7222694317738889,-0.7046245625521295,2019-10-18 02:00:00,2020-10-18 02:00:00,2020-10-18 02:00:00,365,1
70,2020-10-18 02:00:00,Neural Network,2,-0.7222694317738889,-0.6614643165518256,2019-10-18 02:00:00,2020-10-18 02:00:00,2020-10-18 02:00:00,365,1
71,2020-10-18 02:00:00,Naive,2,-0.7222694317738889,0.047340177568646356,2019-10-18 02:00:00,2020-10-18 02:00:00,2020-10-18 02:00:00,365,1
72,2020-10-19 02:00:00,Decision Tree,2,-0.13506362247731946,-0.15415610770694804,2019-10-19 02:00:00,2020-10-19 02:00:00,2020-10-19 02:00:00,365,1
73,2020-10-19 02:00:00,Random Forest,2,-0.13506362247731946,-0.14131412623563094,2019-10-19 02:00:00,2020-10-19 02:00:00,2020-10-19 02:00:00,365,1
74,2020-10-19 02:00:00,Neural Network,2,-0.13506362247731946,-0.14236484431548924,2019-10-19 02:00:00,2020-10-19 02:00:00,2020-10-19 02:00:00,365,1
75,2020-10-19 02:00:00,Naive,2,-0.13506362247731946,-0.7222694317738889,2019-10-19 02:00:00,2020-10-19 02:00:00,2020-10-19 02:00:00,365,1
76,2020-10-20 02:00:00,Decision Tree,2,-0.6066115898559653,-0.6096774055362776,2019-10-20 02:00:00,2020-10-20 02:00:00,2020-10-20 02:00:00,365,1
77,2020-10-20 02:00:00,Random Forest,2,-0.6066115898559653,-0.6005985562857905,2019-10-20 02:00:00,2020-10-20 02:00:00,2020-10-20 02:00:00,365,1
78,2020-10-20 02:00:00,Neural Network,2,-0.6066115898559653,-0.5780800952238472,2019-10-20 02:00:00,2020-10-20 02:00:00,2020-10-20 02:00:00,365,1
79,2020-10-20 02:00:00,Naive,2,-0.6066115898559653,-0.13506362247731946,2019-10-20 02:00:00,2020-10-20 02:00:00,2020-10-20 02:00:00,365,1
80,2020-10-21 02:00:00,Decision Tree,2,-0.5802563010749643,-0.5929772515982038,2019-10-21 02:00:00,2020-10-21 02:00:00,2020-10-21 02:00:00,365,1
81,2020-10-21 02:00:00,Random Forest,2,-0.5802563010749643,-0.5819346307388451,2019-10-21 02:00:00,2020-10-21 02:00:00,2020-10-21 02:00:00,365,1
82,2020-10-21 02:00:00,Neural Network,2,-0.5802563010749643,-0.5849918092735863,2019-10-21 02:00:00,2020-10-21 02:00:00,2020-10-21 02:00:00,365,1
83,2020-10-21 02:00:00,Naive,2,-0.5802563010749643,-0.6066115898559653,2019-10-21 02:00:00,2020-10-21 02:00:00,2020-10-21 02:00:00,365,1
84,2020-10-22 02:00:00,Decision Tree,2,-1.532578675604877,-1.4883782543115736,2019-10-22 02:00:00,2020-10-22 02:00:00,2020-10-22 02:00:00,365,1
85,2020-10-22 02:00:00,Random Forest,2,-1.532578675604877,-1.4966018399641048,2019-10-22 02:00:00,2020-10-22 02:00:00,2020-10-22 02:00:00,365,1
86,2020-10-22 02:00:00,Neural Network,2,-1.532578675604877,-1.4960885157005772,2019-10-22 02:00:00,2020-10-22 02:00:00,2020-10-22 02:00:00,365,1
87,2020-10-22 02:00:00,Naive,2,-1.532578675604877,-0.5802563010749643,2019-10-22 02:00:00,2020-10-22 02:00:00,2020-10-22 02:00:00,365,1
88,2020-10-23 02:00:00,Decision Tree,2,-0.29611196247816735,-0.2872392656616532,2019-10-23 02:00:00,2020-10-23 02:00:00,2020-10-23 02:00:00,365,1
89,2020-10-23 02:00:00,Random Forest,2,-0.29611196247816735,-0.30224865110484794,2019-10-23 02:00:00,2020-10-23 02:00:00,2020-10-23 02:00:00,365,1
90,2020-10-23 02:00:00,Neural Network,2,-0.29611196247816735,-0.4277305476047783,2019-10-23 02:00:00,2020-10-23 02:00:00,2020-10-23 02:00:00,365,1
91,2020-10-23 02:00:00,Naive,2,-0.29611196247816735,-1.532578675604877,2019-10-23 02:00:00,2020-10-23 02:00:00,2020-10-23 02:00:00,365,1
92,2020-10-24 02:00:00,Decision Tree,2,-0.20405025721144315,-0.22116388881253846,2019-10-24 02:00:00,2020-10-24 02:00:00,2020-10-24 02:00:00,365,1
93,2020-10-24 02:00:00,Random Forest,2,-0.20405025721144315,-0.2191072367608534,2019-10-24 02:00:00,2020-10-24 02:00:00,2020-10-24 02:00:00,365,1
94,2020-10-24 02:00:00,Neural Network,2,-0.20405025721144315,-0.31924202437020965,2019-10-24 02:00:00,2020-10-24 02:00:00,2020-10-24 02:00:00,365,1
95,2020-10-24 02:00:00,Naive,2,-0.20405025721144315,-0.29611196247816735,2019-10-24 02:00:00,2020-10-24 02:00:00,2020-10-24 02:00:00,365,1
96,2020-10-25 02:00:00,Decision Tree,2,-1.680592143511215,-1.6314655330002867,2019-10-25 02:00:00,2020-10-25 02:00:00,2020-10-25 02:00:00,365,1
97,2020-10-25 02:00:00,Random Forest,2,-1.680592143511215,-1.6508631980496327,2019-10-25 02:00:00,2020-10-25 02:00:00,2020-10-25 02:00:00,365,1
98,2020-10-25 02:00:00,Neural Network,2,-1.680592143511215,-1.7043882928692806,2019-10-25 02:00:00,2020-10-25 02:00:00,2020-10-25 02:00:00,365,1
99,2020-10-25 02:00:00,Naive,2,-1.680592143511215,-0.20405025721144315,2019-10-25 02:00:00,2020-10-25 02:00:00,2020-10-25 02:00:00,365,1
100,2020-10-26 02:00:00,Decision Tree,2,-0.8724457472813898,-0.8680916839387433,2019-10-26 02:00:00,2020-10-26 02:00:00,2020-10-26 02:00:00,365,1
101,2020-10-26 02:00:00,Random Forest,2,-0.8724457472813898,-0.8623133441069588,2019-10-26 02:00:00,2020-10-26 02:00:00,2020-10-26 02:00:00,365,1
102,2020-10-26 02:00:00,Neural Network,2,-0.8724457472813898,-0.8113554579323617,2019-10-26 02:00:00,2020-10-26 02:00:00,2020-10-26 02:00:00,365,1
103,2020-10-26 02:00:00,Naive,2,-0.8724457472813898,-1.680592143511215,2019-10-26 02:00:00,2020-10-26 02:00:00,2020-10-26 02:00:00,365,1
104,2020-10-27 02:00:00,Decision Tree,2,-0.6049341290680792,-0.6091664362562256,2019-10-27 02:00:00,2020-10-27 02:00:00,2020-10-27 02:00:00,365,1
105,2020-10-27 02:00:00,Random Forest,2,-0.6049341290680792,-0.6044786567216154,2019-10-27 02:00:00,2020-10-27 02:00:00,2020-10-27 02:00:00,365,1
106,2020-10-27 02:00:00,Neural Network,2,-0.6049341290680792,-0.6364049329913198,2019-10-27 02:00:00,2020-10-27 02:00:00,2020-10-27 02:00:00,365,1
107,2020-10-27 02:00:00,Naive,2,-0.6049341290680792,-0.8724457472813898,2019-10-27 02:00:00,2020-10-27 02:00:00,2020-10-27 02:00:00,365,1
108,2020-10-28 02:00:00,Decision Tree,2,-1.6800272231392157,-1.650586893818986,2019-10-28 02:00:00,2020-10-28 02:00:00,2020-10-28 02:00:00,365,1
109,2020-10-28 02:00:00,Random Forest,2,-1.6800272231392157,-1.6537270015902579,2019-10-28 02:00:00,2020-10-28 02:00:00,2020-10-28 02:00:00,365,1
110,2020-10-28 02:00:00,Neural Network,2,-1.6800272231392157,-1.5573677179662422,2019-10-28 02:00:00,2020-10-28 02:00:00,2020-10-28 02:00:00,365,1
111,2020-10-28 02:00:00,Naive,2,-1.6800272231392157,-0.6049341290680792,2019-10-28 02:00:00,2020-10-28 02:00:00,2020-10-28 02:00:00,365,1
112,2020-10-29 02:00:00,Decision Tree,2,-1.4230655737631444,-1.433219507656854,2019-10-29 02:00:00,2020-10-29 02:00:00,2020-10-29 02:00:00,365,1
113,2020-10-29 02:00:00,Random Forest,2,-1.4230655737631444,-1.386231843623385,2019-10-29 02:00:00,2020-10-29 02:00:00,2020-10-29 02:00:00,365,1
114,2020-10-29 02:00:00,Neural Network,2,-1.4230655737631444,-1.417953660694728,2019-10-29 02:00:00,2020-10-29 02:00:00,2020-10-29 02:00:00,365,1
115,2020-10-29 02:00:00,Naive,2,-1.4230655737631444,-1.6800272231392157,2019-10-29 02:00:00,2020-10-29 02:00:00,2020-10-29 02:00:00,365,1
116,2020-10-30 02:00:00,Decision Tree,2,-1.3993109312626304,-1.3798828841209279,2019-10-30 02:00:00,2020-10-30 02:00:00,2020-10-30 02:00:00,365,1
117,2020-10-30 02:00:00,Random Forest,2,-1.3993109312626304,-1.3731960532355707,2019-10-30 02:00:00,2020-10-30 02:00:00,2020-10-30 02:00:00,365,1
118,2020-10-30 02:00:00,Neural Network,2,-1.3993109312626304,-1.2788735151273884,2019-10-30 02:00:00,2020-10-30 02:00:00,2020-10-30 02:00:00,365,1
119,2020-10-30 02:00:00,Naive,2,-1.3993109312626304,-1.4230655737631444,2019-10-30 02:00:00,2020-10-30 02:00:00,2020-10-30 02:00:00,365,1
120,2020-10-31 02:00:00,Decision Tree,2,-0.4166637817092671,-0.42403149585641353,2019-10-31 02:00:00,2020-10-31 02:00:00,2020-10-31 02:00:00,365,1
121,2020-10-31 02:00:00,Random Forest,2,-0.4166637817092671,-0.4209897847394823,2019-10-31 02:00:00,2020-10-31 02:00:00,2020-10-31 02:00:00,365,1
122,2020-10-31 02:00:00,Neural Network,2,-0.4166637817092671,-0.4716763493991366,2019-10-31 02:00:00,2020-10-31 02:00:00,2020-10-31 02:00:00,365,1
123,2020-10-31 02:00:00,Naive,2,-0.4166637817092671,-1.3993109312626304,2019-10-31 02:00:00,2020-10-31 02:00:00,2020-10-31 02:00:00,365,1
124,2020-11-01 02:00:00,Decision Tree,2,-0.9743627119170051,-0.9634795638734813,2019-11-01 02:00:00,2020-11-01 02:00:00,2020-11-01 02:00:00,365,1
125,2020-11-01 02:00:00,Random Forest,2,-0.9743627119170051,-0.9650948153489547,2019-11-01 02:00:00,2020-11-01 02:00:00,2020-11-01 02:00:00,365,1
126,2020-11-01 02:00:00,Neural Network,2,-0.9743627119170051,-0.7465714569029797,2019-11-01 02:00:00,2020-11-01 02:00:00,2020-11-01 02:00:00,365,1
127,2020-11-01 02:00:00,Naive,2,-0.9743627119170051,-0.4166637817092671,2019-11-01 02:00:00,2020-11-01 02:00:00,2020-11-01 02:00:00,365,1
128,2020-11-02 02:00:00,Decision Tree,2,-1.701577166933204,-1.6635153035243626,2019-11-02 02:00:00,2020-11-02 02:00:00,2020-11-02 02:00:00,365,1
129,2020-11-02 02:00:00,Random Forest,2,-1.701577166933204,-1.6710944781516994,2019-11-02 02:00:00,2020-11-02 02:00:00,2020-11-02 02:00:00,365,1
130,2020-11-02 02:00:00,Neural Network,2,-1.701577166933204,-1.7305078722239375,2019-11-02 02:00:00,2020-11-02 02:00:00,2020-11-02 02:00:00,365,1
131,2020-11-02 02:00:00,Naive,2,-1.701577166933204,-0.9743627119170051,2019-11-02 02:00:00,2020-11-02 02:00:00,2020-11-02 02:00:00,365,1
132,2020-11-03 02:00:00,Decision Tree,2,-0.8561150947421994,-0.840784212688148,2019-11-03 02:00:00,2020-11-03 02:00:00,2020-11-03 02:00:00,365,1
133,2020-11-03 02:00:00,Random Forest,2,-0.8561150947421994,-0.8643152547791018,2019-11-03 02:00:00,2020-11-03 02:00:00,2020-11-03 02:00:00,365,1
134,2020-11-03 02:00:00,Neural Network,2,-0.8561150947421994,-0.8354050386862556,2019-11-03 02:00:00,2020-11-03 02:00:00,2020-11-03 02:00:00,365,1
135,2020-11-03 02:00:00,Naive,2,-0.8561150947421994,-1.701577166933204,2019-11-03 02:00:00,2020-11-03 02:00:00,2020-11-03 02:00:00,365,1
136,2020-11-04 02:00:00,Decision Tree,2,-0.5955105184284208,-0.6091719053680056,2019-11-04 02:00:00,2020-11-04 02:00:00,2020-11-04 02:00:00,365,1
137,2020-11-04 02:00:00,Random Forest,2,-0.5955105184284208,-0.6061218347311398,2019-11-04 02:00:00,2020-11-04 02:00:00,2020-11-04 02:00:00,365,1
138,2020-11-04 02:00:00,Neural Network,2,-0.5955105184284208,-0.5812930687166968,2019-11-04 02:00:00,2020-11-04 02:00:00,2020-11-04 02:00:00,365,1
139,2020-11-04 02:00:00,Naive,2,-0.5955105184284208,-0.8561150947421994,2019-11-04 02:00:00,2020-11-04 02:00:00,2020-11-04 02:00:00,365,1
140,2020-11-05 02:00:00,Decision Tree,2,-0.35275411944424717,-0.3862456705837797,2019-11-05 02:00:00,2020-11-05 02:00:00,2020-11-05 02:00:00,365,1
141,2020-11-05 02:00:00,Random Forest,2,-0.35275411944424717,-0.38233165439884415,2019-11-05 02:00:00,2020-11-05 02:00:00,2020-11-05 02:00:00,365,1
142,2020-11-05 02:00:00,Neural Network,2,-0.35275411944424717,-0.3219437085725219,2019-11-05 02:00:00,2020-11-05 02:00:00,2020-11-05 02:00:00,365,1
143,2020-11-05 02:00:00,Naive,2,-0.35275411944424717,-0.5955105184284208,2019-11-05 02:00:00,2020-11-05 02:00:00,2020-11-05 02:00:00,365,1
144,2020-11-06 02:00:00,Decision Tree,2,-0.2887828463245109,-0.314585230697773,2019-11-06 02:00:00,2020-11-06 02:00:00,2020-11-06 02:00:00,365,1
145,2020-11-06 02:00:00,Random Forest,2,-0.2887828463245109,-0.31722142809336407,2019-11-06 02:00:00,2020-11-06 02:00:00,2020-11-06 02:00:00,365,1
146,2020-11-06 02:00:00,Neural Network,2,-0.2887828463245109,-0.27498272339517504,2019-11-06 02:00:00,2020-11-06 02:00:00,2020-11-06 02:00:00,365,1
147,2020-11-06 02:00:00,Naive,2,-0.2887828463245109,-0.35275411944424717,2019-11-06 02:00:00,2020-11-06 02:00:00,2020-11-06 02:00:00,365,1
148,2020-11-07 02:00:00,Decision Tree,2,-0.31173278388663256,-0.3395250730691898,2019-11-07 02:00:00,2020-11-07 02:00:00,2020-11-07 02:00:00,365,1
149,2020-11-07 02:00:00,Random Forest,2,-0.31173278388663256,-0.33758149424477646,2019-11-07 02:00:00,2020-11-07 02:00:00,2020-11-07 02:00:00,365,1
150,2020-11-07 02:00:00,Neural Network,2,-0.31173278388663256,-0.3217463366089602,2019-11-07 02:00:00,2020-11-07 02:00:00,2020-11-07 02:00:00,365,1
151,2020-11-07 02:00:00,Naive,2,-0.31173278388663256,-0.2887828463245109,2019-11-07 02:00:00,2020-11-07 02:00:00,2020-11-07 02:00:00,365,1
152,2020-11-08 02:00:00,Decision Tree,2,-0.30661716351681667,-0.3275315684949655,2019-11-08 02:00:00,2020-11-08 02:00:00,2020-11-08 02:00:00,365,1
153,2020-11-08 02:00:00,Random Forest,2,-0.30661716351681667,-0.33123161849003446,2019-11-08 02:00:00,2020-11-08 02:00:00,2020-11-08 02:00:00,365,1
154,2020-11-08 02:00:00,Neural Network,2,-0.30661716351681667,-0.2826879853450889,2019-11-08 02:00:00,2020-11-08 02:00:00,2020-11-08 02:00:00,365,1
155,2020-11-08 02:00:00,Naive,2,-0.30661716351681667,-0.31173278388663256,2019-11-08 02:00:00,2020-11-08 02:00:00,2020-11-08 02:00:00,365,1
156,2020-11-09 02:00:00,Decision Tree,2,-0.2536939592284827,-0.2953274236958291,2019-11-09 02:00:00,2020-11-09 02:00:00,2020-11-09 02:00:00,365,1
157,2020-11-09 02:00:00,Random Forest,2,-0.2536939592284827,-0.2838259676918219,2019-11-09 02:00:00,2020-11-09 02:00:00,2020-11-09 02:00:00,365,1
158,2020-11-09 02:00:00,Neural Network,2,-0.2536939592284827,-0.16107962791087915,2019-11-09 02:00:00,2020-11-09 02:00:00,2020-11-09 02:00:00,365,1
159,2020-11-09 02:00:00,Naive,2,-0.2536939592284827,-0.30661716351681667,2019-11-09 02:00:00,2020-11-09 02:00:00,2020-11-09 02:00:00,365,1
160,2020-11-10 02:00:00,Decision Tree,2,-0.1940086581128459,-0.2198263958980317,2019-11-10 02:00:00,2020-11-10 02:00:00,2020-11-10 02:00:00,365,1
161,2020-11-10 02:00:00,Random Forest,2,-0.1940086581128459,-0.22842911839449903,2019-11-10 02:00:00,2020-11-10 02:00:00,2020-11-10 02:00:00,365,1
162,2020-11-10 02:00:00,Neural Network,2,-0.1940086581128459,-0.07582078109557333,2019-11-10 02:00:00,2020-11-10 02:00:00,2020-11-10 02:00:00,365,1
163,2020-11-10 02:00:00,Naive,2,-0.1940086581128459,-0.2536939592284827,2019-11-10 02:00:00,2020-11-10 02:00:00,2020-11-10 02:00:00,365,1
164,2020-11-11 02:00:00,Decision Tree,2,-0.08475848814343719,-0.15226325591766865,2019-11-11 02:00:00,2020-11-11 02:00:00,2020-11-11 02:00:00,365,1
165,2020-11-11 02:00:00,Random Forest,2,-0.08475848814343719,-0.12097197801097458,2019-11-11 02:00:00,2020-11-11 02:00:00,2020-11-11 02:00:00,365,1
166,2020-11-11 02:00:00,Neural Network,2,-0.08475848814343719,-0.013156328668919803,2019-11-11 02:00:00,2020-11-11 02:00:00,2020-11-11 02:00:00,365,1
167,2020-11-11 02:00:00,Naive,2,-0.08475848814343719,-0.1940086581128459,2019-11-11 02:00:00,2020-11-11 02:00:00,2020-11-11 02:00:00,365,1
168,2020-11-12 02:00:00,Decision Tree,2,-0.3069665654347307,-0.32454379635522995,2019-11-12 02:00:00,2020-11-12 02:00:00,2020-11-12 02:00:00,365,1
169,2020-11-12 02:00:00,Random Forest,2,-0.3069665654347307,-0.32270218475630785,2019-11-12 02:00:00,2020-11-12 02:00:00,2020-11-12 02:00:00,365,1
170,2020-11-12 02:00:00,Neural Network,2,-0.3069665654347307,-0.3001017079431768,2019-11-12 02:00:00,2020-11-12 02:00:00,2020-11-12 02:00:00,365,1
171,2020-11-12 02:00:00,Naive,2,-0.3069665654347307,-0.08475848814343719,2019-11-12 02:00:00,2020-11-12 02:00:00,2020-11-12 02:00:00,365,1
172,2020-11-13 02:00:00,Decision Tree,2,-0.3820413425475265,-0.419695748012691,2019-11-13 02:00:00,2020-11-13 02:00:00,2020-11-13 02:00:00,365,1
173,2020-11-13 02:00:00,Random Forest,2,-0.3820413425475265,-0.4200966984831378,2019-11-13 02:00:00,2020-11-13 02:00:00,2020-11-13 02:00:00,365,1
174,2020-11-13 02:00:00,Neural Network,2,-0.3820413425475265,-0.3662027277689336,2019-11-13 02:00:00,2020-11-13 02:00:00,2020-11-13 02:00:00,365,1
175,2020-11-13 02:00:00,Naive,2,-0.3820413425475265,-0.3069665654347307,2019-11-13 02:00:00,2020-11-13 02:00:00,2020-11-13 02:00:00,365,1
176,2020-11-14 02:00:00,Decision Tree,2,-0.22954782014451403,-0.26886832108399566,2019-11-14 02:00:00,2020-11-14 02:00:00,2020-11-14 02:00:00,365,1
177,2020-11-14 02:00:00,Random Forest,2,-0.22954782014451403,-0.26346137386715474,2019-11-14 02:00:00,2020-11-14 02:00:00,2020-11-14 02:00:00,365,1
178,2020-11-14 02:00:00,Neural Network,2,-0.22954782014451403,-0.30806292749882247,2019-11-14 02:00:00,2020-11-14 02:00:00,2020-11-14 02:00:00,365,1
179,2020-11-14 02:00:00,Naive,2,-0.22954782014451403,-0.3820413425475265,2019-11-14 02:00:00,2020-11-14 02:00:00,2020-11-14 02:00:00,365,1
180,2020-11-15 02:00:00,Decision Tree,2,-1.639414789989858,-1.6277752949900168,2019-11-15 02:00:00,2020-11-15 02:00:00,2020-11-15 02:00:00,365,1
181,2020-11-15 02:00:00,Random Forest,2,-1.639414789989858,-1.6145334047417166,2019-11-15 02:00:00,2020-11-15 02:00:00,2020-11-15 02:00:00,365,1
182,2020-11-15 02:00:00,Neural Network,2,-1.639414789989858,-1.5091842669156375,2019-11-15 02:00:00,2020-11-15 02:00:00,2020-11-15 02:00:00,365,1
183,2020-11-15 02:00:00,Naive,2,-1.639414789989858,-0.22954782014451403,2019-11-15 02:00:00,2020-11-15 02:00:00,2020-11-15 02:00:00,365,1
184,2020-11-16 02:00:00,Decision Tree,2,-1.7361283791396729,-1.765035776943586,2019-11-16 02:00:00,2020-11-16 02:00:00,2020-11-16 02:00:00,365,1
185,2020-11-16 02:00:00,Random Forest,2,-1.7361283791396729,-1.7043186682733968,2019-11-16 02:00:00,2020-11-16 02:00:00,2020-11-16 02:00:00,365,1
186,2020-11-16 02:00:00,Neural Network,2,-1.7361283791396729,-1.6702756097032623,2019-11-16 02:00:00,2020-11-16 02:00:00,2020-11-16 02:00:00,365,1
187,2020-11-16 02:00:00,Naive,2,-1.7361283791396729,-1.639414789989858,2019-11-16 02:00:00,2020-11-16 02:00:00,2020-11-16 02:00:00,365,1
188,2020-11-17 02:00:00,Decision Tree,2,-0.4598611949753563,-0.4793353269500201,2019-11-17 02:00:00,2020-11-17 02:00:00,2020-11-17 02:00:00,365,1
189,2020-11-17 02:00:00,Random Forest,2,-0.4598611949753563,-0.4804596059306404,2019-11-17 02:00:00,2020-11-17 02:00:00,2020-11-17 02:00:00,365,1
190,2020-11-17 02:00:00,Neural Network,2,-0.4598611949753563,-0.5153448096491486,2019-11-17 02:00:00,2020-11-17 02:00:00,2020-11-17 02:00:00,365,1
191,2020-11-17 02:00:00,Naive,2,-0.4598611949753563,-1.7361283791396729,2019-11-17 02:00:00,2020-11-17 02:00:00,2020-11-17 02:00:00,365,1
192,2020-11-18 02:00:00,Decision Tree,2,-0.32167392271683953,-0.36026907620797727,2019-11-18 02:00:00,2020-11-18 02:00:00,2020-11-18 02:00:00,365,1
193,2020-11-18 02:00:00,Random Forest,2,-0.32167392271683953,-0.356569126912135,2019-11-18 02:00:00,2020-11-18 02:00:00,2020-11-18 02:00:00,365,1
194,2020-11-18 02:00:00,Neural Network,2,-0.32167392271683953,-0.4046932790738206,2019-11-18 02:00:00,2020-11-18 02:00:00,2020-11-18 02:00:00,365,1
195,2020-11-18 02:00:00,Naive,2,-0.32167392271683953,-0.4598611949753563,2019-11-18 02:00:00,2020-11-18 02:00:00,2020-11-18 02:00:00,365,1
196,2020-11-19 02:00:00,Decision Tree,2,-1.6876731359455117,-1.6548789132049435,2019-11-19 02:00:00,2020-11-19 02:00:00,2020-11-19 02:00:00,365,1
197,2020-11-19 02:00:00,Random Forest,2,-1.6876731359455117,-1.6591027843743993,2019-11-19 02:00:00,2020-11-19 02:00:00,2020-11-19 02:00:00,365,1
198,2020-11-19 02:00:00,Neural Network,2,-1.6876731359455117,-1.6022240033319375,2019-11-19 02:00:00,2020-11-19 02:00:00,2020-11-19 02:00:00,365,1
199,2020-11-19 02:00:00,Naive,2,-1.6876731359455117,-0.32167392271683953,2019-11-19 02:00:00,2020-11-19 02:00:00,2020-11-19 02:00:00,365,1
200,2020-11-20 02:00:00,Decision Tree,2,-0.16618713729428583,-0.20997825657440852,2019-11-20 02:00:00,2020-11-20 02:00:00,2020-11-20 02:00:00,365,1
201,2020-11-20 02:00:00,Random Forest,2,-0.16618713729428583,-0.20637161837414109,2019-11-20 02:00:00,2020-11-20 02:00:00,2020-11-20 02:00:00,365,1
202,2020-11-20 02:00:00,Neural Network,2,-0.16618713729428583,-0.2845430787387708,2019-11-20 02:00:00,2020-11-20 02:00:00,2020-11-20 02:00:00,365,1
203,2020-11-20 02:00:00,Naive,2,-0.16618713729428583,-1.6876731359455117,2019-11-20 02:00:00,2020-11-20 02:00:00,2020-11-20 02:00:00,365,1
204,2020-11-21 02:00:00,Decision Tree,2,-0.296642620521302,-0.3223466424901675,2019-11-21 02:00:00,2020-11-21 02:00:00,2020-11-21 02:00:00,365,1
205,2020-11-21 02:00:00,Random Forest,2,-0.296642620521302,-0.3140838053825658,2019-11-21 02:00:00,2020-11-21 02:00:00,2020-11-21 02:00:00,365,1
206,2020-11-21 02:00:00,Neural Network,2,-0.296642620521302,-0.3024642034210797,2019-11-21 02:00:00,2020-11-21 02:00:00,2020-11-21 02:00:00,365,1
207,2020-11-21 02:00:00,Naive,2,-0.296642620521302,-0.16618713729428583,2019-11-21 02:00:00,2020-11-21 02:00:00,2020-11-21 02:00:00,365,1
208,2020-11-22 02:00:00,Decision Tree,2,-0.647653735636095,-0.6636305144376654,2019-11-22 02:00:00,2020-11-22 02:00:00,2020-11-22 02:00:00,365,1
209,2020-11-22 02:00:00,Random Forest,2,-0.647653735636095,-0.6614075194592275,2019-11-22 02:00:00,2020-11-22 02:00:00,2020-11-22 02:00:00,365,1
210,2020-11-22 02:00:00,Neural Network,2,-0.647653735636095,-0.5779351438329832,2019-11-22 02:00:00,2020-11-22 02:00:00,2020-11-22 02:00:00,365,1
211,2020-11-22 02:00:00,Naive,2,-0.647653735636095,-0.296642620521302,2019-11-22 02:00:00,2020-11-22 02:00:00,2020-11-22 02:00:00,365,1
212,2020-11-23 02:00:00,Decision Tree,2,-0.187340897004305,-0.24672349959869358,2019-11-23 02:00:00,2020-11-23 02:00:00,2020-11-23 02:00:00,365,1
213,2020-11-23 02:00:00,Random Forest,2,-0.187340897004305,-0.24182352050197395,2019-11-23 02:00:00,2020-11-23 02:00:00,2020-11-23 02:00:00,365,1
214,2020-11-23 02:00:00,Neural Network,2,-0.187340897004305,-0.36376952027186443,2019-11-23 02:00:00,2020-11-23 02:00:00,2020-11-23 02:00:00,365,1
215,2020-11-23 02:00:00,Naive,2,-0.187340897004305,-0.647653735636095,2019-11-23 02:00:00,2020-11-23 02:00:00,2020-11-23 02:00:00,365,1
216,2020-11-24 02:00:00,Decision Tree,2,-0.09738083122827257,-0.17839728639506242,2019-11-24 02:00:00,2020-11-24 02:00:00,2020-11-24 02:00:00,365,1
217,2020-11-24 02:00:00,Random Forest,2,-0.09738083122827257,-0.12468263915274867,2019-11-24 02:00:00,2020-11-24 02:00:00,2020-11-24 02:00:00,365,1
218,2020-11-24 02:00:00,Neural Network,2,-0.09738083122827257,-0.26012333544014166,2019-11-24 02:00:00,2020-11-24 02:00:00,2020-11-24 02:00:00,365,1
219,2020-11-24 02:00:00,Naive,2,-0.09738083122827257,-0.187340897004305,2019-11-24 02:00:00,2020-11-24 02:00:00,2020-11-24 02:00:00,365,1
220,2020-11-25 02:00:00,Decision Tree,2,-0.1422296075904584,-0.19211535868717097,2019-11-25 02:00:00,2020-11-25 02:00:00,2020-11-25 02:00:00,365,1
221,2020-11-25 02:00:00,Random Forest,2,-0.1422296075904584,-0.18966951514317568,2019-11-25 02:00:00,2020-11-25 02:00:00,2020-11-25 02:00:00,365,1
222,2020-11-25 02:00:00,Neural Network,2,-0.1422296075904584,-0.2624103927440017,2019-11-25 02:00:00,2020-11-25 02:00:00,2020-11-25 02:00:00,365,1
223,2020-11-25 02:00:00,Naive,2,-0.1422296075904584,-0.09738083122827257,2019-11-25 02:00:00,2020-11-25 02:00:00,2020-11-25 02:00:00,365,1
224,2020-11-26 02:00:00,Decision Tree,2,0.11342638779451257,0.02969108491590628,2019-11-26 02:00:00,2020-11-26 02:00:00,2020-11-26 02:00:00,365,1
225,2020-11-26 02:00:00,Random Forest,2,0.11342638779451257,0.03957567805292021,2019-11-26 02:00:00,2020-11-26 02:00:00,2020-11-26 02:00:00,365,1
226,2020-11-26 02:00:00,Neural Network,2,0.11342638779451257,0.007046188515900553,2019-11-26 02:00:00,2020-11-26 02:00:00,2020-11-26 02:00:00,365,1
227,2020-11-26 02:00:00,Naive,2,0.11342638779451257,-0.1422296075904584,2019-11-26 02:00:00,2020-11-26 02:00:00,2020-11-26 02:00:00,365,1
228,2020-11-27 02:00:00,Decision Tree,2,0.5440115724421715,0.3093989490397334,2019-11-27 02:00:00,2020-11-27 02:00:00,2020-11-27 02:00:00,365,1
229,2020-11-27 02:00:00,Random Forest,2,0.5440115724421715,0.3763863462867194,2019-11-27 02:00:00,2020-11-27 02:00:00,2020-11-27 02:00:00,365,1
230,2020-11-27 02:00:00,Neural Network,2,0.5440115724421715,0.4433934821469071,2019-11-27 02:00:00,2020-11-27 02:00:00,2020-11-27 02:00:00,365,1
231,2020-11-27 02:00:00,Naive,2,0.5440115724421715,0.11342638779451257,2019-11-27 02:00:00,2020-11-27 02:00:00,2020-11-27 02:00:00,365,1
232,2020-11-28 02:00:00,Decision Tree,2,0.6863839295540655,0.3387255269650382,2019-11-28 02:00:00,2020-11-28 02:00:00,2020-11-28 02:00:00,365,1
233,2020-11-28 02:00:00,Random Forest,2,0.6863839295540655,0.4224687963484451,2019-11-28 02:00:00,2020-11-28 02:00:00,2020-11-28 02:00:00,365,1
234,2020-11-28 02:00:00,Neural Network,2,0.6863839295540655,0.5791586249822154,2019-11-28 02:00:00,2020-11-28 02:00:00,2020-11-28 02:00:00,365,1
235,2020-11-28 02:00:00,Naive,2,0.6863839295540655,0.5440115724421715,2019-11-28 02:00:00,2020-11-28 02:00:00,2020-11-28 02:00:00,365,1
236,2020-11-29 02:00:00,Decision Tree,2,0.13942269226038634,0.05752457009537654,2019-11-29 02:00:00,2020-11-29 02:00:00,2020-11-29 02:00:00,365,1
237,2020-11-29 02:00:00,Random Forest,2,0.13942269226038634,0.0626139643266124,2019-11-29 02:00:00,2020-11-29 02:00:00,2020-11-29 02:00:00,365,1
238,2020-11-29 02:00:00,Neural Network,2,0.13942269226038634,0.03183024111632926,2019-11-29 02:00:00,2020-11-29 02:00:00,2020-11-29 02:00:00,365,1
239,2020-11-29 02:00:00,Naive,2,0.13942269226038634,0.6863839295540655,2019-11-29 02:00:00,2020-11-29 02:00:00,2020-11-29 02:00:00,365,1
240,2020-11-30 02:00:00,Decision Tree,2,0.4989504618635437,0.4961188335633066,2019-11-30 02:00:00,2020-11-30 02:00:00,2020-11-30 02:00:00,365,1
241,2020-11-30 02:00:00,Random Forest,2,0.4989504618635437,0.4631385986841577,2019-11-30 02:00:00,2020-11-30 02:00:00,2020-11-30 02:00:00,365,1
242,2020-11-30 02:00:00,Neural Network,2,0.4989504618635437,0.3056929037758128,2019-11-30 02:00:00,2020-11-30 02:00:00,2020-11-30 02:00:00,365,1
243,2020-11-30 02:00:00,Naive,2,0.4989504618635437,0.13942269226038634,2019-11-30 02:00:00,2020-11-30 02:00:00,2020-11-30 02:00:00,365,1
244,2020-12-01 02:00:00,Decision Tree,2,-0.15181784318263897,-0.20379444812100478,2019-12-01 02:00:00,2020-12-01 02:00:00,2020-12-01 02:00:00,365,1
245,2020-12-01 02:00:00,Random Forest,2,-0.15181784318263897,-0.17908944571829993,2019-12-01 02:00:00,2020-12-01 02:00:00,2020-12-01 02:00:00,365,1
246,2020-12-01 02:00:00,Neural Network,2,-0.15181784318263897,-0.2525672209861486,2019-12-01 02:00:00,2020-12-01 02:00:00,2020-12-01 02:00:00,365,1
247,2020-12-01 02:00:00,Naive,2,-0.15181784318263897,0.4989504618635437,2019-12-01 02:00:00,2020-12-01 02:00:00,2020-12-01 02:00:00,365,1
248,2020-12-02 02:00:00,Decision Tree,2,0.6669012507691751,0.5440359418912372,2019-12-02 02:00:00,2020-12-02 02:00:00,2020-12-02 02:00:00,365,1
249,2020-12-02 02:00:00,Random Forest,2,0.6669012507691751,0.5476009391376985,2019-12-02 02:00:00,2020-12-02 02:00:00,2020-12-02 02:00:00,365,1
250,2020-12-02 02:00:00,Neural Network,2,0.6669012507691751,0.5859702229002697,2019-12-02 02:00:00,2020-12-02 02:00:00,2020-12-02 02:00:00,365,1
251,2020-12-02 02:00:00,Naive,2,0.6669012507691751,-0.15181784318263897,2019-12-02 02:00:00,2020-12-02 02:00:00,2020-12-02 02:00:00,365,1
252,2020-12-03 02:00:00,Decision Tree,2,0.2891139963233676,0.20965892506437872,2019-12-03 02:00:00,2020-12-03 02:00:00,2020-12-03 02:00:00,365,1
253,2020-12-03 02:00:00,Random Forest,2,0.2891139963233676,0.23307744903127764,2019-12-03 02:00:00,2020-12-03 02:00:00,2020-12-03 02:00:00,365,1
254,2020-12-03 02:00:00,Neural Network,2,0.2891139963233676,0.059793179650569295,2019-12-03 02:00:00,2020-12-03 02:00:00,2020-12-03 02:00:00,365,1
255,2020-12-03 02:00:00,Naive,2,0.2891139963233676,0.6669012507691751,2019-12-03 02:00:00,2020-12-03 02:00:00,2020-12-03 02:00:00,365,1
256,2020-12-04 02:00:00,Decision Tree,2,-0.5269261758260532,-0.5651973931672881,2019-12-04 02:00:00,2020-12-04 02:00:00,2020-12-04 02:00:00,365,1
257,2020-12-04 02:00:00,Random Forest,2,-0.5269261758260532,-0.5475750389964995,2019-12-04 02:00:00,2020-12-04 02:00:00,2020-12-04 02:00:00,365,1
258,2020-12-04 02:00:00,Neural Network,2,-0.5269261758260532,-0.4881845271931418,2019-12-04 02:00:00,2020-12-04 02:00:00,2020-12-04 02:00:00,365,1
259,2020-12-04 02:00:00,Naive,2,-0.5269261758260532,0.2891139963233676,2019-12-04 02:00:00,2020-12-04 02:00:00,2020-12-04 02:00:00,365,1
260,2020-12-05 02:00:00,Decision Tree,2,0.3776753368036077,0.24068401128639225,2019-12-05 02:00:00,2020-12-05 02:00:00,2020-12-05 02:00:00,365,1
261,2020-12-05 02:00:00,Random Forest,2,0.3776753368036077,0.27352456330858194,2019-12-05 02:00:00,2020-12-05 02:00:00,2020-12-05 02:00:00,365,1
262,2020-12-05 02:00:00,Neural Network,2,0.3776753368036077,0.24472903310726335,2019-12-05 02:00:00,2020-12-05 02:00:00,2020-12-05 02:00:00,365,1
263,2020-12-05 02:00:00,Naive,2,0.3776753368036077,-0.5269261758260532,2019-12-05 02:00:00,2020-12-05 02:00:00,2020-12-05 02:00:00,365,1
264,2020-12-06 02:00:00,Decision Tree,2,0.13194404884501307,0.03920044318075887,2019-12-06 02:00:00,2020-12-06 02:00:00,2020-12-06 02:00:00,365,1
265,2020-12-06 02:00:00,Random Forest,2,0.13194404884501307,0.07379123075457544,2019-12-06 02:00:00,2020-12-06 02:00:00,2020-12-06 02:00:00,365,1
266,2020-12-06 02:00:00,Neural Network,2,0.13194404884501307,0.19636262758898748,2019-12-06 02:00:00,2020-12-06 02:00:00,2020-12-06 02:00:00,365,1
267,2020-12-06 02:00:00,Naive,2,0.13194404884501307,0.3776753368036077,2019-12-06 02:00:00,2020-12-06 02:00:00,2020-12-06 02:00:00,365,1
268,2020-12-07 02:00:00,Decision Tree,2,-0.36181409015463006,-0.3897101128856372,2019-12-07 02:00:00,2020-12-07 02:00:00,2020-12-07 02:00:00,365,1
269,2020-12-07 02:00:00,Random Forest,2,-0.36181409015463006,-0.38619246818930175,2019-12-07 02:00:00,2020-12-07 02:00:00,2020-12-07 02:00:00,365,1
270,2020-12-07 02:00:00,Neural Network,2,-0.36181409015463006,-0.3327185131625957,2019-12-07 02:00:00,2020-12-07 02:00:00,2020-12-07 02:00:00,365,1
271,2020-12-07 02:00:00,Naive,2,-0.36181409015463006,0.13194404884501307,2019-12-07 02:00:00,2020-12-07 02:00:00,2020-12-07 02:00:00,365,1
272,2020-12-08 02:00:00,Decision Tree,2,0.34371492332239867,0.25590526967719396,2019-12-08 02:00:00,2020-12-08 02:00:00,2020-12-08 02:00:00,365,1
273,2020-12-08 02:00:00,Random Forest,2,0.34371492332239867,0.27831951727507764,2019-12-08 02:00:00,2020-12-08 02:00:00,2020-12-08 02:00:00,365,1
274,2020-12-08 02:00:00,Neural Network,2,0.34371492332239867,0.3136530265397307,2019-12-08 02:00:00,2020-12-08 02:00:00,2020-12-08 02:00:00,365,1
275,2020-12-08 02:00:00,Naive,2,0.34371492332239867,-0.36181409015463006,2019-12-08 02:00:00,2020-12-08 02:00:00,2020-12-08 02:00:00,365,1
276,2020-12-09 02:00:00,Decision Tree,2,0.26603862891205726,0.2942760965810278,2019-12-09 02:00:00,2020-12-09 02:00:00,2020-12-09 02:00:00,365,1
277,2020-12-09 02:00:00,Random Forest,2,0.26603862891205726,0.26752540014044335,2019-12-09 02:00:00,2020-12-09 02:00:00,2020-12-09 02:00:00,365,1
278,2020-12-09 02:00:00,Neural Network,2,0.26603862891205726,0.3042347644224843,2019-12-09 02:00:00,2020-12-09 02:00:00,2020-12-09 02:00:00,365,1
279,2020-12-09 02:00:00,Naive,2,0.26603862891205726,0.34371492332239867,2019-12-09 02:00:00,2020-12-09 02:00:00,2020-12-09 02:00:00,365,1
280,2020-12-10 02:00:00,Decision Tree,2,0.12424818386356201,0.0990248769750562,2019-12-10 02:00:00,2020-12-10 02:00:00,2020-12-10 02:00:00,365,1
281,2020-12-10 02:00:00,Random Forest,2,0.12424818386356201,0.10623503579914735,2019-12-10 02:00:00,2020-12-10 02:00:00,2020-12-10 02:00:00,365,1
282,2020-12-10 02:00:00,Neural Network,2,0.12424818386356201,0.23020042892759351,2019-12-10 02:00:00,2020-12-10 02:00:00,2020-12-10 02:00:00,365,1
283,2020-12-10 02:00:00,Naive,2,0.12424818386356201,0.26603862891205726,2019-12-10 02:00:00,2020-12-10 02:00:00,2020-12-10 02:00:00,365,1
284,2020-12-11 02:00:00,Decision Tree,2,0.13584638416962566,0.12201232659330644,2019-12-11 02:00:00,2020-12-11 02:00:00,2020-12-11 02:00:00,365,1
285,2020-12-11 02:00:00,Random Forest,2,0.13584638416962566,0.12988037849481515,2019-12-11 02:00:00,2020-12-11 02:00:00,2020-12-11 02:00:00,365,1
286,2020-12-11 02:00:00,Neural Network,2,0.13584638416962566,0.10283911305037419,2019-12-11 02:00:00,2020-12-11 02:00:00,2020-12-11 02:00:00,365,1
287,2020-12-11 02:00:00,Naive,2,0.13584638416962566,0.12424818386356201,2019-12-11 02:00:00,2020-12-11 02:00:00,2020-12-11 02:00:00,365,1
288,2020-12-12 02:00:00,Decision Tree,2,0.1372816712226019,0.1243180028560263,2019-12-12 02:00:00,2020-12-12 02:00:00,2020-12-12 02:00:00,365,1
289,2020-12-12 02:00:00,Random Forest,2,0.1372816712226019,0.12469850825258715,2019-12-12 02:00:00,2020-12-12 02:00:00,2020-12-12 02:00:00,365,1
290,2020-12-12 02:00:00,Neural Network,2,0.1372816712226019,0.03925315887063263,2019-12-12 02:00:00,2020-12-12 02:00:00,2020-12-12 02:00:00,365,1
291,2020-12-12 02:00:00,Naive,2,0.1372816712226019,0.13584638416962566,2019-12-12 02:00:00,2020-12-12 02:00:00,2020-12-12 02:00:00,365,1
292,2020-12-13 02:00:00,Decision Tree,2,0.1968810871781518,0.12616995547982282,2019-12-13 02:00:00,2020-12-13 02:00:00,2020-12-13 02:00:00,365,1
293,2020-12-13 02:00:00,Random Forest,2,0.1968810871781518,0.13571245647333344,2019-12-13 02:00:00,2020-12-13 02:00:00,2020-12-13 02:00:00,365,1
294,2020-12-13 02:00:00,Neural Network,2,0.1968810871781518,0.15520786799314257,2019-12-13 02:00:00,2020-12-13 02:00:00,2020-12-13 02:00:00,365,1
295,2020-12-13 02:00:00,Naive,2,0.1968810871781518,0.1372816712226019,2019-12-13 02:00:00,2020-12-13 02:00:00,2020-12-13 02:00:00,365,1
296,2020-12-14 02:00:00,Decision Tree,2,-0.3624830773535184,-0.3821548265172936,2019-12-14 02:00:00,2020-12-14 02:00:00,2020-12-14 02:00:00,365,1
297,2020-12-14 02:00:00,Random Forest,2,-0.3624830773535184,-0.37744125369577675,2019-12-14 02:00:00,2020-12-14 02:00:00,2020-12-14 02:00:00,365,1
298,2020-12-14 02:00:00,Neural Network,2,-0.3624830773535184,-0.35070882767479417,2019-12-14 02:00:00,2020-12-14 02:00:00,2020-12-14 02:00:00,365,1
299,2020-12-14 02:00:00,Naive,2,-0.3624830773535184,0.1968810871781518,2019-12-14 02:00:00,2020-12-14 02:00:00,2020-12-14 02:00:00,365,1
300,2020-12-15 02:00:00,Decision Tree,2,0.010693873902184719,-0.060486273489598584,2019-12-15 02:00:00,2020-12-15 02:00:00,2020-12-15 02:00:00,365,1
301,2020-12-15 02:00:00,Random Forest,2,0.010693873902184719,-0.04470241606974535,2019-12-15 02:00:00,2020-12-15 02:00:00,2020-12-15 02:00:00,365,1
302,2020-12-15 02:00:00,Neural Network,2,0.010693873902184719,-0.09821799981176871,2019-12-15 02:00:00,2020-12-15 02:00:00,2020-12-15 02:00:00,365,1
303,2020-12-15 02:00:00,Naive,2,0.010693873902184719,-0.3624830773535184,2019-12-15 02:00:00,2020-12-15 02:00:00,2020-12-15 02:00:00,365,1
304,2020-12-16 02:00:00,Decision Tree,2,0.3631992754498465,0.2911386001733644,2019-12-16 02:00:00,2020-12-16 02:00:00,2020-12-16 02:00:00,365,1
305,2020-12-16 02:00:00,Random Forest,2,0.3631992754498465,0.3544468573522534,2019-12-16 02:00:00,2020-12-16 02:00:00,2020-12-16 02:00:00,365,1
306,2020-12-16 02:00:00,Neural Network,2,0.3631992754498465,0.25264644818312987,2019-12-16 02:00:00,2020-12-16 02:00:00,2020-12-16 02:00:00,365,1
307,2020-12-16 02:00:00,Naive,2,0.3631992754498465,0.010693873902184719,2019-12-16 02:00:00,2020-12-16 02:00:00,2020-12-16 02:00:00,365,1
308,2020-12-17 02:00:00,Decision Tree,2,-0.12918843191727788,-0.1252805265069434,2019-12-17 02:00:00,2020-12-17 02:00:00,2020-12-17 02:00:00,365,1
309,2020-12-17 02:00:00,Random Forest,2,-0.12918843191727788,-0.1498415981546063,2019-12-17 02:00:00,2020-12-17 02:00:00,2020-12-17 02:00:00,365,1
310,2020-12-17 02:00:00,Neural Network,2,-0.12918843191727788,-0.23620469033260905,2019-12-17 02:00:00,2020-12-17 02:00:00,2020-12-17 02:00:00,365,1
311,2020-12-17 02:00:00,Naive,2,-0.12918843191727788,0.3631992754498465,2019-12-17 02:00:00,2020-12-17 02:00:00,2020-12-17 02:00:00,365,1
312,2020-12-18 02:00:00,Decision Tree,2,0.10164923115484949,0.04364415634428918,2019-12-18 02:00:00,2020-12-18 02:00:00,2020-12-18 02:00:00,365,1
313,2020-12-18 02:00:00,Random Forest,2,0.10164923115484949,0.06694495359308354,2019-12-18 02:00:00,2020-12-18 02:00:00,2020-12-18 02:00:00,365,1
314,2020-12-18 02:00:00,Neural Network,2,0.10164923115484949,-0.030036447037078418,2019-12-18 02:00:00,2020-12-18 02:00:00,2020-12-18 02:00:00,365,1
315,2020-12-18 02:00:00,Naive,2,0.10164923115484949,-0.12918843191727788,2019-12-18 02:00:00,2020-12-18 02:00:00,2020-12-18 02:00:00,365,1
316,2020-12-19 02:00:00,Decision Tree,2,-0.2227286682728706,-0.25481896504642415,2019-12-19 02:00:00,2020-12-19 02:00:00,2020-12-19 02:00:00,365,1
317,2020-12-19 02:00:00,Random Forest,2,-0.2227286682728706,-0.24368216242293456,2019-12-19 02:00:00,2020-12-19 02:00:00,2020-12-19 02:00:00,365,1
318,2020-12-19 02:00:00,Neural Network,2,-0.2227286682728706,-0.1917503820620089,2019-12-19 02:00:00,2020-12-19 02:00:00,2020-12-19 02:00:00,365,1
319,2020-12-19 02:00:00,Naive,2,-0.2227286682728706,0.10164923115484949,2019-12-19 02:00:00,2020-12-19 02:00:00,2020-12-19 02:00:00,365,1
320,2020-12-20 02:00:00,Decision Tree,2,-0.08736543553947698,-0.13931288142538695,2019-12-20 02:00:00,2020-12-20 02:00:00,2020-12-20 02:00:00,365,1
321,2020-12-20 02:00:00,Random Forest,2,-0.08736543553947698,-0.12043594120799517,2019-12-20 02:00:00,2020-12-20 02:00:00,2020-12-20 02:00:00,365,1
322,2020-12-20 02:00:00,Neural Network,2,-0.08736543553947698,0.004710079514795962,2019-12-20 02:00:00,2020-12-20 02:00:00,2020-12-20 02:00:00,365,1
323,2020-12-20 02:00:00,Naive,2,-0.08736543553947698,-0.2227286682728706,2019-12-20 02:00:00,2020-12-20 02:00:00,2020-12-20 02:00:00,365,1
324,2020-12-21 02:00:00,Decision Tree,2,-0.1194207924109431,-0.13860467160070902,2019-12-21 02:00:00,2020-12-21 02:00:00,2020-12-21 02:00:00,365,1
325,2020-12-21 02:00:00,Random Forest,2,-0.1194207924109431,-0.13225728119099836,2019-12-21 02:00:00,2020-12-21 02:00:00,2020-12-21 02:00:00,365,1
326,2020-12-21 02:00:00,Neural Network,2,-0.1194207924109431,-0.1941065477682743,2019-12-21 02:00:00,2020-12-21 02:00:00,2020-12-21 02:00:00,365,1
327,2020-12-21 02:00:00,Naive,2,-0.1194207924109431,-0.08736543553947698,2019-12-21 02:00:00,2020-12-21 02:00:00,2020-12-21 02:00:00,365,1
328,2020-12-22 02:00:00,Decision Tree,2,-1.903983874964123,-1.9401433111895148,2019-12-22 02:00:00,2020-12-22 02:00:00,2020-12-22 02:00:00,365,1
329,2020-12-22 02:00:00,Random Forest,2,-1.903983874964123,-1.843621350727339,2019-12-22 02:00:00,2020-12-22 02:00:00,2020-12-22 02:00:00,365,1
330,2020-12-22 02:00:00,Neural Network,2,-1.903983874964123,-1.7336532469367998,2019-12-22 02:00:00,2020-12-22 02:00:00,2020-12-22 02:00:00,365,1
331,2020-12-22 02:00:00,Naive,2,-1.903983874964123,-0.1194207924109431,2019-12-22 02:00:00,2020-12-22 02:00:00,2020-12-22 02:00:00,365,1
332,2020-12-23 02:00:00,Decision Tree,2,-0.12475237393906981,-0.14372087366192104,2019-12-23 02:00:00,2020-12-23 02:00:00,2020-12-23 02:00:00,365,1
333,2020-12-23 02:00:00,Random Forest,2,-0.12475237393906981,-0.12829752558505422,2019-12-23 02:00:00,2020-12-23 02:00:00,2020-12-23 02:00:00,365,1
334,2020-12-23 02:00:00,Neural Network,2,-0.12475237393906981,-0.12921719157525113,2019-12-23 02:00:00,2020-12-23 02:00:00,2020-12-23 02:00:00,365,1
335,2020-12-23 02:00:00,Naive,2,-0.12475237393906981,-1.903983874964123,2019-12-23 02:00:00,2020-12-23 02:00:00,2020-12-23 02:00:00,365,1
336,2020-12-24 02:00:00,Decision Tree,2,-1.595345493017263,-1.5576501617320688,2019-12-24 02:00:00,2020-12-24 02:00:00,2020-12-24 02:00:00,365,1
337,2020-12-24 02:00:00,Random Forest,2,-1.595345493017263,-1.548804639418489,2019-12-24 02:00:00,2020-12-24 02:00:00,2020-12-24 02:00:00,365,1
338,2020-12-24 02:00:00,Neural Network,2,-1.595345493017263,-1.5642562750813593,2019-12-24 02:00:00,2020-12-24 02:00:00,2020-12-24 02:00:00,365,1
339,2020-12-24 02:00:00,Naive,2,-1.595345493017263,-0.12475237393906981,2019-12-24 02:00:00,2020-12-24 02:00:00,2020-12-24 02:00:00,365,1
340,2020-12-25 02:00:00,Decision Tree,2,-1.1807974963037042,-1.1277963638582977,2019-12-25 02:00:00,2020-12-25 02:00:00,2020-12-25 02:00:00,365,1
341,2020-12-25 02:00:00,Random Forest,2,-1.1807974963037042,-1.1430266488317613,2019-12-25 02:00:00,2020-12-25 02:00:00,2020-12-25 02:00:00,365,1
342,2020-12-25 02:00:00,Neural Network,2,-1.1807974963037042,-1.1974916984404083,2019-12-25 02:00:00,2020-12-25 02:00:00,2020-12-25 02:00:00,365,1
343,2020-12-25 02:00:00,Naive,2,-1.1807974963037042,-1.595345493017263,2019-12-25 02:00:00,2020-12-25 02:00:00,2020-12-25 02:00:00,365,1
344,2020-12-26 02:00:00,Decision Tree,2,-0.6124349437516486,-0.6115800239386355,2019-12-26 02:00:00,2020-12-26 02:00:00,2020-12-26 02:00:00,365,1
345,2020-12-26 02:00:00,Random Forest,2,-0.6124349437516486,-0.6179633733415179,2019-12-26 02:00:00,2020-12-26 02:00:00,2020-12-26 02:00:00,365,1
346,2020-12-26 02:00:00,Neural Network,2,-0.6124349437516486,-0.7095422000454165,2019-12-26 02:00:00,2020-12-26 02:00:00,2020-12-26 02:00:00,365,1
347,2020-12-26 02:00:00,Naive,2,-0.6124349437516486,-1.1807974963037042,2019-12-26 02:00:00,2020-12-26 02:00:00,2020-12-26 02:00:00,365,1
348,2020-12-27 02:00:00,Decision Tree,2,-2.026575772008749,-1.93497767744303,2019-12-27 02:00:00,2020-12-27 02:00:00,2020-12-27 02:00:00,365,1
349,2020-12-27 02:00:00,Random Forest,2,-2.026575772008749,-1.9770589163828571,2019-12-27 02:00:00,2020-12-27 02:00:00,2020-12-27 02:00:00,365,1
350,2020-12-27 02:00:00,Neural Network,2,-2.026575772008749,-1.919436925038826,2019-12-27 02:00:00,2020-12-27 02:00:00,2020-12-27 02:00:00,365,1
351,2020-12-27 02:00:00,Naive,2,-2.026575772008749,-0.6124349437516486,2019-12-27 02:00:00,2020-12-27 02:00:00,2020-12-27 02:00:00,365,1
352,2020-12-28 02:00:00,Decision Tree,2,-1.5585725116294034,-1.5618385318748678,2019-12-28 02:00:00,2020-12-28 02:00:00,2020-12-28 02:00:00,365,1
353,2020-12-28 02:00:00,Random Forest,2,-1.5585725116294034,-1.5185320809901597,2019-12-28 02:00:00,2020-12-28 02:00:00,2020-12-28 02:00:00,365,1
354,2020-12-28 02:00:00,Neural Network,2,-1.5585725116294034,-1.3389139066275475,2019-12-28 02:00:00,2020-12-28 02:00:00,2020-12-28 02:00:00,365,1
355,2020-12-28 02:00:00,Naive,2,-1.5585725116294034,-2.026575772008749,2019-12-28 02:00:00,2020-12-28 02:00:00,2020-12-28 02:00:00,365,1
356,2020-12-29 02:00:00,Decision Tree,2,0.21074778042723835,0.13508746081108786,2019-12-29 02:00:00,2020-12-29 02:00:00,2020-12-29 02:00:00,365,1
357,2020-12-29 02:00:00,Random Forest,2,0.21074778042723835,0.17005501420858019,2019-12-29 02:00:00,2020-12-29 02:00:00,2020-12-29 02:00:00,365,1
358,2020-12-29 02:00:00,Neural Network,2,0.21074778042723835,-0.007975096283474592,2019-12-29 02:00:00,2020-12-29 02:00:00,2020-12-29 02:00:00,365,1
359,2020-12-29 02:00:00,Naive,2,0.21074778042723835,-1.5585725116294034,2019-12-29 02:00:00,2020-12-29 02:00:00,2020-12-29 02:00:00,365,1
360,2020-12-30 02:00:00,Decision Tree,2,-0.1915383363160848,-0.236707747579117,2019-12-30 02:00:00,2020-12-30 02:00:00,2020-12-30 02:00:00,365,1
361,2020-12-30 02:00:00,Random Forest,2,-0.1915383363160848,-0.23201463849771553,2019-12-30 02:00:00,2020-12-30 02:00:00,2020-12-30 02:00:00,365,1
362,2020-12-30 02:00:00,Neural Network,2,-0.1915383363160848,-0.2669242793671933,2019-12-30 02:00:00,2020-12-30 02:00:00,2020-12-30 02:00:00,365,1
363,2020-12-30 02:00:00,Naive,2,-0.1915383363160848,0.21074778042723835,2019-12-30 02:00:00,2020-12-30 02:00:00,2020-12-30 02:00:00,365,1
364,2020-12-31 02:00:00,Decision Tree,2,-0.2272279745694296,-0.2821822857302737,2019-12-31 02:00:00,2020-12-31 02:00:00,2020-12-31 02:00:00,365,1
365,2020-12-31 02:00:00,Random Forest,2,-0.2272279745694296,-0.26086629949071877,2019-12-31 02:00:00,2020-12-31 02:00:00,2020-12-31 02:00:00,365,1
366,2020-12-31 02:00:00,Neural Network,2,-0.2272279745694296,-0.24617553009571502,2019-12-31 02:00:00,2020-12-31 02:00:00,2020-12-31 02:00:00,365,1
367,2020-12-31 02:00:00,Naive,2,-0.2272279745694296,-0.1915383363160848,2019-12-31 02:00:00,2020-12-31 02:00:00,2020-12-31 02:00:00,365,1
368,2021-01-01 02:00:00,Decision Tree,2,0.6813882583018129,0.5971719616643097,2020-01-01 02:00:00,2021-01-01 02:00:00,2021-01-01 02:00:00,365,1
369,2021-01-01 02:00:00,Random Forest,2,0.6813882583018129,0.5939955616787282,2020-01-01 02:00:00,2021-01-01 02:00:00,2021-01-01 02:00:00,365,1
370,2021-01-01 02:00:00,Neural Network,2,0.6813882583018129,0.34961150778896843,2020-01-01 02:00:00,2021-01-01 02:00:00,2021-01-01 02:00:00,365,1
371,2021-01-01 02:00:00,Naive,2,0.6813882583018129,-0.2272279745694296,2020-01-01 02:00:00,2021-01-01 02:00:00,2021-01-01 02:00:00,365,1
372,2021-01-02 02:00:00,Decision Tree,2,0.44287713410593066,0.34903512154071115,2020-01-02 02:00:00,2021-01-02 02:00:00,2021-01-02 02:00:00,365,1
373,2021-01-02 02:00:00,Random Forest,2,0.44287713410593066,0.39815834390590205,2020-01-02 02:00:00,2021-01-02 02:00:00,2021-01-02 02:00:00,365,1
374,2021-01-02 02:00:00,Neural Network,2,0.44287713410593066,1.2206028231965225,2020-01-02 02:00:00,2021-01-02 02:00:00,2021-01-02 02:00:00,365,1
375,2021-01-02 02:00:00,Naive,2,0.44287713410593066,0.6813882583018129,2020-01-02 02:00:00,2021-01-02 02:00:00,2021-01-02 02:00:00,365,1
376,2021-01-03 02:00:00,Decision Tree,2,0.3328032285641323,0.24765421386131403,2020-01-03 02:00:00,2021-01-03 02:00:00,2021-01-03 02:00:00,365,1
377,2021-01-03 02:00:00,Random Forest,2,0.3328032285641323,0.2677500903355971,2020-01-03 02:00:00,2021-01-03 02:00:00,2021-01-03 02:00:00,365,1
378,2021-01-03 02:00:00,Neural Network,2,0.3328032285641323,0.3484566677986144,2020-01-03 02:00:00,2021-01-03 02:00:00,2021-01-03 02:00:00,365,1
379,2021-01-03 02:00:00,Naive,2,0.3328032285641323,0.44287713410593066,2020-01-03 02:00:00,2021-01-03 02:00:00,2021-01-03 02:00:00,365,1
380,2021-01-04 02:00:00,Decision Tree,2,-0.7408235324630252,-0.756870479064703,2020-01-04 02:00:00,2021-01-04 02:00:00,2021-01-04 02:00:00,365,1
381,2021-01-04 02:00:00,Random Forest,2,-0.7408235324630252,-0.7398619783640016,2020-01-04 02:00:00,2021-01-04 02:00:00,2021-01-04 02:00:00,365,1
382,2021-01-04 02:00:00,Neural Network,2,-0.7408235324630252,-0.18209500783656385,2020-01-04 02:00:00,2021-01-04 02:00:00,2021-01-04 02:00:00,365,1
383,2021-01-04 02:00:00,Naive,2,-0.7408235324630252,0.3328032285641323,2020-01-04 02:00:00,2021-01-04 02:00:00,2021-01-04 02:00:00,365,1
384,2021-01-05 02:00:00,Decision Tree,2,0.3528499155982603,0.36467545696824777,2020-01-05 02:00:00,2021-01-05 02:00:00,2021-01-05 02:00:00,365,1
385,2021-01-05 02:00:00,Random Forest,2,0.3528499155982603,0.3328292900940837,2020-01-05 02:00:00,2021-01-05 02:00:00,2021-01-05 02:00:00,365,1
386,2021-01-05 02:00:00,Neural Network,2,0.3528499155982603,-0.3304104559352148,2020-01-05 02:00:00,2021-01-05 02:00:00,2021-01-05 02:00:00,365,1
387,2021-01-05 02:00:00,Naive,2,0.3528499155982603,-0.7408235324630252,2020-01-05 02:00:00,2021-01-05 02:00:00,2021-01-05 02:00:00,365,1
388,2021-01-06 02:00:00,Decision Tree,2,0.5670733530583215,0.6112080111038937,2020-01-06 02:00:00,2021-01-06 02:00:00,2021-01-06 02:00:00,365,1
389,2021-01-06 02:00:00,Random Forest,2,0.5670733530583215,0.5553161004326215,2020-01-06 02:00:00,2021-01-06 02:00:00,2021-01-06 02:00:00,365,1
390,2021-01-06 02:00:00,Neural Network,2,0.5670733530583215,0.2379596922627253,2020-01-06 02:00:00,2021-01-06 02:00:00,2021-01-06 02:00:00,365,1
391,2021-01-06 02:00:00,Naive,2,0.5670733530583215,0.3528499155982603,2020-01-06 02:00:00,2021-01-06 02:00:00,2021-01-06 02:00:00,365,1
392,2021-01-07 02:00:00,Decision Tree,2,0.929315173114909,0.6049030599545261,2020-01-07 02:00:00,2021-01-07 02:00:00,2021-01-07 02:00:00,365,1
393,2021-01-07 02:00:00,Random Forest,2,0.929315173114909,0.6329002671065899,2020-01-07 02:00:00,2021-01-07 02:00:00,2021-01-07 02:00:00,365,1
394,2021-01-07 02:00:00,Neural Network,2,0.929315173114909,0.6070380122544596,2020-01-07 02:00:00,2021-01-07 02:00:00,2021-01-07 02:00:00,365,1
395,2021-01-07 02:00:00,Naive,2,0.929315173114909,0.5670733530583215,2020-01-07 02:00:00,2021-01-07 02:00:00,2021-01-07 02:00:00,365,1
396,2021-01-08 02:00:00,Decision Tree,2,0.8328613353943297,0.7107202410865111,2020-01-08 02:00:00,2021-01-08 02:00:00,2021-01-08 02:00:00,365,1
397,2021-01-08 02:00:00,Random Forest,2,0.8328613353943297,0.7469843391078579,2020-01-08 02:00:00,2021-01-08 02:00:00,2021-01-08 02:00:00,365,1
398,2021-01-08 02:00:00,Neural Network,2,0.8328613353943297,0.7647916597359125,2020-01-08 02:00:00,2021-01-08 02:00:00,2021-01-08 02:00:00,365,1
399,2021-01-08 02:00:00,Naive,2,0.8328613353943297,0.929315173114909,2020-01-08 02:00:00,2021-01-08 02:00:00,2021-01-08 02:00:00,365,1
400,2021-01-09 02:00:00,Decision Tree,2,1.0625219222498505,0.7310770901378142,2020-01-09 02:00:00,2021-01-09 02:00:00,2021-01-09 02:00:00,365,1
401,2021-01-09 02:00:00,Random Forest,2,1.0625219222498505,0.7709311505201656,2020-01-09 02:00:00,2021-01-09 02:00:00,2021-01-09 02:00:00,365,1
402,2021-01-09 02:00:00,Neural Network,2,1.0625219222498505,0.8924565411872863,2020-01-09 02:00:00,2021-01-09 02:00:00,2021-01-09 02:00:00,365,1
403,2021-01-09 02:00:00,Naive,2,1.0625219222498505,0.8328613353943297,2020-01-09 02:00:00,2021-01-09 02:00:00,2021-01-09 02:00:00,365,1
404,2021-01-10 02:00:00,Decision Tree,2,1.009441851760814,0.8201389908011496,2020-01-10 02:00:00,2021-01-10 02:00:00,2021-01-10 02:00:00,365,1
405,2021-01-10 02:00:00,Random Forest,2,1.009441851760814,0.8698801046675044,2020-01-10 02:00:00,2021-01-10 02:00:00,2021-01-10 02:00:00,365,1
406,2021-01-10 02:00:00,Neural Network,2,1.009441851760814,0.917682710752361,2020-01-10 02:00:00,2021-01-10 02:00:00,2021-01-10 02:00:00,365,1
407,2021-01-10 02:00:00,Naive,2,1.009441851760814,1.0625219222498505,2020-01-10 02:00:00,2021-01-10 02:00:00,2021-01-10 02:00:00,365,1
408,2021-01-11 02:00:00,Decision Tree,2,0.7037859868200019,0.8847505752424991,2020-01-11 02:00:00,2021-01-11 02:00:00,2021-01-11 02:00:00,365,1
409,2021-01-11 02:00:00,Random Forest,2,0.7037859868200019,0.6823110749053667,2020-01-11 02:00:00,2021-01-11 02:00:00,2021-01-11 02:00:00,365,1
410,2021-01-11 02:00:00,Neural Network,2,0.7037859868200019,0.2779638213643707,2020-01-11 02:00:00,2021-01-11 02:00:00,2021-01-11 02:00:00,365,1
411,2021-01-11 02:00:00,Naive,2,0.7037859868200019,1.009441851760814,2020-01-11 02:00:00,2021-01-11 02:00:00,2021-01-11 02:00:00,365,1
412,2021-01-12 02:00:00,Decision Tree,2,-1.0458612937579184,-1.0114034361969373,2020-01-12 02:00:00,2021-01-12 02:00:00,2021-01-12 02:00:00,365,1
413,2021-01-12 02:00:00,Random Forest,2,-1.0458612937579184,-1.0082503962558071,2020-01-12 02:00:00,2021-01-12 02:00:00,2021-01-12 02:00:00,365,1
414,2021-01-12 02:00:00,Neural Network,2,-1.0458612937579184,-1.0441717543231441,2020-01-12 02:00:00,2021-01-12 02:00:00,2021-01-12 02:00:00,365,1
415,2021-01-12 02:00:00,Naive,2,-1.0458612937579184,0.7037859868200019,2020-01-12 02:00:00,2021-01-12 02:00:00,2021-01-12 02:00:00,365,1
416,2021-01-13 02:00:00,Decision Tree,2,-0.2184529369261544,-0.2515285232631642,2020-01-13 02:00:00,2021-01-13 02:00:00,2021-01-13 02:00:00,365,1
417,2021-01-13 02:00:00,Random Forest,2,-0.2184529369261544,-0.2436033810444881,2020-01-13 02:00:00,2021-01-13 02:00:00,2021-01-13 02:00:00,365,1
418,2021-01-13 02:00:00,Neural Network,2,-0.2184529369261544,-0.46280693860941385,2020-01-13 02:00:00,2021-01-13 02:00:00,2021-01-13 02:00:00,365,1
419,2021-01-13 02:00:00,Naive,2,-0.2184529369261544,-1.0458612937579184,2020-01-13 02:00:00,2021-01-13 02:00:00,2021-01-13 02:00:00,365,1
420,2021-01-14 02:00:00,Decision Tree,2,0.13648510837107442,0.14342428399601667,2020-01-14 02:00:00,2021-01-14 02:00:00,2021-01-14 02:00:00,365,1
421,2021-01-14 02:00:00,Random Forest,2,0.13648510837107442,0.08433851262112327,2020-01-14 02:00:00,2021-01-14 02:00:00,2021-01-14 02:00:00,365,1
422,2021-01-14 02:00:00,Neural Network,2,0.13648510837107442,-0.1288551731216051,2020-01-14 02:00:00,2021-01-14 02:00:00,2021-01-14 02:00:00,365,1
423,2021-01-14 02:00:00,Naive,2,0.13648510837107442,-0.2184529369261544,2020-01-14 02:00:00,2021-01-14 02:00:00,2021-01-14 02:00:00,365,1
424,2021-01-15 02:00:00,Decision Tree,2,0.8566417803243902,0.8847505752424991,2020-01-15 02:00:00,2021-01-15 02:00:00,2021-01-15 02:00:00,365,1
425,2021-01-15 02:00:00,Random Forest,2,0.8566417803243902,0.89617150493602,2020-01-15 02:00:00,2021-01-15 02:00:00,2021-01-15 02:00:00,365,1
426,2021-01-15 02:00:00,Neural Network,2,0.8566417803243902,0.8353702410680987,2020-01-15 02:00:00,2021-01-15 02:00:00,2021-01-15 02:00:00,365,1
427,2021-01-15 02:00:00,Naive,2,0.8566417803243902,0.13648510837107442,2020-01-15 02:00:00,2021-01-15 02:00:00,2021-01-15 02:00:00,365,1
428,2021-01-16 02:00:00,Decision Tree,2,1.0833394084347123,0.9381564125688587,2020-01-16 02:00:00,2021-01-16 02:00:00,2021-01-16 02:00:00,365,1
429,2021-01-16 02:00:00,Random Forest,2,1.0833394084347123,0.9288251741930474,2020-01-16 02:00:00,2021-01-16 02:00:00,2021-01-16 02:00:00,365,1
430,2021-01-16 02:00:00,Neural Network,2,1.0833394084347123,1.0325817160722979,2020-01-16 02:00:00,2021-01-16 02:00:00,2021-01-16 02:00:00,365,1
431,2021-01-16 02:00:00,Naive,2,1.0833394084347123,0.8566417803243902,2020-01-16 02:00:00,2021-01-16 02:00:00,2021-01-16 02:00:00,365,1
432,2021-01-17 02:00:00,Decision Tree,2,0.8247213175471366,0.9623535785465008,2020-01-17 02:00:00,2021-01-17 02:00:00,2021-01-17 02:00:00,365,1
433,2021-01-17 02:00:00,Random Forest,2,0.8247213175471366,0.8197237157059635,2020-01-17 02:00:00,2021-01-17 02:00:00,2021-01-17 02:00:00,365,1
434,2021-01-17 02:00:00,Neural Network,2,0.8247213175471366,0.649289310721666,2020-01-17 02:00:00,2021-01-17 02:00:00,2021-01-17 02:00:00,365,1
435,2021-01-17 02:00:00,Naive,2,0.8247213175471366,1.0833394084347123,2020-01-17 02:00:00,2021-01-17 02:00:00,2021-01-17 02:00:00,365,1
436,2021-01-18 02:00:00,Decision Tree,2,0.8522696796511425,0.9426918269751632,2020-01-18 02:00:00,2021-01-18 02:00:00,2021-01-18 02:00:00,365,1
437,2021-01-18 02:00:00,Random Forest,2,0.8522696796511425,0.8344410078854605,2020-01-18 02:00:00,2021-01-18 02:00:00,2021-01-18 02:00:00,365,1
438,2021-01-18 02:00:00,Neural Network,2,0.8522696796511425,0.5724676549254326,2020-01-18 02:00:00,2021-01-18 02:00:00,2021-01-18 02:00:00,365,1
439,2021-01-18 02:00:00,Naive,2,0.8522696796511425,0.8247213175471366,2020-01-18 02:00:00,2021-01-18 02:00:00,2021-01-18 02:00:00,365,1
440,2021-01-19 02:00:00,Decision Tree,2,-0.038576858995614915,-0.1068457651038604,2020-01-19 02:00:00,2021-01-19 02:00:00,2021-01-19 02:00:00,365,1
441,2021-01-19 02:00:00,Random Forest,2,-0.038576858995614915,-0.10339706091858906,2020-01-19 02:00:00,2021-01-19 02:00:00,2021-01-19 02:00:00,365,1
442,2021-01-19 02:00:00,Neural Network,2,-0.038576858995614915,-0.18096521388336184,2020-01-19 02:00:00,2021-01-19 02:00:00,2021-01-19 02:00:00,365,1
443,2021-01-19 02:00:00,Naive,2,-0.038576858995614915,0.8522696796511425,2020-01-19 02:00:00,2021-01-19 02:00:00,2021-01-19 02:00:00,365,1
444,2021-01-20 02:00:00,Decision Tree,2,-0.6245836910538795,-0.6018805949324012,2020-01-20 02:00:00,2021-01-20 02:00:00,2021-01-20 02:00:00,365,1
445,2021-01-20 02:00:00,Random Forest,2,-0.6245836910538795,-0.6136351619754816,2020-01-20 02:00:00,2021-01-20 02:00:00,2021-01-20 02:00:00,365,1
446,2021-01-20 02:00:00,Neural Network,2,-0.6245836910538795,-0.5067181576169939,2020-01-20 02:00:00,2021-01-20 02:00:00,2021-01-20 02:00:00,365,1
447,2021-01-20 02:00:00,Naive,2,-0.6245836910538795,-0.038576858995614915,2020-01-20 02:00:00,2021-01-20 02:00:00,2021-01-20 02:00:00,365,1
448,2021-01-21 02:00:00,Decision Tree,2,-1.4592181160300153,-1.3847507865603876,2020-01-21 02:00:00,2021-01-21 02:00:00,2021-01-21 02:00:00,365,1
449,2021-01-21 02:00:00,Random Forest,2,-1.4592181160300153,-1.4001565188764322,2020-01-21 02:00:00,2021-01-21 02:00:00,2021-01-21 02:00:00,365,1
450,2021-01-21 02:00:00,Neural Network,2,-1.4592181160300153,-0.9928263150963885,2020-01-21 02:00:00,2021-01-21 02:00:00,2021-01-21 02:00:00,365,1
451,2021-01-21 02:00:00,Naive,2,-1.4592181160300153,-0.6245836910538795,2020-01-21 02:00:00,2021-01-21 02:00:00,2021-01-21 02:00:00,365,1
452,2021-01-22 02:00:00,Decision Tree,2,-1.3839236413870435,-1.294746471280444,2020-01-22 02:00:00,2021-01-22 02:00:00,2021-01-22 02:00:00,365,1
453,2021-01-22 02:00:00,Random Forest,2,-1.3839236413870435,-1.3213439635618847,2020-01-22 02:00:00,2021-01-22 02:00:00,2021-01-22 02:00:00,365,1
454,2021-01-22 02:00:00,Neural Network,2,-1.3839236413870435,-1.3033817955335416,2020-01-22 02:00:00,2021-01-22 02:00:00,2021-01-22 02:00:00,365,1
455,2021-01-22 02:00:00,Naive,2,-1.3839236413870435,-1.4592181160300153,2020-01-22 02:00:00,2021-01-22 02:00:00,2021-01-22 02:00:00,365,1
456,2021-01-23 02:00:00,Decision Tree,2,0.6628600527444172,0.6341652778054488,2020-01-23 02:00:00,2021-01-23 02:00:00,2021-01-23 02:00:00,365,1
457,2021-01-23 02:00:00,Random Forest,2,0.6628600527444172,0.7007882261487831,2020-01-23 02:00:00,2021-01-23 02:00:00,2021-01-23 02:00:00,365,1
458,2021-01-23 02:00:00,Neural Network,2,0.6628600527444172,0.6537822216167981,2020-01-23 02:00:00,2021-01-23 02:00:00,2021-01-23 02:00:00,365,1
459,2021-01-23 02:00:00,Naive,2,0.6628600527444172,-1.3839236413870435,2020-01-23 02:00:00,2021-01-23 02:00:00,2021-01-23 02:00:00,365,1
460,2021-01-24 02:00:00,Decision Tree,2,0.4535967508126992,0.3629860939153923,2020-01-24 02:00:00,2021-01-24 02:00:00,2021-01-24 02:00:00,365,1
461,2021-01-24 02:00:00,Random Forest,2,0.4535967508126992,0.4270002020906199,2020-01-24 02:00:00,2021-01-24 02:00:00,2021-01-24 02:00:00,365,1
462,2021-01-24 02:00:00,Neural Network,2,0.4535967508126992,0.9021711823764859,2020-01-24 02:00:00,2021-01-24 02:00:00,2021-01-24 02:00:00,365,1
463,2021-01-24 02:00:00,Naive,2,0.4535967508126992,0.6628600527444172,2020-01-24 02:00:00,2021-01-24 02:00:00,2021-01-24 02:00:00,365,1
464,2021-01-25 02:00:00,Decision Tree,2,0.5741237295658181,0.6377521246728198,2020-01-25 02:00:00,2021-01-25 02:00:00,2021-01-25 02:00:00,365,1
465,2021-01-25 02:00:00,Random Forest,2,0.5741237295658181,0.6013877157397305,2020-01-25 02:00:00,2021-01-25 02:00:00,2021-01-25 02:00:00,365,1
466,2021-01-25 02:00:00,Neural Network,2,0.5741237295658181,0.6328414178901737,2020-01-25 02:00:00,2021-01-25 02:00:00,2021-01-25 02:00:00,365,1
467,2021-01-25 02:00:00,Naive,2,0.5741237295658181,0.4535967508126992,2020-01-25 02:00:00,2021-01-25 02:00:00,2021-01-25 02:00:00,365,1
468,2021-01-26 02:00:00,Decision Tree,2,0.8154630163937646,0.9313890585596606,2020-01-26 02:00:00,2021-01-26 02:00:00,2021-01-26 02:00:00,365,1
469,2021-01-26 02:00:00,Random Forest,2,0.8154630163937646,0.847315874182228,2020-01-26 02:00:00,2021-01-26 02:00:00,2021-01-26 02:00:00,365,1
470,2021-01-26 02:00:00,Neural Network,2,0.8154630163937646,0.7410619900050655,2020-01-26 02:00:00,2021-01-26 02:00:00,2021-01-26 02:00:00,365,1
471,2021-01-26 02:00:00,Naive,2,0.8154630163937646,0.5741237295658181,2020-01-26 02:00:00,2021-01-26 02:00:00,2021-01-26 02:00:00,365,1
472,2021-01-27 02:00:00,Decision Tree,2,0.5927093055223479,0.6306823029942641,2020-01-27 02:00:00,2021-01-27 02:00:00,2021-01-27 02:00:00,365,1
473,2021-01-27 02:00:00,Random Forest,2,0.5927093055223479,0.5840799060105617,2020-01-27 02:00:00,2021-01-27 02:00:00,2021-01-27 02:00:00,365,1
474,2021-01-27 02:00:00,Neural Network,2,0.5927093055223479,0.5125286182169296,2020-01-27 02:00:00,2021-01-27 02:00:00,2021-01-27 02:00:00,365,1
475,2021-01-27 02:00:00,Naive,2,0.5927093055223479,0.8154630163937646,2020-01-27 02:00:00,2021-01-27 02:00:00,2021-01-27 02:00:00,365,1
476,2021-01-28 02:00:00,Decision Tree,2,0.6258560580813706,0.5881556026666152,2020-01-28 02:00:00,2021-01-28 02:00:00,2021-01-28 02:00:00,365,1
477,2021-01-28 02:00:00,Random Forest,2,0.6258560580813706,0.6287802123065611,2020-01-28 02:00:00,2021-01-28 02:00:00,2021-01-28 02:00:00,365,1
478,2021-01-28 02:00:00,Neural Network,2,0.6258560580813706,0.7519490978993931,2020-01-28 02:00:00,2021-01-28 02:00:00,2021-01-28 02:00:00,365,1
479,2021-01-28 02:00:00,Naive,2,0.6258560580813706,0.5927093055223479,2020-01-28 02:00:00,2021-01-28 02:00:00,2021-01-28 02:00:00,365,1
480,2021-01-29 02:00:00,Decision Tree,2,0.24608679521456886,0.23320279669646207,2020-01-29 02:00:00,2021-01-29 02:00:00,2021-01-29 02:00:00,365,1
481,2021-01-29 02:00:00,Random Forest,2,0.24608679521456886,0.26954955891140986,2020-01-29 02:00:00,2021-01-29 02:00:00,2021-01-29 02:00:00,365,1
482,2021-01-29 02:00:00,Neural Network,2,0.24608679521456886,0.4049605752752867,2020-01-29 02:00:00,2021-01-29 02:00:00,2021-01-29 02:00:00,365,1
483,2021-01-29 02:00:00,Naive,2,0.24608679521456886,0.6258560580813706,2020-01-29 02:00:00,2021-01-29 02:00:00,2021-01-29 02:00:00,365,1
484,2021-01-30 02:00:00,Decision Tree,2,0.17967123403678825,0.23504336791333452,2020-01-30 02:00:00,2021-01-30 02:00:00,2021-01-30 02:00:00,365,1
485,2021-01-30 02:00:00,Random Forest,2,0.17967123403678825,0.22305214298780612,2020-01-30 02:00:00,2021-01-30 02:00:00,2021-01-30 02:00:00,365,1
486,2021-01-30 02:00:00,Neural Network,2,0.17967123403678825,0.3388632016734823,2020-01-30 02:00:00,2021-01-30 02:00:00,2021-01-30 02:00:00,365,1
487,2021-01-30 02:00:00,Naive,2,0.17967123403678825,0.24608679521456886,2020-01-30 02:00:00,2021-01-30 02:00:00,2021-01-30 02:00:00,365,1
488,2021-01-31 02:00:00,Decision Tree,2,0.4007107614151913,0.43486416709791875,2020-01-31 02:00:00,2021-01-31 02:00:00,2021-01-31 02:00:00,365,1
489,2021-01-31 02:00:00,Random Forest,2,0.4007107614151913,0.3721183394874759,2020-01-31 02:00:00,2021-01-31 02:00:00,2021-01-31 02:00:00,365,1
490,2021-01-31 02:00:00,Neural Network,2,0.4007107614151913,0.5039998989564825,2020-01-31 02:00:00,2021-01-31 02:00:00,2021-01-31 02:00:00,365,1
491,2021-01-31 02:00:00,Naive,2,0.4007107614151913,0.17967123403678825,2020-01-31 02:00:00,2021-01-31 02:00:00,2021-01-31 02:00:00,365,1
492,2021-02-01 02:00:00,Decision Tree,2,0.36407635427304996,0.31643590331528604,2020-02-01 02:00:00,2021-02-01 02:00:00,2021-02-01 02:00:00,365,1
493,2021-02-01 02:00:00,Random Forest,2,0.36407635427304996,0.33469989478904444,2020-02-01 02:00:00,2021-02-01 02:00:00,2021-02-01 02:00:00,365,1
494,2021-02-01 02:00:00,Neural Network,2,0.36407635427304996,0.37140244241357423,2020-02-01 02:00:00,2021-02-01 02:00:00,2021-02-01 02:00:00,365,1
495,2021-02-01 02:00:00,Naive,2,0.36407635427304996,0.4007107614151913,2020-02-01 02:00:00,2021-02-01 02:00:00,2021-02-01 02:00:00,365,1
496,2021-02-02 02:00:00,Decision Tree,2,0.6122237073987006,0.580754803734006,2020-02-02 02:00:00,2021-02-02 02:00:00,2021-02-02 02:00:00,365,1
497,2021-02-02 02:00:00,Random Forest,2,0.6122237073987006,0.6163194770121402,2020-02-02 02:00:00,2021-02-02 02:00:00,2021-02-02 02:00:00,365,1
498,2021-02-02 02:00:00,Neural Network,2,0.6122237073987006,0.8048642563571187,2020-02-02 02:00:00,2021-02-02 02:00:00,2021-02-02 02:00:00,365,1
499,2021-02-02 02:00:00,Naive,2,0.6122237073987006,0.36407635427304996,2020-02-02 02:00:00,2021-02-02 02:00:00,2021-02-02 02:00:00,365,1
500,2021-02-03 02:00:00,Decision Tree,2,-0.3368506737457575,-0.3455772927132957,2020-02-03 02:00:00,2021-02-03 02:00:00,2021-02-03 02:00:00,365,1
501,2021-02-03 02:00:00,Random Forest,2,-0.3368506737457575,-0.35652906420688446,2020-02-03 02:00:00,2021-02-03 02:00:00,2021-02-03 02:00:00,365,1
502,2021-02-03 02:00:00,Neural Network,2,-0.3368506737457575,-0.03829146122653615,2020-02-03 02:00:00,2021-02-03 02:00:00,2021-02-03 02:00:00,365,1
503,2021-02-03 02:00:00,Naive,2,-0.3368506737457575,0.6122237073987006,2020-02-03 02:00:00,2021-02-03 02:00:00,2021-02-03 02:00:00,365,1
504,2021-02-04 02:00:00,Decision Tree,2,-0.1781451691842201,-0.20560035378151983,2020-02-04 02:00:00,2021-02-04 02:00:00,2021-02-04 02:00:00,365,1
505,2021-02-04 02:00:00,Random Forest,2,-0.1781451691842201,-0.20580620701309296,2020-02-04 02:00:00,2021-02-04 02:00:00,2021-02-04 02:00:00,365,1
506,2021-02-04 02:00:00,Neural Network,2,-0.1781451691842201,-0.28832602331922685,2020-02-04 02:00:00,2021-02-04 02:00:00,2021-02-04 02:00:00,365,1
507,2021-02-04 02:00:00,Naive,2,-0.1781451691842201,-0.3368506737457575,2020-02-04 02:00:00,2021-02-04 02:00:00,2021-02-04 02:00:00,365,1
508,2021-02-05 02:00:00,Decision Tree,2,0.5224083898672781,0.4394712520202354,2020-02-05 02:00:00,2021-02-05 02:00:00,2021-02-05 02:00:00,365,1
509,2021-02-05 02:00:00,Random Forest,2,0.5224083898672781,0.4897797866669095,2020-02-05 02:00:00,2021-02-05 02:00:00,2021-02-05 02:00:00,365,1
510,2021-02-05 02:00:00,Neural Network,2,0.5224083898672781,0.4466415933702944,2020-02-05 02:00:00,2021-02-05 02:00:00,2021-02-05 02:00:00,365,1
511,2021-02-05 02:00:00,Naive,2,0.5224083898672781,-0.1781451691842201,2020-02-05 02:00:00,2021-02-05 02:00:00,2021-02-05 02:00:00,365,1
512,2021-02-06 02:00:00,Decision Tree,2,0.24085358573234564,0.2350433679133345,2020-02-06 02:00:00,2021-02-06 02:00:00,2021-02-06 02:00:00,365,1
513,2021-02-06 02:00:00,Random Forest,2,0.24085358573234564,0.23761245958323504,2020-02-06 02:00:00,2021-02-06 02:00:00,2021-02-06 02:00:00,365,1
514,2021-02-06 02:00:00,Neural Network,2,0.24085358573234564,0.0368535686535294,2020-02-06 02:00:00,2021-02-06 02:00:00,2021-02-06 02:00:00,365,1
515,2021-02-06 02:00:00,Naive,2,0.24085358573234564,0.5224083898672781,2020-02-06 02:00:00,2021-02-06 02:00:00,2021-02-06 02:00:00,365,1
516,2021-02-07 02:00:00,Decision Tree,2,-1.7308215961196751,-1.6997085374508465,2020-02-07 02:00:00,2021-02-07 02:00:00,2021-02-07 02:00:00,365,1
517,2021-02-07 02:00:00,Random Forest,2,-1.7308215961196751,-1.6601679540145546,2020-02-07 02:00:00,2021-02-07 02:00:00,2021-02-07 02:00:00,365,1
518,2021-02-07 02:00:00,Neural Network,2,-1.7308215961196751,-1.2452163364096123,2020-02-07 02:00:00,2021-02-07 02:00:00,2021-02-07 02:00:00,365,1
519,2021-02-07 02:00:00,Naive,2,-1.7308215961196751,0.24085358573234564,2020-02-07 02:00:00,2021-02-07 02:00:00,2021-02-07 02:00:00,365,1
520,2021-02-08 02:00:00,Decision Tree,2,-1.270596861748451,-1.273292826557365,2020-02-08 02:00:00,2021-02-08 02:00:00,2021-02-08 02:00:00,365,1
521,2021-02-08 02:00:00,Random Forest,2,-1.270596861748451,-1.2107386806720442,2020-02-08 02:00:00,2021-02-08 02:00:00,2021-02-08 02:00:00,365,1
522,2021-02-08 02:00:00,Neural Network,2,-1.270596861748451,-1.3030601949855292,2020-02-08 02:00:00,2021-02-08 02:00:00,2021-02-08 02:00:00,365,1
523,2021-02-08 02:00:00,Naive,2,-1.270596861748451,-1.7308215961196751,2020-02-08 02:00:00,2021-02-08 02:00:00,2021-02-08 02:00:00,365,1
524,2021-02-09 02:00:00,Decision Tree,2,0.8010341308957033,0.9185083872078942,2020-02-09 02:00:00,2021-02-09 02:00:00,2021-02-09 02:00:00,365,1
525,2021-02-09 02:00:00,Random Forest,2,0.8010341308957033,0.8393194898988746,2020-02-09 02:00:00,2021-02-09 02:00:00,2021-02-09 02:00:00,365,1
526,2021-02-09 02:00:00,Neural Network,2,0.8010341308957033,0.6312416515829911,2020-02-09 02:00:00,2021-02-09 02:00:00,2021-02-09 02:00:00,365,1
527,2021-02-09 02:00:00,Naive,2,0.8010341308957033,-1.270596861748451,2020-02-09 02:00:00,2021-02-09 02:00:00,2021-02-09 02:00:00,365,1
528,2021-02-10 02:00:00,Decision Tree,2,0.8940012053190054,0.9882520271769352,2020-02-10 02:00:00,2021-02-10 02:00:00,2021-02-10 02:00:00,365,1
529,2021-02-10 02:00:00,Random Forest,2,0.8940012053190054,0.9054290579709368,2020-02-10 02:00:00,2021-02-10 02:00:00,2021-02-10 02:00:00,365,1
530,2021-02-10 02:00:00,Neural Network,2,0.8940012053190054,0.8648552802673666,2020-02-10 02:00:00,2021-02-10 02:00:00,2021-02-10 02:00:00,365,1
531,2021-02-10 02:00:00,Naive,2,0.8940012053190054,0.8010341308957033,2020-02-10 02:00:00,2021-02-10 02:00:00,2021-02-10 02:00:00,365,1
532,2021-02-11 02:00:00,Decision Tree,2,1.061671143713194,0.9957239121758581,2020-02-11 02:00:00,2021-02-11 02:00:00,2021-02-11 02:00:00,365,1
533,2021-02-11 02:00:00,Random Forest,2,1.061671143713194,0.977859737421959,2020-02-11 02:00:00,2021-02-11 02:00:00,2021-02-11 02:00:00,365,1
534,2021-02-11 02:00:00,Neural Network,2,1.061671143713194,1.0235121060016859,2020-02-11 02:00:00,2021-02-11 02:00:00,2021-02-11 02:00:00,365,1
535,2021-02-11 02:00:00,Naive,2,1.061671143713194,0.8940012053190054,2020-02-11 02:00:00,2021-02-11 02:00:00,2021-02-11 02:00:00,365,1
536,2021-02-12 02:00:00,Decision Tree,2,0.9385864898728925,1.0292578998546957,2020-02-12 02:00:00,2021-02-12 02:00:00,2021-02-12 02:00:00,365,1
537,2021-02-12 02:00:00,Random Forest,2,0.9385864898728925,0.9150537819907386,2020-02-12 02:00:00,2021-02-12 02:00:00,2021-02-12 02:00:00,365,1
538,2021-02-12 02:00:00,Neural Network,2,0.9385864898728925,0.8646630325354905,2020-02-12 02:00:00,2021-02-12 02:00:00,2021-02-12 02:00:00,365,1
539,2021-02-12 02:00:00,Naive,2,0.9385864898728925,1.061671143713194,2020-02-12 02:00:00,2021-02-12 02:00:00,2021-02-12 02:00:00,365,1
540,2021-02-13 02:00:00,Decision Tree,2,0.8171548778408395,0.8507884548300476,2020-02-13 02:00:00,2021-02-13 02:00:00,2021-02-13 02:00:00,365,1
541,2021-02-13 02:00:00,Random Forest,2,0.8171548778408395,0.8322105668884029,2020-02-13 02:00:00,2021-02-13 02:00:00,2021-02-13 02:00:00,365,1
542,2021-02-13 02:00:00,Neural Network,2,0.8171548778408395,0.8711312238795316,2020-02-13 02:00:00,2021-02-13 02:00:00,2021-02-13 02:00:00,365,1
543,2021-02-13 02:00:00,Naive,2,0.8171548778408395,0.9385864898728925,2020-02-13 02:00:00,2021-02-13 02:00:00,2021-02-13 02:00:00,365,1
544,2021-02-14 02:00:00,Decision Tree,2,0.6077869154050579,0.5943972307253118,2020-02-14 02:00:00,2021-02-14 02:00:00,2021-02-14 02:00:00,365,1
545,2021-02-14 02:00:00,Random Forest,2,0.6077869154050579,0.6341766729677144,2020-02-14 02:00:00,2021-02-14 02:00:00,2021-02-14 02:00:00,365,1
546,2021-02-14 02:00:00,Neural Network,2,0.6077869154050579,0.5795541644724099,2020-02-14 02:00:00,2021-02-14 02:00:00,2021-02-14 02:00:00,365,1
547,2021-02-14 02:00:00,Naive,2,0.6077869154050579,0.8171548778408395,2020-02-14 02:00:00,2021-02-14 02:00:00,2021-02-14 02:00:00,365,1
548,2021-02-15 02:00:00,Decision Tree,2,0.1409212132429534,0.13420468145537723,2020-02-15 02:00:00,2021-02-15 02:00:00,2021-02-15 02:00:00,365,1
549,2021-02-15 02:00:00,Random Forest,2,0.1409212132429534,0.1309749273992327,2020-02-15 02:00:00,2021-02-15 02:00:00,2021-02-15 02:00:00,365,1
550,2021-02-15 02:00:00,Neural Network,2,0.1409212132429534,-0.008056290346831751,2020-02-15 02:00:00,2021-02-15 02:00:00,2021-02-15 02:00:00,365,1
551,2021-02-15 02:00:00,Naive,2,0.1409212132429534,0.6077869154050579,2020-02-15 02:00:00,2021-02-15 02:00:00,2021-02-15 02:00:00,365,1
552,2021-02-16 02:00:00,Decision Tree,2,0.6019708934580685,0.5966288448386028,2020-02-16 02:00:00,2021-02-16 02:00:00,2021-02-16 02:00:00,365,1
553,2021-02-16 02:00:00,Random Forest,2,0.6019708934580685,0.6120364265500654,2020-02-16 02:00:00,2021-02-16 02:00:00,2021-02-16 02:00:00,365,1
554,2021-02-16 02:00:00,Neural Network,2,0.6019708934580685,0.6052182670678604,2020-02-16 02:00:00,2021-02-16 02:00:00,2021-02-16 02:00:00,365,1
555,2021-02-16 02:00:00,Naive,2,0.6019708934580685,0.1409212132429534,2020-02-16 02:00:00,2021-02-16 02:00:00,2021-02-16 02:00:00,365,1
556,2021-02-17 02:00:00,Decision Tree,2,0.3591518527965401,0.38137657596910157,2020-02-17 02:00:00,2021-02-17 02:00:00,2021-02-17 02:00:00,365,1
557,2021-02-17 02:00:00,Random Forest,2,0.3591518527965401,0.3500385836587276,2020-02-17 02:00:00,2021-02-17 02:00:00,2021-02-17 02:00:00,365,1
558,2021-02-17 02:00:00,Neural Network,2,0.3591518527965401,0.06866245830388784,2020-02-17 02:00:00,2021-02-17 02:00:00,2021-02-17 02:00:00,365,1
559,2021-02-17 02:00:00,Naive,2,0.3591518527965401,0.6019708934580685,2020-02-17 02:00:00,2021-02-17 02:00:00,2021-02-17 02:00:00,365,1
560,2021-02-18 02:00:00,Decision Tree,2,0.2933224980379029,0.2295364883513861,2020-02-18 02:00:00,2021-02-18 02:00:00,2021-02-18 02:00:00,365,1
561,2021-02-18 02:00:00,Random Forest,2,0.2933224980379029,0.2672279403602365,2020-02-18 02:00:00,2021-02-18 02:00:00,2021-02-18 02:00:00,365,1
562,2021-02-18 02:00:00,Neural Network,2,0.2933224980379029,0.31403197514291736,2020-02-18 02:00:00,2021-02-18 02:00:00,2021-02-18 02:00:00,365,1
563,2021-02-18 02:00:00,Naive,2,0.2933224980379029,0.3591518527965401,2020-02-18 02:00:00,2021-02-18 02:00:00,2021-02-18 02:00:00,365,1
564,2021-02-19 02:00:00,Decision Tree,2,0.13067172920888248,0.13516418599645955,2020-02-19 02:00:00,2021-02-19 02:00:00,2021-02-19 02:00:00,365,1
565,2021-02-19 02:00:00,Random Forest,2,0.13067172920888248,0.12945263558138936,2020-02-19 02:00:00,2021-02-19 02:00:00,2021-02-19 02:00:00,365,1
566,2021-02-19 02:00:00,Neural Network,2,0.13067172920888248,-0.04475405258356657,2020-02-19 02:00:00,2021-02-19 02:00:00,2021-02-19 02:00:00,365,1
567,2021-02-19 02:00:00,Naive,2,0.13067172920888248,0.2933224980379029,2020-02-19 02:00:00,2021-02-19 02:00:00,2021-02-19 02:00:00,365,1
568,2021-02-20 02:00:00,Decision Tree,2,0.085459908047395,0.0556815495171048,2020-02-20 02:00:00,2021-02-20 02:00:00,2021-02-20 02:00:00,365,1
569,2021-02-20 02:00:00,Random Forest,2,0.085459908047395,0.02934738573345376,2020-02-20 02:00:00,2021-02-20 02:00:00,2021-02-20 02:00:00,365,1
570,2021-02-20 02:00:00,Neural Network,2,0.085459908047395,0.14455873857847557,2020-02-20 02:00:00,2021-02-20 02:00:00,2021-02-20 02:00:00,365,1
571,2021-02-20 02:00:00,Naive,2,0.085459908047395,0.13067172920888248,2020-02-20 02:00:00,2021-02-20 02:00:00,2021-02-20 02:00:00,365,1
572,2021-02-21 02:00:00,Decision Tree,2,-0.834510958621417,-0.8224499439779412,2020-02-21 02:00:00,2021-02-21 02:00:00,2021-02-21 02:00:00,365,1
573,2021-02-21 02:00:00,Random Forest,2,-0.834510958621417,-0.8153553098100867,2020-02-21 02:00:00,2021-02-21 02:00:00,2021-02-21 02:00:00,365,1
574,2021-02-21 02:00:00,Neural Network,2,-0.834510958621417,-0.8855389577856632,2020-02-21 02:00:00,2021-02-21 02:00:00,2021-02-21 02:00:00,365,1
575,2021-02-21 02:00:00,Naive,2,-0.834510958621417,0.085459908047395,2020-02-21 02:00:00,2021-02-21 02:00:00,2021-02-21 02:00:00,365,1
576,2021-02-22 02:00:00,Decision Tree,2,0.2149488477544215,0.20805060064067957,2020-02-22 02:00:00,2021-02-22 02:00:00,2021-02-22 02:00:00,365,1
577,2021-02-22 02:00:00,Random Forest,2,0.2149488477544215,0.22343790741363592,2020-02-22 02:00:00,2021-02-22 02:00:00,2021-02-22 02:00:00,365,1
578,2021-02-22 02:00:00,Neural Network,2,0.2149488477544215,0.21657287408891235,2020-02-22 02:00:00,2021-02-22 02:00:00,2021-02-22 02:00:00,365,1
579,2021-02-22 02:00:00,Naive,2,0.2149488477544215,-0.834510958621417,2020-02-22 02:00:00,2021-02-22 02:00:00,2021-02-22 02:00:00,365,1
580,2021-02-23 02:00:00,Decision Tree,2,0.3007727790200341,0.2897367641895181,2020-02-23 02:00:00,2021-02-23 02:00:00,2021-02-23 02:00:00,365,1
581,2021-02-23 02:00:00,Random Forest,2,0.3007727790200341,0.2715178822124592,2020-02-23 02:00:00,2021-02-23 02:00:00,2021-02-23 02:00:00,365,1
582,2021-02-23 02:00:00,Neural Network,2,0.3007727790200341,0.2867153392464704,2020-02-23 02:00:00,2021-02-23 02:00:00,2021-02-23 02:00:00,365,1
583,2021-02-23 02:00:00,Naive,2,0.3007727790200341,0.2149488477544215,2020-02-23 02:00:00,2021-02-23 02:00:00,2021-02-23 02:00:00,365,1
584,2021-02-24 02:00:00,Decision Tree,2,-0.8480677670842452,-0.8287261881733364,2020-02-24 02:00:00,2021-02-24 02:00:00,2021-02-24 02:00:00,365,1
585,2021-02-24 02:00:00,Random Forest,2,-0.8480677670842452,-0.827490224440932,2020-02-24 02:00:00,2021-02-24 02:00:00,2021-02-24 02:00:00,365,1
586,2021-02-24 02:00:00,Neural Network,2,-0.8480677670842452,-0.7411663562273157,2020-02-24 02:00:00,2021-02-24 02:00:00,2021-02-24 02:00:00,365,1
587,2021-02-24 02:00:00,Naive,2,-0.8480677670842452,0.3007727790200341,2020-02-24 02:00:00,2021-02-24 02:00:00,2021-02-24 02:00:00,365,1
588,2021-02-25 02:00:00,Decision Tree,2,-0.054578195133960374,-0.0989590301253508,2020-02-25 02:00:00,2021-02-25 02:00:00,2021-02-25 02:00:00,365,1
589,2021-02-25 02:00:00,Random Forest,2,-0.054578195133960374,-0.10087826354584262,2020-02-25 02:00:00,2021-02-25 02:00:00,2021-02-25 02:00:00,365,1
590,2021-02-25 02:00:00,Neural Network,2,-0.054578195133960374,0.02148588263481488,2020-02-25 02:00:00,2021-02-25 02:00:00,2021-02-25 02:00:00,365,1
591,2021-02-25 02:00:00,Naive,2,-0.054578195133960374,-0.8480677670842452,2020-02-25 02:00:00,2021-02-25 02:00:00,2021-02-25 02:00:00,365,1
592,2021-02-26 02:00:00,Decision Tree,2,0.4320004591144648,0.4923688618183246,2020-02-26 02:00:00,2021-02-26 02:00:00,2021-02-26 02:00:00,365,1
593,2021-02-26 02:00:00,Random Forest,2,0.4320004591144648,0.43591771761589626,2020-02-26 02:00:00,2021-02-26 02:00:00,2021-02-26 02:00:00,365,1
594,2021-02-26 02:00:00,Neural Network,2,0.4320004591144648,0.4285056150858805,2020-02-26 02:00:00,2021-02-26 02:00:00,2021-02-26 02:00:00,365,1
595,2021-02-26 02:00:00,Naive,2,0.4320004591144648,-0.054578195133960374,2020-02-26 02:00:00,2021-02-26 02:00:00,2021-02-26 02:00:00,365,1
596,2021-02-27 02:00:00,Decision Tree,2,0.39310837230024576,0.3776724554403413,2020-02-27 02:00:00,2021-02-27 02:00:00,2021-02-27 02:00:00,365,1
597,2021-02-27 02:00:00,Random Forest,2,0.39310837230024576,0.38506900877648076,2020-02-27 02:00:00,2021-02-27 02:00:00,2021-02-27 02:00:00,365,1
598,2021-02-27 02:00:00,Neural Network,2,0.39310837230024576,0.42578082996504074,2020-02-27 02:00:00,2021-02-27 02:00:00,2021-02-27 02:00:00,365,1
599,2021-02-27 02:00:00,Naive,2,0.39310837230024576,0.4320004591144648,2020-02-27 02:00:00,2021-02-27 02:00:00,2021-02-27 02:00:00,365,1
600,2021-02-28 02:00:00,Decision Tree,2,0.3282461807778719,0.24170439864141863,2020-02-28 02:00:00,2021-02-28 02:00:00,2021-02-28 02:00:00,365,1
601,2021-02-28 02:00:00,Random Forest,2,0.3282461807778719,0.27262577108981306,2020-02-28 02:00:00,2021-02-28 02:00:00,2021-02-28 02:00:00,365,1
602,2021-02-28 02:00:00,Neural Network,2,0.3282461807778719,0.47792250212014564,2020-02-28 02:00:00,2021-02-28 02:00:00,2021-02-28 02:00:00,365,1
603,2021-02-28 02:00:00,Naive,2,0.3282461807778719,0.39310837230024576,2020-02-28 02:00:00,2021-02-28 02:00:00,2021-02-28 02:00:00,365,1
604,2021-03-01 02:00:00,Decision Tree,2,0.4324644879885694,0.48230746136768127,2020-03-01 02:00:00,2021-03-01 02:00:00,2021-03-01 02:00:00,364,1
605,2021-03-01 02:00:00,Random Forest,2,0.4324644879885694,0.4386590532536143,2020-03-01 02:00:00,2021-03-01 02:00:00,2021-03-01 02:00:00,364,1
606,2021-03-01 02:00:00,Neural Network,2,0.4324644879885694,0.2645908600933964,2020-03-01 02:00:00,2021-03-01 02:00:00,2021-03-01 02:00:00,364,1
607,2021-03-01 02:00:00,Naive,2,0.4324644879885694,0.3282461807778719,2020-03-01 02:00:00,2021-03-01 02:00:00,2021-03-01 02:00:00,364,1
608,2021-03-02 02:00:00,Decision Tree,2,0.5920242501194779,0.5973919946413836,2020-03-02 02:00:00,2021-03-02 02:00:00,2021-03-02 02:00:00,364,1
609,2021-03-02 02:00:00,Random Forest,2,0.5920242501194779,0.6035425964576546,2020-03-02 02:00:00,2021-03-02 02:00:00,2021-03-02 02:00:00,364,1
610,2021-03-02 02:00:00,Neural Network,2,0.5920242501194779,0.6345258844082322,2020-03-02 02:00:00,2021-03-02 02:00:00,2021-03-02 02:00:00,364,1
611,2021-03-02 02:00:00,Naive,2,0.5920242501194779,0.4324644879885694,2020-03-02 02:00:00,2021-03-02 02:00:00,2021-03-02 02:00:00,364,1
612,2021-03-03 02:00:00,Decision Tree,2,0.6201032306488173,0.5967210265761455,2020-03-03 02:00:00,2021-03-03 02:00:00,2021-03-03 02:00:00,364,1
613,2021-03-03 02:00:00,Random Forest,2,0.6201032306488173,0.6200996092977101,2020-03-03 02:00:00,2021-03-03 02:00:00,2021-03-03 02:00:00,364,1
614,2021-03-03 02:00:00,Neural Network,2,0.6201032306488173,0.7310762416504789,2020-03-03 02:00:00,2021-03-03 02:00:00,2021-03-03 02:00:00,364,1
615,2021-03-03 02:00:00,Naive,2,0.6201032306488173,0.5920242501194779,2020-03-03 02:00:00,2021-03-03 02:00:00,2021-03-03 02:00:00,364,1
616,2021-03-04 02:00:00,Decision Tree,2,0.6469238741251553,0.6651553453136776,2020-03-04 02:00:00,2021-03-04 02:00:00,2021-03-04 02:00:00,364,1
617,2021-03-04 02:00:00,Random Forest,2,0.6469238741251553,0.6475311665126321,2020-03-04 02:00:00,2021-03-04 02:00:00,2021-03-04 02:00:00,364,1
618,2021-03-04 02:00:00,Neural Network,2,0.6469238741251553,0.5873989016631592,2020-03-04 02:00:00,2021-03-04 02:00:00,2021-03-04 02:00:00,364,1
619,2021-03-04 02:00:00,Naive,2,0.6469238741251553,0.6201032306488173,2020-03-04 02:00:00,2021-03-04 02:00:00,2021-03-04 02:00:00,364,1
620,2021-03-05 02:00:00,Decision Tree,2,0.5399503490883911,0.4751870365992367,2020-03-05 02:00:00,2021-03-05 02:00:00,2021-03-05 02:00:00,364,1
621,2021-03-05 02:00:00,Random Forest,2,0.5399503490883911,0.553003537154511,2020-03-05 02:00:00,2021-03-05 02:00:00,2021-03-05 02:00:00,364,1
622,2021-03-05 02:00:00,Neural Network,2,0.5399503490883911,0.5837978383357009,2020-03-05 02:00:00,2021-03-05 02:00:00,2021-03-05 02:00:00,364,1
623,2021-03-05 02:00:00,Naive,2,0.5399503490883911,0.6469238741251553,2020-03-05 02:00:00,2021-03-05 02:00:00,2021-03-05 02:00:00,364,1
624,2021-03-06 02:00:00,Decision Tree,2,0.5987923861718106,0.5993190492508869,2020-03-06 02:00:00,2021-03-06 02:00:00,2021-03-06 02:00:00,364,1
625,2021-03-06 02:00:00,Random Forest,2,0.5987923861718106,0.6123771753252414,2020-03-06 02:00:00,2021-03-06 02:00:00,2021-03-06 02:00:00,364,1
626,2021-03-06 02:00:00,Neural Network,2,0.5987923861718106,0.5962579927509803,2020-03-06 02:00:00,2021-03-06 02:00:00,2021-03-06 02:00:00,364,1
627,2021-03-06 02:00:00,Naive,2,0.5987923861718106,0.5399503490883911,2020-03-06 02:00:00,2021-03-06 02:00:00,2021-03-06 02:00:00,364,1
628,2021-03-07 02:00:00,Decision Tree,2,0.4683251222453277,0.38645094911635786,2020-03-07 02:00:00,2021-03-07 02:00:00,2021-03-07 02:00:00,364,1
629,2021-03-07 02:00:00,Random Forest,2,0.4683251222453277,0.4201823950341067,2020-03-07 02:00:00,2021-03-07 02:00:00,2021-03-07 02:00:00,364,1
630,2021-03-07 02:00:00,Neural Network,2,0.4683251222453277,0.4157972363510357,2020-03-07 02:00:00,2021-03-07 02:00:00,2021-03-07 02:00:00,364,1
631,2021-03-07 02:00:00,Naive,2,0.4683251222453277,0.5987923861718106,2020-03-07 02:00:00,2021-03-07 02:00:00,2021-03-07 02:00:00,364,1
632,2021-03-08 02:00:00,Decision Tree,2,0.654527675809067,0.662550849429603,2020-03-08 02:00:00,2021-03-08 02:00:00,2021-03-08 02:00:00,364,1
633,2021-03-08 02:00:00,Random Forest,2,0.654527675809067,0.6467605441316583,2020-03-08 02:00:00,2021-03-08 02:00:00,2021-03-08 02:00:00,364,1
634,2021-03-08 02:00:00,Neural Network,2,0.654527675809067,0.5258645527907918,2020-03-08 02:00:00,2021-03-08 02:00:00,2021-03-08 02:00:00,364,1
635,2021-03-08 02:00:00,Naive,2,0.654527675809067,0.4683251222453277,2020-03-08 02:00:00,2021-03-08 02:00:00,2021-03-08 02:00:00,364,1
636,2021-03-09 02:00:00,Decision Tree,2,0.6077869154050579,0.6129524595411514,2020-03-09 02:00:00,2021-03-09 02:00:00,2021-03-09 02:00:00,364,1
637,2021-03-09 02:00:00,Random Forest,2,0.6077869154050579,0.6280789178525805,2020-03-09 02:00:00,2021-03-09 02:00:00,2021-03-09 02:00:00,364,1
638,2021-03-09 02:00:00,Neural Network,2,0.6077869154050579,0.5922143896012518,2020-03-09 02:00:00,2021-03-09 02:00:00,2021-03-09 02:00:00,364,1
639,2021-03-09 02:00:00,Naive,2,0.6077869154050579,0.654527675809067,2020-03-09 02:00:00,2021-03-09 02:00:00,2021-03-09 02:00:00,364,1
640,2021-03-10 02:00:00,Decision Tree,2,0.9649595023324106,1.0311121632062927,2020-03-10 02:00:00,2021-03-10 02:00:00,2021-03-10 02:00:00,364,1
641,2021-03-10 02:00:00,Random Forest,2,0.9649595023324106,1.001088848113349,2020-03-10 02:00:00,2021-03-10 02:00:00,2021-03-10 02:00:00,364,1
642,2021-03-10 02:00:00,Neural Network,2,0.9649595023324106,0.9407204459874826,2020-03-10 02:00:00,2021-03-10 02:00:00,2021-03-10 02:00:00,364,1
643,2021-03-10 02:00:00,Naive,2,0.9649595023324106,0.6077869154050579,2020-03-10 02:00:00,2021-03-10 02:00:00,2021-03-10 02:00:00,364,1
644,2021-03-11 02:00:00,Decision Tree,2,-1.72818839247702,-1.6831530181141214,2020-03-11 02:00:00,2021-03-11 02:00:00,2021-03-11 02:00:00,364,1
645,2021-03-11 02:00:00,Random Forest,2,-1.72818839247702,-1.686623133230888,2020-03-11 02:00:00,2021-03-11 02:00:00,2021-03-11 02:00:00,364,1
646,2021-03-11 02:00:00,Neural Network,2,-1.72818839247702,-1.6456197671781736,2020-03-11 02:00:00,2021-03-11 02:00:00,2021-03-11 02:00:00,364,1
647,2021-03-11 02:00:00,Naive,2,-1.72818839247702,0.9649595023324106,2020-03-11 02:00:00,2021-03-11 02:00:00,2021-03-11 02:00:00,364,1
648,2021-03-12 02:00:00,Decision Tree,2,-1.5994600936017065,-1.5676479567811559,2020-03-12 02:00:00,2021-03-12 02:00:00,2021-03-12 02:00:00,364,1
649,2021-03-12 02:00:00,Random Forest,2,-1.5994600936017065,-1.5695766696483837,2020-03-12 02:00:00,2021-03-12 02:00:00,2021-03-12 02:00:00,364,1
650,2021-03-12 02:00:00,Neural Network,2,-1.5994600936017065,-1.640557208652284,2020-03-12 02:00:00,2021-03-12 02:00:00,2021-03-12 02:00:00,364,1
651,2021-03-12 02:00:00,Naive,2,-1.5994600936017065,-1.72818839247702,2020-03-12 02:00:00,2021-03-12 02:00:00,2021-03-12 02:00:00,364,1
652,2021-03-13 02:00:00,Decision Tree,2,-0.9722763889866519,-0.9256282606836489,2020-03-13 02:00:00,2021-03-13 02:00:00,2021-03-13 02:00:00,364,1
653,2021-03-13 02:00:00,Random Forest,2,-0.9722763889866519,-0.9306771574682635,2020-03-13 02:00:00,2021-03-13 02:00:00,2021-03-13 02:00:00,364,1
654,2021-03-13 02:00:00,Neural Network,2,-0.9722763889866519,-1.0530237189708038,2020-03-13 02:00:00,2021-03-13 02:00:00,2021-03-13 02:00:00,364,1
655,2021-03-13 02:00:00,Naive,2,-0.9722763889866519,-1.5994600936017065,2020-03-13 02:00:00,2021-03-13 02:00:00,2021-03-13 02:00:00,364,1
656,2021-03-14 02:00:00,Decision Tree,2,-1.7286944422861075,-1.7014799430209735,2020-03-14 02:00:00,2021-03-14 02:00:00,2021-03-14 02:00:00,364,1
657,2021-03-14 02:00:00,Random Forest,2,-1.7286944422861075,-1.7221189364162588,2020-03-14 02:00:00,2021-03-14 02:00:00,2021-03-14 02:00:00,364,1
658,2021-03-14 02:00:00,Neural Network,2,-1.7286944422861075,-1.6991764122970103,2020-03-14 02:00:00,2021-03-14 02:00:00,2021-03-14 02:00:00,364,1
659,2021-03-14 02:00:00,Naive,2,-1.7286944422861075,-0.9722763889866519,2020-03-14 02:00:00,2021-03-14 02:00:00,2021-03-14 02:00:00,364,1
660,2021-03-15 02:00:00,Decision Tree,2,0.047503072410945424,-0.02099904990723798,2020-03-15 02:00:00,2021-03-15 02:00:00,2021-03-15 02:00:00,364,1
661,2021-03-15 02:00:00,Random Forest,2,0.047503072410945424,0.002399887231344848,2020-03-15 02:00:00,2021-03-15 02:00:00,2021-03-15 02:00:00,364,1
662,2021-03-15 02:00:00,Neural Network,2,0.047503072410945424,-0.24003273016048682,2020-03-15 02:00:00,2021-03-15 02:00:00,2021-03-15 02:00:00,364,1
663,2021-03-15 02:00:00,Naive,2,0.047503072410945424,-1.7286944422861075,2020-03-15 02:00:00,2021-03-15 02:00:00,2021-03-15 02:00:00,364,1
664,2021-03-16 02:00:00,Decision Tree,2,0.6637929042505273,0.6615479527270359,2020-03-16 02:00:00,2021-03-16 02:00:00,2021-03-16 02:00:00,364,1
665,2021-03-16 02:00:00,Random Forest,2,0.6637929042505273,0.6567639719932549,2020-03-16 02:00:00,2021-03-16 02:00:00,2021-03-16 02:00:00,364,1
666,2021-03-16 02:00:00,Neural Network,2,0.6637929042505273,0.3987758754274111,2020-03-16 02:00:00,2021-03-16 02:00:00,2021-03-16 02:00:00,364,1
667,2021-03-16 02:00:00,Naive,2,0.6637929042505273,0.047503072410945424,2020-03-16 02:00:00,2021-03-16 02:00:00,2021-03-16 02:00:00,364,1
668,2021-03-17 02:00:00,Decision Tree,2,0.6386116169426298,0.6617973917852016,2020-03-17 02:00:00,2021-03-17 02:00:00,2021-03-17 02:00:00,364,1
669,2021-03-17 02:00:00,Random Forest,2,0.6386116169426298,0.657290385098329,2020-03-17 02:00:00,2021-03-17 02:00:00,2021-03-17 02:00:00,364,1
670,2021-03-17 02:00:00,Neural Network,2,0.6386116169426298,0.5511554344718467,2020-03-17 02:00:00,2021-03-17 02:00:00,2021-03-17 02:00:00,364,1
671,2021-03-17 02:00:00,Naive,2,0.6386116169426298,0.6637929042505273,2020-03-17 02:00:00,2021-03-17 02:00:00,2021-03-17 02:00:00,364,1
672,2021-03-18 02:00:00,Decision Tree,2,0.8551334372510698,0.8367684179207889,2020-03-18 02:00:00,2021-03-18 02:00:00,2021-03-18 02:00:00,364,1
673,2021-03-18 02:00:00,Random Forest,2,0.8551334372510698,0.8836975645215703,2020-03-18 02:00:00,2021-03-18 02:00:00,2021-03-18 02:00:00,364,1
674,2021-03-18 02:00:00,Neural Network,2,0.8551334372510698,0.8431258671149651,2020-03-18 02:00:00,2021-03-18 02:00:00,2021-03-18 02:00:00,364,1
675,2021-03-18 02:00:00,Naive,2,0.8551334372510698,0.6386116169426298,2020-03-18 02:00:00,2021-03-18 02:00:00,2021-03-18 02:00:00,364,1
676,2021-03-19 02:00:00,Decision Tree,2,0.9959852991940249,1.0363867656981962,2020-03-19 02:00:00,2021-03-19 02:00:00,2021-03-19 02:00:00,364,1
677,2021-03-19 02:00:00,Random Forest,2,0.9959852991940249,1.0060758514523702,2020-03-19 02:00:00,2021-03-19 02:00:00,2021-03-19 02:00:00,364,1
678,2021-03-19 02:00:00,Neural Network,2,0.9959852991940249,0.8894811256293651,2020-03-19 02:00:00,2021-03-19 02:00:00,2021-03-19 02:00:00,364,1
679,2021-03-19 02:00:00,Naive,2,0.9959852991940249,0.8551334372510698,2020-03-19 02:00:00,2021-03-19 02:00:00,2021-03-19 02:00:00,364,1
680,2021-03-20 02:00:00,Decision Tree,2,1.2390947760003646,1.005727598834101,2020-03-20 02:00:00,2021-03-20 02:00:00,2021-03-20 02:00:00,364,1
681,2021-03-20 02:00:00,Random Forest,2,1.2390947760003646,1.0216799779249055,2020-03-20 02:00:00,2021-03-20 02:00:00,2021-03-20 02:00:00,364,1
682,2021-03-20 02:00:00,Neural Network,2,1.2390947760003646,1.1214193427165113,2020-03-20 02:00:00,2021-03-20 02:00:00,2021-03-20 02:00:00,364,1
683,2021-03-20 02:00:00,Naive,2,1.2390947760003646,0.9959852991940249,2020-03-20 02:00:00,2021-03-20 02:00:00,2021-03-20 02:00:00,364,1
684,2021-03-21 02:00:00,Decision Tree,2,-0.3098802351147208,-0.31130501990501297,2020-03-21 02:00:00,2021-03-21 02:00:00,2021-03-21 02:00:00,364,1
685,2021-03-21 02:00:00,Random Forest,2,-0.3098802351147208,-0.3033597438119762,2020-03-21 02:00:00,2021-03-21 02:00:00,2021-03-21 02:00:00,364,1
686,2021-03-21 02:00:00,Neural Network,2,-0.3098802351147208,-0.44407867765968223,2020-03-21 02:00:00,2021-03-21 02:00:00,2021-03-21 02:00:00,364,1
687,2021-03-21 02:00:00,Naive,2,-0.3098802351147208,1.2390947760003646,2020-03-21 02:00:00,2021-03-21 02:00:00,2021-03-21 02:00:00,364,1
688,2021-03-22 02:00:00,Decision Tree,2,0.8276877380675418,0.8947356171764532,2020-03-22 02:00:00,2021-03-22 02:00:00,2021-03-22 02:00:00,364,1
689,2021-03-22 02:00:00,Random Forest,2,0.8276877380675418,0.8517319485498183,2020-03-22 02:00:00,2021-03-22 02:00:00,2021-03-22 02:00:00,364,1
690,2021-03-22 02:00:00,Neural Network,2,0.8276877380675418,0.6667541338729914,2020-03-22 02:00:00,2021-03-22 02:00:00,2021-03-22 02:00:00,364,1
691,2021-03-22 02:00:00,Naive,2,0.8276877380675418,-0.3098802351147208,2020-03-22 02:00:00,2021-03-22 02:00:00,2021-03-22 02:00:00,364,1
692,2021-03-23 02:00:00,Decision Tree,2,0.9764871798424444,1.0595734148121958,2020-03-23 02:00:00,2021-03-23 02:00:00,2021-03-23 02:00:00,364,1
693,2021-03-23 02:00:00,Random Forest,2,0.9764871798424444,1.0080175657041421,2020-03-23 02:00:00,2021-03-23 02:00:00,2021-03-23 02:00:00,364,1
694,2021-03-23 02:00:00,Neural Network,2,0.9764871798424444,0.9251661719866834,2020-03-23 02:00:00,2021-03-23 02:00:00,2021-03-23 02:00:00,364,1
695,2021-03-23 02:00:00,Naive,2,0.9764871798424444,0.8276877380675418,2020-03-23 02:00:00,2021-03-23 02:00:00,2021-03-23 02:00:00,364,1
696,2021-03-24 02:00:00,Decision Tree,2,0.6558170812447516,0.6635193566003761,2020-03-24 02:00:00,2021-03-24 02:00:00,2021-03-24 02:00:00,364,1
697,2021-03-24 02:00:00,Random Forest,2,0.6558170812447516,0.6651948246428036,2020-03-24 02:00:00,2021-03-24 02:00:00,2021-03-24 02:00:00,364,1
698,2021-03-24 02:00:00,Neural Network,2,0.6558170812447516,0.6289598993392663,2020-03-24 02:00:00,2021-03-24 02:00:00,2021-03-24 02:00:00,364,1
699,2021-03-24 02:00:00,Naive,2,0.6558170812447516,0.9764871798424444,2020-03-24 02:00:00,2021-03-24 02:00:00,2021-03-24 02:00:00,364,1
700,2021-03-25 02:00:00,Decision Tree,2,0.9200870772343123,1.0491876354409768,2020-03-25 02:00:00,2021-03-25 02:00:00,2021-03-25 02:00:00,364,1
701,2021-03-25 02:00:00,Random Forest,2,0.9200870772343123,0.9587680291971344,2020-03-25 02:00:00,2021-03-25 02:00:00,2021-03-25 02:00:00,364,1
702,2021-03-25 02:00:00,Neural Network,2,0.9200870772343123,0.9102984870228563,2020-03-25 02:00:00,2021-03-25 02:00:00,2021-03-25 02:00:00,364,1
703,2021-03-25 02:00:00,Naive,2,0.9200870772343123,0.6558170812447516,2020-03-25 02:00:00,2021-03-25 02:00:00,2021-03-25 02:00:00,364,1
704,2021-03-26 02:00:00,Decision Tree,2,0.8736475539279113,0.9074246765584378,2020-03-26 02:00:00,2021-03-26 02:00:00,2021-03-26 02:00:00,364,1
705,2021-03-26 02:00:00,Random Forest,2,0.8736475539279113,0.9239748272281615,2020-03-26 02:00:00,2021-03-26 02:00:00,2021-03-26 02:00:00,364,1
706,2021-03-26 02:00:00,Neural Network,2,0.8736475539279113,0.7772112688223463,2020-03-26 02:00:00,2021-03-26 02:00:00,2021-03-26 02:00:00,364,1
707,2021-03-26 02:00:00,Naive,2,0.8736475539279113,0.9200870772343123,2020-03-26 02:00:00,2021-03-26 02:00:00,2021-03-26 02:00:00,364,1
708,2021-03-27 02:00:00,Decision Tree,2,0.02464666858800517,-0.011213032433211782,2020-03-27 02:00:00,2021-03-27 02:00:00,2021-03-27 02:00:00,364,1
709,2021-03-27 02:00:00,Random Forest,2,0.02464666858800517,0.015506277319242423,2020-03-27 02:00:00,2021-03-27 02:00:00,2021-03-27 02:00:00,364,1
710,2021-03-27 02:00:00,Neural Network,2,0.02464666858800517,-0.11517712671793962,2020-03-27 02:00:00,2021-03-27 02:00:00,2021-03-27 02:00:00,364,1
711,2021-03-27 02:00:00,Naive,2,0.02464666858800517,0.8736475539279113,2020-03-27 02:00:00,2021-03-27 02:00:00,2021-03-27 02:00:00,364,1
712,2021-03-29 02:00:00,Decision Tree,2,-0.8867634813625788,-0.868575052398089,2020-03-29 02:00:00,2021-03-29 02:00:00,2021-03-29 02:00:00,363,1
713,2021-03-29 02:00:00,Random Forest,2,-0.8867634813625788,-0.8687521453450563,2020-03-29 02:00:00,2021-03-29 02:00:00,2021-03-29 02:00:00,363,1
714,2021-03-29 02:00:00,Neural Network,2,-0.8867634813625788,-0.9684194246761682,2020-03-29 02:00:00,2021-03-29 02:00:00,2021-03-29 02:00:00,363,1
715,2021-03-29 02:00:00,Naive,2,-0.8867634813625788,0.02464666858800517,2020-03-29 02:00:00,2021-03-29 02:00:00,2021-03-29 02:00:00,363,1
716,2021-03-30 02:00:00,Decision Tree,2,0.6285547383012591,0.6666359798369706,2020-03-30 02:00:00,2021-03-30 02:00:00,2021-03-30 02:00:00,364,1
717,2021-03-30 02:00:00,Random Forest,2,0.6285547383012591,0.6557750198024179,2020-03-30 02:00:00,2021-03-30 02:00:00,2021-03-30 02:00:00,364,1
718,2021-03-30 02:00:00,Neural Network,2,0.6285547383012591,0.5314431782307109,2020-03-30 02:00:00,2021-03-30 02:00:00,2021-03-30 02:00:00,364,1
719,2021-03-30 02:00:00,Naive,2,0.6285547383012591,-0.8867634813625788,2020-03-30 02:00:00,2021-03-30 02:00:00,2021-03-30 02:00:00,364,1
720,2021-03-31 02:00:00,Decision Tree,2,0.9257302779161626,1.0491876354409768,2020-03-31 02:00:00,2021-03-31 02:00:00,2021-03-31 02:00:00,364,1
721,2021-03-31 02:00:00,Random Forest,2,0.9257302779161626,0.9636994166428754,2020-03-31 02:00:00,2021-03-31 02:00:00,2021-03-31 02:00:00,364,1
722,2021-03-31 02:00:00,Neural Network,2,0.9257302779161626,0.7733347404412383,2020-03-31 02:00:00,2021-03-31 02:00:00,2021-03-31 02:00:00,364,1
723,2021-03-31 02:00:00,Naive,2,0.9257302779161626,0.6285547383012591,2020-03-31 02:00:00,2021-03-31 02:00:00,2021-03-31 02:00:00,364,1
724,2021-04-01 02:00:00,Decision Tree,2,0.6499829276648392,0.6448715680014022,2020-04-01 02:00:00,2021-04-01 02:00:00,2021-04-01 02:00:00,364,1
725,2021-04-01 02:00:00,Random Forest,2,0.6499829276648392,0.6467907081237255,2020-04-01 02:00:00,2021-04-01 02:00:00,2021-04-01 02:00:00,364,1
726,2021-04-01 02:00:00,Neural Network,2,0.6499829276648392,0.5018560563328749,2020-04-01 02:00:00,2021-04-01 02:00:00,2021-04-01 02:00:00,364,1
727,2021-04-01 02:00:00,Naive,2,0.6499829276648392,0.9257302779161626,2020-04-01 02:00:00,2021-04-01 02:00:00,2021-04-01 02:00:00,364,1
728,2021-04-02 02:00:00,Decision Tree,2,0.7586133989244265,0.8314408125962132,2020-04-02 02:00:00,2021-04-02 02:00:00,2021-04-02 02:00:00,364,1
729,2021-04-02 02:00:00,Random Forest,2,0.7586133989244265,0.8247547669927907,2020-04-02 02:00:00,2021-04-02 02:00:00,2021-04-02 02:00:00,364,1
730,2021-04-02 02:00:00,Neural Network,2,0.7586133989244265,0.5228147564778665,2020-04-02 02:00:00,2021-04-02 02:00:00,2021-04-02 02:00:00,364,1
731,2021-04-02 02:00:00,Naive,2,0.7586133989244265,0.6499829276648392,2020-04-02 02:00:00,2021-04-02 02:00:00,2021-04-02 02:00:00,364,1
732,2021-04-03 02:00:00,Decision Tree,2,0.1311237733634206,0.1792295007981379,2020-04-03 02:00:00,2021-04-03 02:00:00,2021-04-03 02:00:00,364,1
733,2021-04-03 02:00:00,Random Forest,2,0.1311237733634206,0.18451450268372172,2020-04-03 02:00:00,2021-04-03 02:00:00,2021-04-03 02:00:00,364,1
734,2021-04-03 02:00:00,Neural Network,2,0.1311237733634206,-0.004859354501070057,2020-04-03 02:00:00,2021-04-03 02:00:00,2021-04-03 02:00:00,364,1
735,2021-04-03 02:00:00,Naive,2,0.1311237733634206,0.7586133989244265,2020-04-03 02:00:00,2021-04-03 02:00:00,2021-04-03 02:00:00,364,1
736,2021-04-04 02:00:00,Decision Tree,2,0.2982841589073163,0.3106103875366236,2020-04-04 02:00:00,2021-04-04 02:00:00,2021-04-04 02:00:00,364,1
737,2021-04-04 02:00:00,Random Forest,2,0.2982841589073163,0.30737246535161944,2020-04-04 02:00:00,2021-04-04 02:00:00,2021-04-04 02:00:00,364,1
738,2021-04-04 02:00:00,Neural Network,2,0.2982841589073163,0.20463225144386127,2020-04-04 02:00:00,2021-04-04 02:00:00,2021-04-04 02:00:00,364,1
739,2021-04-04 02:00:00,Naive,2,0.2982841589073163,0.1311237733634206,2020-04-04 02:00:00,2021-04-04 02:00:00,2021-04-04 02:00:00,364,1
740,2021-04-05 02:00:00,Decision Tree,2,-2.28121393376823,-1.8618532892905137,2020-04-05 02:00:00,2021-04-05 02:00:00,2021-04-05 02:00:00,364,1
741,2021-04-05 02:00:00,Random Forest,2,-2.28121393376823,-1.865785869497547,2020-04-05 02:00:00,2021-04-05 02:00:00,2021-04-05 02:00:00,364,1
742,2021-04-05 02:00:00,Neural Network,2,-2.28121393376823,-1.896891859497188,2020-04-05 02:00:00,2021-04-05 02:00:00,2021-04-05 02:00:00,364,1
743,2021-04-05 02:00:00,Naive,2,-2.28121393376823,0.2982841589073163,2020-04-05 02:00:00,2021-04-05 02:00:00,2021-04-05 02:00:00,364,1
744,2021-04-06 02:00:00,Decision Tree,2,-1.3072304313663323,-1.2665837481931443,2020-04-06 02:00:00,2021-04-06 02:00:00,2021-04-06 02:00:00,364,1
745,2021-04-06 02:00:00,Random Forest,2,-1.3072304313663323,-1.2920034029685383,2020-04-06 02:00:00,2021-04-06 02:00:00,2021-04-06 02:00:00,364,1
746,2021-04-06 02:00:00,Neural Network,2,-1.3072304313663323,-1.48389089688731,2020-04-06 02:00:00,2021-04-06 02:00:00,2021-04-06 02:00:00,364,1
747,2021-04-06 02:00:00,Naive,2,-1.3072304313663323,-2.28121393376823,2020-04-06 02:00:00,2021-04-06 02:00:00,2021-04-06 02:00:00,364,1
748,2021-04-07 02:00:00,Decision Tree,2,0.7199589637842021,0.8033973483203741,2020-04-07 02:00:00,2021-04-07 02:00:00,2021-04-07 02:00:00,364,1
749,2021-04-07 02:00:00,Random Forest,2,0.7199589637842021,0.7963158314382177,2020-04-07 02:00:00,2021-04-07 02:00:00,2021-04-07 02:00:00,364,1
750,2021-04-07 02:00:00,Neural Network,2,0.7199589637842021,0.7085003746290373,2020-04-07 02:00:00,2021-04-07 02:00:00,2021-04-07 02:00:00,364,1
751,2021-04-07 02:00:00,Naive,2,0.7199589637842021,-1.3072304313663323,2020-04-07 02:00:00,2021-04-07 02:00:00,2021-04-07 02:00:00,364,1
752,2021-04-08 02:00:00,Decision Tree,2,0.36447678455043814,0.43841418436180063,2020-04-08 02:00:00,2021-04-08 02:00:00,2021-04-08 02:00:00,364,1
753,2021-04-08 02:00:00,Random Forest,2,0.36447678455043814,0.4233278159105068,2020-04-08 02:00:00,2021-04-08 02:00:00,2021-04-08 02:00:00,364,1
754,2021-04-08 02:00:00,Neural Network,2,0.36447678455043814,0.2927977637149883,2020-04-08 02:00:00,2021-04-08 02:00:00,2021-04-08 02:00:00,364,1
755,2021-04-08 02:00:00,Naive,2,0.36447678455043814,0.7199589637842021,2020-04-08 02:00:00,2021-04-08 02:00:00,2021-04-08 02:00:00,364,1
756,2021-04-09 02:00:00,Decision Tree,2,0.274528325059689,0.30884949773243686,2020-04-09 02:00:00,2021-04-09 02:00:00,2021-04-09 02:00:00,364,1
757,2021-04-09 02:00:00,Random Forest,2,0.274528325059689,0.3039522531281462,2020-04-09 02:00:00,2021-04-09 02:00:00,2021-04-09 02:00:00,364,1
758,2021-04-09 02:00:00,Neural Network,2,0.274528325059689,0.16019059791258045,2020-04-09 02:00:00,2021-04-09 02:00:00,2021-04-09 02:00:00,364,1
759,2021-04-09 02:00:00,Naive,2,0.274528325059689,0.36447678455043814,2020-04-09 02:00:00,2021-04-09 02:00:00,2021-04-09 02:00:00,364,1
760,2021-04-10 02:00:00,Decision Tree,2,1.171987586179264,1.0491876354409768,2020-04-10 02:00:00,2021-04-10 02:00:00,2021-04-10 02:00:00,364,1
761,2021-04-10 02:00:00,Random Forest,2,1.171987586179264,1.0728847294215706,2020-04-10 02:00:00,2021-04-10 02:00:00,2021-04-10 02:00:00,364,1
762,2021-04-10 02:00:00,Neural Network,2,1.171987586179264,0.9685954202974224,2020-04-10 02:00:00,2021-04-10 02:00:00,2021-04-10 02:00:00,364,1
763,2021-04-10 02:00:00,Naive,2,1.171987586179264,0.274528325059689,2020-04-10 02:00:00,2021-04-10 02:00:00,2021-04-10 02:00:00,364,1
764,2021-04-11 02:00:00,Decision Tree,2,0.4745220295653447,0.549513478804396,2020-04-11 02:00:00,2021-04-11 02:00:00,2021-04-11 02:00:00,364,1
765,2021-04-11 02:00:00,Random Forest,2,0.4745220295653447,0.5185597690730077,2020-04-11 02:00:00,2021-04-11 02:00:00,2021-04-11 02:00:00,364,1
766,2021-04-11 02:00:00,Neural Network,2,0.4745220295653447,0.3824170009755008,2020-04-11 02:00:00,2021-04-11 02:00:00,2021-04-11 02:00:00,364,1
767,2021-04-11 02:00:00,Naive,2,0.4745220295653447,1.171987586179264,2020-04-11 02:00:00,2021-04-11 02:00:00,2021-04-11 02:00:00,364,1
768,2021-04-12 02:00:00,Decision Tree,2,0.9130556955489418,0.9135612962308656,2020-04-12 02:00:00,2021-04-12 02:00:00,2021-04-12 02:00:00,364,1
769,2021-04-12 02:00:00,Random Forest,2,0.9130556955489418,0.9370990063878567,2020-04-12 02:00:00,2021-04-12 02:00:00,2021-04-12 02:00:00,364,1
770,2021-04-12 02:00:00,Neural Network,2,0.9130556955489418,0.6769216115512969,2020-04-12 02:00:00,2021-04-12 02:00:00,2021-04-12 02:00:00,364,1
771,2021-04-12 02:00:00,Naive,2,0.9130556955489418,0.4745220295653447,2020-04-12 02:00:00,2021-04-12 02:00:00,2021-04-12 02:00:00,364,1
772,2021-04-13 02:00:00,Decision Tree,2,0.9372634300157241,1.0750661459218336,2020-04-13 02:00:00,2021-04-13 02:00:00,2021-04-13 02:00:00,364,1
773,2021-04-13 02:00:00,Random Forest,2,0.9372634300157241,0.99049779739614,2020-04-13 02:00:00,2021-04-13 02:00:00,2021-04-13 02:00:00,364,1
774,2021-04-13 02:00:00,Neural Network,2,0.9372634300157241,0.9597442237602558,2020-04-13 02:00:00,2021-04-13 02:00:00,2021-04-13 02:00:00,364,1
775,2021-04-13 02:00:00,Naive,2,0.9372634300157241,0.9130556955489418,2020-04-13 02:00:00,2021-04-13 02:00:00,2021-04-13 02:00:00,364,1
776,2021-04-14 02:00:00,Decision Tree,2,1.1005780718797737,1.0750661459218334,2020-04-14 02:00:00,2021-04-14 02:00:00,2021-04-14 02:00:00,364,1
777,2021-04-14 02:00:00,Random Forest,2,1.1005780718797737,1.1272056039974876,2020-04-14 02:00:00,2021-04-14 02:00:00,2021-04-14 02:00:00,364,1
778,2021-04-14 02:00:00,Neural Network,2,1.1005780718797737,1.1419464647367075,2020-04-14 02:00:00,2021-04-14 02:00:00,2021-04-14 02:00:00,364,1
779,2021-04-14 02:00:00,Naive,2,1.1005780718797737,0.9372634300157241,2020-04-14 02:00:00,2021-04-14 02:00:00,2021-04-14 02:00:00,364,1
780,2021-04-15 02:00:00,Decision Tree,2,1.22167944174169,1.0779008043616047,2020-04-15 02:00:00,2021-04-15 02:00:00,2021-04-15 02:00:00,364,1
781,2021-04-15 02:00:00,Random Forest,2,1.22167944174169,1.1178282880243615,2020-04-15 02:00:00,2021-04-15 02:00:00,2021-04-15 02:00:00,364,1
782,2021-04-15 02:00:00,Neural Network,2,1.22167944174169,1.317293004593865,2020-04-15 02:00:00,2021-04-15 02:00:00,2021-04-15 02:00:00,364,1
783,2021-04-15 02:00:00,Naive,2,1.22167944174169,1.1005780718797737,2020-04-15 02:00:00,2021-04-15 02:00:00,2021-04-15 02:00:00,364,1
784,2021-04-16 02:00:00,Decision Tree,2,0.9746916383271922,1.1344103357426927,2020-04-16 02:00:00,2021-04-16 02:00:00,2021-04-16 02:00:00,364,1
785,2021-04-16 02:00:00,Random Forest,2,0.9746916383271922,1.0789236435661105,2020-04-16 02:00:00,2021-04-16 02:00:00,2021-04-16 02:00:00,364,1
786,2021-04-16 02:00:00,Neural Network,2,0.9746916383271922,1.011711833259719,2020-04-16 02:00:00,2021-04-16 02:00:00,2021-04-16 02:00:00,364,1
787,2021-04-16 02:00:00,Naive,2,0.9746916383271922,1.22167944174169,2020-04-16 02:00:00,2021-04-16 02:00:00,2021-04-16 02:00:00,364,1
788,2021-04-17 02:00:00,Decision Tree,2,1.2243189442975084,1.1344103357426927,2020-04-17 02:00:00,2021-04-17 02:00:00,2021-04-17 02:00:00,364,1
789,2021-04-17 02:00:00,Random Forest,2,1.2243189442975084,1.1749270765269226,2020-04-17 02:00:00,2021-04-17 02:00:00,2021-04-17 02:00:00,364,1
790,2021-04-17 02:00:00,Neural Network,2,1.2243189442975084,1.2936866261234132,2020-04-17 02:00:00,2021-04-17 02:00:00,2021-04-17 02:00:00,364,1
791,2021-04-17 02:00:00,Naive,2,1.2243189442975084,0.9746916383271922,2020-04-17 02:00:00,2021-04-17 02:00:00,2021-04-17 02:00:00,364,1
792,2021-04-18 02:00:00,Decision Tree,2,1.421149453139571,1.1456489118120448,2020-04-18 02:00:00,2021-04-18 02:00:00,2021-04-18 02:00:00,364,1
793,2021-04-18 02:00:00,Random Forest,2,1.421149453139571,1.1947319930226046,2020-04-18 02:00:00,2021-04-18 02:00:00,2021-04-18 02:00:00,364,1
794,2021-04-18 02:00:00,Neural Network,2,1.421149453139571,1.4382517493469442,2020-04-18 02:00:00,2021-04-18 02:00:00,2021-04-18 02:00:00,364,1
795,2021-04-18 02:00:00,Naive,2,1.421149453139571,1.2243189442975084,2020-04-18 02:00:00,2021-04-18 02:00:00,2021-04-18 02:00:00,364,1
796,2021-04-19 02:00:00,Decision Tree,2,1.2568358711559668,1.1762600830706584,2020-04-19 02:00:00,2021-04-19 02:00:00,2021-04-19 02:00:00,364,1
797,2021-04-19 02:00:00,Random Forest,2,1.2568358711559668,1.2674306026384303,2020-04-19 02:00:00,2021-04-19 02:00:00,2021-04-19 02:00:00,364,1
798,2021-04-19 02:00:00,Neural Network,2,1.2568358711559668,1.0962246639133728,2020-04-19 02:00:00,2021-04-19 02:00:00,2021-04-19 02:00:00,364,1
799,2021-04-19 02:00:00,Naive,2,1.2568358711559668,1.421149453139571,2020-04-19 02:00:00,2021-04-19 02:00:00,2021-04-19 02:00:00,364,1
800,2021-04-20 02:00:00,Decision Tree,2,1.4111989283766513,1.2726156972670202,2020-04-20 02:00:00,2021-04-20 02:00:00,2021-04-20 02:00:00,364,1
801,2021-04-20 02:00:00,Random Forest,2,1.4111989283766513,1.2520518107400607,2020-04-20 02:00:00,2021-04-20 02:00:00,2021-04-20 02:00:00,364,1
802,2021-04-20 02:00:00,Neural Network,2,1.4111989283766513,1.5495744224452144,2020-04-20 02:00:00,2021-04-20 02:00:00,2021-04-20 02:00:00,364,1
803,2021-04-20 02:00:00,Naive,2,1.4111989283766513,1.2568358711559668,2020-04-20 02:00:00,2021-04-20 02:00:00,2021-04-20 02:00:00,364,1
804,2021-04-21 02:00:00,Decision Tree,2,1.3978398482348506,1.2780378572701452,2020-04-21 02:00:00,2021-04-21 02:00:00,2021-04-21 02:00:00,364,1
805,2021-04-21 02:00:00,Random Forest,2,1.3978398482348506,1.3362174892437293,2020-04-21 02:00:00,2021-04-21 02:00:00,2021-04-21 02:00:00,364,1
806,2021-04-21 02:00:00,Neural Network,2,1.3978398482348506,1.520268802287761,2020-04-21 02:00:00,2021-04-21 02:00:00,2021-04-21 02:00:00,364,1
807,2021-04-21 02:00:00,Naive,2,1.3978398482348506,1.4111989283766513,2020-04-21 02:00:00,2021-04-21 02:00:00,2021-04-21 02:00:00,364,1
808,2021-04-22 02:00:00,Decision Tree,2,0.5758994973933368,0.6341109561703697,2020-04-22 02:00:00,2021-04-22 02:00:00,2021-04-22 02:00:00,364,1
809,2021-04-22 02:00:00,Random Forest,2,0.5758994973933368,0.6526100475309068,2020-04-22 02:00:00,2021-04-22 02:00:00,2021-04-22 02:00:00,364,1
810,2021-04-22 02:00:00,Neural Network,2,0.5758994973933368,0.7000253995618182,2020-04-22 02:00:00,2021-04-22 02:00:00,2021-04-22 02:00:00,364,1
811,2021-04-22 02:00:00,Naive,2,0.5758994973933368,1.3978398482348506,2020-04-22 02:00:00,2021-04-22 02:00:00,2021-04-22 02:00:00,364,1
812,2021-04-23 02:00:00,Decision Tree,2,1.2227462922042671,1.2930131061407333,2020-04-23 02:00:00,2021-04-23 02:00:00,2021-04-23 02:00:00,364,1
813,2021-04-23 02:00:00,Random Forest,2,1.2227462922042671,1.2296945276708087,2020-04-23 02:00:00,2021-04-23 02:00:00,2021-04-23 02:00:00,364,1
814,2021-04-23 02:00:00,Neural Network,2,1.2227462922042671,1.2143853197791252,2020-04-23 02:00:00,2021-04-23 02:00:00,2021-04-23 02:00:00,364,1
815,2021-04-23 02:00:00,Naive,2,1.2227462922042671,0.5758994973933368,2020-04-23 02:00:00,2021-04-23 02:00:00,2021-04-23 02:00:00,364,1
816,2021-04-24 02:00:00,Decision Tree,2,1.363758286729265,1.2852056823700149,2020-04-24 02:00:00,2021-04-24 02:00:00,2021-04-24 02:00:00,364,1
817,2021-04-24 02:00:00,Random Forest,2,1.363758286729265,1.3430934049112868,2020-04-24 02:00:00,2021-04-24 02:00:00,2021-04-24 02:00:00,364,1
818,2021-04-24 02:00:00,Neural Network,2,1.363758286729265,1.266305762037836,2020-04-24 02:00:00,2021-04-24 02:00:00,2021-04-24 02:00:00,364,1
819,2021-04-24 02:00:00,Naive,2,1.363758286729265,1.2227462922042671,2020-04-24 02:00:00,2021-04-24 02:00:00,2021-04-24 02:00:00,364,1
820,2021-04-25 02:00:00,Decision Tree,2,0.8194067929422948,0.8560346757050558,2020-04-25 02:00:00,2021-04-25 02:00:00,2021-04-25 02:00:00,364,1
821,2021-04-25 02:00:00,Random Forest,2,0.8194067929422948,0.8888453586344983,2020-04-25 02:00:00,2021-04-25 02:00:00,2021-04-25 02:00:00,364,1
822,2021-04-25 02:00:00,Neural Network,2,0.8194067929422948,0.6552249339120941,2020-04-25 02:00:00,2021-04-25 02:00:00,2021-04-25 02:00:00,364,1
823,2021-04-25 02:00:00,Naive,2,0.8194067929422948,1.363758286729265,2020-04-25 02:00:00,2021-04-25 02:00:00,2021-04-25 02:00:00,364,1
824,2021-04-26 02:00:00,Decision Tree,2,1.006916495593934,1.0330895644252507,2020-04-26 02:00:00,2021-04-26 02:00:00,2021-04-26 02:00:00,364,1
825,2021-04-26 02:00:00,Random Forest,2,1.006916495593934,1.068508956841651,2020-04-26 02:00:00,2021-04-26 02:00:00,2021-04-26 02:00:00,364,1
826,2021-04-26 02:00:00,Neural Network,2,1.006916495593934,0.7309497668186131,2020-04-26 02:00:00,2021-04-26 02:00:00,2021-04-26 02:00:00,364,1
827,2021-04-26 02:00:00,Naive,2,1.006916495593934,0.8194067929422948,2020-04-26 02:00:00,2021-04-26 02:00:00,2021-04-26 02:00:00,364,1
828,2021-04-27 02:00:00,Decision Tree,2,0.9576204617145102,1.063005408374293,2020-04-27 02:00:00,2021-04-27 02:00:00,2021-04-27 02:00:00,364,1
829,2021-04-27 02:00:00,Random Forest,2,0.9576204617145102,1.0383787729927536,2020-04-27 02:00:00,2021-04-27 02:00:00,2021-04-27 02:00:00,364,1
830,2021-04-27 02:00:00,Neural Network,2,0.9576204617145102,0.9061774586480779,2020-04-27 02:00:00,2021-04-27 02:00:00,2021-04-27 02:00:00,364,1
831,2021-04-27 02:00:00,Naive,2,0.9576204617145102,1.006916495593934,2020-04-27 02:00:00,2021-04-27 02:00:00,2021-04-27 02:00:00,364,1
832,2021-04-28 02:00:00,Decision Tree,2,1.0339544145407955,1.063005408374293,2020-04-28 02:00:00,2021-04-28 02:00:00,2021-04-28 02:00:00,364,1
833,2021-04-28 02:00:00,Random Forest,2,1.0339544145407955,1.0504636682251058,2020-04-28 02:00:00,2021-04-28 02:00:00,2021-04-28 02:00:00,364,1
834,2021-04-28 02:00:00,Neural Network,2,1.0339544145407955,1.0214921105024355,2020-04-28 02:00:00,2021-04-28 02:00:00,2021-04-28 02:00:00,364,1
835,2021-04-28 02:00:00,Naive,2,1.0339544145407955,0.9576204617145102,2020-04-28 02:00:00,2021-04-28 02:00:00,2021-04-28 02:00:00,364,1
836,2021-04-29 02:00:00,Decision Tree,2,1.0151917436576552,1.0581635760687103,2020-04-29 02:00:00,2021-04-29 02:00:00,2021-04-29 02:00:00,364,1
837,2021-04-29 02:00:00,Random Forest,2,1.0151917436576552,1.042815736584744,2020-04-29 02:00:00,2021-04-29 02:00:00,2021-04-29 02:00:00,364,1
838,2021-04-29 02:00:00,Neural Network,2,1.0151917436576552,0.9443698220111105,2020-04-29 02:00:00,2021-04-29 02:00:00,2021-04-29 02:00:00,364,1
839,2021-04-29 02:00:00,Naive,2,1.0151917436576552,1.0339544145407955,2020-04-29 02:00:00,2021-04-29 02:00:00,2021-04-29 02:00:00,364,1
840,2021-04-30 02:00:00,Decision Tree,2,1.1980527899583613,1.2159654080846187,2020-04-30 02:00:00,2021-04-30 02:00:00,2021-04-30 02:00:00,364,1
841,2021-04-30 02:00:00,Random Forest,2,1.1980527899583613,1.2220427237512963,2020-04-30 02:00:00,2021-04-30 02:00:00,2021-04-30 02:00:00,364,1
842,2021-04-30 02:00:00,Neural Network,2,1.1980527899583613,1.274366880828428,2020-04-30 02:00:00,2021-04-30 02:00:00,2021-04-30 02:00:00,364,1
843,2021-04-30 02:00:00,Naive,2,1.1980527899583613,1.0151917436576552,2020-04-30 02:00:00,2021-04-30 02:00:00,2021-04-30 02:00:00,364,1
844,2021-05-01 02:00:00,Decision Tree,2,1.3341575008676492,1.3701564775272608,2020-05-01 02:00:00,2021-05-01 02:00:00,2021-05-01 02:00:00,364,1
845,2021-05-01 02:00:00,Random Forest,2,1.3341575008676492,1.3838405117018626,2020-05-01 02:00:00,2021-05-01 02:00:00,2021-05-01 02:00:00,364,1
846,2021-05-01 02:00:00,Neural Network,2,1.3341575008676492,1.4850891499453018,2020-05-01 02:00:00,2021-05-01 02:00:00,2021-05-01 02:00:00,364,1
847,2021-05-01 02:00:00,Naive,2,1.3341575008676492,1.1980527899583613,2020-05-01 02:00:00,2021-05-01 02:00:00,2021-05-01 02:00:00,364,1
848,2021-05-02 02:00:00,Decision Tree,2,0.8916222131196053,0.9327139494336218,2020-05-02 02:00:00,2021-05-02 02:00:00,2021-05-02 02:00:00,364,1
849,2021-05-02 02:00:00,Random Forest,2,0.8916222131196053,0.9591791465798661,2020-05-02 02:00:00,2021-05-02 02:00:00,2021-05-02 02:00:00,364,1
850,2021-05-02 02:00:00,Neural Network,2,0.8916222131196053,0.7154500800263404,2020-05-02 02:00:00,2021-05-02 02:00:00,2021-05-02 02:00:00,364,1
851,2021-05-02 02:00:00,Naive,2,0.8916222131196053,1.3341575008676492,2020-05-02 02:00:00,2021-05-02 02:00:00,2021-05-02 02:00:00,364,1
852,2021-05-03 02:00:00,Decision Tree,2,0.9376062531549485,0.9828452861677972,2020-05-03 02:00:00,2021-05-03 02:00:00,2021-05-03 02:00:00,364,1
853,2021-05-03 02:00:00,Random Forest,2,0.9376062531549485,0.9789722583356922,2020-05-03 02:00:00,2021-05-03 02:00:00,2021-05-03 02:00:00,364,1
854,2021-05-03 02:00:00,Neural Network,2,0.9376062531549485,0.7796791155913616,2020-05-03 02:00:00,2021-05-03 02:00:00,2021-05-03 02:00:00,364,1
855,2021-05-03 02:00:00,Naive,2,0.9376062531549485,0.8916222131196053,2020-05-03 02:00:00,2021-05-03 02:00:00,2021-05-03 02:00:00,364,1
856,2021-05-04 02:00:00,Decision Tree,2,-1.0983506050199754,-1.0923180867836944,2020-05-04 02:00:00,2021-05-04 02:00:00,2021-05-04 02:00:00,364,1
857,2021-05-04 02:00:00,Random Forest,2,-1.0983506050199754,-1.0978701752696949,2020-05-04 02:00:00,2021-05-04 02:00:00,2021-05-04 02:00:00,364,1
858,2021-05-04 02:00:00,Neural Network,2,-1.0983506050199754,-1.131950279621892,2020-05-04 02:00:00,2021-05-04 02:00:00,2021-05-04 02:00:00,364,1
859,2021-05-04 02:00:00,Naive,2,-1.0983506050199754,0.9376062531549485,2020-05-04 02:00:00,2021-05-04 02:00:00,2021-05-04 02:00:00,364,1
860,2021-05-05 02:00:00,Decision Tree,2,-0.8641680033131752,-0.8682451983756935,2020-05-05 02:00:00,2021-05-05 02:00:00,2021-05-05 02:00:00,364,1
861,2021-05-05 02:00:00,Random Forest,2,-0.8641680033131752,-0.876267720625375,2020-05-05 02:00:00,2021-05-05 02:00:00,2021-05-05 02:00:00,364,1
862,2021-05-05 02:00:00,Neural Network,2,-0.8641680033131752,-1.020255594566353,2020-05-05 02:00:00,2021-05-05 02:00:00,2021-05-05 02:00:00,364,1
863,2021-05-05 02:00:00,Naive,2,-0.8641680033131752,-1.0983506050199754,2020-05-05 02:00:00,2021-05-05 02:00:00,2021-05-05 02:00:00,364,1
864,2021-05-06 02:00:00,Decision Tree,2,0.7901375693978353,0.8514561903597107,2020-05-06 02:00:00,2021-05-06 02:00:00,2021-05-06 02:00:00,364,1
865,2021-05-06 02:00:00,Random Forest,2,0.7901375693978353,0.8573530070741119,2020-05-06 02:00:00,2021-05-06 02:00:00,2021-05-06 02:00:00,364,1
866,2021-05-06 02:00:00,Neural Network,2,0.7901375693978353,0.7356439120176261,2020-05-06 02:00:00,2021-05-06 02:00:00,2021-05-06 02:00:00,364,1
867,2021-05-06 02:00:00,Naive,2,0.7901375693978353,-0.8641680033131752,2020-05-06 02:00:00,2021-05-06 02:00:00,2021-05-06 02:00:00,364,1
868,2021-05-07 02:00:00,Decision Tree,2,1.4496098491916427,1.3856208034695974,2020-05-07 02:00:00,2021-05-07 02:00:00,2021-05-07 02:00:00,364,1
869,2021-05-07 02:00:00,Random Forest,2,1.4496098491916427,1.3636717464820292,2020-05-07 02:00:00,2021-05-07 02:00:00,2021-05-07 02:00:00,364,1
870,2021-05-07 02:00:00,Neural Network,2,1.4496098491916427,1.520622644146502,2020-05-07 02:00:00,2021-05-07 02:00:00,2021-05-07 02:00:00,364,1
871,2021-05-07 02:00:00,Naive,2,1.4496098491916427,0.7901375693978353,2020-05-07 02:00:00,2021-05-07 02:00:00,2021-05-07 02:00:00,364,1
872,2021-05-08 02:00:00,Decision Tree,2,1.4482389277946834,1.3962856444232716,2020-05-08 02:00:00,2021-05-08 02:00:00,2021-05-08 02:00:00,364,1
873,2021-05-08 02:00:00,Random Forest,2,1.4482389277946834,1.389160808452489,2020-05-08 02:00:00,2021-05-08 02:00:00,2021-05-08 02:00:00,364,1
874,2021-05-08 02:00:00,Neural Network,2,1.4482389277946834,1.4510050798318397,2020-05-08 02:00:00,2021-05-08 02:00:00,2021-05-08 02:00:00,364,1
875,2021-05-08 02:00:00,Naive,2,1.4482389277946834,1.4496098491916427,2020-05-08 02:00:00,2021-05-08 02:00:00,2021-05-08 02:00:00,364,1
876,2021-05-09 02:00:00,Decision Tree,2,-1.5920622754551836,-1.6124790484629243,2020-05-09 02:00:00,2021-05-09 02:00:00,2021-05-09 02:00:00,364,1
877,2021-05-09 02:00:00,Random Forest,2,-1.5920622754551836,-1.628817098151619,2020-05-09 02:00:00,2021-05-09 02:00:00,2021-05-09 02:00:00,364,1
878,2021-05-09 02:00:00,Neural Network,2,-1.5920622754551836,-1.8159621884233943,2020-05-09 02:00:00,2021-05-09 02:00:00,2021-05-09 02:00:00,364,1
879,2021-05-09 02:00:00,Naive,2,-1.5920622754551836,1.4482389277946834,2020-05-09 02:00:00,2021-05-09 02:00:00,2021-05-09 02:00:00,364,1
880,2021-05-10 02:00:00,Decision Tree,2,0.27142205771776057,0.3746283910841313,2020-05-10 02:00:00,2021-05-10 02:00:00,2021-05-10 02:00:00,364,1
881,2021-05-10 02:00:00,Random Forest,2,0.27142205771776057,0.35809426299737834,2020-05-10 02:00:00,2021-05-10 02:00:00,2021-05-10 02:00:00,364,1
882,2021-05-10 02:00:00,Neural Network,2,0.27142205771776057,-0.02173493003258062,2020-05-10 02:00:00,2021-05-10 02:00:00,2021-05-10 02:00:00,364,1
883,2021-05-10 02:00:00,Naive,2,0.27142205771776057,-1.5920622754551836,2020-05-10 02:00:00,2021-05-10 02:00:00,2021-05-10 02:00:00,364,1
884,2021-05-11 02:00:00,Decision Tree,2,1.2888907008371975,1.4037075420477592,2020-05-11 02:00:00,2021-05-11 02:00:00,2021-05-11 02:00:00,364,1
885,2021-05-11 02:00:00,Random Forest,2,1.2888907008371975,1.3740098160682044,2020-05-11 02:00:00,2021-05-11 02:00:00,2021-05-11 02:00:00,364,1
886,2021-05-11 02:00:00,Neural Network,2,1.2888907008371975,1.237663758117457,2020-05-11 02:00:00,2021-05-11 02:00:00,2021-05-11 02:00:00,364,1
887,2021-05-11 02:00:00,Naive,2,1.2888907008371975,0.27142205771776057,2020-05-11 02:00:00,2021-05-11 02:00:00,2021-05-11 02:00:00,364,1
888,2021-05-12 02:00:00,Decision Tree,2,1.1334968539236108,1.2279508002968276,2020-05-12 02:00:00,2021-05-12 02:00:00,2021-05-12 02:00:00,364,1
889,2021-05-12 02:00:00,Random Forest,2,1.1334968539236108,1.225141271139534,2020-05-12 02:00:00,2021-05-12 02:00:00,2021-05-12 02:00:00,364,1
890,2021-05-12 02:00:00,Neural Network,2,1.1334968539236108,1.0790295652740034,2020-05-12 02:00:00,2021-05-12 02:00:00,2021-05-12 02:00:00,364,1
891,2021-05-12 02:00:00,Naive,2,1.1334968539236108,1.2888907008371975,2020-05-12 02:00:00,2021-05-12 02:00:00,2021-05-12 02:00:00,364,1
892,2021-05-13 02:00:00,Decision Tree,2,1.2967872920961965,1.403707542047759,2020-05-13 02:00:00,2021-05-13 02:00:00,2021-05-13 02:00:00,364,1
893,2021-05-13 02:00:00,Random Forest,2,1.2967872920961965,1.3364454821906142,2020-05-13 02:00:00,2021-05-13 02:00:00,2021-05-13 02:00:00,364,1
894,2021-05-13 02:00:00,Neural Network,2,1.2967872920961965,1.2722314005803832,2020-05-13 02:00:00,2021-05-13 02:00:00,2021-05-13 02:00:00,364,1
895,2021-05-13 02:00:00,Naive,2,1.2967872920961965,1.1334968539236108,2020-05-13 02:00:00,2021-05-13 02:00:00,2021-05-13 02:00:00,364,1
896,2021-05-14 02:00:00,Decision Tree,2,1.4552976925471008,1.4037075420477592,2020-05-14 02:00:00,2021-05-14 02:00:00,2021-05-14 02:00:00,364,1
897,2021-05-14 02:00:00,Random Forest,2,1.4552976925471008,1.4189369051269962,2020-05-14 02:00:00,2021-05-14 02:00:00,2021-05-14 02:00:00,364,1
898,2021-05-14 02:00:00,Neural Network,2,1.4552976925471008,1.3551576392261113,2020-05-14 02:00:00,2021-05-14 02:00:00,2021-05-14 02:00:00,364,1
899,2021-05-14 02:00:00,Naive,2,1.4552976925471008,1.2967872920961965,2020-05-14 02:00:00,2021-05-14 02:00:00,2021-05-14 02:00:00,364,1
900,2021-05-15 02:00:00,Decision Tree,2,1.2941649827706478,1.252662589250398,2020-05-15 02:00:00,2021-05-15 02:00:00,2021-05-15 02:00:00,364,1
901,2021-05-15 02:00:00,Random Forest,2,1.2941649827706478,1.3114706413149386,2020-05-15 02:00:00,2021-05-15 02:00:00,2021-05-15 02:00:00,364,1
902,2021-05-15 02:00:00,Neural Network,2,1.2941649827706478,1.1351094200113012,2020-05-15 02:00:00,2021-05-15 02:00:00,2021-05-15 02:00:00,364,1
903,2021-05-15 02:00:00,Naive,2,1.2941649827706478,1.4552976925471008,2020-05-15 02:00:00,2021-05-15 02:00:00,2021-05-15 02:00:00,364,1
904,2021-05-16 02:00:00,Decision Tree,2,0.34728915635666485,0.46179569104406326,2020-05-16 02:00:00,2021-05-16 02:00:00,2021-05-16 02:00:00,364,1
905,2021-05-16 02:00:00,Random Forest,2,0.34728915635666485,0.4393462723067199,2020-05-16 02:00:00,2021-05-16 02:00:00,2021-05-16 02:00:00,364,1
906,2021-05-16 02:00:00,Neural Network,2,0.34728915635666485,0.4047021807715223,2020-05-16 02:00:00,2021-05-16 02:00:00,2021-05-16 02:00:00,364,1
907,2021-05-16 02:00:00,Naive,2,0.34728915635666485,1.2941649827706478,2020-05-16 02:00:00,2021-05-16 02:00:00,2021-05-16 02:00:00,364,1
908,2021-05-17 02:00:00,Decision Tree,2,0.9737212672973419,1.0520247428671305,2020-05-17 02:00:00,2021-05-17 02:00:00,2021-05-17 02:00:00,364,1
909,2021-05-17 02:00:00,Random Forest,2,0.9737212672973419,1.0299657776340638,2020-05-17 02:00:00,2021-05-17 02:00:00,2021-05-17 02:00:00,364,1
910,2021-05-17 02:00:00,Neural Network,2,0.9737212672973419,0.9669636066343164,2020-05-17 02:00:00,2021-05-17 02:00:00,2021-05-17 02:00:00,364,1
911,2021-05-17 02:00:00,Naive,2,0.9737212672973419,0.34728915635666485,2020-05-17 02:00:00,2021-05-17 02:00:00,2021-05-17 02:00:00,364,1
912,2021-05-18 02:00:00,Decision Tree,2,1.2489174806696532,1.271885027812855,2020-05-18 02:00:00,2021-05-18 02:00:00,2021-05-18 02:00:00,364,1
913,2021-05-18 02:00:00,Random Forest,2,1.2489174806696532,1.2780303196514353,2020-05-18 02:00:00,2021-05-18 02:00:00,2021-05-18 02:00:00,364,1
914,2021-05-18 02:00:00,Neural Network,2,1.2489174806696532,1.3015149405596727,2020-05-18 02:00:00,2021-05-18 02:00:00,2021-05-18 02:00:00,364,1
915,2021-05-18 02:00:00,Naive,2,1.2489174806696532,0.9737212672973419,2020-05-18 02:00:00,2021-05-18 02:00:00,2021-05-18 02:00:00,364,1
916,2021-05-19 02:00:00,Decision Tree,2,1.3618921380401314,1.4101563108601767,2020-05-19 02:00:00,2021-05-19 02:00:00,2021-05-19 02:00:00,364,1
917,2021-05-19 02:00:00,Random Forest,2,1.3618921380401314,1.422721821368148,2020-05-19 02:00:00,2021-05-19 02:00:00,2021-05-19 02:00:00,364,1
918,2021-05-19 02:00:00,Neural Network,2,1.3618921380401314,1.3774543527777987,2020-05-19 02:00:00,2021-05-19 02:00:00,2021-05-19 02:00:00,364,1
919,2021-05-19 02:00:00,Naive,2,1.3618921380401314,1.2489174806696532,2020-05-19 02:00:00,2021-05-19 02:00:00,2021-05-19 02:00:00,364,1
920,2021-05-20 02:00:00,Decision Tree,2,1.3210285394330046,1.4047936249912827,2020-05-20 02:00:00,2021-05-20 02:00:00,2021-05-20 02:00:00,364,1
921,2021-05-20 02:00:00,Random Forest,2,1.3210285394330046,1.3893813378453586,2020-05-20 02:00:00,2021-05-20 02:00:00,2021-05-20 02:00:00,364,1
922,2021-05-20 02:00:00,Neural Network,2,1.3210285394330046,1.3497491776974928,2020-05-20 02:00:00,2021-05-20 02:00:00,2021-05-20 02:00:00,364,1
923,2021-05-20 02:00:00,Naive,2,1.3210285394330046,1.3618921380401314,2020-05-20 02:00:00,2021-05-20 02:00:00,2021-05-20 02:00:00,364,1
924,2021-05-21 02:00:00,Decision Tree,2,-1.1828412033388407,-1.179958408353747,2020-05-21 02:00:00,2021-05-21 02:00:00,2021-05-21 02:00:00,364,1
925,2021-05-21 02:00:00,Random Forest,2,-1.1828412033388407,-1.2064309928652417,2020-05-21 02:00:00,2021-05-21 02:00:00,2021-05-21 02:00:00,364,1
926,2021-05-21 02:00:00,Neural Network,2,-1.1828412033388407,-1.0345761890968928,2020-05-21 02:00:00,2021-05-21 02:00:00,2021-05-21 02:00:00,364,1
927,2021-05-21 02:00:00,Naive,2,-1.1828412033388407,1.3210285394330046,2020-05-21 02:00:00,2021-05-21 02:00:00,2021-05-21 02:00:00,364,1
928,2021-05-22 02:00:00,Decision Tree,2,-1.6002451852920905,-1.6804999194711077,2020-05-22 02:00:00,2021-05-22 02:00:00,2021-05-22 02:00:00,364,1
929,2021-05-22 02:00:00,Random Forest,2,-1.6002451852920905,-1.6731149839390513,2020-05-22 02:00:00,2021-05-22 02:00:00,2021-05-22 02:00:00,364,1
930,2021-05-22 02:00:00,Neural Network,2,-1.6002451852920905,-1.5982548103150402,2020-05-22 02:00:00,2021-05-22 02:00:00,2021-05-22 02:00:00,364,1
931,2021-05-22 02:00:00,Naive,2,-1.6002451852920905,-1.1828412033388407,2020-05-22 02:00:00,2021-05-22 02:00:00,2021-05-22 02:00:00,364,1
932,2021-05-23 02:00:00,Decision Tree,2,-1.0786043882220648,-1.1040905805169199,2020-05-23 02:00:00,2021-05-23 02:00:00,2021-05-23 02:00:00,364,1
933,2021-05-23 02:00:00,Random Forest,2,-1.0786043882220648,-1.100728209749638,2020-05-23 02:00:00,2021-05-23 02:00:00,2021-05-23 02:00:00,364,1
934,2021-05-23 02:00:00,Neural Network,2,-1.0786043882220648,-0.8932289290942307,2020-05-23 02:00:00,2021-05-23 02:00:00,2021-05-23 02:00:00,364,1
935,2021-05-23 02:00:00,Naive,2,-1.0786043882220648,-1.6002451852920905,2020-05-23 02:00:00,2021-05-23 02:00:00,2021-05-23 02:00:00,364,1
936,2021-05-24 02:00:00,Decision Tree,2,-0.9288205618152738,-0.9766910418195904,2020-05-24 02:00:00,2021-05-24 02:00:00,2021-05-24 02:00:00,364,1
937,2021-05-24 02:00:00,Random Forest,2,-0.9288205618152738,-0.959723622736123,2020-05-24 02:00:00,2021-05-24 02:00:00,2021-05-24 02:00:00,364,1
938,2021-05-24 02:00:00,Neural Network,2,-0.9288205618152738,-1.150605847134817,2020-05-24 02:00:00,2021-05-24 02:00:00,2021-05-24 02:00:00,364,1
939,2021-05-24 02:00:00,Naive,2,-0.9288205618152738,-1.0786043882220648,2020-05-24 02:00:00,2021-05-24 02:00:00,2021-05-24 02:00:00,364,1
940,2021-05-25 02:00:00,Decision Tree,2,0.6283085207924697,0.7824448775677872,2020-05-25 02:00:00,2021-05-25 02:00:00,2021-05-25 02:00:00,364,1
941,2021-05-25 02:00:00,Random Forest,2,0.6283085207924697,0.745677576235892,2020-05-25 02:00:00,2021-05-25 02:00:00,2021-05-25 02:00:00,364,1
942,2021-05-25 02:00:00,Neural Network,2,0.6283085207924697,0.7097832833973963,2020-05-25 02:00:00,2021-05-25 02:00:00,2021-05-25 02:00:00,364,1
943,2021-05-25 02:00:00,Naive,2,0.6283085207924697,-0.9288205618152738,2020-05-25 02:00:00,2021-05-25 02:00:00,2021-05-25 02:00:00,364,1
944,2021-05-26 02:00:00,Decision Tree,2,0.9223900456286027,1.042236808420907,2020-05-26 02:00:00,2021-05-26 02:00:00,2021-05-26 02:00:00,364,1
945,2021-05-26 02:00:00,Random Forest,2,0.9223900456286027,1.0112331885753436,2020-05-26 02:00:00,2021-05-26 02:00:00,2021-05-26 02:00:00,364,1
946,2021-05-26 02:00:00,Neural Network,2,0.9223900456286027,0.9769795898231928,2020-05-26 02:00:00,2021-05-26 02:00:00,2021-05-26 02:00:00,364,1
947,2021-05-26 02:00:00,Naive,2,0.9223900456286027,0.6283085207924697,2020-05-26 02:00:00,2021-05-26 02:00:00,2021-05-26 02:00:00,364,1
948,2021-05-27 02:00:00,Decision Tree,2,1.106375847782348,1.2016252406150094,2020-05-27 02:00:00,2021-05-27 02:00:00,2021-05-27 02:00:00,364,1
949,2021-05-27 02:00:00,Random Forest,2,1.106375847782348,1.2042864431505576,2020-05-27 02:00:00,2021-05-27 02:00:00,2021-05-27 02:00:00,364,1
950,2021-05-27 02:00:00,Neural Network,2,1.106375847782348,1.3472342905603238,2020-05-27 02:00:00,2021-05-27 02:00:00,2021-05-27 02:00:00,364,1
951,2021-05-27 02:00:00,Naive,2,1.106375847782348,0.9223900456286027,2020-05-27 02:00:00,2021-05-27 02:00:00,2021-05-27 02:00:00,364,1
952,2021-05-28 02:00:00,Decision Tree,2,1.295172504903363,1.3655966207282841,2020-05-28 02:00:00,2021-05-28 02:00:00,2021-05-28 02:00:00,364,1
953,2021-05-28 02:00:00,Random Forest,2,1.295172504903363,1.3535628923318395,2020-05-28 02:00:00,2021-05-28 02:00:00,2021-05-28 02:00:00,364,1
954,2021-05-28 02:00:00,Neural Network,2,1.295172504903363,1.3933373773208273,2020-05-28 02:00:00,2021-05-28 02:00:00,2021-05-28 02:00:00,364,1
955,2021-05-28 02:00:00,Naive,2,1.295172504903363,1.106375847782348,2020-05-28 02:00:00,2021-05-28 02:00:00,2021-05-28 02:00:00,364,1
956,2021-05-29 02:00:00,Decision Tree,2,1.4655014804555746,1.4245644981816301,2020-05-29 02:00:00,2021-05-29 02:00:00,2021-05-29 02:00:00,364,1
957,2021-05-29 02:00:00,Random Forest,2,1.4655014804555746,1.4206730224125723,2020-05-29 02:00:00,2021-05-29 02:00:00,2021-05-29 02:00:00,364,1
958,2021-05-29 02:00:00,Neural Network,2,1.4655014804555746,1.5676272976501109,2020-05-29 02:00:00,2021-05-29 02:00:00,2021-05-29 02:00:00,364,1
959,2021-05-29 02:00:00,Naive,2,1.4655014804555746,1.295172504903363,2020-05-29 02:00:00,2021-05-29 02:00:00,2021-05-29 02:00:00,364,1
960,2021-05-30 02:00:00,Decision Tree,2,0.8492157095428557,0.9753054473323223,2020-05-30 02:00:00,2021-05-30 02:00:00,2021-05-30 02:00:00,364,1
961,2021-05-30 02:00:00,Random Forest,2,0.8492157095428557,0.9728844495165732,2020-05-30 02:00:00,2021-05-30 02:00:00,2021-05-30 02:00:00,364,1
962,2021-05-30 02:00:00,Neural Network,2,0.8492157095428557,0.6673232548103462,2020-05-30 02:00:00,2021-05-30 02:00:00,2021-05-30 02:00:00,364,1
963,2021-05-30 02:00:00,Naive,2,0.8492157095428557,1.4655014804555746,2020-05-30 02:00:00,2021-05-30 02:00:00,2021-05-30 02:00:00,364,1
964,2021-05-31 02:00:00,Decision Tree,2,1.0909000940323959,1.1897190665109267,2020-05-31 02:00:00,2021-05-31 02:00:00,2021-05-31 02:00:00,364,1
965,2021-05-31 02:00:00,Random Forest,2,1.0909000940323959,1.1711701107517758,2020-05-31 02:00:00,2021-05-31 02:00:00,2021-05-31 02:00:00,364,1
966,2021-05-31 02:00:00,Neural Network,2,1.0909000940323959,0.9804341215270986,2020-05-31 02:00:00,2021-05-31 02:00:00,2021-05-31 02:00:00,364,1
967,2021-05-31 02:00:00,Naive,2,1.0909000940323959,0.8492157095428557,2020-05-31 02:00:00,2021-05-31 02:00:00,2021-05-31 02:00:00,364,1
968,2021-06-01 02:00:00,Decision Tree,2,1.0979083773344505,1.1483710315835967,2020-06-01 02:00:00,2021-06-01 02:00:00,2021-06-01 02:00:00,364,1
969,2021-06-01 02:00:00,Random Forest,2,1.0979083773344505,1.1759493921074684,2020-06-01 02:00:00,2021-06-01 02:00:00,2021-06-01 02:00:00,364,1
970,2021-06-01 02:00:00,Neural Network,2,1.0979083773344505,1.086369663401561,2020-06-01 02:00:00,2021-06-01 02:00:00,2021-06-01 02:00:00,364,1
971,2021-06-01 02:00:00,Naive,2,1.0979083773344505,1.0909000940323959,2020-06-01 02:00:00,2021-06-01 02:00:00,2021-06-01 02:00:00,364,1
972,2021-06-02 02:00:00,Decision Tree,2,1.1952293798904154,1.2287584700045744,2020-06-02 02:00:00,2021-06-02 02:00:00,2021-06-02 02:00:00,364,1
973,2021-06-02 02:00:00,Random Forest,2,1.1952293798904154,1.237597772979207,2020-06-02 02:00:00,2021-06-02 02:00:00,2021-06-02 02:00:00,364,1
974,2021-06-02 02:00:00,Neural Network,2,1.1952293798904154,1.2004284909792928,2020-06-02 02:00:00,2021-06-02 02:00:00,2021-06-02 02:00:00,364,1
975,2021-06-02 02:00:00,Naive,2,1.1952293798904154,1.0979083773344505,2020-06-02 02:00:00,2021-06-02 02:00:00,2021-06-02 02:00:00,364,1
976,2021-06-03 02:00:00,Decision Tree,2,0.9863869657475579,1.0289205014439844,2020-06-03 02:00:00,2021-06-03 02:00:00,2021-06-03 02:00:00,364,1
977,2021-06-03 02:00:00,Random Forest,2,0.9863869657475579,1.040061712432791,2020-06-03 02:00:00,2021-06-03 02:00:00,2021-06-03 02:00:00,364,1
978,2021-06-03 02:00:00,Neural Network,2,0.9863869657475579,1.0194366202712812,2020-06-03 02:00:00,2021-06-03 02:00:00,2021-06-03 02:00:00,364,1
979,2021-06-03 02:00:00,Naive,2,0.9863869657475579,1.1952293798904154,2020-06-03 02:00:00,2021-06-03 02:00:00,2021-06-03 02:00:00,364,1
980,2021-06-04 02:00:00,Decision Tree,2,1.2176193504473203,1.3134228296624748,2020-06-04 02:00:00,2021-06-04 02:00:00,2021-06-04 02:00:00,364,1
981,2021-06-04 02:00:00,Random Forest,2,1.2176193504473203,1.2734030109447179,2020-06-04 02:00:00,2021-06-04 02:00:00,2021-06-04 02:00:00,364,1
982,2021-06-04 02:00:00,Neural Network,2,1.2176193504473203,1.2569619001694523,2020-06-04 02:00:00,2021-06-04 02:00:00,2021-06-04 02:00:00,364,1
983,2021-06-04 02:00:00,Naive,2,1.2176193504473203,0.9863869657475579,2020-06-04 02:00:00,2021-06-04 02:00:00,2021-06-04 02:00:00,364,1
984,2021-06-05 02:00:00,Decision Tree,2,1.1773170967549347,1.2231749437956478,2020-06-05 02:00:00,2021-06-05 02:00:00,2021-06-05 02:00:00,364,1
985,2021-06-05 02:00:00,Random Forest,2,1.1773170967549347,1.215400608337237,2020-06-05 02:00:00,2021-06-05 02:00:00,2021-06-05 02:00:00,364,1
986,2021-06-05 02:00:00,Neural Network,2,1.1773170967549347,1.154257343029468,2020-06-05 02:00:00,2021-06-05 02:00:00,2021-06-05 02:00:00,364,1
987,2021-06-05 02:00:00,Naive,2,1.1773170967549347,1.2176193504473203,2020-06-05 02:00:00,2021-06-05 02:00:00,2021-06-05 02:00:00,364,1
988,2021-06-06 02:00:00,Decision Tree,2,1.126004305572657,1.218079627457791,2020-06-06 02:00:00,2021-06-06 02:00:00,2021-06-06 02:00:00,364,1
989,2021-06-06 02:00:00,Random Forest,2,1.126004305572657,1.1950933735740756,2020-06-06 02:00:00,2021-06-06 02:00:00,2021-06-06 02:00:00,364,1
990,2021-06-06 02:00:00,Neural Network,2,1.126004305572657,1.0510134197938847,2020-06-06 02:00:00,2021-06-06 02:00:00,2021-06-06 02:00:00,364,1
991,2021-06-06 02:00:00,Naive,2,1.126004305572657,1.1773170967549347,2020-06-06 02:00:00,2021-06-06 02:00:00,2021-06-06 02:00:00,364,1
992,2021-06-07 02:00:00,Decision Tree,2,1.2342111083535459,1.3134228296624748,2020-06-07 02:00:00,2021-06-07 02:00:00,2021-06-07 02:00:00,364,1
993,2021-06-07 02:00:00,Random Forest,2,1.2342111083535459,1.302261831425561,2020-06-07 02:00:00,2021-06-07 02:00:00,2021-06-07 02:00:00,364,1
994,2021-06-07 02:00:00,Neural Network,2,1.2342111083535459,1.0771064428097845,2020-06-07 02:00:00,2021-06-07 02:00:00,2021-06-07 02:00:00,364,1
995,2021-06-07 02:00:00,Naive,2,1.2342111083535459,1.126004305572657,2020-06-07 02:00:00,2021-06-07 02:00:00,2021-06-07 02:00:00,364,1
996,2021-06-08 02:00:00,Decision Tree,2,1.3214535268579346,1.4304126385064795,2020-06-08 02:00:00,2021-06-08 02:00:00,2021-06-08 02:00:00,364,1
997,2021-06-08 02:00:00,Random Forest,2,1.3214535268579346,1.3958513037213949,2020-06-08 02:00:00,2021-06-08 02:00:00,2021-06-08 02:00:00,364,1
998,2021-06-08 02:00:00,Neural Network,2,1.3214535268579346,1.4715918570068622,2020-06-08 02:00:00,2021-06-08 02:00:00,2021-06-08 02:00:00,364,1
999,2021-06-08 02:00:00,Naive,2,1.3214535268579346,1.2342111083535459,2020-06-08 02:00:00,2021-06-08 02:00:00,2021-06-08 02:00:00,364,1
1000,2021-06-09 02:00:00,Decision Tree,2,1.3561588853682034,1.4167927495504113,2020-06-09 02:00:00,2021-06-09 02:00:00,2021-06-09 02:00:00,364,1
1001,2021-06-09 02:00:00,Random Forest,2,1.3561588853682034,1.405985068293618,2020-06-09 02:00:00,2021-06-09 02:00:00,2021-06-09 02:00:00,364,1
1002,2021-06-09 02:00:00,Neural Network,2,1.3561588853682034,1.5587287642223477,2020-06-09 02:00:00,2021-06-09 02:00:00,2021-06-09 02:00:00,364,1
1003,2021-06-09 02:00:00,Naive,2,1.3561588853682034,1.3214535268579346,2020-06-09 02:00:00,2021-06-09 02:00:00,2021-06-09 02:00:00,364,1
1004,2021-06-10 02:00:00,Decision Tree,2,1.4622000475956678,1.434961367071441,2020-06-10 02:00:00,2021-06-10 02:00:00,2021-06-10 02:00:00,364,1
1005,2021-06-10 02:00:00,Random Forest,2,1.4622000475956678,1.4207949440794714,2020-06-10 02:00:00,2021-06-10 02:00:00,2021-06-10 02:00:00,364,1
1006,2021-06-10 02:00:00,Neural Network,2,1.4622000475956678,1.6391412363938163,2020-06-10 02:00:00,2021-06-10 02:00:00,2021-06-10 02:00:00,364,1
1007,2021-06-10 02:00:00,Naive,2,1.4622000475956678,1.3561588853682034,2020-06-10 02:00:00,2021-06-10 02:00:00,2021-06-10 02:00:00,364,1
1008,2021-06-11 02:00:00,Decision Tree,2,1.4529424220615603,1.456169599516934,2020-06-11 02:00:00,2021-06-11 02:00:00,2021-06-11 02:00:00,364,1
1009,2021-06-11 02:00:00,Random Forest,2,1.4529424220615603,1.4545241477871915,2020-06-11 02:00:00,2021-06-11 02:00:00,2021-06-11 02:00:00,364,1
1010,2021-06-11 02:00:00,Neural Network,2,1.4529424220615603,1.6320330814309782,2020-06-11 02:00:00,2021-06-11 02:00:00,2021-06-11 02:00:00,364,1
1011,2021-06-11 02:00:00,Naive,2,1.4529424220615603,1.4622000475956678,2020-06-11 02:00:00,2021-06-11 02:00:00,2021-06-11 02:00:00,364,1
1012,2021-06-12 02:00:00,Decision Tree,2,1.3889005261894265,1.455631736607705,2020-06-12 02:00:00,2021-06-12 02:00:00,2021-06-12 02:00:00,364,1
1013,2021-06-12 02:00:00,Random Forest,2,1.3889005261894265,1.4474336757565598,2020-06-12 02:00:00,2021-06-12 02:00:00,2021-06-12 02:00:00,364,1
1014,2021-06-12 02:00:00,Neural Network,2,1.3889005261894265,1.4148281419225486,2020-06-12 02:00:00,2021-06-12 02:00:00,2021-06-12 02:00:00,364,1
1015,2021-06-12 02:00:00,Naive,2,1.3889005261894265,1.4529424220615603,2020-06-12 02:00:00,2021-06-12 02:00:00,2021-06-12 02:00:00,364,1
1016,2021-06-13 02:00:00,Decision Tree,2,-1.393113976681868,-1.4648436972532566,2020-06-13 02:00:00,2021-06-13 02:00:00,2021-06-13 02:00:00,364,1
1017,2021-06-13 02:00:00,Random Forest,2,-1.393113976681868,-1.4675879769663172,2020-06-13 02:00:00,2021-06-13 02:00:00,2021-06-13 02:00:00,364,1
1018,2021-06-13 02:00:00,Neural Network,2,-1.393113976681868,-1.2648408164023865,2020-06-13 02:00:00,2021-06-13 02:00:00,2021-06-13 02:00:00,364,1
1019,2021-06-13 02:00:00,Naive,2,-1.393113976681868,1.3889005261894265,2020-06-13 02:00:00,2021-06-13 02:00:00,2021-06-13 02:00:00,364,1
1020,2021-06-14 02:00:00,Decision Tree,2,1.1980105473448794,1.26343181919576,2020-06-14 02:00:00,2021-06-14 02:00:00,2021-06-14 02:00:00,364,1
1021,2021-06-14 02:00:00,Random Forest,2,1.1980105473448794,1.2414955263486407,2020-06-14 02:00:00,2021-06-14 02:00:00,2021-06-14 02:00:00,364,1
1022,2021-06-14 02:00:00,Neural Network,2,1.1980105473448794,1.1078291644916747,2020-06-14 02:00:00,2021-06-14 02:00:00,2021-06-14 02:00:00,364,1
1023,2021-06-14 02:00:00,Naive,2,1.1980105473448794,-1.393113976681868,2020-06-14 02:00:00,2021-06-14 02:00:00,2021-06-14 02:00:00,364,1
1024,2021-06-15 02:00:00,Decision Tree,2,1.469482148073348,1.4460987065479507,2020-06-15 02:00:00,2021-06-15 02:00:00,2021-06-15 02:00:00,364,1
1025,2021-06-15 02:00:00,Random Forest,2,1.469482148073348,1.436642476285544,2020-06-15 02:00:00,2021-06-15 02:00:00,2021-06-15 02:00:00,364,1
1026,2021-06-15 02:00:00,Neural Network,2,1.469482148073348,1.592806071371732,2020-06-15 02:00:00,2021-06-15 02:00:00,2021-06-15 02:00:00,364,1
1027,2021-06-15 02:00:00,Naive,2,1.469482148073348,1.1980105473448794,2020-06-15 02:00:00,2021-06-15 02:00:00,2021-06-15 02:00:00,364,1
1028,2021-06-16 02:00:00,Decision Tree,2,1.5169867717219203,1.4490216367386255,2020-06-16 02:00:00,2021-06-16 02:00:00,2021-06-16 02:00:00,364,1
1029,2021-06-16 02:00:00,Random Forest,2,1.5169867717219203,1.4340595707468955,2020-06-16 02:00:00,2021-06-16 02:00:00,2021-06-16 02:00:00,364,1
1030,2021-06-16 02:00:00,Neural Network,2,1.5169867717219203,1.786965031583969,2020-06-16 02:00:00,2021-06-16 02:00:00,2021-06-16 02:00:00,364,1
1031,2021-06-16 02:00:00,Naive,2,1.5169867717219203,1.469482148073348,2020-06-16 02:00:00,2021-06-16 02:00:00,2021-06-16 02:00:00,364,1
1032,2021-06-17 02:00:00,Decision Tree,2,1.3152411403416062,1.3352017939946825,2020-06-17 02:00:00,2021-06-17 02:00:00,2021-06-17 02:00:00,364,1
1033,2021-06-17 02:00:00,Random Forest,2,1.3152411403416062,1.3754261020756728,2020-06-17 02:00:00,2021-06-17 02:00:00,2021-06-17 02:00:00,364,1
1034,2021-06-17 02:00:00,Neural Network,2,1.3152411403416062,1.4479712637481386,2020-06-17 02:00:00,2021-06-17 02:00:00,2021-06-17 02:00:00,364,1
1035,2021-06-17 02:00:00,Naive,2,1.3152411403416062,1.5169867717219203,2020-06-17 02:00:00,2021-06-17 02:00:00,2021-06-17 02:00:00,364,1
1036,2021-06-18 02:00:00,Decision Tree,2,1.4006007450773421,1.4565733184034362,2020-06-18 02:00:00,2021-06-18 02:00:00,2021-06-18 02:00:00,364,1
1037,2021-06-18 02:00:00,Random Forest,2,1.4006007450773421,1.4503069726866509,2020-06-18 02:00:00,2021-06-18 02:00:00,2021-06-18 02:00:00,364,1
1038,2021-06-18 02:00:00,Neural Network,2,1.4006007450773421,1.5082909374018536,2020-06-18 02:00:00,2021-06-18 02:00:00,2021-06-18 02:00:00,364,1
1039,2021-06-18 02:00:00,Naive,2,1.4006007450773421,1.3152411403416062,2020-06-18 02:00:00,2021-06-18 02:00:00,2021-06-18 02:00:00,364,1
1040,2021-06-19 02:00:00,Decision Tree,2,1.5166229841229877,1.428529548160039,2020-06-19 02:00:00,2021-06-19 02:00:00,2021-06-19 02:00:00,364,1
1041,2021-06-19 02:00:00,Random Forest,2,1.5166229841229877,1.4344847668244123,2020-06-19 02:00:00,2021-06-19 02:00:00,2021-06-19 02:00:00,364,1
1042,2021-06-19 02:00:00,Neural Network,2,1.5166229841229877,1.6656031670600828,2020-06-19 02:00:00,2021-06-19 02:00:00,2021-06-19 02:00:00,364,1
1043,2021-06-19 02:00:00,Naive,2,1.5166229841229877,1.4006007450773421,2020-06-19 02:00:00,2021-06-19 02:00:00,2021-06-19 02:00:00,364,1
1044,2021-06-20 02:00:00,Decision Tree,2,1.2691182410525135,1.3318750183858363,2020-06-20 02:00:00,2021-06-20 02:00:00,2021-06-20 02:00:00,364,1
1045,2021-06-20 02:00:00,Random Forest,2,1.2691182410525135,1.3526412126922156,2020-06-20 02:00:00,2021-06-20 02:00:00,2021-06-20 02:00:00,364,1
1046,2021-06-20 02:00:00,Neural Network,2,1.2691182410525135,1.1519867648066144,2020-06-20 02:00:00,2021-06-20 02:00:00,2021-06-20 02:00:00,364,1
1047,2021-06-20 02:00:00,Naive,2,1.2691182410525135,1.5166229841229877,2020-06-20 02:00:00,2021-06-20 02:00:00,2021-06-20 02:00:00,364,1
1048,2021-06-21 02:00:00,Decision Tree,2,1.198673257384934,1.3128637424919507,2020-06-21 02:00:00,2021-06-21 02:00:00,2021-06-21 02:00:00,364,1
1049,2021-06-21 02:00:00,Random Forest,2,1.198673257384934,1.279986186583743,2020-06-21 02:00:00,2021-06-21 02:00:00,2021-06-21 02:00:00,364,1
1050,2021-06-21 02:00:00,Neural Network,2,1.198673257384934,1.2662615831828665,2020-06-21 02:00:00,2021-06-21 02:00:00,2021-06-21 02:00:00,364,1
1051,2021-06-21 02:00:00,Naive,2,1.198673257384934,1.2691182410525135,2020-06-21 02:00:00,2021-06-21 02:00:00,2021-06-21 02:00:00,364,1
1052,2021-06-22 02:00:00,Decision Tree,2,1.379355090335671,1.4346915368759616,2020-06-22 02:00:00,2021-06-22 02:00:00,2021-06-22 02:00:00,364,1
1053,2021-06-22 02:00:00,Random Forest,2,1.379355090335671,1.427166656247092,2020-06-22 02:00:00,2021-06-22 02:00:00,2021-06-22 02:00:00,364,1
1054,2021-06-22 02:00:00,Neural Network,2,1.379355090335671,1.38132318562557,2020-06-22 02:00:00,2021-06-22 02:00:00,2021-06-22 02:00:00,364,1
1055,2021-06-22 02:00:00,Naive,2,1.379355090335671,1.198673257384934,2020-06-22 02:00:00,2021-06-22 02:00:00,2021-06-22 02:00:00,364,1
1056,2021-06-23 02:00:00,Decision Tree,2,1.474262129954956,1.4836468747150966,2020-06-23 02:00:00,2021-06-23 02:00:00,2021-06-23 02:00:00,364,1
1057,2021-06-23 02:00:00,Random Forest,2,1.474262129954956,1.475196995773239,2020-06-23 02:00:00,2021-06-23 02:00:00,2021-06-23 02:00:00,364,1
1058,2021-06-23 02:00:00,Neural Network,2,1.474262129954956,1.2770479204511445,2020-06-23 02:00:00,2021-06-23 02:00:00,2021-06-23 02:00:00,364,1
1059,2021-06-23 02:00:00,Naive,2,1.474262129954956,1.379355090335671,2020-06-23 02:00:00,2021-06-23 02:00:00,2021-06-23 02:00:00,364,1
1060,2021-06-24 02:00:00,Decision Tree,2,1.6212084902920874,1.487910816293776,2020-06-24 02:00:00,2021-06-24 02:00:00,2021-06-24 02:00:00,364,1
1061,2021-06-24 02:00:00,Random Forest,2,1.6212084902920874,1.4865090263959182,2020-06-24 02:00:00,2021-06-24 02:00:00,2021-06-24 02:00:00,364,1
1062,2021-06-24 02:00:00,Neural Network,2,1.6212084902920874,1.9832363353527662,2020-06-24 02:00:00,2021-06-24 02:00:00,2021-06-24 02:00:00,364,1
1063,2021-06-24 02:00:00,Naive,2,1.6212084902920874,1.474262129954956,2020-06-24 02:00:00,2021-06-24 02:00:00,2021-06-24 02:00:00,364,1
1064,2021-06-25 02:00:00,Decision Tree,2,1.6377475395646421,1.51971250483306,2020-06-25 02:00:00,2021-06-25 02:00:00,2021-06-25 02:00:00,364,1
1065,2021-06-25 02:00:00,Random Forest,2,1.6377475395646421,1.530607005904662,2020-06-25 02:00:00,2021-06-25 02:00:00,2021-06-25 02:00:00,364,1
1066,2021-06-25 02:00:00,Neural Network,2,1.6377475395646421,1.9375602037326152,2020-06-25 02:00:00,2021-06-25 02:00:00,2021-06-25 02:00:00,364,1
1067,2021-06-25 02:00:00,Naive,2,1.6377475395646421,1.6212084902920874,2020-06-25 02:00:00,2021-06-25 02:00:00,2021-06-25 02:00:00,364,1
1068,2021-06-26 02:00:00,Decision Tree,2,1.7942114873873083,1.5189315666733965,2020-06-26 02:00:00,2021-06-26 02:00:00,2021-06-26 02:00:00,364,1
1069,2021-06-26 02:00:00,Random Forest,2,1.7942114873873083,1.5764184550022662,2020-06-26 02:00:00,2021-06-26 02:00:00,2021-06-26 02:00:00,364,1
1070,2021-06-26 02:00:00,Neural Network,2,1.7942114873873083,2.1212331130488766,2020-06-26 02:00:00,2021-06-26 02:00:00,2021-06-26 02:00:00,364,1
1071,2021-06-26 02:00:00,Naive,2,1.7942114873873083,1.6377475395646421,2020-06-26 02:00:00,2021-06-26 02:00:00,2021-06-26 02:00:00,364,1
1072,2021-06-27 02:00:00,Decision Tree,2,1.4059965592916337,1.4648776456282213,2020-06-27 02:00:00,2021-06-27 02:00:00,2021-06-27 02:00:00,364,1
1073,2021-06-27 02:00:00,Random Forest,2,1.4059965592916337,1.479881050701725,2020-06-27 02:00:00,2021-06-27 02:00:00,2021-06-27 02:00:00,364,1
1074,2021-06-27 02:00:00,Neural Network,2,1.4059965592916337,1.4666789833523384,2020-06-27 02:00:00,2021-06-27 02:00:00,2021-06-27 02:00:00,364,1
1075,2021-06-27 02:00:00,Naive,2,1.4059965592916337,1.7942114873873083,2020-06-27 02:00:00,2021-06-27 02:00:00,2021-06-27 02:00:00,364,1
1076,2021-06-28 02:00:00,Decision Tree,2,1.4642847902293956,1.420555860241633,2020-06-28 02:00:00,2021-06-28 02:00:00,2021-06-28 02:00:00,364,1
1077,2021-06-28 02:00:00,Random Forest,2,1.4642847902293956,1.4831782534126854,2020-06-28 02:00:00,2021-06-28 02:00:00,2021-06-28 02:00:00,364,1
1078,2021-06-28 02:00:00,Neural Network,2,1.4642847902293956,1.5305253556840948,2020-06-28 02:00:00,2021-06-28 02:00:00,2021-06-28 02:00:00,364,1
1079,2021-06-28 02:00:00,Naive,2,1.4642847902293956,1.4059965592916337,2020-06-28 02:00:00,2021-06-28 02:00:00,2021-06-28 02:00:00,364,1
1080,2021-06-29 02:00:00,Decision Tree,2,1.584989820861281,1.6173554546177893,2020-06-29 02:00:00,2021-06-29 02:00:00,2021-06-29 02:00:00,364,1
1081,2021-06-29 02:00:00,Random Forest,2,1.584989820861281,1.6288929398233016,2020-06-29 02:00:00,2021-06-29 02:00:00,2021-06-29 02:00:00,364,1
1082,2021-06-29 02:00:00,Neural Network,2,1.584989820861281,1.6931525445751094,2020-06-29 02:00:00,2021-06-29 02:00:00,2021-06-29 02:00:00,364,1
1083,2021-06-29 02:00:00,Naive,2,1.584989820861281,1.4642847902293956,2020-06-29 02:00:00,2021-06-29 02:00:00,2021-06-29 02:00:00,364,1
1084,2021-06-30 02:00:00,Decision Tree,2,1.6002184537814332,1.6309560644456613,2020-06-30 02:00:00,2021-06-30 02:00:00,2021-06-30 02:00:00,364,1
1085,2021-06-30 02:00:00,Random Forest,2,1.6002184537814332,1.6203630670794593,2020-06-30 02:00:00,2021-06-30 02:00:00,2021-06-30 02:00:00,364,1
1086,2021-06-30 02:00:00,Neural Network,2,1.6002184537814332,1.6208175085617582,2020-06-30 02:00:00,2021-06-30 02:00:00,2021-06-30 02:00:00,364,1
1087,2021-06-30 02:00:00,Naive,2,1.6002184537814332,1.584989820861281,2020-06-30 02:00:00,2021-06-30 02:00:00,2021-06-30 02:00:00,364,1
1088,2021-07-01 02:00:00,Decision Tree,2,1.5498014440537358,1.6476751583773503,2020-07-01 02:00:00,2021-07-01 02:00:00,2021-07-01 02:00:00,364,1
1089,2021-07-01 02:00:00,Random Forest,2,1.5498014440537358,1.6017478004034142,2020-07-01 02:00:00,2021-07-01 02:00:00,2021-07-01 02:00:00,364,1
1090,2021-07-01 02:00:00,Neural Network,2,1.5498014440537358,1.6252660904290634,2020-07-01 02:00:00,2021-07-01 02:00:00,2021-07-01 02:00:00,364,1
1091,2021-07-01 02:00:00,Naive,2,1.5498014440537358,1.6002184537814332,2020-07-01 02:00:00,2021-07-01 02:00:00,2021-07-01 02:00:00,364,1
1092,2021-07-02 02:00:00,Decision Tree,2,1.7383811912426992,1.631362872656748,2020-07-02 02:00:00,2021-07-02 02:00:00,2021-07-02 02:00:00,364,1
1093,2021-07-02 02:00:00,Random Forest,2,1.7383811912426992,1.6414725900921283,2020-07-02 02:00:00,2021-07-02 02:00:00,2021-07-02 02:00:00,364,1
1094,2021-07-02 02:00:00,Neural Network,2,1.7383811912426992,1.922420405134644,2020-07-02 02:00:00,2021-07-02 02:00:00,2021-07-02 02:00:00,364,1
1095,2021-07-02 02:00:00,Naive,2,1.7383811912426992,1.5498014440537358,2020-07-02 02:00:00,2021-07-02 02:00:00,2021-07-02 02:00:00,364,1
1096,2021-07-03 02:00:00,Decision Tree,2,1.7059797354035524,1.6627928305215753,2020-07-03 02:00:00,2021-07-03 02:00:00,2021-07-03 02:00:00,364,1
1097,2021-07-03 02:00:00,Random Forest,2,1.7059797354035524,1.7084991548728197,2020-07-03 02:00:00,2021-07-03 02:00:00,2021-07-03 02:00:00,364,1
1098,2021-07-03 02:00:00,Neural Network,2,1.7059797354035524,1.9167865580845356,2020-07-03 02:00:00,2021-07-03 02:00:00,2021-07-03 02:00:00,364,1
1099,2021-07-03 02:00:00,Naive,2,1.7059797354035524,1.7383811912426992,2020-07-03 02:00:00,2021-07-03 02:00:00,2021-07-03 02:00:00,364,1
1100,2021-07-04 02:00:00,Decision Tree,2,1.6836654026809916,1.6995056887780577,2020-07-04 02:00:00,2021-07-04 02:00:00,2021-07-04 02:00:00,364,1
1101,2021-07-04 02:00:00,Random Forest,2,1.6836654026809916,1.7172380727375594,2020-07-04 02:00:00,2021-07-04 02:00:00,2021-07-04 02:00:00,364,1
1102,2021-07-04 02:00:00,Neural Network,2,1.6836654026809916,1.8554025855951788,2020-07-04 02:00:00,2021-07-04 02:00:00,2021-07-04 02:00:00,364,1
1103,2021-07-04 02:00:00,Naive,2,1.6836654026809916,1.7059797354035524,2020-07-04 02:00:00,2021-07-04 02:00:00,2021-07-04 02:00:00,364,1
1104,2021-07-05 02:00:00,Decision Tree,2,1.53850504170435,1.564971327472241,2020-07-05 02:00:00,2021-07-05 02:00:00,2021-07-05 02:00:00,364,1
1105,2021-07-05 02:00:00,Random Forest,2,1.53850504170435,1.5962275834032829,2020-07-05 02:00:00,2021-07-05 02:00:00,2021-07-05 02:00:00,364,1
1106,2021-07-05 02:00:00,Neural Network,2,1.53850504170435,1.5974779739215725,2020-07-05 02:00:00,2021-07-05 02:00:00,2021-07-05 02:00:00,364,1
1107,2021-07-05 02:00:00,Naive,2,1.53850504170435,1.6836654026809916,2020-07-05 02:00:00,2021-07-05 02:00:00,2021-07-05 02:00:00,364,1
1108,2021-07-06 02:00:00,Decision Tree,2,1.5092075090745845,1.5611904295053995,2020-07-06 02:00:00,2021-07-06 02:00:00,2021-07-06 02:00:00,364,1
1109,2021-07-06 02:00:00,Random Forest,2,1.5092075090745845,1.5446615413955813,2020-07-06 02:00:00,2021-07-06 02:00:00,2021-07-06 02:00:00,364,1
1110,2021-07-06 02:00:00,Neural Network,2,1.5092075090745845,1.5951030317573243,2020-07-06 02:00:00,2021-07-06 02:00:00,2021-07-06 02:00:00,364,1
1111,2021-07-06 02:00:00,Naive,2,1.5092075090745845,1.53850504170435,2020-07-06 02:00:00,2021-07-06 02:00:00,2021-07-06 02:00:00,364,1
1112,2021-07-07 02:00:00,Decision Tree,2,1.5537720549756122,1.5546925644515475,2020-07-07 02:00:00,2021-07-07 02:00:00,2021-07-07 02:00:00,364,1
1113,2021-07-07 02:00:00,Random Forest,2,1.5537720549756122,1.596655784797791,2020-07-07 02:00:00,2021-07-07 02:00:00,2021-07-07 02:00:00,364,1
1114,2021-07-07 02:00:00,Neural Network,2,1.5537720549756122,1.7345932496999927,2020-07-07 02:00:00,2021-07-07 02:00:00,2021-07-07 02:00:00,364,1
1115,2021-07-07 02:00:00,Naive,2,1.5537720549756122,1.5092075090745845,2020-07-07 02:00:00,2021-07-07 02:00:00,2021-07-07 02:00:00,364,1
1116,2021-07-08 02:00:00,Decision Tree,2,1.6697064424033219,1.7119970712558388,2020-07-08 02:00:00,2021-07-08 02:00:00,2021-07-08 02:00:00,364,1
1117,2021-07-08 02:00:00,Random Forest,2,1.6697064424033219,1.68045134410754,2020-07-08 02:00:00,2021-07-08 02:00:00,2021-07-08 02:00:00,364,1
1118,2021-07-08 02:00:00,Neural Network,2,1.6697064424033219,1.827561157923994,2020-07-08 02:00:00,2021-07-08 02:00:00,2021-07-08 02:00:00,364,1
1119,2021-07-08 02:00:00,Naive,2,1.6697064424033219,1.5537720549756122,2020-07-08 02:00:00,2021-07-08 02:00:00,2021-07-08 02:00:00,364,1
1120,2021-07-09 02:00:00,Decision Tree,2,1.5853712340220343,1.7049486331137524,2020-07-09 02:00:00,2021-07-09 02:00:00,2021-07-09 02:00:00,364,1
1121,2021-07-09 02:00:00,Random Forest,2,1.5853712340220343,1.6333529637357698,2020-07-09 02:00:00,2021-07-09 02:00:00,2021-07-09 02:00:00,364,1
1122,2021-07-09 02:00:00,Neural Network,2,1.5853712340220343,1.7517682734352797,2020-07-09 02:00:00,2021-07-09 02:00:00,2021-07-09 02:00:00,364,1
1123,2021-07-09 02:00:00,Naive,2,1.5853712340220343,1.6697064424033219,2020-07-09 02:00:00,2021-07-09 02:00:00,2021-07-09 02:00:00,364,1
1124,2021-07-10 02:00:00,Decision Tree,2,1.556916437083569,1.5891120107864896,2020-07-10 02:00:00,2021-07-10 02:00:00,2021-07-10 02:00:00,364,1
1125,2021-07-10 02:00:00,Random Forest,2,1.556916437083569,1.5903760209657987,2020-07-10 02:00:00,2021-07-10 02:00:00,2021-07-10 02:00:00,364,1
1126,2021-07-10 02:00:00,Neural Network,2,1.556916437083569,1.6794353991950146,2020-07-10 02:00:00,2021-07-10 02:00:00,2021-07-10 02:00:00,364,1
1127,2021-07-10 02:00:00,Naive,2,1.556916437083569,1.5853712340220343,2020-07-10 02:00:00,2021-07-10 02:00:00,2021-07-10 02:00:00,364,1
1128,2021-07-11 02:00:00,Decision Tree,2,1.5411670982991938,1.5837460818360027,2020-07-11 02:00:00,2021-07-11 02:00:00,2021-07-11 02:00:00,364,1
1129,2021-07-11 02:00:00,Random Forest,2,1.5411670982991938,1.5889126163574603,2020-07-11 02:00:00,2021-07-11 02:00:00,2021-07-11 02:00:00,364,1
1130,2021-07-11 02:00:00,Neural Network,2,1.5411670982991938,1.7522221967317178,2020-07-11 02:00:00,2021-07-11 02:00:00,2021-07-11 02:00:00,364,1
1131,2021-07-11 02:00:00,Naive,2,1.5411670982991938,1.556916437083569,2020-07-11 02:00:00,2021-07-11 02:00:00,2021-07-11 02:00:00,364,1
1132,2021-07-12 02:00:00,Decision Tree,2,1.5115512776619142,1.5262247501355155,2020-07-12 02:00:00,2021-07-12 02:00:00,2021-07-12 02:00:00,364,1
1133,2021-07-12 02:00:00,Random Forest,2,1.5115512776619142,1.5434411600618412,2020-07-12 02:00:00,2021-07-12 02:00:00,2021-07-12 02:00:00,364,1
1134,2021-07-12 02:00:00,Neural Network,2,1.5115512776619142,1.5123880935373368,2020-07-12 02:00:00,2021-07-12 02:00:00,2021-07-12 02:00:00,364,1
1135,2021-07-12 02:00:00,Naive,2,1.5115512776619142,1.5411670982991938,2020-07-12 02:00:00,2021-07-12 02:00:00,2021-07-12 02:00:00,364,1
1136,2021-07-13 02:00:00,Decision Tree,2,1.6716464779504907,1.7049486331137524,2020-07-13 02:00:00,2021-07-13 02:00:00,2021-07-13 02:00:00,364,1
1137,2021-07-13 02:00:00,Random Forest,2,1.6716464779504907,1.6903926439443708,2020-07-13 02:00:00,2021-07-13 02:00:00,2021-07-13 02:00:00,364,1
1138,2021-07-13 02:00:00,Neural Network,2,1.6716464779504907,1.8204107393997615,2020-07-13 02:00:00,2021-07-13 02:00:00,2021-07-13 02:00:00,364,1
1139,2021-07-13 02:00:00,Naive,2,1.6716464779504907,1.5115512776619142,2020-07-13 02:00:00,2021-07-13 02:00:00,2021-07-13 02:00:00,364,1
1140,2021-07-14 02:00:00,Decision Tree,2,1.4776041918679468,1.5237791713899156,2020-07-14 02:00:00,2021-07-14 02:00:00,2021-07-14 02:00:00,364,1
1141,2021-07-14 02:00:00,Random Forest,2,1.4776041918679468,1.5226582523795598,2020-07-14 02:00:00,2021-07-14 02:00:00,2021-07-14 02:00:00,364,1
1142,2021-07-14 02:00:00,Neural Network,2,1.4776041918679468,1.5530752004549948,2020-07-14 02:00:00,2021-07-14 02:00:00,2021-07-14 02:00:00,364,1
1143,2021-07-14 02:00:00,Naive,2,1.4776041918679468,1.6716464779504907,2020-07-14 02:00:00,2021-07-14 02:00:00,2021-07-14 02:00:00,364,1
1144,2021-07-15 02:00:00,Decision Tree,2,1.546401143183209,1.5421092510958363,2020-07-15 02:00:00,2021-07-15 02:00:00,2021-07-15 02:00:00,364,1
1145,2021-07-15 02:00:00,Random Forest,2,1.546401143183209,1.5777998457610771,2020-07-15 02:00:00,2021-07-15 02:00:00,2021-07-15 02:00:00,364,1
1146,2021-07-15 02:00:00,Neural Network,2,1.546401143183209,1.6698199309162627,2020-07-15 02:00:00,2021-07-15 02:00:00,2021-07-15 02:00:00,364,1
1147,2021-07-15 02:00:00,Naive,2,1.546401143183209,1.4776041918679468,2020-07-15 02:00:00,2021-07-15 02:00:00,2021-07-15 02:00:00,364,1
1148,2021-07-16 02:00:00,Decision Tree,2,1.4780980343037848,1.51718274574392,2020-07-16 02:00:00,2021-07-16 02:00:00,2021-07-16 02:00:00,364,1
1149,2021-07-16 02:00:00,Random Forest,2,1.4780980343037848,1.5102577547211553,2020-07-16 02:00:00,2021-07-16 02:00:00,2021-07-16 02:00:00,364,1
1150,2021-07-16 02:00:00,Neural Network,2,1.4780980343037848,1.5459939767904483,2020-07-16 02:00:00,2021-07-16 02:00:00,2021-07-16 02:00:00,364,1
1151,2021-07-16 02:00:00,Naive,2,1.4780980343037848,1.546401143183209,2020-07-16 02:00:00,2021-07-16 02:00:00,2021-07-16 02:00:00,364,1
1152,2021-07-17 02:00:00,Decision Tree,2,1.2795553739406642,1.4273825881049595,2020-07-17 02:00:00,2021-07-17 02:00:00,2021-07-17 02:00:00,364,1
1153,2021-07-17 02:00:00,Random Forest,2,1.2795553739406642,1.3986095569758243,2020-07-17 02:00:00,2021-07-17 02:00:00,2021-07-17 02:00:00,364,1
1154,2021-07-17 02:00:00,Neural Network,2,1.2795553739406642,1.3728606616861565,2020-07-17 02:00:00,2021-07-17 02:00:00,2021-07-17 02:00:00,364,1
1155,2021-07-17 02:00:00,Naive,2,1.2795553739406642,1.4780980343037848,2020-07-17 02:00:00,2021-07-17 02:00:00,2021-07-17 02:00:00,364,1
1156,2021-07-18 02:00:00,Decision Tree,2,0.7092128638873937,0.9057526602764152,2020-07-18 02:00:00,2021-07-18 02:00:00,2021-07-18 02:00:00,364,1
1157,2021-07-18 02:00:00,Random Forest,2,0.7092128638873937,0.926291804474848,2020-07-18 02:00:00,2021-07-18 02:00:00,2021-07-18 02:00:00,364,1
1158,2021-07-18 02:00:00,Neural Network,2,0.7092128638873937,0.8058499351129922,2020-07-18 02:00:00,2021-07-18 02:00:00,2021-07-18 02:00:00,364,1
1159,2021-07-18 02:00:00,Naive,2,0.7092128638873937,1.2795553739406642,2020-07-18 02:00:00,2021-07-18 02:00:00,2021-07-18 02:00:00,364,1
1160,2021-07-19 02:00:00,Decision Tree,2,1.2274908773518574,1.3299689691551457,2020-07-19 02:00:00,2021-07-19 02:00:00,2021-07-19 02:00:00,364,1
1161,2021-07-19 02:00:00,Random Forest,2,1.2274908773518574,1.3216545581969674,2020-07-19 02:00:00,2021-07-19 02:00:00,2021-07-19 02:00:00,364,1
1162,2021-07-19 02:00:00,Neural Network,2,1.2274908773518574,1.2605171960119206,2020-07-19 02:00:00,2021-07-19 02:00:00,2021-07-19 02:00:00,364,1
1163,2021-07-19 02:00:00,Naive,2,1.2274908773518574,0.7092128638873937,2020-07-19 02:00:00,2021-07-19 02:00:00,2021-07-19 02:00:00,364,1
1164,2021-07-20 02:00:00,Decision Tree,2,1.623128732979789,1.7001911823761435,2020-07-20 02:00:00,2021-07-20 02:00:00,2021-07-20 02:00:00,364,1
1165,2021-07-20 02:00:00,Random Forest,2,1.623128732979789,1.68255875911223,2020-07-20 02:00:00,2021-07-20 02:00:00,2021-07-20 02:00:00,364,1
1166,2021-07-20 02:00:00,Neural Network,2,1.623128732979789,1.761344884420079,2020-07-20 02:00:00,2021-07-20 02:00:00,2021-07-20 02:00:00,364,1
1167,2021-07-20 02:00:00,Naive,2,1.623128732979789,1.2274908773518574,2020-07-20 02:00:00,2021-07-20 02:00:00,2021-07-20 02:00:00,364,1
1168,2021-07-21 02:00:00,Decision Tree,2,1.5366424399711738,1.5737555915623025,2020-07-21 02:00:00,2021-07-21 02:00:00,2021-07-21 02:00:00,364,1
1169,2021-07-21 02:00:00,Random Forest,2,1.5366424399711738,1.6008157918544104,2020-07-21 02:00:00,2021-07-21 02:00:00,2021-07-21 02:00:00,364,1
1170,2021-07-21 02:00:00,Neural Network,2,1.5366424399711738,1.63367510334541,2020-07-21 02:00:00,2021-07-21 02:00:00,2021-07-21 02:00:00,364,1
1171,2021-07-21 02:00:00,Naive,2,1.5366424399711738,1.623128732979789,2020-07-21 02:00:00,2021-07-21 02:00:00,2021-07-21 02:00:00,364,1
1172,2021-07-22 02:00:00,Decision Tree,2,1.5294852442922522,1.569631908052177,2020-07-22 02:00:00,2021-07-22 02:00:00,2021-07-22 02:00:00,364,1
1173,2021-07-22 02:00:00,Random Forest,2,1.5294852442922522,1.5747178889102966,2020-07-22 02:00:00,2021-07-22 02:00:00,2021-07-22 02:00:00,364,1
1174,2021-07-22 02:00:00,Neural Network,2,1.5294852442922522,1.6892749213441536,2020-07-22 02:00:00,2021-07-22 02:00:00,2021-07-22 02:00:00,364,1
1175,2021-07-22 02:00:00,Naive,2,1.5294852442922522,1.5366424399711738,2020-07-22 02:00:00,2021-07-22 02:00:00,2021-07-22 02:00:00,364,1
1176,2021-07-23 02:00:00,Decision Tree,2,1.540316587762122,1.5763192805367103,2020-07-23 02:00:00,2021-07-23 02:00:00,2021-07-23 02:00:00,364,1
1177,2021-07-23 02:00:00,Random Forest,2,1.540316587762122,1.5953295616676135,2020-07-23 02:00:00,2021-07-23 02:00:00,2021-07-23 02:00:00,364,1
1178,2021-07-23 02:00:00,Neural Network,2,1.540316587762122,1.6018861186750608,2020-07-23 02:00:00,2021-07-23 02:00:00,2021-07-23 02:00:00,364,1
1179,2021-07-23 02:00:00,Naive,2,1.540316587762122,1.5294852442922522,2020-07-23 02:00:00,2021-07-23 02:00:00,2021-07-23 02:00:00,364,1
1180,2021-07-24 02:00:00,Decision Tree,2,1.5350535987817078,1.547352355049187,2020-07-24 02:00:00,2021-07-24 02:00:00,2021-07-24 02:00:00,364,1
1181,2021-07-24 02:00:00,Random Forest,2,1.5350535987817078,1.5703763188341633,2020-07-24 02:00:00,2021-07-24 02:00:00,2021-07-24 02:00:00,364,1
1182,2021-07-24 02:00:00,Neural Network,2,1.5350535987817078,1.5024780155532909,2020-07-24 02:00:00,2021-07-24 02:00:00,2021-07-24 02:00:00,364,1
1183,2021-07-24 02:00:00,Naive,2,1.5350535987817078,1.540316587762122,2020-07-24 02:00:00,2021-07-24 02:00:00,2021-07-24 02:00:00,364,1
1184,2021-07-25 02:00:00,Decision Tree,2,0.8104929322951947,1.0162326007626272,2020-07-25 02:00:00,2021-07-25 02:00:00,2021-07-25 02:00:00,364,1
1185,2021-07-25 02:00:00,Random Forest,2,0.8104929322951947,0.9766694369417189,2020-07-25 02:00:00,2021-07-25 02:00:00,2021-07-25 02:00:00,364,1
1186,2021-07-25 02:00:00,Neural Network,2,0.8104929322951947,0.7953043680938209,2020-07-25 02:00:00,2021-07-25 02:00:00,2021-07-25 02:00:00,364,1
1187,2021-07-25 02:00:00,Naive,2,0.8104929322951947,1.5350535987817078,2020-07-25 02:00:00,2021-07-25 02:00:00,2021-07-25 02:00:00,364,1
1188,2021-07-26 02:00:00,Decision Tree,2,1.3713517953079104,1.4531643736807405,2020-07-26 02:00:00,2021-07-26 02:00:00,2021-07-26 02:00:00,364,1
1189,2021-07-26 02:00:00,Random Forest,2,1.3713517953079104,1.4614964257180634,2020-07-26 02:00:00,2021-07-26 02:00:00,2021-07-26 02:00:00,364,1
1190,2021-07-26 02:00:00,Neural Network,2,1.3713517953079104,1.379096392362229,2020-07-26 02:00:00,2021-07-26 02:00:00,2021-07-26 02:00:00,364,1
1191,2021-07-26 02:00:00,Naive,2,1.3713517953079104,0.8104929322951947,2020-07-26 02:00:00,2021-07-26 02:00:00,2021-07-26 02:00:00,364,1
1192,2021-07-27 02:00:00,Decision Tree,2,1.435473602480298,1.4854165118827325,2020-07-27 02:00:00,2021-07-27 02:00:00,2021-07-27 02:00:00,364,1
1193,2021-07-27 02:00:00,Random Forest,2,1.435473602480298,1.49014710766054,2020-07-27 02:00:00,2021-07-27 02:00:00,2021-07-27 02:00:00,364,1
1194,2021-07-27 02:00:00,Neural Network,2,1.435473602480298,1.5500804643582677,2020-07-27 02:00:00,2021-07-27 02:00:00,2021-07-27 02:00:00,364,1
1195,2021-07-27 02:00:00,Naive,2,1.435473602480298,1.3713517953079104,2020-07-27 02:00:00,2021-07-27 02:00:00,2021-07-27 02:00:00,364,1
1196,2021-07-28 02:00:00,Decision Tree,2,1.3930100082472356,1.491158969864852,2020-07-28 02:00:00,2021-07-28 02:00:00,2021-07-28 02:00:00,364,1
1197,2021-07-28 02:00:00,Random Forest,2,1.3930100082472356,1.481389054223313,2020-07-28 02:00:00,2021-07-28 02:00:00,2021-07-28 02:00:00,364,1
1198,2021-07-28 02:00:00,Neural Network,2,1.3930100082472356,1.4333652177276341,2020-07-28 02:00:00,2021-07-28 02:00:00,2021-07-28 02:00:00,364,1
1199,2021-07-28 02:00:00,Naive,2,1.3930100082472356,1.435473602480298,2020-07-28 02:00:00,2021-07-28 02:00:00,2021-07-28 02:00:00,364,1
1200,2021-07-29 02:00:00,Decision Tree,2,0.4440829143126783,0.6407639952521564,2020-07-29 02:00:00,2021-07-29 02:00:00,2021-07-29 02:00:00,364,1
1201,2021-07-29 02:00:00,Random Forest,2,0.4440829143126783,0.6747242211046421,2020-07-29 02:00:00,2021-07-29 02:00:00,2021-07-29 02:00:00,364,1
1202,2021-07-29 02:00:00,Neural Network,2,0.4440829143126783,0.436978590900916,2020-07-29 02:00:00,2021-07-29 02:00:00,2021-07-29 02:00:00,364,1
1203,2021-07-29 02:00:00,Naive,2,0.4440829143126783,1.3930100082472356,2020-07-29 02:00:00,2021-07-29 02:00:00,2021-07-29 02:00:00,364,1
1204,2021-07-30 02:00:00,Decision Tree,2,0.6461449211271872,0.860142547050749,2020-07-30 02:00:00,2021-07-30 02:00:00,2021-07-30 02:00:00,364,1
1205,2021-07-30 02:00:00,Random Forest,2,0.6461449211271872,0.8791293881307043,2020-07-30 02:00:00,2021-07-30 02:00:00,2021-07-30 02:00:00,364,1
1206,2021-07-30 02:00:00,Neural Network,2,0.6461449211271872,0.7443538757838745,2020-07-30 02:00:00,2021-07-30 02:00:00,2021-07-30 02:00:00,364,1
1207,2021-07-30 02:00:00,Naive,2,0.6461449211271872,0.4440829143126783,2020-07-30 02:00:00,2021-07-30 02:00:00,2021-07-30 02:00:00,364,1
1208,2021-07-31 02:00:00,Decision Tree,2,0.21782242542604435,0.37077234101287393,2020-07-31 02:00:00,2021-07-31 02:00:00,2021-07-31 02:00:00,364,1
1209,2021-07-31 02:00:00,Random Forest,2,0.21782242542604435,0.4156443090293243,2020-07-31 02:00:00,2021-07-31 02:00:00,2021-07-31 02:00:00,364,1
1210,2021-07-31 02:00:00,Neural Network,2,0.21782242542604435,0.2050027808451838,2020-07-31 02:00:00,2021-07-31 02:00:00,2021-07-31 02:00:00,364,1
1211,2021-07-31 02:00:00,Naive,2,0.21782242542604435,0.6461449211271872,2020-07-31 02:00:00,2021-07-31 02:00:00,2021-07-31 02:00:00,364,1
1212,2021-08-01 02:00:00,Decision Tree,2,0.6146899336963312,0.780621924134514,2020-08-01 02:00:00,2021-08-01 02:00:00,2021-08-01 02:00:00,364,1
1213,2021-08-01 02:00:00,Random Forest,2,0.6146899336963312,0.7729352076288502,2020-08-01 02:00:00,2021-08-01 02:00:00,2021-08-01 02:00:00,364,1
1214,2021-08-01 02:00:00,Neural Network,2,0.6146899336963312,0.6133748192509426,2020-08-01 02:00:00,2021-08-01 02:00:00,2021-08-01 02:00:00,364,1
1215,2021-08-01 02:00:00,Naive,2,0.6146899336963312,0.21782242542604435,2020-08-01 02:00:00,2021-08-01 02:00:00,2021-08-01 02:00:00,364,1
1216,2021-08-02 02:00:00,Decision Tree,2,0.8467500677183192,1.1343345153046012,2020-08-02 02:00:00,2021-08-02 02:00:00,2021-08-02 02:00:00,364,1
1217,2021-08-02 02:00:00,Random Forest,2,0.8467500677183192,1.0056502460609695,2020-08-02 02:00:00,2021-08-02 02:00:00,2021-08-02 02:00:00,364,1
1218,2021-08-02 02:00:00,Neural Network,2,0.8467500677183192,0.9799098562319105,2020-08-02 02:00:00,2021-08-02 02:00:00,2021-08-02 02:00:00,364,1
1219,2021-08-02 02:00:00,Naive,2,0.8467500677183192,0.6146899336963312,2020-08-02 02:00:00,2021-08-02 02:00:00,2021-08-02 02:00:00,364,1
1220,2021-08-03 02:00:00,Decision Tree,2,1.5465723338967257,1.6905583762015994,2020-08-03 02:00:00,2021-08-03 02:00:00,2021-08-03 02:00:00,364,1
1221,2021-08-03 02:00:00,Random Forest,2,1.5465723338967257,1.6069265191515072,2020-08-03 02:00:00,2021-08-03 02:00:00,2021-08-03 02:00:00,364,1
1222,2021-08-03 02:00:00,Neural Network,2,1.5465723338967257,1.5779130672147568,2020-08-03 02:00:00,2021-08-03 02:00:00,2021-08-03 02:00:00,364,1
1223,2021-08-03 02:00:00,Naive,2,1.5465723338967257,0.8467500677183192,2020-08-03 02:00:00,2021-08-03 02:00:00,2021-08-03 02:00:00,364,1
1224,2021-08-04 02:00:00,Decision Tree,2,1.5262099506129394,1.5843453937252017,2020-08-04 02:00:00,2021-08-04 02:00:00,2021-08-04 02:00:00,364,1
1225,2021-08-04 02:00:00,Random Forest,2,1.5262099506129394,1.5822846050787298,2020-08-04 02:00:00,2021-08-04 02:00:00,2021-08-04 02:00:00,364,1
1226,2021-08-04 02:00:00,Neural Network,2,1.5262099506129394,1.6791104284126912,2020-08-04 02:00:00,2021-08-04 02:00:00,2021-08-04 02:00:00,364,1
1227,2021-08-04 02:00:00,Naive,2,1.5262099506129394,1.5465723338967257,2020-08-04 02:00:00,2021-08-04 02:00:00,2021-08-04 02:00:00,364,1
1228,2021-08-05 02:00:00,Decision Tree,2,1.5508329075430498,1.5365679625772002,2020-08-05 02:00:00,2021-08-05 02:00:00,2021-08-05 02:00:00,364,1
1229,2021-08-05 02:00:00,Random Forest,2,1.5508329075430498,1.559038453774815,2020-08-05 02:00:00,2021-08-05 02:00:00,2021-08-05 02:00:00,364,1
1230,2021-08-05 02:00:00,Neural Network,2,1.5508329075430498,1.7011189373128681,2020-08-05 02:00:00,2021-08-05 02:00:00,2021-08-05 02:00:00,364,1
1231,2021-08-05 02:00:00,Naive,2,1.5508329075430498,1.5262099506129394,2020-08-05 02:00:00,2021-08-05 02:00:00,2021-08-05 02:00:00,364,1
1232,2021-08-06 02:00:00,Decision Tree,2,1.1382597938016166,1.2584766371209848,2020-08-06 02:00:00,2021-08-06 02:00:00,2021-08-06 02:00:00,364,1
1233,2021-08-06 02:00:00,Random Forest,2,1.1382597938016166,1.3090436156386458,2020-08-06 02:00:00,2021-08-06 02:00:00,2021-08-06 02:00:00,364,1
1234,2021-08-06 02:00:00,Neural Network,2,1.1382597938016166,1.1890117294575626,2020-08-06 02:00:00,2021-08-06 02:00:00,2021-08-06 02:00:00,364,1
1235,2021-08-06 02:00:00,Naive,2,1.1382597938016166,1.5508329075430498,2020-08-06 02:00:00,2021-08-06 02:00:00,2021-08-06 02:00:00,364,1
1236,2021-08-07 02:00:00,Decision Tree,2,0.955805969861085,1.1828361360020412,2020-08-07 02:00:00,2021-08-07 02:00:00,2021-08-07 02:00:00,364,1
1237,2021-08-07 02:00:00,Random Forest,2,0.955805969861085,1.1685102073671507,2020-08-07 02:00:00,2021-08-07 02:00:00,2021-08-07 02:00:00,364,1
1238,2021-08-07 02:00:00,Neural Network,2,0.955805969861085,1.0252722036169248,2020-08-07 02:00:00,2021-08-07 02:00:00,2021-08-07 02:00:00,364,1
1239,2021-08-07 02:00:00,Naive,2,0.955805969861085,1.1382597938016166,2020-08-07 02:00:00,2021-08-07 02:00:00,2021-08-07 02:00:00,364,1
1240,2021-08-08 02:00:00,Decision Tree,2,-1.4794973490128935,-1.5870566287440435,2020-08-08 02:00:00,2021-08-08 02:00:00,2021-08-08 02:00:00,364,1
1241,2021-08-08 02:00:00,Random Forest,2,-1.4794973490128935,-1.6422386492324004,2020-08-08 02:00:00,2021-08-08 02:00:00,2021-08-08 02:00:00,364,1
1242,2021-08-08 02:00:00,Neural Network,2,-1.4794973490128935,-1.2593162033079883,2020-08-08 02:00:00,2021-08-08 02:00:00,2021-08-08 02:00:00,364,1
1243,2021-08-08 02:00:00,Naive,2,-1.4794973490128935,0.955805969861085,2020-08-08 02:00:00,2021-08-08 02:00:00,2021-08-08 02:00:00,364,1
1244,2021-08-09 02:00:00,Decision Tree,2,0.016680778594370966,0.21664443140501913,2020-08-09 02:00:00,2021-08-09 02:00:00,2021-08-09 02:00:00,364,1
1245,2021-08-09 02:00:00,Random Forest,2,0.016680778594370966,0.23136129056764304,2020-08-09 02:00:00,2021-08-09 02:00:00,2021-08-09 02:00:00,364,1
1246,2021-08-09 02:00:00,Neural Network,2,0.016680778594370966,-0.28552742469607373,2020-08-09 02:00:00,2021-08-09 02:00:00,2021-08-09 02:00:00,364,1
1247,2021-08-09 02:00:00,Naive,2,0.016680778594370966,-1.4794973490128935,2020-08-09 02:00:00,2021-08-09 02:00:00,2021-08-09 02:00:00,364,1
1248,2021-08-10 02:00:00,Decision Tree,2,1.2640840743108326,1.380220389455347,2020-08-10 02:00:00,2021-08-10 02:00:00,2021-08-10 02:00:00,364,1
1249,2021-08-10 02:00:00,Random Forest,2,1.2640840743108326,1.3683137902966414,2020-08-10 02:00:00,2021-08-10 02:00:00,2021-08-10 02:00:00,364,1
1250,2021-08-10 02:00:00,Neural Network,2,1.2640840743108326,1.2413698563848874,2020-08-10 02:00:00,2021-08-10 02:00:00,2021-08-10 02:00:00,364,1
1251,2021-08-10 02:00:00,Naive,2,1.2640840743108326,0.016680778594370966,2020-08-10 02:00:00,2021-08-10 02:00:00,2021-08-10 02:00:00,364,1
1252,2021-08-11 02:00:00,Decision Tree,2,1.6644552978377674,1.6981027814354506,2020-08-11 02:00:00,2021-08-11 02:00:00,2021-08-11 02:00:00,364,1
1253,2021-08-11 02:00:00,Random Forest,2,1.6644552978377674,1.7191016616023382,2020-08-11 02:00:00,2021-08-11 02:00:00,2021-08-11 02:00:00,364,1
1254,2021-08-11 02:00:00,Neural Network,2,1.6644552978377674,1.8499675927672454,2020-08-11 02:00:00,2021-08-11 02:00:00,2021-08-11 02:00:00,364,1
1255,2021-08-11 02:00:00,Naive,2,1.6644552978377674,1.2640840743108326,2020-08-11 02:00:00,2021-08-11 02:00:00,2021-08-11 02:00:00,364,1
1256,2021-08-12 02:00:00,Decision Tree,2,1.7774595453516802,1.69389684598574,2020-08-12 02:00:00,2021-08-12 02:00:00,2021-08-12 02:00:00,364,1
1257,2021-08-12 02:00:00,Random Forest,2,1.7774595453516802,1.6906063951272865,2020-08-12 02:00:00,2021-08-12 02:00:00,2021-08-12 02:00:00,364,1
1258,2021-08-12 02:00:00,Neural Network,2,1.7774595453516802,2.0416699555518116,2020-08-12 02:00:00,2021-08-12 02:00:00,2021-08-12 02:00:00,364,1
1259,2021-08-12 02:00:00,Naive,2,1.7774595453516802,1.6644552978377674,2020-08-12 02:00:00,2021-08-12 02:00:00,2021-08-12 02:00:00,364,1
1260,2021-08-13 02:00:00,Decision Tree,2,1.5951890636623354,1.7031815903597334,2020-08-13 02:00:00,2021-08-13 02:00:00,2021-08-13 02:00:00,364,1
1261,2021-08-13 02:00:00,Random Forest,2,1.5951890636623354,1.69545891994781,2020-08-13 02:00:00,2021-08-13 02:00:00,2021-08-13 02:00:00,364,1
1262,2021-08-13 02:00:00,Neural Network,2,1.5951890636623354,1.689165305789319,2020-08-13 02:00:00,2021-08-13 02:00:00,2021-08-13 02:00:00,364,1
1263,2021-08-13 02:00:00,Naive,2,1.5951890636623354,1.7774595453516802,2020-08-13 02:00:00,2021-08-13 02:00:00,2021-08-13 02:00:00,364,1
1264,2021-08-14 02:00:00,Decision Tree,2,1.364944845396118,1.4311075264414352,2020-08-14 02:00:00,2021-08-14 02:00:00,2021-08-14 02:00:00,364,1
1265,2021-08-14 02:00:00,Random Forest,2,1.364944845396118,1.41020226313286,2020-08-14 02:00:00,2021-08-14 02:00:00,2021-08-14 02:00:00,364,1
1266,2021-08-14 02:00:00,Neural Network,2,1.364944845396118,1.512597724980013,2020-08-14 02:00:00,2021-08-14 02:00:00,2021-08-14 02:00:00,364,1
1267,2021-08-14 02:00:00,Naive,2,1.364944845396118,1.5951890636623354,2020-08-14 02:00:00,2021-08-14 02:00:00,2021-08-14 02:00:00,364,1
1268,2021-08-15 02:00:00,Decision Tree,2,1.17099827873122,1.235701672091497,2020-08-15 02:00:00,2021-08-15 02:00:00,2021-08-15 02:00:00,364,1
1269,2021-08-15 02:00:00,Random Forest,2,1.17099827873122,1.3034771739829685,2020-08-15 02:00:00,2021-08-15 02:00:00,2021-08-15 02:00:00,364,1
1270,2021-08-15 02:00:00,Neural Network,2,1.17099827873122,1.261795037081598,2020-08-15 02:00:00,2021-08-15 02:00:00,2021-08-15 02:00:00,364,1
1271,2021-08-15 02:00:00,Naive,2,1.17099827873122,1.364944845396118,2020-08-15 02:00:00,2021-08-15 02:00:00,2021-08-15 02:00:00,364,1
1272,2021-08-16 02:00:00,Decision Tree,2,1.0761435950769596,1.221168556653377,2020-08-16 02:00:00,2021-08-16 02:00:00,2021-08-16 02:00:00,364,1
1273,2021-08-16 02:00:00,Random Forest,2,1.0761435950769596,1.2219308623651435,2020-08-16 02:00:00,2021-08-16 02:00:00,2021-08-16 02:00:00,364,1
1274,2021-08-16 02:00:00,Neural Network,2,1.0761435950769596,1.1645714742629372,2020-08-16 02:00:00,2021-08-16 02:00:00,2021-08-16 02:00:00,364,1
1275,2021-08-16 02:00:00,Naive,2,1.0761435950769596,1.17099827873122,2020-08-16 02:00:00,2021-08-16 02:00:00,2021-08-16 02:00:00,364,1
1276,2021-08-17 02:00:00,Decision Tree,2,0.08918051836278323,0.28389384338091084,2020-08-17 02:00:00,2021-08-17 02:00:00,2021-08-17 02:00:00,364,1
1277,2021-08-17 02:00:00,Random Forest,2,0.08918051836278323,0.2891641806080935,2020-08-17 02:00:00,2021-08-17 02:00:00,2021-08-17 02:00:00,364,1
1278,2021-08-17 02:00:00,Neural Network,2,0.08918051836278323,0.03418507699978679,2020-08-17 02:00:00,2021-08-17 02:00:00,2021-08-17 02:00:00,364,1
1279,2021-08-17 02:00:00,Naive,2,0.08918051836278323,1.0761435950769596,2020-08-17 02:00:00,2021-08-17 02:00:00,2021-08-17 02:00:00,364,1
1280,2021-08-18 02:00:00,Decision Tree,2,1.0605157693922376,1.2030404364563247,2020-08-18 02:00:00,2021-08-18 02:00:00,2021-08-18 02:00:00,364,1
1281,2021-08-18 02:00:00,Random Forest,2,1.0605157693922376,1.1547012234940404,2020-08-18 02:00:00,2021-08-18 02:00:00,2021-08-18 02:00:00,364,1
1282,2021-08-18 02:00:00,Neural Network,2,1.0605157693922376,1.0095813560225284,2020-08-18 02:00:00,2021-08-18 02:00:00,2021-08-18 02:00:00,364,1
1283,2021-08-18 02:00:00,Naive,2,1.0605157693922376,0.08918051836278323,2020-08-18 02:00:00,2021-08-18 02:00:00,2021-08-18 02:00:00,364,1
1284,2021-08-19 02:00:00,Decision Tree,2,1.0849402094401057,1.2249177731981176,2020-08-19 02:00:00,2021-08-19 02:00:00,2021-08-19 02:00:00,364,1
1285,2021-08-19 02:00:00,Random Forest,2,1.0849402094401057,1.1399415427330097,2020-08-19 02:00:00,2021-08-19 02:00:00,2021-08-19 02:00:00,364,1
1286,2021-08-19 02:00:00,Neural Network,2,1.0849402094401057,1.4073919749473356,2020-08-19 02:00:00,2021-08-19 02:00:00,2021-08-19 02:00:00,364,1
1287,2021-08-19 02:00:00,Naive,2,1.0849402094401057,1.0605157693922376,2020-08-19 02:00:00,2021-08-19 02:00:00,2021-08-19 02:00:00,364,1
1288,2021-08-20 02:00:00,Decision Tree,2,1.6243502632608926,1.700077182657794,2020-08-20 02:00:00,2021-08-20 02:00:00,2021-08-20 02:00:00,364,1
1289,2021-08-20 02:00:00,Random Forest,2,1.6243502632608926,1.7077904970209963,2020-08-20 02:00:00,2021-08-20 02:00:00,2021-08-20 02:00:00,364,1
1290,2021-08-20 02:00:00,Neural Network,2,1.6243502632608926,1.779088091127274,2020-08-20 02:00:00,2021-08-20 02:00:00,2021-08-20 02:00:00,364,1
1291,2021-08-20 02:00:00,Naive,2,1.6243502632608926,1.0849402094401057,2020-08-20 02:00:00,2021-08-20 02:00:00,2021-08-20 02:00:00,364,1
1292,2021-08-21 02:00:00,Decision Tree,2,1.7147921431885038,1.6547279525691079,2020-08-21 02:00:00,2021-08-21 02:00:00,2021-08-21 02:00:00,364,1
1293,2021-08-21 02:00:00,Random Forest,2,1.7147921431885038,1.7216887057883457,2020-08-21 02:00:00,2021-08-21 02:00:00,2021-08-21 02:00:00,364,1
1294,2021-08-21 02:00:00,Neural Network,2,1.7147921431885038,1.9488513694205396,2020-08-21 02:00:00,2021-08-21 02:00:00,2021-08-21 02:00:00,364,1
1295,2021-08-21 02:00:00,Naive,2,1.7147921431885038,1.6243502632608926,2020-08-21 02:00:00,2021-08-21 02:00:00,2021-08-21 02:00:00,364,1
1296,2021-08-22 02:00:00,Decision Tree,2,1.421367462447437,1.530246772861225,2020-08-22 02:00:00,2021-08-22 02:00:00,2021-08-22 02:00:00,364,1
1297,2021-08-22 02:00:00,Random Forest,2,1.421367462447437,1.5418758812175628,2020-08-22 02:00:00,2021-08-22 02:00:00,2021-08-22 02:00:00,364,1
1298,2021-08-22 02:00:00,Neural Network,2,1.421367462447437,1.5860296321408924,2020-08-22 02:00:00,2021-08-22 02:00:00,2021-08-22 02:00:00,364,1
1299,2021-08-22 02:00:00,Naive,2,1.421367462447437,1.7147921431885038,2020-08-22 02:00:00,2021-08-22 02:00:00,2021-08-22 02:00:00,364,1
1300,2021-08-23 02:00:00,Decision Tree,2,1.4338212825269037,1.5427920543695308,2020-08-23 02:00:00,2021-08-23 02:00:00,2021-08-23 02:00:00,364,1
1301,2021-08-23 02:00:00,Random Forest,2,1.4338212825269037,1.519028543699179,2020-08-23 02:00:00,2021-08-23 02:00:00,2021-08-23 02:00:00,364,1
1302,2021-08-23 02:00:00,Neural Network,2,1.4338212825269037,1.4682977231929297,2020-08-23 02:00:00,2021-08-23 02:00:00,2021-08-23 02:00:00,364,1
1303,2021-08-23 02:00:00,Naive,2,1.4338212825269037,1.421367462447437,2020-08-23 02:00:00,2021-08-23 02:00:00,2021-08-23 02:00:00,364,1
1304,2021-08-24 02:00:00,Decision Tree,2,1.4901421522887712,1.55984268631974,2020-08-24 02:00:00,2021-08-24 02:00:00,2021-08-24 02:00:00,364,1
1305,2021-08-24 02:00:00,Random Forest,2,1.4901421522887712,1.558515990468566,2020-08-24 02:00:00,2021-08-24 02:00:00,2021-08-24 02:00:00,364,1
1306,2021-08-24 02:00:00,Neural Network,2,1.4901421522887712,1.5741679197710496,2020-08-24 02:00:00,2021-08-24 02:00:00,2021-08-24 02:00:00,364,1
1307,2021-08-24 02:00:00,Naive,2,1.4901421522887712,1.4338212825269037,2020-08-24 02:00:00,2021-08-24 02:00:00,2021-08-24 02:00:00,364,1
1308,2021-08-25 02:00:00,Decision Tree,2,1.5506125393431676,1.658794377001976,2020-08-25 02:00:00,2021-08-25 02:00:00,2021-08-25 02:00:00,364,1
1309,2021-08-25 02:00:00,Random Forest,2,1.5506125393431676,1.6565443653714162,2020-08-25 02:00:00,2021-08-25 02:00:00,2021-08-25 02:00:00,364,1
1310,2021-08-25 02:00:00,Neural Network,2,1.5506125393431676,1.675942305636059,2020-08-25 02:00:00,2021-08-25 02:00:00,2021-08-25 02:00:00,364,1
1311,2021-08-25 02:00:00,Naive,2,1.5506125393431676,1.4901421522887712,2020-08-25 02:00:00,2021-08-25 02:00:00,2021-08-25 02:00:00,364,1
1312,2021-08-26 02:00:00,Decision Tree,2,1.2991105182143972,1.3614472667119553,2020-08-26 02:00:00,2021-08-26 02:00:00,2021-08-26 02:00:00,364,1
1313,2021-08-26 02:00:00,Random Forest,2,1.2991105182143972,1.3700549569491232,2020-08-26 02:00:00,2021-08-26 02:00:00,2021-08-26 02:00:00,364,1
1314,2021-08-26 02:00:00,Neural Network,2,1.2991105182143972,1.6252989067381387,2020-08-26 02:00:00,2021-08-26 02:00:00,2021-08-26 02:00:00,364,1
1315,2021-08-26 02:00:00,Naive,2,1.2991105182143972,1.5506125393431676,2020-08-26 02:00:00,2021-08-26 02:00:00,2021-08-26 02:00:00,364,1
1316,2021-08-27 02:00:00,Decision Tree,2,1.5090245657182122,1.645271647294625,2020-08-27 02:00:00,2021-08-27 02:00:00,2021-08-27 02:00:00,364,1
1317,2021-08-27 02:00:00,Random Forest,2,1.5090245657182122,1.6009990756756571,2020-08-27 02:00:00,2021-08-27 02:00:00,2021-08-27 02:00:00,364,1
1318,2021-08-27 02:00:00,Neural Network,2,1.5090245657182122,1.739061246295477,2020-08-27 02:00:00,2021-08-27 02:00:00,2021-08-27 02:00:00,364,1
1319,2021-08-27 02:00:00,Naive,2,1.5090245657182122,1.2991105182143972,2020-08-27 02:00:00,2021-08-27 02:00:00,2021-08-27 02:00:00,364,1
1320,2021-08-28 02:00:00,Decision Tree,2,1.4609149727819393,1.4921698435334771,2020-08-28 02:00:00,2021-08-28 02:00:00,2021-08-28 02:00:00,364,1
1321,2021-08-28 02:00:00,Random Forest,2,1.4609149727819393,1.4981420682848134,2020-08-28 02:00:00,2021-08-28 02:00:00,2021-08-28 02:00:00,364,1
1322,2021-08-28 02:00:00,Neural Network,2,1.4609149727819393,1.7249593676075174,2020-08-28 02:00:00,2021-08-28 02:00:00,2021-08-28 02:00:00,364,1
1323,2021-08-28 02:00:00,Naive,2,1.4609149727819393,1.5090245657182122,2020-08-28 02:00:00,2021-08-28 02:00:00,2021-08-28 02:00:00,364,1
1324,2021-08-29 02:00:00,Decision Tree,2,1.2786607565530137,1.3158093214339845,2020-08-29 02:00:00,2021-08-29 02:00:00,2021-08-29 02:00:00,364,1
1325,2021-08-29 02:00:00,Random Forest,2,1.2786607565530137,1.3572165360350934,2020-08-29 02:00:00,2021-08-29 02:00:00,2021-08-29 02:00:00,364,1
1326,2021-08-29 02:00:00,Neural Network,2,1.2786607565530137,1.6070622849388998,2020-08-29 02:00:00,2021-08-29 02:00:00,2021-08-29 02:00:00,364,1
1327,2021-08-29 02:00:00,Naive,2,1.2786607565530137,1.4609149727819393,2020-08-29 02:00:00,2021-08-29 02:00:00,2021-08-29 02:00:00,364,1
1328,2021-08-30 02:00:00,Decision Tree,2,1.4263020833461257,1.4882629846895352,2020-08-30 02:00:00,2021-08-30 02:00:00,2021-08-30 02:00:00,364,1
1329,2021-08-30 02:00:00,Random Forest,2,1.4263020833461257,1.4515147422540426,2020-08-30 02:00:00,2021-08-30 02:00:00,2021-08-30 02:00:00,364,1
1330,2021-08-30 02:00:00,Neural Network,2,1.4263020833461257,1.5426292042340077,2020-08-30 02:00:00,2021-08-30 02:00:00,2021-08-30 02:00:00,364,1
1331,2021-08-30 02:00:00,Naive,2,1.4263020833461257,1.2786607565530137,2020-08-30 02:00:00,2021-08-30 02:00:00,2021-08-30 02:00:00,364,1
1332,2021-08-31 02:00:00,Decision Tree,2,1.6539702296947094,1.648434920768173,2020-08-31 02:00:00,2021-08-31 02:00:00,2021-08-31 02:00:00,364,1
1333,2021-08-31 02:00:00,Random Forest,2,1.6539702296947094,1.6534715394113193,2020-08-31 02:00:00,2021-08-31 02:00:00,2021-08-31 02:00:00,364,1
1334,2021-08-31 02:00:00,Neural Network,2,1.6539702296947094,1.7886993953579884,2020-08-31 02:00:00,2021-08-31 02:00:00,2021-08-31 02:00:00,364,1
1335,2021-08-31 02:00:00,Naive,2,1.6539702296947094,1.4263020833461257,2020-08-31 02:00:00,2021-08-31 02:00:00,2021-08-31 02:00:00,364,1
1336,2021-09-01 02:00:00,Decision Tree,2,1.7197813153699715,1.6491268343839898,2020-09-01 02:00:00,2021-09-01 02:00:00,2021-09-01 02:00:00,364,1
1337,2021-09-01 02:00:00,Random Forest,2,1.7197813153699715,1.6490302067719755,2020-09-01 02:00:00,2021-09-01 02:00:00,2021-09-01 02:00:00,364,1
1338,2021-09-01 02:00:00,Neural Network,2,1.7197813153699715,1.8580379767753494,2020-09-01 02:00:00,2021-09-01 02:00:00,2021-09-01 02:00:00,364,1
1339,2021-09-01 02:00:00,Naive,2,1.7197813153699715,1.6539702296947094,2020-09-01 02:00:00,2021-09-01 02:00:00,2021-09-01 02:00:00,364,1
1340,2021-09-02 02:00:00,Decision Tree,2,1.7869876864836816,1.7320429441984349,2020-09-02 02:00:00,2021-09-02 02:00:00,2021-09-02 02:00:00,364,1
1341,2021-09-02 02:00:00,Random Forest,2,1.7869876864836816,1.7068190044640248,2020-09-02 02:00:00,2021-09-02 02:00:00,2021-09-02 02:00:00,364,1
1342,2021-09-02 02:00:00,Neural Network,2,1.7869876864836816,2.0808783759934,2020-09-02 02:00:00,2021-09-02 02:00:00,2021-09-02 02:00:00,364,1
1343,2021-09-02 02:00:00,Naive,2,1.7869876864836816,1.7197813153699715,2020-09-02 02:00:00,2021-09-02 02:00:00,2021-09-02 02:00:00,364,1
1344,2021-09-03 02:00:00,Decision Tree,2,1.7907959292647628,1.7412004012459759,2020-09-03 02:00:00,2021-09-03 02:00:00,2021-09-03 02:00:00,364,1
1345,2021-09-03 02:00:00,Random Forest,2,1.7907959292647628,1.7404959896194847,2020-09-03 02:00:00,2021-09-03 02:00:00,2021-09-03 02:00:00,364,1
1346,2021-09-03 02:00:00,Neural Network,2,1.7907959292647628,1.9128344449101724,2020-09-03 02:00:00,2021-09-03 02:00:00,2021-09-03 02:00:00,364,1
1347,2021-09-03 02:00:00,Naive,2,1.7907959292647628,1.7869876864836816,2020-09-03 02:00:00,2021-09-03 02:00:00,2021-09-03 02:00:00,364,1
1348,2021-09-04 02:00:00,Decision Tree,2,1.825746199357752,1.7482854766772309,2020-09-04 02:00:00,2021-09-04 02:00:00,2021-09-04 02:00:00,364,1
1349,2021-09-04 02:00:00,Random Forest,2,1.825746199357752,1.7672788119934204,2020-09-04 02:00:00,2021-09-04 02:00:00,2021-09-04 02:00:00,364,1
1350,2021-09-04 02:00:00,Neural Network,2,1.825746199357752,2.1070158349287236,2020-09-04 02:00:00,2021-09-04 02:00:00,2021-09-04 02:00:00,364,1
1351,2021-09-04 02:00:00,Naive,2,1.825746199357752,1.7907959292647628,2020-09-04 02:00:00,2021-09-04 02:00:00,2021-09-04 02:00:00,364,1
1352,2021-09-05 02:00:00,Decision Tree,2,1.777029482907516,1.7579680670122961,2020-09-05 02:00:00,2021-09-05 02:00:00,2021-09-05 02:00:00,364,1
1353,2021-09-05 02:00:00,Random Forest,2,1.777029482907516,1.7255118137233794,2020-09-05 02:00:00,2021-09-05 02:00:00,2021-09-05 02:00:00,364,1
1354,2021-09-05 02:00:00,Neural Network,2,1.777029482907516,1.9278932297871436,2020-09-05 02:00:00,2021-09-05 02:00:00,2021-09-05 02:00:00,364,1
1355,2021-09-05 02:00:00,Naive,2,1.777029482907516,1.825746199357752,2020-09-05 02:00:00,2021-09-05 02:00:00,2021-09-05 02:00:00,364,1
1356,2021-09-06 02:00:00,Decision Tree,2,1.8753492018053992,1.760086002111765,2020-09-06 02:00:00,2021-09-06 02:00:00,2021-09-06 02:00:00,364,1
1357,2021-09-06 02:00:00,Random Forest,2,1.8753492018053992,1.7695085649826006,2020-09-06 02:00:00,2021-09-06 02:00:00,2021-09-06 02:00:00,364,1
1358,2021-09-06 02:00:00,Neural Network,2,1.8753492018053992,2.0863294538500208,2020-09-06 02:00:00,2021-09-06 02:00:00,2021-09-06 02:00:00,364,1
1359,2021-09-06 02:00:00,Naive,2,1.8753492018053992,1.777029482907516,2020-09-06 02:00:00,2021-09-06 02:00:00,2021-09-06 02:00:00,364,1
1360,2021-09-07 02:00:00,Decision Tree,2,1.965241712611487,1.7933070515058234,2020-09-07 02:00:00,2021-09-07 02:00:00,2021-09-07 02:00:00,364,1
1361,2021-09-07 02:00:00,Random Forest,2,1.965241712611487,1.8119136993801817,2020-09-07 02:00:00,2021-09-07 02:00:00,2021-09-07 02:00:00,364,1
1362,2021-09-07 02:00:00,Neural Network,2,1.965241712611487,2.2832151539685808,2020-09-07 02:00:00,2021-09-07 02:00:00,2021-09-07 02:00:00,364,1
1363,2021-09-07 02:00:00,Naive,2,1.965241712611487,1.8753492018053992,2020-09-07 02:00:00,2021-09-07 02:00:00,2021-09-07 02:00:00,364,1
1364,2021-09-08 02:00:00,Decision Tree,2,1.9322185832618917,1.836858368738433,2020-09-08 02:00:00,2021-09-08 02:00:00,2021-09-08 02:00:00,364,1
1365,2021-09-08 02:00:00,Random Forest,2,1.9322185832618917,1.857070331890851,2020-09-08 02:00:00,2021-09-08 02:00:00,2021-09-08 02:00:00,364,1
1366,2021-09-08 02:00:00,Neural Network,2,1.9322185832618917,2.2593709164749676,2020-09-08 02:00:00,2021-09-08 02:00:00,2021-09-08 02:00:00,364,1
1367,2021-09-08 02:00:00,Naive,2,1.9322185832618917,1.965241712611487,2020-09-08 02:00:00,2021-09-08 02:00:00,2021-09-08 02:00:00,364,1
1368,2021-09-09 02:00:00,Decision Tree,2,1.9063033249434822,1.8778703252602587,2020-09-09 02:00:00,2021-09-09 02:00:00,2021-09-09 02:00:00,364,1
1369,2021-09-09 02:00:00,Random Forest,2,1.9063033249434822,1.8719297196175042,2020-09-09 02:00:00,2021-09-09 02:00:00,2021-09-09 02:00:00,364,1
1370,2021-09-09 02:00:00,Neural Network,2,1.9063033249434822,2.123621918480833,2020-09-09 02:00:00,2021-09-09 02:00:00,2021-09-09 02:00:00,364,1
1371,2021-09-09 02:00:00,Naive,2,1.9063033249434822,1.9322185832618917,2020-09-09 02:00:00,2021-09-09 02:00:00,2021-09-09 02:00:00,364,1
1372,2021-09-10 02:00:00,Decision Tree,2,2.023898362947255,1.9009718043960024,2020-09-10 02:00:00,2021-09-10 02:00:00,2021-09-10 02:00:00,364,1
1373,2021-09-10 02:00:00,Random Forest,2,2.023898362947255,1.9052973347596838,2020-09-10 02:00:00,2021-09-10 02:00:00,2021-09-10 02:00:00,364,1
1374,2021-09-10 02:00:00,Neural Network,2,2.023898362947255,2.236238735360747,2020-09-10 02:00:00,2021-09-10 02:00:00,2021-09-10 02:00:00,364,1
1375,2021-09-10 02:00:00,Naive,2,2.023898362947255,1.9063033249434822,2020-09-10 02:00:00,2021-09-10 02:00:00,2021-09-10 02:00:00,364,1
1376,2021-09-11 02:00:00,Decision Tree,2,2.0469159401565684,1.9406022371139031,2020-09-11 02:00:00,2021-09-11 02:00:00,2021-09-11 02:00:00,364,1
1377,2021-09-11 02:00:00,Random Forest,2,2.0469159401565684,1.9197200921925526,2020-09-11 02:00:00,2021-09-11 02:00:00,2021-09-11 02:00:00,364,1
1378,2021-09-11 02:00:00,Neural Network,2,2.0469159401565684,2.2112471353324326,2020-09-11 02:00:00,2021-09-11 02:00:00,2021-09-11 02:00:00,364,1
1379,2021-09-11 02:00:00,Naive,2,2.0469159401565684,2.023898362947255,2020-09-11 02:00:00,2021-09-11 02:00:00,2021-09-11 02:00:00,364,1
1380,2021-09-12 02:00:00,Decision Tree,2,1.8044664562712183,1.7600860021117652,2020-09-12 02:00:00,2021-09-12 02:00:00,2021-09-12 02:00:00,364,1
1381,2021-09-12 02:00:00,Random Forest,2,1.8044664562712183,1.812500448302552,2020-09-12 02:00:00,2021-09-12 02:00:00,2021-09-12 02:00:00,364,1
1382,2021-09-12 02:00:00,Neural Network,2,1.8044664562712183,1.889873245030042,2020-09-12 02:00:00,2021-09-12 02:00:00,2021-09-12 02:00:00,364,1
1383,2021-09-12 02:00:00,Naive,2,1.8044664562712183,2.0469159401565684,2020-09-12 02:00:00,2021-09-12 02:00:00,2021-09-12 02:00:00,364,1
1384,2021-09-13 02:00:00,Decision Tree,2,1.8764754952374336,1.9583211876210138,2020-09-13 02:00:00,2021-09-13 02:00:00,2021-09-13 02:00:00,364,1
1385,2021-09-13 02:00:00,Random Forest,2,1.8764754952374336,1.9104645382617578,2020-09-13 02:00:00,2021-09-13 02:00:00,2021-09-13 02:00:00,364,1
1386,2021-09-13 02:00:00,Neural Network,2,1.8764754952374336,1.907238201815041,2020-09-13 02:00:00,2021-09-13 02:00:00,2021-09-13 02:00:00,364,1
1387,2021-09-13 02:00:00,Naive,2,1.8764754952374336,1.8044664562712183,2020-09-13 02:00:00,2021-09-13 02:00:00,2021-09-13 02:00:00,364,1
1388,2021-09-14 02:00:00,Decision Tree,2,2.009097994442429,1.946628945851931,2020-09-14 02:00:00,2021-09-14 02:00:00,2021-09-14 02:00:00,364,1
1389,2021-09-14 02:00:00,Random Forest,2,2.009097994442429,1.9777944348799454,2020-09-14 02:00:00,2021-09-14 02:00:00,2021-09-14 02:00:00,364,1
1390,2021-09-14 02:00:00,Neural Network,2,2.009097994442429,2.2490544252714706,2020-09-14 02:00:00,2021-09-14 02:00:00,2021-09-14 02:00:00,364,1
1391,2021-09-14 02:00:00,Naive,2,2.009097994442429,1.8764754952374336,2020-09-14 02:00:00,2021-09-14 02:00:00,2021-09-14 02:00:00,364,1
1392,2021-09-15 02:00:00,Decision Tree,2,2.1852229789244175,1.9544375769257434,2020-09-15 02:00:00,2021-09-15 02:00:00,2021-09-15 02:00:00,364,1
1393,2021-09-15 02:00:00,Random Forest,2,2.1852229789244175,1.9898883007714088,2020-09-15 02:00:00,2021-09-15 02:00:00,2021-09-15 02:00:00,364,1
1394,2021-09-15 02:00:00,Neural Network,2,2.1852229789244175,2.304563091011834,2020-09-15 02:00:00,2021-09-15 02:00:00,2021-09-15 02:00:00,364,1
1395,2021-09-15 02:00:00,Naive,2,2.1852229789244175,2.009097994442429,2020-09-15 02:00:00,2021-09-15 02:00:00,2021-09-15 02:00:00,364,1
1396,2021-09-16 02:00:00,Decision Tree,2,2.0452276130461584,2.0270992620573414,2020-09-16 02:00:00,2021-09-16 02:00:00,2021-09-16 02:00:00,364,1
1397,2021-09-16 02:00:00,Random Forest,2,2.0452276130461584,2.053458056582035,2020-09-16 02:00:00,2021-09-16 02:00:00,2021-09-16 02:00:00,364,1
1398,2021-09-16 02:00:00,Neural Network,2,2.0452276130461584,2.1762365398338614,2020-09-16 02:00:00,2021-09-16 02:00:00,2021-09-16 02:00:00,364,1
1399,2021-09-16 02:00:00,Naive,2,2.0452276130461584,2.1852229789244175,2020-09-16 02:00:00,2021-09-16 02:00:00,2021-09-16 02:00:00,364,1
1400,2021-09-17 02:00:00,Decision Tree,2,2.111584030904686,2.029689026484315,2020-09-17 02:00:00,2021-09-17 02:00:00,2021-09-17 02:00:00,364,1
1401,2021-09-17 02:00:00,Random Forest,2,2.111584030904686,2.057303157328097,2020-09-17 02:00:00,2021-09-17 02:00:00,2021-09-17 02:00:00,364,1
1402,2021-09-17 02:00:00,Neural Network,2,2.111584030904686,2.220378885933622,2020-09-17 02:00:00,2021-09-17 02:00:00,2021-09-17 02:00:00,364,1
1403,2021-09-17 02:00:00,Naive,2,2.111584030904686,2.0452276130461584,2020-09-17 02:00:00,2021-09-17 02:00:00,2021-09-17 02:00:00,364,1
1404,2021-09-18 02:00:00,Decision Tree,2,2.133886179520349,2.070324486736919,2020-09-18 02:00:00,2021-09-18 02:00:00,2021-09-18 02:00:00,364,1
1405,2021-09-18 02:00:00,Random Forest,2,2.133886179520349,2.0840850751258793,2020-09-18 02:00:00,2021-09-18 02:00:00,2021-09-18 02:00:00,364,1
1406,2021-09-18 02:00:00,Neural Network,2,2.133886179520349,2.315896649762056,2020-09-18 02:00:00,2021-09-18 02:00:00,2021-09-18 02:00:00,364,1
1407,2021-09-18 02:00:00,Naive,2,2.133886179520349,2.111584030904686,2020-09-18 02:00:00,2021-09-18 02:00:00,2021-09-18 02:00:00,364,1
1408,2021-09-19 02:00:00,Decision Tree,2,1.36607927314592,1.4554918799768228,2020-09-19 02:00:00,2021-09-19 02:00:00,2021-09-19 02:00:00,364,1
1409,2021-09-19 02:00:00,Random Forest,2,1.36607927314592,1.459785356337954,2020-09-19 02:00:00,2021-09-19 02:00:00,2021-09-19 02:00:00,364,1
1410,2021-09-19 02:00:00,Neural Network,2,1.36607927314592,1.5186138566857421,2020-09-19 02:00:00,2021-09-19 02:00:00,2021-09-19 02:00:00,364,1
1411,2021-09-19 02:00:00,Naive,2,1.36607927314592,2.133886179520349,2020-09-19 02:00:00,2021-09-19 02:00:00,2021-09-19 02:00:00,364,1
1412,2021-09-20 02:00:00,Decision Tree,2,1.7680102480712971,1.797005150856986,2020-09-20 02:00:00,2021-09-20 02:00:00,2021-09-20 02:00:00,364,1
1413,2021-09-20 02:00:00,Random Forest,2,1.7680102480712971,1.7990847351168413,2020-09-20 02:00:00,2021-09-20 02:00:00,2021-09-20 02:00:00,364,1
1414,2021-09-20 02:00:00,Neural Network,2,1.7680102480712971,1.7613073422272862,2020-09-20 02:00:00,2021-09-20 02:00:00,2021-09-20 02:00:00,364,1
1415,2021-09-20 02:00:00,Naive,2,1.7680102480712971,1.36607927314592,2020-09-20 02:00:00,2021-09-20 02:00:00,2021-09-20 02:00:00,364,1
1416,2021-09-21 02:00:00,Decision Tree,2,2.07503840475253,2.0794047285631234,2020-09-21 02:00:00,2021-09-21 02:00:00,2021-09-21 02:00:00,364,1
1417,2021-09-21 02:00:00,Random Forest,2,2.07503840475253,2.080585180069159,2020-09-21 02:00:00,2021-09-21 02:00:00,2021-09-21 02:00:00,364,1
1418,2021-09-21 02:00:00,Neural Network,2,2.07503840475253,2.2646168316981172,2020-09-21 02:00:00,2021-09-21 02:00:00,2021-09-21 02:00:00,364,1
1419,2021-09-21 02:00:00,Naive,2,2.07503840475253,1.7680102480712971,2020-09-21 02:00:00,2021-09-21 02:00:00,2021-09-21 02:00:00,364,1
1420,2021-09-22 02:00:00,Decision Tree,2,1.7367047506964317,1.7921726670593714,2020-09-22 02:00:00,2021-09-22 02:00:00,2021-09-22 02:00:00,364,1
1421,2021-09-22 02:00:00,Random Forest,2,1.7367047506964317,1.7851243223772781,2020-09-22 02:00:00,2021-09-22 02:00:00,2021-09-22 02:00:00,364,1
1422,2021-09-22 02:00:00,Neural Network,2,1.7367047506964317,1.7750005107351354,2020-09-22 02:00:00,2021-09-22 02:00:00,2021-09-22 02:00:00,364,1
1423,2021-09-22 02:00:00,Naive,2,1.7367047506964317,2.07503840475253,2020-09-22 02:00:00,2021-09-22 02:00:00,2021-09-22 02:00:00,364,1
1424,2021-09-23 02:00:00,Decision Tree,2,1.4965587391932773,1.7320429441984349,2020-09-23 02:00:00,2021-09-23 02:00:00,2021-09-23 02:00:00,364,1
1425,2021-09-23 02:00:00,Random Forest,2,1.4965587391932773,1.6886029328167553,2020-09-23 02:00:00,2021-09-23 02:00:00,2021-09-23 02:00:00,364,1
1426,2021-09-23 02:00:00,Neural Network,2,1.4965587391932773,1.866763493784461,2020-09-23 02:00:00,2021-09-23 02:00:00,2021-09-23 02:00:00,364,1
1427,2021-09-23 02:00:00,Naive,2,1.4965587391932773,1.7367047506964317,2020-09-23 02:00:00,2021-09-23 02:00:00,2021-09-23 02:00:00,364,1
1428,2021-09-24 02:00:00,Decision Tree,2,0.7744067538816077,1.0811106027172042,2020-09-24 02:00:00,2021-09-24 02:00:00,2021-09-24 02:00:00,364,1
1429,2021-09-24 02:00:00,Random Forest,2,0.7744067538816077,1.0610710004751065,2020-09-24 02:00:00,2021-09-24 02:00:00,2021-09-24 02:00:00,364,1
1430,2021-09-24 02:00:00,Neural Network,2,0.7744067538816077,0.7968459750531427,2020-09-24 02:00:00,2021-09-24 02:00:00,2021-09-24 02:00:00,364,1
1431,2021-09-24 02:00:00,Naive,2,0.7744067538816077,1.4965587391932773,2020-09-24 02:00:00,2021-09-24 02:00:00,2021-09-24 02:00:00,364,1
1432,2021-09-25 02:00:00,Decision Tree,2,1.8060683894980463,1.911117663571939,2020-09-25 02:00:00,2021-09-25 02:00:00,2021-09-25 02:00:00,364,1
1433,2021-09-25 02:00:00,Random Forest,2,1.8060683894980463,1.8740055862449019,2020-09-25 02:00:00,2021-09-25 02:00:00,2021-09-25 02:00:00,364,1
1434,2021-09-25 02:00:00,Neural Network,2,1.8060683894980463,1.6202572061911402,2020-09-25 02:00:00,2021-09-25 02:00:00,2021-09-25 02:00:00,364,1
1435,2021-09-25 02:00:00,Naive,2,1.8060683894980463,0.7744067538816077,2020-09-25 02:00:00,2021-09-25 02:00:00,2021-09-25 02:00:00,364,1
1436,2021-09-26 02:00:00,Decision Tree,2,1.9637163303720158,1.9673519956413088,2020-09-26 02:00:00,2021-09-26 02:00:00,2021-09-26 02:00:00,364,1
1437,2021-09-26 02:00:00,Random Forest,2,1.9637163303720158,2.039605189619611,2020-09-26 02:00:00,2021-09-26 02:00:00,2021-09-26 02:00:00,364,1
1438,2021-09-26 02:00:00,Neural Network,2,1.9637163303720158,2.016019781731082,2020-09-26 02:00:00,2021-09-26 02:00:00,2021-09-26 02:00:00,364,1
1439,2021-09-26 02:00:00,Naive,2,1.9637163303720158,1.8060683894980463,2020-09-26 02:00:00,2021-09-26 02:00:00,2021-09-26 02:00:00,364,1
1440,2021-09-27 02:00:00,Decision Tree,2,1.8561205854207348,1.9421755734781232,2020-09-27 02:00:00,2021-09-27 02:00:00,2021-09-27 02:00:00,364,1
1441,2021-09-27 02:00:00,Random Forest,2,1.8561205854207348,1.9223325331450425,2020-09-27 02:00:00,2021-09-27 02:00:00,2021-09-27 02:00:00,364,1
1442,2021-09-27 02:00:00,Neural Network,2,1.8561205854207348,1.834356225591173,2020-09-27 02:00:00,2021-09-27 02:00:00,2021-09-27 02:00:00,364,1
1443,2021-09-27 02:00:00,Naive,2,1.8561205854207348,1.9637163303720158,2020-09-27 02:00:00,2021-09-27 02:00:00,2021-09-27 02:00:00,364,1
1444,2021-09-28 02:00:00,Decision Tree,2,1.7378495601163895,1.8159280990007425,2020-09-28 02:00:00,2021-09-28 02:00:00,2021-09-28 02:00:00,364,1
1445,2021-09-28 02:00:00,Random Forest,2,1.7378495601163895,1.7660862008829115,2020-09-28 02:00:00,2021-09-28 02:00:00,2021-09-28 02:00:00,364,1
1446,2021-09-28 02:00:00,Neural Network,2,1.7378495601163895,1.6934005684343219,2020-09-28 02:00:00,2021-09-28 02:00:00,2021-09-28 02:00:00,364,1
1447,2021-09-28 02:00:00,Naive,2,1.7378495601163895,1.8561205854207348,2020-09-28 02:00:00,2021-09-28 02:00:00,2021-09-28 02:00:00,364,1
1448,2021-09-29 02:00:00,Decision Tree,2,1.6863970318497339,1.7724237278979202,2020-09-29 02:00:00,2021-09-29 02:00:00,2021-09-29 02:00:00,364,1
1449,2021-09-29 02:00:00,Random Forest,2,1.6863970318497339,1.7425441115975513,2020-09-29 02:00:00,2021-09-29 02:00:00,2021-09-29 02:00:00,364,1
1450,2021-09-29 02:00:00,Neural Network,2,1.6863970318497339,1.6673655250047188,2020-09-29 02:00:00,2021-09-29 02:00:00,2021-09-29 02:00:00,364,1
1451,2021-09-29 02:00:00,Naive,2,1.6863970318497339,1.7378495601163895,2020-09-29 02:00:00,2021-09-29 02:00:00,2021-09-29 02:00:00,364,1
1452,2021-09-30 02:00:00,Decision Tree,2,0.872994739432875,1.106171529288428,2020-09-30 02:00:00,2021-09-30 02:00:00,2021-09-30 02:00:00,364,1
1453,2021-09-30 02:00:00,Random Forest,2,0.872994739432875,1.076184796880397,2020-09-30 02:00:00,2021-09-30 02:00:00,2021-09-30 02:00:00,364,1
1454,2021-09-30 02:00:00,Neural Network,2,0.872994739432875,1.034919325484214,2020-09-30 02:00:00,2021-09-30 02:00:00,2021-09-30 02:00:00,364,1
1455,2021-09-30 02:00:00,Naive,2,0.872994739432875,1.6863970318497339,2020-09-30 02:00:00,2021-09-30 02:00:00,2021-09-30 02:00:00,364,1
