,timestamp,model,hour,y_true,y_pred,train_start,train_end,test_day,train_rows,test_rows
0,2020-10-01 04:00:00,Decision Tree,4,-0.34402070527186146,-0.36760623129901465,2019-10-01 04:00:00,2020-10-01 04:00:00,2020-10-01 04:00:00,366,1
1,2020-10-01 04:00:00,Random Forest,4,-0.34402070527186146,-0.35014813682081125,2019-10-01 04:00:00,2020-10-01 04:00:00,2020-10-01 04:00:00,366,1
2,2020-10-01 04:00:00,Neural Network,4,-0.34402070527186146,-0.30886459918765385,2019-10-01 04:00:00,2020-10-01 04:00:00,2020-10-01 04:00:00,366,1
3,2020-10-01 04:00:00,Naive,4,-0.34402070527186146,0.11523265527334507,2019-10-01 04:00:00,2020-10-01 04:00:00,2020-10-01 04:00:00,366,1
4,2020-10-02 04:00:00,Decision Tree,4,-0.09888498056033684,-0.13346789240076742,2019-10-02 04:00:00,2020-10-02 04:00:00,2020-10-02 04:00:00,366,1
5,2020-10-02 04:00:00,Random Forest,4,-0.09888498056033684,-0.10428366703774004,2019-10-02 04:00:00,2020-10-02 04:00:00,2020-10-02 04:00:00,366,1
6,2020-10-02 04:00:00,Neural Network,4,-0.09888498056033684,-0.13495555860321606,2019-10-02 04:00:00,2020-10-02 04:00:00,2020-10-02 04:00:00,366,1
7,2020-10-02 04:00:00,Naive,4,-0.09888498056033684,-0.34402070527186146,2019-10-02 04:00:00,2020-10-02 04:00:00,2020-10-02 04:00:00,366,1
8,2020-10-03 04:00:00,Decision Tree,4,-1.6665565035335645,-1.6718325526404723,2019-10-03 04:00:00,2020-10-03 04:00:00,2020-10-03 04:00:00,366,1
9,2020-10-03 04:00:00,Random Forest,4,-1.6665565035335645,-1.6567919675570526,2019-10-03 04:00:00,2020-10-03 04:00:00,2020-10-03 04:00:00,366,1
10,2020-10-03 04:00:00,Neural Network,4,-1.6665565035335645,-1.3512508962925027,2019-10-03 04:00:00,2020-10-03 04:00:00,2020-10-03 04:00:00,366,1
11,2020-10-03 04:00:00,Naive,4,-1.6665565035335645,-0.09888498056033684,2019-10-03 04:00:00,2020-10-03 04:00:00,2020-10-03 04:00:00,366,1
12,2020-10-04 04:00:00,Decision Tree,4,-1.598983565420218,-1.576673683939329,2019-10-04 04:00:00,2020-10-04 04:00:00,2020-10-04 04:00:00,366,1
13,2020-10-04 04:00:00,Random Forest,4,-1.598983565420218,-1.5970554684179754,2019-10-04 04:00:00,2020-10-04 04:00:00,2020-10-04 04:00:00,366,1
14,2020-10-04 04:00:00,Neural Network,4,-1.598983565420218,-1.5846885440760974,2019-10-04 04:00:00,2020-10-04 04:00:00,2020-10-04 04:00:00,366,1
15,2020-10-04 04:00:00,Naive,4,-1.598983565420218,-1.6665565035335645,2019-10-04 04:00:00,2020-10-04 04:00:00,2020-10-04 04:00:00,366,1
16,2020-10-05 04:00:00,Decision Tree,4,-1.4332656412414875,-1.4331263488795998,2019-10-05 04:00:00,2020-10-05 04:00:00,2020-10-05 04:00:00,366,1
17,2020-10-05 04:00:00,Random Forest,4,-1.4332656412414875,-1.4299830576747496,2019-10-05 04:00:00,2020-10-05 04:00:00,2020-10-05 04:00:00,366,1
18,2020-10-05 04:00:00,Neural Network,4,-1.4332656412414875,-1.4491042775784577,2019-10-05 04:00:00,2020-10-05 04:00:00,2020-10-05 04:00:00,366,1
19,2020-10-05 04:00:00,Naive,4,-1.4332656412414875,-1.598983565420218,2019-10-05 04:00:00,2020-10-05 04:00:00,2020-10-05 04:00:00,366,1
20,2020-10-06 04:00:00,Decision Tree,4,-1.1857094241780224,-1.189661434777565,2019-10-06 04:00:00,2020-10-06 04:00:00,2020-10-06 04:00:00,366,1
21,2020-10-06 04:00:00,Random Forest,4,-1.1857094241780224,-1.189991912610654,2019-10-06 04:00:00,2020-10-06 04:00:00,2020-10-06 04:00:00,366,1
22,2020-10-06 04:00:00,Neural Network,4,-1.1857094241780224,-1.1078511635576311,2019-10-06 04:00:00,2020-10-06 04:00:00,2020-10-06 04:00:00,366,1
23,2020-10-06 04:00:00,Naive,4,-1.1857094241780224,-1.4332656412414875,2019-10-06 04:00:00,2020-10-06 04:00:00,2020-10-06 04:00:00,366,1
24,2020-10-07 04:00:00,Decision Tree,4,-1.01346604839296,-1.0118812509724797,2019-10-07 04:00:00,2020-10-07 04:00:00,2020-10-07 04:00:00,366,1
25,2020-10-07 04:00:00,Random Forest,4,-1.01346604839296,-1.01091946167416,2019-10-07 04:00:00,2020-10-07 04:00:00,2020-10-07 04:00:00,366,1
26,2020-10-07 04:00:00,Neural Network,4,-1.01346604839296,-0.887114706763604,2019-10-07 04:00:00,2020-10-07 04:00:00,2020-10-07 04:00:00,366,1
27,2020-10-07 04:00:00,Naive,4,-1.01346604839296,-1.1857094241780224,2019-10-07 04:00:00,2020-10-07 04:00:00,2020-10-07 04:00:00,366,1
28,2020-10-08 04:00:00,Decision Tree,4,-0.8709452769791598,-0.8618205092198845,2019-10-08 04:00:00,2020-10-08 04:00:00,2020-10-08 04:00:00,366,1
29,2020-10-08 04:00:00,Random Forest,4,-0.8709452769791598,-0.8691183997630526,2019-10-08 04:00:00,2020-10-08 04:00:00,2020-10-08 04:00:00,366,1
30,2020-10-08 04:00:00,Neural Network,4,-0.8709452769791598,-0.9080273375286637,2019-10-08 04:00:00,2020-10-08 04:00:00,2020-10-08 04:00:00,366,1
31,2020-10-08 04:00:00,Naive,4,-0.8709452769791598,-1.01346604839296,2019-10-08 04:00:00,2020-10-08 04:00:00,2020-10-08 04:00:00,366,1
32,2020-10-09 04:00:00,Decision Tree,4,-0.43079660335299297,-0.4410588559467522,2019-10-09 04:00:00,2020-10-09 04:00:00,2020-10-09 04:00:00,366,1
33,2020-10-09 04:00:00,Random Forest,4,-0.43079660335299297,-0.43672993045512243,2019-10-09 04:00:00,2020-10-09 04:00:00,2020-10-09 04:00:00,366,1
34,2020-10-09 04:00:00,Neural Network,4,-0.43079660335299297,-0.5432605730631881,2019-10-09 04:00:00,2020-10-09 04:00:00,2020-10-09 04:00:00,366,1
35,2020-10-09 04:00:00,Naive,4,-0.43079660335299297,-0.8709452769791598,2019-10-09 04:00:00,2020-10-09 04:00:00,2020-10-09 04:00:00,366,1
36,2020-10-10 04:00:00,Decision Tree,4,-0.5154691367447948,-0.5062725096546318,2019-10-10 04:00:00,2020-10-10 04:00:00,2020-10-10 04:00:00,366,1
37,2020-10-10 04:00:00,Random Forest,4,-0.5154691367447948,-0.5168169531655306,2019-10-10 04:00:00,2020-10-10 04:00:00,2020-10-10 04:00:00,366,1
38,2020-10-10 04:00:00,Neural Network,4,-0.5154691367447948,-0.5432557775995119,2019-10-10 04:00:00,2020-10-10 04:00:00,2020-10-10 04:00:00,366,1
39,2020-10-10 04:00:00,Naive,4,-0.5154691367447948,-0.43079660335299297,2019-10-10 04:00:00,2020-10-10 04:00:00,2020-10-10 04:00:00,366,1
40,2020-10-11 04:00:00,Decision Tree,4,-0.6881406931874188,-0.6830173222595026,2019-10-11 04:00:00,2020-10-11 04:00:00,2020-10-11 04:00:00,366,1
41,2020-10-11 04:00:00,Random Forest,4,-0.6881406931874188,-0.6868829667436409,2019-10-11 04:00:00,2020-10-11 04:00:00,2020-10-11 04:00:00,366,1
42,2020-10-11 04:00:00,Neural Network,4,-0.6881406931874188,-0.6038402075807758,2019-10-11 04:00:00,2020-10-11 04:00:00,2020-10-11 04:00:00,366,1
43,2020-10-11 04:00:00,Naive,4,-0.6881406931874188,-0.5154691367447948,2019-10-11 04:00:00,2020-10-11 04:00:00,2020-10-11 04:00:00,366,1
44,2020-10-12 04:00:00,Decision Tree,4,-0.4948769330205804,-0.5075863135246551,2019-10-12 04:00:00,2020-10-12 04:00:00,2020-10-12 04:00:00,366,1
45,2020-10-12 04:00:00,Random Forest,4,-0.4948769330205804,-0.4931308998215393,2019-10-12 04:00:00,2020-10-12 04:00:00,2020-10-12 04:00:00,366,1
46,2020-10-12 04:00:00,Neural Network,4,-0.4948769330205804,-0.4616744318437705,2019-10-12 04:00:00,2020-10-12 04:00:00,2020-10-12 04:00:00,366,1
47,2020-10-12 04:00:00,Naive,4,-0.4948769330205804,-0.6881406931874188,2019-10-12 04:00:00,2020-10-12 04:00:00,2020-10-12 04:00:00,366,1
48,2020-10-13 04:00:00,Decision Tree,4,-0.25622307111329595,-0.2831085132509064,2019-10-13 04:00:00,2020-10-13 04:00:00,2020-10-13 04:00:00,366,1
49,2020-10-13 04:00:00,Random Forest,4,-0.25622307111329595,-0.2642120306081766,2019-10-13 04:00:00,2020-10-13 04:00:00,2020-10-13 04:00:00,366,1
50,2020-10-13 04:00:00,Neural Network,4,-0.25622307111329595,-0.130756736571496,2019-10-13 04:00:00,2020-10-13 04:00:00,2020-10-13 04:00:00,366,1
51,2020-10-13 04:00:00,Naive,4,-0.25622307111329595,-0.4948769330205804,2019-10-13 04:00:00,2020-10-13 04:00:00,2020-10-13 04:00:00,366,1
52,2020-10-14 04:00:00,Decision Tree,4,-0.33537671722158,-0.34753107780156994,2019-10-14 04:00:00,2020-10-14 04:00:00,2020-10-14 04:00:00,366,1
53,2020-10-14 04:00:00,Random Forest,4,-0.33537671722158,-0.34229266787593216,2019-10-14 04:00:00,2020-10-14 04:00:00,2020-10-14 04:00:00,366,1
54,2020-10-14 04:00:00,Neural Network,4,-0.33537671722158,-0.45278707237935945,2019-10-14 04:00:00,2020-10-14 04:00:00,2020-10-14 04:00:00,366,1
55,2020-10-14 04:00:00,Naive,4,-0.33537671722158,-0.25622307111329595,2019-10-14 04:00:00,2020-10-14 04:00:00,2020-10-14 04:00:00,366,1
56,2020-10-15 04:00:00,Decision Tree,4,-0.41260730188748557,-0.42019957431444777,2019-10-15 04:00:00,2020-10-15 04:00:00,2020-10-15 04:00:00,366,1
57,2020-10-15 04:00:00,Random Forest,4,-0.41260730188748557,-0.41871013382286976,2019-10-15 04:00:00,2020-10-15 04:00:00,2020-10-15 04:00:00,366,1
58,2020-10-15 04:00:00,Neural Network,4,-0.41260730188748557,-0.4728795045917778,2019-10-15 04:00:00,2020-10-15 04:00:00,2020-10-15 04:00:00,366,1
59,2020-10-15 04:00:00,Naive,4,-0.41260730188748557,-0.33537671722158,2019-10-15 04:00:00,2020-10-15 04:00:00,2020-10-15 04:00:00,366,1
60,2020-10-16 04:00:00,Decision Tree,4,-0.12852941195810055,-0.12962534664071956,2019-10-16 04:00:00,2020-10-16 04:00:00,2020-10-16 04:00:00,366,1
61,2020-10-16 04:00:00,Random Forest,4,-0.12852941195810055,-0.13830960308162057,2019-10-16 04:00:00,2020-10-16 04:00:00,2020-10-16 04:00:00,366,1
62,2020-10-16 04:00:00,Neural Network,4,-0.12852941195810055,-0.18621409527849597,2019-10-16 04:00:00,2020-10-16 04:00:00,2020-10-16 04:00:00,366,1
63,2020-10-16 04:00:00,Naive,4,-0.12852941195810055,-0.41260730188748557,2019-10-16 04:00:00,2020-10-16 04:00:00,2020-10-16 04:00:00,366,1
64,2020-10-17 04:00:00,Decision Tree,4,-0.024394054845610663,-0.05364569078066935,2019-10-17 04:00:00,2020-10-17 04:00:00,2020-10-17 04:00:00,366,1
65,2020-10-17 04:00:00,Random Forest,4,-0.024394054845610663,-0.03497764670095237,2019-10-17 04:00:00,2020-10-17 04:00:00,2020-10-17 04:00:00,366,1
66,2020-10-17 04:00:00,Neural Network,4,-0.024394054845610663,0.008399349151381519,2019-10-17 04:00:00,2020-10-17 04:00:00,2020-10-17 04:00:00,366,1
67,2020-10-17 04:00:00,Naive,4,-0.024394054845610663,-0.12852941195810055,2019-10-17 04:00:00,2020-10-17 04:00:00,2020-10-17 04:00:00,366,1
68,2020-10-18 04:00:00,Decision Tree,4,-0.912348259148475,-0.8947446997413433,2019-10-18 04:00:00,2020-10-18 04:00:00,2020-10-18 04:00:00,366,1
69,2020-10-18 04:00:00,Random Forest,4,-0.912348259148475,-0.8964891049445061,2019-10-18 04:00:00,2020-10-18 04:00:00,2020-10-18 04:00:00,366,1
70,2020-10-18 04:00:00,Neural Network,4,-0.912348259148475,-0.8559909621725058,2019-10-18 04:00:00,2020-10-18 04:00:00,2020-10-18 04:00:00,366,1
71,2020-10-18 04:00:00,Naive,4,-0.912348259148475,-0.024394054845610663,2019-10-18 04:00:00,2020-10-18 04:00:00,2020-10-18 04:00:00,366,1
72,2020-10-19 04:00:00,Decision Tree,4,-0.16214636662233617,-0.1492438873795901,2019-10-19 04:00:00,2020-10-19 04:00:00,2020-10-19 04:00:00,366,1
73,2020-10-19 04:00:00,Random Forest,4,-0.16214636662233617,-0.15711661624647413,2019-10-19 04:00:00,2020-10-19 04:00:00,2020-10-19 04:00:00,366,1
74,2020-10-19 04:00:00,Neural Network,4,-0.16214636662233617,-0.16530488552890032,2019-10-19 04:00:00,2020-10-19 04:00:00,2020-10-19 04:00:00,366,1
75,2020-10-19 04:00:00,Naive,4,-0.16214636662233617,-0.912348259148475,2019-10-19 04:00:00,2020-10-19 04:00:00,2020-10-19 04:00:00,366,1
76,2020-10-20 04:00:00,Decision Tree,4,-0.6409040585106759,-0.6340547894270676,2019-10-20 04:00:00,2020-10-20 04:00:00,2020-10-20 04:00:00,366,1
77,2020-10-20 04:00:00,Random Forest,4,-0.6409040585106759,-0.6361503762870594,2019-10-20 04:00:00,2020-10-20 04:00:00,2020-10-20 04:00:00,366,1
78,2020-10-20 04:00:00,Neural Network,4,-0.6409040585106759,-0.6164591475312319,2019-10-20 04:00:00,2020-10-20 04:00:00,2020-10-20 04:00:00,366,1
79,2020-10-20 04:00:00,Naive,4,-0.6409040585106759,-0.16214636662233617,2019-10-20 04:00:00,2020-10-20 04:00:00,2020-10-20 04:00:00,366,1
80,2020-10-21 04:00:00,Decision Tree,4,-0.5685056365040965,-0.5642809846430694,2019-10-21 04:00:00,2020-10-21 04:00:00,2020-10-21 04:00:00,366,1
81,2020-10-21 04:00:00,Random Forest,4,-0.5685056365040965,-0.566622585421516,2019-10-21 04:00:00,2020-10-21 04:00:00,2020-10-21 04:00:00,366,1
82,2020-10-21 04:00:00,Neural Network,4,-0.5685056365040965,-0.5304362276255244,2019-10-21 04:00:00,2020-10-21 04:00:00,2020-10-21 04:00:00,366,1
83,2020-10-21 04:00:00,Naive,4,-0.5685056365040965,-0.6409040585106759,2019-10-21 04:00:00,2020-10-21 04:00:00,2020-10-21 04:00:00,366,1
84,2020-10-22 04:00:00,Decision Tree,4,-1.3358865976395347,-1.2796134403598398,2019-10-22 04:00:00,2020-10-22 04:00:00,2020-10-22 04:00:00,366,1
85,2020-10-22 04:00:00,Random Forest,4,-1.3358865976395347,-1.2958870556024369,2019-10-22 04:00:00,2020-10-22 04:00:00,2020-10-22 04:00:00,366,1
86,2020-10-22 04:00:00,Neural Network,4,-1.3358865976395347,-1.3225212775144846,2019-10-22 04:00:00,2020-10-22 04:00:00,2020-10-22 04:00:00,366,1
87,2020-10-22 04:00:00,Naive,4,-1.3358865976395347,-0.5685056365040965,2019-10-22 04:00:00,2020-10-22 04:00:00,2020-10-22 04:00:00,366,1
88,2020-10-23 04:00:00,Decision Tree,4,-0.10671553695127098,-0.10978761896532521,2019-10-23 04:00:00,2020-10-23 04:00:00,2020-10-23 04:00:00,366,1
89,2020-10-23 04:00:00,Random Forest,4,-0.10671553695127098,-0.12468062473736623,2019-10-23 04:00:00,2020-10-23 04:00:00,2020-10-23 04:00:00,366,1
90,2020-10-23 04:00:00,Neural Network,4,-0.10671553695127098,-0.2662114603112835,2019-10-23 04:00:00,2020-10-23 04:00:00,2020-10-23 04:00:00,366,1
91,2020-10-23 04:00:00,Naive,4,-0.10671553695127098,-1.3358865976395347,2019-10-23 04:00:00,2020-10-23 04:00:00,2020-10-23 04:00:00,366,1
92,2020-10-24 04:00:00,Decision Tree,4,-0.6884931458076801,-0.6848053599705468,2019-10-24 04:00:00,2020-10-24 04:00:00,2020-10-24 04:00:00,366,1
93,2020-10-24 04:00:00,Random Forest,4,-0.6884931458076801,-0.6832865415153841,2019-10-24 04:00:00,2020-10-24 04:00:00,2020-10-24 04:00:00,366,1
94,2020-10-24 04:00:00,Neural Network,4,-0.6884931458076801,-0.7171843687862625,2019-10-24 04:00:00,2020-10-24 04:00:00,2020-10-24 04:00:00,366,1
95,2020-10-24 04:00:00,Naive,4,-0.6884931458076801,-0.10671553695127098,2019-10-24 04:00:00,2020-10-24 04:00:00,2020-10-24 04:00:00,366,1
96,2020-10-25 04:00:00,Decision Tree,4,-1.8736792132437436,-2.0379196180973596,2019-10-25 04:00:00,2020-10-25 04:00:00,2020-10-25 04:00:00,366,1
97,2020-10-25 04:00:00,Random Forest,4,-1.8736792132437436,-1.8149184025430027,2019-10-25 04:00:00,2020-10-25 04:00:00,2020-10-25 04:00:00,366,1
98,2020-10-25 04:00:00,Neural Network,4,-1.8736792132437436,-1.8959427627726133,2019-10-25 04:00:00,2020-10-25 04:00:00,2020-10-25 04:00:00,366,1
99,2020-10-25 04:00:00,Naive,4,-1.8736792132437436,-0.6884931458076801,2019-10-25 04:00:00,2020-10-25 04:00:00,2020-10-25 04:00:00,366,1
100,2020-10-26 04:00:00,Decision Tree,4,-1.0358974994531023,-1.0314800131902027,2019-10-26 04:00:00,2020-10-26 04:00:00,2020-10-26 04:00:00,366,1
101,2020-10-26 04:00:00,Random Forest,4,-1.0358974994531023,-1.0150645266894829,2019-10-26 04:00:00,2020-10-26 04:00:00,2020-10-26 04:00:00,366,1
102,2020-10-26 04:00:00,Neural Network,4,-1.0358974994531023,-1.001409852707919,2019-10-26 04:00:00,2020-10-26 04:00:00,2020-10-26 04:00:00,366,1
103,2020-10-26 04:00:00,Naive,4,-1.0358974994531023,-1.8736792132437436,2019-10-26 04:00:00,2020-10-26 04:00:00,2020-10-26 04:00:00,366,1
104,2020-10-27 04:00:00,Decision Tree,4,-0.5383561337447613,-0.5418840458039903,2019-10-27 04:00:00,2020-10-27 04:00:00,2020-10-27 04:00:00,366,1
105,2020-10-27 04:00:00,Random Forest,4,-0.5383561337447613,-0.5431508558230468,2019-10-27 04:00:00,2020-10-27 04:00:00,2020-10-27 04:00:00,366,1
106,2020-10-27 04:00:00,Neural Network,4,-0.5383561337447613,-0.6056446783856498,2019-10-27 04:00:00,2020-10-27 04:00:00,2020-10-27 04:00:00,366,1
107,2020-10-27 04:00:00,Naive,4,-0.5383561337447613,-1.0358974994531023,2019-10-27 04:00:00,2020-10-27 04:00:00,2020-10-27 04:00:00,366,1
108,2020-10-28 04:00:00,Decision Tree,4,-1.0381066796318186,-1.0321110826563313,2019-10-28 04:00:00,2020-10-28 04:00:00,2020-10-28 04:00:00,366,1
109,2020-10-28 04:00:00,Random Forest,4,-1.0381066796318186,-1.0308631934131638,2019-10-28 04:00:00,2020-10-28 04:00:00,2020-10-28 04:00:00,366,1
110,2020-10-28 04:00:00,Neural Network,4,-1.0381066796318186,-1.0001541123842292,2019-10-28 04:00:00,2020-10-28 04:00:00,2020-10-28 04:00:00,366,1
111,2020-10-28 04:00:00,Naive,4,-1.0381066796318186,-0.5383561337447613,2019-10-28 04:00:00,2020-10-28 04:00:00,2020-10-28 04:00:00,366,1
112,2020-10-29 04:00:00,Decision Tree,4,-1.3438795482695574,-1.3353210325986946,2019-10-29 04:00:00,2020-10-29 04:00:00,2020-10-29 04:00:00,366,1
113,2020-10-29 04:00:00,Random Forest,4,-1.3438795482695574,-1.3321044554092691,2019-10-29 04:00:00,2020-10-29 04:00:00,2020-10-29 04:00:00,366,1
114,2020-10-29 04:00:00,Neural Network,4,-1.3438795482695574,-1.3180059422280879,2019-10-29 04:00:00,2020-10-29 04:00:00,2020-10-29 04:00:00,366,1
115,2020-10-29 04:00:00,Naive,4,-1.3438795482695574,-1.0381066796318186,2019-10-29 04:00:00,2020-10-29 04:00:00,2020-10-29 04:00:00,366,1
116,2020-10-30 04:00:00,Decision Tree,4,-1.5221531309173504,-1.4996755359446277,2019-10-30 04:00:00,2020-10-30 04:00:00,2020-10-30 04:00:00,366,1
117,2020-10-30 04:00:00,Random Forest,4,-1.5221531309173504,-1.499728646110117,2019-10-30 04:00:00,2020-10-30 04:00:00,2020-10-30 04:00:00,366,1
118,2020-10-30 04:00:00,Neural Network,4,-1.5221531309173504,-1.3286774255853375,2019-10-30 04:00:00,2020-10-30 04:00:00,2020-10-30 04:00:00,366,1
119,2020-10-30 04:00:00,Naive,4,-1.5221531309173504,-1.3438795482695574,2019-10-30 04:00:00,2020-10-30 04:00:00,2020-10-30 04:00:00,366,1
120,2020-10-31 04:00:00,Decision Tree,4,-0.49938730138179194,-0.5159853035065932,2019-10-31 04:00:00,2020-10-31 04:00:00,2020-10-31 04:00:00,366,1
121,2020-10-31 04:00:00,Random Forest,4,-0.49938730138179194,-0.5119131452337675,2019-10-31 04:00:00,2020-10-31 04:00:00,2020-10-31 04:00:00,366,1
122,2020-10-31 04:00:00,Neural Network,4,-0.49938730138179194,-0.5008455774777226,2019-10-31 04:00:00,2020-10-31 04:00:00,2020-10-31 04:00:00,366,1
123,2020-10-31 04:00:00,Naive,4,-0.49938730138179194,-1.5221531309173504,2019-10-31 04:00:00,2020-10-31 04:00:00,2020-10-31 04:00:00,366,1
124,2020-11-01 04:00:00,Decision Tree,4,-1.364983915236963,-1.3367474518771718,2019-11-01 04:00:00,2020-11-01 04:00:00,2020-11-01 04:00:00,366,1
125,2020-11-01 04:00:00,Random Forest,4,-1.364983915236963,-1.344124077456139,2019-11-01 04:00:00,2020-11-01 04:00:00,2020-11-01 04:00:00,366,1
126,2020-11-01 04:00:00,Neural Network,4,-1.364983915236963,-0.9785168983972157,2019-11-01 04:00:00,2020-11-01 04:00:00,2020-11-01 04:00:00,366,1
127,2020-11-01 04:00:00,Naive,4,-1.364983915236963,-0.49938730138179194,2019-11-01 04:00:00,2020-11-01 04:00:00,2020-11-01 04:00:00,366,1
128,2020-11-02 04:00:00,Decision Tree,4,-1.7132909997045684,-1.686455356436042,2019-11-02 04:00:00,2020-11-02 04:00:00,2020-11-02 04:00:00,366,1
129,2020-11-02 04:00:00,Random Forest,4,-1.7132909997045684,-1.6928745363953717,2019-11-02 04:00:00,2020-11-02 04:00:00,2020-11-02 04:00:00,366,1
130,2020-11-02 04:00:00,Neural Network,4,-1.7132909997045684,-1.692577191879667,2019-11-02 04:00:00,2020-11-02 04:00:00,2020-11-02 04:00:00,366,1
131,2020-11-02 04:00:00,Naive,4,-1.7132909997045684,-1.364983915236963,2019-11-02 04:00:00,2020-11-02 04:00:00,2020-11-02 04:00:00,366,1
132,2020-11-03 04:00:00,Decision Tree,4,-0.7679208551631996,-0.7713492607072077,2019-11-03 04:00:00,2020-11-03 04:00:00,2020-11-03 04:00:00,366,1
133,2020-11-03 04:00:00,Random Forest,4,-0.7679208551631996,-0.7650656534848829,2019-11-03 04:00:00,2020-11-03 04:00:00,2020-11-03 04:00:00,366,1
134,2020-11-03 04:00:00,Neural Network,4,-0.7679208551631996,-0.6969439054765523,2019-11-03 04:00:00,2020-11-03 04:00:00,2020-11-03 04:00:00,366,1
135,2020-11-03 04:00:00,Naive,4,-0.7679208551631996,-1.7132909997045684,2019-11-03 04:00:00,2020-11-03 04:00:00,2020-11-03 04:00:00,366,1
136,2020-11-04 04:00:00,Decision Tree,4,-0.43408583928602157,-0.45973763121549405,2019-11-04 04:00:00,2020-11-04 04:00:00,2020-11-04 04:00:00,366,1
137,2020-11-04 04:00:00,Random Forest,4,-0.43408583928602157,-0.4530073116374973,2019-11-04 04:00:00,2020-11-04 04:00:00,2020-11-04 04:00:00,366,1
138,2020-11-04 04:00:00,Neural Network,4,-0.43408583928602157,-0.4702306103908679,2019-11-04 04:00:00,2020-11-04 04:00:00,2020-11-04 04:00:00,366,1
139,2020-11-04 04:00:00,Naive,4,-0.43408583928602157,-0.7679208551631996,2019-11-04 04:00:00,2020-11-04 04:00:00,2020-11-04 04:00:00,366,1
140,2020-11-05 04:00:00,Decision Tree,4,-0.37385312200129944,-0.4077125333407911,2019-11-05 04:00:00,2020-11-05 04:00:00,2020-11-05 04:00:00,366,1
141,2020-11-05 04:00:00,Random Forest,4,-0.37385312200129944,-0.4012503752273969,2019-11-05 04:00:00,2020-11-05 04:00:00,2020-11-05 04:00:00,366,1
142,2020-11-05 04:00:00,Neural Network,4,-0.37385312200129944,-0.34386481187979756,2019-11-05 04:00:00,2020-11-05 04:00:00,2020-11-05 04:00:00,366,1
143,2020-11-05 04:00:00,Naive,4,-0.37385312200129944,-0.43408583928602157,2019-11-05 04:00:00,2020-11-05 04:00:00,2020-11-05 04:00:00,366,1
144,2020-11-06 04:00:00,Decision Tree,4,-0.3187112439996043,-0.34550535103823826,2019-11-06 04:00:00,2020-11-06 04:00:00,2020-11-06 04:00:00,366,1
145,2020-11-06 04:00:00,Random Forest,4,-0.3187112439996043,-0.3463270558015051,2019-11-06 04:00:00,2020-11-06 04:00:00,2020-11-06 04:00:00,366,1
146,2020-11-06 04:00:00,Neural Network,4,-0.3187112439996043,-0.28954121686104495,2019-11-06 04:00:00,2020-11-06 04:00:00,2020-11-06 04:00:00,366,1
147,2020-11-06 04:00:00,Naive,4,-0.3187112439996043,-0.37385312200129944,2019-11-06 04:00:00,2020-11-06 04:00:00,2020-11-06 04:00:00,366,1
148,2020-11-07 04:00:00,Decision Tree,4,-0.45497003633520317,-0.4728869612285167,2019-11-07 04:00:00,2020-11-07 04:00:00,2020-11-07 04:00:00,366,1
149,2020-11-07 04:00:00,Random Forest,4,-0.45497003633520317,-0.48048108738118356,2019-11-07 04:00:00,2020-11-07 04:00:00,2020-11-07 04:00:00,366,1
150,2020-11-07 04:00:00,Neural Network,4,-0.45497003633520317,-0.4588684197373159,2019-11-07 04:00:00,2020-11-07 04:00:00,2020-11-07 04:00:00,366,1
151,2020-11-07 04:00:00,Naive,4,-0.45497003633520317,-0.3187112439996043,2019-11-07 04:00:00,2020-11-07 04:00:00,2020-11-07 04:00:00,366,1
152,2020-11-08 04:00:00,Decision Tree,4,-0.261605311931048,-0.2797478329837051,2019-11-08 04:00:00,2020-11-08 04:00:00,2020-11-08 04:00:00,366,1
153,2020-11-08 04:00:00,Random Forest,4,-0.261605311931048,-0.30608880243599135,2019-11-08 04:00:00,2020-11-08 04:00:00,2020-11-08 04:00:00,366,1
154,2020-11-08 04:00:00,Neural Network,4,-0.261605311931048,-0.33004403047412734,2019-11-08 04:00:00,2020-11-08 04:00:00,2020-11-08 04:00:00,366,1
155,2020-11-08 04:00:00,Naive,4,-0.261605311931048,-0.45497003633520317,2019-11-08 04:00:00,2020-11-08 04:00:00,2020-11-08 04:00:00,366,1
156,2020-11-09 04:00:00,Decision Tree,4,-0.32069876275200865,-0.3386711592691025,2019-11-09 04:00:00,2020-11-09 04:00:00,2020-11-09 04:00:00,366,1
157,2020-11-09 04:00:00,Random Forest,4,-0.32069876275200865,-0.3467117962173151,2019-11-09 04:00:00,2020-11-09 04:00:00,2020-11-09 04:00:00,366,1
158,2020-11-09 04:00:00,Neural Network,4,-0.32069876275200865,-0.2164557032478659,2019-11-09 04:00:00,2020-11-09 04:00:00,2020-11-09 04:00:00,366,1
159,2020-11-09 04:00:00,Naive,4,-0.32069876275200865,-0.261605311931048,2019-11-09 04:00:00,2020-11-09 04:00:00,2020-11-09 04:00:00,366,1
160,2020-11-10 04:00:00,Decision Tree,4,-0.19184718999783676,-0.22717193692870352,2019-11-10 04:00:00,2020-11-10 04:00:00,2020-11-10 04:00:00,366,1
161,2020-11-10 04:00:00,Random Forest,4,-0.19184718999783676,-0.22840388124920546,2019-11-10 04:00:00,2020-11-10 04:00:00,2020-11-10 04:00:00,366,1
162,2020-11-10 04:00:00,Neural Network,4,-0.19184718999783676,-0.10914037703549884,2019-11-10 04:00:00,2020-11-10 04:00:00,2020-11-10 04:00:00,366,1
163,2020-11-10 04:00:00,Naive,4,-0.19184718999783676,-0.32069876275200865,2019-11-10 04:00:00,2020-11-10 04:00:00,2020-11-10 04:00:00,366,1
164,2020-11-11 04:00:00,Decision Tree,4,-0.1240454409924539,-0.12044939820551202,2019-11-11 04:00:00,2020-11-11 04:00:00,2020-11-11 04:00:00,366,1
165,2020-11-11 04:00:00,Random Forest,4,-0.1240454409924539,-0.1514552014392348,2019-11-11 04:00:00,2020-11-11 04:00:00,2020-11-11 04:00:00,366,1
166,2020-11-11 04:00:00,Neural Network,4,-0.1240454409924539,-0.04744482913404535,2019-11-11 04:00:00,2020-11-11 04:00:00,2020-11-11 04:00:00,366,1
167,2020-11-11 04:00:00,Naive,4,-0.1240454409924539,-0.19184718999783676,2019-11-11 04:00:00,2020-11-11 04:00:00,2020-11-11 04:00:00,366,1
168,2020-11-12 04:00:00,Decision Tree,4,-0.4421846208343346,-0.4609429458508218,2019-11-12 04:00:00,2020-11-12 04:00:00,2020-11-12 04:00:00,366,1
169,2020-11-12 04:00:00,Random Forest,4,-0.4421846208343346,-0.4610499146661646,2019-11-12 04:00:00,2020-11-12 04:00:00,2020-11-12 04:00:00,366,1
170,2020-11-12 04:00:00,Neural Network,4,-0.4421846208343346,-0.4110731894970178,2019-11-12 04:00:00,2020-11-12 04:00:00,2020-11-12 04:00:00,366,1
171,2020-11-12 04:00:00,Naive,4,-0.4421846208343346,-0.1240454409924539,2019-11-12 04:00:00,2020-11-12 04:00:00,2020-11-12 04:00:00,366,1
172,2020-11-13 04:00:00,Decision Tree,4,-0.42141054988686466,-0.4432063230153983,2019-11-13 04:00:00,2020-11-13 04:00:00,2020-11-13 04:00:00,366,1
173,2020-11-13 04:00:00,Random Forest,4,-0.42141054988686466,-0.4474156821379914,2019-11-13 04:00:00,2020-11-13 04:00:00,2020-11-13 04:00:00,366,1
174,2020-11-13 04:00:00,Neural Network,4,-0.42141054988686466,-0.36534830300558924,2019-11-13 04:00:00,2020-11-13 04:00:00,2020-11-13 04:00:00,366,1
175,2020-11-13 04:00:00,Naive,4,-0.42141054988686466,-0.4421846208343346,2019-11-13 04:00:00,2020-11-13 04:00:00,2020-11-13 04:00:00,366,1
176,2020-11-14 04:00:00,Decision Tree,4,-0.2402774485695145,-0.2795068238798629,2019-11-14 04:00:00,2020-11-14 04:00:00,2020-11-14 04:00:00,366,1
177,2020-11-14 04:00:00,Random Forest,4,-0.2402774485695145,-0.25946451311359836,2019-11-14 04:00:00,2020-11-14 04:00:00,2020-11-14 04:00:00,366,1
178,2020-11-14 04:00:00,Neural Network,4,-0.2402774485695145,-0.3333944818873127,2019-11-14 04:00:00,2020-11-14 04:00:00,2020-11-14 04:00:00,366,1
179,2020-11-14 04:00:00,Naive,4,-0.2402774485695145,-0.42141054988686466,2019-11-14 04:00:00,2020-11-14 04:00:00,2020-11-14 04:00:00,366,1
180,2020-11-15 04:00:00,Decision Tree,4,-1.665836979701914,-1.6510266746464408,2019-11-15 04:00:00,2020-11-15 04:00:00,2020-11-15 04:00:00,366,1
181,2020-11-15 04:00:00,Random Forest,4,-1.665836979701914,-1.6266443518324,2019-11-15 04:00:00,2020-11-15 04:00:00,2020-11-15 04:00:00,366,1
182,2020-11-15 04:00:00,Neural Network,4,-1.665836979701914,-1.500337534580294,2019-11-15 04:00:00,2020-11-15 04:00:00,2020-11-15 04:00:00,366,1
183,2020-11-15 04:00:00,Naive,4,-1.665836979701914,-0.2402774485695145,2019-11-15 04:00:00,2020-11-15 04:00:00,2020-11-15 04:00:00,366,1
184,2020-11-16 04:00:00,Decision Tree,4,-1.7252389963433736,-1.6958022556702432,2019-11-16 04:00:00,2020-11-16 04:00:00,2020-11-16 04:00:00,366,1
185,2020-11-16 04:00:00,Random Forest,4,-1.7252389963433736,-1.7016528626483447,2019-11-16 04:00:00,2020-11-16 04:00:00,2020-11-16 04:00:00,366,1
186,2020-11-16 04:00:00,Neural Network,4,-1.7252389963433736,-1.626409711770855,2019-11-16 04:00:00,2020-11-16 04:00:00,2020-11-16 04:00:00,366,1
187,2020-11-16 04:00:00,Naive,4,-1.7252389963433736,-1.665836979701914,2019-11-16 04:00:00,2020-11-16 04:00:00,2020-11-16 04:00:00,366,1
188,2020-11-17 04:00:00,Decision Tree,4,-0.6784537922970769,-0.6882906632833214,2019-11-17 04:00:00,2020-11-17 04:00:00,2020-11-17 04:00:00,366,1
189,2020-11-17 04:00:00,Random Forest,4,-0.6784537922970769,-0.6894787505083206,2019-11-17 04:00:00,2020-11-17 04:00:00,2020-11-17 04:00:00,366,1
190,2020-11-17 04:00:00,Neural Network,4,-0.6784537922970769,-0.6129067688043341,2019-11-17 04:00:00,2020-11-17 04:00:00,2020-11-17 04:00:00,366,1
191,2020-11-17 04:00:00,Naive,4,-0.6784537922970769,-1.7252389963433736,2019-11-17 04:00:00,2020-11-17 04:00:00,2020-11-17 04:00:00,366,1
192,2020-11-18 04:00:00,Decision Tree,4,-0.45635935002855604,-0.4587938480003158,2019-11-18 04:00:00,2020-11-18 04:00:00,2020-11-18 04:00:00,366,1
193,2020-11-18 04:00:00,Random Forest,4,-0.45635935002855604,-0.4841512204478937,2019-11-18 04:00:00,2020-11-18 04:00:00,2020-11-18 04:00:00,366,1
194,2020-11-18 04:00:00,Neural Network,4,-0.45635935002855604,-0.4654722262099405,2019-11-18 04:00:00,2020-11-18 04:00:00,2020-11-18 04:00:00,366,1
195,2020-11-18 04:00:00,Naive,4,-0.45635935002855604,-0.6784537922970769,2019-11-18 04:00:00,2020-11-18 04:00:00,2020-11-18 04:00:00,366,1
196,2020-11-19 04:00:00,Decision Tree,4,-1.6882026237275156,-1.6563331391514624,2019-11-19 04:00:00,2020-11-19 04:00:00,2020-11-19 04:00:00,366,1
197,2020-11-19 04:00:00,Random Forest,4,-1.6882026237275156,-1.6599267325286262,2019-11-19 04:00:00,2020-11-19 04:00:00,2020-11-19 04:00:00,366,1
198,2020-11-19 04:00:00,Neural Network,4,-1.6882026237275156,-1.5808856438929795,2019-11-19 04:00:00,2020-11-19 04:00:00,2020-11-19 04:00:00,366,1
199,2020-11-19 04:00:00,Naive,4,-1.6882026237275156,-0.45635935002855604,2019-11-19 04:00:00,2020-11-19 04:00:00,2020-11-19 04:00:00,366,1
200,2020-11-20 04:00:00,Decision Tree,4,-0.18445574371914128,-0.18194230970925304,2019-11-20 04:00:00,2020-11-20 04:00:00,2020-11-20 04:00:00,366,1
201,2020-11-20 04:00:00,Random Forest,4,-0.18445574371914128,-0.21444749191790335,2019-11-20 04:00:00,2020-11-20 04:00:00,2020-11-20 04:00:00,366,1
202,2020-11-20 04:00:00,Neural Network,4,-0.18445574371914128,-0.3202038879174084,2019-11-20 04:00:00,2020-11-20 04:00:00,2020-11-20 04:00:00,366,1
203,2020-11-20 04:00:00,Naive,4,-0.18445574371914128,-1.6882026237275156,2019-11-20 04:00:00,2020-11-20 04:00:00,2020-11-20 04:00:00,366,1
204,2020-11-21 04:00:00,Decision Tree,4,-0.4860396713868109,-0.5060797401987434,2019-11-21 04:00:00,2020-11-21 04:00:00,2020-11-21 04:00:00,366,1
205,2020-11-21 04:00:00,Random Forest,4,-0.4860396713868109,-0.5145415706855522,2019-11-21 04:00:00,2020-11-21 04:00:00,2020-11-21 04:00:00,366,1
206,2020-11-21 04:00:00,Neural Network,4,-0.4860396713868109,-0.47099835499819537,2019-11-21 04:00:00,2020-11-21 04:00:00,2020-11-21 04:00:00,366,1
207,2020-11-21 04:00:00,Naive,4,-0.4860396713868109,-0.18445574371914128,2019-11-21 04:00:00,2020-11-21 04:00:00,2020-11-21 04:00:00,366,1
208,2020-11-22 04:00:00,Decision Tree,4,-0.6353509368051128,-0.6525236046736278,2019-11-22 04:00:00,2020-11-22 04:00:00,2020-11-22 04:00:00,366,1
209,2020-11-22 04:00:00,Random Forest,4,-0.6353509368051128,-0.6508909758254724,2019-11-22 04:00:00,2020-11-22 04:00:00,2020-11-22 04:00:00,366,1
210,2020-11-22 04:00:00,Neural Network,4,-0.6353509368051128,-0.561626382456375,2019-11-22 04:00:00,2020-11-22 04:00:00,2020-11-22 04:00:00,366,1
211,2020-11-22 04:00:00,Naive,4,-0.6353509368051128,-0.4860396713868109,2019-11-22 04:00:00,2020-11-22 04:00:00,2020-11-22 04:00:00,366,1
212,2020-11-23 04:00:00,Decision Tree,4,-0.1623009134238897,-0.1940243702545905,2019-11-23 04:00:00,2020-11-23 04:00:00,2020-11-23 04:00:00,366,1
213,2020-11-23 04:00:00,Random Forest,4,-0.1623009134238897,-0.19212826354881926,2019-11-23 04:00:00,2020-11-23 04:00:00,2020-11-23 04:00:00,366,1
214,2020-11-23 04:00:00,Neural Network,4,-0.1623009134238897,-0.32206569552021447,2019-11-23 04:00:00,2020-11-23 04:00:00,2020-11-23 04:00:00,366,1
215,2020-11-23 04:00:00,Naive,4,-0.1623009134238897,-0.6353509368051128,2019-11-23 04:00:00,2020-11-23 04:00:00,2020-11-23 04:00:00,366,1
216,2020-11-24 04:00:00,Decision Tree,4,-0.16801860562960633,-0.1887371274494737,2019-11-24 04:00:00,2020-11-24 04:00:00,2020-11-24 04:00:00,366,1
217,2020-11-24 04:00:00,Random Forest,4,-0.16801860562960633,-0.19138618202031946,2019-11-24 04:00:00,2020-11-24 04:00:00,2020-11-24 04:00:00,366,1
218,2020-11-24 04:00:00,Neural Network,4,-0.16801860562960633,-0.30415317779854845,2019-11-24 04:00:00,2020-11-24 04:00:00,2020-11-24 04:00:00,366,1
219,2020-11-24 04:00:00,Naive,4,-0.16801860562960633,-0.1623009134238897,2019-11-24 04:00:00,2020-11-24 04:00:00,2020-11-24 04:00:00,366,1
220,2020-11-25 04:00:00,Decision Tree,4,-0.07953307493693192,-0.11900697553802349,2019-11-25 04:00:00,2020-11-25 04:00:00,2020-11-25 04:00:00,366,1
221,2020-11-25 04:00:00,Random Forest,4,-0.07953307493693192,-0.12642719496831242,2019-11-25 04:00:00,2020-11-25 04:00:00,2020-11-25 04:00:00,366,1
222,2020-11-25 04:00:00,Neural Network,4,-0.07953307493693192,-0.23152991027798164,2019-11-25 04:00:00,2020-11-25 04:00:00,2020-11-25 04:00:00,366,1
223,2020-11-25 04:00:00,Naive,4,-0.07953307493693192,-0.16801860562960633,2019-11-25 04:00:00,2020-11-25 04:00:00,2020-11-25 04:00:00,366,1
224,2020-11-26 04:00:00,Decision Tree,4,0.11267839304152519,0.04186204844752406,2019-11-26 04:00:00,2020-11-26 04:00:00,2020-11-26 04:00:00,366,1
225,2020-11-26 04:00:00,Random Forest,4,0.11267839304152519,0.03573212491410133,2019-11-26 04:00:00,2020-11-26 04:00:00,2020-11-26 04:00:00,366,1
226,2020-11-26 04:00:00,Neural Network,4,0.11267839304152519,0.018362101994557678,2019-11-26 04:00:00,2020-11-26 04:00:00,2020-11-26 04:00:00,366,1
227,2020-11-26 04:00:00,Naive,4,0.11267839304152519,-0.07953307493693192,2019-11-26 04:00:00,2020-11-26 04:00:00,2020-11-26 04:00:00,366,1
228,2020-11-27 04:00:00,Decision Tree,4,0.458542474426981,0.2752931302382512,2019-11-27 04:00:00,2020-11-27 04:00:00,2020-11-27 04:00:00,366,1
229,2020-11-27 04:00:00,Random Forest,4,0.458542474426981,0.32012863424266147,2019-11-27 04:00:00,2020-11-27 04:00:00,2020-11-27 04:00:00,366,1
230,2020-11-27 04:00:00,Neural Network,4,0.458542474426981,0.3681349246569381,2019-11-27 04:00:00,2020-11-27 04:00:00,2020-11-27 04:00:00,366,1
231,2020-11-27 04:00:00,Naive,4,0.458542474426981,0.11267839304152519,2019-11-27 04:00:00,2020-11-27 04:00:00,2020-11-27 04:00:00,366,1
232,2020-11-28 04:00:00,Decision Tree,4,0.43459423787483153,0.3439550940689784,2019-11-28 04:00:00,2020-11-28 04:00:00,2020-11-28 04:00:00,366,1
233,2020-11-28 04:00:00,Random Forest,4,0.43459423787483153,0.35578301338702223,2019-11-28 04:00:00,2020-11-28 04:00:00,2020-11-28 04:00:00,366,1
234,2020-11-28 04:00:00,Neural Network,4,0.43459423787483153,0.3436478788912136,2019-11-28 04:00:00,2020-11-28 04:00:00,2020-11-28 04:00:00,366,1
235,2020-11-28 04:00:00,Naive,4,0.43459423787483153,0.458542474426981,2019-11-28 04:00:00,2020-11-28 04:00:00,2020-11-28 04:00:00,366,1
236,2020-11-29 04:00:00,Decision Tree,4,0.06216842889441542,0.05197866910380994,2019-11-29 04:00:00,2020-11-29 04:00:00,2020-11-29 04:00:00,366,1
237,2020-11-29 04:00:00,Random Forest,4,0.06216842889441542,-0.020395034319355326,2019-11-29 04:00:00,2020-11-29 04:00:00,2020-11-29 04:00:00,366,1
238,2020-11-29 04:00:00,Neural Network,4,0.06216842889441542,-0.07230234294841442,2019-11-29 04:00:00,2020-11-29 04:00:00,2020-11-29 04:00:00,366,1
239,2020-11-29 04:00:00,Naive,4,0.06216842889441542,0.43459423787483153,2019-11-29 04:00:00,2020-11-29 04:00:00,2020-11-29 04:00:00,366,1
240,2020-11-30 04:00:00,Decision Tree,4,0.29107967510698207,0.35906161803662057,2019-11-30 04:00:00,2020-11-30 04:00:00,2020-11-30 04:00:00,366,1
241,2020-11-30 04:00:00,Random Forest,4,0.29107967510698207,0.2407668694189785,2019-11-30 04:00:00,2020-11-30 04:00:00,2020-11-30 04:00:00,366,1
242,2020-11-30 04:00:00,Neural Network,4,0.29107967510698207,0.12724116349544834,2019-11-30 04:00:00,2020-11-30 04:00:00,2020-11-30 04:00:00,366,1
243,2020-11-30 04:00:00,Naive,4,0.29107967510698207,0.06216842889441542,2019-11-30 04:00:00,2020-11-30 04:00:00,2020-11-30 04:00:00,366,1
244,2020-12-01 04:00:00,Decision Tree,4,0.01207112983449514,-0.03688236313763474,2019-12-01 04:00:00,2020-12-01 04:00:00,2020-12-01 04:00:00,366,1
245,2020-12-01 04:00:00,Random Forest,4,0.01207112983449514,-0.04925710153841621,2019-12-01 04:00:00,2020-12-01 04:00:00,2020-12-01 04:00:00,366,1
246,2020-12-01 04:00:00,Neural Network,4,0.01207112983449514,-0.16616496148761328,2019-12-01 04:00:00,2020-12-01 04:00:00,2020-12-01 04:00:00,366,1
247,2020-12-01 04:00:00,Naive,4,0.01207112983449514,0.29107967510698207,2019-12-01 04:00:00,2020-12-01 04:00:00,2020-12-01 04:00:00,366,1
248,2020-12-02 04:00:00,Decision Tree,4,0.657691714802585,0.3200852548250063,2019-12-02 04:00:00,2020-12-02 04:00:00,2020-12-02 04:00:00,366,1
249,2020-12-02 04:00:00,Random Forest,4,0.657691714802585,0.4152894803413081,2019-12-02 04:00:00,2020-12-02 04:00:00,2020-12-02 04:00:00,366,1
250,2020-12-02 04:00:00,Neural Network,4,0.657691714802585,0.5425036823436761,2019-12-02 04:00:00,2020-12-02 04:00:00,2020-12-02 04:00:00,366,1
251,2020-12-02 04:00:00,Naive,4,0.657691714802585,0.01207112983449514,2019-12-02 04:00:00,2020-12-02 04:00:00,2020-12-02 04:00:00,366,1
252,2020-12-03 04:00:00,Decision Tree,4,0.2912828892286155,0.3878926372661613,2019-12-03 04:00:00,2020-12-03 04:00:00,2020-12-03 04:00:00,366,1
253,2020-12-03 04:00:00,Random Forest,4,0.2912828892286155,0.33216846632202385,2019-12-03 04:00:00,2020-12-03 04:00:00,2020-12-03 04:00:00,366,1
254,2020-12-03 04:00:00,Neural Network,4,0.2912828892286155,0.06006890457343028,2019-12-03 04:00:00,2020-12-03 04:00:00,2020-12-03 04:00:00,366,1
255,2020-12-03 04:00:00,Naive,4,0.2912828892286155,0.657691714802585,2019-12-03 04:00:00,2020-12-03 04:00:00,2020-12-03 04:00:00,366,1
256,2020-12-04 04:00:00,Decision Tree,4,-0.7317607995751431,-0.7262807409015687,2019-12-04 04:00:00,2020-12-04 04:00:00,2020-12-04 04:00:00,366,1
257,2020-12-04 04:00:00,Random Forest,4,-0.7317607995751431,-0.7349531132550721,2019-12-04 04:00:00,2020-12-04 04:00:00,2020-12-04 04:00:00,366,1
258,2020-12-04 04:00:00,Neural Network,4,-0.7317607995751431,-0.7522127335602814,2019-12-04 04:00:00,2020-12-04 04:00:00,2020-12-04 04:00:00,366,1
259,2020-12-04 04:00:00,Naive,4,-0.7317607995751431,0.2912828892286155,2019-12-04 04:00:00,2020-12-04 04:00:00,2020-12-04 04:00:00,366,1
260,2020-12-05 04:00:00,Decision Tree,4,0.2151108248983183,0.05395433538654726,2019-12-05 04:00:00,2020-12-05 04:00:00,2020-12-05 04:00:00,366,1
261,2020-12-05 04:00:00,Random Forest,4,0.2151108248983183,0.14854236418051456,2019-12-05 04:00:00,2020-12-05 04:00:00,2020-12-05 04:00:00,366,1
262,2020-12-05 04:00:00,Neural Network,4,0.2151108248983183,0.07268154161556595,2019-12-05 04:00:00,2020-12-05 04:00:00,2020-12-05 04:00:00,366,1
263,2020-12-05 04:00:00,Naive,4,0.2151108248983183,-0.7317607995751431,2019-12-05 04:00:00,2020-12-05 04:00:00,2020-12-05 04:00:00,366,1
264,2020-12-06 04:00:00,Decision Tree,4,-0.06875597050952371,-0.11264806610152034,2019-12-06 04:00:00,2020-12-06 04:00:00,2020-12-06 04:00:00,366,1
265,2020-12-06 04:00:00,Random Forest,4,-0.06875597050952371,-0.12576205486594833,2019-12-06 04:00:00,2020-12-06 04:00:00,2020-12-06 04:00:00,366,1
266,2020-12-06 04:00:00,Neural Network,4,-0.06875597050952371,-0.00680828515996279,2019-12-06 04:00:00,2020-12-06 04:00:00,2020-12-06 04:00:00,366,1
267,2020-12-06 04:00:00,Naive,4,-0.06875597050952371,0.2151108248983183,2019-12-06 04:00:00,2020-12-06 04:00:00,2020-12-06 04:00:00,366,1
268,2020-12-07 04:00:00,Decision Tree,4,-0.4221395855658069,-0.4584822305856401,2019-12-07 04:00:00,2020-12-07 04:00:00,2020-12-07 04:00:00,366,1
269,2020-12-07 04:00:00,Random Forest,4,-0.4221395855658069,-0.45237713112667316,2019-12-07 04:00:00,2020-12-07 04:00:00,2020-12-07 04:00:00,366,1
270,2020-12-07 04:00:00,Neural Network,4,-0.4221395855658069,-0.3316547974634393,2019-12-07 04:00:00,2020-12-07 04:00:00,2020-12-07 04:00:00,366,1
271,2020-12-07 04:00:00,Naive,4,-0.4221395855658069,-0.06875597050952371,2019-12-07 04:00:00,2020-12-07 04:00:00,2020-12-07 04:00:00,366,1
272,2020-12-08 04:00:00,Decision Tree,4,0.20567395134098593,0.37530411168205774,2019-12-08 04:00:00,2020-12-08 04:00:00,2020-12-08 04:00:00,366,1
273,2020-12-08 04:00:00,Random Forest,4,0.20567395134098593,0.2126669485150441,2019-12-08 04:00:00,2020-12-08 04:00:00,2020-12-08 04:00:00,366,1
274,2020-12-08 04:00:00,Neural Network,4,0.20567395134098593,0.1758512899200282,2019-12-08 04:00:00,2020-12-08 04:00:00,2020-12-08 04:00:00,366,1
275,2020-12-08 04:00:00,Naive,4,0.20567395134098593,-0.4221395855658069,2019-12-08 04:00:00,2020-12-08 04:00:00,2020-12-08 04:00:00,366,1
276,2020-12-09 04:00:00,Decision Tree,4,0.08657944402626876,0.05395433538654725,2019-12-09 04:00:00,2020-12-09 04:00:00,2020-12-09 04:00:00,366,1
277,2020-12-09 04:00:00,Random Forest,4,0.08657944402626876,0.04134309854446977,2019-12-09 04:00:00,2020-12-09 04:00:00,2020-12-09 04:00:00,366,1
278,2020-12-09 04:00:00,Neural Network,4,0.08657944402626876,0.13681330340689113,2019-12-09 04:00:00,2020-12-09 04:00:00,2020-12-09 04:00:00,366,1
279,2020-12-09 04:00:00,Naive,4,0.08657944402626876,0.20567395134098593,2019-12-09 04:00:00,2020-12-09 04:00:00,2020-12-09 04:00:00,366,1
280,2020-12-10 04:00:00,Decision Tree,4,0.0690651916807939,0.03851912149326912,2019-12-10 04:00:00,2020-12-10 04:00:00,2020-12-10 04:00:00,366,1
281,2020-12-10 04:00:00,Random Forest,4,0.0690651916807939,0.042735050960465475,2019-12-10 04:00:00,2020-12-10 04:00:00,2020-12-10 04:00:00,366,1
282,2020-12-10 04:00:00,Neural Network,4,0.0690651916807939,0.1816506762405744,2019-12-10 04:00:00,2020-12-10 04:00:00,2020-12-10 04:00:00,366,1
283,2020-12-10 04:00:00,Naive,4,0.0690651916807939,0.08657944402626876,2019-12-10 04:00:00,2020-12-10 04:00:00,2020-12-10 04:00:00,366,1
284,2020-12-11 04:00:00,Decision Tree,4,-0.12455527146496399,-0.12563894978613885,2019-12-11 04:00:00,2020-12-11 04:00:00,2020-12-11 04:00:00,366,1
285,2020-12-11 04:00:00,Random Forest,4,-0.12455527146496399,-0.12942917746479454,2019-12-11 04:00:00,2020-12-11 04:00:00,2020-12-11 04:00:00,366,1
286,2020-12-11 04:00:00,Neural Network,4,-0.12455527146496399,-0.13828624688290603,2019-12-11 04:00:00,2020-12-11 04:00:00,2020-12-11 04:00:00,366,1
287,2020-12-11 04:00:00,Naive,4,-0.12455527146496399,0.0690651916807939,2019-12-11 04:00:00,2020-12-11 04:00:00,2020-12-11 04:00:00,366,1
288,2020-12-12 04:00:00,Decision Tree,4,0.051714533953350704,0.07332153714722801,2019-12-12 04:00:00,2020-12-12 04:00:00,2020-12-12 04:00:00,366,1
289,2020-12-12 04:00:00,Random Forest,4,0.051714533953350704,0.04595665438060366,2019-12-12 04:00:00,2020-12-12 04:00:00,2020-12-12 04:00:00,366,1
290,2020-12-12 04:00:00,Neural Network,4,0.051714533953350704,5.19608931557336e-05,2019-12-12 04:00:00,2020-12-12 04:00:00,2020-12-12 04:00:00,366,1
291,2020-12-12 04:00:00,Naive,4,0.051714533953350704,-0.12455527146496399,2019-12-12 04:00:00,2020-12-12 04:00:00,2020-12-12 04:00:00,366,1
292,2020-12-13 04:00:00,Decision Tree,4,0.04875741221286275,-0.024781478296768134,2019-12-13 04:00:00,2020-12-13 04:00:00,2020-12-13 04:00:00,366,1
293,2020-12-13 04:00:00,Random Forest,4,0.04875741221286275,-0.0029551431164234567,2019-12-13 04:00:00,2020-12-13 04:00:00,2020-12-13 04:00:00,366,1
294,2020-12-13 04:00:00,Neural Network,4,0.04875741221286275,0.01852215674283353,2019-12-13 04:00:00,2020-12-13 04:00:00,2020-12-13 04:00:00,366,1
295,2020-12-13 04:00:00,Naive,4,0.04875741221286275,0.051714533953350704,2019-12-13 04:00:00,2020-12-13 04:00:00,2020-12-13 04:00:00,366,1
296,2020-12-14 04:00:00,Decision Tree,4,-0.6648918003524968,-0.6559039415309198,2019-12-14 04:00:00,2020-12-14 04:00:00,2020-12-14 04:00:00,366,1
297,2020-12-14 04:00:00,Random Forest,4,-0.6648918003524968,-0.6590369604469252,2019-12-14 04:00:00,2020-12-14 04:00:00,2020-12-14 04:00:00,366,1
298,2020-12-14 04:00:00,Neural Network,4,-0.6648918003524968,-0.6209862928517157,2019-12-14 04:00:00,2020-12-14 04:00:00,2020-12-14 04:00:00,366,1
299,2020-12-14 04:00:00,Naive,4,-0.6648918003524968,0.04875741221286275,2019-12-14 04:00:00,2020-12-14 04:00:00,2020-12-14 04:00:00,366,1
300,2020-12-15 04:00:00,Decision Tree,4,0.001527724795257687,-0.021531972083801997,2019-12-15 04:00:00,2020-12-15 04:00:00,2020-12-15 04:00:00,366,1
301,2020-12-15 04:00:00,Random Forest,4,0.001527724795257687,-0.0030710378792817967,2019-12-15 04:00:00,2020-12-15 04:00:00,2020-12-15 04:00:00,366,1
302,2020-12-15 04:00:00,Neural Network,4,0.001527724795257687,-0.12663191320425804,2019-12-15 04:00:00,2020-12-15 04:00:00,2020-12-15 04:00:00,366,1
303,2020-12-15 04:00:00,Naive,4,0.001527724795257687,-0.6648918003524968,2019-12-15 04:00:00,2020-12-15 04:00:00,2020-12-15 04:00:00,366,1
304,2020-12-16 04:00:00,Decision Tree,4,0.31628636174899555,0.23484808104136418,2019-12-16 04:00:00,2020-12-16 04:00:00,2020-12-16 04:00:00,366,1
305,2020-12-16 04:00:00,Random Forest,4,0.31628636174899555,0.3062557957558155,2019-12-16 04:00:00,2020-12-16 04:00:00,2020-12-16 04:00:00,366,1
306,2020-12-16 04:00:00,Neural Network,4,0.31628636174899555,0.19628379541430918,2019-12-16 04:00:00,2020-12-16 04:00:00,2020-12-16 04:00:00,366,1
307,2020-12-16 04:00:00,Naive,4,0.31628636174899555,0.001527724795257687,2019-12-16 04:00:00,2020-12-16 04:00:00,2020-12-16 04:00:00,366,1
308,2020-12-17 04:00:00,Decision Tree,4,-0.12615599938560396,-0.1254583367326097,2019-12-17 04:00:00,2020-12-17 04:00:00,2020-12-17 04:00:00,366,1
309,2020-12-17 04:00:00,Random Forest,4,-0.12615599938560396,-0.1423802587517895,2019-12-17 04:00:00,2020-12-17 04:00:00,2020-12-17 04:00:00,366,1
310,2020-12-17 04:00:00,Neural Network,4,-0.12615599938560396,-0.23016762005350322,2019-12-17 04:00:00,2020-12-17 04:00:00,2020-12-17 04:00:00,366,1
311,2020-12-17 04:00:00,Naive,4,-0.12615599938560396,0.31628636174899555,2019-12-17 04:00:00,2020-12-17 04:00:00,2020-12-17 04:00:00,366,1
312,2020-12-18 04:00:00,Decision Tree,4,-0.009952593776964625,-0.017688689270625384,2019-12-18 04:00:00,2020-12-18 04:00:00,2020-12-18 04:00:00,366,1
313,2020-12-18 04:00:00,Random Forest,4,-0.009952593776964625,-0.0010201415789638762,2019-12-18 04:00:00,2020-12-18 04:00:00,2020-12-18 04:00:00,366,1
314,2020-12-18 04:00:00,Neural Network,4,-0.009952593776964625,-0.09636775889296945,2019-12-18 04:00:00,2020-12-18 04:00:00,2020-12-18 04:00:00,366,1
315,2020-12-18 04:00:00,Naive,4,-0.009952593776964625,-0.12615599938560396,2019-12-18 04:00:00,2020-12-18 04:00:00,2020-12-18 04:00:00,366,1
316,2020-12-19 04:00:00,Decision Tree,4,-0.7334159794360603,-0.7377664835100871,2019-12-19 04:00:00,2020-12-19 04:00:00,2020-12-19 04:00:00,366,1
317,2020-12-19 04:00:00,Random Forest,4,-0.7334159794360603,-0.7241625931946291,2019-12-19 04:00:00,2020-12-19 04:00:00,2020-12-19 04:00:00,366,1
318,2020-12-19 04:00:00,Neural Network,4,-0.7334159794360603,-0.6055200203946778,2019-12-19 04:00:00,2020-12-19 04:00:00,2020-12-19 04:00:00,366,1
319,2020-12-19 04:00:00,Naive,4,-0.7334159794360603,-0.009952593776964625,2019-12-19 04:00:00,2020-12-19 04:00:00,2020-12-19 04:00:00,366,1
320,2020-12-20 04:00:00,Decision Tree,4,-0.40121016946045,-0.43103859708774855,2019-12-20 04:00:00,2020-12-20 04:00:00,2020-12-20 04:00:00,366,1
321,2020-12-20 04:00:00,Random Forest,4,-0.40121016946045,-0.4255877454482225,2019-12-20 04:00:00,2020-12-20 04:00:00,2020-12-20 04:00:00,366,1
322,2020-12-20 04:00:00,Neural Network,4,-0.40121016946045,-0.2783414515795083,2019-12-20 04:00:00,2020-12-20 04:00:00,2020-12-20 04:00:00,366,1
323,2020-12-20 04:00:00,Naive,4,-0.40121016946045,-0.7334159794360603,2019-12-20 04:00:00,2020-12-20 04:00:00,2020-12-20 04:00:00,366,1
324,2020-12-21 04:00:00,Decision Tree,4,-0.1194207924109431,-0.1255580028258946,2019-12-21 04:00:00,2020-12-21 04:00:00,2020-12-21 04:00:00,366,1
325,2020-12-21 04:00:00,Random Forest,4,-0.1194207924109431,-0.13005676308602865,2019-12-21 04:00:00,2020-12-21 04:00:00,2020-12-21 04:00:00,366,1
326,2020-12-21 04:00:00,Neural Network,4,-0.1194207924109431,-0.180384181535851,2019-12-21 04:00:00,2020-12-21 04:00:00,2020-12-21 04:00:00,366,1
327,2020-12-21 04:00:00,Naive,4,-0.1194207924109431,-0.40121016946045,2019-12-21 04:00:00,2020-12-21 04:00:00,2020-12-21 04:00:00,366,1
328,2020-12-22 04:00:00,Decision Tree,4,-1.897470008173793,-1.856309497743785,2019-12-22 04:00:00,2020-12-22 04:00:00,2020-12-22 04:00:00,366,1
329,2020-12-22 04:00:00,Random Forest,4,-1.897470008173793,-1.8897234344482077,2019-12-22 04:00:00,2020-12-22 04:00:00,2020-12-22 04:00:00,366,1
330,2020-12-22 04:00:00,Neural Network,4,-1.897470008173793,-1.7054079752671143,2019-12-22 04:00:00,2020-12-22 04:00:00,2020-12-22 04:00:00,366,1
331,2020-12-22 04:00:00,Naive,4,-1.897470008173793,-0.1194207924109431,2019-12-22 04:00:00,2020-12-22 04:00:00,2020-12-22 04:00:00,366,1
332,2020-12-23 04:00:00,Decision Tree,4,0.012277111549071984,-0.01658353277153099,2019-12-23 04:00:00,2020-12-23 04:00:00,2020-12-23 04:00:00,366,1
333,2020-12-23 04:00:00,Random Forest,4,0.012277111549071984,-0.007539314210127215,2019-12-23 04:00:00,2020-12-23 04:00:00,2020-12-23 04:00:00,366,1
334,2020-12-23 04:00:00,Neural Network,4,0.012277111549071984,-0.04255029193266535,2019-12-23 04:00:00,2020-12-23 04:00:00,2020-12-23 04:00:00,366,1
335,2020-12-23 04:00:00,Naive,4,0.012277111549071984,-1.897470008173793,2019-12-23 04:00:00,2020-12-23 04:00:00,2020-12-23 04:00:00,366,1
336,2020-12-24 04:00:00,Decision Tree,4,-1.6790732490295857,-1.604162695427088,2019-12-24 04:00:00,2020-12-24 04:00:00,2020-12-24 04:00:00,366,1
337,2020-12-24 04:00:00,Random Forest,4,-1.6790732490295857,-1.6155560736208778,2019-12-24 04:00:00,2020-12-24 04:00:00,2020-12-24 04:00:00,366,1
338,2020-12-24 04:00:00,Neural Network,4,-1.6790732490295857,-1.6808025940076607,2019-12-24 04:00:00,2020-12-24 04:00:00,2020-12-24 04:00:00,366,1
339,2020-12-24 04:00:00,Naive,4,-1.6790732490295857,0.012277111549071984,2019-12-24 04:00:00,2020-12-24 04:00:00,2020-12-24 04:00:00,366,1
340,2020-12-25 04:00:00,Decision Tree,4,-1.3059005217430688,-1.2289402607967475,2019-12-25 04:00:00,2020-12-25 04:00:00,2020-12-25 04:00:00,366,1
341,2020-12-25 04:00:00,Random Forest,4,-1.3059005217430688,-1.2372036922355694,2019-12-25 04:00:00,2020-12-25 04:00:00,2020-12-25 04:00:00,366,1
342,2020-12-25 04:00:00,Neural Network,4,-1.3059005217430688,-1.3975562243417587,2019-12-25 04:00:00,2020-12-25 04:00:00,2020-12-25 04:00:00,366,1
343,2020-12-25 04:00:00,Naive,4,-1.3059005217430688,-1.6790732490295857,2019-12-25 04:00:00,2020-12-25 04:00:00,2020-12-25 04:00:00,366,1
344,2020-12-26 04:00:00,Decision Tree,4,-1.1283839774098368,-1.088571379712774,2019-12-26 04:00:00,2020-12-26 04:00:00,2020-12-26 04:00:00,366,1
345,2020-12-26 04:00:00,Random Forest,4,-1.1283839774098368,-1.0933717328014634,2019-12-26 04:00:00,2020-12-26 04:00:00,2020-12-26 04:00:00,366,1
346,2020-12-26 04:00:00,Neural Network,4,-1.1283839774098368,-1.1936977695939688,2019-12-26 04:00:00,2020-12-26 04:00:00,2020-12-26 04:00:00,366,1
347,2020-12-26 04:00:00,Naive,4,-1.1283839774098368,-1.3059005217430688,2019-12-26 04:00:00,2020-12-26 04:00:00,2020-12-26 04:00:00,366,1
348,2020-12-27 04:00:00,Decision Tree,4,-2.1073250096137115,-1.9029749584045927,2019-12-27 04:00:00,2020-12-27 04:00:00,2020-12-27 04:00:00,366,1
349,2020-12-27 04:00:00,Random Forest,4,-2.1073250096137115,-1.9387474456104477,2019-12-27 04:00:00,2020-12-27 04:00:00,2020-12-27 04:00:00,366,1
350,2020-12-27 04:00:00,Neural Network,4,-2.1073250096137115,-2.0650494271916857,2019-12-27 04:00:00,2020-12-27 04:00:00,2020-12-27 04:00:00,366,1
351,2020-12-27 04:00:00,Naive,4,-2.1073250096137115,-1.1283839774098368,2019-12-27 04:00:00,2020-12-27 04:00:00,2020-12-27 04:00:00,366,1
352,2020-12-28 04:00:00,Decision Tree,4,-1.441612391312502,-1.3943410332888282,2019-12-28 04:00:00,2020-12-28 04:00:00,2020-12-28 04:00:00,366,1
353,2020-12-28 04:00:00,Random Forest,4,-1.441612391312502,-1.3958229604164007,2019-12-28 04:00:00,2020-12-28 04:00:00,2020-12-28 04:00:00,366,1
354,2020-12-28 04:00:00,Neural Network,4,-1.441612391312502,-1.2783869239435683,2019-12-28 04:00:00,2020-12-28 04:00:00,2020-12-28 04:00:00,366,1
355,2020-12-28 04:00:00,Naive,4,-1.441612391312502,-2.1073250096137115,2019-12-28 04:00:00,2020-12-28 04:00:00,2020-12-28 04:00:00,366,1
356,2020-12-29 04:00:00,Decision Tree,4,-0.0796283679927018,-0.10716155415252075,2019-12-29 04:00:00,2020-12-29 04:00:00,2020-12-29 04:00:00,366,1
357,2020-12-29 04:00:00,Random Forest,4,-0.0796283679927018,-0.1230677457949578,2019-12-29 04:00:00,2020-12-29 04:00:00,2020-12-29 04:00:00,366,1
358,2020-12-29 04:00:00,Neural Network,4,-0.0796283679927018,-0.2022001860657925,2019-12-29 04:00:00,2020-12-29 04:00:00,2020-12-29 04:00:00,366,1
359,2020-12-29 04:00:00,Naive,4,-0.0796283679927018,-1.441612391312502,2019-12-29 04:00:00,2020-12-29 04:00:00,2020-12-29 04:00:00,366,1
360,2020-12-30 04:00:00,Decision Tree,4,-0.1915383363160848,-0.2537346036049738,2019-12-30 04:00:00,2020-12-30 04:00:00,2020-12-30 04:00:00,366,1
361,2020-12-30 04:00:00,Random Forest,4,-0.1915383363160848,-0.2323970159201679,2019-12-30 04:00:00,2020-12-30 04:00:00,2020-12-30 04:00:00,366,1
362,2020-12-30 04:00:00,Neural Network,4,-0.1915383363160848,-0.2845106607922071,2019-12-30 04:00:00,2020-12-30 04:00:00,2020-12-30 04:00:00,366,1
363,2020-12-30 04:00:00,Naive,4,-0.1915383363160848,-0.0796283679927018,2019-12-30 04:00:00,2020-12-30 04:00:00,2020-12-30 04:00:00,366,1
364,2020-12-31 04:00:00,Decision Tree,4,-0.26157344168365315,-0.347763153873378,2019-12-31 04:00:00,2020-12-31 04:00:00,2020-12-31 04:00:00,366,1
365,2020-12-31 04:00:00,Random Forest,4,-0.26157344168365315,-0.31201916673345775,2019-12-31 04:00:00,2020-12-31 04:00:00,2020-12-31 04:00:00,366,1
366,2020-12-31 04:00:00,Neural Network,4,-0.26157344168365315,-0.2789872318330109,2019-12-31 04:00:00,2020-12-31 04:00:00,2020-12-31 04:00:00,366,1
367,2020-12-31 04:00:00,Naive,4,-0.26157344168365315,-0.1915383363160848,2019-12-31 04:00:00,2020-12-31 04:00:00,2020-12-31 04:00:00,366,1
368,2021-01-01 04:00:00,Decision Tree,4,0.39453330118802504,0.481834110254537,2020-01-01 04:00:00,2021-01-01 04:00:00,2021-01-01 04:00:00,366,1
369,2021-01-01 04:00:00,Random Forest,4,0.39453330118802504,0.3790117118565311,2020-01-01 04:00:00,2021-01-01 04:00:00,2021-01-01 04:00:00,366,1
370,2021-01-01 04:00:00,Neural Network,4,0.39453330118802504,0.12082781419576816,2020-01-01 04:00:00,2021-01-01 04:00:00,2021-01-01 04:00:00,366,1
371,2021-01-01 04:00:00,Naive,4,0.39453330118802504,-0.26157344168365315,2020-01-01 04:00:00,2021-01-01 04:00:00,2021-01-01 04:00:00,366,1
372,2021-01-02 04:00:00,Decision Tree,4,0.1835847795815216,0.04496355038423329,2020-01-02 04:00:00,2021-01-02 04:00:00,2021-01-02 04:00:00,366,1
373,2021-01-02 04:00:00,Random Forest,4,0.1835847795815216,0.13822564764285855,2020-01-02 04:00:00,2021-01-02 04:00:00,2021-01-02 04:00:00,366,1
374,2021-01-02 04:00:00,Neural Network,4,0.1835847795815216,0.8856041196814848,2020-01-02 04:00:00,2021-01-02 04:00:00,2021-01-02 04:00:00,366,1
375,2021-01-02 04:00:00,Naive,4,0.1835847795815216,0.39453330118802504,2020-01-02 04:00:00,2021-01-02 04:00:00,2021-01-02 04:00:00,366,1
376,2021-01-03 04:00:00,Decision Tree,4,-0.13112838001231528,-0.13126477417526022,2020-01-03 04:00:00,2021-01-03 04:00:00,2021-01-03 04:00:00,366,1
377,2021-01-03 04:00:00,Random Forest,4,-0.13112838001231528,-0.14043966087267634,2020-01-03 04:00:00,2021-01-03 04:00:00,2021-01-03 04:00:00,366,1
378,2021-01-03 04:00:00,Neural Network,4,-0.13112838001231528,-0.003927905403370291,2020-01-03 04:00:00,2021-01-03 04:00:00,2021-01-03 04:00:00,366,1
379,2021-01-03 04:00:00,Naive,4,-0.13112838001231528,0.1835847795815216,2020-01-03 04:00:00,2021-01-03 04:00:00,2021-01-03 04:00:00,366,1
380,2021-01-04 04:00:00,Decision Tree,4,-0.546446963970008,-0.5465354218452885,2020-01-04 04:00:00,2021-01-04 04:00:00,2021-01-04 04:00:00,366,1
381,2021-01-04 04:00:00,Random Forest,4,-0.546446963970008,-0.557015074666131,2020-01-04 04:00:00,2021-01-04 04:00:00,2021-01-04 04:00:00,366,1
382,2021-01-04 04:00:00,Neural Network,4,-0.546446963970008,-0.6766377856469288,2020-01-04 04:00:00,2021-01-04 04:00:00,2021-01-04 04:00:00,366,1
383,2021-01-04 04:00:00,Naive,4,-0.546446963970008,-0.13112838001231528,2020-01-04 04:00:00,2021-01-04 04:00:00,2021-01-04 04:00:00,366,1
384,2021-01-05 04:00:00,Decision Tree,4,0.38104399759722635,0.46728397541011835,2020-01-05 04:00:00,2021-01-05 04:00:00,2021-01-05 04:00:00,366,1
385,2021-01-05 04:00:00,Random Forest,4,0.38104399759722635,0.37298752890699777,2020-01-05 04:00:00,2021-01-05 04:00:00,2021-01-05 04:00:00,366,1
386,2021-01-05 04:00:00,Neural Network,4,0.38104399759722635,-0.3749851000051344,2020-01-05 04:00:00,2021-01-05 04:00:00,2021-01-05 04:00:00,366,1
387,2021-01-05 04:00:00,Naive,4,0.38104399759722635,-0.546446963970008,2020-01-05 04:00:00,2021-01-05 04:00:00,2021-01-05 04:00:00,366,1
388,2021-01-06 04:00:00,Decision Tree,4,0.5901565918704357,0.4549639785797052,2020-01-06 04:00:00,2021-01-06 04:00:00,2021-01-06 04:00:00,366,1
389,2021-01-06 04:00:00,Random Forest,4,0.5901565918704357,0.48354079705536046,2020-01-06 04:00:00,2021-01-06 04:00:00,2021-01-06 04:00:00,366,1
390,2021-01-06 04:00:00,Neural Network,4,0.5901565918704357,0.0982945211774946,2020-01-06 04:00:00,2021-01-06 04:00:00,2021-01-06 04:00:00,366,1
391,2021-01-06 04:00:00,Naive,4,0.5901565918704357,0.38104399759722635,2020-01-06 04:00:00,2021-01-06 04:00:00,2021-01-06 04:00:00,366,1
392,2021-01-07 04:00:00,Decision Tree,4,0.8137204283882709,0.5329084705046279,2020-01-07 04:00:00,2021-01-07 04:00:00,2021-01-07 04:00:00,366,1
393,2021-01-07 04:00:00,Random Forest,4,0.8137204283882709,0.5413271775339172,2020-01-07 04:00:00,2021-01-07 04:00:00,2021-01-07 04:00:00,366,1
394,2021-01-07 04:00:00,Neural Network,4,0.8137204283882709,0.4502283303581377,2020-01-07 04:00:00,2021-01-07 04:00:00,2021-01-07 04:00:00,366,1
395,2021-01-07 04:00:00,Naive,4,0.8137204283882709,0.5901565918704357,2020-01-07 04:00:00,2021-01-07 04:00:00,2021-01-07 04:00:00,366,1
396,2021-01-08 04:00:00,Decision Tree,4,0.8083621631162391,0.6087337086073157,2020-01-08 04:00:00,2021-01-08 04:00:00,2021-01-08 04:00:00,366,1
397,2021-01-08 04:00:00,Random Forest,4,0.8083621631162391,0.6463119377324598,2020-01-08 04:00:00,2021-01-08 04:00:00,2021-01-08 04:00:00,366,1
398,2021-01-08 04:00:00,Neural Network,4,0.8083621631162391,0.6644060290881357,2020-01-08 04:00:00,2021-01-08 04:00:00,2021-01-08 04:00:00,366,1
399,2021-01-08 04:00:00,Naive,4,0.8083621631162391,0.8137204283882709,2020-01-08 04:00:00,2021-01-08 04:00:00,2021-01-08 04:00:00,366,1
400,2021-01-09 04:00:00,Decision Tree,4,0.9813050229692954,0.6786976463451674,2020-01-09 04:00:00,2021-01-09 04:00:00,2021-01-09 04:00:00,366,1
401,2021-01-09 04:00:00,Random Forest,4,0.9813050229692954,0.6978729033819636,2020-01-09 04:00:00,2021-01-09 04:00:00,2021-01-09 04:00:00,366,1
402,2021-01-09 04:00:00,Neural Network,4,0.9813050229692954,0.7706234908603083,2020-01-09 04:00:00,2021-01-09 04:00:00,2021-01-09 04:00:00,366,1
403,2021-01-09 04:00:00,Naive,4,0.9813050229692954,0.8083621631162391,2020-01-09 04:00:00,2021-01-09 04:00:00,2021-01-09 04:00:00,366,1
404,2021-01-10 04:00:00,Decision Tree,4,0.852505060253963,0.7291322091158553,2020-01-10 04:00:00,2021-01-10 04:00:00,2021-01-10 04:00:00,366,1
405,2021-01-10 04:00:00,Random Forest,4,0.852505060253963,0.789489675614653,2020-01-10 04:00:00,2021-01-10 04:00:00,2021-01-10 04:00:00,366,1
406,2021-01-10 04:00:00,Neural Network,4,0.852505060253963,0.790834372989626,2020-01-10 04:00:00,2021-01-10 04:00:00,2021-01-10 04:00:00,366,1
407,2021-01-10 04:00:00,Naive,4,0.852505060253963,0.9813050229692954,2020-01-10 04:00:00,2021-01-10 04:00:00,2021-01-10 04:00:00,366,1
408,2021-01-11 04:00:00,Decision Tree,4,0.670914914117027,0.4683270856681071,2020-01-11 04:00:00,2021-01-11 04:00:00,2021-01-11 04:00:00,366,1
409,2021-01-11 04:00:00,Random Forest,4,0.670914914117027,0.5922342736980462,2020-01-11 04:00:00,2021-01-11 04:00:00,2021-01-11 04:00:00,366,1
410,2021-01-11 04:00:00,Neural Network,4,0.670914914117027,0.06576038379548999,2020-01-11 04:00:00,2021-01-11 04:00:00,2021-01-11 04:00:00,366,1
411,2021-01-11 04:00:00,Naive,4,0.670914914117027,0.852505060253963,2020-01-11 04:00:00,2021-01-11 04:00:00,2021-01-11 04:00:00,366,1
412,2021-01-12 04:00:00,Decision Tree,4,-0.5948463222496723,-0.5997579632959656,2020-01-12 04:00:00,2021-01-12 04:00:00,2021-01-12 04:00:00,366,1
413,2021-01-12 04:00:00,Random Forest,4,-0.5948463222496723,-0.5992134531427368,2020-01-12 04:00:00,2021-01-12 04:00:00,2021-01-12 04:00:00,366,1
414,2021-01-12 04:00:00,Neural Network,4,-0.5948463222496723,-0.7993923997410962,2020-01-12 04:00:00,2021-01-12 04:00:00,2021-01-12 04:00:00,366,1
415,2021-01-12 04:00:00,Naive,4,-0.5948463222496723,0.670914914117027,2020-01-12 04:00:00,2021-01-12 04:00:00,2021-01-12 04:00:00,366,1
416,2021-01-13 04:00:00,Decision Tree,4,-0.2694595333860839,-0.23845087703273818,2020-01-13 04:00:00,2021-01-13 04:00:00,2021-01-13 04:00:00,366,1
417,2021-01-13 04:00:00,Random Forest,4,-0.2694595333860839,-0.2764135112006984,2020-01-13 04:00:00,2021-01-13 04:00:00,2021-01-13 04:00:00,366,1
418,2021-01-13 04:00:00,Neural Network,4,-0.2694595333860839,-0.4319678016672922,2020-01-13 04:00:00,2021-01-13 04:00:00,2021-01-13 04:00:00,366,1
419,2021-01-13 04:00:00,Naive,4,-0.2694595333860839,-0.5948463222496723,2020-01-13 04:00:00,2021-01-13 04:00:00,2021-01-13 04:00:00,366,1
420,2021-01-14 04:00:00,Decision Tree,4,0.5842199413006788,0.4683270856681071,2020-01-14 04:00:00,2021-01-14 04:00:00,2021-01-14 04:00:00,366,1
421,2021-01-14 04:00:00,Random Forest,4,0.5842199413006788,0.5876577342708159,2020-01-14 04:00:00,2021-01-14 04:00:00,2021-01-14 04:00:00,366,1
422,2021-01-14 04:00:00,Neural Network,4,0.5842199413006788,0.19436008254912063,2020-01-14 04:00:00,2021-01-14 04:00:00,2021-01-14 04:00:00,366,1
423,2021-01-14 04:00:00,Naive,4,0.5842199413006788,-0.2694595333860839,2020-01-14 04:00:00,2021-01-14 04:00:00,2021-01-14 04:00:00,366,1
424,2021-01-15 04:00:00,Decision Tree,4,0.8732406116040295,0.7974165506078966,2020-01-15 04:00:00,2021-01-15 04:00:00,2021-01-15 04:00:00,366,1
425,2021-01-15 04:00:00,Random Forest,4,0.8732406116040295,0.8181170498148002,2020-01-15 04:00:00,2021-01-15 04:00:00,2021-01-15 04:00:00,366,1
426,2021-01-15 04:00:00,Neural Network,4,0.8732406116040295,0.8729141748028941,2020-01-15 04:00:00,2021-01-15 04:00:00,2021-01-15 04:00:00,366,1
427,2021-01-15 04:00:00,Naive,4,0.8732406116040295,0.5842199413006788,2020-01-15 04:00:00,2021-01-15 04:00:00,2021-01-15 04:00:00,366,1
428,2021-01-16 04:00:00,Decision Tree,4,0.9525587005683402,0.80824855932163,2020-01-16 04:00:00,2021-01-16 04:00:00,2021-01-16 04:00:00,366,1
429,2021-01-16 04:00:00,Random Forest,4,0.9525587005683402,0.8659370159149627,2020-01-16 04:00:00,2021-01-16 04:00:00,2021-01-16 04:00:00,366,1
430,2021-01-16 04:00:00,Neural Network,4,0.9525587005683402,0.9112759835946914,2020-01-16 04:00:00,2021-01-16 04:00:00,2021-01-16 04:00:00,366,1
431,2021-01-16 04:00:00,Naive,4,0.9525587005683402,0.8732406116040295,2020-01-16 04:00:00,2021-01-16 04:00:00,2021-01-16 04:00:00,366,1
432,2021-01-17 04:00:00,Decision Tree,4,0.744296124980071,0.8802819978166898,2020-01-17 04:00:00,2021-01-17 04:00:00,2021-01-17 04:00:00,366,1
433,2021-01-17 04:00:00,Random Forest,4,0.744296124980071,0.7296394368727985,2020-01-17 04:00:00,2021-01-17 04:00:00,2021-01-17 04:00:00,366,1
434,2021-01-17 04:00:00,Neural Network,4,0.744296124980071,0.5933916741922669,2020-01-17 04:00:00,2021-01-17 04:00:00,2021-01-17 04:00:00,366,1
435,2021-01-17 04:00:00,Naive,4,0.744296124980071,0.9525587005683402,2020-01-17 04:00:00,2021-01-17 04:00:00,2021-01-17 04:00:00,366,1
436,2021-01-18 04:00:00,Decision Tree,4,0.7983829059157065,0.8608554445543157,2020-01-18 04:00:00,2021-01-18 04:00:00,2021-01-18 04:00:00,366,1
437,2021-01-18 04:00:00,Random Forest,4,0.7983829059157065,0.761308937434089,2020-01-18 04:00:00,2021-01-18 04:00:00,2021-01-18 04:00:00,366,1
438,2021-01-18 04:00:00,Neural Network,4,0.7983829059157065,0.66947750908612,2020-01-18 04:00:00,2021-01-18 04:00:00,2021-01-18 04:00:00,366,1
439,2021-01-18 04:00:00,Naive,4,0.7983829059157065,0.744296124980071,2020-01-18 04:00:00,2021-01-18 04:00:00,2021-01-18 04:00:00,366,1
440,2021-01-19 04:00:00,Decision Tree,4,0.11243532400377154,0.10608964590339749,2020-01-19 04:00:00,2021-01-19 04:00:00,2021-01-19 04:00:00,366,1
441,2021-01-19 04:00:00,Random Forest,4,0.11243532400377154,0.06467296213342356,2020-01-19 04:00:00,2021-01-19 04:00:00,2021-01-19 04:00:00,366,1
442,2021-01-19 04:00:00,Neural Network,4,0.11243532400377154,-0.011025543018319262,2020-01-19 04:00:00,2021-01-19 04:00:00,2021-01-19 04:00:00,366,1
443,2021-01-19 04:00:00,Naive,4,0.11243532400377154,0.7983829059157065,2020-01-19 04:00:00,2021-01-19 04:00:00,2021-01-19 04:00:00,366,1
444,2021-01-20 04:00:00,Decision Tree,4,-0.48179575148417964,-0.5006249604152325,2020-01-20 04:00:00,2021-01-20 04:00:00,2021-01-20 04:00:00,366,1
445,2021-01-20 04:00:00,Random Forest,4,-0.48179575148417964,-0.4921258003140817,2020-01-20 04:00:00,2021-01-20 04:00:00,2021-01-20 04:00:00,366,1
446,2021-01-20 04:00:00,Neural Network,4,-0.48179575148417964,-0.48428778720067545,2020-01-20 04:00:00,2021-01-20 04:00:00,2021-01-20 04:00:00,366,1
447,2021-01-20 04:00:00,Naive,4,-0.48179575148417964,0.11243532400377154,2020-01-20 04:00:00,2021-01-20 04:00:00,2021-01-20 04:00:00,366,1
448,2021-01-21 04:00:00,Decision Tree,4,-1.727989215204295,-1.663525541883908,2020-01-21 04:00:00,2021-01-21 04:00:00,2021-01-21 04:00:00,366,1
449,2021-01-21 04:00:00,Random Forest,4,-1.727989215204295,-1.6647797675217095,2020-01-21 04:00:00,2021-01-21 04:00:00,2021-01-21 04:00:00,366,1
450,2021-01-21 04:00:00,Neural Network,4,-1.727989215204295,-1.204987712034515,2020-01-21 04:00:00,2021-01-21 04:00:00,2021-01-21 04:00:00,366,1
451,2021-01-21 04:00:00,Naive,4,-1.727989215204295,-0.48179575148417964,2020-01-21 04:00:00,2021-01-21 04:00:00,2021-01-21 04:00:00,366,1
452,2021-01-22 04:00:00,Decision Tree,4,-1.1779638135515018,-1.1319515982820954,2020-01-22 04:00:00,2021-01-22 04:00:00,2021-01-22 04:00:00,366,1
453,2021-01-22 04:00:00,Random Forest,4,-1.1779638135515018,-1.131314269176317,2020-01-22 04:00:00,2021-01-22 04:00:00,2021-01-22 04:00:00,366,1
454,2021-01-22 04:00:00,Neural Network,4,-1.1779638135515018,-1.1911040785618312,2020-01-22 04:00:00,2021-01-22 04:00:00,2021-01-22 04:00:00,366,1
455,2021-01-22 04:00:00,Naive,4,-1.1779638135515018,-1.727989215204295,2020-01-22 04:00:00,2021-01-22 04:00:00,2021-01-22 04:00:00,366,1
456,2021-01-23 04:00:00,Decision Tree,4,0.2845475296475724,0.28898765070678323,2020-01-23 04:00:00,2021-01-23 04:00:00,2021-01-23 04:00:00,366,1
457,2021-01-23 04:00:00,Random Forest,4,0.2845475296475724,0.3196277474825528,2020-01-23 04:00:00,2021-01-23 04:00:00,2021-01-23 04:00:00,366,1
458,2021-01-23 04:00:00,Neural Network,4,0.2845475296475724,0.5990462650019235,2020-01-23 04:00:00,2021-01-23 04:00:00,2021-01-23 04:00:00,366,1
459,2021-01-23 04:00:00,Naive,4,0.2845475296475724,-1.1779638135515018,2020-01-23 04:00:00,2021-01-23 04:00:00,2021-01-23 04:00:00,366,1
460,2021-01-24 04:00:00,Decision Tree,4,0.348932757626357,0.3435862680765687,2020-01-24 04:00:00,2021-01-24 04:00:00,2021-01-24 04:00:00,366,1
461,2021-01-24 04:00:00,Random Forest,4,0.348932757626357,0.3365705790165466,2020-01-24 04:00:00,2021-01-24 04:00:00,2021-01-24 04:00:00,366,1
462,2021-01-24 04:00:00,Neural Network,4,0.348932757626357,0.6158121018511682,2020-01-24 04:00:00,2021-01-24 04:00:00,2021-01-24 04:00:00,366,1
463,2021-01-24 04:00:00,Naive,4,0.348932757626357,0.2845475296475724,2020-01-24 04:00:00,2021-01-24 04:00:00,2021-01-24 04:00:00,366,1
464,2021-01-25 04:00:00,Decision Tree,4,0.5202994110659744,0.5599538868486922,2020-01-25 04:00:00,2021-01-25 04:00:00,2021-01-25 04:00:00,366,1
465,2021-01-25 04:00:00,Random Forest,4,0.5202994110659744,0.5401509691633684,2020-01-25 04:00:00,2021-01-25 04:00:00,2021-01-25 04:00:00,366,1
466,2021-01-25 04:00:00,Neural Network,4,0.5202994110659744,0.5403458898589113,2020-01-25 04:00:00,2021-01-25 04:00:00,2021-01-25 04:00:00,366,1
467,2021-01-25 04:00:00,Naive,4,0.5202994110659744,0.348932757626357,2020-01-25 04:00:00,2021-01-25 04:00:00,2021-01-25 04:00:00,366,1
468,2021-01-26 04:00:00,Decision Tree,4,0.7687974937974962,0.8530463772244895,2020-01-26 04:00:00,2021-01-26 04:00:00,2021-01-26 04:00:00,366,1
469,2021-01-26 04:00:00,Random Forest,4,0.7687974937974962,0.7962879966007529,2020-01-26 04:00:00,2021-01-26 04:00:00,2021-01-26 04:00:00,366,1
470,2021-01-26 04:00:00,Neural Network,4,0.7687974937974962,0.752769282620068,2020-01-26 04:00:00,2021-01-26 04:00:00,2021-01-26 04:00:00,366,1
471,2021-01-26 04:00:00,Naive,4,0.7687974937974962,0.5202994110659744,2020-01-26 04:00:00,2021-01-26 04:00:00,2021-01-26 04:00:00,366,1
472,2021-01-27 04:00:00,Decision Tree,4,0.5226018074035008,0.5911399844508346,2020-01-27 04:00:00,2021-01-27 04:00:00,2021-01-27 04:00:00,366,1
473,2021-01-27 04:00:00,Random Forest,4,0.5226018074035008,0.536245486601636,2020-01-27 04:00:00,2021-01-27 04:00:00,2021-01-27 04:00:00,366,1
474,2021-01-27 04:00:00,Neural Network,4,0.5226018074035008,0.4816920439459075,2020-01-27 04:00:00,2021-01-27 04:00:00,2021-01-27 04:00:00,366,1
475,2021-01-27 04:00:00,Naive,4,0.5226018074035008,0.7687974937974962,2020-01-27 04:00:00,2021-01-27 04:00:00,2021-01-27 04:00:00,366,1
476,2021-01-28 04:00:00,Decision Tree,4,0.6135770972476775,0.6053080991278066,2020-01-28 04:00:00,2021-01-28 04:00:00,2021-01-28 04:00:00,366,1
477,2021-01-28 04:00:00,Random Forest,4,0.6135770972476775,0.5902325160050249,2020-01-28 04:00:00,2021-01-28 04:00:00,2021-01-28 04:00:00,366,1
478,2021-01-28 04:00:00,Neural Network,4,0.6135770972476775,0.7107693958532577,2020-01-28 04:00:00,2021-01-28 04:00:00,2021-01-28 04:00:00,366,1
479,2021-01-28 04:00:00,Naive,4,0.6135770972476775,0.5226018074035008,2020-01-28 04:00:00,2021-01-28 04:00:00,2021-01-28 04:00:00,366,1
480,2021-01-29 04:00:00,Decision Tree,4,0.184799157352307,0.23043241460647282,2020-01-29 04:00:00,2021-01-29 04:00:00,2021-01-29 04:00:00,366,1
481,2021-01-29 04:00:00,Random Forest,4,0.184799157352307,0.16562171208359036,2020-01-29 04:00:00,2021-01-29 04:00:00,2021-01-29 04:00:00,366,1
482,2021-01-29 04:00:00,Neural Network,4,0.184799157352307,0.2697120085911444,2020-01-29 04:00:00,2021-01-29 04:00:00,2021-01-29 04:00:00,366,1
483,2021-01-29 04:00:00,Naive,4,0.184799157352307,0.6135770972476775,2020-01-29 04:00:00,2021-01-29 04:00:00,2021-01-29 04:00:00,366,1
484,2021-01-30 04:00:00,Decision Tree,4,-0.027131356990617805,-0.10410231124587421,2020-01-30 04:00:00,2021-01-30 04:00:00,2021-01-30 04:00:00,366,1
485,2021-01-30 04:00:00,Random Forest,4,-0.027131356990617805,-0.07439229451002805,2020-01-30 04:00:00,2021-01-30 04:00:00,2021-01-30 04:00:00,366,1
486,2021-01-30 04:00:00,Neural Network,4,-0.027131356990617805,0.21014435343148996,2020-01-30 04:00:00,2021-01-30 04:00:00,2021-01-30 04:00:00,366,1
487,2021-01-30 04:00:00,Naive,4,-0.027131356990617805,0.184799157352307,2020-01-30 04:00:00,2021-01-30 04:00:00,2021-01-30 04:00:00,366,1
488,2021-01-31 04:00:00,Decision Tree,4,0.2611548488443784,0.17924907217973285,2020-01-31 04:00:00,2021-01-31 04:00:00,2021-01-31 04:00:00,366,1
489,2021-01-31 04:00:00,Random Forest,4,0.2611548488443784,0.22217972551727214,2020-01-31 04:00:00,2021-01-31 04:00:00,2021-01-31 04:00:00,366,1
490,2021-01-31 04:00:00,Neural Network,4,0.2611548488443784,0.33075078079703824,2020-01-31 04:00:00,2021-01-31 04:00:00,2021-01-31 04:00:00,366,1
491,2021-01-31 04:00:00,Naive,4,0.2611548488443784,-0.027131356990617805,2020-01-31 04:00:00,2021-01-31 04:00:00,2021-01-31 04:00:00,366,1
492,2021-02-01 04:00:00,Decision Tree,4,0.09880071227636861,0.08649457734114202,2020-02-01 04:00:00,2021-02-01 04:00:00,2021-02-01 04:00:00,366,1
493,2021-02-01 04:00:00,Random Forest,4,0.09880071227636861,0.08218141755083098,2020-02-01 04:00:00,2021-02-01 04:00:00,2021-02-01 04:00:00,366,1
494,2021-02-01 04:00:00,Neural Network,4,0.09880071227636861,0.25576659747771024,2020-02-01 04:00:00,2021-02-01 04:00:00,2021-02-01 04:00:00,366,1
495,2021-02-01 04:00:00,Naive,4,0.09880071227636861,0.2611548488443784,2020-02-01 04:00:00,2021-02-01 04:00:00,2021-02-01 04:00:00,366,1
496,2021-02-02 04:00:00,Decision Tree,4,0.6374286486407104,0.5712845873092407,2020-02-02 04:00:00,2021-02-02 04:00:00,2021-02-02 04:00:00,366,1
497,2021-02-02 04:00:00,Random Forest,4,0.6374286486407104,0.5862036953869956,2020-02-02 04:00:00,2021-02-02 04:00:00,2021-02-02 04:00:00,366,1
498,2021-02-02 04:00:00,Neural Network,4,0.6374286486407104,0.6621333817779744,2020-02-02 04:00:00,2021-02-02 04:00:00,2021-02-02 04:00:00,366,1
499,2021-02-02 04:00:00,Naive,4,0.6374286486407104,0.09880071227636861,2020-02-02 04:00:00,2021-02-02 04:00:00,2021-02-02 04:00:00,366,1
500,2021-02-03 04:00:00,Decision Tree,4,-0.26415370055191983,-0.2648249284519299,2020-02-03 04:00:00,2021-02-03 04:00:00,2021-02-03 04:00:00,366,1
501,2021-02-03 04:00:00,Random Forest,4,-0.26415370055191983,-0.27440878385213624,2020-02-03 04:00:00,2021-02-03 04:00:00,2021-02-03 04:00:00,366,1
502,2021-02-03 04:00:00,Neural Network,4,-0.26415370055191983,-0.1019862979069055,2020-02-03 04:00:00,2021-02-03 04:00:00,2021-02-03 04:00:00,366,1
503,2021-02-03 04:00:00,Naive,4,-0.26415370055191983,0.6374286486407104,2020-02-03 04:00:00,2021-02-03 04:00:00,2021-02-03 04:00:00,366,1
504,2021-02-04 04:00:00,Decision Tree,4,0.0,-0.014548774982473638,2020-02-04 04:00:00,2021-02-04 04:00:00,2021-02-04 04:00:00,366,1
505,2021-02-04 04:00:00,Random Forest,4,0.0,-0.016318226065492093,2020-02-04 04:00:00,2021-02-04 04:00:00,2021-02-04 04:00:00,366,1
506,2021-02-04 04:00:00,Neural Network,4,0.0,-0.05295583474021259,2020-02-04 04:00:00,2021-02-04 04:00:00,2021-02-04 04:00:00,366,1
507,2021-02-04 04:00:00,Naive,4,0.0,-0.26415370055191983,2020-02-04 04:00:00,2021-02-04 04:00:00,2021-02-04 04:00:00,366,1
508,2021-02-05 04:00:00,Decision Tree,4,0.4021450799423246,0.400699760341409,2020-02-05 04:00:00,2021-02-05 04:00:00,2021-02-05 04:00:00,366,1
509,2021-02-05 04:00:00,Random Forest,4,0.4021450799423246,0.3820215716365587,2020-02-05 04:00:00,2021-02-05 04:00:00,2021-02-05 04:00:00,366,1
510,2021-02-05 04:00:00,Neural Network,4,0.4021450799423246,0.31782376581464344,2020-02-05 04:00:00,2021-02-05 04:00:00,2021-02-05 04:00:00,366,1
511,2021-02-05 04:00:00,Naive,4,0.4021450799423246,0.0,2020-02-05 04:00:00,2021-02-05 04:00:00,2021-02-05 04:00:00,366,1
512,2021-02-06 04:00:00,Decision Tree,4,-0.022881818514444065,-0.024493658479702456,2020-02-06 04:00:00,2021-02-06 04:00:00,2021-02-06 04:00:00,366,1
513,2021-02-06 04:00:00,Random Forest,4,-0.022881818514444065,-0.034876570535428184,2020-02-06 04:00:00,2021-02-06 04:00:00,2021-02-06 04:00:00,366,1
514,2021-02-06 04:00:00,Neural Network,4,-0.022881818514444065,-0.11926895024384965,2020-02-06 04:00:00,2021-02-06 04:00:00,2021-02-06 04:00:00,366,1
515,2021-02-06 04:00:00,Naive,4,-0.022881818514444065,0.4021450799423246,2020-02-06 04:00:00,2021-02-06 04:00:00,2021-02-06 04:00:00,366,1
516,2021-02-07 04:00:00,Decision Tree,4,-1.7826246255820892,-1.700581425296447,2020-02-07 04:00:00,2021-02-07 04:00:00,2021-02-07 04:00:00,366,1
517,2021-02-07 04:00:00,Random Forest,4,-1.7826246255820892,-1.7131574294445855,2020-02-07 04:00:00,2021-02-07 04:00:00,2021-02-07 04:00:00,366,1
518,2021-02-07 04:00:00,Neural Network,4,-1.7826246255820892,-1.467696741581046,2020-02-07 04:00:00,2021-02-07 04:00:00,2021-02-07 04:00:00,366,1
519,2021-02-07 04:00:00,Naive,4,-1.7826246255820892,-0.022881818514444065,2020-02-07 04:00:00,2021-02-07 04:00:00,2021-02-07 04:00:00,366,1
520,2021-02-08 04:00:00,Decision Tree,4,-1.7280223997552768,-1.6880979354252197,2020-02-08 04:00:00,2021-02-08 04:00:00,2021-02-08 04:00:00,366,1
521,2021-02-08 04:00:00,Random Forest,4,-1.7280223997552768,-1.6897861994329135,2020-02-08 04:00:00,2021-02-08 04:00:00,2021-02-08 04:00:00,366,1
522,2021-02-08 04:00:00,Neural Network,4,-1.7280223997552768,-1.2601056754879978,2020-02-08 04:00:00,2021-02-08 04:00:00,2021-02-08 04:00:00,366,1
523,2021-02-08 04:00:00,Naive,4,-1.7280223997552768,-1.7826246255820892,2020-02-08 04:00:00,2021-02-08 04:00:00,2021-02-08 04:00:00,366,1
524,2021-02-09 04:00:00,Decision Tree,4,0.7858798805011197,0.8436853901770458,2020-02-09 04:00:00,2021-02-09 04:00:00,2021-02-09 04:00:00,366,1
525,2021-02-09 04:00:00,Random Forest,4,0.7858798805011197,0.7909793227872878,2020-02-09 04:00:00,2021-02-09 04:00:00,2021-02-09 04:00:00,366,1
526,2021-02-09 04:00:00,Neural Network,4,0.7858798805011197,0.6550500138042349,2020-02-09 04:00:00,2021-02-09 04:00:00,2021-02-09 04:00:00,366,1
527,2021-02-09 04:00:00,Naive,4,0.7858798805011197,-1.7280223997552768,2020-02-09 04:00:00,2021-02-09 04:00:00,2021-02-09 04:00:00,366,1
528,2021-02-10 04:00:00,Decision Tree,4,0.8571227285549393,0.8946659647567798,2020-02-10 04:00:00,2021-02-10 04:00:00,2021-02-10 04:00:00,366,1
529,2021-02-10 04:00:00,Random Forest,4,0.8571227285549393,0.8623654089266259,2020-02-10 04:00:00,2021-02-10 04:00:00,2021-02-10 04:00:00,366,1
530,2021-02-10 04:00:00,Neural Network,4,0.8571227285549393,0.7556775915768144,2020-02-10 04:00:00,2021-02-10 04:00:00,2021-02-10 04:00:00,366,1
531,2021-02-10 04:00:00,Naive,4,0.8571227285549393,0.7858798805011197,2020-02-10 04:00:00,2021-02-10 04:00:00,2021-02-10 04:00:00,366,1
532,2021-02-11 04:00:00,Decision Tree,4,0.9806681048276443,0.9033464247901135,2020-02-11 04:00:00,2021-02-11 04:00:00,2021-02-11 04:00:00,366,1
533,2021-02-11 04:00:00,Random Forest,4,0.9806681048276443,0.8982371058902279,2020-02-11 04:00:00,2021-02-11 04:00:00,2021-02-11 04:00:00,366,1
534,2021-02-11 04:00:00,Neural Network,4,0.9806681048276443,0.9519523644523694,2020-02-11 04:00:00,2021-02-11 04:00:00,2021-02-11 04:00:00,366,1
535,2021-02-11 04:00:00,Naive,4,0.9806681048276443,0.8571227285549393,2020-02-11 04:00:00,2021-02-11 04:00:00,2021-02-11 04:00:00,366,1
536,2021-02-12 04:00:00,Decision Tree,4,0.8602204518112352,0.9289790337048498,2020-02-12 04:00:00,2021-02-12 04:00:00,2021-02-12 04:00:00,366,1
537,2021-02-12 04:00:00,Random Forest,4,0.8602204518112352,0.8561517301977377,2020-02-12 04:00:00,2021-02-12 04:00:00,2021-02-12 04:00:00,366,1
538,2021-02-12 04:00:00,Neural Network,4,0.8602204518112352,0.7964052871099968,2020-02-12 04:00:00,2021-02-12 04:00:00,2021-02-12 04:00:00,366,1
539,2021-02-12 04:00:00,Naive,4,0.8602204518112352,0.9806681048276443,2020-02-12 04:00:00,2021-02-12 04:00:00,2021-02-12 04:00:00,366,1
540,2021-02-13 04:00:00,Decision Tree,4,0.6772178552359062,0.6110780345039172,2020-02-13 04:00:00,2021-02-13 04:00:00,2021-02-13 04:00:00,366,1
541,2021-02-13 04:00:00,Random Forest,4,0.6772178552359062,0.6535809129319438,2020-02-13 04:00:00,2021-02-13 04:00:00,2021-02-13 04:00:00,366,1
542,2021-02-13 04:00:00,Neural Network,4,0.6772178552359062,0.7599021568766673,2020-02-13 04:00:00,2021-02-13 04:00:00,2021-02-13 04:00:00,366,1
543,2021-02-13 04:00:00,Naive,4,0.6772178552359062,0.8602204518112352,2020-02-13 04:00:00,2021-02-13 04:00:00,2021-02-13 04:00:00,366,1
544,2021-02-14 04:00:00,Decision Tree,4,0.5262450252382693,0.4219419841939113,2020-02-14 04:00:00,2021-02-14 04:00:00,2021-02-14 04:00:00,366,1
545,2021-02-14 04:00:00,Random Forest,4,0.5262450252382693,0.5138307033536468,2020-02-14 04:00:00,2021-02-14 04:00:00,2021-02-14 04:00:00,366,1
546,2021-02-14 04:00:00,Neural Network,4,0.5262450252382693,0.4749340935262535,2020-02-14 04:00:00,2021-02-14 04:00:00,2021-02-14 04:00:00,366,1
547,2021-02-14 04:00:00,Naive,4,0.5262450252382693,0.6772178552359062,2020-02-14 04:00:00,2021-02-14 04:00:00,2021-02-14 04:00:00,366,1
548,2021-02-15 04:00:00,Decision Tree,4,-0.3006329091136085,-0.333695074928932,2020-02-15 04:00:00,2021-02-15 04:00:00,2021-02-15 04:00:00,366,1
549,2021-02-15 04:00:00,Random Forest,4,-0.3006329091136085,-0.3316861349846651,2020-02-15 04:00:00,2021-02-15 04:00:00,2021-02-15 04:00:00,366,1
550,2021-02-15 04:00:00,Neural Network,4,-0.3006329091136085,-0.21501724286795154,2020-02-15 04:00:00,2021-02-15 04:00:00,2021-02-15 04:00:00,366,1
551,2021-02-15 04:00:00,Naive,4,-0.3006329091136085,0.5262450252382693,2020-02-15 04:00:00,2021-02-15 04:00:00,2021-02-15 04:00:00,366,1
552,2021-02-16 04:00:00,Decision Tree,4,0.5243401820294284,0.4924565912019114,2020-02-16 04:00:00,2021-02-16 04:00:00,2021-02-16 04:00:00,366,1
553,2021-02-16 04:00:00,Random Forest,4,0.5243401820294284,0.5196059616569657,2020-02-16 04:00:00,2021-02-16 04:00:00,2021-02-16 04:00:00,366,1
554,2021-02-16 04:00:00,Neural Network,4,0.5243401820294284,0.5160963003163299,2020-02-16 04:00:00,2021-02-16 04:00:00,2021-02-16 04:00:00,366,1
555,2021-02-16 04:00:00,Naive,4,0.5243401820294284,-0.3006329091136085,2020-02-16 04:00:00,2021-02-16 04:00:00,2021-02-16 04:00:00,366,1
556,2021-02-17 04:00:00,Decision Tree,4,0.21419541237368753,0.17924907217973285,2020-02-17 04:00:00,2021-02-17 04:00:00,2021-02-17 04:00:00,366,1
557,2021-02-17 04:00:00,Random Forest,4,0.21419541237368753,0.18463809391231922,2020-02-17 04:00:00,2021-02-17 04:00:00,2021-02-17 04:00:00,366,1
558,2021-02-17 04:00:00,Neural Network,4,0.21419541237368753,0.05831393632187176,2020-02-17 04:00:00,2021-02-17 04:00:00,2021-02-17 04:00:00,366,1
559,2021-02-17 04:00:00,Naive,4,0.21419541237368753,0.5243401820294284,2020-02-17 04:00:00,2021-02-17 04:00:00,2021-02-17 04:00:00,366,1
560,2021-02-18 04:00:00,Decision Tree,4,0.19456514308516715,0.18424140649315493,2020-02-18 04:00:00,2021-02-18 04:00:00,2021-02-18 04:00:00,366,1
561,2021-02-18 04:00:00,Random Forest,4,0.19456514308516715,0.18124530921018778,2020-02-18 04:00:00,2021-02-18 04:00:00,2021-02-18 04:00:00,366,1
562,2021-02-18 04:00:00,Neural Network,4,0.19456514308516715,0.2522156045005587,2020-02-18 04:00:00,2021-02-18 04:00:00,2021-02-18 04:00:00,366,1
563,2021-02-18 04:00:00,Naive,4,0.19456514308516715,0.21419541237368753,2020-02-18 04:00:00,2021-02-18 04:00:00,2021-02-18 04:00:00,366,1
564,2021-02-19 04:00:00,Decision Tree,4,0.11230736432597166,0.09591181300574561,2020-02-19 04:00:00,2021-02-19 04:00:00,2021-02-19 04:00:00,366,1
565,2021-02-19 04:00:00,Random Forest,4,0.11230736432597166,0.09297253460878828,2020-02-19 04:00:00,2021-02-19 04:00:00,2021-02-19 04:00:00,366,1
566,2021-02-19 04:00:00,Neural Network,4,0.11230736432597166,0.06504251287827145,2020-02-19 04:00:00,2021-02-19 04:00:00,2021-02-19 04:00:00,366,1
567,2021-02-19 04:00:00,Naive,4,0.11230736432597166,0.19456514308516715,2020-02-19 04:00:00,2021-02-19 04:00:00,2021-02-19 04:00:00,366,1
568,2021-02-20 04:00:00,Decision Tree,4,-0.016957812045721107,-0.0013916892225167756,2020-02-20 04:00:00,2021-02-20 04:00:00,2021-02-20 04:00:00,366,1
569,2021-02-20 04:00:00,Random Forest,4,-0.016957812045721107,-0.012343543436608626,2020-02-20 04:00:00,2021-02-20 04:00:00,2021-02-20 04:00:00,366,1
570,2021-02-20 04:00:00,Neural Network,4,-0.016957812045721107,-0.021127854535175294,2020-02-20 04:00:00,2021-02-20 04:00:00,2021-02-20 04:00:00,366,1
571,2021-02-20 04:00:00,Naive,4,-0.016957812045721107,0.11230736432597166,2020-02-20 04:00:00,2021-02-20 04:00:00,2021-02-20 04:00:00,366,1
572,2021-02-21 04:00:00,Decision Tree,4,-1.3396168574054792,-1.317204855810261,2020-02-21 04:00:00,2021-02-21 04:00:00,2021-02-21 04:00:00,366,1
573,2021-02-21 04:00:00,Random Forest,4,-1.3396168574054792,-1.2931065714167786,2020-02-21 04:00:00,2021-02-21 04:00:00,2021-02-21 04:00:00,366,1
574,2021-02-21 04:00:00,Neural Network,4,-1.3396168574054792,-1.173436924797123,2020-02-21 04:00:00,2021-02-21 04:00:00,2021-02-21 04:00:00,366,1
575,2021-02-21 04:00:00,Naive,4,-1.3396168574054792,-0.016957812045721107,2020-02-21 04:00:00,2021-02-21 04:00:00,2021-02-21 04:00:00,366,1
576,2021-02-22 04:00:00,Decision Tree,4,0.15508855134094632,0.09864440489244995,2020-02-22 04:00:00,2021-02-22 04:00:00,2021-02-22 04:00:00,366,1
577,2021-02-22 04:00:00,Random Forest,4,0.15508855134094632,0.12070023944274867,2020-02-22 04:00:00,2021-02-22 04:00:00,2021-02-22 04:00:00,366,1
578,2021-02-22 04:00:00,Neural Network,4,0.15508855134094632,0.15235533826572867,2020-02-22 04:00:00,2021-02-22 04:00:00,2021-02-22 04:00:00,366,1
579,2021-02-22 04:00:00,Naive,4,0.15508855134094632,-1.3396168574054792,2020-02-22 04:00:00,2021-02-22 04:00:00,2021-02-22 04:00:00,366,1
580,2021-02-23 04:00:00,Decision Tree,4,0.18581737796770711,0.16665405732665745,2020-02-23 04:00:00,2021-02-23 04:00:00,2021-02-23 04:00:00,366,1
581,2021-02-23 04:00:00,Random Forest,4,0.18581737796770711,0.18075580374030636,2020-02-23 04:00:00,2021-02-23 04:00:00,2021-02-23 04:00:00,366,1
582,2021-02-23 04:00:00,Neural Network,4,0.18581737796770711,0.1978793165341145,2020-02-23 04:00:00,2021-02-23 04:00:00,2021-02-23 04:00:00,366,1
583,2021-02-23 04:00:00,Naive,4,0.18581737796770711,0.15508855134094632,2020-02-23 04:00:00,2021-02-23 04:00:00,2021-02-23 04:00:00,366,1
584,2021-02-24 04:00:00,Decision Tree,4,-1.0338802564785015,-0.9868029895340387,2020-02-24 04:00:00,2021-02-24 04:00:00,2021-02-24 04:00:00,366,1
585,2021-02-24 04:00:00,Random Forest,4,-1.0338802564785015,-0.9973798265690061,2020-02-24 04:00:00,2021-02-24 04:00:00,2021-02-24 04:00:00,366,1
586,2021-02-24 04:00:00,Neural Network,4,-1.0338802564785015,-0.8894747571391419,2020-02-24 04:00:00,2021-02-24 04:00:00,2021-02-24 04:00:00,366,1
587,2021-02-24 04:00:00,Naive,4,-1.0338802564785015,0.18581737796770711,2020-02-24 04:00:00,2021-02-24 04:00:00,2021-02-24 04:00:00,366,1
588,2021-02-25 04:00:00,Decision Tree,4,-0.00999798608220257,-0.023186846136953924,2020-02-25 04:00:00,2021-02-25 04:00:00,2021-02-25 04:00:00,366,1
589,2021-02-25 04:00:00,Random Forest,4,-0.00999798608220257,-0.02034211676924051,2020-02-25 04:00:00,2021-02-25 04:00:00,2021-02-25 04:00:00,366,1
590,2021-02-25 04:00:00,Neural Network,4,-0.00999798608220257,0.021681831365254922,2020-02-25 04:00:00,2021-02-25 04:00:00,2021-02-25 04:00:00,366,1
591,2021-02-25 04:00:00,Naive,4,-0.00999798608220257,-1.0338802564785015,2020-02-25 04:00:00,2021-02-25 04:00:00,2021-02-25 04:00:00,366,1
592,2021-02-26 04:00:00,Decision Tree,4,0.41156732764050336,0.4009406469415617,2020-02-26 04:00:00,2021-02-26 04:00:00,2021-02-26 04:00:00,366,1
593,2021-02-26 04:00:00,Random Forest,4,0.41156732764050336,0.3895237006859762,2020-02-26 04:00:00,2021-02-26 04:00:00,2021-02-26 04:00:00,366,1
594,2021-02-26 04:00:00,Neural Network,4,0.41156732764050336,0.34598590680321084,2020-02-26 04:00:00,2021-02-26 04:00:00,2021-02-26 04:00:00,366,1
595,2021-02-26 04:00:00,Naive,4,0.41156732764050336,-0.00999798608220257,2020-02-26 04:00:00,2021-02-26 04:00:00,2021-02-26 04:00:00,366,1
596,2021-02-27 04:00:00,Decision Tree,4,0.295292728514773,0.3064258426717045,2020-02-27 04:00:00,2021-02-27 04:00:00,2021-02-27 04:00:00,366,1
597,2021-02-27 04:00:00,Random Forest,4,0.295292728514773,0.2927359111667389,2020-02-27 04:00:00,2021-02-27 04:00:00,2021-02-27 04:00:00,366,1
598,2021-02-27 04:00:00,Neural Network,4,0.295292728514773,0.3320944870457625,2020-02-27 04:00:00,2021-02-27 04:00:00,2021-02-27 04:00:00,366,1
599,2021-02-27 04:00:00,Naive,4,0.295292728514773,0.41156732764050336,2020-02-27 04:00:00,2021-02-27 04:00:00,2021-02-27 04:00:00,366,1
600,2021-02-28 04:00:00,Decision Tree,4,0.2493808530549662,0.21344562041785786,2020-02-28 04:00:00,2021-02-28 04:00:00,2021-02-28 04:00:00,366,1
601,2021-02-28 04:00:00,Random Forest,4,0.2493808530549662,0.19003554208856502,2020-02-28 04:00:00,2021-02-28 04:00:00,2021-02-28 04:00:00,366,1
602,2021-02-28 04:00:00,Neural Network,4,0.2493808530549662,0.29433359962622885,2020-02-28 04:00:00,2021-02-28 04:00:00,2021-02-28 04:00:00,366,1
603,2021-02-28 04:00:00,Naive,4,0.2493808530549662,0.295292728514773,2020-02-28 04:00:00,2021-02-28 04:00:00,2021-02-28 04:00:00,366,1
604,2021-03-01 04:00:00,Decision Tree,4,0.4183769827060061,0.40245874418426764,2020-03-01 04:00:00,2021-03-01 04:00:00,2021-03-01 04:00:00,365,1
605,2021-03-01 04:00:00,Random Forest,4,0.4183769827060061,0.39005654703393605,2020-03-01 04:00:00,2021-03-01 04:00:00,2021-03-01 04:00:00,365,1
606,2021-03-01 04:00:00,Neural Network,4,0.4183769827060061,0.25875936062852045,2020-03-01 04:00:00,2021-03-01 04:00:00,2021-03-01 04:00:00,365,1
607,2021-03-01 04:00:00,Naive,4,0.4183769827060061,0.2493808530549662,2020-03-01 04:00:00,2021-03-01 04:00:00,2021-03-01 04:00:00,365,1
608,2021-03-02 04:00:00,Decision Tree,4,0.5082082521838759,0.5355412734075704,2020-03-02 04:00:00,2021-03-02 04:00:00,2021-03-02 04:00:00,365,1
609,2021-03-02 04:00:00,Random Forest,4,0.5082082521838759,0.5178570752611149,2020-03-02 04:00:00,2021-03-02 04:00:00,2021-03-02 04:00:00,365,1
610,2021-03-02 04:00:00,Neural Network,4,0.5082082521838759,0.4970220658992901,2020-03-02 04:00:00,2021-03-02 04:00:00,2021-03-02 04:00:00,365,1
611,2021-03-02 04:00:00,Naive,4,0.5082082521838759,0.4183769827060061,2020-03-02 04:00:00,2021-03-02 04:00:00,2021-03-02 04:00:00,365,1
612,2021-03-03 04:00:00,Decision Tree,4,0.6367486174209419,0.6193455120954159,2020-03-03 04:00:00,2021-03-03 04:00:00,2021-03-03 04:00:00,365,1
613,2021-03-03 04:00:00,Random Forest,4,0.6367486174209419,0.6100676818089141,2020-03-03 04:00:00,2021-03-03 04:00:00,2021-03-03 04:00:00,365,1
614,2021-03-03 04:00:00,Neural Network,4,0.6367486174209419,0.7198865708086488,2020-03-03 04:00:00,2021-03-03 04:00:00,2021-03-03 04:00:00,365,1
615,2021-03-03 04:00:00,Naive,4,0.6367486174209419,0.5082082521838759,2020-03-03 04:00:00,2021-03-03 04:00:00,2021-03-03 04:00:00,365,1
616,2021-03-04 04:00:00,Decision Tree,4,0.6284433836238001,0.6212791904649188,2020-03-04 04:00:00,2021-03-04 04:00:00,2021-03-04 04:00:00,365,1
617,2021-03-04 04:00:00,Random Forest,4,0.6284433836238001,0.595175014341489,2020-03-04 04:00:00,2021-03-04 04:00:00,2021-03-04 04:00:00,365,1
618,2021-03-04 04:00:00,Neural Network,4,0.6284433836238001,0.5013374491019014,2020-03-04 04:00:00,2021-03-04 04:00:00,2021-03-04 04:00:00,365,1
619,2021-03-04 04:00:00,Naive,4,0.6284433836238001,0.6367486174209419,2020-03-04 04:00:00,2021-03-04 04:00:00,2021-03-04 04:00:00,365,1
620,2021-03-05 04:00:00,Decision Tree,4,0.5889687450937218,0.5994584328920495,2020-03-05 04:00:00,2021-03-05 04:00:00,2021-03-05 04:00:00,365,1
621,2021-03-05 04:00:00,Random Forest,4,0.5889687450937218,0.6009285756710241,2020-03-05 04:00:00,2021-03-05 04:00:00,2021-03-05 04:00:00,365,1
622,2021-03-05 04:00:00,Neural Network,4,0.5889687450937218,0.5955935773625589,2020-03-05 04:00:00,2021-03-05 04:00:00,2021-03-05 04:00:00,365,1
623,2021-03-05 04:00:00,Naive,4,0.5889687450937218,0.6284433836238001,2020-03-05 04:00:00,2021-03-05 04:00:00,2021-03-05 04:00:00,365,1
624,2021-03-06 04:00:00,Decision Tree,4,0.378929582437289,0.41433517246260826,2020-03-06 04:00:00,2021-03-06 04:00:00,2021-03-06 04:00:00,365,1
625,2021-03-06 04:00:00,Random Forest,4,0.378929582437289,0.4026348405297574,2020-03-06 04:00:00,2021-03-06 04:00:00,2021-03-06 04:00:00,365,1
626,2021-03-06 04:00:00,Neural Network,4,0.378929582437289,0.3875628600313097,2020-03-06 04:00:00,2021-03-06 04:00:00,2021-03-06 04:00:00,365,1
627,2021-03-06 04:00:00,Naive,4,0.378929582437289,0.5889687450937218,2020-03-06 04:00:00,2021-03-06 04:00:00,2021-03-06 04:00:00,365,1
628,2021-03-07 04:00:00,Decision Tree,4,0.5013640976980611,0.5203389355842098,2020-03-07 04:00:00,2021-03-07 04:00:00,2021-03-07 04:00:00,365,1
629,2021-03-07 04:00:00,Random Forest,4,0.5013640976980611,0.5216501981756843,2020-03-07 04:00:00,2021-03-07 04:00:00,2021-03-07 04:00:00,365,1
630,2021-03-07 04:00:00,Neural Network,4,0.5013640976980611,0.3902045864471029,2020-03-07 04:00:00,2021-03-07 04:00:00,2021-03-07 04:00:00,365,1
631,2021-03-07 04:00:00,Naive,4,0.5013640976980611,0.378929582437289,2020-03-07 04:00:00,2021-03-07 04:00:00,2021-03-07 04:00:00,365,1
632,2021-03-08 04:00:00,Decision Tree,4,0.6870583941988945,0.6445327866695642,2020-03-08 04:00:00,2021-03-08 04:00:00,2021-03-08 04:00:00,365,1
633,2021-03-08 04:00:00,Random Forest,4,0.6870583941988945,0.6660907946329365,2020-03-08 04:00:00,2021-03-08 04:00:00,2021-03-08 04:00:00,365,1
634,2021-03-08 04:00:00,Neural Network,4,0.6870583941988945,0.5617595007913119,2020-03-08 04:00:00,2021-03-08 04:00:00,2021-03-08 04:00:00,365,1
635,2021-03-08 04:00:00,Naive,4,0.6870583941988945,0.5013640976980611,2020-03-08 04:00:00,2021-03-08 04:00:00,2021-03-08 04:00:00,365,1
636,2021-03-09 04:00:00,Decision Tree,4,0.5960678534036062,0.5951931059036186,2020-03-09 04:00:00,2021-03-09 04:00:00,2021-03-09 04:00:00,365,1
637,2021-03-09 04:00:00,Random Forest,4,0.5960678534036062,0.604506733338152,2020-03-09 04:00:00,2021-03-09 04:00:00,2021-03-09 04:00:00,365,1
638,2021-03-09 04:00:00,Neural Network,4,0.5960678534036062,0.6115681446529573,2020-03-09 04:00:00,2021-03-09 04:00:00,2021-03-09 04:00:00,365,1
639,2021-03-09 04:00:00,Naive,4,0.5960678534036062,0.6870583941988945,2020-03-09 04:00:00,2021-03-09 04:00:00,2021-03-09 04:00:00,365,1
640,2021-03-10 04:00:00,Decision Tree,4,0.9111327108010233,0.9295985783561089,2020-03-10 04:00:00,2021-03-10 04:00:00,2021-03-10 04:00:00,365,1
641,2021-03-10 04:00:00,Random Forest,4,0.9111327108010233,0.9014442141159661,2020-03-10 04:00:00,2021-03-10 04:00:00,2021-03-10 04:00:00,365,1
642,2021-03-10 04:00:00,Neural Network,4,0.9111327108010233,0.8333869228560927,2020-03-10 04:00:00,2021-03-10 04:00:00,2021-03-10 04:00:00,365,1
643,2021-03-10 04:00:00,Naive,4,0.9111327108010233,0.5960678534036062,2020-03-10 04:00:00,2021-03-10 04:00:00,2021-03-10 04:00:00,365,1
644,2021-03-11 04:00:00,Decision Tree,4,-1.727658589944798,-1.7125633747521396,2020-03-11 04:00:00,2021-03-11 04:00:00,2021-03-11 04:00:00,365,1
645,2021-03-11 04:00:00,Random Forest,4,-1.727658589944798,-1.7025986258495667,2020-03-11 04:00:00,2021-03-11 04:00:00,2021-03-11 04:00:00,365,1
646,2021-03-11 04:00:00,Neural Network,4,-1.727658589944798,-1.881260083071235,2020-03-11 04:00:00,2021-03-11 04:00:00,2021-03-11 04:00:00,365,1
647,2021-03-11 04:00:00,Naive,4,-1.727658589944798,0.9111327108010233,2020-03-11 04:00:00,2021-03-11 04:00:00,2021-03-11 04:00:00,365,1
648,2021-03-12 04:00:00,Decision Tree,4,-1.3996247201342922,-1.3398447446241866,2020-03-12 04:00:00,2021-03-12 04:00:00,2021-03-12 04:00:00,365,1
649,2021-03-12 04:00:00,Random Forest,4,-1.3996247201342922,-1.3463291806950655,2020-03-12 04:00:00,2021-03-12 04:00:00,2021-03-12 04:00:00,365,1
650,2021-03-12 04:00:00,Neural Network,4,-1.3996247201342922,-1.5539729809292502,2020-03-12 04:00:00,2021-03-12 04:00:00,2021-03-12 04:00:00,365,1
651,2021-03-12 04:00:00,Naive,4,-1.3996247201342922,-1.727658589944798,2020-03-12 04:00:00,2021-03-12 04:00:00,2021-03-12 04:00:00,365,1
652,2021-03-13 04:00:00,Decision Tree,4,-1.0936864652710214,-1.04574653528852,2020-03-13 04:00:00,2021-03-13 04:00:00,2021-03-13 04:00:00,365,1
653,2021-03-13 04:00:00,Random Forest,4,-1.0936864652710214,-1.0455841085093072,2020-03-13 04:00:00,2021-03-13 04:00:00,2021-03-13 04:00:00,365,1
654,2021-03-13 04:00:00,Neural Network,4,-1.0936864652710214,-1.2038901613151356,2020-03-13 04:00:00,2021-03-13 04:00:00,2021-03-13 04:00:00,365,1
655,2021-03-13 04:00:00,Naive,4,-1.0936864652710214,-1.3996247201342922,2020-03-13 04:00:00,2021-03-13 04:00:00,2021-03-13 04:00:00,365,1
656,2021-03-14 04:00:00,Decision Tree,4,-1.728166096658445,-1.7184004707799714,2020-03-14 04:00:00,2021-03-14 04:00:00,2021-03-14 04:00:00,365,1
657,2021-03-14 04:00:00,Random Forest,4,-1.728166096658445,-1.7250293356694195,2020-03-14 04:00:00,2021-03-14 04:00:00,2021-03-14 04:00:00,365,1
658,2021-03-14 04:00:00,Neural Network,4,-1.728166096658445,-1.8993422922376098,2020-03-14 04:00:00,2021-03-14 04:00:00,2021-03-14 04:00:00,365,1
659,2021-03-14 04:00:00,Naive,4,-1.728166096658445,-1.0936864652710214,2020-03-14 04:00:00,2021-03-14 04:00:00,2021-03-14 04:00:00,365,1
660,2021-03-15 04:00:00,Decision Tree,4,-0.16707780808467973,-0.1608647426843899,2020-03-15 04:00:00,2021-03-15 04:00:00,2021-03-15 04:00:00,365,1
661,2021-03-15 04:00:00,Random Forest,4,-0.16707780808467973,-0.14444945321267486,2020-03-15 04:00:00,2021-03-15 04:00:00,2021-03-15 04:00:00,365,1
662,2021-03-15 04:00:00,Neural Network,4,-0.16707780808467973,-0.5874588442618007,2020-03-15 04:00:00,2021-03-15 04:00:00,2021-03-15 04:00:00,365,1
663,2021-03-15 04:00:00,Naive,4,-0.16707780808467973,-1.728166096658445,2020-03-15 04:00:00,2021-03-15 04:00:00,2021-03-15 04:00:00,365,1
664,2021-03-16 04:00:00,Decision Tree,4,0.6214359177516375,0.665926299155071,2020-03-16 04:00:00,2021-03-16 04:00:00,2021-03-16 04:00:00,365,1
665,2021-03-16 04:00:00,Random Forest,4,0.6214359177516375,0.6117208044074011,2020-03-16 04:00:00,2021-03-16 04:00:00,2021-03-16 04:00:00,365,1
666,2021-03-16 04:00:00,Neural Network,4,0.6214359177516375,0.4371010491020474,2020-03-16 04:00:00,2021-03-16 04:00:00,2021-03-16 04:00:00,365,1
667,2021-03-16 04:00:00,Naive,4,0.6214359177516375,-0.16707780808467973,2020-03-16 04:00:00,2021-03-16 04:00:00,2021-03-16 04:00:00,365,1
668,2021-03-17 04:00:00,Decision Tree,4,0.6970453487152699,0.6585112355878321,2020-03-17 04:00:00,2021-03-17 04:00:00,2021-03-17 04:00:00,365,1
669,2021-03-17 04:00:00,Random Forest,4,0.6970453487152699,0.6933346387575905,2020-03-17 04:00:00,2021-03-17 04:00:00,2021-03-17 04:00:00,365,1
670,2021-03-17 04:00:00,Neural Network,4,0.6970453487152699,0.5478034510117057,2020-03-17 04:00:00,2021-03-17 04:00:00,2021-03-17 04:00:00,365,1
671,2021-03-17 04:00:00,Naive,4,0.6970453487152699,0.6214359177516375,2020-03-17 04:00:00,2021-03-17 04:00:00,2021-03-17 04:00:00,365,1
672,2021-03-18 04:00:00,Decision Tree,4,0.791034326293144,0.8181238890423712,2020-03-18 04:00:00,2021-03-18 04:00:00,2021-03-18 04:00:00,365,1
673,2021-03-18 04:00:00,Random Forest,4,0.791034326293144,0.8150553604459765,2020-03-18 04:00:00,2021-03-18 04:00:00,2021-03-18 04:00:00,365,1
674,2021-03-18 04:00:00,Neural Network,4,0.791034326293144,0.7706074328074956,2020-03-18 04:00:00,2021-03-18 04:00:00,2021-03-18 04:00:00,365,1
675,2021-03-18 04:00:00,Naive,4,0.791034326293144,0.6970453487152699,2020-03-18 04:00:00,2021-03-18 04:00:00,2021-03-18 04:00:00,365,1
676,2021-03-19 04:00:00,Decision Tree,4,0.9511183680730698,0.9397810301540666,2020-03-19 04:00:00,2021-03-19 04:00:00,2021-03-19 04:00:00,365,1
677,2021-03-19 04:00:00,Random Forest,4,0.9511183680730698,0.9171676165455503,2020-03-19 04:00:00,2021-03-19 04:00:00,2021-03-19 04:00:00,365,1
678,2021-03-19 04:00:00,Neural Network,4,0.9511183680730698,0.8080083732688192,2020-03-19 04:00:00,2021-03-19 04:00:00,2021-03-19 04:00:00,365,1
679,2021-03-19 04:00:00,Naive,4,0.9511183680730698,0.791034326293144,2020-03-19 04:00:00,2021-03-19 04:00:00,2021-03-19 04:00:00,365,1
680,2021-03-20 04:00:00,Decision Tree,4,0.9491911013686145,0.9133190843848378,2020-03-20 04:00:00,2021-03-20 04:00:00,2021-03-20 04:00:00,365,1
681,2021-03-20 04:00:00,Random Forest,4,0.9491911013686145,0.9472376023805184,2020-03-20 04:00:00,2021-03-20 04:00:00,2021-03-20 04:00:00,365,1
682,2021-03-20 04:00:00,Neural Network,4,0.9491911013686145,0.7820082382515454,2020-03-20 04:00:00,2021-03-20 04:00:00,2021-03-20 04:00:00,365,1
683,2021-03-20 04:00:00,Naive,4,0.9491911013686145,0.9511183680730698,2020-03-20 04:00:00,2021-03-20 04:00:00,2021-03-20 04:00:00,365,1
684,2021-03-21 04:00:00,Decision Tree,4,-0.6253423191488724,-0.6001942931019748,2020-03-21 04:00:00,2021-03-21 04:00:00,2021-03-21 04:00:00,365,1
685,2021-03-21 04:00:00,Random Forest,4,-0.6253423191488724,-0.5985982887319312,2020-03-21 04:00:00,2021-03-21 04:00:00,2021-03-21 04:00:00,365,1
686,2021-03-21 04:00:00,Neural Network,4,-0.6253423191488724,-0.8108958791505738,2020-03-21 04:00:00,2021-03-21 04:00:00,2021-03-21 04:00:00,365,1
687,2021-03-21 04:00:00,Naive,4,-0.6253423191488724,0.9491911013686145,2020-03-21 04:00:00,2021-03-21 04:00:00,2021-03-21 04:00:00,365,1
688,2021-03-22 04:00:00,Decision Tree,4,0.8075161999667109,0.8708443126050381,2020-03-22 04:00:00,2021-03-22 04:00:00,2021-03-22 04:00:00,365,1
689,2021-03-22 04:00:00,Random Forest,4,0.8075161999667109,0.8531156762214368,2020-03-22 04:00:00,2021-03-22 04:00:00,2021-03-22 04:00:00,365,1
690,2021-03-22 04:00:00,Neural Network,4,0.8075161999667109,0.6076488561114731,2020-03-22 04:00:00,2021-03-22 04:00:00,2021-03-22 04:00:00,365,1
691,2021-03-22 04:00:00,Naive,4,0.8075161999667109,-0.6253423191488724,2020-03-22 04:00:00,2021-03-22 04:00:00,2021-03-22 04:00:00,365,1
692,2021-03-23 04:00:00,Decision Tree,4,1.0668622215073356,0.9629682595613929,2020-03-23 04:00:00,2021-03-23 04:00:00,2021-03-23 04:00:00,365,1
693,2021-03-23 04:00:00,Random Forest,4,1.0668622215073356,0.9439939352764418,2020-03-23 04:00:00,2021-03-23 04:00:00,2021-03-23 04:00:00,365,1
694,2021-03-23 04:00:00,Neural Network,4,1.0668622215073356,1.02396353757432,2020-03-23 04:00:00,2021-03-23 04:00:00,2021-03-23 04:00:00,365,1
695,2021-03-23 04:00:00,Naive,4,1.0668622215073356,0.8075161999667109,2020-03-23 04:00:00,2021-03-23 04:00:00,2021-03-23 04:00:00,365,1
696,2021-03-24 04:00:00,Decision Tree,4,0.8046259993939774,0.8501210104381756,2020-03-24 04:00:00,2021-03-24 04:00:00,2021-03-24 04:00:00,365,1
697,2021-03-24 04:00:00,Random Forest,4,0.8046259993939774,0.8150302408866325,2020-03-24 04:00:00,2021-03-24 04:00:00,2021-03-24 04:00:00,365,1
698,2021-03-24 04:00:00,Neural Network,4,0.8046259993939774,0.760452616670025,2020-03-24 04:00:00,2021-03-24 04:00:00,2021-03-24 04:00:00,365,1
699,2021-03-24 04:00:00,Naive,4,0.8046259993939774,1.0668622215073356,2020-03-24 04:00:00,2021-03-24 04:00:00,2021-03-24 04:00:00,365,1
700,2021-03-25 04:00:00,Decision Tree,4,0.9467038167108236,0.9704051757307603,2020-03-25 04:00:00,2021-03-25 04:00:00,2021-03-25 04:00:00,365,1
701,2021-03-25 04:00:00,Random Forest,4,0.9467038167108236,0.9820298677109888,2020-03-25 04:00:00,2021-03-25 04:00:00,2021-03-25 04:00:00,365,1
702,2021-03-25 04:00:00,Neural Network,4,0.9467038167108236,0.9506329379673635,2020-03-25 04:00:00,2021-03-25 04:00:00,2021-03-25 04:00:00,365,1
703,2021-03-25 04:00:00,Naive,4,0.9467038167108236,0.8046259993939774,2020-03-25 04:00:00,2021-03-25 04:00:00,2021-03-25 04:00:00,365,1
704,2021-03-26 04:00:00,Decision Tree,4,0.6892983056962142,0.7588803507819326,2020-03-26 04:00:00,2021-03-26 04:00:00,2021-03-26 04:00:00,365,1
705,2021-03-26 04:00:00,Random Forest,4,0.6892983056962142,0.7403328672327074,2020-03-26 04:00:00,2021-03-26 04:00:00,2021-03-26 04:00:00,365,1
706,2021-03-26 04:00:00,Neural Network,4,0.6892983056962142,0.5984036441180368,2020-03-26 04:00:00,2021-03-26 04:00:00,2021-03-26 04:00:00,365,1
707,2021-03-26 04:00:00,Naive,4,0.6892983056962142,0.9467038167108236,2020-03-26 04:00:00,2021-03-26 04:00:00,2021-03-26 04:00:00,365,1
708,2021-03-27 04:00:00,Decision Tree,4,-0.4364212035579657,-0.42852338707540616,2020-03-27 04:00:00,2021-03-27 04:00:00,2021-03-27 04:00:00,365,1
709,2021-03-27 04:00:00,Random Forest,4,-0.4364212035579657,-0.43075096677502567,2020-03-27 04:00:00,2021-03-27 04:00:00,2021-03-27 04:00:00,365,1
710,2021-03-27 04:00:00,Neural Network,4,-0.4364212035579657,-0.5048706610687698,2020-03-27 04:00:00,2021-03-27 04:00:00,2021-03-27 04:00:00,365,1
711,2021-03-27 04:00:00,Naive,4,-0.4364212035579657,0.6892983056962142,2020-03-27 04:00:00,2021-03-27 04:00:00,2021-03-27 04:00:00,365,1
712,2021-03-28 04:00:00,Decision Tree,4,-0.04842515934338101,-0.021803108281902017,2020-03-28 04:00:00,2021-03-28 04:00:00,2021-03-28 04:00:00,365,1
713,2021-03-28 04:00:00,Random Forest,4,-0.04842515934338101,-0.016369235138590732,2020-03-28 04:00:00,2021-03-28 04:00:00,2021-03-28 04:00:00,365,1
714,2021-03-28 04:00:00,Neural Network,4,-0.04842515934338101,-0.10902872367909366,2020-03-28 04:00:00,2021-03-28 04:00:00,2021-03-28 04:00:00,365,1
715,2021-03-28 04:00:00,Naive,4,-0.04842515934338101,-0.4364212035579657,2020-03-28 04:00:00,2021-03-28 04:00:00,2021-03-28 04:00:00,365,1
716,2021-03-29 04:00:00,Decision Tree,4,-0.8157327259581975,-0.8105452721608618,2020-03-29 04:00:00,2021-03-29 04:00:00,2021-03-29 04:00:00,365,1
717,2021-03-29 04:00:00,Random Forest,4,-0.8157327259581975,-0.7855584500090163,2020-03-29 04:00:00,2021-03-29 04:00:00,2021-03-29 04:00:00,365,1
718,2021-03-29 04:00:00,Neural Network,4,-0.8157327259581975,-0.9154396995940816,2020-03-29 04:00:00,2021-03-29 04:00:00,2021-03-29 04:00:00,365,1
719,2021-03-29 04:00:00,Naive,4,-0.8157327259581975,-0.04842515934338101,2020-03-29 04:00:00,2021-03-29 04:00:00,2021-03-29 04:00:00,365,1
720,2021-03-30 04:00:00,Decision Tree,4,0.725917291979315,0.8008159840301986,2020-03-30 04:00:00,2021-03-30 04:00:00,2021-03-30 04:00:00,365,1
721,2021-03-30 04:00:00,Random Forest,4,0.725917291979315,0.7892896432950202,2020-03-30 04:00:00,2021-03-30 04:00:00,2021-03-30 04:00:00,365,1
722,2021-03-30 04:00:00,Neural Network,4,0.725917291979315,0.5857884506391048,2020-03-30 04:00:00,2021-03-30 04:00:00,2021-03-30 04:00:00,365,1
723,2021-03-30 04:00:00,Naive,4,0.725917291979315,-0.8157327259581975,2020-03-30 04:00:00,2021-03-30 04:00:00,2021-03-30 04:00:00,365,1
724,2021-03-31 04:00:00,Decision Tree,4,0.8380724954687053,0.870844312605038,2020-03-31 04:00:00,2021-03-31 04:00:00,2021-03-31 04:00:00,365,1
725,2021-03-31 04:00:00,Random Forest,4,0.8380724954687053,0.8694060148438598,2020-03-31 04:00:00,2021-03-31 04:00:00,2021-03-31 04:00:00,365,1
726,2021-03-31 04:00:00,Neural Network,4,0.8380724954687053,0.7188578530878018,2020-03-31 04:00:00,2021-03-31 04:00:00,2021-03-31 04:00:00,365,1
727,2021-03-31 04:00:00,Naive,4,0.8380724954687053,0.725917291979315,2020-03-31 04:00:00,2021-03-31 04:00:00,2021-03-31 04:00:00,365,1
728,2021-04-01 04:00:00,Decision Tree,4,0.6000304070986733,0.6251743614150013,2020-04-01 04:00:00,2021-04-01 04:00:00,2021-04-01 04:00:00,365,1
729,2021-04-01 04:00:00,Random Forest,4,0.6000304070986733,0.6126268068805519,2020-04-01 04:00:00,2021-04-01 04:00:00,2021-04-01 04:00:00,365,1
730,2021-04-01 04:00:00,Neural Network,4,0.6000304070986733,0.4854912660547011,2020-04-01 04:00:00,2021-04-01 04:00:00,2021-04-01 04:00:00,365,1
731,2021-04-01 04:00:00,Naive,4,0.6000304070986733,0.8380724954687053,2020-04-01 04:00:00,2021-04-01 04:00:00,2021-04-01 04:00:00,365,1
732,2021-04-02 04:00:00,Decision Tree,4,0.5762440578167461,0.595302449341117,2020-04-02 04:00:00,2021-04-02 04:00:00,2021-04-02 04:00:00,365,1
733,2021-04-02 04:00:00,Random Forest,4,0.5762440578167461,0.5880838086246748,2020-04-02 04:00:00,2021-04-02 04:00:00,2021-04-02 04:00:00,365,1
734,2021-04-02 04:00:00,Neural Network,4,0.5762440578167461,0.1941497538136433,2020-04-02 04:00:00,2021-04-02 04:00:00,2021-04-02 04:00:00,365,1
735,2021-04-02 04:00:00,Naive,4,0.5762440578167461,0.6000304070986733,2020-04-02 04:00:00,2021-04-02 04:00:00,2021-04-02 04:00:00,365,1
736,2021-04-03 04:00:00,Decision Tree,4,0.10103855076980597,0.04311091106697618,2020-04-03 04:00:00,2021-04-03 04:00:00,2021-04-03 04:00:00,365,1
737,2021-04-03 04:00:00,Random Forest,4,0.10103855076980597,0.09698177109269214,2020-04-03 04:00:00,2021-04-03 04:00:00,2021-04-03 04:00:00,365,1
738,2021-04-03 04:00:00,Neural Network,4,0.10103855076980597,-0.1872635699651593,2020-04-03 04:00:00,2021-04-03 04:00:00,2021-04-03 04:00:00,365,1
739,2021-04-03 04:00:00,Naive,4,0.10103855076980597,0.5762440578167461,2020-04-03 04:00:00,2021-04-03 04:00:00,2021-04-03 04:00:00,365,1
740,2021-04-04 04:00:00,Decision Tree,4,0.3018157788220747,0.36394520011957854,2020-04-04 04:00:00,2021-04-04 04:00:00,2021-04-04 04:00:00,365,1
741,2021-04-04 04:00:00,Random Forest,4,0.3018157788220747,0.3578088848860842,2020-04-04 04:00:00,2021-04-04 04:00:00,2021-04-04 04:00:00,365,1
742,2021-04-04 04:00:00,Neural Network,4,0.3018157788220747,0.14772798259882214,2020-04-04 04:00:00,2021-04-04 04:00:00,2021-04-04 04:00:00,365,1
743,2021-04-04 04:00:00,Naive,4,0.3018157788220747,0.10103855076980597,2020-04-04 04:00:00,2021-04-04 04:00:00,2021-04-04 04:00:00,365,1
744,2021-04-05 04:00:00,Decision Tree,4,-2.1456261252017432,-1.9407010945835534,2020-04-05 04:00:00,2021-04-05 04:00:00,2021-04-05 04:00:00,365,1
745,2021-04-05 04:00:00,Random Forest,4,-2.1456261252017432,-1.9441767711146742,2020-04-05 04:00:00,2021-04-05 04:00:00,2021-04-05 04:00:00,365,1
746,2021-04-05 04:00:00,Neural Network,4,-2.1456261252017432,-1.9364271479000301,2020-04-05 04:00:00,2021-04-05 04:00:00,2021-04-05 04:00:00,365,1
747,2021-04-05 04:00:00,Naive,4,-2.1456261252017432,0.3018157788220747,2020-04-05 04:00:00,2021-04-05 04:00:00,2021-04-05 04:00:00,365,1
748,2021-04-06 04:00:00,Decision Tree,4,-1.2083231837776696,-1.1857443470683096,2020-04-06 04:00:00,2021-04-06 04:00:00,2021-04-06 04:00:00,365,1
749,2021-04-06 04:00:00,Random Forest,4,-1.2083231837776696,-1.1858595027711198,2020-04-06 04:00:00,2021-04-06 04:00:00,2021-04-06 04:00:00,365,1
750,2021-04-06 04:00:00,Neural Network,4,-1.2083231837776696,-1.3713188870328252,2020-04-06 04:00:00,2021-04-06 04:00:00,2021-04-06 04:00:00,365,1
751,2021-04-06 04:00:00,Naive,4,-1.2083231837776696,-2.1456261252017432,2020-04-06 04:00:00,2021-04-06 04:00:00,2021-04-06 04:00:00,365,1
752,2021-04-07 04:00:00,Decision Tree,4,0.6139205052852937,0.6373643142381729,2020-04-07 04:00:00,2021-04-07 04:00:00,2021-04-07 04:00:00,365,1
753,2021-04-07 04:00:00,Random Forest,4,0.6139205052852937,0.6654293821548993,2020-04-07 04:00:00,2021-04-07 04:00:00,2021-04-07 04:00:00,365,1
754,2021-04-07 04:00:00,Neural Network,4,0.6139205052852937,0.5469513740893988,2020-04-07 04:00:00,2021-04-07 04:00:00,2021-04-07 04:00:00,365,1
755,2021-04-07 04:00:00,Naive,4,0.6139205052852937,-1.2083231837776696,2020-04-07 04:00:00,2021-04-07 04:00:00,2021-04-07 04:00:00,365,1
756,2021-04-08 04:00:00,Decision Tree,4,0.742771376277912,0.8013602719393098,2020-04-08 04:00:00,2021-04-08 04:00:00,2021-04-08 04:00:00,365,1
757,2021-04-08 04:00:00,Random Forest,4,0.742771376277912,0.7943617587367431,2020-04-08 04:00:00,2021-04-08 04:00:00,2021-04-08 04:00:00,365,1
758,2021-04-08 04:00:00,Neural Network,4,0.742771376277912,0.6714261194381643,2020-04-08 04:00:00,2021-04-08 04:00:00,2021-04-08 04:00:00,365,1
759,2021-04-08 04:00:00,Naive,4,0.742771376277912,0.6139205052852937,2020-04-08 04:00:00,2021-04-08 04:00:00,2021-04-08 04:00:00,365,1
760,2021-04-09 04:00:00,Decision Tree,4,0.43929587108079154,0.5171764626031851,2020-04-09 04:00:00,2021-04-09 04:00:00,2021-04-09 04:00:00,365,1
761,2021-04-09 04:00:00,Random Forest,4,0.43929587108079154,0.5068984748699662,2020-04-09 04:00:00,2021-04-09 04:00:00,2021-04-09 04:00:00,365,1
762,2021-04-09 04:00:00,Neural Network,4,0.43929587108079154,0.36581134122054254,2020-04-09 04:00:00,2021-04-09 04:00:00,2021-04-09 04:00:00,365,1
763,2021-04-09 04:00:00,Naive,4,0.43929587108079154,0.742771376277912,2020-04-09 04:00:00,2021-04-09 04:00:00,2021-04-09 04:00:00,365,1
764,2021-04-10 04:00:00,Decision Tree,4,1.0294104038058882,0.9674425058532683,2020-04-10 04:00:00,2021-04-10 04:00:00,2021-04-10 04:00:00,365,1
765,2021-04-10 04:00:00,Random Forest,4,1.0294104038058882,0.9656450401524728,2020-04-10 04:00:00,2021-04-10 04:00:00,2021-04-10 04:00:00,365,1
766,2021-04-10 04:00:00,Neural Network,4,1.0294104038058882,0.747120630486523,2020-04-10 04:00:00,2021-04-10 04:00:00,2021-04-10 04:00:00,365,1
767,2021-04-10 04:00:00,Naive,4,1.0294104038058882,0.43929587108079154,2020-04-10 04:00:00,2021-04-10 04:00:00,2021-04-10 04:00:00,365,1
768,2021-04-11 04:00:00,Decision Tree,4,0.6182654579742803,0.6704495768644557,2020-04-11 04:00:00,2021-04-11 04:00:00,2021-04-11 04:00:00,365,1
769,2021-04-11 04:00:00,Random Forest,4,0.6182654579742803,0.6502455987082828,2020-04-11 04:00:00,2021-04-11 04:00:00,2021-04-11 04:00:00,365,1
770,2021-04-11 04:00:00,Neural Network,4,0.6182654579742803,0.4768672202204479,2020-04-11 04:00:00,2021-04-11 04:00:00,2021-04-11 04:00:00,365,1
771,2021-04-11 04:00:00,Naive,4,0.6182654579742803,1.0294104038058882,2020-04-11 04:00:00,2021-04-11 04:00:00,2021-04-11 04:00:00,365,1
772,2021-04-12 04:00:00,Decision Tree,4,0.9155764267060399,0.9743278278480039,2020-04-12 04:00:00,2021-04-12 04:00:00,2021-04-12 04:00:00,365,1
773,2021-04-12 04:00:00,Random Forest,4,0.9155764267060399,0.9687384963716344,2020-04-12 04:00:00,2021-04-12 04:00:00,2021-04-12 04:00:00,365,1
774,2021-04-12 04:00:00,Neural Network,4,0.9155764267060399,0.7638856860695321,2020-04-12 04:00:00,2021-04-12 04:00:00,2021-04-12 04:00:00,365,1
775,2021-04-12 04:00:00,Naive,4,0.9155764267060399,0.6182654579742803,2020-04-12 04:00:00,2021-04-12 04:00:00,2021-04-12 04:00:00,365,1
776,2021-04-13 04:00:00,Decision Tree,4,1.0100376961415034,0.9887271049839956,2020-04-13 04:00:00,2021-04-13 04:00:00,2021-04-13 04:00:00,365,1
777,2021-04-13 04:00:00,Random Forest,4,1.0100376961415034,0.9863927330900998,2020-04-13 04:00:00,2021-04-13 04:00:00,2021-04-13 04:00:00,365,1
778,2021-04-13 04:00:00,Neural Network,4,1.0100376961415034,1.0255153038398588,2020-04-13 04:00:00,2021-04-13 04:00:00,2021-04-13 04:00:00,365,1
779,2021-04-13 04:00:00,Naive,4,1.0100376961415034,0.9155764267060399,2020-04-13 04:00:00,2021-04-13 04:00:00,2021-04-13 04:00:00,365,1
780,2021-04-14 04:00:00,Decision Tree,4,1.0983967823004266,0.9922788701769135,2020-04-14 04:00:00,2021-04-14 04:00:00,2021-04-14 04:00:00,365,1
781,2021-04-14 04:00:00,Random Forest,4,1.0983967823004266,1.0079425051247335,2020-04-14 04:00:00,2021-04-14 04:00:00,2021-04-14 04:00:00,365,1
782,2021-04-14 04:00:00,Neural Network,4,1.0983967823004266,1.1482708681313434,2020-04-14 04:00:00,2021-04-14 04:00:00,2021-04-14 04:00:00,365,1
783,2021-04-14 04:00:00,Naive,4,1.0983967823004266,1.0100376961415034,2020-04-14 04:00:00,2021-04-14 04:00:00,2021-04-14 04:00:00,365,1
784,2021-04-15 04:00:00,Decision Tree,4,1.3749577424411514,1.0302821840931955,2020-04-15 04:00:00,2021-04-15 04:00:00,2021-04-15 04:00:00,365,1
785,2021-04-15 04:00:00,Random Forest,4,1.3749577424411514,1.0410421074689566,2020-04-15 04:00:00,2021-04-15 04:00:00,2021-04-15 04:00:00,365,1
786,2021-04-15 04:00:00,Neural Network,4,1.3749577424411514,1.500946333485384,2020-04-15 04:00:00,2021-04-15 04:00:00,2021-04-15 04:00:00,365,1
787,2021-04-15 04:00:00,Naive,4,1.3749577424411514,1.0983967823004266,2020-04-15 04:00:00,2021-04-15 04:00:00,2021-04-15 04:00:00,365,1
788,2021-04-16 04:00:00,Decision Tree,4,1.11099549048647,1.115932969239261,2020-04-16 04:00:00,2021-04-16 04:00:00,2021-04-16 04:00:00,365,1
789,2021-04-16 04:00:00,Random Forest,4,1.11099549048647,1.1536805934636183,2020-04-16 04:00:00,2021-04-16 04:00:00,2021-04-16 04:00:00,365,1
790,2021-04-16 04:00:00,Neural Network,4,1.11099549048647,1.1365394441595762,2020-04-16 04:00:00,2021-04-16 04:00:00,2021-04-16 04:00:00,365,1
791,2021-04-16 04:00:00,Naive,4,1.11099549048647,1.3749577424411514,2020-04-16 04:00:00,2021-04-16 04:00:00,2021-04-16 04:00:00,365,1
792,2021-04-17 04:00:00,Decision Tree,4,1.1790262926911308,1.1361245281082542,2020-04-17 04:00:00,2021-04-17 04:00:00,2021-04-17 04:00:00,365,1
793,2021-04-17 04:00:00,Random Forest,4,1.1790262926911308,1.1612605040674924,2020-04-17 04:00:00,2021-04-17 04:00:00,2021-04-17 04:00:00,365,1
794,2021-04-17 04:00:00,Neural Network,4,1.1790262926911308,1.1161896245747234,2020-04-17 04:00:00,2021-04-17 04:00:00,2021-04-17 04:00:00,365,1
795,2021-04-17 04:00:00,Naive,4,1.1790262926911308,1.11099549048647,2020-04-17 04:00:00,2021-04-17 04:00:00,2021-04-17 04:00:00,365,1
796,2021-04-18 04:00:00,Decision Tree,4,1.3658784434758866,1.1242409470534152,2020-04-18 04:00:00,2021-04-18 04:00:00,2021-04-18 04:00:00,365,1
797,2021-04-18 04:00:00,Random Forest,4,1.3658784434758866,1.1993334813981595,2020-04-18 04:00:00,2021-04-18 04:00:00,2021-04-18 04:00:00,365,1
798,2021-04-18 04:00:00,Neural Network,4,1.3658784434758866,1.3176284829269054,2020-04-18 04:00:00,2021-04-18 04:00:00,2021-04-18 04:00:00,365,1
799,2021-04-18 04:00:00,Naive,4,1.3658784434758866,1.1790262926911308,2020-04-18 04:00:00,2021-04-18 04:00:00,2021-04-18 04:00:00,365,1
800,2021-04-19 04:00:00,Decision Tree,4,1.2503337725753896,1.1750753395297555,2020-04-19 04:00:00,2021-04-19 04:00:00,2021-04-19 04:00:00,365,1
801,2021-04-19 04:00:00,Random Forest,4,1.2503337725753896,1.2393285818488615,2020-04-19 04:00:00,2021-04-19 04:00:00,2021-04-19 04:00:00,365,1
802,2021-04-19 04:00:00,Neural Network,4,1.2503337725753896,1.116744851431329,2020-04-19 04:00:00,2021-04-19 04:00:00,2021-04-19 04:00:00,365,1
803,2021-04-19 04:00:00,Naive,4,1.2503337725753896,1.3658784434758866,2020-04-19 04:00:00,2021-04-19 04:00:00,2021-04-19 04:00:00,365,1
804,2021-04-20 04:00:00,Decision Tree,4,1.5968956791936377,1.2066358207825414,2020-04-20 04:00:00,2021-04-20 04:00:00,2021-04-20 04:00:00,365,1
805,2021-04-20 04:00:00,Random Forest,4,1.5968956791936377,1.2814650475549194,2020-04-20 04:00:00,2021-04-20 04:00:00,2021-04-20 04:00:00,365,1
806,2021-04-20 04:00:00,Neural Network,4,1.5968956791936377,1.8341866974018943,2020-04-20 04:00:00,2021-04-20 04:00:00,2021-04-20 04:00:00,365,1
807,2021-04-20 04:00:00,Naive,4,1.5968956791936377,1.2503337725753896,2020-04-20 04:00:00,2021-04-20 04:00:00,2021-04-20 04:00:00,365,1
808,2021-04-21 04:00:00,Decision Tree,4,1.4031921126338336,1.3534183860754392,2020-04-21 04:00:00,2021-04-21 04:00:00,2021-04-21 04:00:00,365,1
809,2021-04-21 04:00:00,Random Forest,4,1.4031921126338336,1.3619365528738916,2020-04-21 04:00:00,2021-04-21 04:00:00,2021-04-21 04:00:00,365,1
810,2021-04-21 04:00:00,Neural Network,4,1.4031921126338336,1.510868301135258,2020-04-21 04:00:00,2021-04-21 04:00:00,2021-04-21 04:00:00,365,1
811,2021-04-21 04:00:00,Naive,4,1.4031921126338336,1.5968956791936377,2020-04-21 04:00:00,2021-04-21 04:00:00,2021-04-21 04:00:00,365,1
812,2021-04-22 04:00:00,Decision Tree,4,0.743671592414324,0.8050518234316684,2020-04-22 04:00:00,2021-04-22 04:00:00,2021-04-22 04:00:00,365,1
813,2021-04-22 04:00:00,Random Forest,4,0.743671592414324,0.7849742314334625,2020-04-22 04:00:00,2021-04-22 04:00:00,2021-04-22 04:00:00,365,1
814,2021-04-22 04:00:00,Neural Network,4,0.743671592414324,0.7935883224369176,2020-04-22 04:00:00,2021-04-22 04:00:00,2021-04-22 04:00:00,365,1
815,2021-04-22 04:00:00,Naive,4,0.743671592414324,1.4031921126338336,2020-04-22 04:00:00,2021-04-22 04:00:00,2021-04-22 04:00:00,365,1
816,2021-04-23 04:00:00,Decision Tree,4,1.2227462922042671,1.3982515500639798,2020-04-23 04:00:00,2021-04-23 04:00:00,2021-04-23 04:00:00,365,1
817,2021-04-23 04:00:00,Random Forest,4,1.2227462922042671,1.2214993412506072,2020-04-23 04:00:00,2021-04-23 04:00:00,2021-04-23 04:00:00,365,1
818,2021-04-23 04:00:00,Neural Network,4,1.2227462922042671,1.1827753373993097,2020-04-23 04:00:00,2021-04-23 04:00:00,2021-04-23 04:00:00,365,1
819,2021-04-23 04:00:00,Naive,4,1.2227462922042671,0.743671592414324,2020-04-23 04:00:00,2021-04-23 04:00:00,2021-04-23 04:00:00,365,1
820,2021-04-24 04:00:00,Decision Tree,4,1.114784295573751,1.0631405188483245,2020-04-24 04:00:00,2021-04-24 04:00:00,2021-04-24 04:00:00,365,1
821,2021-04-24 04:00:00,Random Forest,4,1.114784295573751,1.1091713485507775,2020-04-24 04:00:00,2021-04-24 04:00:00,2021-04-24 04:00:00,365,1
822,2021-04-24 04:00:00,Neural Network,4,1.114784295573751,0.9298075717852979,2020-04-24 04:00:00,2021-04-24 04:00:00,2021-04-24 04:00:00,365,1
823,2021-04-24 04:00:00,Naive,4,1.114784295573751,1.2227462922042671,2020-04-24 04:00:00,2021-04-24 04:00:00,2021-04-24 04:00:00,365,1
824,2021-04-25 04:00:00,Decision Tree,4,0.7830527986379774,0.8562322695385746,2020-04-25 04:00:00,2021-04-25 04:00:00,2021-04-25 04:00:00,365,1
825,2021-04-25 04:00:00,Random Forest,4,0.7830527986379774,0.8421058549226248,2020-04-25 04:00:00,2021-04-25 04:00:00,2021-04-25 04:00:00,365,1
826,2021-04-25 04:00:00,Neural Network,4,0.7830527986379774,0.5100979835325575,2020-04-25 04:00:00,2021-04-25 04:00:00,2021-04-25 04:00:00,365,1
827,2021-04-25 04:00:00,Naive,4,0.7830527986379774,1.114784295573751,2020-04-25 04:00:00,2021-04-25 04:00:00,2021-04-25 04:00:00,365,1
828,2021-04-26 04:00:00,Decision Tree,4,0.9436420811315748,0.9481782704836194,2020-04-26 04:00:00,2021-04-26 04:00:00,2021-04-26 04:00:00,365,1
829,2021-04-26 04:00:00,Random Forest,4,0.9436420811315748,0.9973237917787926,2020-04-26 04:00:00,2021-04-26 04:00:00,2021-04-26 04:00:00,365,1
830,2021-04-26 04:00:00,Neural Network,4,0.9436420811315748,0.6846570776506777,2020-04-26 04:00:00,2021-04-26 04:00:00,2021-04-26 04:00:00,365,1
831,2021-04-26 04:00:00,Naive,4,0.9436420811315748,0.7830527986379774,2020-04-26 04:00:00,2021-04-26 04:00:00,2021-04-26 04:00:00,365,1
832,2021-04-27 04:00:00,Decision Tree,4,0.9417859397593616,0.9773621999108292,2020-04-27 04:00:00,2021-04-27 04:00:00,2021-04-27 04:00:00,365,1
833,2021-04-27 04:00:00,Random Forest,4,0.9417859397593616,0.9720283432289356,2020-04-27 04:00:00,2021-04-27 04:00:00,2021-04-27 04:00:00,365,1
834,2021-04-27 04:00:00,Neural Network,4,0.9417859397593616,0.9068029416045472,2020-04-27 04:00:00,2021-04-27 04:00:00,2021-04-27 04:00:00,365,1
835,2021-04-27 04:00:00,Naive,4,0.9417859397593616,0.9436420811315748,2020-04-27 04:00:00,2021-04-27 04:00:00,2021-04-27 04:00:00,365,1
836,2021-04-28 04:00:00,Decision Tree,4,1.0736755012357453,1.0840898387347742,2020-04-28 04:00:00,2021-04-28 04:00:00,2021-04-28 04:00:00,365,1
837,2021-04-28 04:00:00,Random Forest,4,1.0736755012357453,1.1017595364554058,2020-04-28 04:00:00,2021-04-28 04:00:00,2021-04-28 04:00:00,365,1
838,2021-04-28 04:00:00,Neural Network,4,1.0736755012357453,1.0519666467061364,2020-04-28 04:00:00,2021-04-28 04:00:00,2021-04-28 04:00:00,365,1
839,2021-04-28 04:00:00,Naive,4,1.0736755012357453,0.9417859397593616,2020-04-28 04:00:00,2021-04-28 04:00:00,2021-04-28 04:00:00,365,1
840,2021-04-29 04:00:00,Decision Tree,4,0.9760364464674488,0.960257519086298,2020-04-29 04:00:00,2021-04-29 04:00:00,2021-04-29 04:00:00,365,1
841,2021-04-29 04:00:00,Random Forest,4,0.9760364464674488,1.015157219844276,2020-04-29 04:00:00,2021-04-29 04:00:00,2021-04-29 04:00:00,365,1
842,2021-04-29 04:00:00,Neural Network,4,0.9760364464674488,0.9401183008128178,2020-04-29 04:00:00,2021-04-29 04:00:00,2021-04-29 04:00:00,365,1
843,2021-04-29 04:00:00,Naive,4,0.9760364464674488,1.0736755012357453,2020-04-29 04:00:00,2021-04-29 04:00:00,2021-04-29 04:00:00,365,1
844,2021-04-30 04:00:00,Decision Tree,4,1.310998922690435,1.3418614764593282,2020-04-30 04:00:00,2021-04-30 04:00:00,2021-04-30 04:00:00,365,1
845,2021-04-30 04:00:00,Random Forest,4,1.310998922690435,1.3108795530510033,2020-04-30 04:00:00,2021-04-30 04:00:00,2021-04-30 04:00:00,365,1
846,2021-04-30 04:00:00,Neural Network,4,1.310998922690435,1.3603411116828545,2020-04-30 04:00:00,2021-04-30 04:00:00,2021-04-30 04:00:00,365,1
847,2021-04-30 04:00:00,Naive,4,1.310998922690435,0.9760364464674488,2020-04-30 04:00:00,2021-04-30 04:00:00,2021-04-30 04:00:00,365,1
848,2021-05-01 04:00:00,Decision Tree,4,1.2924678689136646,1.3380036572382163,2020-05-01 04:00:00,2021-05-01 04:00:00,2021-05-01 04:00:00,365,1
849,2021-05-01 04:00:00,Random Forest,4,1.2924678689136646,1.372747272399143,2020-05-01 04:00:00,2021-05-01 04:00:00,2021-05-01 04:00:00,365,1
850,2021-05-01 04:00:00,Neural Network,4,1.2924678689136646,1.08863534295798,2020-05-01 04:00:00,2021-05-01 04:00:00,2021-05-01 04:00:00,365,1
851,2021-05-01 04:00:00,Naive,4,1.2924678689136646,1.310998922690435,2020-05-01 04:00:00,2021-05-01 04:00:00,2021-05-01 04:00:00,365,1
852,2021-05-02 04:00:00,Decision Tree,4,0.8398915950741714,0.9625116515693195,2020-05-02 04:00:00,2021-05-02 04:00:00,2021-05-02 04:00:00,365,1
853,2021-05-02 04:00:00,Random Forest,4,0.8398915950741714,0.9463890608636524,2020-05-02 04:00:00,2021-05-02 04:00:00,2021-05-02 04:00:00,365,1
854,2021-05-02 04:00:00,Neural Network,4,0.8398915950741714,0.5775909143452564,2020-05-02 04:00:00,2021-05-02 04:00:00,2021-05-02 04:00:00,365,1
855,2021-05-02 04:00:00,Naive,4,0.8398915950741714,1.2924678689136646,2020-05-02 04:00:00,2021-05-02 04:00:00,2021-05-02 04:00:00,365,1
856,2021-05-03 04:00:00,Decision Tree,4,0.9452023339347554,0.9463001143869774,2020-05-03 04:00:00,2021-05-03 04:00:00,2021-05-03 04:00:00,365,1
857,2021-05-03 04:00:00,Random Forest,4,0.9452023339347554,0.9589798968525821,2020-05-03 04:00:00,2021-05-03 04:00:00,2021-05-03 04:00:00,365,1
858,2021-05-03 04:00:00,Neural Network,4,0.9452023339347554,0.7880087480226947,2020-05-03 04:00:00,2021-05-03 04:00:00,2021-05-03 04:00:00,365,1
859,2021-05-03 04:00:00,Naive,4,0.9452023339347554,0.8398915950741714,2020-05-03 04:00:00,2021-05-03 04:00:00,2021-05-03 04:00:00,365,1
860,2021-05-04 04:00:00,Decision Tree,4,-1.6519168620499012,-1.7402018077812722,2020-05-04 04:00:00,2021-05-04 04:00:00,2021-05-04 04:00:00,365,1
861,2021-05-04 04:00:00,Random Forest,4,-1.6519168620499012,-1.72856389232532,2020-05-04 04:00:00,2021-05-04 04:00:00,2021-05-04 04:00:00,365,1
862,2021-05-04 04:00:00,Neural Network,4,-1.6519168620499012,-1.9053793510964456,2020-05-04 04:00:00,2021-05-04 04:00:00,2021-05-04 04:00:00,365,1
863,2021-05-04 04:00:00,Naive,4,-1.6519168620499012,0.9452023339347554,2020-05-04 04:00:00,2021-05-04 04:00:00,2021-05-04 04:00:00,365,1
864,2021-05-05 04:00:00,Decision Tree,4,-0.2586713817476249,-0.241157149005748,2020-05-05 04:00:00,2021-05-05 04:00:00,2021-05-05 04:00:00,365,1
865,2021-05-05 04:00:00,Random Forest,4,-0.2586713817476249,-0.2615866751912182,2020-05-05 04:00:00,2021-05-05 04:00:00,2021-05-05 04:00:00,365,1
866,2021-05-05 04:00:00,Neural Network,4,-0.2586713817476249,-0.2901551125672291,2020-05-05 04:00:00,2021-05-05 04:00:00,2021-05-05 04:00:00,365,1
867,2021-05-05 04:00:00,Naive,4,-0.2586713817476249,-1.6519168620499012,2020-05-05 04:00:00,2021-05-05 04:00:00,2021-05-05 04:00:00,365,1
868,2021-05-06 04:00:00,Decision Tree,4,1.0083902893855732,1.0823541158182695,2020-05-06 04:00:00,2021-05-06 04:00:00,2021-05-06 04:00:00,365,1
869,2021-05-06 04:00:00,Random Forest,4,1.0083902893855732,1.0698940075835641,2020-05-06 04:00:00,2021-05-06 04:00:00,2021-05-06 04:00:00,365,1
870,2021-05-06 04:00:00,Neural Network,4,1.0083902893855732,1.083380874617113,2020-05-06 04:00:00,2021-05-06 04:00:00,2021-05-06 04:00:00,365,1
871,2021-05-06 04:00:00,Naive,4,1.0083902893855732,-0.2586713817476249,2020-05-06 04:00:00,2021-05-06 04:00:00,2021-05-06 04:00:00,365,1
872,2021-05-07 04:00:00,Decision Tree,4,1.2837579383950055,1.3329441252021552,2020-05-07 04:00:00,2021-05-07 04:00:00,2021-05-07 04:00:00,365,1
873,2021-05-07 04:00:00,Random Forest,4,1.2837579383950055,1.3084286059492047,2020-05-07 04:00:00,2021-05-07 04:00:00,2021-05-07 04:00:00,365,1
874,2021-05-07 04:00:00,Neural Network,4,1.2837579383950055,1.195702526588382,2020-05-07 04:00:00,2021-05-07 04:00:00,2021-05-07 04:00:00,365,1
875,2021-05-07 04:00:00,Naive,4,1.2837579383950055,1.0083902893855732,2020-05-07 04:00:00,2021-05-07 04:00:00,2021-05-07 04:00:00,365,1
876,2021-05-08 04:00:00,Decision Tree,4,1.334764936614661,1.4103845800869887,2020-05-08 04:00:00,2021-05-08 04:00:00,2021-05-08 04:00:00,365,1
877,2021-05-08 04:00:00,Random Forest,4,1.334764936614661,1.365946663130558,2020-05-08 04:00:00,2021-05-08 04:00:00,2021-05-08 04:00:00,365,1
878,2021-05-08 04:00:00,Neural Network,4,1.334764936614661,1.1947518454177115,2020-05-08 04:00:00,2021-05-08 04:00:00,2021-05-08 04:00:00,365,1
879,2021-05-08 04:00:00,Naive,4,1.334764936614661,1.2837579383950055,2020-05-08 04:00:00,2021-05-08 04:00:00,2021-05-08 04:00:00,365,1
880,2021-05-09 04:00:00,Decision Tree,4,-1.6425094951591075,-1.652825007137222,2020-05-09 04:00:00,2021-05-09 04:00:00,2021-05-09 04:00:00,365,1
881,2021-05-09 04:00:00,Random Forest,4,-1.6425094951591075,-1.687321098812476,2020-05-09 04:00:00,2021-05-09 04:00:00,2021-05-09 04:00:00,365,1
882,2021-05-09 04:00:00,Neural Network,4,-1.6425094951591075,-1.9914225992220274,2020-05-09 04:00:00,2021-05-09 04:00:00,2021-05-09 04:00:00,365,1
883,2021-05-09 04:00:00,Naive,4,-1.6425094951591075,1.334764936614661,2020-05-09 04:00:00,2021-05-09 04:00:00,2021-05-09 04:00:00,365,1
884,2021-05-10 04:00:00,Decision Tree,4,-0.5268863263331643,-0.539765304893895,2020-05-10 04:00:00,2021-05-10 04:00:00,2021-05-10 04:00:00,365,1
885,2021-05-10 04:00:00,Random Forest,4,-0.5268863263331643,-0.5377008851949522,2020-05-10 04:00:00,2021-05-10 04:00:00,2021-05-10 04:00:00,365,1
886,2021-05-10 04:00:00,Neural Network,4,-0.5268863263331643,-0.48419618912483403,2020-05-10 04:00:00,2021-05-10 04:00:00,2021-05-10 04:00:00,365,1
887,2021-05-10 04:00:00,Naive,4,-0.5268863263331643,-1.6425094951591075,2020-05-10 04:00:00,2021-05-10 04:00:00,2021-05-10 04:00:00,365,1
888,2021-05-11 04:00:00,Decision Tree,4,1.1772961592954492,1.256555181244982,2020-05-11 04:00:00,2021-05-11 04:00:00,2021-05-11 04:00:00,365,1
889,2021-05-11 04:00:00,Random Forest,4,1.1772961592954492,1.2426172089005503,2020-05-11 04:00:00,2021-05-11 04:00:00,2021-05-11 04:00:00,365,1
890,2021-05-11 04:00:00,Neural Network,4,1.1772961592954492,1.1245443318406616,2020-05-11 04:00:00,2021-05-11 04:00:00,2021-05-11 04:00:00,365,1
891,2021-05-11 04:00:00,Naive,4,1.1772961592954492,-0.5268863263331643,2020-05-11 04:00:00,2021-05-11 04:00:00,2021-05-11 04:00:00,365,1
892,2021-05-12 04:00:00,Decision Tree,4,1.0802273470227375,1.0717878548993127,2020-05-12 04:00:00,2021-05-12 04:00:00,2021-05-12 04:00:00,365,1
893,2021-05-12 04:00:00,Random Forest,4,1.0802273470227375,1.1095228388591956,2020-05-12 04:00:00,2021-05-12 04:00:00,2021-05-12 04:00:00,365,1
894,2021-05-12 04:00:00,Neural Network,4,1.0802273470227375,1.081456726898421,2020-05-12 04:00:00,2021-05-12 04:00:00,2021-05-12 04:00:00,365,1
895,2021-05-12 04:00:00,Naive,4,1.0802273470227375,1.1772961592954492,2020-05-12 04:00:00,2021-05-12 04:00:00,2021-05-12 04:00:00,365,1
896,2021-05-13 04:00:00,Decision Tree,4,1.2670870826255158,1.2452324638236205,2020-05-13 04:00:00,2021-05-13 04:00:00,2021-05-13 04:00:00,365,1
897,2021-05-13 04:00:00,Random Forest,4,1.2670870826255158,1.3095439207218875,2020-05-13 04:00:00,2021-05-13 04:00:00,2021-05-13 04:00:00,365,1
898,2021-05-13 04:00:00,Neural Network,4,1.2670870826255158,1.1962642079587287,2020-05-13 04:00:00,2021-05-13 04:00:00,2021-05-13 04:00:00,365,1
899,2021-05-13 04:00:00,Naive,4,1.2670870826255158,1.0802273470227375,2020-05-13 04:00:00,2021-05-13 04:00:00,2021-05-13 04:00:00,365,1
900,2021-05-14 04:00:00,Decision Tree,4,1.345442809928629,1.4151377828718341,2020-05-14 04:00:00,2021-05-14 04:00:00,2021-05-14 04:00:00,365,1
901,2021-05-14 04:00:00,Random Forest,4,1.345442809928629,1.37639799876745,2020-05-14 04:00:00,2021-05-14 04:00:00,2021-05-14 04:00:00,365,1
902,2021-05-14 04:00:00,Neural Network,4,1.345442809928629,1.208057891777047,2020-05-14 04:00:00,2021-05-14 04:00:00,2021-05-14 04:00:00,365,1
903,2021-05-14 04:00:00,Naive,4,1.345442809928629,1.2670870826255158,2020-05-14 04:00:00,2021-05-14 04:00:00,2021-05-14 04:00:00,365,1
904,2021-05-15 04:00:00,Decision Tree,4,1.1417213861262725,1.2479642911738573,2020-05-15 04:00:00,2021-05-15 04:00:00,2021-05-15 04:00:00,365,1
905,2021-05-15 04:00:00,Random Forest,4,1.1417213861262725,1.1979929756095338,2020-05-15 04:00:00,2021-05-15 04:00:00,2021-05-15 04:00:00,365,1
906,2021-05-15 04:00:00,Neural Network,4,1.1417213861262725,0.9259626190182146,2020-05-15 04:00:00,2021-05-15 04:00:00,2021-05-15 04:00:00,365,1
907,2021-05-15 04:00:00,Naive,4,1.1417213861262725,1.345442809928629,2020-05-15 04:00:00,2021-05-15 04:00:00,2021-05-15 04:00:00,365,1
908,2021-05-16 04:00:00,Decision Tree,4,-0.4240900197984318,-0.4298396898224994,2020-05-16 04:00:00,2021-05-16 04:00:00,2021-05-16 04:00:00,365,1
909,2021-05-16 04:00:00,Random Forest,4,-0.4240900197984318,-0.4334594129644729,2020-05-16 04:00:00,2021-05-16 04:00:00,2021-05-16 04:00:00,365,1
910,2021-05-16 04:00:00,Neural Network,4,-0.4240900197984318,-0.02719896190759888,2020-05-16 04:00:00,2021-05-16 04:00:00,2021-05-16 04:00:00,365,1
911,2021-05-16 04:00:00,Naive,4,-0.4240900197984318,1.1417213861262725,2020-05-16 04:00:00,2021-05-16 04:00:00,2021-05-16 04:00:00,365,1
912,2021-05-17 04:00:00,Decision Tree,4,1.140796911674414,1.1253509623800722,2020-05-17 04:00:00,2021-05-17 04:00:00,2021-05-17 04:00:00,365,1
913,2021-05-17 04:00:00,Random Forest,4,1.140796911674414,1.1623833039584723,2020-05-17 04:00:00,2021-05-17 04:00:00,2021-05-17 04:00:00,365,1
914,2021-05-17 04:00:00,Neural Network,4,1.140796911674414,1.086517308365892,2020-05-17 04:00:00,2021-05-17 04:00:00,2021-05-17 04:00:00,365,1
915,2021-05-17 04:00:00,Naive,4,1.140796911674414,-0.4240900197984318,2020-05-17 04:00:00,2021-05-17 04:00:00,2021-05-17 04:00:00,365,1
916,2021-05-18 04:00:00,Decision Tree,4,1.2582503569145869,1.2712319795673797,2020-05-18 04:00:00,2021-05-18 04:00:00,2021-05-18 04:00:00,365,1
917,2021-05-18 04:00:00,Random Forest,4,1.2582503569145869,1.2872514904601875,2020-05-18 04:00:00,2021-05-18 04:00:00,2021-05-18 04:00:00,365,1
918,2021-05-18 04:00:00,Neural Network,4,1.2582503569145869,1.3408991946862217,2020-05-18 04:00:00,2021-05-18 04:00:00,2021-05-18 04:00:00,365,1
919,2021-05-18 04:00:00,Naive,4,1.2582503569145869,1.140796911674414,2020-05-18 04:00:00,2021-05-18 04:00:00,2021-05-18 04:00:00,365,1
920,2021-05-19 04:00:00,Decision Tree,4,1.385096918021474,1.4035219540479666,2020-05-19 04:00:00,2021-05-19 04:00:00,2021-05-19 04:00:00,365,1
921,2021-05-19 04:00:00,Random Forest,4,1.385096918021474,1.3890871423487885,2020-05-19 04:00:00,2021-05-19 04:00:00,2021-05-19 04:00:00,365,1
922,2021-05-19 04:00:00,Neural Network,4,1.385096918021474,1.4805133077815684,2020-05-19 04:00:00,2021-05-19 04:00:00,2021-05-19 04:00:00,365,1
923,2021-05-19 04:00:00,Naive,4,1.385096918021474,1.2582503569145869,2020-05-19 04:00:00,2021-05-19 04:00:00,2021-05-19 04:00:00,365,1
924,2021-05-20 04:00:00,Decision Tree,4,1.2077894699198455,1.2693774620455522,2020-05-20 04:00:00,2021-05-20 04:00:00,2021-05-20 04:00:00,365,1
925,2021-05-20 04:00:00,Random Forest,4,1.2077894699198455,1.2686642441123737,2020-05-20 04:00:00,2021-05-20 04:00:00,2021-05-20 04:00:00,365,1
926,2021-05-20 04:00:00,Neural Network,4,1.2077894699198455,1.2327167762574573,2020-05-20 04:00:00,2021-05-20 04:00:00,2021-05-20 04:00:00,365,1
927,2021-05-20 04:00:00,Naive,4,1.2077894699198455,1.385096918021474,2020-05-20 04:00:00,2021-05-20 04:00:00,2021-05-20 04:00:00,365,1
928,2021-05-21 04:00:00,Decision Tree,4,-1.4280575684534105,-1.4073313875377433,2020-05-21 04:00:00,2021-05-21 04:00:00,2021-05-21 04:00:00,365,1
929,2021-05-21 04:00:00,Random Forest,4,-1.4280575684534105,-1.4283379353396581,2020-05-21 04:00:00,2021-05-21 04:00:00,2021-05-21 04:00:00,365,1
930,2021-05-21 04:00:00,Neural Network,4,-1.4280575684534105,-1.3585377972567312,2020-05-21 04:00:00,2021-05-21 04:00:00,2021-05-21 04:00:00,365,1
931,2021-05-21 04:00:00,Naive,4,-1.4280575684534105,1.2077894699198455,2020-05-21 04:00:00,2021-05-21 04:00:00,2021-05-21 04:00:00,365,1
932,2021-05-22 04:00:00,Decision Tree,4,-1.6245153265402368,-1.7229419522490421,2020-05-22 04:00:00,2021-05-22 04:00:00,2021-05-22 04:00:00,365,1
933,2021-05-22 04:00:00,Random Forest,4,-1.6245153265402368,-1.7053613141779835,2020-05-22 04:00:00,2021-05-22 04:00:00,2021-05-22 04:00:00,365,1
934,2021-05-22 04:00:00,Neural Network,4,-1.6245153265402368,-1.5441122424366207,2020-05-22 04:00:00,2021-05-22 04:00:00,2021-05-22 04:00:00,365,1
935,2021-05-22 04:00:00,Naive,4,-1.6245153265402368,-1.4280575684534105,2020-05-22 04:00:00,2021-05-22 04:00:00,2021-05-22 04:00:00,365,1
936,2021-05-23 04:00:00,Decision Tree,4,-1.319835658833811,-1.4099221601522016,2020-05-23 04:00:00,2021-05-23 04:00:00,2021-05-23 04:00:00,365,1
937,2021-05-23 04:00:00,Random Forest,4,-1.319835658833811,-1.3727636101255782,2020-05-23 04:00:00,2021-05-23 04:00:00,2021-05-23 04:00:00,365,1
938,2021-05-23 04:00:00,Neural Network,4,-1.319835658833811,-1.287458012415492,2020-05-23 04:00:00,2021-05-23 04:00:00,2021-05-23 04:00:00,365,1
939,2021-05-23 04:00:00,Naive,4,-1.319835658833811,-1.6245153265402368,2020-05-23 04:00:00,2021-05-23 04:00:00,2021-05-23 04:00:00,365,1
940,2021-05-24 04:00:00,Decision Tree,4,-1.2604087095261112,-1.3364930729571909,2020-05-24 04:00:00,2021-05-24 04:00:00,2021-05-24 04:00:00,365,1
941,2021-05-24 04:00:00,Random Forest,4,-1.2604087095261112,-1.325468905476239,2020-05-24 04:00:00,2021-05-24 04:00:00,2021-05-24 04:00:00,365,1
942,2021-05-24 04:00:00,Neural Network,4,-1.2604087095261112,-1.6197521604423366,2020-05-24 04:00:00,2021-05-24 04:00:00,2021-05-24 04:00:00,365,1
943,2021-05-24 04:00:00,Naive,4,-1.2604087095261112,-1.319835658833811,2020-05-24 04:00:00,2021-05-24 04:00:00,2021-05-24 04:00:00,365,1
944,2021-05-25 04:00:00,Decision Tree,4,0.31620909284096277,0.33927059800108667,2020-05-25 04:00:00,2021-05-25 04:00:00,2021-05-25 04:00:00,365,1
945,2021-05-25 04:00:00,Random Forest,4,0.31620909284096277,0.38238251214069824,2020-05-25 04:00:00,2021-05-25 04:00:00,2021-05-25 04:00:00,365,1
946,2021-05-25 04:00:00,Neural Network,4,0.31620909284096277,0.4669431529755822,2020-05-25 04:00:00,2021-05-25 04:00:00,2021-05-25 04:00:00,365,1
947,2021-05-25 04:00:00,Naive,4,0.31620909284096277,-1.2604087095261112,2020-05-25 04:00:00,2021-05-25 04:00:00,2021-05-25 04:00:00,365,1
948,2021-05-26 04:00:00,Decision Tree,4,0.9338168601949309,1.0553470396469937,2020-05-26 04:00:00,2021-05-26 04:00:00,2021-05-26 04:00:00,365,1
949,2021-05-26 04:00:00,Random Forest,4,0.9338168601949309,1.0068107306320297,2020-05-26 04:00:00,2021-05-26 04:00:00,2021-05-26 04:00:00,365,1
950,2021-05-26 04:00:00,Neural Network,4,0.9338168601949309,0.9401039032188195,2020-05-26 04:00:00,2021-05-26 04:00:00,2021-05-26 04:00:00,365,1
951,2021-05-26 04:00:00,Naive,4,0.9338168601949309,0.31620909284096277,2020-05-26 04:00:00,2021-05-26 04:00:00,2021-05-26 04:00:00,365,1
952,2021-05-27 04:00:00,Decision Tree,4,0.9602733604961364,1.0553470396469937,2020-05-27 04:00:00,2021-05-27 04:00:00,2021-05-27 04:00:00,365,1
953,2021-05-27 04:00:00,Random Forest,4,0.9602733604961364,1.0327805743262812,2020-05-27 04:00:00,2021-05-27 04:00:00,2021-05-27 04:00:00,365,1
954,2021-05-27 04:00:00,Neural Network,4,0.9602733604961364,0.9359254822118527,2020-05-27 04:00:00,2021-05-27 04:00:00,2021-05-27 04:00:00,365,1
955,2021-05-27 04:00:00,Naive,4,0.9602733604961364,0.9338168601949309,2020-05-27 04:00:00,2021-05-27 04:00:00,2021-05-27 04:00:00,365,1
956,2021-05-28 04:00:00,Decision Tree,4,1.3941573480951586,1.400889806044182,2020-05-28 04:00:00,2021-05-28 04:00:00,2021-05-28 04:00:00,365,1
957,2021-05-28 04:00:00,Random Forest,4,1.3941573480951586,1.3880819255074042,2020-05-28 04:00:00,2021-05-28 04:00:00,2021-05-28 04:00:00,365,1
958,2021-05-28 04:00:00,Neural Network,4,1.3941573480951586,1.47353415831952,2020-05-28 04:00:00,2021-05-28 04:00:00,2021-05-28 04:00:00,365,1
959,2021-05-28 04:00:00,Naive,4,1.3941573480951586,0.9602733604961364,2020-05-28 04:00:00,2021-05-28 04:00:00,2021-05-28 04:00:00,365,1
960,2021-05-29 04:00:00,Decision Tree,4,1.3751554211275716,1.400048248800554,2020-05-29 04:00:00,2021-05-29 04:00:00,2021-05-29 04:00:00,365,1
961,2021-05-29 04:00:00,Random Forest,4,1.3751554211275716,1.3867381214220944,2020-05-29 04:00:00,2021-05-29 04:00:00,2021-05-29 04:00:00,365,1
962,2021-05-29 04:00:00,Neural Network,4,1.3751554211275716,1.369652382011622,2020-05-29 04:00:00,2021-05-29 04:00:00,2021-05-29 04:00:00,365,1
963,2021-05-29 04:00:00,Naive,4,1.3751554211275716,1.3941573480951586,2020-05-29 04:00:00,2021-05-29 04:00:00,2021-05-29 04:00:00,365,1
964,2021-05-30 04:00:00,Decision Tree,4,0.7633170835717579,0.8519048065257555,2020-05-30 04:00:00,2021-05-30 04:00:00,2021-05-30 04:00:00,365,1
965,2021-05-30 04:00:00,Random Forest,4,0.7633170835717579,0.8664735228007239,2020-05-30 04:00:00,2021-05-30 04:00:00,2021-05-30 04:00:00,365,1
966,2021-05-30 04:00:00,Neural Network,4,0.7633170835717579,0.5365496368430042,2020-05-30 04:00:00,2021-05-30 04:00:00,2021-05-30 04:00:00,365,1
967,2021-05-30 04:00:00,Naive,4,0.7633170835717579,1.3751554211275716,2020-05-30 04:00:00,2021-05-30 04:00:00,2021-05-30 04:00:00,365,1
968,2021-05-31 04:00:00,Decision Tree,4,1.178441310782188,1.2616789630298388,2020-05-31 04:00:00,2021-05-31 04:00:00,2021-05-31 04:00:00,365,1
969,2021-05-31 04:00:00,Random Forest,4,1.178441310782188,1.2341213002240081,2020-05-31 04:00:00,2021-05-31 04:00:00,2021-05-31 04:00:00,365,1
970,2021-05-31 04:00:00,Neural Network,4,1.178441310782188,1.176733798203284,2020-05-31 04:00:00,2021-05-31 04:00:00,2021-05-31 04:00:00,365,1
971,2021-05-31 04:00:00,Naive,4,1.178441310782188,0.7633170835717579,2020-05-31 04:00:00,2021-05-31 04:00:00,2021-05-31 04:00:00,365,1
972,2021-06-01 04:00:00,Decision Tree,4,1.1156027981969705,1.1872689494086195,2020-06-01 04:00:00,2021-06-01 04:00:00,2021-06-01 04:00:00,365,1
973,2021-06-01 04:00:00,Random Forest,4,1.1156027981969705,1.1611615039262464,2020-06-01 04:00:00,2021-06-01 04:00:00,2021-06-01 04:00:00,365,1
974,2021-06-01 04:00:00,Neural Network,4,1.1156027981969705,1.1772076402751566,2020-06-01 04:00:00,2021-06-01 04:00:00,2021-06-01 04:00:00,365,1
975,2021-06-01 04:00:00,Naive,4,1.1156027981969705,1.178441310782188,2020-06-01 04:00:00,2021-06-01 04:00:00,2021-06-01 04:00:00,365,1
976,2021-06-02 04:00:00,Decision Tree,4,1.2208345137703034,1.314845122444393,2020-06-02 04:00:00,2021-06-02 04:00:00,2021-06-02 04:00:00,365,1
977,2021-06-02 04:00:00,Random Forest,4,1.2208345137703034,1.2764000041343537,2020-06-02 04:00:00,2021-06-02 04:00:00,2021-06-02 04:00:00,365,1
978,2021-06-02 04:00:00,Neural Network,4,1.2208345137703034,1.2741366583916596,2020-06-02 04:00:00,2021-06-02 04:00:00,2021-06-02 04:00:00,365,1
979,2021-06-02 04:00:00,Naive,4,1.2208345137703034,1.1156027981969705,2020-06-02 04:00:00,2021-06-02 04:00:00,2021-06-02 04:00:00,365,1
980,2021-06-03 04:00:00,Decision Tree,4,0.9235608633444861,0.9978324682855454,2020-06-03 04:00:00,2021-06-03 04:00:00,2021-06-03 04:00:00,365,1
981,2021-06-03 04:00:00,Random Forest,4,0.9235608633444861,1.007302770216367,2020-06-03 04:00:00,2021-06-03 04:00:00,2021-06-03 04:00:00,365,1
982,2021-06-03 04:00:00,Neural Network,4,0.9235608633444861,0.6437846498787887,2020-06-03 04:00:00,2021-06-03 04:00:00,2021-06-03 04:00:00,365,1
983,2021-06-03 04:00:00,Naive,4,0.9235608633444861,1.2208345137703034,2020-06-03 04:00:00,2021-06-03 04:00:00,2021-06-03 04:00:00,365,1
984,2021-06-04 04:00:00,Decision Tree,4,1.1800819918622842,1.2095735864245738,2020-06-04 04:00:00,2021-06-04 04:00:00,2021-06-04 04:00:00,365,1
985,2021-06-04 04:00:00,Random Forest,4,1.1800819918622842,1.2087365837343111,2020-06-04 04:00:00,2021-06-04 04:00:00,2021-06-04 04:00:00,365,1
986,2021-06-04 04:00:00,Neural Network,4,1.1800819918622842,1.2385260018237414,2020-06-04 04:00:00,2021-06-04 04:00:00,2021-06-04 04:00:00,365,1
987,2021-06-04 04:00:00,Naive,4,1.1800819918622842,0.9235608633444861,2020-06-04 04:00:00,2021-06-04 04:00:00,2021-06-04 04:00:00,365,1
988,2021-06-05 04:00:00,Decision Tree,4,1.062968486526759,1.1172474228119909,2020-06-05 04:00:00,2021-06-05 04:00:00,2021-06-05 04:00:00,365,1
989,2021-06-05 04:00:00,Random Forest,4,1.062968486526759,1.1541858045012487,2020-06-05 04:00:00,2021-06-05 04:00:00,2021-06-05 04:00:00,365,1
990,2021-06-05 04:00:00,Neural Network,4,1.062968486526759,1.1183592712114794,2020-06-05 04:00:00,2021-06-05 04:00:00,2021-06-05 04:00:00,365,1
991,2021-06-05 04:00:00,Naive,4,1.062968486526759,1.1800819918622842,2020-06-05 04:00:00,2021-06-05 04:00:00,2021-06-05 04:00:00,365,1
992,2021-06-06 04:00:00,Decision Tree,4,0.9914298070766039,1.095615883323826,2020-06-06 04:00:00,2021-06-06 04:00:00,2021-06-06 04:00:00,365,1
993,2021-06-06 04:00:00,Random Forest,4,0.9914298070766039,1.1102179809866586,2020-06-06 04:00:00,2021-06-06 04:00:00,2021-06-06 04:00:00,365,1
994,2021-06-06 04:00:00,Neural Network,4,0.9914298070766039,0.937562091630771,2020-06-06 04:00:00,2021-06-06 04:00:00,2021-06-06 04:00:00,365,1
995,2021-06-06 04:00:00,Naive,4,0.9914298070766039,1.062968486526759,2020-06-06 04:00:00,2021-06-06 04:00:00,2021-06-06 04:00:00,365,1
996,2021-06-07 04:00:00,Decision Tree,4,1.216713613373917,1.314845122444393,2020-06-07 04:00:00,2021-06-07 04:00:00,2021-06-07 04:00:00,365,1
997,2021-06-07 04:00:00,Random Forest,4,1.216713613373917,1.3309633428391106,2020-06-07 04:00:00,2021-06-07 04:00:00,2021-06-07 04:00:00,365,1
998,2021-06-07 04:00:00,Neural Network,4,1.216713613373917,1.4256333633404825,2020-06-07 04:00:00,2021-06-07 04:00:00,2021-06-07 04:00:00,365,1
999,2021-06-07 04:00:00,Naive,4,1.216713613373917,0.9914298070766039,2020-06-07 04:00:00,2021-06-07 04:00:00,2021-06-07 04:00:00,365,1
1000,2021-06-08 04:00:00,Decision Tree,4,1.284788041305772,1.3972823790591116,2020-06-08 04:00:00,2021-06-08 04:00:00,2021-06-08 04:00:00,365,1
1001,2021-06-08 04:00:00,Random Forest,4,1.284788041305772,1.3948076985068651,2020-06-08 04:00:00,2021-06-08 04:00:00,2021-06-08 04:00:00,365,1
1002,2021-06-08 04:00:00,Neural Network,4,1.284788041305772,1.6900230275613808,2020-06-08 04:00:00,2021-06-08 04:00:00,2021-06-08 04:00:00,365,1
1003,2021-06-08 04:00:00,Naive,4,1.284788041305772,1.216713613373917,2020-06-08 04:00:00,2021-06-08 04:00:00,2021-06-08 04:00:00,365,1
1004,2021-06-09 04:00:00,Decision Tree,4,1.3658144135573516,1.430899495814335,2020-06-09 04:00:00,2021-06-09 04:00:00,2021-06-09 04:00:00,365,1
1005,2021-06-09 04:00:00,Random Forest,4,1.3658144135573516,1.4390467061750443,2020-06-09 04:00:00,2021-06-09 04:00:00,2021-06-09 04:00:00,365,1
1006,2021-06-09 04:00:00,Neural Network,4,1.3658144135573516,1.4236017404727754,2020-06-09 04:00:00,2021-06-09 04:00:00,2021-06-09 04:00:00,365,1
1007,2021-06-09 04:00:00,Naive,4,1.3658144135573516,1.284788041305772,2020-06-09 04:00:00,2021-06-09 04:00:00,2021-06-09 04:00:00,365,1
1008,2021-06-10 04:00:00,Decision Tree,4,1.3967625254946974,1.420051982104838,2020-06-10 04:00:00,2021-06-10 04:00:00,2021-06-10 04:00:00,365,1
1009,2021-06-10 04:00:00,Random Forest,4,1.3967625254946974,1.4041707154512773,2020-06-10 04:00:00,2021-06-10 04:00:00,2021-06-10 04:00:00,365,1
1010,2021-06-10 04:00:00,Neural Network,4,1.3967625254946974,1.399102013041963,2020-06-10 04:00:00,2021-06-10 04:00:00,2021-06-10 04:00:00,365,1
1011,2021-06-10 04:00:00,Naive,4,1.3967625254946974,1.3658144135573516,2020-06-10 04:00:00,2021-06-10 04:00:00,2021-06-10 04:00:00,365,1
1012,2021-06-11 04:00:00,Decision Tree,4,1.4012450855712173,1.416724916874818,2020-06-11 04:00:00,2021-06-11 04:00:00,2021-06-11 04:00:00,365,1
1013,2021-06-11 04:00:00,Random Forest,4,1.4012450855712173,1.4245733684883397,2020-06-11 04:00:00,2021-06-11 04:00:00,2021-06-11 04:00:00,365,1
1014,2021-06-11 04:00:00,Neural Network,4,1.4012450855712173,1.2917403749932321,2020-06-11 04:00:00,2021-06-11 04:00:00,2021-06-11 04:00:00,365,1
1015,2021-06-11 04:00:00,Naive,4,1.4012450855712173,1.3967625254946974,2020-06-11 04:00:00,2021-06-11 04:00:00,2021-06-11 04:00:00,365,1
1016,2021-06-12 04:00:00,Decision Tree,4,1.0498332407791524,1.1265529596384356,2020-06-12 04:00:00,2021-06-12 04:00:00,2021-06-12 04:00:00,365,1
1017,2021-06-12 04:00:00,Random Forest,4,1.0498332407791524,1.107150211803764,2020-06-12 04:00:00,2021-06-12 04:00:00,2021-06-12 04:00:00,365,1
1018,2021-06-12 04:00:00,Neural Network,4,1.0498332407791524,0.849742480035499,2020-06-12 04:00:00,2021-06-12 04:00:00,2021-06-12 04:00:00,365,1
1019,2021-06-12 04:00:00,Naive,4,1.0498332407791524,1.4012450855712173,2020-06-12 04:00:00,2021-06-12 04:00:00,2021-06-12 04:00:00,365,1
1020,2021-06-13 04:00:00,Decision Tree,4,-1.4707105510620004,-1.5881759005006297,2020-06-13 04:00:00,2021-06-13 04:00:00,2021-06-13 04:00:00,365,1
1021,2021-06-13 04:00:00,Random Forest,4,-1.4707105510620004,-1.5540037214438698,2020-06-13 04:00:00,2021-06-13 04:00:00,2021-06-13 04:00:00,365,1
1022,2021-06-13 04:00:00,Neural Network,4,-1.4707105510620004,-1.3762507175318381,2020-06-13 04:00:00,2021-06-13 04:00:00,2021-06-13 04:00:00,365,1
1023,2021-06-13 04:00:00,Naive,4,-1.4707105510620004,1.0498332407791524,2020-06-13 04:00:00,2021-06-13 04:00:00,2021-06-13 04:00:00,365,1
1024,2021-06-14 04:00:00,Decision Tree,4,1.1802039053028006,1.2053605014871036,2020-06-14 04:00:00,2021-06-14 04:00:00,2021-06-14 04:00:00,365,1
1025,2021-06-14 04:00:00,Random Forest,4,1.1802039053028006,1.2225797767649615,2020-06-14 04:00:00,2021-06-14 04:00:00,2021-06-14 04:00:00,365,1
1026,2021-06-14 04:00:00,Neural Network,4,1.1802039053028006,0.952131450007746,2020-06-14 04:00:00,2021-06-14 04:00:00,2021-06-14 04:00:00,365,1
1027,2021-06-14 04:00:00,Naive,4,1.1802039053028006,-1.4707105510620004,2020-06-14 04:00:00,2021-06-14 04:00:00,2021-06-14 04:00:00,365,1
1028,2021-06-15 04:00:00,Decision Tree,4,1.4436036031763935,1.4147899379618676,2020-06-15 04:00:00,2021-06-15 04:00:00,2021-06-15 04:00:00,365,1
1029,2021-06-15 04:00:00,Random Forest,4,1.4436036031763935,1.4194890019683202,2020-06-15 04:00:00,2021-06-15 04:00:00,2021-06-15 04:00:00,365,1
1030,2021-06-15 04:00:00,Neural Network,4,1.4436036031763935,1.5731884148466044,2020-06-15 04:00:00,2021-06-15 04:00:00,2021-06-15 04:00:00,365,1
1031,2021-06-15 04:00:00,Naive,4,1.4436036031763935,1.1802039053028006,2020-06-15 04:00:00,2021-06-15 04:00:00,2021-06-15 04:00:00,365,1
1032,2021-06-16 04:00:00,Decision Tree,4,1.4518302213177832,1.3523600648556378,2020-06-16 04:00:00,2021-06-16 04:00:00,2021-06-16 04:00:00,365,1
1033,2021-06-16 04:00:00,Random Forest,4,1.4518302213177832,1.4474950632756718,2020-06-16 04:00:00,2021-06-16 04:00:00,2021-06-16 04:00:00,365,1
1034,2021-06-16 04:00:00,Neural Network,4,1.4518302213177832,1.4729126914821469,2020-06-16 04:00:00,2021-06-16 04:00:00,2021-06-16 04:00:00,365,1
1035,2021-06-16 04:00:00,Naive,4,1.4518302213177832,1.4436036031763935,2020-06-16 04:00:00,2021-06-16 04:00:00,2021-06-16 04:00:00,365,1
1036,2021-06-17 04:00:00,Decision Tree,4,1.2723176314011972,1.3846832426870779,2020-06-17 04:00:00,2021-06-17 04:00:00,2021-06-17 04:00:00,365,1
1037,2021-06-17 04:00:00,Random Forest,4,1.2723176314011972,1.3699368357630248,2020-06-17 04:00:00,2021-06-17 04:00:00,2021-06-17 04:00:00,365,1
1038,2021-06-17 04:00:00,Neural Network,4,1.2723176314011972,1.144698403189187,2020-06-17 04:00:00,2021-06-17 04:00:00,2021-06-17 04:00:00,365,1
1039,2021-06-17 04:00:00,Naive,4,1.2723176314011972,1.4518302213177832,2020-06-17 04:00:00,2021-06-17 04:00:00,2021-06-17 04:00:00,365,1
1040,2021-06-18 04:00:00,Decision Tree,4,1.3715248696934788,1.4580674229507458,2020-06-18 04:00:00,2021-06-18 04:00:00,2021-06-18 04:00:00,365,1
1041,2021-06-18 04:00:00,Random Forest,4,1.3715248696934788,1.3854416932643732,2020-06-18 04:00:00,2021-06-18 04:00:00,2021-06-18 04:00:00,365,1
1042,2021-06-18 04:00:00,Neural Network,4,1.3715248696934788,1.24969629694575,2020-06-18 04:00:00,2021-06-18 04:00:00,2021-06-18 04:00:00,365,1
1043,2021-06-18 04:00:00,Naive,4,1.3715248696934788,1.2723176314011972,2020-06-18 04:00:00,2021-06-18 04:00:00,2021-06-18 04:00:00,365,1
1044,2021-06-19 04:00:00,Decision Tree,4,1.4045442411680922,1.4436436640745347,2020-06-19 04:00:00,2021-06-19 04:00:00,2021-06-19 04:00:00,365,1
1045,2021-06-19 04:00:00,Random Forest,4,1.4045442411680922,1.41619074253146,2020-06-19 04:00:00,2021-06-19 04:00:00,2021-06-19 04:00:00,365,1
1046,2021-06-19 04:00:00,Neural Network,4,1.4045442411680922,1.7125951198007294,2020-06-19 04:00:00,2021-06-19 04:00:00,2021-06-19 04:00:00,365,1
1047,2021-06-19 04:00:00,Naive,4,1.4045442411680922,1.3715248696934788,2020-06-19 04:00:00,2021-06-19 04:00:00,2021-06-19 04:00:00,365,1
1048,2021-06-20 04:00:00,Decision Tree,4,0.9706516324127251,1.084593027076975,2020-06-20 04:00:00,2021-06-20 04:00:00,2021-06-20 04:00:00,365,1
1049,2021-06-20 04:00:00,Random Forest,4,0.9706516324127251,1.0545773791545343,2020-06-20 04:00:00,2021-06-20 04:00:00,2021-06-20 04:00:00,365,1
1050,2021-06-20 04:00:00,Neural Network,4,0.9706516324127251,1.1943792810588976,2020-06-20 04:00:00,2021-06-20 04:00:00,2021-06-20 04:00:00,365,1
1051,2021-06-20 04:00:00,Naive,4,0.9706516324127251,1.4045442411680922,2020-06-20 04:00:00,2021-06-20 04:00:00,2021-06-20 04:00:00,365,1
1052,2021-06-21 04:00:00,Decision Tree,4,1.1124231515910579,1.202132424248038,2020-06-21 04:00:00,2021-06-21 04:00:00,2021-06-21 04:00:00,365,1
1053,2021-06-21 04:00:00,Random Forest,4,1.1124231515910579,1.1891948753535204,2020-06-21 04:00:00,2021-06-21 04:00:00,2021-06-21 04:00:00,365,1
1054,2021-06-21 04:00:00,Neural Network,4,1.1124231515910579,1.1502145408882134,2020-06-21 04:00:00,2021-06-21 04:00:00,2021-06-21 04:00:00,365,1
1055,2021-06-21 04:00:00,Naive,4,1.1124231515910579,0.9706516324127251,2020-06-21 04:00:00,2021-06-21 04:00:00,2021-06-21 04:00:00,365,1
1056,2021-06-22 04:00:00,Decision Tree,4,1.3200436512482354,1.3814185826649554,2020-06-22 04:00:00,2021-06-22 04:00:00,2021-06-22 04:00:00,365,1
1057,2021-06-22 04:00:00,Random Forest,4,1.3200436512482354,1.3868581271503544,2020-06-22 04:00:00,2021-06-22 04:00:00,2021-06-22 04:00:00,365,1
1058,2021-06-22 04:00:00,Neural Network,4,1.3200436512482354,1.2688119467625623,2020-06-22 04:00:00,2021-06-22 04:00:00,2021-06-22 04:00:00,365,1
1059,2021-06-22 04:00:00,Naive,4,1.3200436512482354,1.1124231515910579,2020-06-22 04:00:00,2021-06-22 04:00:00,2021-06-22 04:00:00,365,1
1060,2021-06-23 04:00:00,Decision Tree,4,1.4980549817260158,1.4596237660854245,2020-06-23 04:00:00,2021-06-23 04:00:00,2021-06-23 04:00:00,365,1
1061,2021-06-23 04:00:00,Random Forest,4,1.4980549817260158,1.4725430350401423,2020-06-23 04:00:00,2021-06-23 04:00:00,2021-06-23 04:00:00,365,1
1062,2021-06-23 04:00:00,Neural Network,4,1.4980549817260158,1.3960563146225322,2020-06-23 04:00:00,2021-06-23 04:00:00,2021-06-23 04:00:00,365,1
1063,2021-06-23 04:00:00,Naive,4,1.4980549817260158,1.3200436512482354,2020-06-23 04:00:00,2021-06-23 04:00:00,2021-06-23 04:00:00,365,1
1064,2021-06-24 04:00:00,Decision Tree,4,1.6033729879752108,1.4789857453163844,2020-06-24 04:00:00,2021-06-24 04:00:00,2021-06-24 04:00:00,365,1
1065,2021-06-24 04:00:00,Random Forest,4,1.6033729879752108,1.494131452395439,2020-06-24 04:00:00,2021-06-24 04:00:00,2021-06-24 04:00:00,365,1
1066,2021-06-24 04:00:00,Neural Network,4,1.6033729879752108,1.9805471975867823,2020-06-24 04:00:00,2021-06-24 04:00:00,2021-06-24 04:00:00,365,1
1067,2021-06-24 04:00:00,Naive,4,1.6033729879752108,1.4980549817260158,2020-06-24 04:00:00,2021-06-24 04:00:00,2021-06-24 04:00:00,365,1
1068,2021-06-25 04:00:00,Decision Tree,4,1.6090852348831244,1.5187514946778085,2020-06-25 04:00:00,2021-06-25 04:00:00,2021-06-25 04:00:00,365,1
1069,2021-06-25 04:00:00,Random Forest,4,1.6090852348831244,1.5292765603971774,2020-06-25 04:00:00,2021-06-25 04:00:00,2021-06-25 04:00:00,365,1
1070,2021-06-25 04:00:00,Neural Network,4,1.6090852348831244,1.9719264118358528,2020-06-25 04:00:00,2021-06-25 04:00:00,2021-06-25 04:00:00,365,1
1071,2021-06-25 04:00:00,Naive,4,1.6090852348831244,1.6033729879752108,2020-06-25 04:00:00,2021-06-25 04:00:00,2021-06-25 04:00:00,365,1
1072,2021-06-26 04:00:00,Decision Tree,4,1.6013134959763098,1.5518478210191542,2020-06-26 04:00:00,2021-06-26 04:00:00,2021-06-26 04:00:00,365,1
1073,2021-06-26 04:00:00,Random Forest,4,1.6013134959763098,1.5567372000554955,2020-06-26 04:00:00,2021-06-26 04:00:00,2021-06-26 04:00:00,365,1
1074,2021-06-26 04:00:00,Neural Network,4,1.6013134959763098,1.7932075953383777,2020-06-26 04:00:00,2021-06-26 04:00:00,2021-06-26 04:00:00,365,1
1075,2021-06-26 04:00:00,Naive,4,1.6013134959763098,1.6090852348831244,2020-06-26 04:00:00,2021-06-26 04:00:00,2021-06-26 04:00:00,365,1
1076,2021-06-27 04:00:00,Decision Tree,4,1.4091342805451772,1.5434508863212109,2020-06-27 04:00:00,2021-06-27 04:00:00,2021-06-27 04:00:00,365,1
1077,2021-06-27 04:00:00,Random Forest,4,1.4091342805451772,1.4640378076356182,2020-06-27 04:00:00,2021-06-27 04:00:00,2021-06-27 04:00:00,365,1
1078,2021-06-27 04:00:00,Neural Network,4,1.4091342805451772,1.503138963132571,2020-06-27 04:00:00,2021-06-27 04:00:00,2021-06-27 04:00:00,365,1
1079,2021-06-27 04:00:00,Naive,4,1.4091342805451772,1.6013134959763098,2020-06-27 04:00:00,2021-06-27 04:00:00,2021-06-27 04:00:00,365,1
1080,2021-06-28 04:00:00,Decision Tree,4,1.4354831233242118,1.5817444759508597,2020-06-28 04:00:00,2021-06-28 04:00:00,2021-06-28 04:00:00,365,1
1081,2021-06-28 04:00:00,Random Forest,4,1.4354831233242118,1.5106579070799437,2020-06-28 04:00:00,2021-06-28 04:00:00,2021-06-28 04:00:00,365,1
1082,2021-06-28 04:00:00,Neural Network,4,1.4354831233242118,1.596879390327202,2020-06-28 04:00:00,2021-06-28 04:00:00,2021-06-28 04:00:00,365,1
1083,2021-06-28 04:00:00,Naive,4,1.4354831233242118,1.4091342805451772,2020-06-28 04:00:00,2021-06-28 04:00:00,2021-06-28 04:00:00,365,1
1084,2021-06-29 04:00:00,Decision Tree,4,1.573780983677183,1.5299549159465857,2020-06-29 04:00:00,2021-06-29 04:00:00,2021-06-29 04:00:00,365,1
1085,2021-06-29 04:00:00,Random Forest,4,1.573780983677183,1.524211674059982,2020-06-29 04:00:00,2021-06-29 04:00:00,2021-06-29 04:00:00,365,1
1086,2021-06-29 04:00:00,Neural Network,4,1.573780983677183,1.718060707575744,2020-06-29 04:00:00,2021-06-29 04:00:00,2021-06-29 04:00:00,365,1
1087,2021-06-29 04:00:00,Naive,4,1.573780983677183,1.4354831233242118,2020-06-29 04:00:00,2021-06-29 04:00:00,2021-06-29 04:00:00,365,1
1088,2021-06-30 04:00:00,Decision Tree,4,1.5612641874083302,1.5348244790277634,2020-06-30 04:00:00,2021-06-30 04:00:00,2021-06-30 04:00:00,365,1
1089,2021-06-30 04:00:00,Random Forest,4,1.5612641874083302,1.5381242043338457,2020-06-30 04:00:00,2021-06-30 04:00:00,2021-06-30 04:00:00,365,1
1090,2021-06-30 04:00:00,Neural Network,4,1.5612641874083302,1.6797663795584163,2020-06-30 04:00:00,2021-06-30 04:00:00,2021-06-30 04:00:00,365,1
1091,2021-06-30 04:00:00,Naive,4,1.5612641874083302,1.573780983677183,2020-06-30 04:00:00,2021-06-30 04:00:00,2021-06-30 04:00:00,365,1
1092,2021-07-01 04:00:00,Decision Tree,4,1.4857723638005602,1.4851735217476083,2020-07-01 04:00:00,2021-07-01 04:00:00,2021-07-01 04:00:00,365,1
1093,2021-07-01 04:00:00,Random Forest,4,1.4857723638005602,1.5100010402368484,2020-07-01 04:00:00,2021-07-01 04:00:00,2021-07-01 04:00:00,365,1
1094,2021-07-01 04:00:00,Neural Network,4,1.4857723638005602,1.5924772612890685,2020-07-01 04:00:00,2021-07-01 04:00:00,2021-07-01 04:00:00,365,1
1095,2021-07-01 04:00:00,Naive,4,1.4857723638005602,1.5612641874083302,2020-07-01 04:00:00,2021-07-01 04:00:00,2021-07-01 04:00:00,365,1
1096,2021-07-02 04:00:00,Decision Tree,4,1.7598922006868416,1.5897633779840317,2020-07-02 04:00:00,2021-07-02 04:00:00,2021-07-02 04:00:00,365,1
1097,2021-07-02 04:00:00,Random Forest,4,1.7598922006868416,1.5545819094757014,2020-07-02 04:00:00,2021-07-02 04:00:00,2021-07-02 04:00:00,365,1
1098,2021-07-02 04:00:00,Neural Network,4,1.7598922006868416,2.0421805812044527,2020-07-02 04:00:00,2021-07-02 04:00:00,2021-07-02 04:00:00,365,1
1099,2021-07-02 04:00:00,Naive,4,1.7598922006868416,1.4857723638005602,2020-07-02 04:00:00,2021-07-02 04:00:00,2021-07-02 04:00:00,365,1
1100,2021-07-03 04:00:00,Decision Tree,4,1.5480630127914006,1.634111919743025,2020-07-03 04:00:00,2021-07-03 04:00:00,2021-07-03 04:00:00,365,1
1101,2021-07-03 04:00:00,Random Forest,4,1.5480630127914006,1.5952932790856207,2020-07-03 04:00:00,2021-07-03 04:00:00,2021-07-03 04:00:00,365,1
1102,2021-07-03 04:00:00,Neural Network,4,1.5480630127914006,1.595346425823194,2020-07-03 04:00:00,2021-07-03 04:00:00,2021-07-03 04:00:00,365,1
1103,2021-07-03 04:00:00,Naive,4,1.5480630127914006,1.7598922006868416,2020-07-03 04:00:00,2021-07-03 04:00:00,2021-07-03 04:00:00,365,1
1104,2021-07-04 04:00:00,Decision Tree,4,1.5681256965698531,1.6197704352510875,2020-07-04 04:00:00,2021-07-04 04:00:00,2021-07-04 04:00:00,365,1
1105,2021-07-04 04:00:00,Random Forest,4,1.5681256965698531,1.600574289897668,2020-07-04 04:00:00,2021-07-04 04:00:00,2021-07-04 04:00:00,365,1
1106,2021-07-04 04:00:00,Neural Network,4,1.5681256965698531,1.6633208532539183,2020-07-04 04:00:00,2021-07-04 04:00:00,2021-07-04 04:00:00,365,1
1107,2021-07-04 04:00:00,Naive,4,1.5681256965698531,1.5480630127914006,2020-07-04 04:00:00,2021-07-04 04:00:00,2021-07-04 04:00:00,365,1
1108,2021-07-05 04:00:00,Decision Tree,4,1.475339593475487,1.6123926154394828,2020-07-05 04:00:00,2021-07-05 04:00:00,2021-07-05 04:00:00,365,1
1109,2021-07-05 04:00:00,Random Forest,4,1.475339593475487,1.5200366003618186,2020-07-05 04:00:00,2021-07-05 04:00:00,2021-07-05 04:00:00,365,1
1110,2021-07-05 04:00:00,Neural Network,4,1.475339593475487,1.5579193826118038,2020-07-05 04:00:00,2021-07-05 04:00:00,2021-07-05 04:00:00,365,1
1111,2021-07-05 04:00:00,Naive,4,1.475339593475487,1.5681256965698531,2020-07-05 04:00:00,2021-07-05 04:00:00,2021-07-05 04:00:00,365,1
1112,2021-07-06 04:00:00,Decision Tree,4,1.3688206760137862,1.4220714863557327,2020-07-06 04:00:00,2021-07-06 04:00:00,2021-07-06 04:00:00,365,1
1113,2021-07-06 04:00:00,Random Forest,4,1.3688206760137862,1.3925412559162782,2020-07-06 04:00:00,2021-07-06 04:00:00,2021-07-06 04:00:00,365,1
1114,2021-07-06 04:00:00,Neural Network,4,1.3688206760137862,1.463770433689826,2020-07-06 04:00:00,2021-07-06 04:00:00,2021-07-06 04:00:00,365,1
1115,2021-07-06 04:00:00,Naive,4,1.3688206760137862,1.475339593475487,2020-07-06 04:00:00,2021-07-06 04:00:00,2021-07-06 04:00:00,365,1
1116,2021-07-07 04:00:00,Decision Tree,4,1.5537720549756122,1.619261766628087,2020-07-07 04:00:00,2021-07-07 04:00:00,2021-07-07 04:00:00,365,1
1117,2021-07-07 04:00:00,Random Forest,4,1.5537720549756122,1.5673126891088054,2020-07-07 04:00:00,2021-07-07 04:00:00,2021-07-07 04:00:00,365,1
1118,2021-07-07 04:00:00,Neural Network,4,1.5537720549756122,1.6975874911492062,2020-07-07 04:00:00,2021-07-07 04:00:00,2021-07-07 04:00:00,365,1
1119,2021-07-07 04:00:00,Naive,4,1.5537720549756122,1.3688206760137862,2020-07-07 04:00:00,2021-07-07 04:00:00,2021-07-07 04:00:00,365,1
1120,2021-07-08 04:00:00,Decision Tree,4,1.6501916879022964,1.6099060935348763,2020-07-08 04:00:00,2021-07-08 04:00:00,2021-07-08 04:00:00,365,1
1121,2021-07-08 04:00:00,Random Forest,4,1.6501916879022964,1.6339831212454865,2020-07-08 04:00:00,2021-07-08 04:00:00,2021-07-08 04:00:00,365,1
1122,2021-07-08 04:00:00,Neural Network,4,1.6501916879022964,1.9382567359349436,2020-07-08 04:00:00,2021-07-08 04:00:00,2021-07-08 04:00:00,365,1
1123,2021-07-08 04:00:00,Naive,4,1.6501916879022964,1.5537720549756122,2020-07-08 04:00:00,2021-07-08 04:00:00,2021-07-08 04:00:00,365,1
1124,2021-07-09 04:00:00,Decision Tree,4,1.5472906969373732,1.5610011870844758,2020-07-09 04:00:00,2021-07-09 04:00:00,2021-07-09 04:00:00,365,1
1125,2021-07-09 04:00:00,Random Forest,4,1.5472906969373732,1.5722902159519738,2020-07-09 04:00:00,2021-07-09 04:00:00,2021-07-09 04:00:00,365,1
1126,2021-07-09 04:00:00,Neural Network,4,1.5472906969373732,1.7973656721349216,2020-07-09 04:00:00,2021-07-09 04:00:00,2021-07-09 04:00:00,365,1
1127,2021-07-09 04:00:00,Naive,4,1.5472906969373732,1.6501916879022964,2020-07-09 04:00:00,2021-07-09 04:00:00,2021-07-09 04:00:00,365,1
1128,2021-07-10 04:00:00,Decision Tree,4,1.4856950540831366,1.558716105393292,2020-07-10 04:00:00,2021-07-10 04:00:00,2021-07-10 04:00:00,365,1
1129,2021-07-10 04:00:00,Random Forest,4,1.4856950540831366,1.5418681013742468,2020-07-10 04:00:00,2021-07-10 04:00:00,2021-07-10 04:00:00,365,1
1130,2021-07-10 04:00:00,Neural Network,4,1.4856950540831366,1.6606770386935765,2020-07-10 04:00:00,2021-07-10 04:00:00,2021-07-10 04:00:00,365,1
1131,2021-07-10 04:00:00,Naive,4,1.4856950540831366,1.5472906969373732,2020-07-10 04:00:00,2021-07-10 04:00:00,2021-07-10 04:00:00,365,1
1132,2021-07-11 04:00:00,Decision Tree,4,1.3732506613684217,1.496206799267175,2020-07-11 04:00:00,2021-07-11 04:00:00,2021-07-11 04:00:00,365,1
1133,2021-07-11 04:00:00,Random Forest,4,1.3732506613684217,1.481135342908912,2020-07-11 04:00:00,2021-07-11 04:00:00,2021-07-11 04:00:00,365,1
1134,2021-07-11 04:00:00,Neural Network,4,1.3732506613684217,1.4282897179958978,2020-07-11 04:00:00,2021-07-11 04:00:00,2021-07-11 04:00:00,365,1
1135,2021-07-11 04:00:00,Naive,4,1.3732506613684217,1.4856950540831366,2020-07-11 04:00:00,2021-07-11 04:00:00,2021-07-11 04:00:00,365,1
1136,2021-07-12 04:00:00,Decision Tree,4,1.4879038979950392,1.4752902097861569,2020-07-12 04:00:00,2021-07-12 04:00:00,2021-07-12 04:00:00,365,1
1137,2021-07-12 04:00:00,Random Forest,4,1.4879038979950392,1.4981693661624549,2020-07-12 04:00:00,2021-07-12 04:00:00,2021-07-12 04:00:00,365,1
1138,2021-07-12 04:00:00,Neural Network,4,1.4879038979950392,1.5369220644323494,2020-07-12 04:00:00,2021-07-12 04:00:00,2021-07-12 04:00:00,365,1
1139,2021-07-12 04:00:00,Naive,4,1.4879038979950392,1.3732506613684217,2020-07-12 04:00:00,2021-07-12 04:00:00,2021-07-12 04:00:00,365,1
1140,2021-07-13 04:00:00,Decision Tree,4,1.58059776452195,1.6447711214847565,2020-07-13 04:00:00,2021-07-13 04:00:00,2021-07-13 04:00:00,365,1
1141,2021-07-13 04:00:00,Random Forest,4,1.58059776452195,1.6144834046979584,2020-07-13 04:00:00,2021-07-13 04:00:00,2021-07-13 04:00:00,365,1
1142,2021-07-13 04:00:00,Neural Network,4,1.58059776452195,1.741399729610499,2020-07-13 04:00:00,2021-07-13 04:00:00,2021-07-13 04:00:00,365,1
1143,2021-07-13 04:00:00,Naive,4,1.58059776452195,1.4879038979950392,2020-07-13 04:00:00,2021-07-13 04:00:00,2021-07-13 04:00:00,365,1
1144,2021-07-14 04:00:00,Decision Tree,4,1.515811628661424,1.558716105393292,2020-07-14 04:00:00,2021-07-14 04:00:00,2021-07-14 04:00:00,365,1
1145,2021-07-14 04:00:00,Random Forest,4,1.515811628661424,1.5603043550253533,2020-07-14 04:00:00,2021-07-14 04:00:00,2021-07-14 04:00:00,365,1
1146,2021-07-14 04:00:00,Neural Network,4,1.515811628661424,1.6997523161548709,2020-07-14 04:00:00,2021-07-14 04:00:00,2021-07-14 04:00:00,365,1
1147,2021-07-14 04:00:00,Naive,4,1.515811628661424,1.58059776452195,2020-07-14 04:00:00,2021-07-14 04:00:00,2021-07-14 04:00:00,365,1
1148,2021-07-15 04:00:00,Decision Tree,4,1.5975965626279143,1.6340755619909555,2020-07-15 04:00:00,2021-07-15 04:00:00,2021-07-15 04:00:00,365,1
1149,2021-07-15 04:00:00,Random Forest,4,1.5975965626279143,1.6010311885491537,2020-07-15 04:00:00,2021-07-15 04:00:00,2021-07-15 04:00:00,365,1
1150,2021-07-15 04:00:00,Neural Network,4,1.5975965626279143,1.7050864268209818,2020-07-15 04:00:00,2021-07-15 04:00:00,2021-07-15 04:00:00,365,1
1151,2021-07-15 04:00:00,Naive,4,1.5975965626279143,1.515811628661424,2020-07-15 04:00:00,2021-07-15 04:00:00,2021-07-15 04:00:00,365,1
1152,2021-07-16 04:00:00,Decision Tree,4,1.465063539222449,1.4766917306982548,2020-07-16 04:00:00,2021-07-16 04:00:00,2021-07-16 04:00:00,365,1
1153,2021-07-16 04:00:00,Random Forest,4,1.465063539222449,1.5020044024333885,2020-07-16 04:00:00,2021-07-16 04:00:00,2021-07-16 04:00:00,365,1
1154,2021-07-16 04:00:00,Neural Network,4,1.465063539222449,1.5557761007746598,2020-07-16 04:00:00,2021-07-16 04:00:00,2021-07-16 04:00:00,365,1
1155,2021-07-16 04:00:00,Naive,4,1.465063539222449,1.5975965626279143,2020-07-16 04:00:00,2021-07-16 04:00:00,2021-07-16 04:00:00,365,1
1156,2021-07-17 04:00:00,Decision Tree,4,0.9893675159476015,1.1922389519226206,2020-07-17 04:00:00,2021-07-17 04:00:00,2021-07-17 04:00:00,365,1
1157,2021-07-17 04:00:00,Random Forest,4,0.9893675159476015,1.1535632362961126,2020-07-17 04:00:00,2021-07-17 04:00:00,2021-07-17 04:00:00,365,1
1158,2021-07-17 04:00:00,Neural Network,4,0.9893675159476015,1.0037320021470668,2020-07-17 04:00:00,2021-07-17 04:00:00,2021-07-17 04:00:00,365,1
1159,2021-07-17 04:00:00,Naive,4,0.9893675159476015,1.465063539222449,2020-07-17 04:00:00,2021-07-17 04:00:00,2021-07-17 04:00:00,365,1
1160,2021-07-18 04:00:00,Decision Tree,4,0.4422943356350364,0.6639265620031838,2020-07-18 04:00:00,2021-07-18 04:00:00,2021-07-18 04:00:00,365,1
1161,2021-07-18 04:00:00,Random Forest,4,0.4422943356350364,0.680766907356611,2020-07-18 04:00:00,2021-07-18 04:00:00,2021-07-18 04:00:00,365,1
1162,2021-07-18 04:00:00,Neural Network,4,0.4422943356350364,0.32679127827477494,2020-07-18 04:00:00,2021-07-18 04:00:00,2021-07-18 04:00:00,365,1
1163,2021-07-18 04:00:00,Naive,4,0.4422943356350364,0.9893675159476015,2020-07-18 04:00:00,2021-07-18 04:00:00,2021-07-18 04:00:00,365,1
1164,2021-07-19 04:00:00,Decision Tree,4,1.2683270213365347,1.3673076368671089,2020-07-19 04:00:00,2021-07-19 04:00:00,2021-07-19 04:00:00,365,1
1165,2021-07-19 04:00:00,Random Forest,4,1.2683270213365347,1.3691454572576367,2020-07-19 04:00:00,2021-07-19 04:00:00,2021-07-19 04:00:00,365,1
1166,2021-07-19 04:00:00,Neural Network,4,1.2683270213365347,1.2813137009219984,2020-07-19 04:00:00,2021-07-19 04:00:00,2021-07-19 04:00:00,365,1
1167,2021-07-19 04:00:00,Naive,4,1.2683270213365347,0.4422943356350364,2020-07-19 04:00:00,2021-07-19 04:00:00,2021-07-19 04:00:00,365,1
1168,2021-07-20 04:00:00,Decision Tree,4,1.583424534266337,1.6288642763676637,2020-07-20 04:00:00,2021-07-20 04:00:00,2021-07-20 04:00:00,365,1
1169,2021-07-20 04:00:00,Random Forest,4,1.583424534266337,1.5999755458253841,2020-07-20 04:00:00,2021-07-20 04:00:00,2021-07-20 04:00:00,365,1
1170,2021-07-20 04:00:00,Neural Network,4,1.583424534266337,1.7568904954088604,2020-07-20 04:00:00,2021-07-20 04:00:00,2021-07-20 04:00:00,365,1
1171,2021-07-20 04:00:00,Naive,4,1.583424534266337,1.2683270213365347,2020-07-20 04:00:00,2021-07-20 04:00:00,2021-07-20 04:00:00,365,1
1172,2021-07-21 04:00:00,Decision Tree,4,1.5401983564535533,1.623184308604998,2020-07-21 04:00:00,2021-07-21 04:00:00,2021-07-21 04:00:00,365,1
1173,2021-07-21 04:00:00,Random Forest,4,1.5401983564535533,1.5869760868344212,2020-07-21 04:00:00,2021-07-21 04:00:00,2021-07-21 04:00:00,365,1
1174,2021-07-21 04:00:00,Neural Network,4,1.5401983564535533,1.6915439349078136,2020-07-21 04:00:00,2021-07-21 04:00:00,2021-07-21 04:00:00,365,1
1175,2021-07-21 04:00:00,Naive,4,1.5401983564535533,1.583424534266337,2020-07-21 04:00:00,2021-07-21 04:00:00,2021-07-21 04:00:00,365,1
1176,2021-07-22 04:00:00,Decision Tree,4,1.4840195857773624,1.5455435743982024,2020-07-22 04:00:00,2021-07-22 04:00:00,2021-07-22 04:00:00,365,1
1177,2021-07-22 04:00:00,Random Forest,4,1.4840195857773624,1.5626859433305673,2020-07-22 04:00:00,2021-07-22 04:00:00,2021-07-22 04:00:00,365,1
1178,2021-07-22 04:00:00,Neural Network,4,1.4840195857773624,1.6919538177445552,2020-07-22 04:00:00,2021-07-22 04:00:00,2021-07-22 04:00:00,365,1
1179,2021-07-22 04:00:00,Naive,4,1.4840195857773624,1.5401983564535533,2020-07-22 04:00:00,2021-07-22 04:00:00,2021-07-22 04:00:00,365,1
1180,2021-07-23 04:00:00,Decision Tree,4,1.5445499729938579,1.6343405500010675,2020-07-23 04:00:00,2021-07-23 04:00:00,2021-07-23 04:00:00,365,1
1181,2021-07-23 04:00:00,Random Forest,4,1.5445499729938579,1.5794632851868253,2020-07-23 04:00:00,2021-07-23 04:00:00,2021-07-23 04:00:00,365,1
1182,2021-07-23 04:00:00,Neural Network,4,1.5445499729938579,1.6030868706961836,2020-07-23 04:00:00,2021-07-23 04:00:00,2021-07-23 04:00:00,365,1
1183,2021-07-23 04:00:00,Naive,4,1.5445499729938579,1.4840195857773624,2020-07-23 04:00:00,2021-07-23 04:00:00,2021-07-23 04:00:00,365,1
1184,2021-07-24 04:00:00,Decision Tree,4,1.3839740893072214,1.4626461459414841,2020-07-24 04:00:00,2021-07-24 04:00:00,2021-07-24 04:00:00,365,1
1185,2021-07-24 04:00:00,Random Forest,4,1.3839740893072214,1.4663642001208204,2020-07-24 04:00:00,2021-07-24 04:00:00,2021-07-24 04:00:00,365,1
1186,2021-07-24 04:00:00,Neural Network,4,1.3839740893072214,1.3528887891704677,2020-07-24 04:00:00,2021-07-24 04:00:00,2021-07-24 04:00:00,365,1
1187,2021-07-24 04:00:00,Naive,4,1.3839740893072214,1.5445499729938579,2020-07-24 04:00:00,2021-07-24 04:00:00,2021-07-24 04:00:00,365,1
1188,2021-07-25 04:00:00,Decision Tree,4,0.6101182110506987,0.8420617261975337,2020-07-25 04:00:00,2021-07-25 04:00:00,2021-07-25 04:00:00,365,1
1189,2021-07-25 04:00:00,Random Forest,4,0.6101182110506987,0.850609629095336,2020-07-25 04:00:00,2021-07-25 04:00:00,2021-07-25 04:00:00,365,1
1190,2021-07-25 04:00:00,Neural Network,4,0.6101182110506987,0.6097799866631994,2020-07-25 04:00:00,2021-07-25 04:00:00,2021-07-25 04:00:00,365,1
1191,2021-07-25 04:00:00,Naive,4,0.6101182110506987,1.3839740893072214,2020-07-25 04:00:00,2021-07-25 04:00:00,2021-07-25 04:00:00,365,1
1192,2021-07-26 04:00:00,Decision Tree,4,1.4377080352402976,1.453904806315455,2020-07-26 04:00:00,2021-07-26 04:00:00,2021-07-26 04:00:00,365,1
1193,2021-07-26 04:00:00,Random Forest,4,1.4377080352402976,1.4931283526402188,2020-07-26 04:00:00,2021-07-26 04:00:00,2021-07-26 04:00:00,365,1
1194,2021-07-26 04:00:00,Neural Network,4,1.4377080352402976,1.441341320204274,2020-07-26 04:00:00,2021-07-26 04:00:00,2021-07-26 04:00:00,365,1
1195,2021-07-26 04:00:00,Naive,4,1.4377080352402976,0.6101182110506987,2020-07-26 04:00:00,2021-07-26 04:00:00,2021-07-26 04:00:00,365,1
1196,2021-07-27 04:00:00,Decision Tree,4,1.3954379288301886,1.4869419187170725,2020-07-27 04:00:00,2021-07-27 04:00:00,2021-07-27 04:00:00,365,1
1197,2021-07-27 04:00:00,Random Forest,4,1.3954379288301886,1.4708182959950944,2020-07-27 04:00:00,2021-07-27 04:00:00,2021-07-27 04:00:00,365,1
1198,2021-07-27 04:00:00,Neural Network,4,1.3954379288301886,1.5222782444213205,2020-07-27 04:00:00,2021-07-27 04:00:00,2021-07-27 04:00:00,365,1
1199,2021-07-27 04:00:00,Naive,4,1.3954379288301886,1.4377080352402976,2020-07-27 04:00:00,2021-07-27 04:00:00,2021-07-27 04:00:00,365,1
1200,2021-07-28 04:00:00,Decision Tree,4,1.4777569003391584,1.5194124625267114,2020-07-28 04:00:00,2021-07-28 04:00:00,2021-07-28 04:00:00,365,1
1201,2021-07-28 04:00:00,Random Forest,4,1.4777569003391584,1.528608283791719,2020-07-28 04:00:00,2021-07-28 04:00:00,2021-07-28 04:00:00,365,1
1202,2021-07-28 04:00:00,Neural Network,4,1.4777569003391584,1.5644397398621879,2020-07-28 04:00:00,2021-07-28 04:00:00,2021-07-28 04:00:00,365,1
1203,2021-07-28 04:00:00,Naive,4,1.4777569003391584,1.3954379288301886,2020-07-28 04:00:00,2021-07-28 04:00:00,2021-07-28 04:00:00,365,1
1204,2021-07-29 04:00:00,Decision Tree,4,0.3777892923033388,0.6704495768644557,2020-07-29 04:00:00,2021-07-29 04:00:00,2021-07-29 04:00:00,365,1
1205,2021-07-29 04:00:00,Random Forest,4,0.3777892923033388,0.6150618513149659,2020-07-29 04:00:00,2021-07-29 04:00:00,2021-07-29 04:00:00,365,1
1206,2021-07-29 04:00:00,Neural Network,4,0.3777892923033388,0.3355242328534216,2020-07-29 04:00:00,2021-07-29 04:00:00,2021-07-29 04:00:00,365,1
1207,2021-07-29 04:00:00,Naive,4,0.3777892923033388,1.4777569003391584,2020-07-29 04:00:00,2021-07-29 04:00:00,2021-07-29 04:00:00,365,1
1208,2021-07-30 04:00:00,Decision Tree,4,0.4572597499022551,0.7331320275810761,2020-07-30 04:00:00,2021-07-30 04:00:00,2021-07-30 04:00:00,365,1
1209,2021-07-30 04:00:00,Random Forest,4,0.4572597499022551,0.7137645102911931,2020-07-30 04:00:00,2021-07-30 04:00:00,2021-07-30 04:00:00,365,1
1210,2021-07-30 04:00:00,Neural Network,4,0.4572597499022551,0.42938999088805374,2020-07-30 04:00:00,2021-07-30 04:00:00,2021-07-30 04:00:00,365,1
1211,2021-07-30 04:00:00,Naive,4,0.4572597499022551,0.3777892923033388,2020-07-30 04:00:00,2021-07-30 04:00:00,2021-07-30 04:00:00,365,1
1212,2021-07-31 04:00:00,Decision Tree,4,-0.110680086905867,-0.028722091804536946,2020-07-31 04:00:00,2021-07-31 04:00:00,2021-07-31 04:00:00,365,1
1213,2021-07-31 04:00:00,Random Forest,4,-0.110680086905867,0.028541141787056603,2020-07-31 04:00:00,2021-07-31 04:00:00,2021-07-31 04:00:00,365,1
1214,2021-07-31 04:00:00,Neural Network,4,-0.110680086905867,-0.21361719501324666,2020-07-31 04:00:00,2021-07-31 04:00:00,2021-07-31 04:00:00,365,1
1215,2021-07-31 04:00:00,Naive,4,-0.110680086905867,0.4572597499022551,2020-07-31 04:00:00,2021-07-31 04:00:00,2021-07-31 04:00:00,365,1
1216,2021-08-01 04:00:00,Decision Tree,4,0.6419254948731495,0.9629682595613929,2020-08-01 04:00:00,2021-08-01 04:00:00,2021-08-01 04:00:00,365,1
1217,2021-08-01 04:00:00,Random Forest,4,0.6419254948731495,0.9447302618665339,2020-08-01 04:00:00,2021-08-01 04:00:00,2021-08-01 04:00:00,365,1
1218,2021-08-01 04:00:00,Neural Network,4,0.6419254948731495,0.7637210271937804,2020-08-01 04:00:00,2021-08-01 04:00:00,2021-08-01 04:00:00,365,1
1219,2021-08-01 04:00:00,Naive,4,0.6419254948731495,-0.110680086905867,2020-08-01 04:00:00,2021-08-01 04:00:00,2021-08-01 04:00:00,365,1
1220,2021-08-02 04:00:00,Decision Tree,4,0.6986557787928253,0.9472088878847852,2020-08-02 04:00:00,2021-08-02 04:00:00,2021-08-02 04:00:00,365,1
1221,2021-08-02 04:00:00,Random Forest,4,0.6986557787928253,0.9061681731860308,2020-08-02 04:00:00,2021-08-02 04:00:00,2021-08-02 04:00:00,365,1
1222,2021-08-02 04:00:00,Neural Network,4,0.6986557787928253,0.5929788129874807,2020-08-02 04:00:00,2021-08-02 04:00:00,2021-08-02 04:00:00,365,1
1223,2021-08-02 04:00:00,Naive,4,0.6986557787928253,0.6419254948731495,2020-08-02 04:00:00,2021-08-02 04:00:00,2021-08-02 04:00:00,365,1
1224,2021-08-03 04:00:00,Decision Tree,4,1.4810123666716324,1.5712766089380086,2020-08-03 04:00:00,2021-08-03 04:00:00,2021-08-03 04:00:00,365,1
1225,2021-08-03 04:00:00,Random Forest,4,1.4810123666716324,1.5628993624718217,2020-08-03 04:00:00,2021-08-03 04:00:00,2021-08-03 04:00:00,365,1
1226,2021-08-03 04:00:00,Neural Network,4,1.4810123666716324,1.555558786733133,2020-08-03 04:00:00,2021-08-03 04:00:00,2021-08-03 04:00:00,365,1
1227,2021-08-03 04:00:00,Naive,4,1.4810123666716324,0.6986557787928253,2020-08-03 04:00:00,2021-08-03 04:00:00,2021-08-03 04:00:00,365,1
1228,2021-08-04 04:00:00,Decision Tree,4,1.5442150888182433,1.5639185632537997,2020-08-04 04:00:00,2021-08-04 04:00:00,2021-08-04 04:00:00,365,1
1229,2021-08-04 04:00:00,Random Forest,4,1.5442150888182433,1.5814031966564952,2020-08-04 04:00:00,2021-08-04 04:00:00,2021-08-04 04:00:00,365,1
1230,2021-08-04 04:00:00,Neural Network,4,1.5442150888182433,1.737191447589363,2020-08-04 04:00:00,2021-08-04 04:00:00,2021-08-04 04:00:00,365,1
1231,2021-08-04 04:00:00,Naive,4,1.5442150888182433,1.4810123666716324,2020-08-04 04:00:00,2021-08-04 04:00:00,2021-08-04 04:00:00,365,1
1232,2021-08-05 04:00:00,Decision Tree,4,1.5646102659811052,1.561455628949355,2020-08-05 04:00:00,2021-08-05 04:00:00,2021-08-05 04:00:00,365,1
1233,2021-08-05 04:00:00,Random Forest,4,1.5646102659811052,1.621796903771535,2020-08-05 04:00:00,2021-08-05 04:00:00,2021-08-05 04:00:00,365,1
1234,2021-08-05 04:00:00,Neural Network,4,1.5646102659811052,1.7510621935001751,2020-08-05 04:00:00,2021-08-05 04:00:00,2021-08-05 04:00:00,365,1
1235,2021-08-05 04:00:00,Naive,4,1.5646102659811052,1.5442150888182433,2020-08-05 04:00:00,2021-08-05 04:00:00,2021-08-05 04:00:00,365,1
1236,2021-08-06 04:00:00,Decision Tree,4,1.1785716401168207,1.3012904326582126,2020-08-06 04:00:00,2021-08-06 04:00:00,2021-08-06 04:00:00,365,1
1237,2021-08-06 04:00:00,Random Forest,4,1.1785716401168207,1.3323450717780643,2020-08-06 04:00:00,2021-08-06 04:00:00,2021-08-06 04:00:00,365,1
1238,2021-08-06 04:00:00,Neural Network,4,1.1785716401168207,1.2647791702299167,2020-08-06 04:00:00,2021-08-06 04:00:00,2021-08-06 04:00:00,365,1
1239,2021-08-06 04:00:00,Naive,4,1.1785716401168207,1.5646102659811052,2020-08-06 04:00:00,2021-08-06 04:00:00,2021-08-06 04:00:00,365,1
1240,2021-08-07 04:00:00,Decision Tree,4,0.966619442924333,1.2599477482240014,2020-08-07 04:00:00,2021-08-07 04:00:00,2021-08-07 04:00:00,365,1
1241,2021-08-07 04:00:00,Random Forest,4,0.966619442924333,1.112184890631193,2020-08-07 04:00:00,2021-08-07 04:00:00,2021-08-07 04:00:00,365,1
1242,2021-08-07 04:00:00,Neural Network,4,0.966619442924333,1.0550080512721733,2020-08-07 04:00:00,2021-08-07 04:00:00,2021-08-07 04:00:00,365,1
1243,2021-08-07 04:00:00,Naive,4,0.966619442924333,1.1785716401168207,2020-08-07 04:00:00,2021-08-07 04:00:00,2021-08-07 04:00:00,365,1
1244,2021-08-08 04:00:00,Decision Tree,4,-1.4938988001215858,-1.6625418609278781,2020-08-08 04:00:00,2021-08-08 04:00:00,2021-08-08 04:00:00,365,1
1245,2021-08-08 04:00:00,Random Forest,4,-1.4938988001215858,-1.6448010749874096,2020-08-08 04:00:00,2021-08-08 04:00:00,2021-08-08 04:00:00,365,1
1246,2021-08-08 04:00:00,Neural Network,4,-1.4938988001215858,-1.4398202754076068,2020-08-08 04:00:00,2021-08-08 04:00:00,2021-08-08 04:00:00,365,1
1247,2021-08-08 04:00:00,Naive,4,-1.4938988001215858,0.966619442924333,2020-08-08 04:00:00,2021-08-08 04:00:00,2021-08-08 04:00:00,365,1
1248,2021-08-09 04:00:00,Decision Tree,4,-0.02613145764310516,0.1698479441001657,2020-08-09 04:00:00,2021-08-09 04:00:00,2021-08-09 04:00:00,365,1
1249,2021-08-09 04:00:00,Random Forest,4,-0.02613145764310516,0.16384996468649515,2020-08-09 04:00:00,2021-08-09 04:00:00,2021-08-09 04:00:00,365,1
1250,2021-08-09 04:00:00,Neural Network,4,-0.02613145764310516,-0.4301517905411084,2020-08-09 04:00:00,2021-08-09 04:00:00,2021-08-09 04:00:00,365,1
1251,2021-08-09 04:00:00,Naive,4,-0.02613145764310516,-1.4938988001215858,2020-08-09 04:00:00,2021-08-09 04:00:00,2021-08-09 04:00:00,365,1
1252,2021-08-10 04:00:00,Decision Tree,4,1.262628432919463,1.3927712337813225,2020-08-10 04:00:00,2021-08-10 04:00:00,2021-08-10 04:00:00,365,1
1253,2021-08-10 04:00:00,Random Forest,4,1.262628432919463,1.359902137697003,2020-08-10 04:00:00,2021-08-10 04:00:00,2021-08-10 04:00:00,365,1
1254,2021-08-10 04:00:00,Neural Network,4,1.262628432919463,1.3683487228131572,2020-08-10 04:00:00,2021-08-10 04:00:00,2021-08-10 04:00:00,365,1
1255,2021-08-10 04:00:00,Naive,4,1.262628432919463,-0.02613145764310516,2020-08-10 04:00:00,2021-08-10 04:00:00,2021-08-10 04:00:00,365,1
1256,2021-08-11 04:00:00,Decision Tree,4,1.6312965586731958,1.561806144175105,2020-08-11 04:00:00,2021-08-11 04:00:00,2021-08-11 04:00:00,365,1
1257,2021-08-11 04:00:00,Random Forest,4,1.6312965586731958,1.6052581114688451,2020-08-11 04:00:00,2021-08-11 04:00:00,2021-08-11 04:00:00,365,1
1258,2021-08-11 04:00:00,Neural Network,4,1.6312965586731958,1.8190490074401815,2020-08-11 04:00:00,2021-08-11 04:00:00,2021-08-11 04:00:00,365,1
1259,2021-08-11 04:00:00,Naive,4,1.6312965586731958,1.262628432919463,2020-08-11 04:00:00,2021-08-11 04:00:00,2021-08-11 04:00:00,365,1
1260,2021-08-12 04:00:00,Decision Tree,4,1.674331343447581,1.6407174551742707,2020-08-12 04:00:00,2021-08-12 04:00:00,2021-08-12 04:00:00,365,1
1261,2021-08-12 04:00:00,Random Forest,4,1.674331343447581,1.6379891529061443,2020-08-12 04:00:00,2021-08-12 04:00:00,2021-08-12 04:00:00,365,1
1262,2021-08-12 04:00:00,Neural Network,4,1.674331343447581,1.8800209431839767,2020-08-12 04:00:00,2021-08-12 04:00:00,2021-08-12 04:00:00,365,1
1263,2021-08-12 04:00:00,Naive,4,1.674331343447581,1.6312965586731958,2020-08-12 04:00:00,2021-08-12 04:00:00,2021-08-12 04:00:00,365,1
1264,2021-08-13 04:00:00,Decision Tree,4,1.601393871236689,1.656064411338204,2020-08-13 04:00:00,2021-08-13 04:00:00,2021-08-13 04:00:00,365,1
1265,2021-08-13 04:00:00,Random Forest,4,1.601393871236689,1.6473207185944092,2020-08-13 04:00:00,2021-08-13 04:00:00,2021-08-13 04:00:00,365,1
1266,2021-08-13 04:00:00,Neural Network,4,1.601393871236689,1.7341005543214645,2020-08-13 04:00:00,2021-08-13 04:00:00,2021-08-13 04:00:00,365,1
1267,2021-08-13 04:00:00,Naive,4,1.601393871236689,1.674331343447581,2020-08-13 04:00:00,2021-08-13 04:00:00,2021-08-13 04:00:00,365,1
1268,2021-08-14 04:00:00,Decision Tree,4,1.297583070388645,1.4362011983828795,2020-08-14 04:00:00,2021-08-14 04:00:00,2021-08-14 04:00:00,365,1
1269,2021-08-14 04:00:00,Random Forest,4,1.297583070388645,1.4050191921604283,2020-08-14 04:00:00,2021-08-14 04:00:00,2021-08-14 04:00:00,365,1
1270,2021-08-14 04:00:00,Neural Network,4,1.297583070388645,1.5005402378731203,2020-08-14 04:00:00,2021-08-14 04:00:00,2021-08-14 04:00:00,365,1
1271,2021-08-14 04:00:00,Naive,4,1.297583070388645,1.601393871236689,2020-08-14 04:00:00,2021-08-14 04:00:00,2021-08-14 04:00:00,365,1
1272,2021-08-15 04:00:00,Decision Tree,4,0.9990983646589047,1.2341318601197693,2020-08-15 04:00:00,2021-08-15 04:00:00,2021-08-15 04:00:00,365,1
1273,2021-08-15 04:00:00,Random Forest,4,0.9990983646589047,1.0911644217900331,2020-08-15 04:00:00,2021-08-15 04:00:00,2021-08-15 04:00:00,365,1
1274,2021-08-15 04:00:00,Neural Network,4,0.9990983646589047,0.8663508592082578,2020-08-15 04:00:00,2021-08-15 04:00:00,2021-08-15 04:00:00,365,1
1275,2021-08-15 04:00:00,Naive,4,0.9990983646589047,1.297583070388645,2020-08-15 04:00:00,2021-08-15 04:00:00,2021-08-15 04:00:00,365,1
1276,2021-08-16 04:00:00,Decision Tree,4,1.033574783828136,1.2966045455740969,2020-08-16 04:00:00,2021-08-16 04:00:00,2021-08-16 04:00:00,365,1
1277,2021-08-16 04:00:00,Random Forest,4,1.033574783828136,1.2477634930670578,2020-08-16 04:00:00,2021-08-16 04:00:00,2021-08-16 04:00:00,365,1
1278,2021-08-16 04:00:00,Neural Network,4,1.033574783828136,1.065267765062818,2020-08-16 04:00:00,2021-08-16 04:00:00,2021-08-16 04:00:00,365,1
1279,2021-08-16 04:00:00,Naive,4,1.033574783828136,0.9990983646589047,2020-08-16 04:00:00,2021-08-16 04:00:00,2021-08-16 04:00:00,365,1
1280,2021-08-17 04:00:00,Decision Tree,4,-0.23743104553303604,-0.11816723129561842,2020-08-17 04:00:00,2021-08-17 04:00:00,2021-08-17 04:00:00,365,1
1281,2021-08-17 04:00:00,Random Forest,4,-0.23743104553303604,-0.12271825707863729,2020-08-17 04:00:00,2021-08-17 04:00:00,2021-08-17 04:00:00,365,1
1282,2021-08-17 04:00:00,Neural Network,4,-0.23743104553303604,-0.5097663673457445,2020-08-17 04:00:00,2021-08-17 04:00:00,2021-08-17 04:00:00,365,1
1283,2021-08-17 04:00:00,Naive,4,-0.23743104553303604,1.033574783828136,2020-08-17 04:00:00,2021-08-17 04:00:00,2021-08-17 04:00:00,365,1
1284,2021-08-18 04:00:00,Decision Tree,4,1.0935433683086115,1.296604545574097,2020-08-18 04:00:00,2021-08-18 04:00:00,2021-08-18 04:00:00,365,1
1285,2021-08-18 04:00:00,Random Forest,4,1.0935433683086115,1.2362292857184567,2020-08-18 04:00:00,2021-08-18 04:00:00,2021-08-18 04:00:00,365,1
1286,2021-08-18 04:00:00,Neural Network,4,1.0935433683086115,1.264729513486493,2020-08-18 04:00:00,2021-08-18 04:00:00,2021-08-18 04:00:00,365,1
1287,2021-08-18 04:00:00,Naive,4,1.0935433683086115,-0.23743104553303604,2020-08-18 04:00:00,2021-08-18 04:00:00,2021-08-18 04:00:00,365,1
1288,2021-08-19 04:00:00,Decision Tree,4,1.0125487929243608,1.0435399400570657,2020-08-19 04:00:00,2021-08-19 04:00:00,2021-08-19 04:00:00,365,1
1289,2021-08-19 04:00:00,Random Forest,4,1.0125487929243608,1.0901050089486282,2020-08-19 04:00:00,2021-08-19 04:00:00,2021-08-19 04:00:00,365,1
1290,2021-08-19 04:00:00,Neural Network,4,1.0125487929243608,1.1952081866805089,2020-08-19 04:00:00,2021-08-19 04:00:00,2021-08-19 04:00:00,365,1
1291,2021-08-19 04:00:00,Naive,4,1.0125487929243608,1.0935433683086115,2020-08-19 04:00:00,2021-08-19 04:00:00,2021-08-19 04:00:00,365,1
1292,2021-08-20 04:00:00,Decision Tree,4,1.6290367997520043,1.663421132389321,2020-08-20 04:00:00,2021-08-20 04:00:00,2021-08-20 04:00:00,365,1
1293,2021-08-20 04:00:00,Random Forest,4,1.6290367997520043,1.6673507216122667,2020-08-20 04:00:00,2021-08-20 04:00:00,2021-08-20 04:00:00,365,1
1294,2021-08-20 04:00:00,Neural Network,4,1.6290367997520043,1.7709355910858693,2020-08-20 04:00:00,2021-08-20 04:00:00,2021-08-20 04:00:00,365,1
1295,2021-08-20 04:00:00,Naive,4,1.6290367997520043,1.0125487929243608,2020-08-20 04:00:00,2021-08-20 04:00:00,2021-08-20 04:00:00,365,1
1296,2021-08-21 04:00:00,Decision Tree,4,1.572645257132096,1.6576904102831012,2020-08-21 04:00:00,2021-08-21 04:00:00,2021-08-21 04:00:00,365,1
1297,2021-08-21 04:00:00,Random Forest,4,1.572645257132096,1.619394269047061,2020-08-21 04:00:00,2021-08-21 04:00:00,2021-08-21 04:00:00,365,1
1298,2021-08-21 04:00:00,Neural Network,4,1.572645257132096,1.7121888575306161,2020-08-21 04:00:00,2021-08-21 04:00:00,2021-08-21 04:00:00,365,1
1299,2021-08-21 04:00:00,Naive,4,1.572645257132096,1.6290367997520043,2020-08-21 04:00:00,2021-08-21 04:00:00,2021-08-21 04:00:00,365,1
1300,2021-08-22 04:00:00,Decision Tree,4,1.2938843355884897,1.3444281098348587,2020-08-22 04:00:00,2021-08-22 04:00:00,2021-08-22 04:00:00,365,1
1301,2021-08-22 04:00:00,Random Forest,4,1.2938843355884897,1.35121742097928,2020-08-22 04:00:00,2021-08-22 04:00:00,2021-08-22 04:00:00,365,1
1302,2021-08-22 04:00:00,Neural Network,4,1.2938843355884897,1.4019688062143199,2020-08-22 04:00:00,2021-08-22 04:00:00,2021-08-22 04:00:00,365,1
1303,2021-08-22 04:00:00,Naive,4,1.2938843355884897,1.572645257132096,2020-08-22 04:00:00,2021-08-22 04:00:00,2021-08-22 04:00:00,365,1
1304,2021-08-23 04:00:00,Decision Tree,4,1.4374237601270528,1.5628104053250418,2020-08-23 04:00:00,2021-08-23 04:00:00,2021-08-23 04:00:00,365,1
1305,2021-08-23 04:00:00,Random Forest,4,1.4374237601270528,1.559441471824519,2020-08-23 04:00:00,2021-08-23 04:00:00,2021-08-23 04:00:00,365,1
1306,2021-08-23 04:00:00,Neural Network,4,1.4374237601270528,1.5149071841673287,2020-08-23 04:00:00,2021-08-23 04:00:00,2021-08-23 04:00:00,365,1
1307,2021-08-23 04:00:00,Naive,4,1.4374237601270528,1.2938843355884897,2020-08-23 04:00:00,2021-08-23 04:00:00,2021-08-23 04:00:00,365,1
1308,2021-08-24 04:00:00,Decision Tree,4,1.5427675325006494,1.6455411026901008,2020-08-24 04:00:00,2021-08-24 04:00:00,2021-08-24 04:00:00,365,1
1309,2021-08-24 04:00:00,Random Forest,4,1.5427675325006494,1.5801298999111153,2020-08-24 04:00:00,2021-08-24 04:00:00,2021-08-24 04:00:00,365,1
1310,2021-08-24 04:00:00,Neural Network,4,1.5427675325006494,1.6628786498545833,2020-08-24 04:00:00,2021-08-24 04:00:00,2021-08-24 04:00:00,365,1
1311,2021-08-24 04:00:00,Naive,4,1.5427675325006494,1.4374237601270528,2020-08-24 04:00:00,2021-08-24 04:00:00,2021-08-24 04:00:00,365,1
1312,2021-08-25 04:00:00,Decision Tree,4,1.530923846418662,1.6326944064164193,2020-08-25 04:00:00,2021-08-25 04:00:00,2021-08-25 04:00:00,365,1
1313,2021-08-25 04:00:00,Random Forest,4,1.530923846418662,1.589958977388477,2020-08-25 04:00:00,2021-08-25 04:00:00,2021-08-25 04:00:00,365,1
1314,2021-08-25 04:00:00,Neural Network,4,1.530923846418662,1.6810595715567902,2020-08-25 04:00:00,2021-08-25 04:00:00,2021-08-25 04:00:00,365,1
1315,2021-08-25 04:00:00,Naive,4,1.530923846418662,1.5427675325006494,2020-08-25 04:00:00,2021-08-25 04:00:00,2021-08-25 04:00:00,365,1
1316,2021-08-26 04:00:00,Decision Tree,4,1.3247679069387286,1.3213781208435211,2020-08-26 04:00:00,2021-08-26 04:00:00,2021-08-26 04:00:00,365,1
1317,2021-08-26 04:00:00,Random Forest,4,1.3247679069387286,1.429107923991413,2020-08-26 04:00:00,2021-08-26 04:00:00,2021-08-26 04:00:00,365,1
1318,2021-08-26 04:00:00,Neural Network,4,1.3247679069387286,1.6219547734848665,2020-08-26 04:00:00,2021-08-26 04:00:00,2021-08-26 04:00:00,365,1
1319,2021-08-26 04:00:00,Naive,4,1.3247679069387286,1.530923846418662,2020-08-26 04:00:00,2021-08-26 04:00:00,2021-08-26 04:00:00,365,1
1320,2021-08-27 04:00:00,Decision Tree,4,1.471861612989467,1.5587648805091414,2020-08-27 04:00:00,2021-08-27 04:00:00,2021-08-27 04:00:00,365,1
1321,2021-08-27 04:00:00,Random Forest,4,1.471861612989467,1.537476424672348,2020-08-27 04:00:00,2021-08-27 04:00:00,2021-08-27 04:00:00,365,1
1322,2021-08-27 04:00:00,Neural Network,4,1.471861612989467,1.9304783850798692,2020-08-27 04:00:00,2021-08-27 04:00:00,2021-08-27 04:00:00,365,1
1323,2021-08-27 04:00:00,Naive,4,1.471861612989467,1.3247679069387286,2020-08-27 04:00:00,2021-08-27 04:00:00,2021-08-27 04:00:00,365,1
1324,2021-08-28 04:00:00,Decision Tree,4,1.4516419429679677,1.4843653390205844,2020-08-28 04:00:00,2021-08-28 04:00:00,2021-08-28 04:00:00,365,1
1325,2021-08-28 04:00:00,Random Forest,4,1.4516419429679677,1.4968440791785937,2020-08-28 04:00:00,2021-08-28 04:00:00,2021-08-28 04:00:00,365,1
1326,2021-08-28 04:00:00,Neural Network,4,1.4516419429679677,1.6523807271934086,2020-08-28 04:00:00,2021-08-28 04:00:00,2021-08-28 04:00:00,365,1
1327,2021-08-28 04:00:00,Naive,4,1.4516419429679677,1.471861612989467,2020-08-28 04:00:00,2021-08-28 04:00:00,2021-08-28 04:00:00,365,1
1328,2021-08-29 04:00:00,Decision Tree,4,1.1877716724207028,1.3219430851927223,2020-08-29 04:00:00,2021-08-29 04:00:00,2021-08-29 04:00:00,365,1
1329,2021-08-29 04:00:00,Random Forest,4,1.1877716724207028,1.2872492408413514,2020-08-29 04:00:00,2021-08-29 04:00:00,2021-08-29 04:00:00,365,1
1330,2021-08-29 04:00:00,Neural Network,4,1.1877716724207028,1.4495165167487998,2020-08-29 04:00:00,2021-08-29 04:00:00,2021-08-29 04:00:00,365,1
1331,2021-08-29 04:00:00,Naive,4,1.1877716724207028,1.4516419429679677,2020-08-29 04:00:00,2021-08-29 04:00:00,2021-08-29 04:00:00,365,1
1332,2021-08-30 04:00:00,Decision Tree,4,1.3626064175851484,1.476290349784859,2020-08-30 04:00:00,2021-08-30 04:00:00,2021-08-30 04:00:00,365,1
1333,2021-08-30 04:00:00,Random Forest,4,1.3626064175851484,1.4523214672762907,2020-08-30 04:00:00,2021-08-30 04:00:00,2021-08-30 04:00:00,365,1
1334,2021-08-30 04:00:00,Neural Network,4,1.3626064175851484,1.4794024709268594,2020-08-30 04:00:00,2021-08-30 04:00:00,2021-08-30 04:00:00,365,1
1335,2021-08-30 04:00:00,Naive,4,1.3626064175851484,1.1877716724207028,2020-08-30 04:00:00,2021-08-30 04:00:00,2021-08-30 04:00:00,365,1
1336,2021-08-31 04:00:00,Decision Tree,4,1.6774207367703293,1.6447660051547348,2020-08-31 04:00:00,2021-08-31 04:00:00,2021-08-31 04:00:00,365,1
1337,2021-08-31 04:00:00,Random Forest,4,1.6774207367703293,1.6086514594267507,2020-08-31 04:00:00,2021-08-31 04:00:00,2021-08-31 04:00:00,365,1
1338,2021-08-31 04:00:00,Neural Network,4,1.6774207367703293,1.8398901698418282,2020-08-31 04:00:00,2021-08-31 04:00:00,2021-08-31 04:00:00,365,1
1339,2021-08-31 04:00:00,Naive,4,1.6774207367703293,1.3626064175851484,2020-08-31 04:00:00,2021-08-31 04:00:00,2021-08-31 04:00:00,365,1
1340,2021-09-01 04:00:00,Decision Tree,4,1.753529978171725,1.6743955278659903,2020-09-01 04:00:00,2021-09-01 04:00:00,2021-09-01 04:00:00,365,1
1341,2021-09-01 04:00:00,Random Forest,4,1.753529978171725,1.6523353994105805,2020-09-01 04:00:00,2021-09-01 04:00:00,2021-09-01 04:00:00,365,1
1342,2021-09-01 04:00:00,Neural Network,4,1.753529978171725,1.9630331115377653,2020-09-01 04:00:00,2021-09-01 04:00:00,2021-09-01 04:00:00,365,1
1343,2021-09-01 04:00:00,Naive,4,1.753529978171725,1.6774207367703293,2020-09-01 04:00:00,2021-09-01 04:00:00,2021-09-01 04:00:00,365,1
1344,2021-09-02 04:00:00,Decision Tree,4,1.8100940706263944,1.6875846029169461,2020-09-02 04:00:00,2021-09-02 04:00:00,2021-09-02 04:00:00,365,1
1345,2021-09-02 04:00:00,Random Forest,4,1.8100940706263944,1.6991099077959435,2020-09-02 04:00:00,2021-09-02 04:00:00,2021-09-02 04:00:00,365,1
1346,2021-09-02 04:00:00,Neural Network,4,1.8100940706263944,2.125410033831303,2020-09-02 04:00:00,2021-09-02 04:00:00,2021-09-02 04:00:00,365,1
1347,2021-09-02 04:00:00,Naive,4,1.8100940706263944,1.753529978171725,2020-09-02 04:00:00,2021-09-02 04:00:00,2021-09-02 04:00:00,365,1
1348,2021-09-03 04:00:00,Decision Tree,4,1.7089982797680123,1.7050859554468671,2020-09-03 04:00:00,2021-09-03 04:00:00,2021-09-03 04:00:00,365,1
1349,2021-09-03 04:00:00,Random Forest,4,1.7089982797680123,1.7158761323769491,2020-09-03 04:00:00,2021-09-03 04:00:00,2021-09-03 04:00:00,365,1
1350,2021-09-03 04:00:00,Neural Network,4,1.7089982797680123,1.8898717352125092,2020-09-03 04:00:00,2021-09-03 04:00:00,2021-09-03 04:00:00,365,1
1351,2021-09-03 04:00:00,Naive,4,1.7089982797680123,1.8100940706263944,2020-09-03 04:00:00,2021-09-03 04:00:00,2021-09-03 04:00:00,365,1
1352,2021-09-04 04:00:00,Decision Tree,4,1.7865582773041941,1.7055749959870106,2020-09-04 04:00:00,2021-09-04 04:00:00,2021-09-04 04:00:00,365,1
1353,2021-09-04 04:00:00,Random Forest,4,1.7865582773041941,1.6914434341956133,2020-09-04 04:00:00,2021-09-04 04:00:00,2021-09-04 04:00:00,365,1
1354,2021-09-04 04:00:00,Neural Network,4,1.7865582773041941,2.0290503910663977,2020-09-04 04:00:00,2021-09-04 04:00:00,2021-09-04 04:00:00,365,1
1355,2021-09-04 04:00:00,Naive,4,1.7865582773041941,1.7089982797680123,2020-09-04 04:00:00,2021-09-04 04:00:00,2021-09-04 04:00:00,365,1
1356,2021-09-05 04:00:00,Decision Tree,4,1.7199400354062604,1.7145731383555864,2020-09-05 04:00:00,2021-09-05 04:00:00,2021-09-05 04:00:00,365,1
1357,2021-09-05 04:00:00,Random Forest,4,1.7199400354062604,1.707675698931868,2020-09-05 04:00:00,2021-09-05 04:00:00,2021-09-05 04:00:00,365,1
1358,2021-09-05 04:00:00,Neural Network,4,1.7199400354062604,1.8144608091499177,2020-09-05 04:00:00,2021-09-05 04:00:00,2021-09-05 04:00:00,365,1
1359,2021-09-05 04:00:00,Naive,4,1.7199400354062604,1.7865582773041941,2020-09-05 04:00:00,2021-09-05 04:00:00,2021-09-05 04:00:00,365,1
1360,2021-09-06 04:00:00,Decision Tree,4,1.8467955653043302,1.7558241282553173,2020-09-06 04:00:00,2021-09-06 04:00:00,2021-09-06 04:00:00,365,1
1361,2021-09-06 04:00:00,Random Forest,4,1.8467955653043302,1.7523177901601505,2020-09-06 04:00:00,2021-09-06 04:00:00,2021-09-06 04:00:00,365,1
1362,2021-09-06 04:00:00,Neural Network,4,1.8467955653043302,2.032063112971789,2020-09-06 04:00:00,2021-09-06 04:00:00,2021-09-06 04:00:00,365,1
1363,2021-09-06 04:00:00,Naive,4,1.8467955653043302,1.7199400354062604,2020-09-06 04:00:00,2021-09-06 04:00:00,2021-09-06 04:00:00,365,1
1364,2021-09-07 04:00:00,Decision Tree,4,1.9577159505728876,1.7833835853625808,2020-09-07 04:00:00,2021-09-07 04:00:00,2021-09-07 04:00:00,365,1
1365,2021-09-07 04:00:00,Random Forest,4,1.9577159505728876,1.7920890954134558,2020-09-07 04:00:00,2021-09-07 04:00:00,2021-09-07 04:00:00,365,1
1366,2021-09-07 04:00:00,Neural Network,4,1.9577159505728876,2.306781031004143,2020-09-07 04:00:00,2021-09-07 04:00:00,2021-09-07 04:00:00,365,1
1367,2021-09-07 04:00:00,Naive,4,1.9577159505728876,1.8467955653043302,2020-09-07 04:00:00,2021-09-07 04:00:00,2021-09-07 04:00:00,365,1
1368,2021-09-08 04:00:00,Decision Tree,4,1.9716720923343263,1.8309387683959062,2020-09-08 04:00:00,2021-09-08 04:00:00,2021-09-08 04:00:00,365,1
1369,2021-09-08 04:00:00,Random Forest,4,1.9716720923343263,1.8360985937601768,2020-09-08 04:00:00,2021-09-08 04:00:00,2021-09-08 04:00:00,365,1
1370,2021-09-08 04:00:00,Neural Network,4,1.9716720923343263,2.3278722797873592,2020-09-08 04:00:00,2021-09-08 04:00:00,2021-09-08 04:00:00,365,1
1371,2021-09-08 04:00:00,Naive,4,1.9716720923343263,1.9577159505728876,2020-09-08 04:00:00,2021-09-08 04:00:00,2021-09-08 04:00:00,365,1
1372,2021-09-09 04:00:00,Decision Tree,4,1.8786888980152308,1.8745671912284265,2020-09-09 04:00:00,2021-09-09 04:00:00,2021-09-09 04:00:00,365,1
1373,2021-09-09 04:00:00,Random Forest,4,1.8786888980152308,1.8269387913245563,2020-09-09 04:00:00,2021-09-09 04:00:00,2021-09-09 04:00:00,365,1
1374,2021-09-09 04:00:00,Neural Network,4,1.8786888980152308,2.101866156771699,2020-09-09 04:00:00,2021-09-09 04:00:00,2021-09-09 04:00:00,365,1
1375,2021-09-09 04:00:00,Naive,4,1.8786888980152308,1.9716720923343263,2020-09-09 04:00:00,2021-09-09 04:00:00,2021-09-09 04:00:00,365,1
1376,2021-09-10 04:00:00,Decision Tree,4,2.023119716425603,1.892993315370634,2020-09-10 04:00:00,2021-09-10 04:00:00,2021-09-10 04:00:00,365,1
1377,2021-09-10 04:00:00,Random Forest,4,2.023119716425603,1.9115961163607649,2020-09-10 04:00:00,2021-09-10 04:00:00,2021-09-10 04:00:00,365,1
1378,2021-09-10 04:00:00,Neural Network,4,2.023119716425603,2.4040457873373073,2020-09-10 04:00:00,2021-09-10 04:00:00,2021-09-10 04:00:00,365,1
1379,2021-09-10 04:00:00,Naive,4,2.023119716425603,1.8786888980152308,2020-09-10 04:00:00,2021-09-10 04:00:00,2021-09-10 04:00:00,365,1
1380,2021-09-11 04:00:00,Decision Tree,4,1.968911793702571,1.9355984445304757,2020-09-11 04:00:00,2021-09-11 04:00:00,2021-09-11 04:00:00,365,1
1381,2021-09-11 04:00:00,Random Forest,4,1.968911793702571,1.8726137294779404,2020-09-11 04:00:00,2021-09-11 04:00:00,2021-09-11 04:00:00,365,1
1382,2021-09-11 04:00:00,Neural Network,4,1.968911793702571,2.1965518359501437,2020-09-11 04:00:00,2021-09-11 04:00:00,2021-09-11 04:00:00,365,1
1383,2021-09-11 04:00:00,Naive,4,1.968911793702571,2.023119716425603,2020-09-11 04:00:00,2021-09-11 04:00:00,2021-09-11 04:00:00,365,1
1384,2021-09-12 04:00:00,Decision Tree,4,1.7811239053008536,1.7244224135481494,2020-09-12 04:00:00,2021-09-12 04:00:00,2021-09-12 04:00:00,365,1
1385,2021-09-12 04:00:00,Random Forest,4,1.7811239053008536,1.7840307102600537,2020-09-12 04:00:00,2021-09-12 04:00:00,2021-09-12 04:00:00,365,1
1386,2021-09-12 04:00:00,Neural Network,4,1.7811239053008536,1.8823148526669715,2020-09-12 04:00:00,2021-09-12 04:00:00,2021-09-12 04:00:00,365,1
1387,2021-09-12 04:00:00,Naive,4,1.7811239053008536,1.968911793702571,2020-09-12 04:00:00,2021-09-12 04:00:00,2021-09-12 04:00:00,365,1
1388,2021-09-13 04:00:00,Decision Tree,4,1.890172327351486,1.9411506693924918,2020-09-13 04:00:00,2021-09-13 04:00:00,2021-09-13 04:00:00,365,1
1389,2021-09-13 04:00:00,Random Forest,4,1.890172327351486,1.8954268819618256,2020-09-13 04:00:00,2021-09-13 04:00:00,2021-09-13 04:00:00,365,1
1390,2021-09-13 04:00:00,Neural Network,4,1.890172327351486,1.9138999464473039,2020-09-13 04:00:00,2021-09-13 04:00:00,2021-09-13 04:00:00,365,1
1391,2021-09-13 04:00:00,Naive,4,1.890172327351486,1.7811239053008536,2020-09-13 04:00:00,2021-09-13 04:00:00,2021-09-13 04:00:00,365,1
1392,2021-09-14 04:00:00,Decision Tree,4,1.9585011831931156,1.9338680491009193,2020-09-14 04:00:00,2021-09-14 04:00:00,2021-09-14 04:00:00,365,1
1393,2021-09-14 04:00:00,Random Forest,4,1.9585011831931156,1.964774479005799,2020-09-14 04:00:00,2021-09-14 04:00:00,2021-09-14 04:00:00,365,1
1394,2021-09-14 04:00:00,Neural Network,4,1.9585011831931156,2.2237482161281674,2020-09-14 04:00:00,2021-09-14 04:00:00,2021-09-14 04:00:00,365,1
1395,2021-09-14 04:00:00,Naive,4,1.9585011831931156,1.890172327351486,2020-09-14 04:00:00,2021-09-14 04:00:00,2021-09-14 04:00:00,365,1
1396,2021-09-15 04:00:00,Decision Tree,4,2.1749078722390807,1.9498259945136027,2020-09-15 04:00:00,2021-09-15 04:00:00,2021-09-15 04:00:00,365,1
1397,2021-09-15 04:00:00,Random Forest,4,2.1749078722390807,1.9531244937346408,2020-09-15 04:00:00,2021-09-15 04:00:00,2021-09-15 04:00:00,365,1
1398,2021-09-15 04:00:00,Neural Network,4,2.1749078722390807,2.3849892372836017,2020-09-15 04:00:00,2021-09-15 04:00:00,2021-09-15 04:00:00,365,1
1399,2021-09-15 04:00:00,Naive,4,2.1749078722390807,1.9585011831931156,2020-09-15 04:00:00,2021-09-15 04:00:00,2021-09-15 04:00:00,365,1
1400,2021-09-16 04:00:00,Decision Tree,4,2.020223552946727,2.009138101411264,2020-09-16 04:00:00,2021-09-16 04:00:00,2021-09-16 04:00:00,365,1
1401,2021-09-16 04:00:00,Random Forest,4,2.020223552946727,2.039710739755266,2020-09-16 04:00:00,2021-09-16 04:00:00,2021-09-16 04:00:00,365,1
1402,2021-09-16 04:00:00,Neural Network,4,2.020223552946727,2.107351424896047,2020-09-16 04:00:00,2021-09-16 04:00:00,2021-09-16 04:00:00,365,1
1403,2021-09-16 04:00:00,Naive,4,2.020223552946727,2.1749078722390807,2020-09-16 04:00:00,2021-09-16 04:00:00,2021-09-16 04:00:00,365,1
1404,2021-09-17 04:00:00,Decision Tree,4,2.1438079053368857,2.010721737344902,2020-09-17 04:00:00,2021-09-17 04:00:00,2021-09-17 04:00:00,365,1
1405,2021-09-17 04:00:00,Random Forest,4,2.1438079053368857,2.026603419900845,2020-09-17 04:00:00,2021-09-17 04:00:00,2021-09-17 04:00:00,365,1
1406,2021-09-17 04:00:00,Neural Network,4,2.1438079053368857,2.303929135602477,2020-09-17 04:00:00,2021-09-17 04:00:00,2021-09-17 04:00:00,365,1
1407,2021-09-17 04:00:00,Naive,4,2.1438079053368857,2.020223552946727,2020-09-17 04:00:00,2021-09-17 04:00:00,2021-09-17 04:00:00,365,1
1408,2021-09-18 04:00:00,Decision Tree,4,2.0083482969315307,2.0273575083438997,2020-09-18 04:00:00,2021-09-18 04:00:00,2021-09-18 04:00:00,365,1
1409,2021-09-18 04:00:00,Random Forest,4,2.0083482969315307,1.9886572657460044,2020-09-18 04:00:00,2021-09-18 04:00:00,2021-09-18 04:00:00,365,1
1410,2021-09-18 04:00:00,Neural Network,4,2.0083482969315307,2.17173993832163,2020-09-18 04:00:00,2021-09-18 04:00:00,2021-09-18 04:00:00,365,1
1411,2021-09-18 04:00:00,Naive,4,2.0083482969315307,2.1438079053368857,2020-09-18 04:00:00,2021-09-18 04:00:00,2021-09-18 04:00:00,365,1
1412,2021-09-19 04:00:00,Decision Tree,4,1.2493239095424988,1.2501696055333262,2020-09-19 04:00:00,2021-09-19 04:00:00,2021-09-19 04:00:00,365,1
1413,2021-09-19 04:00:00,Random Forest,4,1.2493239095424988,1.4063286143888833,2020-09-19 04:00:00,2021-09-19 04:00:00,2021-09-19 04:00:00,365,1
1414,2021-09-19 04:00:00,Neural Network,4,1.2493239095424988,1.4320681871489465,2020-09-19 04:00:00,2021-09-19 04:00:00,2021-09-19 04:00:00,365,1
1415,2021-09-19 04:00:00,Naive,4,1.2493239095424988,2.0083482969315307,2020-09-19 04:00:00,2021-09-19 04:00:00,2021-09-19 04:00:00,365,1
1416,2021-09-20 04:00:00,Decision Tree,4,1.6870139425984731,1.6943057415844938,2020-09-20 04:00:00,2021-09-20 04:00:00,2021-09-20 04:00:00,365,1
1417,2021-09-20 04:00:00,Random Forest,4,1.6870139425984731,1.7497304969653806,2020-09-20 04:00:00,2021-09-20 04:00:00,2021-09-20 04:00:00,365,1
1418,2021-09-20 04:00:00,Neural Network,4,1.6870139425984731,1.7029841970869217,2020-09-20 04:00:00,2021-09-20 04:00:00,2021-09-20 04:00:00,365,1
1419,2021-09-20 04:00:00,Naive,4,1.6870139425984731,1.2493239095424988,2020-09-20 04:00:00,2021-09-20 04:00:00,2021-09-20 04:00:00,365,1
1420,2021-09-21 04:00:00,Decision Tree,4,2.0473058954718097,2.0252453737425253,2020-09-21 04:00:00,2021-09-21 04:00:00,2021-09-21 04:00:00,365,1
1421,2021-09-21 04:00:00,Random Forest,4,2.0473058954718097,2.0153236093095344,2020-09-21 04:00:00,2021-09-21 04:00:00,2021-09-21 04:00:00,365,1
1422,2021-09-21 04:00:00,Neural Network,4,2.0473058954718097,2.187548280973027,2020-09-21 04:00:00,2021-09-21 04:00:00,2021-09-21 04:00:00,365,1
1423,2021-09-21 04:00:00,Naive,4,2.0473058954718097,1.6870139425984731,2020-09-21 04:00:00,2021-09-21 04:00:00,2021-09-21 04:00:00,365,1
1424,2021-09-22 04:00:00,Decision Tree,4,1.7815006490566558,1.8322388406504146,2020-09-22 04:00:00,2021-09-22 04:00:00,2021-09-22 04:00:00,365,1
1425,2021-09-22 04:00:00,Random Forest,4,1.7815006490566558,1.8354315158512566,2020-09-22 04:00:00,2021-09-22 04:00:00,2021-09-22 04:00:00,365,1
1426,2021-09-22 04:00:00,Neural Network,4,1.7815006490566558,1.827041401707817,2020-09-22 04:00:00,2021-09-22 04:00:00,2021-09-22 04:00:00,365,1
1427,2021-09-22 04:00:00,Naive,4,1.7815006490566558,2.0473058954718097,2020-09-22 04:00:00,2021-09-22 04:00:00,2021-09-22 04:00:00,365,1
1428,2021-09-23 04:00:00,Decision Tree,4,1.162378839270943,1.2500756393121233,2020-09-23 04:00:00,2021-09-23 04:00:00,2021-09-23 04:00:00,365,1
1429,2021-09-23 04:00:00,Random Forest,4,1.162378839270943,1.2886075634255922,2020-09-23 04:00:00,2021-09-23 04:00:00,2021-09-23 04:00:00,365,1
1430,2021-09-23 04:00:00,Neural Network,4,1.162378839270943,1.5683677866492207,2020-09-23 04:00:00,2021-09-23 04:00:00,2021-09-23 04:00:00,365,1
1431,2021-09-23 04:00:00,Naive,4,1.162378839270943,1.7815006490566558,2020-09-23 04:00:00,2021-09-23 04:00:00,2021-09-23 04:00:00,365,1
1432,2021-09-24 04:00:00,Decision Tree,4,1.0986830472687135,1.2040196368308487,2020-09-24 04:00:00,2021-09-24 04:00:00,2021-09-24 04:00:00,365,1
1433,2021-09-24 04:00:00,Random Forest,4,1.0986830472687135,1.1759256156751088,2020-09-24 04:00:00,2021-09-24 04:00:00,2021-09-24 04:00:00,365,1
1434,2021-09-24 04:00:00,Neural Network,4,1.0986830472687135,1.1325707070772155,2020-09-24 04:00:00,2021-09-24 04:00:00,2021-09-24 04:00:00,365,1
1435,2021-09-24 04:00:00,Naive,4,1.0986830472687135,1.162378839270943,2020-09-24 04:00:00,2021-09-24 04:00:00,2021-09-24 04:00:00,365,1
1436,2021-09-25 04:00:00,Decision Tree,4,1.887059697924003,1.975984147245701,2020-09-25 04:00:00,2021-09-25 04:00:00,2021-09-25 04:00:00,365,1
1437,2021-09-25 04:00:00,Random Forest,4,1.887059697924003,1.9777640925663031,2020-09-25 04:00:00,2021-09-25 04:00:00,2021-09-25 04:00:00,365,1
1438,2021-09-25 04:00:00,Neural Network,4,1.887059697924003,1.9110168194779582,2020-09-25 04:00:00,2021-09-25 04:00:00,2021-09-25 04:00:00,365,1
1439,2021-09-25 04:00:00,Naive,4,1.887059697924003,1.0986830472687135,2020-09-25 04:00:00,2021-09-25 04:00:00,2021-09-25 04:00:00,365,1
1440,2021-09-26 04:00:00,Decision Tree,4,1.8480251480866985,1.8327491738603934,2020-09-26 04:00:00,2021-09-26 04:00:00,2021-09-26 04:00:00,365,1
1441,2021-09-26 04:00:00,Random Forest,4,1.8480251480866985,1.884117571389107,2020-09-26 04:00:00,2021-09-26 04:00:00,2021-09-26 04:00:00,365,1
1442,2021-09-26 04:00:00,Neural Network,4,1.8480251480866985,1.8383419937687497,2020-09-26 04:00:00,2021-09-26 04:00:00,2021-09-26 04:00:00,365,1
1443,2021-09-26 04:00:00,Naive,4,1.8480251480866985,1.887059697924003,2020-09-26 04:00:00,2021-09-26 04:00:00,2021-09-26 04:00:00,365,1
1444,2021-09-27 04:00:00,Decision Tree,4,1.8004096150318083,1.834446504329983,2020-09-27 04:00:00,2021-09-27 04:00:00,2021-09-27 04:00:00,365,1
1445,2021-09-27 04:00:00,Random Forest,4,1.8004096150318083,1.8519026459908734,2020-09-27 04:00:00,2021-09-27 04:00:00,2021-09-27 04:00:00,365,1
1446,2021-09-27 04:00:00,Neural Network,4,1.8004096150318083,1.8118255018218339,2020-09-27 04:00:00,2021-09-27 04:00:00,2021-09-27 04:00:00,365,1
1447,2021-09-27 04:00:00,Naive,4,1.8004096150318083,1.8480251480866985,2020-09-27 04:00:00,2021-09-27 04:00:00,2021-09-27 04:00:00,365,1
1448,2021-09-28 04:00:00,Decision Tree,4,1.8536864674016953,1.8608711372818454,2020-09-28 04:00:00,2021-09-28 04:00:00,2021-09-28 04:00:00,365,1
1449,2021-09-28 04:00:00,Random Forest,4,1.8536864674016953,1.8702456475120903,2020-09-28 04:00:00,2021-09-28 04:00:00,2021-09-28 04:00:00,365,1
1450,2021-09-28 04:00:00,Neural Network,4,1.8536864674016953,1.882211237915931,2020-09-28 04:00:00,2021-09-28 04:00:00,2021-09-28 04:00:00,365,1
1451,2021-09-28 04:00:00,Naive,4,1.8536864674016953,1.8004096150318083,2020-09-28 04:00:00,2021-09-28 04:00:00,2021-09-28 04:00:00,365,1
1452,2021-09-29 04:00:00,Decision Tree,4,1.5493405350583336,1.693495541697158,2020-09-29 04:00:00,2021-09-29 04:00:00,2021-09-29 04:00:00,365,1
1453,2021-09-29 04:00:00,Random Forest,4,1.5493405350583336,1.701582781348185,2020-09-29 04:00:00,2021-09-29 04:00:00,2021-09-29 04:00:00,365,1
1454,2021-09-29 04:00:00,Neural Network,4,1.5493405350583336,1.619731397939346,2020-09-29 04:00:00,2021-09-29 04:00:00,2021-09-29 04:00:00,365,1
1455,2021-09-29 04:00:00,Naive,4,1.5493405350583336,1.8536864674016953,2020-09-29 04:00:00,2021-09-29 04:00:00,2021-09-29 04:00:00,365,1
1456,2021-09-30 04:00:00,Decision Tree,4,0.9077415172095352,1.1642396322068624,2020-09-30 04:00:00,2021-09-30 04:00:00,2021-09-30 04:00:00,365,1
1457,2021-09-30 04:00:00,Random Forest,4,0.9077415172095352,1.1140387366631714,2020-09-30 04:00:00,2021-09-30 04:00:00,2021-09-30 04:00:00,365,1
1458,2021-09-30 04:00:00,Neural Network,4,0.9077415172095352,1.0564549630993716,2020-09-30 04:00:00,2021-09-30 04:00:00,2021-09-30 04:00:00,365,1
1459,2021-09-30 04:00:00,Naive,4,0.9077415172095352,1.5493405350583336,2020-09-30 04:00:00,2021-09-30 04:00:00,2021-09-30 04:00:00,365,1
