,timestamp,model,hour,y_true,y_pred,train_start,train_end,test_day,train_rows,test_rows
0,2020-10-01 06:00:00,Decision Tree,6,0.49871245096346295,0.4757575959575546,2019-10-01 06:00:00,2020-10-01 06:00:00,2020-10-01 06:00:00,366,1
1,2020-10-01 06:00:00,Random Forest,6,0.49871245096346295,0.4735180383201296,2019-10-01 06:00:00,2020-10-01 06:00:00,2020-10-01 06:00:00,366,1
2,2020-10-01 06:00:00,Neural Network,6,0.49871245096346295,0.5042596985229231,2019-10-01 06:00:00,2020-10-01 06:00:00,2020-10-01 06:00:00,366,1
3,2020-10-01 06:00:00,Naive,6,0.49871245096346295,0.9209609942230703,2019-10-01 06:00:00,2020-10-01 06:00:00,2020-10-01 06:00:00,366,1
4,2020-10-02 06:00:00,Decision Tree,6,0.7543393985154904,0.7865982956280639,2019-10-02 06:00:00,2020-10-02 06:00:00,2020-10-02 06:00:00,366,1
5,2020-10-02 06:00:00,Random Forest,6,0.7543393985154904,0.7620393789736111,2019-10-02 06:00:00,2020-10-02 06:00:00,2020-10-02 06:00:00,366,1
6,2020-10-02 06:00:00,Neural Network,6,0.7543393985154904,0.7897026328285472,2019-10-02 06:00:00,2020-10-02 06:00:00,2020-10-02 06:00:00,366,1
7,2020-10-02 06:00:00,Naive,6,0.7543393985154904,0.49871245096346295,2019-10-02 06:00:00,2020-10-02 06:00:00,2020-10-02 06:00:00,366,1
8,2020-10-03 06:00:00,Decision Tree,6,-1.6586193280814552,-1.614426526508409,2019-10-03 06:00:00,2020-10-03 06:00:00,2020-10-03 06:00:00,366,1
9,2020-10-03 06:00:00,Random Forest,6,-1.6586193280814552,-1.686561163282544,2019-10-03 06:00:00,2020-10-03 06:00:00,2020-10-03 06:00:00,366,1
10,2020-10-03 06:00:00,Neural Network,6,-1.6586193280814552,-1.090928953601864,2019-10-03 06:00:00,2020-10-03 06:00:00,2020-10-03 06:00:00,366,1
11,2020-10-03 06:00:00,Naive,6,-1.6586193280814552,0.7543393985154904,2019-10-03 06:00:00,2020-10-03 06:00:00,2020-10-03 06:00:00,366,1
12,2020-10-04 06:00:00,Decision Tree,6,-1.6135427702853504,-1.6193368377943032,2019-10-04 06:00:00,2020-10-04 06:00:00,2020-10-04 06:00:00,366,1
13,2020-10-04 06:00:00,Random Forest,6,-1.6135427702853504,-1.6124974786873942,2019-10-04 06:00:00,2020-10-04 06:00:00,2020-10-04 06:00:00,366,1
14,2020-10-04 06:00:00,Neural Network,6,-1.6135427702853504,-1.625061330431798,2019-10-04 06:00:00,2020-10-04 06:00:00,2020-10-04 06:00:00,366,1
15,2020-10-04 06:00:00,Naive,6,-1.6135427702853504,-1.6586193280814552,2019-10-04 06:00:00,2020-10-04 06:00:00,2020-10-04 06:00:00,366,1
16,2020-10-05 06:00:00,Decision Tree,6,-0.06924882880463211,-0.07888017223088778,2019-10-05 06:00:00,2020-10-05 06:00:00,2020-10-05 06:00:00,366,1
17,2020-10-05 06:00:00,Random Forest,6,-0.06924882880463211,-0.07766041252078591,2019-10-05 06:00:00,2020-10-05 06:00:00,2020-10-05 06:00:00,366,1
18,2020-10-05 06:00:00,Neural Network,6,-0.06924882880463211,0.020048304200890765,2019-10-05 06:00:00,2020-10-05 06:00:00,2020-10-05 06:00:00,366,1
19,2020-10-05 06:00:00,Naive,6,-0.06924882880463211,-1.6135427702853504,2019-10-05 06:00:00,2020-10-05 06:00:00,2020-10-05 06:00:00,366,1
20,2020-10-06 06:00:00,Decision Tree,6,-0.2049108540653661,-0.2135480061515043,2019-10-06 06:00:00,2020-10-06 06:00:00,2020-10-06 06:00:00,366,1
21,2020-10-06 06:00:00,Random Forest,6,-0.2049108540653661,-0.2111258550674971,2019-10-06 06:00:00,2020-10-06 06:00:00,2020-10-06 06:00:00,366,1
22,2020-10-06 06:00:00,Neural Network,6,-0.2049108540653661,-0.15693835472929052,2019-10-06 06:00:00,2020-10-06 06:00:00,2020-10-06 06:00:00,366,1
23,2020-10-06 06:00:00,Naive,6,-0.2049108540653661,-0.06924882880463211,2019-10-06 06:00:00,2020-10-06 06:00:00,2020-10-06 06:00:00,366,1
24,2020-10-07 06:00:00,Decision Tree,6,0.09090813935527772,0.06844466867447221,2019-10-07 06:00:00,2020-10-07 06:00:00,2020-10-07 06:00:00,366,1
25,2020-10-07 06:00:00,Random Forest,6,0.09090813935527772,0.07641346624310169,2019-10-07 06:00:00,2020-10-07 06:00:00,2020-10-07 06:00:00,366,1
26,2020-10-07 06:00:00,Neural Network,6,0.09090813935527772,0.20432800247802885,2019-10-07 06:00:00,2020-10-07 06:00:00,2020-10-07 06:00:00,366,1
27,2020-10-07 06:00:00,Naive,6,0.09090813935527772,-0.2049108540653661,2019-10-07 06:00:00,2020-10-07 06:00:00,2020-10-07 06:00:00,366,1
28,2020-10-08 06:00:00,Decision Tree,6,0.12093012493900233,0.07125260250957291,2019-10-08 06:00:00,2020-10-08 06:00:00,2020-10-08 06:00:00,366,1
29,2020-10-08 06:00:00,Random Forest,6,0.12093012493900233,0.0994814492688639,2019-10-08 06:00:00,2020-10-08 06:00:00,2020-10-08 06:00:00,366,1
30,2020-10-08 06:00:00,Neural Network,6,0.12093012493900233,0.16802885710093013,2019-10-08 06:00:00,2020-10-08 06:00:00,2020-10-08 06:00:00,366,1
31,2020-10-08 06:00:00,Naive,6,0.12093012493900233,0.09090813935527772,2019-10-08 06:00:00,2020-10-08 06:00:00,2020-10-08 06:00:00,366,1
32,2020-10-09 06:00:00,Decision Tree,6,0.5435113051769691,0.5751208459002893,2019-10-09 06:00:00,2020-10-09 06:00:00,2020-10-09 06:00:00,366,1
33,2020-10-09 06:00:00,Random Forest,6,0.5435113051769691,0.5424232263207078,2019-10-09 06:00:00,2020-10-09 06:00:00,2020-10-09 06:00:00,366,1
34,2020-10-09 06:00:00,Neural Network,6,0.5435113051769691,0.5942952204797587,2019-10-09 06:00:00,2020-10-09 06:00:00,2020-10-09 06:00:00,366,1
35,2020-10-09 06:00:00,Naive,6,0.5435113051769691,0.12093012493900233,2019-10-09 06:00:00,2020-10-09 06:00:00,2020-10-09 06:00:00,366,1
36,2020-10-10 06:00:00,Decision Tree,6,-0.5154691367447948,-0.5430891266542544,2019-10-10 06:00:00,2020-10-10 06:00:00,2020-10-10 06:00:00,366,1
37,2020-10-10 06:00:00,Random Forest,6,-0.5154691367447948,-0.5293394976771202,2019-10-10 06:00:00,2020-10-10 06:00:00,2020-10-10 06:00:00,366,1
38,2020-10-10 06:00:00,Neural Network,6,-0.5154691367447948,-0.5612132725935888,2019-10-10 06:00:00,2020-10-10 06:00:00,2020-10-10 06:00:00,366,1
39,2020-10-10 06:00:00,Naive,6,-0.5154691367447948,0.5435113051769691,2019-10-10 06:00:00,2020-10-10 06:00:00,2020-10-10 06:00:00,366,1
40,2020-10-11 06:00:00,Decision Tree,6,-0.6129961692807692,-0.6214380405429828,2019-10-11 06:00:00,2020-10-11 06:00:00,2020-10-11 06:00:00,366,1
41,2020-10-11 06:00:00,Random Forest,6,-0.6129961692807692,-0.6128819314571109,2019-10-11 06:00:00,2020-10-11 06:00:00,2020-10-11 06:00:00,366,1
42,2020-10-11 06:00:00,Neural Network,6,-0.6129961692807692,-0.5948585473147441,2019-10-11 06:00:00,2020-10-11 06:00:00,2020-10-11 06:00:00,366,1
43,2020-10-11 06:00:00,Naive,6,-0.6129961692807692,-0.5154691367447948,2019-10-11 06:00:00,2020-10-11 06:00:00,2020-10-11 06:00:00,366,1
44,2020-10-12 06:00:00,Decision Tree,6,0.5903490833916198,0.5698525891130694,2019-10-12 06:00:00,2020-10-12 06:00:00,2020-10-12 06:00:00,366,1
45,2020-10-12 06:00:00,Random Forest,6,0.5903490833916198,0.5718966044172185,2019-10-12 06:00:00,2020-10-12 06:00:00,2020-10-12 06:00:00,366,1
46,2020-10-12 06:00:00,Neural Network,6,0.5903490833916198,0.6062886977943804,2019-10-12 06:00:00,2020-10-12 06:00:00,2020-10-12 06:00:00,366,1
47,2020-10-12 06:00:00,Naive,6,0.5903490833916198,-0.6129961692807692,2019-10-12 06:00:00,2020-10-12 06:00:00,2020-10-12 06:00:00,366,1
48,2020-10-13 06:00:00,Decision Tree,6,0.8112735656459348,0.7803830669653886,2019-10-13 06:00:00,2020-10-13 06:00:00,2020-10-13 06:00:00,366,1
49,2020-10-13 06:00:00,Random Forest,6,0.8112735656459348,0.8047835515732049,2019-10-13 06:00:00,2020-10-13 06:00:00,2020-10-13 06:00:00,366,1
50,2020-10-13 06:00:00,Neural Network,6,0.8112735656459348,0.8168434211551379,2019-10-13 06:00:00,2020-10-13 06:00:00,2020-10-13 06:00:00,366,1
51,2020-10-13 06:00:00,Naive,6,0.8112735656459348,0.5903490833916198,2019-10-13 06:00:00,2020-10-13 06:00:00,2020-10-13 06:00:00,366,1
52,2020-10-14 06:00:00,Decision Tree,6,0.08931447817297085,0.07125260250957291,2019-10-14 06:00:00,2020-10-14 06:00:00,2020-10-14 06:00:00,366,1
53,2020-10-14 06:00:00,Random Forest,6,0.08931447817297085,0.06993264114748231,2019-10-14 06:00:00,2020-10-14 06:00:00,2020-10-14 06:00:00,366,1
54,2020-10-14 06:00:00,Neural Network,6,0.08931447817297085,0.002123074395371183,2019-10-14 06:00:00,2020-10-14 06:00:00,2020-10-14 06:00:00,366,1
55,2020-10-14 06:00:00,Naive,6,0.08931447817297085,0.8112735656459348,2019-10-14 06:00:00,2020-10-14 06:00:00,2020-10-14 06:00:00,366,1
56,2020-10-15 06:00:00,Decision Tree,6,0.03928755319400288,0.01063861608161309,2019-10-15 06:00:00,2020-10-15 06:00:00,2020-10-15 06:00:00,366,1
57,2020-10-15 06:00:00,Random Forest,6,0.03928755319400288,0.027045634467241043,2019-10-15 06:00:00,2020-10-15 06:00:00,2020-10-15 06:00:00,366,1
58,2020-10-15 06:00:00,Neural Network,6,0.03928755319400288,-0.04746721688901956,2019-10-15 06:00:00,2020-10-15 06:00:00,2020-10-15 06:00:00,366,1
59,2020-10-15 06:00:00,Naive,6,0.03928755319400288,0.08931447817297085,2019-10-15 06:00:00,2020-10-15 06:00:00,2020-10-15 06:00:00,366,1
60,2020-10-16 06:00:00,Decision Tree,6,0.6059361189949584,0.5727806597242908,2019-10-16 06:00:00,2020-10-16 06:00:00,2020-10-16 06:00:00,366,1
61,2020-10-16 06:00:00,Random Forest,6,0.6059361189949584,0.5791186077043448,2019-10-16 06:00:00,2020-10-16 06:00:00,2020-10-16 06:00:00,366,1
62,2020-10-16 06:00:00,Neural Network,6,0.6059361189949584,0.5982100214540853,2019-10-16 06:00:00,2020-10-16 06:00:00,2020-10-16 06:00:00,366,1
63,2020-10-16 06:00:00,Naive,6,0.6059361189949584,0.03928755319400288,2019-10-16 06:00:00,2020-10-16 06:00:00,2020-10-16 06:00:00,366,1
64,2020-10-17 06:00:00,Decision Tree,6,0.10171567347625628,0.07221764621140589,2019-10-17 06:00:00,2020-10-17 06:00:00,2020-10-17 06:00:00,366,1
65,2020-10-17 06:00:00,Random Forest,6,0.10171567347625628,0.09160745307430879,2019-10-17 06:00:00,2020-10-17 06:00:00,2020-10-17 06:00:00,366,1
66,2020-10-17 06:00:00,Neural Network,6,0.10171567347625628,0.24099701282695046,2019-10-17 06:00:00,2020-10-17 06:00:00,2020-10-17 06:00:00,366,1
67,2020-10-17 06:00:00,Naive,6,0.10171567347625628,0.6059361189949584,2019-10-17 06:00:00,2020-10-17 06:00:00,2020-10-17 06:00:00,366,1
68,2020-10-18 06:00:00,Decision Tree,6,-0.9443172999243215,-0.9241717921249931,2019-10-18 06:00:00,2020-10-18 06:00:00,2020-10-18 06:00:00,366,1
69,2020-10-18 06:00:00,Random Forest,6,-0.9443172999243215,-0.9259052410729339,2019-10-18 06:00:00,2020-10-18 06:00:00,2020-10-18 06:00:00,366,1
70,2020-10-18 06:00:00,Neural Network,6,-0.9443172999243215,-0.8964625070137989,2019-10-18 06:00:00,2020-10-18 06:00:00,2020-10-18 06:00:00,366,1
71,2020-10-18 06:00:00,Naive,6,-0.9443172999243215,0.10171567347625628,2019-10-18 06:00:00,2020-10-18 06:00:00,2020-10-18 06:00:00,366,1
72,2020-10-19 06:00:00,Decision Tree,6,0.8370172082091485,0.7855314834121464,2019-10-19 06:00:00,2020-10-19 06:00:00,2020-10-19 06:00:00,366,1
73,2020-10-19 06:00:00,Random Forest,6,0.8370172082091485,0.8230270110667963,2019-10-19 06:00:00,2020-10-19 06:00:00,2020-10-19 06:00:00,366,1
74,2020-10-19 06:00:00,Neural Network,6,0.8370172082091485,0.7513529077540788,2019-10-19 06:00:00,2020-10-19 06:00:00,2020-10-19 06:00:00,366,1
75,2020-10-19 06:00:00,Naive,6,0.8370172082091485,-0.9443172999243215,2019-10-19 06:00:00,2020-10-19 06:00:00,2020-10-19 06:00:00,366,1
76,2020-10-20 06:00:00,Decision Tree,6,-0.07651452192275192,-0.09812465887579923,2019-10-20 06:00:00,2020-10-20 06:00:00,2020-10-20 06:00:00,366,1
77,2020-10-20 06:00:00,Random Forest,6,-0.07651452192275192,-0.08839217477386223,2019-10-20 06:00:00,2020-10-20 06:00:00,2020-10-20 06:00:00,366,1
78,2020-10-20 06:00:00,Neural Network,6,-0.07651452192275192,0.06115943714055477,2019-10-20 06:00:00,2020-10-20 06:00:00,2020-10-20 06:00:00,366,1
79,2020-10-20 06:00:00,Naive,6,-0.07651452192275192,0.8370172082091485,2019-10-20 06:00:00,2020-10-20 06:00:00,2020-10-20 06:00:00,366,1
80,2020-10-21 06:00:00,Decision Tree,6,0.5784056956489781,0.5675846501506354,2019-10-21 06:00:00,2020-10-21 06:00:00,2020-10-21 06:00:00,366,1
81,2020-10-21 06:00:00,Random Forest,6,0.5784056956489781,0.56075609320518,2019-10-21 06:00:00,2020-10-21 06:00:00,2020-10-21 06:00:00,366,1
82,2020-10-21 06:00:00,Neural Network,6,0.5784056956489781,0.5375679474963523,2019-10-21 06:00:00,2020-10-21 06:00:00,2020-10-21 06:00:00,366,1
83,2020-10-21 06:00:00,Naive,6,0.5784056956489781,-0.07651452192275192,2019-10-21 06:00:00,2020-10-21 06:00:00,2020-10-21 06:00:00,366,1
84,2020-10-22 06:00:00,Decision Tree,6,-0.40700618047990783,-0.40138501321306963,2019-10-22 06:00:00,2020-10-22 06:00:00,2020-10-22 06:00:00,366,1
85,2020-10-22 06:00:00,Random Forest,6,-0.40700618047990783,-0.4135223154771001,2019-10-22 06:00:00,2020-10-22 06:00:00,2020-10-22 06:00:00,366,1
86,2020-10-22 06:00:00,Neural Network,6,-0.40700618047990783,-0.3884566341373594,2019-10-22 06:00:00,2020-10-22 06:00:00,2020-10-22 06:00:00,366,1
87,2020-10-22 06:00:00,Naive,6,-0.40700618047990783,0.5784056956489781,2019-10-22 06:00:00,2020-10-22 06:00:00,2020-10-22 06:00:00,366,1
88,2020-10-23 06:00:00,Decision Tree,6,0.5100164134543478,0.47904854487065157,2019-10-23 06:00:00,2020-10-23 06:00:00,2020-10-23 06:00:00,366,1
89,2020-10-23 06:00:00,Random Forest,6,0.5100164134543478,0.47060750489301445,2019-10-23 06:00:00,2020-10-23 06:00:00,2020-10-23 06:00:00,366,1
90,2020-10-23 06:00:00,Neural Network,6,0.5100164134543478,0.46047842583016685,2019-10-23 06:00:00,2020-10-23 06:00:00,2020-10-23 06:00:00,366,1
91,2020-10-23 06:00:00,Naive,6,0.5100164134543478,-0.40700618047990783,2019-10-23 06:00:00,2020-10-23 06:00:00,2020-10-23 06:00:00,366,1
92,2020-10-24 06:00:00,Decision Tree,6,-0.6638513968818774,-0.6498168526736247,2019-10-24 06:00:00,2020-10-24 06:00:00,2020-10-24 06:00:00,366,1
93,2020-10-24 06:00:00,Random Forest,6,-0.6638513968818774,-0.6547709486125132,2019-10-24 06:00:00,2020-10-24 06:00:00,2020-10-24 06:00:00,366,1
94,2020-10-24 06:00:00,Neural Network,6,-0.6638513968818774,-0.6311025468091984,2019-10-24 06:00:00,2020-10-24 06:00:00,2020-10-24 06:00:00,366,1
95,2020-10-24 06:00:00,Naive,6,-0.6638513968818774,0.5100164134543478,2019-10-24 06:00:00,2020-10-24 06:00:00,2020-10-24 06:00:00,366,1
96,2020-10-25 06:00:00,Decision Tree,6,-1.7430365769906366,-1.7403073321098905,2019-10-25 06:00:00,2020-10-25 06:00:00,2020-10-25 06:00:00,366,1
97,2020-10-25 06:00:00,Random Forest,6,-1.7430365769906366,-1.7160006452681167,2019-10-25 06:00:00,2020-10-25 06:00:00,2020-10-25 06:00:00,366,1
98,2020-10-25 06:00:00,Neural Network,6,-1.7430365769906366,-1.8008662123207437,2019-10-25 06:00:00,2020-10-25 06:00:00,2020-10-25 06:00:00,366,1
99,2020-10-25 06:00:00,Naive,6,-1.7430365769906366,-0.6638513968818774,2019-10-25 06:00:00,2020-10-25 06:00:00,2020-10-25 06:00:00,366,1
100,2020-10-26 06:00:00,Decision Tree,6,0.3772415516130215,0.3746710118739561,2019-10-26 06:00:00,2020-10-26 06:00:00,2020-10-26 06:00:00,366,1
101,2020-10-26 06:00:00,Random Forest,6,0.3772415516130215,0.34079303242889336,2019-10-26 06:00:00,2020-10-26 06:00:00,2020-10-26 06:00:00,366,1
102,2020-10-26 06:00:00,Neural Network,6,0.3772415516130215,0.5471844774331172,2019-10-26 06:00:00,2020-10-26 06:00:00,2020-10-26 06:00:00,366,1
103,2020-10-26 06:00:00,Naive,6,0.3772415516130215,-1.7430365769906366,2019-10-26 06:00:00,2020-10-26 06:00:00,2020-10-26 06:00:00,366,1
104,2020-10-27 06:00:00,Decision Tree,6,0.33872586348043077,0.31417775096170875,2019-10-27 06:00:00,2020-10-27 06:00:00,2020-10-27 06:00:00,366,1
105,2020-10-27 06:00:00,Random Forest,6,0.33872586348043077,0.30739009311648646,2019-10-27 06:00:00,2020-10-27 06:00:00,2020-10-27 06:00:00,366,1
106,2020-10-27 06:00:00,Neural Network,6,0.33872586348043077,0.3176791452469503,2019-10-27 06:00:00,2020-10-27 06:00:00,2020-10-27 06:00:00,366,1
107,2020-10-27 06:00:00,Naive,6,0.33872586348043077,0.3772415516130215,2019-10-27 06:00:00,2020-10-27 06:00:00,2020-10-27 06:00:00,366,1
108,2020-10-28 06:00:00,Decision Tree,6,-0.06028969034175905,-0.09452296938362469,2019-10-28 06:00:00,2020-10-28 06:00:00,2020-10-28 06:00:00,366,1
109,2020-10-28 06:00:00,Random Forest,6,-0.06028969034175905,-0.08194172801606356,2019-10-28 06:00:00,2020-10-28 06:00:00,2020-10-28 06:00:00,366,1
110,2020-10-28 06:00:00,Neural Network,6,-0.06028969034175905,-0.05805396515266198,2019-10-28 06:00:00,2020-10-28 06:00:00,2020-10-28 06:00:00,366,1
111,2020-10-28 06:00:00,Naive,6,-0.06028969034175905,0.33872586348043077,2019-10-28 06:00:00,2020-10-28 06:00:00,2020-10-28 06:00:00,366,1
112,2020-10-29 06:00:00,Decision Tree,6,-0.13838091818646628,-0.17050991430530985,2019-10-29 06:00:00,2020-10-29 06:00:00,2020-10-29 06:00:00,366,1
113,2020-10-29 06:00:00,Random Forest,6,-0.13838091818646628,-0.15895286298274353,2019-10-29 06:00:00,2020-10-29 06:00:00,2020-10-29 06:00:00,366,1
114,2020-10-29 06:00:00,Neural Network,6,-0.13838091818646628,-0.2316058124609629,2019-10-29 06:00:00,2020-10-29 06:00:00,2020-10-29 06:00:00,366,1
115,2020-10-29 06:00:00,Naive,6,-0.13838091818646628,-0.06028969034175905,2019-10-29 06:00:00,2020-10-29 06:00:00,2020-10-29 06:00:00,366,1
116,2020-10-30 06:00:00,Decision Tree,6,-0.6549890268997594,-0.6484093865445579,2019-10-30 06:00:00,2020-10-30 06:00:00,2020-10-30 06:00:00,366,1
117,2020-10-30 06:00:00,Random Forest,6,-0.6549890268997594,-0.6552805337773503,2019-10-30 06:00:00,2020-10-30 06:00:00,2020-10-30 06:00:00,366,1
118,2020-10-30 06:00:00,Neural Network,6,-0.6549890268997594,-0.4685853935298391,2019-10-30 06:00:00,2020-10-30 06:00:00,2020-10-30 06:00:00,366,1
119,2020-10-30 06:00:00,Naive,6,-0.6549890268997594,-0.13838091818646628,2019-10-30 06:00:00,2020-10-30 06:00:00,2020-10-30 06:00:00,366,1
120,2020-10-31 06:00:00,Decision Tree,6,-0.3674426243068465,-0.4020876591214244,2019-10-31 06:00:00,2020-10-31 06:00:00,2020-10-31 06:00:00,366,1
121,2020-10-31 06:00:00,Random Forest,6,-0.3674426243068465,-0.3803078498768986,2019-10-31 06:00:00,2020-10-31 06:00:00,2020-10-31 06:00:00,366,1
122,2020-10-31 06:00:00,Neural Network,6,-0.3674426243068465,-0.19814441888251796,2019-10-31 06:00:00,2020-10-31 06:00:00,2020-10-31 06:00:00,366,1
123,2020-10-31 06:00:00,Naive,6,-0.3674426243068465,-0.6549890268997594,2019-10-31 06:00:00,2020-10-31 06:00:00,2020-10-31 06:00:00,366,1
124,2020-11-01 06:00:00,Decision Tree,6,-1.338542077349719,-1.3100768971298782,2019-11-01 06:00:00,2020-11-01 06:00:00,2020-11-01 06:00:00,366,1
125,2020-11-01 06:00:00,Random Forest,6,-1.338542077349719,-1.327132895383964,2019-11-01 06:00:00,2020-11-01 06:00:00,2020-11-01 06:00:00,366,1
126,2020-11-01 06:00:00,Neural Network,6,-1.338542077349719,-1.097970800803196,2019-11-01 06:00:00,2020-11-01 06:00:00,2020-11-01 06:00:00,366,1
127,2020-11-01 06:00:00,Naive,6,-1.338542077349719,-0.3674426243068465,2019-11-01 06:00:00,2020-11-01 06:00:00,2020-11-01 06:00:00,366,1
128,2020-11-02 06:00:00,Decision Tree,6,-0.7178447218363035,-0.716028351758945,2019-11-02 06:00:00,2020-11-02 06:00:00,2020-11-02 06:00:00,366,1
129,2020-11-02 06:00:00,Random Forest,6,-0.7178447218363035,-0.7166984030605661,2019-11-02 06:00:00,2020-11-02 06:00:00,2020-11-02 06:00:00,366,1
130,2020-11-02 06:00:00,Neural Network,6,-0.7178447218363035,-0.5510008753988253,2019-11-02 06:00:00,2020-11-02 06:00:00,2020-11-02 06:00:00,366,1
131,2020-11-02 06:00:00,Naive,6,-0.7178447218363035,-1.338542077349719,2019-11-02 06:00:00,2020-11-02 06:00:00,2020-11-02 06:00:00,366,1
132,2020-11-03 06:00:00,Decision Tree,6,-0.11290038515066135,-0.14083542836723575,2019-11-03 06:00:00,2020-11-03 06:00:00,2020-11-03 06:00:00,366,1
133,2020-11-03 06:00:00,Random Forest,6,-0.11290038515066135,-0.14227491932806427,2019-11-03 06:00:00,2020-11-03 06:00:00,2020-11-03 06:00:00,366,1
134,2020-11-03 06:00:00,Neural Network,6,-0.11290038515066135,-0.05626977304784081,2019-11-03 06:00:00,2020-11-03 06:00:00,2020-11-03 06:00:00,366,1
135,2020-11-03 06:00:00,Naive,6,-0.11290038515066135,-0.7178447218363035,2019-11-03 06:00:00,2020-11-03 06:00:00,2020-11-03 06:00:00,366,1
136,2020-11-04 06:00:00,Decision Tree,6,0.39741407192997985,0.3593910086933788,2019-11-04 06:00:00,2020-11-04 06:00:00,2020-11-04 06:00:00,366,1
137,2020-11-04 06:00:00,Random Forest,6,0.39741407192997985,0.36087586594596477,2019-11-04 06:00:00,2020-11-04 06:00:00,2020-11-04 06:00:00,366,1
138,2020-11-04 06:00:00,Neural Network,6,0.39741407192997985,0.39082026214748666,2019-11-04 06:00:00,2020-11-04 06:00:00,2020-11-04 06:00:00,366,1
139,2020-11-04 06:00:00,Naive,6,0.39741407192997985,-0.11290038515066135,2019-11-04 06:00:00,2020-11-04 06:00:00,2020-11-04 06:00:00,366,1
140,2020-11-05 06:00:00,Decision Tree,6,0.1288779796643013,0.1096521604657577,2019-11-05 06:00:00,2020-11-05 06:00:00,2020-11-05 06:00:00,366,1
141,2020-11-05 06:00:00,Random Forest,6,0.1288779796643013,0.09478626921211891,2019-11-05 06:00:00,2020-11-05 06:00:00,2020-11-05 06:00:00,366,1
142,2020-11-05 06:00:00,Neural Network,6,0.1288779796643013,0.24164603276856045,2019-11-05 06:00:00,2020-11-05 06:00:00,2020-11-05 06:00:00,366,1
143,2020-11-05 06:00:00,Naive,6,0.1288779796643013,0.39741407192997985,2019-11-05 06:00:00,2020-11-05 06:00:00,2020-11-05 06:00:00,366,1
144,2020-11-06 06:00:00,Decision Tree,6,0.520951643306444,0.44274281703295887,2019-11-06 06:00:00,2020-11-06 06:00:00,2020-11-06 06:00:00,366,1
145,2020-11-06 06:00:00,Random Forest,6,0.520951643306444,0.4548278234780355,2019-11-06 06:00:00,2020-11-06 06:00:00,2020-11-06 06:00:00,366,1
146,2020-11-06 06:00:00,Neural Network,6,0.520951643306444,0.5697348934083777,2019-11-06 06:00:00,2020-11-06 06:00:00,2020-11-06 06:00:00,366,1
147,2020-11-06 06:00:00,Naive,6,0.520951643306444,0.1288779796643013,2019-11-06 06:00:00,2020-11-06 06:00:00,2020-11-06 06:00:00,366,1
148,2020-11-07 06:00:00,Decision Tree,6,-0.36896495543342445,-0.40208765912142436,2019-11-07 06:00:00,2020-11-07 06:00:00,2020-11-07 06:00:00,366,1
149,2020-11-07 06:00:00,Random Forest,6,-0.36896495543342445,-0.39064635402066,2019-11-07 06:00:00,2020-11-07 06:00:00,2020-11-07 06:00:00,366,1
150,2020-11-07 06:00:00,Neural Network,6,-0.36896495543342445,-0.18759477964384275,2019-11-07 06:00:00,2020-11-07 06:00:00,2020-11-07 06:00:00,366,1
151,2020-11-07 06:00:00,Naive,6,-0.36896495543342445,0.520951643306444,2019-11-07 06:00:00,2020-11-07 06:00:00,2020-11-07 06:00:00,366,1
152,2020-11-08 06:00:00,Decision Tree,6,-0.21821465599594358,-0.27197559572398383,2019-11-08 06:00:00,2020-11-08 06:00:00,2020-11-08 06:00:00,366,1
153,2020-11-08 06:00:00,Random Forest,6,-0.21821465599594358,-0.25786553938195306,2019-11-08 06:00:00,2020-11-08 06:00:00,2020-11-08 06:00:00,366,1
154,2020-11-08 06:00:00,Neural Network,6,-0.21821465599594358,-0.20539302283957658,2019-11-08 06:00:00,2020-11-08 06:00:00,2020-11-08 06:00:00,366,1
155,2020-11-08 06:00:00,Naive,6,-0.21821465599594358,-0.36896495543342445,2019-11-08 06:00:00,2020-11-08 06:00:00,2020-11-08 06:00:00,366,1
156,2020-11-09 06:00:00,Decision Tree,6,0.6163503134505752,0.5745635282450372,2019-11-09 06:00:00,2020-11-09 06:00:00,2020-11-09 06:00:00,366,1
157,2020-11-09 06:00:00,Random Forest,6,0.6163503134505752,0.5734531059616682,2019-11-09 06:00:00,2020-11-09 06:00:00,2020-11-09 06:00:00,366,1
158,2020-11-09 06:00:00,Neural Network,6,0.6163503134505752,0.6768828193237408,2019-11-09 06:00:00,2020-11-09 06:00:00,2020-11-09 06:00:00,366,1
159,2020-11-09 06:00:00,Naive,6,0.6163503134505752,-0.21821465599594358,2019-11-09 06:00:00,2020-11-09 06:00:00,2020-11-09 06:00:00,366,1
160,2020-11-10 06:00:00,Decision Tree,6,0.6820236579735885,0.6263624256100465,2019-11-10 06:00:00,2020-11-10 06:00:00,2020-11-10 06:00:00,366,1
161,2020-11-10 06:00:00,Random Forest,6,0.6820236579735885,0.6167196212935173,2019-11-10 06:00:00,2020-11-10 06:00:00,2020-11-10 06:00:00,366,1
162,2020-11-10 06:00:00,Neural Network,6,0.6820236579735885,0.7306320348321342,2019-11-10 06:00:00,2020-11-10 06:00:00,2020-11-10 06:00:00,366,1
163,2020-11-10 06:00:00,Naive,6,0.6820236579735885,0.6163503134505752,2019-11-10 06:00:00,2020-11-10 06:00:00,2020-11-10 06:00:00,366,1
164,2020-11-11 06:00:00,Decision Tree,6,0.6812728059750642,0.6423729785131507,2019-11-11 06:00:00,2020-11-11 06:00:00,2020-11-11 06:00:00,366,1
165,2020-11-11 06:00:00,Random Forest,6,0.6812728059750642,0.6468848597038601,2019-11-11 06:00:00,2020-11-11 06:00:00,2020-11-11 06:00:00,366,1
166,2020-11-11 06:00:00,Neural Network,6,0.6812728059750642,0.7376321985225004,2019-11-11 06:00:00,2020-11-11 06:00:00,2020-11-11 06:00:00,366,1
167,2020-11-11 06:00:00,Naive,6,0.6812728059750642,0.6820236579735885,2019-11-11 06:00:00,2020-11-11 06:00:00,2020-11-11 06:00:00,366,1
168,2020-11-12 06:00:00,Decision Tree,6,0.3167349528207107,0.2601165941133038,2019-11-12 06:00:00,2020-11-12 06:00:00,2020-11-12 06:00:00,366,1
169,2020-11-12 06:00:00,Random Forest,6,0.3167349528207107,0.25290751538586825,2019-11-12 06:00:00,2020-11-12 06:00:00,2020-11-12 06:00:00,366,1
170,2020-11-12 06:00:00,Neural Network,6,0.3167349528207107,0.29435668887477723,2019-11-12 06:00:00,2020-11-12 06:00:00,2020-11-12 06:00:00,366,1
171,2020-11-12 06:00:00,Naive,6,0.3167349528207107,0.6812728059750642,2019-11-12 06:00:00,2020-11-12 06:00:00,2020-11-12 06:00:00,366,1
172,2020-11-13 06:00:00,Decision Tree,6,0.18690085542916354,0.12180993228601027,2019-11-13 06:00:00,2020-11-13 06:00:00,2020-11-13 06:00:00,366,1
173,2020-11-13 06:00:00,Random Forest,6,0.18690085542916354,0.12865789257975838,2019-11-13 06:00:00,2020-11-13 06:00:00,2020-11-13 06:00:00,366,1
174,2020-11-13 06:00:00,Neural Network,6,0.18690085542916354,0.2796326618592323,2019-11-13 06:00:00,2020-11-13 06:00:00,2020-11-13 06:00:00,366,1
175,2020-11-13 06:00:00,Naive,6,0.18690085542916354,0.3167349528207107,2019-11-13 06:00:00,2020-11-13 06:00:00,2020-11-13 06:00:00,366,1
176,2020-11-14 06:00:00,Decision Tree,6,-0.21735615927382818,-0.22545015021705894,2019-11-14 06:00:00,2020-11-14 06:00:00,2020-11-14 06:00:00,366,1
177,2020-11-14 06:00:00,Random Forest,6,-0.21735615927382818,-0.2348710749245803,2019-11-14 06:00:00,2020-11-14 06:00:00,2020-11-14 06:00:00,366,1
178,2020-11-14 06:00:00,Neural Network,6,-0.21735615927382818,-0.09192602918816234,2019-11-14 06:00:00,2020-11-14 06:00:00,2020-11-14 06:00:00,366,1
179,2020-11-14 06:00:00,Naive,6,-0.21735615927382818,0.18690085542916354,2019-11-14 06:00:00,2020-11-14 06:00:00,2020-11-14 06:00:00,366,1
180,2020-11-15 06:00:00,Decision Tree,6,-1.6609826814560642,-1.6280698475764899,2019-11-15 06:00:00,2020-11-15 06:00:00,2020-11-15 06:00:00,366,1
181,2020-11-15 06:00:00,Random Forest,6,-1.6609826814560642,-1.641474310103239,2019-11-15 06:00:00,2020-11-15 06:00:00,2020-11-15 06:00:00,366,1
182,2020-11-15 06:00:00,Neural Network,6,-1.6609826814560642,-1.6099909751752826,2019-11-15 06:00:00,2020-11-15 06:00:00,2020-11-15 06:00:00,366,1
183,2020-11-15 06:00:00,Naive,6,-1.6609826814560642,-0.21735615927382818,2019-11-15 06:00:00,2020-11-15 06:00:00,2020-11-15 06:00:00,366,1
184,2020-11-16 06:00:00,Decision Tree,6,-0.6970146292989937,-0.6973193485982492,2019-11-16 06:00:00,2020-11-16 06:00:00,2020-11-16 06:00:00,366,1
185,2020-11-16 06:00:00,Random Forest,6,-0.6970146292989937,-0.7020910568622557,2019-11-16 06:00:00,2020-11-16 06:00:00,2020-11-16 06:00:00,366,1
186,2020-11-16 06:00:00,Neural Network,6,-0.6970146292989937,-0.46425544110854666,2019-11-16 06:00:00,2020-11-16 06:00:00,2020-11-16 06:00:00,366,1
187,2020-11-16 06:00:00,Naive,6,-0.6970146292989937,-1.6609826814560642,2019-11-16 06:00:00,2020-11-16 06:00:00,2020-11-16 06:00:00,366,1
188,2020-11-17 06:00:00,Decision Tree,6,0.12958814579216107,0.056211403454648444,2019-11-17 06:00:00,2020-11-17 06:00:00,2020-11-17 06:00:00,366,1
189,2020-11-17 06:00:00,Random Forest,6,0.12958814579216107,0.06448000293600162,2019-11-17 06:00:00,2020-11-17 06:00:00,2020-11-17 06:00:00,366,1
190,2020-11-17 06:00:00,Neural Network,6,0.12958814579216107,0.11349873195483401,2019-11-17 06:00:00,2020-11-17 06:00:00,2020-11-17 06:00:00,366,1
191,2020-11-17 06:00:00,Naive,6,0.12958814579216107,-0.6970146292989937,2019-11-17 06:00:00,2020-11-17 06:00:00,2020-11-17 06:00:00,366,1
192,2020-11-18 06:00:00,Decision Tree,6,0.2720548190700255,0.19982615446507182,2019-11-18 06:00:00,2020-11-18 06:00:00,2020-11-18 06:00:00,366,1
193,2020-11-18 06:00:00,Random Forest,6,0.2720548190700255,0.20090534918703867,2019-11-18 06:00:00,2020-11-18 06:00:00,2020-11-18 06:00:00,366,1
194,2020-11-18 06:00:00,Neural Network,6,0.2720548190700255,0.22659825818094803,2019-11-18 06:00:00,2020-11-18 06:00:00,2020-11-18 06:00:00,366,1
195,2020-11-18 06:00:00,Naive,6,0.2720548190700255,0.12958814579216107,2019-11-18 06:00:00,2020-11-18 06:00:00,2020-11-18 06:00:00,366,1
196,2020-11-19 06:00:00,Decision Tree,6,-0.330457617760884,-0.36973605189784076,2019-11-19 06:00:00,2020-11-19 06:00:00,2020-11-19 06:00:00,366,1
197,2020-11-19 06:00:00,Random Forest,6,-0.330457617760884,-0.365614753710641,2019-11-19 06:00:00,2020-11-19 06:00:00,2020-11-19 06:00:00,366,1
198,2020-11-19 06:00:00,Neural Network,6,-0.330457617760884,-0.3851238469108953,2019-11-19 06:00:00,2020-11-19 06:00:00,2020-11-19 06:00:00,366,1
199,2020-11-19 06:00:00,Naive,6,-0.330457617760884,0.2720548190700255,2019-11-19 06:00:00,2020-11-19 06:00:00,2020-11-19 06:00:00,366,1
200,2020-11-20 06:00:00,Decision Tree,6,0.4316762153114631,0.3794519922242345,2019-11-20 06:00:00,2020-11-20 06:00:00,2020-11-20 06:00:00,366,1
201,2020-11-20 06:00:00,Random Forest,6,0.4316762153114631,0.38135148285706066,2019-11-20 06:00:00,2020-11-20 06:00:00,2020-11-20 06:00:00,366,1
202,2020-11-20 06:00:00,Neural Network,6,0.4316762153114631,0.258791189677586,2019-11-20 06:00:00,2020-11-20 06:00:00,2020-11-20 06:00:00,366,1
203,2020-11-20 06:00:00,Naive,6,0.4316762153114631,-0.330457617760884,2019-11-20 06:00:00,2020-11-20 06:00:00,2020-11-20 06:00:00,366,1
204,2020-11-21 06:00:00,Decision Tree,6,-0.5202622224798569,-0.5384857950026777,2019-11-21 06:00:00,2020-11-21 06:00:00,2020-11-21 06:00:00,366,1
205,2020-11-21 06:00:00,Random Forest,6,-0.5202622224798569,-0.5406266483463745,2019-11-21 06:00:00,2020-11-21 06:00:00,2020-11-21 06:00:00,366,1
206,2020-11-21 06:00:00,Neural Network,6,-0.5202622224798569,-0.49261846549299126,2019-11-21 06:00:00,2020-11-21 06:00:00,2020-11-21 06:00:00,366,1
207,2020-11-21 06:00:00,Naive,6,-0.5202622224798569,0.4316762153114631,2019-11-21 06:00:00,2020-11-21 06:00:00,2020-11-21 06:00:00,366,1
208,2020-11-22 06:00:00,Decision Tree,6,-1.568902669639818,-1.4621769623244678,2019-11-22 06:00:00,2020-11-22 06:00:00,2020-11-22 06:00:00,366,1
209,2020-11-22 06:00:00,Random Forest,6,-1.568902669639818,-1.5409705655738768,2019-11-22 06:00:00,2020-11-22 06:00:00,2020-11-22 06:00:00,366,1
210,2020-11-22 06:00:00,Neural Network,6,-1.568902669639818,-1.5712929039454524,2019-11-22 06:00:00,2020-11-22 06:00:00,2020-11-22 06:00:00,366,1
211,2020-11-22 06:00:00,Naive,6,-1.568902669639818,-0.5202622224798569,2019-11-22 06:00:00,2020-11-22 06:00:00,2020-11-22 06:00:00,366,1
212,2020-11-23 06:00:00,Decision Tree,6,0.738005539561927,0.6747151482201976,2019-11-23 06:00:00,2020-11-23 06:00:00,2020-11-23 06:00:00,366,1
213,2020-11-23 06:00:00,Random Forest,6,0.738005539561927,0.6553750969141089,2019-11-23 06:00:00,2020-11-23 06:00:00,2020-11-23 06:00:00,366,1
214,2020-11-23 06:00:00,Neural Network,6,0.738005539561927,0.6022705205732741,2019-11-23 06:00:00,2020-11-23 06:00:00,2020-11-23 06:00:00,366,1
215,2020-11-23 06:00:00,Naive,6,0.738005539561927,-1.568902669639818,2019-11-23 06:00:00,2020-11-23 06:00:00,2020-11-23 06:00:00,366,1
216,2020-11-24 06:00:00,Decision Tree,6,0.19458954569899256,0.10667343599818645,2019-11-24 06:00:00,2020-11-24 06:00:00,2020-11-24 06:00:00,366,1
217,2020-11-24 06:00:00,Random Forest,6,0.19458954569899256,0.1288319168677231,2019-11-24 06:00:00,2020-11-24 06:00:00,2020-11-24 06:00:00,366,1
218,2020-11-24 06:00:00,Neural Network,6,0.19458954569899256,0.28647082545184577,2019-11-24 06:00:00,2020-11-24 06:00:00,2020-11-24 06:00:00,366,1
219,2020-11-24 06:00:00,Naive,6,0.19458954569899256,0.738005539561927,2019-11-24 06:00:00,2020-11-24 06:00:00,2020-11-24 06:00:00,366,1
220,2020-11-25 06:00:00,Decision Tree,6,0.5573106524762552,0.4744945266247955,2019-11-25 06:00:00,2020-11-25 06:00:00,2020-11-25 06:00:00,366,1
221,2020-11-25 06:00:00,Random Forest,6,0.5573106524762552,0.47995313877410967,2019-11-25 06:00:00,2020-11-25 06:00:00,2020-11-25 06:00:00,366,1
222,2020-11-25 06:00:00,Neural Network,6,0.5573106524762552,0.47654121895185025,2019-11-25 06:00:00,2020-11-25 06:00:00,2020-11-25 06:00:00,366,1
223,2020-11-25 06:00:00,Naive,6,0.5573106524762552,0.19458954569899256,2019-11-25 06:00:00,2020-11-25 06:00:00,2020-11-25 06:00:00,366,1
224,2020-11-26 06:00:00,Decision Tree,6,0.7351776515805825,0.6661364604802984,2019-11-26 06:00:00,2020-11-26 06:00:00,2020-11-26 06:00:00,366,1
225,2020-11-26 06:00:00,Random Forest,6,0.7351776515805825,0.6727615939069431,2019-11-26 06:00:00,2020-11-26 06:00:00,2020-11-26 06:00:00,366,1
226,2020-11-26 06:00:00,Neural Network,6,0.7351776515805825,0.6925960432159068,2019-11-26 06:00:00,2020-11-26 06:00:00,2020-11-26 06:00:00,366,1
227,2020-11-26 06:00:00,Naive,6,0.7351776515805825,0.5573106524762552,2019-11-26 06:00:00,2020-11-26 06:00:00,2020-11-26 06:00:00,366,1
228,2020-11-27 06:00:00,Decision Tree,6,1.1297644042942208,1.0345621690466884,2019-11-27 06:00:00,2020-11-27 06:00:00,2020-11-27 06:00:00,366,1
229,2020-11-27 06:00:00,Random Forest,6,1.1297644042942208,1.04622442000551,2019-11-27 06:00:00,2020-11-27 06:00:00,2020-11-27 06:00:00,366,1
230,2020-11-27 06:00:00,Neural Network,6,1.1297644042942208,1.1769052471455481,2019-11-27 06:00:00,2020-11-27 06:00:00,2020-11-27 06:00:00,366,1
231,2020-11-27 06:00:00,Naive,6,1.1297644042942208,0.7351776515805825,2019-11-27 06:00:00,2020-11-27 06:00:00,2020-11-27 06:00:00,366,1
232,2020-11-28 06:00:00,Decision Tree,6,0.4923305301090527,0.42329498363976875,2019-11-28 06:00:00,2020-11-28 06:00:00,2020-11-28 06:00:00,366,1
233,2020-11-28 06:00:00,Random Forest,6,0.4923305301090527,0.41153732702838924,2019-11-28 06:00:00,2020-11-28 06:00:00,2020-11-28 06:00:00,366,1
234,2020-11-28 06:00:00,Neural Network,6,0.4923305301090527,0.491311852121263,2019-11-28 06:00:00,2020-11-28 06:00:00,2020-11-28 06:00:00,366,1
235,2020-11-28 06:00:00,Naive,6,0.4923305301090527,1.1297644042942208,2019-11-28 06:00:00,2020-11-28 06:00:00,2020-11-28 06:00:00,366,1
236,2020-11-29 06:00:00,Decision Tree,6,0.23864483673630404,0.15361023013034908,2019-11-29 06:00:00,2020-11-29 06:00:00,2020-11-29 06:00:00,366,1
237,2020-11-29 06:00:00,Random Forest,6,0.23864483673630404,0.1592253314266165,2019-11-29 06:00:00,2020-11-29 06:00:00,2020-11-29 06:00:00,366,1
238,2020-11-29 06:00:00,Neural Network,6,0.23864483673630404,0.08362898163761329,2019-11-29 06:00:00,2020-11-29 06:00:00,2020-11-29 06:00:00,366,1
239,2020-11-29 06:00:00,Naive,6,0.23864483673630404,0.4923305301090527,2019-11-29 06:00:00,2020-11-29 06:00:00,2020-11-29 06:00:00,366,1
240,2020-11-30 06:00:00,Decision Tree,6,1.2827052033463655,1.09091585765098,2019-11-30 06:00:00,2020-11-30 06:00:00,2020-11-30 06:00:00,366,1
241,2020-11-30 06:00:00,Random Forest,6,1.2827052033463655,1.1177079612784635,2019-11-30 06:00:00,2020-11-30 06:00:00,2020-11-30 06:00:00,366,1
242,2020-11-30 06:00:00,Neural Network,6,1.2827052033463655,1.279196992966437,2019-11-30 06:00:00,2020-11-30 06:00:00,2020-11-30 06:00:00,366,1
243,2020-11-30 06:00:00,Naive,6,1.2827052033463655,0.23864483673630404,2019-11-30 06:00:00,2020-11-30 06:00:00,2020-11-30 06:00:00,366,1
244,2020-12-01 06:00:00,Decision Tree,6,0.622236534624282,0.508754860969823,2019-12-01 06:00:00,2020-12-01 06:00:00,2020-12-01 06:00:00,366,1
245,2020-12-01 06:00:00,Random Forest,6,0.622236534624282,0.5556265862979106,2019-12-01 06:00:00,2020-12-01 06:00:00,2020-12-01 06:00:00,366,1
246,2020-12-01 06:00:00,Neural Network,6,0.622236534624282,0.6068816868363129,2019-12-01 06:00:00,2020-12-01 06:00:00,2020-12-01 06:00:00,366,1
247,2020-12-01 06:00:00,Naive,6,0.622236534624282,1.2827052033463655,2019-12-01 06:00:00,2020-12-01 06:00:00,2020-12-01 06:00:00,366,1
248,2020-12-02 06:00:00,Decision Tree,6,1.332191133872207,1.1315822217594727,2019-12-02 06:00:00,2020-12-02 06:00:00,2020-12-02 06:00:00,366,1
249,2020-12-02 06:00:00,Random Forest,6,1.332191133872207,1.2039009239341105,2019-12-02 06:00:00,2020-12-02 06:00:00,2020-12-02 06:00:00,366,1
250,2020-12-02 06:00:00,Neural Network,6,1.332191133872207,1.4091967288363128,2019-12-02 06:00:00,2020-12-02 06:00:00,2020-12-02 06:00:00,366,1
251,2020-12-02 06:00:00,Naive,6,1.332191133872207,0.622236534624282,2019-12-02 06:00:00,2020-12-02 06:00:00,2020-12-02 06:00:00,366,1
252,2020-12-03 06:00:00,Decision Tree,6,1.1222451080953095,1.1566583357735645,2019-12-03 06:00:00,2020-12-03 06:00:00,2020-12-03 06:00:00,366,1
253,2020-12-03 06:00:00,Random Forest,6,1.1222451080953095,1.0814529631505794,2019-12-03 06:00:00,2020-12-03 06:00:00,2020-12-03 06:00:00,366,1
254,2020-12-03 06:00:00,Neural Network,6,1.1222451080953095,0.9434791761655532,2019-12-03 06:00:00,2020-12-03 06:00:00,2020-12-03 06:00:00,366,1
255,2020-12-03 06:00:00,Naive,6,1.1222451080953095,1.332191133872207,2019-12-03 06:00:00,2020-12-03 06:00:00,2020-12-03 06:00:00,366,1
256,2020-12-04 06:00:00,Decision Tree,6,-0.11355257957348291,-0.18067570164042507,2019-12-04 06:00:00,2020-12-04 06:00:00,2020-12-04 06:00:00,366,1
257,2020-12-04 06:00:00,Random Forest,6,-0.11355257957348291,-0.15740022459174285,2019-12-04 06:00:00,2020-12-04 06:00:00,2020-12-04 06:00:00,366,1
258,2020-12-04 06:00:00,Neural Network,6,-0.11355257957348291,-0.144607657923153,2019-12-04 06:00:00,2020-12-04 06:00:00,2020-12-04 06:00:00,366,1
259,2020-12-04 06:00:00,Naive,6,-0.11355257957348291,1.1222451080953095,2019-12-04 06:00:00,2020-12-04 06:00:00,2020-12-04 06:00:00,366,1
260,2020-12-05 06:00:00,Decision Tree,6,0.07696548864350054,-0.007378102269307209,2019-12-05 06:00:00,2020-12-05 06:00:00,2020-12-05 06:00:00,366,1
261,2020-12-05 06:00:00,Random Forest,6,0.07696548864350054,0.002994915758190365,2019-12-05 06:00:00,2020-12-05 06:00:00,2020-12-05 06:00:00,366,1
262,2020-12-05 06:00:00,Neural Network,6,0.07696548864350054,0.2032329001836038,2019-12-05 06:00:00,2020-12-05 06:00:00,2020-12-05 06:00:00,366,1
263,2020-12-05 06:00:00,Naive,6,0.07696548864350054,-0.11355257957348291,2019-12-05 06:00:00,2020-12-05 06:00:00,2020-12-05 06:00:00,366,1
264,2020-12-06 06:00:00,Decision Tree,6,-0.06196509402053538,-0.12788979810137724,2019-12-06 06:00:00,2020-12-06 06:00:00,2020-12-06 06:00:00,366,1
265,2020-12-06 06:00:00,Random Forest,6,-0.06196509402053538,-0.12152872237352288,2019-12-06 06:00:00,2020-12-06 06:00:00,2020-12-06 06:00:00,366,1
266,2020-12-06 06:00:00,Neural Network,6,-0.06196509402053538,0.003391612816285916,2019-12-06 06:00:00,2020-12-06 06:00:00,2020-12-06 06:00:00,366,1
267,2020-12-06 06:00:00,Naive,6,-0.06196509402053538,0.07696548864350054,2019-12-06 06:00:00,2020-12-06 06:00:00,2020-12-06 06:00:00,366,1
268,2020-12-07 06:00:00,Decision Tree,6,0.7746287386339936,0.6821466395133919,2019-12-07 06:00:00,2020-12-07 06:00:00,2020-12-07 06:00:00,366,1
269,2020-12-07 06:00:00,Random Forest,6,0.7746287386339936,0.6982954863682325,2019-12-07 06:00:00,2020-12-07 06:00:00,2020-12-07 06:00:00,366,1
270,2020-12-07 06:00:00,Neural Network,6,0.7746287386339936,0.5471552857117993,2019-12-07 06:00:00,2020-12-07 06:00:00,2020-12-07 06:00:00,366,1
271,2020-12-07 06:00:00,Naive,6,0.7746287386339936,-0.06196509402053538,2019-12-07 06:00:00,2020-12-07 06:00:00,2020-12-07 06:00:00,366,1
272,2020-12-08 06:00:00,Decision Tree,6,1.042112160833871,0.9331355936065171,2019-12-08 06:00:00,2020-12-08 06:00:00,2020-12-08 06:00:00,366,1
273,2020-12-08 06:00:00,Random Forest,6,1.042112160833871,0.9743263999193247,2019-12-08 06:00:00,2020-12-08 06:00:00,2020-12-08 06:00:00,366,1
274,2020-12-08 06:00:00,Neural Network,6,1.042112160833871,1.0259821021117197,2019-12-08 06:00:00,2020-12-08 06:00:00,2020-12-08 06:00:00,366,1
275,2020-12-08 06:00:00,Naive,6,1.042112160833871,0.7746287386339936,2019-12-08 06:00:00,2020-12-08 06:00:00,2020-12-08 06:00:00,366,1
276,2020-12-09 06:00:00,Decision Tree,6,1.084193496218561,0.9689131475156689,2019-12-09 06:00:00,2020-12-09 06:00:00,2020-12-09 06:00:00,366,1
277,2020-12-09 06:00:00,Random Forest,6,1.084193496218561,1.0216731504218874,2019-12-09 06:00:00,2020-12-09 06:00:00,2020-12-09 06:00:00,366,1
278,2020-12-09 06:00:00,Neural Network,6,1.084193496218561,1.082624533240668,2019-12-09 06:00:00,2020-12-09 06:00:00,2020-12-09 06:00:00,366,1
279,2020-12-09 06:00:00,Naive,6,1.084193496218561,1.042112160833871,2019-12-09 06:00:00,2020-12-09 06:00:00,2020-12-09 06:00:00,366,1
280,2020-12-10 06:00:00,Decision Tree,6,1.141874935846409,1.074727203566448,2019-12-10 06:00:00,2020-12-10 06:00:00,2020-12-10 06:00:00,366,1
281,2020-12-10 06:00:00,Random Forest,6,1.141874935846409,1.1107886021127005,2019-12-10 06:00:00,2020-12-10 06:00:00,2020-12-10 06:00:00,366,1
282,2020-12-10 06:00:00,Neural Network,6,1.141874935846409,1.1890469729154765,2019-12-10 06:00:00,2020-12-10 06:00:00,2020-12-10 06:00:00,366,1
283,2020-12-10 06:00:00,Naive,6,1.141874935846409,1.084193496218561,2019-12-10 06:00:00,2020-12-10 06:00:00,2020-12-10 06:00:00,366,1
284,2020-12-11 06:00:00,Decision Tree,6,0.26156549195942597,0.2342890219030828,2019-12-11 06:00:00,2020-12-11 06:00:00,2020-12-11 06:00:00,366,1
285,2020-12-11 06:00:00,Random Forest,6,0.26156549195942597,0.20371860917528423,2019-12-11 06:00:00,2020-12-11 06:00:00,2020-12-11 06:00:00,366,1
286,2020-12-11 06:00:00,Neural Network,6,0.26156549195942597,0.34000994486612035,2019-12-11 06:00:00,2020-12-11 06:00:00,2020-12-11 06:00:00,366,1
287,2020-12-11 06:00:00,Naive,6,0.26156549195942597,1.141874935846409,2019-12-11 06:00:00,2020-12-11 06:00:00,2020-12-11 06:00:00,366,1
288,2020-12-12 06:00:00,Decision Tree,6,-0.0022825386592084896,-0.07027901150396484,2019-12-12 06:00:00,2020-12-12 06:00:00,2020-12-12 06:00:00,366,1
289,2020-12-12 06:00:00,Random Forest,6,-0.0022825386592084896,-0.06685623644773067,2019-12-12 06:00:00,2020-12-12 06:00:00,2020-12-12 06:00:00,366,1
290,2020-12-12 06:00:00,Neural Network,6,-0.0022825386592084896,0.1887267491557747,2019-12-12 06:00:00,2020-12-12 06:00:00,2020-12-12 06:00:00,366,1
291,2020-12-12 06:00:00,Naive,6,-0.0022825386592084896,0.26156549195942597,2019-12-12 06:00:00,2020-12-12 06:00:00,2020-12-12 06:00:00,366,1
292,2020-12-13 06:00:00,Decision Tree,6,0.04571226527617305,-0.02030007452351569,2019-12-13 06:00:00,2020-12-13 06:00:00,2020-12-13 06:00:00,366,1
293,2020-12-13 06:00:00,Random Forest,6,0.04571226527617305,-0.012113065921756162,2019-12-13 06:00:00,2020-12-13 06:00:00,2020-12-13 06:00:00,366,1
294,2020-12-13 06:00:00,Neural Network,6,0.04571226527617305,0.044160637344755505,2019-12-13 06:00:00,2020-12-13 06:00:00,2020-12-13 06:00:00,366,1
295,2020-12-13 06:00:00,Naive,6,0.04571226527617305,-0.0022825386592084896,2019-12-13 06:00:00,2020-12-13 06:00:00,2020-12-13 06:00:00,366,1
296,2020-12-14 06:00:00,Decision Tree,6,0.0755505140534005,0.04714633198869038,2019-12-14 06:00:00,2020-12-14 06:00:00,2020-12-14 06:00:00,366,1
297,2020-12-14 06:00:00,Random Forest,6,0.0755505140534005,0.030715475728254768,2019-12-14 06:00:00,2020-12-14 06:00:00,2020-12-14 06:00:00,366,1
298,2020-12-14 06:00:00,Neural Network,6,0.0755505140534005,0.1613324443137391,2019-12-14 06:00:00,2020-12-14 06:00:00,2020-12-14 06:00:00,366,1
299,2020-12-14 06:00:00,Naive,6,0.0755505140534005,0.04571226527617305,2019-12-14 06:00:00,2020-12-14 06:00:00,2020-12-14 06:00:00,366,1
300,2020-12-15 06:00:00,Decision Tree,6,0.50122947109649,0.4309707858601902,2019-12-15 06:00:00,2020-12-15 06:00:00,2020-12-15 06:00:00,366,1
301,2020-12-15 06:00:00,Random Forest,6,0.50122947109649,0.47414266694969354,2019-12-15 06:00:00,2020-12-15 06:00:00,2020-12-15 06:00:00,366,1
302,2020-12-15 06:00:00,Neural Network,6,0.50122947109649,0.4472683054877969,2019-12-15 06:00:00,2020-12-15 06:00:00,2020-12-15 06:00:00,366,1
303,2020-12-15 06:00:00,Naive,6,0.50122947109649,0.0755505140534005,2019-12-15 06:00:00,2020-12-15 06:00:00,2020-12-15 06:00:00,366,1
304,2020-12-16 06:00:00,Decision Tree,6,0.7760226599257705,0.7296150516694985,2019-12-16 06:00:00,2020-12-16 06:00:00,2020-12-16 06:00:00,366,1
305,2020-12-16 06:00:00,Random Forest,6,0.7760226599257705,0.716554817212989,2019-12-16 06:00:00,2020-12-16 06:00:00,2020-12-16 06:00:00,366,1
306,2020-12-16 06:00:00,Neural Network,6,0.7760226599257705,0.772282180231423,2019-12-16 06:00:00,2020-12-16 06:00:00,2020-12-16 06:00:00,366,1
307,2020-12-16 06:00:00,Naive,6,0.7760226599257705,0.50122947109649,2019-12-16 06:00:00,2020-12-16 06:00:00,2020-12-16 06:00:00,366,1
308,2020-12-17 06:00:00,Decision Tree,6,0.2633039773794986,0.2462857472663039,2019-12-17 06:00:00,2020-12-17 06:00:00,2020-12-17 06:00:00,366,1
309,2020-12-17 06:00:00,Random Forest,6,0.2633039773794986,0.23701707758842497,2019-12-17 06:00:00,2020-12-17 06:00:00,2020-12-17 06:00:00,366,1
310,2020-12-17 06:00:00,Neural Network,6,0.2633039773794986,0.1797149593523779,2019-12-17 06:00:00,2020-12-17 06:00:00,2020-12-17 06:00:00,366,1
311,2020-12-17 06:00:00,Naive,6,0.2633039773794986,0.7760226599257705,2019-12-17 06:00:00,2020-12-17 06:00:00,2020-12-17 06:00:00,366,1
312,2020-12-18 06:00:00,Decision Tree,6,0.36111766165621445,0.28449945341663097,2019-12-18 06:00:00,2020-12-18 06:00:00,2020-12-18 06:00:00,366,1
313,2020-12-18 06:00:00,Random Forest,6,0.36111766165621445,0.28968275042782005,2019-12-18 06:00:00,2020-12-18 06:00:00,2020-12-18 06:00:00,366,1
314,2020-12-18 06:00:00,Neural Network,6,0.36111766165621445,0.2923638650771238,2019-12-18 06:00:00,2020-12-18 06:00:00,2020-12-18 06:00:00,366,1
315,2020-12-18 06:00:00,Naive,6,0.36111766165621445,0.2633039773794986,2019-12-18 06:00:00,2020-12-18 06:00:00,2020-12-18 06:00:00,366,1
316,2020-12-19 06:00:00,Decision Tree,6,-0.8391941010500646,-0.8240938213033913,2019-12-19 06:00:00,2020-12-19 06:00:00,2020-12-19 06:00:00,366,1
317,2020-12-19 06:00:00,Random Forest,6,-0.8391941010500646,-0.8246491206643307,2019-12-19 06:00:00,2020-12-19 06:00:00,2020-12-19 06:00:00,366,1
318,2020-12-19 06:00:00,Neural Network,6,-0.8391941010500646,-0.6349375653760441,2019-12-19 06:00:00,2020-12-19 06:00:00,2020-12-19 06:00:00,366,1
319,2020-12-19 06:00:00,Naive,6,-0.8391941010500646,0.36111766165621445,2019-12-19 06:00:00,2020-12-19 06:00:00,2020-12-19 06:00:00,366,1
320,2020-12-20 06:00:00,Decision Tree,6,-0.23419366538397945,-0.2886632146223706,2019-12-20 06:00:00,2020-12-20 06:00:00,2020-12-20 06:00:00,366,1
321,2020-12-20 06:00:00,Random Forest,6,-0.23419366538397945,-0.2887010994018749,2019-12-20 06:00:00,2020-12-20 06:00:00,2020-12-20 06:00:00,366,1
322,2020-12-20 06:00:00,Neural Network,6,-0.23419366538397945,-0.13438826967199916,2019-12-20 06:00:00,2020-12-20 06:00:00,2020-12-20 06:00:00,366,1
323,2020-12-20 06:00:00,Naive,6,-0.23419366538397945,-0.8391941010500646,2019-12-20 06:00:00,2020-12-20 06:00:00,2020-12-20 06:00:00,366,1
324,2020-12-21 06:00:00,Decision Tree,6,0.6481069749629844,0.5756529053264563,2019-12-21 06:00:00,2020-12-21 06:00:00,2020-12-21 06:00:00,366,1
325,2020-12-21 06:00:00,Random Forest,6,0.6481069749629844,0.5882303522671085,2019-12-21 06:00:00,2020-12-21 06:00:00,2020-12-21 06:00:00,366,1
326,2020-12-21 06:00:00,Neural Network,6,0.6481069749629844,0.5286143138036219,2019-12-21 06:00:00,2020-12-21 06:00:00,2020-12-21 06:00:00,366,1
327,2020-12-21 06:00:00,Naive,6,0.6481069749629844,-0.23419366538397945,2019-12-21 06:00:00,2020-12-21 06:00:00,2020-12-21 06:00:00,366,1
328,2020-12-22 06:00:00,Decision Tree,6,-1.68443806330986,-1.6474182015054861,2019-12-22 06:00:00,2020-12-22 06:00:00,2020-12-22 06:00:00,366,1
329,2020-12-22 06:00:00,Random Forest,6,-1.68443806330986,-1.6286398546511305,2019-12-22 06:00:00,2020-12-22 06:00:00,2020-12-22 06:00:00,366,1
330,2020-12-22 06:00:00,Neural Network,6,-1.68443806330986,-1.3432076880452297,2019-12-22 06:00:00,2020-12-22 06:00:00,2020-12-22 06:00:00,366,1
331,2020-12-22 06:00:00,Naive,6,-1.68443806330986,0.6481069749629844,2019-12-22 06:00:00,2020-12-22 06:00:00,2020-12-22 06:00:00,366,1
332,2020-12-23 06:00:00,Decision Tree,6,0.6259088142617953,0.5767043254152806,2019-12-23 06:00:00,2020-12-23 06:00:00,2020-12-23 06:00:00,366,1
333,2020-12-23 06:00:00,Random Forest,6,0.6259088142617953,0.580025863927116,2019-12-23 06:00:00,2020-12-23 06:00:00,2020-12-23 06:00:00,366,1
334,2020-12-23 06:00:00,Neural Network,6,0.6259088142617953,0.5841825612057863,2019-12-23 06:00:00,2020-12-23 06:00:00,2020-12-23 06:00:00,366,1
335,2020-12-23 06:00:00,Naive,6,0.6259088142617953,-1.68443806330986,2019-12-23 06:00:00,2020-12-23 06:00:00,2020-12-23 06:00:00,366,1
336,2020-12-24 06:00:00,Decision Tree,6,-1.595345493017263,-1.5317596128929478,2019-12-24 06:00:00,2020-12-24 06:00:00,2020-12-24 06:00:00,366,1
337,2020-12-24 06:00:00,Random Forest,6,-1.595345493017263,-1.5542810255309136,2019-12-24 06:00:00,2020-12-24 06:00:00,2020-12-24 06:00:00,366,1
338,2020-12-24 06:00:00,Neural Network,6,-1.595345493017263,-1.6214840402090043,2019-12-24 06:00:00,2020-12-24 06:00:00,2020-12-24 06:00:00,366,1
339,2020-12-24 06:00:00,Naive,6,-1.595345493017263,0.6259088142617953,2019-12-24 06:00:00,2020-12-24 06:00:00,2020-12-24 06:00:00,366,1
340,2020-12-25 06:00:00,Decision Tree,6,-1.3027939914185924,-1.2926834839358494,2019-12-25 06:00:00,2020-12-25 06:00:00,2020-12-25 06:00:00,366,1
341,2020-12-25 06:00:00,Random Forest,6,-1.3027939914185924,-1.2764670647978285,2019-12-25 06:00:00,2020-12-25 06:00:00,2020-12-25 06:00:00,366,1
342,2020-12-25 06:00:00,Neural Network,6,-1.3027939914185924,-1.2997753355943225,2019-12-25 06:00:00,2020-12-25 06:00:00,2020-12-25 06:00:00,366,1
343,2020-12-25 06:00:00,Naive,6,-1.3027939914185924,-1.595345493017263,2019-12-25 06:00:00,2020-12-25 06:00:00,2020-12-25 06:00:00,366,1
344,2020-12-26 06:00:00,Decision Tree,6,-1.0983216861167906,-1.0793343225878413,2019-12-26 06:00:00,2020-12-26 06:00:00,2020-12-26 06:00:00,366,1
345,2020-12-26 06:00:00,Random Forest,6,-1.0983216861167906,-1.072169748984687,2019-12-26 06:00:00,2020-12-26 06:00:00,2020-12-26 06:00:00,366,1
346,2020-12-26 06:00:00,Neural Network,6,-1.0983216861167906,-1.1134383845034905,2019-12-26 06:00:00,2020-12-26 06:00:00,2020-12-26 06:00:00,366,1
347,2020-12-26 06:00:00,Naive,6,-1.0983216861167906,-1.3027939914185924,2019-12-26 06:00:00,2020-12-26 06:00:00,2020-12-26 06:00:00,366,1
348,2020-12-27 06:00:00,Decision Tree,6,-2.3659087399245387,-1.9122077790227887,2019-12-27 06:00:00,2020-12-27 06:00:00,2020-12-27 06:00:00,366,1
349,2020-12-27 06:00:00,Random Forest,6,-2.3659087399245387,-1.9507237614182615,2019-12-27 06:00:00,2020-12-27 06:00:00,2020-12-27 06:00:00,366,1
350,2020-12-27 06:00:00,Neural Network,6,-2.3659087399245387,-2.6508761500869404,2019-12-27 06:00:00,2020-12-27 06:00:00,2020-12-27 06:00:00,366,1
351,2020-12-27 06:00:00,Naive,6,-2.3659087399245387,-1.0983216861167906,2019-12-27 06:00:00,2020-12-27 06:00:00,2020-12-27 06:00:00,366,1
352,2020-12-28 06:00:00,Decision Tree,6,-0.000766902437021838,-0.07027901150396484,2019-12-28 06:00:00,2020-12-28 06:00:00,2020-12-28 06:00:00,366,1
353,2020-12-28 06:00:00,Random Forest,6,-0.000766902437021838,-0.06794512833878238,2019-12-28 06:00:00,2020-12-28 06:00:00,2020-12-28 06:00:00,366,1
354,2020-12-28 06:00:00,Neural Network,6,-0.000766902437021838,-0.05930787404060189,2019-12-28 06:00:00,2020-12-28 06:00:00,2020-12-28 06:00:00,366,1
355,2020-12-28 06:00:00,Naive,6,-0.000766902437021838,-2.3659087399245387,2019-12-28 06:00:00,2020-12-28 06:00:00,2020-12-28 06:00:00,366,1
356,2020-12-29 06:00:00,Decision Tree,6,0.5931116757811971,0.5176441262594,2019-12-29 06:00:00,2020-12-29 06:00:00,2020-12-29 06:00:00,366,1
357,2020-12-29 06:00:00,Random Forest,6,0.5931116757811971,0.48473817987512113,2019-12-29 06:00:00,2020-12-29 06:00:00,2020-12-29 06:00:00,366,1
358,2020-12-29 06:00:00,Neural Network,6,0.5931116757811971,0.42926412043745926,2019-12-29 06:00:00,2020-12-29 06:00:00,2020-12-29 06:00:00,366,1
359,2020-12-29 06:00:00,Naive,6,0.5931116757811971,-0.000766902437021838,2019-12-29 06:00:00,2020-12-29 06:00:00,2020-12-29 06:00:00,366,1
360,2020-12-30 06:00:00,Decision Tree,6,0.18323897121920837,0.10298418802827329,2019-12-30 06:00:00,2020-12-30 06:00:00,2020-12-30 06:00:00,366,1
361,2020-12-30 06:00:00,Random Forest,6,0.18323897121920837,0.11065126126344559,2019-12-30 06:00:00,2020-12-30 06:00:00,2020-12-30 06:00:00,366,1
362,2020-12-30 06:00:00,Neural Network,6,0.18323897121920837,0.0568302061368714,2019-12-30 06:00:00,2020-12-30 06:00:00,2020-12-30 06:00:00,366,1
363,2020-12-30 06:00:00,Naive,6,0.18323897121920837,0.5931116757811971,2019-12-30 06:00:00,2020-12-30 06:00:00,2020-12-30 06:00:00,366,1
364,2020-12-31 06:00:00,Decision Tree,6,-0.09675414269429633,-0.1278897981013772,2019-12-31 06:00:00,2020-12-31 06:00:00,2020-12-31 06:00:00,366,1
365,2020-12-31 06:00:00,Random Forest,6,-0.09675414269429633,-0.13820643689608994,2019-12-31 06:00:00,2020-12-31 06:00:00,2020-12-31 06:00:00,366,1
366,2020-12-31 06:00:00,Neural Network,6,-0.09675414269429633,-0.09071633695571513,2019-12-31 06:00:00,2020-12-31 06:00:00,2020-12-31 06:00:00,366,1
367,2020-12-31 06:00:00,Naive,6,-0.09675414269429633,0.18323897121920837,2019-12-31 06:00:00,2020-12-31 06:00:00,2020-12-31 06:00:00,366,1
368,2021-01-01 06:00:00,Decision Tree,6,0.33972505297579997,0.19660808496964954,2020-01-01 06:00:00,2021-01-01 06:00:00,2021-01-01 06:00:00,366,1
369,2021-01-01 06:00:00,Random Forest,6,0.33972505297579997,0.22415111736923318,2020-01-01 06:00:00,2021-01-01 06:00:00,2021-01-01 06:00:00,366,1
370,2021-01-01 06:00:00,Neural Network,6,0.33972505297579997,-0.05416408555165658,2020-01-01 06:00:00,2021-01-01 06:00:00,2021-01-01 06:00:00,366,1
371,2021-01-01 06:00:00,Naive,6,0.33972505297579997,-0.09675414269429633,2020-01-01 06:00:00,2021-01-01 06:00:00,2021-01-01 06:00:00,366,1
372,2021-01-02 06:00:00,Decision Tree,6,0.511927195196731,0.48757758127555006,2020-01-02 06:00:00,2021-01-02 06:00:00,2021-01-02 06:00:00,366,1
373,2021-01-02 06:00:00,Random Forest,6,0.511927195196731,0.47392445780731557,2020-01-02 06:00:00,2021-01-02 06:00:00,2021-01-02 06:00:00,366,1
374,2021-01-02 06:00:00,Neural Network,6,0.511927195196731,1.0364209183533633,2020-01-02 06:00:00,2021-01-02 06:00:00,2021-01-02 06:00:00,366,1
375,2021-01-02 06:00:00,Naive,6,0.511927195196731,0.33972505297579997,2020-01-02 06:00:00,2021-01-02 06:00:00,2021-01-02 06:00:00,366,1
376,2021-01-03 06:00:00,Decision Tree,6,-0.26342263274290395,-0.2886632146223706,2020-01-03 06:00:00,2021-01-03 06:00:00,2021-01-03 06:00:00,366,1
377,2021-01-03 06:00:00,Random Forest,6,-0.26342263274290395,-0.30106956860786654,2020-01-03 06:00:00,2021-01-03 06:00:00,2021-01-03 06:00:00,366,1
378,2021-01-03 06:00:00,Neural Network,6,-0.26342263274290395,0.3604300679034991,2020-01-03 06:00:00,2021-01-03 06:00:00,2021-01-03 06:00:00,366,1
379,2021-01-03 06:00:00,Naive,6,-0.26342263274290395,0.511927195196731,2020-01-03 06:00:00,2021-01-03 06:00:00,2021-01-03 06:00:00,366,1
380,2021-01-04 06:00:00,Decision Tree,6,0.14627420955845238,0.0912435736431658,2020-01-04 06:00:00,2021-01-04 06:00:00,2021-01-04 06:00:00,366,1
381,2021-01-04 06:00:00,Random Forest,6,0.14627420955845238,0.08284794307815278,2020-01-04 06:00:00,2021-01-04 06:00:00,2021-01-04 06:00:00,366,1
382,2021-01-04 06:00:00,Neural Network,6,0.14627420955845238,-0.5459125528379287,2020-01-04 06:00:00,2021-01-04 06:00:00,2021-01-04 06:00:00,366,1
383,2021-01-04 06:00:00,Naive,6,0.14627420955845238,-0.26342263274290395,2020-01-04 06:00:00,2021-01-04 06:00:00,2021-01-04 06:00:00,366,1
384,2021-01-05 06:00:00,Decision Tree,6,0.8236892013021316,0.7635349542303793,2020-01-05 06:00:00,2021-01-05 06:00:00,2021-01-05 06:00:00,366,1
385,2021-01-05 06:00:00,Random Forest,6,0.8236892013021316,0.7278256816012386,2020-01-05 06:00:00,2021-01-05 06:00:00,2021-01-05 06:00:00,366,1
386,2021-01-05 06:00:00,Neural Network,6,0.8236892013021316,0.27631029874463026,2020-01-05 06:00:00,2021-01-05 06:00:00,2021-01-05 06:00:00,366,1
387,2021-01-05 06:00:00,Naive,6,0.8236892013021316,0.14627420955845238,2020-01-05 06:00:00,2021-01-05 06:00:00,2021-01-05 06:00:00,366,1
388,2021-01-06 06:00:00,Decision Tree,6,0.8436714360984959,0.7877273491937474,2020-01-06 06:00:00,2021-01-06 06:00:00,2021-01-06 06:00:00,366,1
389,2021-01-06 06:00:00,Random Forest,6,0.8436714360984959,0.776448389305393,2020-01-06 06:00:00,2021-01-06 06:00:00,2021-01-06 06:00:00,366,1
390,2021-01-06 06:00:00,Neural Network,6,0.8436714360984959,0.6106663341526758,2020-01-06 06:00:00,2021-01-06 06:00:00,2021-01-06 06:00:00,366,1
391,2021-01-06 06:00:00,Naive,6,0.8436714360984959,0.8236892013021316,2020-01-06 06:00:00,2021-01-06 06:00:00,2021-01-06 06:00:00,366,1
392,2021-01-07 06:00:00,Decision Tree,6,1.30910252554231,1.19890347323294,2020-01-07 06:00:00,2021-01-07 06:00:00,2021-01-07 06:00:00,366,1
393,2021-01-07 06:00:00,Random Forest,6,1.30910252554231,1.2274792758195971,2020-01-07 06:00:00,2021-01-07 06:00:00,2021-01-07 06:00:00,366,1
394,2021-01-07 06:00:00,Neural Network,6,1.30910252554231,0.8755554458301633,2020-01-07 06:00:00,2021-01-07 06:00:00,2021-01-07 06:00:00,366,1
395,2021-01-07 06:00:00,Naive,6,1.30910252554231,0.8436714360984959,2020-01-07 06:00:00,2021-01-07 06:00:00,2021-01-07 06:00:00,366,1
396,2021-01-08 06:00:00,Decision Tree,6,1.4302113320650665,1.2527579986128008,2020-01-08 06:00:00,2021-01-08 06:00:00,2021-01-08 06:00:00,366,1
397,2021-01-08 06:00:00,Random Forest,6,1.4302113320650665,1.2787052678037658,2020-01-08 06:00:00,2021-01-08 06:00:00,2021-01-08 06:00:00,366,1
398,2021-01-08 06:00:00,Neural Network,6,1.4302113320650665,1.103332266765281,2020-01-08 06:00:00,2021-01-08 06:00:00,2021-01-08 06:00:00,366,1
399,2021-01-08 06:00:00,Naive,6,1.4302113320650665,1.30910252554231,2020-01-08 06:00:00,2021-01-08 06:00:00,2021-01-08 06:00:00,366,1
400,2021-01-09 06:00:00,Decision Tree,6,0.9582541674603846,0.8399431838815185,2020-01-09 06:00:00,2021-01-09 06:00:00,2021-01-09 06:00:00,366,1
401,2021-01-09 06:00:00,Random Forest,6,0.9582541674603846,0.840773371709339,2020-01-09 06:00:00,2021-01-09 06:00:00,2021-01-09 06:00:00,366,1
402,2021-01-09 06:00:00,Neural Network,6,0.9582541674603846,1.0395712655218983,2020-01-09 06:00:00,2021-01-09 06:00:00,2021-01-09 06:00:00,366,1
403,2021-01-09 06:00:00,Naive,6,0.9582541674603846,1.4302113320650665,2020-01-09 06:00:00,2021-01-09 06:00:00,2021-01-09 06:00:00,366,1
404,2021-01-10 06:00:00,Decision Tree,6,0.5113037535015371,0.5202870751060535,2020-01-10 06:00:00,2021-01-10 06:00:00,2021-01-10 06:00:00,366,1
405,2021-01-10 06:00:00,Random Forest,6,0.5113037535015371,0.5071127614881444,2020-01-10 06:00:00,2021-01-10 06:00:00,2021-01-10 06:00:00,366,1
406,2021-01-10 06:00:00,Neural Network,6,0.5113037535015371,0.8285551946663854,2020-01-10 06:00:00,2021-01-10 06:00:00,2021-01-10 06:00:00,366,1
407,2021-01-10 06:00:00,Naive,6,0.5113037535015371,0.9582541674603846,2020-01-10 06:00:00,2021-01-10 06:00:00,2021-01-10 06:00:00,366,1
408,2021-01-11 06:00:00,Decision Tree,6,1.1958492756626562,1.0768383996712798,2020-01-11 06:00:00,2021-01-11 06:00:00,2021-01-11 06:00:00,366,1
409,2021-01-11 06:00:00,Random Forest,6,1.1958492756626562,1.0629673181050197,2020-01-11 06:00:00,2021-01-11 06:00:00,2021-01-11 06:00:00,366,1
410,2021-01-11 06:00:00,Neural Network,6,1.1958492756626562,0.8168791487282165,2020-01-11 06:00:00,2021-01-11 06:00:00,2021-01-11 06:00:00,366,1
411,2021-01-11 06:00:00,Naive,6,1.1958492756626562,0.5113037535015371,2020-01-11 06:00:00,2021-01-11 06:00:00,2021-01-11 06:00:00,366,1
412,2021-01-12 06:00:00,Decision Tree,6,0.43198762781349376,0.3408645631720561,2020-01-12 06:00:00,2021-01-12 06:00:00,2021-01-12 06:00:00,366,1
413,2021-01-12 06:00:00,Random Forest,6,0.43198762781349376,0.3506647211723195,2020-01-12 06:00:00,2021-01-12 06:00:00,2021-01-12 06:00:00,366,1
414,2021-01-12 06:00:00,Neural Network,6,0.43198762781349376,0.25601215924278464,2020-01-12 06:00:00,2021-01-12 06:00:00,2021-01-12 06:00:00,366,1
415,2021-01-12 06:00:00,Naive,6,0.43198762781349376,1.1958492756626562,2020-01-12 06:00:00,2021-01-12 06:00:00,2021-01-12 06:00:00,366,1
416,2021-01-13 06:00:00,Decision Tree,6,0.4941965835298684,0.5150099513058369,2020-01-13 06:00:00,2021-01-13 06:00:00,2021-01-13 06:00:00,366,1
417,2021-01-13 06:00:00,Random Forest,6,0.4941965835298684,0.4724546194673893,2020-01-13 06:00:00,2021-01-13 06:00:00,2021-01-13 06:00:00,366,1
418,2021-01-13 06:00:00,Neural Network,6,0.4941965835298684,0.24629805494324242,2020-01-13 06:00:00,2021-01-13 06:00:00,2021-01-13 06:00:00,366,1
419,2021-01-13 06:00:00,Naive,6,0.4941965835298684,0.43198762781349376,2020-01-13 06:00:00,2021-01-13 06:00:00,2021-01-13 06:00:00,366,1
420,2021-01-14 06:00:00,Decision Tree,6,1.4075508096940483,1.305080709290524,2020-01-14 06:00:00,2021-01-14 06:00:00,2021-01-14 06:00:00,366,1
421,2021-01-14 06:00:00,Random Forest,6,1.4075508096940483,1.301203784058869,2020-01-14 06:00:00,2021-01-14 06:00:00,2021-01-14 06:00:00,366,1
422,2021-01-14 06:00:00,Neural Network,6,1.4075508096940483,1.0507846090317319,2020-01-14 06:00:00,2021-01-14 06:00:00,2021-01-14 06:00:00,366,1
423,2021-01-14 06:00:00,Naive,6,1.4075508096940483,0.4941965835298684,2020-01-14 06:00:00,2021-01-14 06:00:00,2021-01-14 06:00:00,366,1
424,2021-01-15 06:00:00,Decision Tree,6,1.5072787244007495,1.319719295062456,2020-01-15 06:00:00,2021-01-15 06:00:00,2021-01-15 06:00:00,366,1
425,2021-01-15 06:00:00,Random Forest,6,1.5072787244007495,1.3684593615063554,2020-01-15 06:00:00,2021-01-15 06:00:00,2021-01-15 06:00:00,366,1
426,2021-01-15 06:00:00,Neural Network,6,1.5072787244007495,1.4076768064329919,2020-01-15 06:00:00,2021-01-15 06:00:00,2021-01-15 06:00:00,366,1
427,2021-01-15 06:00:00,Naive,6,1.5072787244007495,1.4075508096940483,2020-01-15 06:00:00,2021-01-15 06:00:00,2021-01-15 06:00:00,366,1
428,2021-01-16 06:00:00,Decision Tree,6,0.9120079383912411,0.7908261414187738,2020-01-16 06:00:00,2021-01-16 06:00:00,2021-01-16 06:00:00,366,1
429,2021-01-16 06:00:00,Random Forest,6,0.9120079383912411,0.8157029789639536,2020-01-16 06:00:00,2021-01-16 06:00:00,2021-01-16 06:00:00,366,1
430,2021-01-16 06:00:00,Neural Network,6,0.9120079383912411,0.9004085245235839,2020-01-16 06:00:00,2021-01-16 06:00:00,2021-01-16 06:00:00,366,1
431,2021-01-16 06:00:00,Naive,6,0.9120079383912411,1.5072787244007495,2020-01-16 06:00:00,2021-01-16 06:00:00,2021-01-16 06:00:00,366,1
432,2021-01-17 06:00:00,Decision Tree,6,0.7832892776117365,0.6710398140747146,2020-01-17 06:00:00,2021-01-17 06:00:00,2021-01-17 06:00:00,366,1
433,2021-01-17 06:00:00,Random Forest,6,0.7832892776117365,0.73292395592152,2020-01-17 06:00:00,2021-01-17 06:00:00,2021-01-17 06:00:00,366,1
434,2021-01-17 06:00:00,Neural Network,6,0.7832892776117365,0.7376563069044464,2020-01-17 06:00:00,2021-01-17 06:00:00,2021-01-17 06:00:00,366,1
435,2021-01-17 06:00:00,Naive,6,0.7832892776117365,0.9120079383912411,2020-01-17 06:00:00,2021-01-17 06:00:00,2021-01-17 06:00:00,366,1
436,2021-01-18 06:00:00,Decision Tree,6,1.4448135337018957,1.3431642237297428,2020-01-18 06:00:00,2021-01-18 06:00:00,2021-01-18 06:00:00,366,1
437,2021-01-18 06:00:00,Random Forest,6,1.4448135337018957,1.3791778498835592,2020-01-18 06:00:00,2021-01-18 06:00:00,2021-01-18 06:00:00,366,1
438,2021-01-18 06:00:00,Neural Network,6,1.4448135337018957,1.042908765512979,2020-01-18 06:00:00,2021-01-18 06:00:00,2021-01-18 06:00:00,366,1
439,2021-01-18 06:00:00,Naive,6,1.4448135337018957,0.7832892776117365,2020-01-18 06:00:00,2021-01-18 06:00:00,2021-01-18 06:00:00,366,1
440,2021-01-19 06:00:00,Decision Tree,6,0.4722924876496542,0.3926028352192911,2020-01-19 06:00:00,2021-01-19 06:00:00,2021-01-19 06:00:00,366,1
441,2021-01-19 06:00:00,Random Forest,6,0.4722924876496542,0.44986169921084385,2020-01-19 06:00:00,2021-01-19 06:00:00,2021-01-19 06:00:00,366,1
442,2021-01-19 06:00:00,Neural Network,6,0.4722924876496542,0.5408717803794755,2020-01-19 06:00:00,2021-01-19 06:00:00,2021-01-19 06:00:00,366,1
443,2021-01-19 06:00:00,Naive,6,0.4722924876496542,1.4448135337018957,2020-01-19 06:00:00,2021-01-19 06:00:00,2021-01-19 06:00:00,366,1
444,2021-01-20 06:00:00,Decision Tree,6,0.02472108367086879,-0.03061486142573121,2020-01-20 06:00:00,2021-01-20 06:00:00,2021-01-20 06:00:00,366,1
445,2021-01-20 06:00:00,Random Forest,6,0.02472108367086879,-0.020047055395274526,2020-01-20 06:00:00,2021-01-20 06:00:00,2021-01-20 06:00:00,366,1
446,2021-01-20 06:00:00,Neural Network,6,0.02472108367086879,-0.11237799983336613,2020-01-20 06:00:00,2021-01-20 06:00:00,2021-01-20 06:00:00,366,1
447,2021-01-20 06:00:00,Naive,6,0.02472108367086879,0.4722924876496542,2020-01-20 06:00:00,2021-01-20 06:00:00,2021-01-20 06:00:00,366,1
448,2021-01-21 06:00:00,Decision Tree,6,-0.568953211858856,-0.5334888629227422,2020-01-21 06:00:00,2021-01-21 06:00:00,2021-01-21 06:00:00,366,1
449,2021-01-21 06:00:00,Random Forest,6,-0.568953211858856,-0.5631058760111676,2020-01-21 06:00:00,2021-01-21 06:00:00,2021-01-21 06:00:00,366,1
450,2021-01-21 06:00:00,Neural Network,6,-0.568953211858856,-0.5758532441009243,2020-01-21 06:00:00,2021-01-21 06:00:00,2021-01-21 06:00:00,366,1
451,2021-01-21 06:00:00,Naive,6,-0.568953211858856,0.02472108367086879,2020-01-21 06:00:00,2021-01-21 06:00:00,2021-01-21 06:00:00,366,1
452,2021-01-22 06:00:00,Decision Tree,6,-0.22826961100427104,-0.22192121039964516,2020-01-22 06:00:00,2021-01-22 06:00:00,2021-01-22 06:00:00,366,1
453,2021-01-22 06:00:00,Random Forest,6,-0.22826961100427104,-0.24001357395156978,2020-01-22 06:00:00,2021-01-22 06:00:00,2021-01-22 06:00:00,366,1
454,2021-01-22 06:00:00,Neural Network,6,-0.22826961100427104,-0.3981199345359254,2020-01-22 06:00:00,2021-01-22 06:00:00,2021-01-22 06:00:00,366,1
455,2021-01-22 06:00:00,Naive,6,-0.22826961100427104,-0.568953211858856,2020-01-22 06:00:00,2021-01-22 06:00:00,2021-01-22 06:00:00,366,1
456,2021-01-23 06:00:00,Decision Tree,6,0.5333291461412337,0.48901202237028374,2020-01-23 06:00:00,2021-01-23 06:00:00,2021-01-23 06:00:00,366,1
457,2021-01-23 06:00:00,Random Forest,6,0.5333291461412337,0.5050475505585884,2020-01-23 06:00:00,2021-01-23 06:00:00,2021-01-23 06:00:00,366,1
458,2021-01-23 06:00:00,Neural Network,6,0.5333291461412337,0.75656794223587,2020-01-23 06:00:00,2021-01-23 06:00:00,2021-01-23 06:00:00,366,1
459,2021-01-23 06:00:00,Naive,6,0.5333291461412337,-0.22826961100427104,2020-01-23 06:00:00,2021-01-23 06:00:00,2021-01-23 06:00:00,366,1
460,2021-01-24 06:00:00,Decision Tree,6,0.4053694239543321,0.3081668308222097,2020-01-24 06:00:00,2021-01-24 06:00:00,2021-01-24 06:00:00,366,1
461,2021-01-24 06:00:00,Random Forest,6,0.4053694239543321,0.32375012860856334,2020-01-24 06:00:00,2021-01-24 06:00:00,2021-01-24 06:00:00,366,1
462,2021-01-24 06:00:00,Neural Network,6,0.4053694239543321,0.5634169265459807,2020-01-24 06:00:00,2021-01-24 06:00:00,2021-01-24 06:00:00,366,1
463,2021-01-24 06:00:00,Naive,6,0.4053694239543321,0.5333291461412337,2020-01-24 06:00:00,2021-01-24 06:00:00,2021-01-24 06:00:00,366,1
464,2021-01-25 06:00:00,Decision Tree,6,1.4775621051178338,1.3544585915044263,2020-01-25 06:00:00,2021-01-25 06:00:00,2021-01-25 06:00:00,366,1
465,2021-01-25 06:00:00,Random Forest,6,1.4775621051178338,1.4141982508737378,2020-01-25 06:00:00,2021-01-25 06:00:00,2021-01-25 06:00:00,366,1
466,2021-01-25 06:00:00,Neural Network,6,1.4775621051178338,1.180233093837579,2020-01-25 06:00:00,2021-01-25 06:00:00,2021-01-25 06:00:00,366,1
467,2021-01-25 06:00:00,Naive,6,1.4775621051178338,0.4053694239543321,2020-01-25 06:00:00,2021-01-25 06:00:00,2021-01-25 06:00:00,366,1
468,2021-01-26 06:00:00,Decision Tree,6,1.3101313204344829,1.3857600169994462,2020-01-26 06:00:00,2021-01-26 06:00:00,2021-01-26 06:00:00,366,1
469,2021-01-26 06:00:00,Random Forest,6,1.3101313204344829,1.3398008942708757,2020-01-26 06:00:00,2021-01-26 06:00:00,2021-01-26 06:00:00,366,1
470,2021-01-26 06:00:00,Neural Network,6,1.3101313204344829,1.3787162067353065,2020-01-26 06:00:00,2021-01-26 06:00:00,2021-01-26 06:00:00,366,1
471,2021-01-26 06:00:00,Naive,6,1.3101313204344829,1.4775621051178338,2020-01-26 06:00:00,2021-01-26 06:00:00,2021-01-26 06:00:00,366,1
472,2021-01-27 06:00:00,Decision Tree,6,1.0426585321630744,0.8738673774352861,2020-01-27 06:00:00,2021-01-27 06:00:00,2021-01-27 06:00:00,366,1
473,2021-01-27 06:00:00,Random Forest,6,1.0426585321630744,0.9790553586280707,2020-01-27 06:00:00,2021-01-27 06:00:00,2021-01-27 06:00:00,366,1
474,2021-01-27 06:00:00,Neural Network,6,1.0426585321630744,1.1028539912565376,2020-01-27 06:00:00,2021-01-27 06:00:00,2021-01-27 06:00:00,366,1
475,2021-01-27 06:00:00,Naive,6,1.0426585321630744,1.3101313204344829,2020-01-27 06:00:00,2021-01-27 06:00:00,2021-01-27 06:00:00,366,1
476,2021-01-28 06:00:00,Decision Tree,6,1.1483434648706252,1.1083854161591575,2020-01-28 06:00:00,2021-01-28 06:00:00,2021-01-28 06:00:00,366,1
477,2021-01-28 06:00:00,Random Forest,6,1.1483434648706252,1.10025988033032,2020-01-28 06:00:00,2021-01-28 06:00:00,2021-01-28 06:00:00,366,1
478,2021-01-28 06:00:00,Neural Network,6,1.1483434648706252,1.259778702161523,2020-01-28 06:00:00,2021-01-28 06:00:00,2021-01-28 06:00:00,366,1
479,2021-01-28 06:00:00,Naive,6,1.1483434648706252,1.0426585321630744,2020-01-28 06:00:00,2021-01-28 06:00:00,2021-01-28 06:00:00,366,1
480,2021-01-29 06:00:00,Decision Tree,6,0.6996341237744584,0.5866541527150667,2020-01-29 06:00:00,2021-01-29 06:00:00,2021-01-29 06:00:00,366,1
481,2021-01-29 06:00:00,Random Forest,6,0.6996341237744584,0.5964168700350126,2020-01-29 06:00:00,2021-01-29 06:00:00,2021-01-29 06:00:00,366,1
482,2021-01-29 06:00:00,Neural Network,6,0.6996341237744584,0.8250732307707731,2020-01-29 06:00:00,2021-01-29 06:00:00,2021-01-29 06:00:00,366,1
483,2021-01-29 06:00:00,Naive,6,0.6996341237744584,1.1483434648706252,2020-01-29 06:00:00,2021-01-29 06:00:00,2021-01-29 06:00:00,366,1
484,2021-01-30 06:00:00,Decision Tree,6,0.44068459351401745,0.4045110787611364,2020-01-30 06:00:00,2021-01-30 06:00:00,2021-01-30 06:00:00,366,1
485,2021-01-30 06:00:00,Random Forest,6,0.44068459351401745,0.3921204129144108,2020-01-30 06:00:00,2021-01-30 06:00:00,2021-01-30 06:00:00,366,1
486,2021-01-30 06:00:00,Neural Network,6,0.44068459351401745,0.5865083278268555,2020-01-30 06:00:00,2021-01-30 06:00:00,2021-01-30 06:00:00,366,1
487,2021-01-30 06:00:00,Naive,6,0.44068459351401745,0.6996341237744584,2020-01-30 06:00:00,2021-01-30 06:00:00,2021-01-30 06:00:00,366,1
488,2021-01-31 06:00:00,Decision Tree,6,0.39064869294442023,0.34555254189560786,2020-01-31 06:00:00,2021-01-31 06:00:00,2021-01-31 06:00:00,366,1
489,2021-01-31 06:00:00,Random Forest,6,0.39064869294442023,0.3404548921920981,2020-01-31 06:00:00,2021-01-31 06:00:00,2021-01-31 06:00:00,366,1
490,2021-01-31 06:00:00,Neural Network,6,0.39064869294442023,0.3950043898001768,2020-01-31 06:00:00,2021-01-31 06:00:00,2021-01-31 06:00:00,366,1
491,2021-01-31 06:00:00,Naive,6,0.39064869294442023,0.44068459351401745,2020-01-31 06:00:00,2021-01-31 06:00:00,2021-01-31 06:00:00,366,1
492,2021-02-01 06:00:00,Decision Tree,6,1.1690595013974372,1.1133801722480907,2020-02-01 06:00:00,2021-02-01 06:00:00,2021-02-01 06:00:00,366,1
493,2021-02-01 06:00:00,Random Forest,6,1.1690595013974372,1.115229590823173,2020-02-01 06:00:00,2021-02-01 06:00:00,2021-02-01 06:00:00,366,1
494,2021-02-01 06:00:00,Neural Network,6,1.1690595013974372,0.6937818769160287,2020-02-01 06:00:00,2021-02-01 06:00:00,2021-02-01 06:00:00,366,1
495,2021-02-01 06:00:00,Naive,6,1.1690595013974372,0.39064869294442023,2020-02-01 06:00:00,2021-02-01 06:00:00,2021-02-01 06:00:00,366,1
496,2021-02-02 06:00:00,Decision Tree,6,1.342398486887103,1.302910993689981,2020-02-02 06:00:00,2021-02-02 06:00:00,2021-02-02 06:00:00,366,1
497,2021-02-02 06:00:00,Random Forest,6,1.342398486887103,1.3256664186575886,2020-02-02 06:00:00,2021-02-02 06:00:00,2021-02-02 06:00:00,366,1
498,2021-02-02 06:00:00,Neural Network,6,1.342398486887103,1.2514333794788635,2020-02-02 06:00:00,2021-02-02 06:00:00,2021-02-02 06:00:00,366,1
499,2021-02-02 06:00:00,Naive,6,1.342398486887103,1.1690595013974372,2020-02-02 06:00:00,2021-02-02 06:00:00,2021-02-02 06:00:00,366,1
500,2021-02-03 06:00:00,Decision Tree,6,0.44973130420032464,0.418927425144929,2020-02-03 06:00:00,2021-02-03 06:00:00,2021-02-03 06:00:00,366,1
501,2021-02-03 06:00:00,Random Forest,6,0.44973130420032464,0.4363904304188122,2020-02-03 06:00:00,2021-02-03 06:00:00,2021-02-03 06:00:00,366,1
502,2021-02-03 06:00:00,Neural Network,6,0.44973130420032464,0.7093808776236894,2020-02-03 06:00:00,2021-02-03 06:00:00,2021-02-03 06:00:00,366,1
503,2021-02-03 06:00:00,Naive,6,0.44973130420032464,1.342398486887103,2020-02-03 06:00:00,2021-02-03 06:00:00,2021-02-03 06:00:00,366,1
504,2021-02-04 06:00:00,Decision Tree,6,0.893457791272188,0.7866034992114909,2020-02-04 06:00:00,2021-02-04 06:00:00,2021-02-04 06:00:00,366,1
505,2021-02-04 06:00:00,Random Forest,6,0.893457791272188,0.799886982120063,2020-02-04 06:00:00,2021-02-04 06:00:00,2021-02-04 06:00:00,366,1
506,2021-02-04 06:00:00,Neural Network,6,0.893457791272188,0.8255746089320933,2020-02-04 06:00:00,2021-02-04 06:00:00,2021-02-04 06:00:00,366,1
507,2021-02-04 06:00:00,Naive,6,0.893457791272188,0.44973130420032464,2020-02-04 06:00:00,2021-02-04 06:00:00,2021-02-04 06:00:00,366,1
508,2021-02-05 06:00:00,Decision Tree,6,1.0042780273062477,0.8704294770664258,2020-02-05 06:00:00,2021-02-05 06:00:00,2021-02-05 06:00:00,366,1
509,2021-02-05 06:00:00,Random Forest,6,1.0042780273062477,0.9254667639080647,2020-02-05 06:00:00,2021-02-05 06:00:00,2021-02-05 06:00:00,366,1
510,2021-02-05 06:00:00,Neural Network,6,1.0042780273062477,0.9497561871499189,2020-02-05 06:00:00,2021-02-05 06:00:00,2021-02-05 06:00:00,366,1
511,2021-02-05 06:00:00,Naive,6,1.0042780273062477,0.893457791272188,2020-02-05 06:00:00,2021-02-05 06:00:00,2021-02-05 06:00:00,366,1
512,2021-02-06 06:00:00,Decision Tree,6,0.000387861266570223,0.010414198121094434,2020-02-06 06:00:00,2021-02-06 06:00:00,2021-02-06 06:00:00,366,1
513,2021-02-06 06:00:00,Random Forest,6,0.000387861266570223,-0.03297340777471135,2020-02-06 06:00:00,2021-02-06 06:00:00,2021-02-06 06:00:00,366,1
514,2021-02-06 06:00:00,Neural Network,6,0.000387861266570223,-0.49614155512226665,2020-02-06 06:00:00,2021-02-06 06:00:00,2021-02-06 06:00:00,366,1
515,2021-02-06 06:00:00,Naive,6,0.000387861266570223,1.0042780273062477,2020-02-06 06:00:00,2021-02-06 06:00:00,2021-02-06 06:00:00,366,1
516,2021-02-07 06:00:00,Decision Tree,6,-1.828123638176625,-1.717328667673892,2020-02-07 06:00:00,2021-02-07 06:00:00,2021-02-07 06:00:00,366,1
517,2021-02-07 06:00:00,Random Forest,6,-1.828123638176625,-1.785705209083017,2020-02-07 06:00:00,2021-02-07 06:00:00,2021-02-07 06:00:00,366,1
518,2021-02-07 06:00:00,Neural Network,6,-1.828123638176625,-1.422996663484482,2020-02-07 06:00:00,2021-02-07 06:00:00,2021-02-07 06:00:00,366,1
519,2021-02-07 06:00:00,Naive,6,-1.828123638176625,0.000387861266570223,2020-02-07 06:00:00,2021-02-07 06:00:00,2021-02-07 06:00:00,366,1
520,2021-02-08 06:00:00,Decision Tree,6,0.6393573223727292,0.6308638896011323,2020-02-08 06:00:00,2021-02-08 06:00:00,2021-02-08 06:00:00,366,1
521,2021-02-08 06:00:00,Random Forest,6,0.6393573223727292,0.6122641177146675,2020-02-08 06:00:00,2021-02-08 06:00:00,2021-02-08 06:00:00,366,1
522,2021-02-08 06:00:00,Neural Network,6,0.6393573223727292,0.508831453010707,2020-02-08 06:00:00,2021-02-08 06:00:00,2021-02-08 06:00:00,366,1
523,2021-02-08 06:00:00,Naive,6,0.6393573223727292,-1.828123638176625,2020-02-08 06:00:00,2021-02-08 06:00:00,2021-02-08 06:00:00,366,1
524,2021-02-09 06:00:00,Decision Tree,6,1.341706611195156,1.309492242556168,2020-02-09 06:00:00,2021-02-09 06:00:00,2021-02-09 06:00:00,366,1
525,2021-02-09 06:00:00,Random Forest,6,1.341706611195156,1.327643292939792,2020-02-09 06:00:00,2021-02-09 06:00:00,2021-02-09 06:00:00,366,1
526,2021-02-09 06:00:00,Neural Network,6,1.341706611195156,1.3520120911343192,2020-02-09 06:00:00,2021-02-09 06:00:00,2021-02-09 06:00:00,366,1
527,2021-02-09 06:00:00,Naive,6,1.341706611195156,0.6393573223727292,2020-02-09 06:00:00,2021-02-09 06:00:00,2021-02-09 06:00:00,366,1
528,2021-02-10 06:00:00,Decision Tree,6,1.407799603225703,1.3140942952188805,2020-02-10 06:00:00,2021-02-10 06:00:00,2021-02-10 06:00:00,366,1
529,2021-02-10 06:00:00,Random Forest,6,1.407799603225703,1.3618537176734722,2020-02-10 06:00:00,2021-02-10 06:00:00,2021-02-10 06:00:00,366,1
530,2021-02-10 06:00:00,Neural Network,6,1.407799603225703,1.311548467533843,2020-02-10 06:00:00,2021-02-10 06:00:00,2021-02-10 06:00:00,366,1
531,2021-02-10 06:00:00,Naive,6,1.407799603225703,1.341706611195156,2020-02-10 06:00:00,2021-02-10 06:00:00,2021-02-10 06:00:00,366,1
532,2021-02-11 06:00:00,Decision Tree,6,1.7408594657493337,1.4458693513675493,2020-02-11 06:00:00,2021-02-11 06:00:00,2021-02-11 06:00:00,366,1
533,2021-02-11 06:00:00,Random Forest,6,1.7408594657493337,1.4548506374724048,2020-02-11 06:00:00,2021-02-11 06:00:00,2021-02-11 06:00:00,366,1
534,2021-02-11 06:00:00,Neural Network,6,1.7408594657493337,1.6902585787278261,2020-02-11 06:00:00,2021-02-11 06:00:00,2021-02-11 06:00:00,366,1
535,2021-02-11 06:00:00,Naive,6,1.7408594657493337,1.407799603225703,2020-02-11 06:00:00,2021-02-11 06:00:00,2021-02-11 06:00:00,366,1
536,2021-02-12 06:00:00,Decision Tree,6,1.505374559121427,1.5201450322069756,2020-02-12 06:00:00,2021-02-12 06:00:00,2021-02-12 06:00:00,366,1
537,2021-02-12 06:00:00,Random Forest,6,1.505374559121427,1.5260832538721942,2020-02-12 06:00:00,2021-02-12 06:00:00,2021-02-12 06:00:00,366,1
538,2021-02-12 06:00:00,Neural Network,6,1.505374559121427,1.4078375963881267,2020-02-12 06:00:00,2021-02-12 06:00:00,2021-02-12 06:00:00,366,1
539,2021-02-12 06:00:00,Naive,6,1.505374559121427,1.7408594657493337,2020-02-12 06:00:00,2021-02-12 06:00:00,2021-02-12 06:00:00,366,1
540,2021-02-13 06:00:00,Decision Tree,6,0.7409446754114268,0.7048675071843719,2020-02-13 06:00:00,2021-02-13 06:00:00,2021-02-13 06:00:00,366,1
541,2021-02-13 06:00:00,Random Forest,6,0.7409446754114268,0.7007547877581983,2020-02-13 06:00:00,2021-02-13 06:00:00,2021-02-13 06:00:00,366,1
542,2021-02-13 06:00:00,Neural Network,6,0.7409446754114268,0.8878518500408599,2020-02-13 06:00:00,2021-02-13 06:00:00,2021-02-13 06:00:00,366,1
543,2021-02-13 06:00:00,Naive,6,0.7409446754114268,1.505374559121427,2020-02-13 06:00:00,2021-02-13 06:00:00,2021-02-13 06:00:00,366,1
544,2021-02-14 06:00:00,Decision Tree,6,0.5370442929688488,0.5147328209791067,2020-02-14 06:00:00,2021-02-14 06:00:00,2021-02-14 06:00:00,366,1
545,2021-02-14 06:00:00,Random Forest,6,0.5370442929688488,0.4947369443656558,2020-02-14 06:00:00,2021-02-14 06:00:00,2021-02-14 06:00:00,366,1
546,2021-02-14 06:00:00,Neural Network,6,0.5370442929688488,0.5711471556351675,2020-02-14 06:00:00,2021-02-14 06:00:00,2021-02-14 06:00:00,366,1
547,2021-02-14 06:00:00,Naive,6,0.5370442929688488,0.7409446754114268,2020-02-14 06:00:00,2021-02-14 06:00:00,2021-02-14 06:00:00,366,1
548,2021-02-15 06:00:00,Decision Tree,6,0.7956702550682084,0.786603499211491,2020-02-15 06:00:00,2021-02-15 06:00:00,2021-02-15 06:00:00,366,1
549,2021-02-15 06:00:00,Random Forest,6,0.7956702550682084,0.7683434477368828,2020-02-15 06:00:00,2021-02-15 06:00:00,2021-02-15 06:00:00,366,1
550,2021-02-15 06:00:00,Neural Network,6,0.7956702550682084,0.7651904546309021,2020-02-15 06:00:00,2021-02-15 06:00:00,2021-02-15 06:00:00,366,1
551,2021-02-15 06:00:00,Naive,6,0.7956702550682084,0.5370442929688488,2020-02-15 06:00:00,2021-02-15 06:00:00,2021-02-15 06:00:00,366,1
552,2021-02-16 06:00:00,Decision Tree,6,0.9985905127388234,0.9822436070767916,2020-02-16 06:00:00,2021-02-16 06:00:00,2021-02-16 06:00:00,366,1
553,2021-02-16 06:00:00,Random Forest,6,0.9985905127388234,0.9847059254692738,2020-02-16 06:00:00,2021-02-16 06:00:00,2021-02-16 06:00:00,366,1
554,2021-02-16 06:00:00,Neural Network,6,0.9985905127388234,1.0239242800788098,2020-02-16 06:00:00,2021-02-16 06:00:00,2021-02-16 06:00:00,366,1
555,2021-02-16 06:00:00,Naive,6,0.9985905127388234,0.7956702550682084,2020-02-16 06:00:00,2021-02-16 06:00:00,2021-02-16 06:00:00,366,1
556,2021-02-17 06:00:00,Decision Tree,6,0.40295123207414085,0.3371397767521976,2020-02-17 06:00:00,2021-02-17 06:00:00,2021-02-17 06:00:00,366,1
557,2021-02-17 06:00:00,Random Forest,6,0.40295123207414085,0.3893446951987879,2020-02-17 06:00:00,2021-02-17 06:00:00,2021-02-17 06:00:00,366,1
558,2021-02-17 06:00:00,Neural Network,6,0.40295123207414085,0.4445193375660952,2020-02-17 06:00:00,2021-02-17 06:00:00,2021-02-17 06:00:00,366,1
559,2021-02-17 06:00:00,Naive,6,0.40295123207414085,0.9985905127388234,2020-02-17 06:00:00,2021-02-17 06:00:00,2021-02-17 06:00:00,366,1
560,2021-02-18 06:00:00,Decision Tree,6,0.7531102744054516,0.7974529690983999,2020-02-18 06:00:00,2021-02-18 06:00:00,2021-02-18 06:00:00,366,1
561,2021-02-18 06:00:00,Random Forest,6,0.7531102744054516,0.7506017960163979,2020-02-18 06:00:00,2021-02-18 06:00:00,2021-02-18 06:00:00,366,1
562,2021-02-18 06:00:00,Neural Network,6,0.7531102744054516,0.8211796008262862,2020-02-18 06:00:00,2021-02-18 06:00:00,2021-02-18 06:00:00,366,1
563,2021-02-18 06:00:00,Naive,6,0.7531102744054516,0.40295123207414085,2020-02-18 06:00:00,2021-02-18 06:00:00,2021-02-18 06:00:00,366,1
564,2021-02-19 06:00:00,Decision Tree,6,0.6084891893524965,0.6375481302766863,2020-02-19 06:00:00,2021-02-19 06:00:00,2021-02-19 06:00:00,366,1
565,2021-02-19 06:00:00,Random Forest,6,0.6084891893524965,0.5652332494124022,2020-02-19 06:00:00,2021-02-19 06:00:00,2021-02-19 06:00:00,366,1
566,2021-02-19 06:00:00,Neural Network,6,0.6084891893524965,0.5837854840949415,2020-02-19 06:00:00,2021-02-19 06:00:00,2021-02-19 06:00:00,366,1
567,2021-02-19 06:00:00,Naive,6,0.6084891893524965,0.7531102744054516,2020-02-19 06:00:00,2021-02-19 06:00:00,2021-02-19 06:00:00,366,1
568,2021-02-20 06:00:00,Decision Tree,6,-0.013104016868576212,-0.039523378370136024,2020-02-20 06:00:00,2021-02-20 06:00:00,2021-02-20 06:00:00,366,1
569,2021-02-20 06:00:00,Random Forest,6,-0.013104016868576212,-0.06313839850752556,2020-02-20 06:00:00,2021-02-20 06:00:00,2021-02-20 06:00:00,366,1
570,2021-02-20 06:00:00,Neural Network,6,-0.013104016868576212,0.07190280563000156,2020-02-20 06:00:00,2021-02-20 06:00:00,2021-02-20 06:00:00,366,1
571,2021-02-20 06:00:00,Naive,6,-0.013104016868576212,0.6084891893524965,2020-02-20 06:00:00,2021-02-20 06:00:00,2021-02-20 06:00:00,366,1
572,2021-02-21 06:00:00,Decision Tree,6,-1.0424430528332838,-0.9779959508455134,2020-02-21 06:00:00,2021-02-21 06:00:00,2021-02-21 06:00:00,366,1
573,2021-02-21 06:00:00,Random Forest,6,-1.0424430528332838,-1.0123492130537064,2020-02-21 06:00:00,2021-02-21 06:00:00,2021-02-21 06:00:00,366,1
574,2021-02-21 06:00:00,Neural Network,6,-1.0424430528332838,-0.7671831935051573,2020-02-21 06:00:00,2021-02-21 06:00:00,2021-02-21 06:00:00,366,1
575,2021-02-21 06:00:00,Naive,6,-1.0424430528332838,-0.013104016868576212,2020-02-21 06:00:00,2021-02-21 06:00:00,2021-02-21 06:00:00,366,1
576,2021-02-22 06:00:00,Decision Tree,6,0.9513822917673757,0.8570456369112398,2020-02-22 06:00:00,2021-02-22 06:00:00,2021-02-22 06:00:00,366,1
577,2021-02-22 06:00:00,Random Forest,6,0.9513822917673757,0.8782117287831155,2020-02-22 06:00:00,2021-02-22 06:00:00,2021-02-22 06:00:00,366,1
578,2021-02-22 06:00:00,Neural Network,6,0.9513822917673757,0.8736350544560201,2020-02-22 06:00:00,2021-02-22 06:00:00,2021-02-22 06:00:00,366,1
579,2021-02-22 06:00:00,Naive,6,0.9513822917673757,-1.0424430528332838,2020-02-22 06:00:00,2021-02-22 06:00:00,2021-02-22 06:00:00,366,1
580,2021-02-23 06:00:00,Decision Tree,6,0.5792534963025485,0.5317304296694261,2020-02-23 06:00:00,2021-02-23 06:00:00,2021-02-23 06:00:00,366,1
581,2021-02-23 06:00:00,Random Forest,6,0.5792534963025485,0.521871773039747,2020-02-23 06:00:00,2021-02-23 06:00:00,2021-02-23 06:00:00,366,1
582,2021-02-23 06:00:00,Neural Network,6,0.5792534963025485,0.6976211641446545,2020-02-23 06:00:00,2021-02-23 06:00:00,2021-02-23 06:00:00,366,1
583,2021-02-23 06:00:00,Naive,6,0.5792534963025485,0.9513822917673757,2020-02-23 06:00:00,2021-02-23 06:00:00,2021-02-23 06:00:00,366,1
584,2021-02-24 06:00:00,Decision Tree,6,0.22735540932329595,0.1082447591631736,2020-02-24 06:00:00,2021-02-24 06:00:00,2021-02-24 06:00:00,366,1
585,2021-02-24 06:00:00,Random Forest,6,0.22735540932329595,0.16742015204090369,2020-02-24 06:00:00,2021-02-24 06:00:00,2021-02-24 06:00:00,366,1
586,2021-02-24 06:00:00,Neural Network,6,0.22735540932329595,0.2522053925061932,2020-02-24 06:00:00,2021-02-24 06:00:00,2021-02-24 06:00:00,366,1
587,2021-02-24 06:00:00,Naive,6,0.22735540932329595,0.5792534963025485,2020-02-24 06:00:00,2021-02-24 06:00:00,2021-02-24 06:00:00,366,1
588,2021-02-25 06:00:00,Decision Tree,6,0.5753138568026385,0.5177359187029401,2020-02-25 06:00:00,2021-02-25 06:00:00,2021-02-25 06:00:00,366,1
589,2021-02-25 06:00:00,Random Forest,6,0.5753138568026385,0.526953803451977,2020-02-25 06:00:00,2021-02-25 06:00:00,2021-02-25 06:00:00,366,1
590,2021-02-25 06:00:00,Neural Network,6,0.5753138568026385,0.5590797822368225,2020-02-25 06:00:00,2021-02-25 06:00:00,2021-02-25 06:00:00,366,1
591,2021-02-25 06:00:00,Naive,6,0.5753138568026385,0.22735540932329595,2020-02-25 06:00:00,2021-02-25 06:00:00,2021-02-25 06:00:00,366,1
592,2021-02-26 06:00:00,Decision Tree,6,1.180797496303704,1.0517748722022096,2020-02-26 06:00:00,2021-02-26 06:00:00,2021-02-26 06:00:00,366,1
593,2021-02-26 06:00:00,Random Forest,6,1.180797496303704,1.1302372990284064,2020-02-26 06:00:00,2021-02-26 06:00:00,2021-02-26 06:00:00,366,1
594,2021-02-26 06:00:00,Neural Network,6,1.180797496303704,0.9628712919753948,2020-02-26 06:00:00,2021-02-26 06:00:00,2021-02-26 06:00:00,366,1
595,2021-02-26 06:00:00,Naive,6,1.180797496303704,0.5753138568026385,2020-02-26 06:00:00,2021-02-26 06:00:00,2021-02-26 06:00:00,366,1
596,2021-02-27 06:00:00,Decision Tree,6,0.5910706243145766,0.5562316099672593,2020-02-27 06:00:00,2021-02-27 06:00:00,2021-02-27 06:00:00,366,1
597,2021-02-27 06:00:00,Random Forest,6,0.5910706243145766,0.5442739013269626,2020-02-27 06:00:00,2021-02-27 06:00:00,2021-02-27 06:00:00,366,1
598,2021-02-27 06:00:00,Neural Network,6,0.5910706243145766,0.56379099323944,2020-02-27 06:00:00,2021-02-27 06:00:00,2021-02-27 06:00:00,366,1
599,2021-02-27 06:00:00,Naive,6,0.5910706243145766,1.180797496303704,2020-02-27 06:00:00,2021-02-27 06:00:00,2021-02-27 06:00:00,366,1
600,2021-02-28 06:00:00,Decision Tree,6,0.3651805325653786,0.31268075865458833,2020-02-28 06:00:00,2021-02-28 06:00:00,2021-02-28 06:00:00,366,1
601,2021-02-28 06:00:00,Random Forest,6,0.3651805325653786,0.3321619203199409,2020-02-28 06:00:00,2021-02-28 06:00:00,2021-02-28 06:00:00,366,1
602,2021-02-28 06:00:00,Neural Network,6,0.3651805325653786,0.4249322885573529,2020-02-28 06:00:00,2021-02-28 06:00:00,2021-02-28 06:00:00,366,1
603,2021-02-28 06:00:00,Naive,6,0.3651805325653786,0.5910706243145766,2020-02-28 06:00:00,2021-02-28 06:00:00,2021-02-28 06:00:00,366,1
604,2021-03-01 06:00:00,Decision Tree,6,1.3076599653853436,1.3148496503981284,2020-03-01 06:00:00,2021-03-01 06:00:00,2021-03-01 06:00:00,365,1
605,2021-03-01 06:00:00,Random Forest,6,1.3076599653853436,1.2999203640127033,2020-03-01 06:00:00,2021-03-01 06:00:00,2021-03-01 06:00:00,365,1
606,2021-03-01 06:00:00,Neural Network,6,1.3076599653853436,1.0944271808333579,2020-03-01 06:00:00,2021-03-01 06:00:00,2021-03-01 06:00:00,365,1
607,2021-03-01 06:00:00,Naive,6,1.3076599653853436,0.3651805325653786,2020-03-01 06:00:00,2021-03-01 06:00:00,2021-03-01 06:00:00,365,1
608,2021-03-02 06:00:00,Decision Tree,6,1.2446692391117005,1.0703517270392755,2020-03-02 06:00:00,2021-03-02 06:00:00,2021-03-02 06:00:00,365,1
609,2021-03-02 06:00:00,Random Forest,6,1.2446692391117005,1.1999832147249259,2020-03-02 06:00:00,2021-03-02 06:00:00,2021-03-02 06:00:00,365,1
610,2021-03-02 06:00:00,Neural Network,6,1.2446692391117005,1.1327870293079776,2020-03-02 06:00:00,2021-03-02 06:00:00,2021-03-02 06:00:00,365,1
611,2021-03-02 06:00:00,Naive,6,1.2446692391117005,1.3076599653853436,2020-03-02 06:00:00,2021-03-02 06:00:00,2021-03-02 06:00:00,365,1
612,2021-03-03 06:00:00,Decision Tree,6,1.3652825975153513,1.3136513695626642,2020-03-03 06:00:00,2021-03-03 06:00:00,2021-03-03 06:00:00,365,1
613,2021-03-03 06:00:00,Random Forest,6,1.3652825975153513,1.3140596484023572,2020-03-03 06:00:00,2021-03-03 06:00:00,2021-03-03 06:00:00,365,1
614,2021-03-03 06:00:00,Neural Network,6,1.3652825975153513,1.3095339162854018,2020-03-03 06:00:00,2021-03-03 06:00:00,2021-03-03 06:00:00,365,1
615,2021-03-03 06:00:00,Naive,6,1.3652825975153513,1.2446692391117005,2020-03-03 06:00:00,2021-03-03 06:00:00,2021-03-03 06:00:00,365,1
616,2021-03-04 06:00:00,Decision Tree,6,1.2403865239002019,1.1877437954692245,2020-03-04 06:00:00,2021-03-04 06:00:00,2021-03-04 06:00:00,365,1
617,2021-03-04 06:00:00,Random Forest,6,1.2403865239002019,1.2285662715413121,2020-03-04 06:00:00,2021-03-04 06:00:00,2021-03-04 06:00:00,365,1
618,2021-03-04 06:00:00,Neural Network,6,1.2403865239002019,1.1973006514805946,2020-03-04 06:00:00,2021-03-04 06:00:00,2021-03-04 06:00:00,365,1
619,2021-03-04 06:00:00,Naive,6,1.2403865239002019,1.3652825975153513,2020-03-04 06:00:00,2021-03-04 06:00:00,2021-03-04 06:00:00,365,1
620,2021-03-05 06:00:00,Decision Tree,6,1.299112199400747,1.317985035237567,2020-03-05 06:00:00,2021-03-05 06:00:00,2021-03-05 06:00:00,365,1
621,2021-03-05 06:00:00,Random Forest,6,1.299112199400747,1.311071615125188,2020-03-05 06:00:00,2021-03-05 06:00:00,2021-03-05 06:00:00,365,1
622,2021-03-05 06:00:00,Neural Network,6,1.299112199400747,1.2935594526613061,2020-03-05 06:00:00,2021-03-05 06:00:00,2021-03-05 06:00:00,365,1
623,2021-03-05 06:00:00,Naive,6,1.299112199400747,1.2403865239002019,2020-03-05 06:00:00,2021-03-05 06:00:00,2021-03-05 06:00:00,365,1
624,2021-03-06 06:00:00,Decision Tree,6,0.45601924826628426,0.42146223605733335,2020-03-06 06:00:00,2021-03-06 06:00:00,2021-03-06 06:00:00,365,1
625,2021-03-06 06:00:00,Random Forest,6,0.45601924826628426,0.43746084006796193,2020-03-06 06:00:00,2021-03-06 06:00:00,2021-03-06 06:00:00,365,1
626,2021-03-06 06:00:00,Neural Network,6,0.45601924826628426,0.5184244512016711,2020-03-06 06:00:00,2021-03-06 06:00:00,2021-03-06 06:00:00,365,1
627,2021-03-06 06:00:00,Naive,6,0.45601924826628426,1.299112199400747,2020-03-06 06:00:00,2021-03-06 06:00:00,2021-03-06 06:00:00,365,1
628,2021-03-07 06:00:00,Decision Tree,6,0.7030116439331768,0.5808913484786602,2020-03-07 06:00:00,2021-03-07 06:00:00,2021-03-07 06:00:00,365,1
629,2021-03-07 06:00:00,Random Forest,6,0.7030116439331768,0.6049475863809707,2020-03-07 06:00:00,2021-03-07 06:00:00,2021-03-07 06:00:00,365,1
630,2021-03-07 06:00:00,Neural Network,6,0.7030116439331768,0.5661686411605693,2020-03-07 06:00:00,2021-03-07 06:00:00,2021-03-07 06:00:00,365,1
631,2021-03-07 06:00:00,Naive,6,0.7030116439331768,0.45601924826628426,2020-03-07 06:00:00,2021-03-07 06:00:00,2021-03-07 06:00:00,365,1
632,2021-03-08 06:00:00,Decision Tree,6,1.5307000155550616,1.535177677618248,2020-03-08 06:00:00,2021-03-08 06:00:00,2021-03-08 06:00:00,365,1
633,2021-03-08 06:00:00,Random Forest,6,1.5307000155550616,1.5223045309548533,2020-03-08 06:00:00,2021-03-08 06:00:00,2021-03-08 06:00:00,365,1
634,2021-03-08 06:00:00,Neural Network,6,1.5307000155550616,1.3818233018869301,2020-03-08 06:00:00,2021-03-08 06:00:00,2021-03-08 06:00:00,365,1
635,2021-03-08 06:00:00,Naive,6,1.5307000155550616,0.7030116439331768,2020-03-08 06:00:00,2021-03-08 06:00:00,2021-03-08 06:00:00,365,1
636,2021-03-09 06:00:00,Decision Tree,6,1.4575013969113577,1.5344314006077167,2020-03-09 06:00:00,2021-03-09 06:00:00,2021-03-09 06:00:00,365,1
637,2021-03-09 06:00:00,Random Forest,6,1.4575013969113577,1.4837014931457202,2020-03-09 06:00:00,2021-03-09 06:00:00,2021-03-09 06:00:00,365,1
638,2021-03-09 06:00:00,Neural Network,6,1.4575013969113577,1.4584697794969728,2020-03-09 06:00:00,2021-03-09 06:00:00,2021-03-09 06:00:00,365,1
639,2021-03-09 06:00:00,Naive,6,1.4575013969113577,1.5307000155550616,2020-03-09 06:00:00,2021-03-09 06:00:00,2021-03-09 06:00:00,365,1
640,2021-03-10 06:00:00,Decision Tree,6,1.352770306138454,1.3539077182348724,2020-03-10 06:00:00,2021-03-10 06:00:00,2021-03-10 06:00:00,365,1
641,2021-03-10 06:00:00,Random Forest,6,1.352770306138454,1.324141020399518,2020-03-10 06:00:00,2021-03-10 06:00:00,2021-03-10 06:00:00,365,1
642,2021-03-10 06:00:00,Neural Network,6,1.352770306138454,1.2985626962009955,2020-03-10 06:00:00,2021-03-10 06:00:00,2021-03-10 06:00:00,365,1
643,2021-03-10 06:00:00,Naive,6,1.352770306138454,1.4575013969113577,2020-03-10 06:00:00,2021-03-10 06:00:00,2021-03-10 06:00:00,365,1
644,2021-03-11 06:00:00,Decision Tree,6,-0.7379491338884557,-0.7158062541520304,2020-03-11 06:00:00,2021-03-11 06:00:00,2021-03-11 06:00:00,365,1
645,2021-03-11 06:00:00,Random Forest,6,-0.7379491338884557,-0.7161079087751646,2020-03-11 06:00:00,2021-03-11 06:00:00,2021-03-11 06:00:00,365,1
646,2021-03-11 06:00:00,Neural Network,6,-0.7379491338884557,-0.8362257705561251,2020-03-11 06:00:00,2021-03-11 06:00:00,2021-03-11 06:00:00,365,1
647,2021-03-11 06:00:00,Naive,6,-0.7379491338884557,1.352770306138454,2020-03-11 06:00:00,2021-03-11 06:00:00,2021-03-11 06:00:00,365,1
648,2021-03-12 06:00:00,Decision Tree,6,-0.21596927320226206,-0.21723131661517187,2020-03-12 06:00:00,2021-03-12 06:00:00,2021-03-12 06:00:00,365,1
649,2021-03-12 06:00:00,Random Forest,6,-0.21596927320226206,-0.22182636776396603,2020-03-12 06:00:00,2021-03-12 06:00:00,2021-03-12 06:00:00,365,1
650,2021-03-12 06:00:00,Neural Network,6,-0.21596927320226206,-0.49071822378369123,2020-03-12 06:00:00,2021-03-12 06:00:00,2021-03-12 06:00:00,365,1
651,2021-03-12 06:00:00,Naive,6,-0.21596927320226206,-0.7379491338884557,2020-03-12 06:00:00,2021-03-12 06:00:00,2021-03-12 06:00:00,365,1
652,2021-03-13 06:00:00,Decision Tree,6,-0.8604238581267346,-0.822463732797295,2020-03-13 06:00:00,2021-03-13 06:00:00,2021-03-13 06:00:00,365,1
653,2021-03-13 06:00:00,Random Forest,6,-0.8604238581267346,-0.8253756178248989,2020-03-13 06:00:00,2021-03-13 06:00:00,2021-03-13 06:00:00,365,1
654,2021-03-13 06:00:00,Neural Network,6,-0.8604238581267346,-0.9624807254406385,2020-03-13 06:00:00,2021-03-13 06:00:00,2021-03-13 06:00:00,365,1
655,2021-03-13 06:00:00,Naive,6,-0.8604238581267346,-0.21596927320226206,2020-03-13 06:00:00,2021-03-13 06:00:00,2021-03-13 06:00:00,365,1
656,2021-03-14 06:00:00,Decision Tree,6,-1.7286944422861075,-1.6747427929537375,2020-03-14 06:00:00,2021-03-14 06:00:00,2021-03-14 06:00:00,365,1
657,2021-03-14 06:00:00,Random Forest,6,-1.7286944422861075,-1.6789874089101622,2020-03-14 06:00:00,2021-03-14 06:00:00,2021-03-14 06:00:00,365,1
658,2021-03-14 06:00:00,Neural Network,6,-1.7286944422861075,-1.8080789423813344,2020-03-14 06:00:00,2021-03-14 06:00:00,2021-03-14 06:00:00,365,1
659,2021-03-14 06:00:00,Naive,6,-1.7286944422861075,-0.8604238581267346,2020-03-14 06:00:00,2021-03-14 06:00:00,2021-03-14 06:00:00,365,1
660,2021-03-15 06:00:00,Decision Tree,6,1.219158822103886,1.1965175835410542,2020-03-15 06:00:00,2021-03-15 06:00:00,2021-03-15 06:00:00,365,1
661,2021-03-15 06:00:00,Random Forest,6,1.219158822103886,1.2239747417363382,2020-03-15 06:00:00,2021-03-15 06:00:00,2021-03-15 06:00:00,365,1
662,2021-03-15 06:00:00,Neural Network,6,1.219158822103886,0.8654501095181434,2020-03-15 06:00:00,2021-03-15 06:00:00,2021-03-15 06:00:00,365,1
663,2021-03-15 06:00:00,Naive,6,1.219158822103886,-1.7286944422861075,2020-03-15 06:00:00,2021-03-15 06:00:00,2021-03-15 06:00:00,365,1
664,2021-03-16 06:00:00,Decision Tree,6,1.3568436865434752,1.35376554172282,2020-03-16 06:00:00,2021-03-16 06:00:00,2021-03-16 06:00:00,365,1
665,2021-03-16 06:00:00,Random Forest,6,1.3568436865434752,1.333724944834024,2020-03-16 06:00:00,2021-03-16 06:00:00,2021-03-16 06:00:00,365,1
666,2021-03-16 06:00:00,Neural Network,6,1.3568436865434752,1.3628472355904528,2020-03-16 06:00:00,2021-03-16 06:00:00,2021-03-16 06:00:00,365,1
667,2021-03-16 06:00:00,Naive,6,1.3568436865434752,1.219158822103886,2020-03-16 06:00:00,2021-03-16 06:00:00,2021-03-16 06:00:00,365,1
668,2021-03-17 06:00:00,Decision Tree,6,1.1376977333860103,1.1997520461928874,2020-03-17 06:00:00,2021-03-17 06:00:00,2021-03-17 06:00:00,365,1
669,2021-03-17 06:00:00,Random Forest,6,1.1376977333860103,1.115545981102111,2020-03-17 06:00:00,2021-03-17 06:00:00,2021-03-17 06:00:00,365,1
670,2021-03-17 06:00:00,Neural Network,6,1.1376977333860103,1.109265464729954,2020-03-17 06:00:00,2021-03-17 06:00:00,2021-03-17 06:00:00,365,1
671,2021-03-17 06:00:00,Naive,6,1.1376977333860103,1.3568436865434752,2020-03-17 06:00:00,2021-03-17 06:00:00,2021-03-17 06:00:00,365,1
672,2021-03-18 06:00:00,Decision Tree,6,1.581787530321701,1.5117876415778406,2020-03-18 06:00:00,2021-03-18 06:00:00,2021-03-18 06:00:00,365,1
673,2021-03-18 06:00:00,Random Forest,6,1.581787530321701,1.5646439906557879,2020-03-18 06:00:00,2021-03-18 06:00:00,2021-03-18 06:00:00,365,1
674,2021-03-18 06:00:00,Neural Network,6,1.581787530321701,1.5163244797007123,2020-03-18 06:00:00,2021-03-18 06:00:00,2021-03-18 06:00:00,365,1
675,2021-03-18 06:00:00,Naive,6,1.581787530321701,1.1376977333860103,2020-03-18 06:00:00,2021-03-18 06:00:00,2021-03-18 06:00:00,365,1
676,2021-03-19 06:00:00,Decision Tree,6,1.609067335216851,1.53073466635992,2020-03-19 06:00:00,2021-03-19 06:00:00,2021-03-19 06:00:00,365,1
677,2021-03-19 06:00:00,Random Forest,6,1.609067335216851,1.585415148859146,2020-03-19 06:00:00,2021-03-19 06:00:00,2021-03-19 06:00:00,365,1
678,2021-03-19 06:00:00,Neural Network,6,1.609067335216851,1.5896492960268898,2020-03-19 06:00:00,2021-03-19 06:00:00,2021-03-19 06:00:00,365,1
679,2021-03-19 06:00:00,Naive,6,1.609067335216851,1.581787530321701,2020-03-19 06:00:00,2021-03-19 06:00:00,2021-03-19 06:00:00,365,1
680,2021-03-20 06:00:00,Decision Tree,6,1.0732808593114411,0.9971429228894502,2020-03-20 06:00:00,2021-03-20 06:00:00,2021-03-20 06:00:00,365,1
681,2021-03-20 06:00:00,Random Forest,6,1.0732808593114411,1.0049984512668444,2020-03-20 06:00:00,2021-03-20 06:00:00,2021-03-20 06:00:00,365,1
682,2021-03-20 06:00:00,Neural Network,6,1.0732808593114411,0.7538329231737628,2020-03-20 06:00:00,2021-03-20 06:00:00,2021-03-20 06:00:00,365,1
683,2021-03-20 06:00:00,Naive,6,1.0732808593114411,1.609067335216851,2020-03-20 06:00:00,2021-03-20 06:00:00,2021-03-20 06:00:00,365,1
684,2021-03-21 06:00:00,Decision Tree,6,-1.2764656995608918,-1.2741033817511638,2020-03-21 06:00:00,2021-03-21 06:00:00,2021-03-21 06:00:00,365,1
685,2021-03-21 06:00:00,Random Forest,6,-1.2764656995608918,-1.2005564889416251,2020-03-21 06:00:00,2021-03-21 06:00:00,2021-03-21 06:00:00,365,1
686,2021-03-21 06:00:00,Neural Network,6,-1.2764656995608918,-1.2686102095318652,2020-03-21 06:00:00,2021-03-21 06:00:00,2021-03-21 06:00:00,365,1
687,2021-03-21 06:00:00,Naive,6,-1.2764656995608918,1.0732808593114411,2020-03-21 06:00:00,2021-03-21 06:00:00,2021-03-21 06:00:00,365,1
688,2021-03-22 06:00:00,Decision Tree,6,1.4459913894007101,1.463092585383516,2020-03-22 06:00:00,2021-03-22 06:00:00,2021-03-22 06:00:00,365,1
689,2021-03-22 06:00:00,Random Forest,6,1.4459913894007101,1.480719208374015,2020-03-22 06:00:00,2021-03-22 06:00:00,2021-03-22 06:00:00,365,1
690,2021-03-22 06:00:00,Neural Network,6,1.4459913894007101,1.3738374326176843,2020-03-22 06:00:00,2021-03-22 06:00:00,2021-03-22 06:00:00,365,1
691,2021-03-22 06:00:00,Naive,6,1.4459913894007101,-1.2764656995608918,2020-03-22 06:00:00,2021-03-22 06:00:00,2021-03-22 06:00:00,365,1
692,2021-03-23 06:00:00,Decision Tree,6,1.5454751285789503,1.5939386142487395,2020-03-23 06:00:00,2021-03-23 06:00:00,2021-03-23 06:00:00,365,1
693,2021-03-23 06:00:00,Random Forest,6,1.5454751285789503,1.57838688233603,2020-03-23 06:00:00,2021-03-23 06:00:00,2021-03-23 06:00:00,365,1
694,2021-03-23 06:00:00,Neural Network,6,1.5454751285789503,1.6089534273675452,2020-03-23 06:00:00,2021-03-23 06:00:00,2021-03-23 06:00:00,365,1
695,2021-03-23 06:00:00,Naive,6,1.5454751285789503,1.4459913894007101,2020-03-23 06:00:00,2021-03-23 06:00:00,2021-03-23 06:00:00,365,1
696,2021-03-24 06:00:00,Decision Tree,6,1.5341676706606877,1.6015778950843795,2020-03-24 06:00:00,2021-03-24 06:00:00,2021-03-24 06:00:00,365,1
697,2021-03-24 06:00:00,Random Forest,6,1.5341676706606877,1.5518717162409528,2020-03-24 06:00:00,2021-03-24 06:00:00,2021-03-24 06:00:00,365,1
698,2021-03-24 06:00:00,Neural Network,6,1.5341676706606877,1.534116394257182,2020-03-24 06:00:00,2021-03-24 06:00:00,2021-03-24 06:00:00,365,1
699,2021-03-24 06:00:00,Naive,6,1.5341676706606877,1.5454751285789503,2020-03-24 06:00:00,2021-03-24 06:00:00,2021-03-24 06:00:00,365,1
700,2021-03-25 06:00:00,Decision Tree,6,1.644413006184752,1.602271426105505,2020-03-25 06:00:00,2021-03-25 06:00:00,2021-03-25 06:00:00,365,1
701,2021-03-25 06:00:00,Random Forest,6,1.644413006184752,1.621531303475531,2020-03-25 06:00:00,2021-03-25 06:00:00,2021-03-25 06:00:00,365,1
702,2021-03-25 06:00:00,Neural Network,6,1.644413006184752,1.6565036260579682,2020-03-25 06:00:00,2021-03-25 06:00:00,2021-03-25 06:00:00,365,1
703,2021-03-25 06:00:00,Naive,6,1.644413006184752,1.5341676706606877,2020-03-25 06:00:00,2021-03-25 06:00:00,2021-03-25 06:00:00,365,1
704,2021-03-26 06:00:00,Decision Tree,6,1.4016612710698295,1.4815111918816433,2020-03-26 06:00:00,2021-03-26 06:00:00,2021-03-26 06:00:00,365,1
705,2021-03-26 06:00:00,Random Forest,6,1.4016612710698295,1.444030462378347,2020-03-26 06:00:00,2021-03-26 06:00:00,2021-03-26 06:00:00,365,1
706,2021-03-26 06:00:00,Neural Network,6,1.4016612710698295,1.233954819839272,2020-03-26 06:00:00,2021-03-26 06:00:00,2021-03-26 06:00:00,365,1
707,2021-03-26 06:00:00,Naive,6,1.4016612710698295,1.644413006184752,2020-03-26 06:00:00,2021-03-26 06:00:00,2021-03-26 06:00:00,365,1
708,2021-03-27 06:00:00,Decision Tree,6,-0.10066737691568697,-0.12733707507449812,2020-03-27 06:00:00,2021-03-27 06:00:00,2021-03-27 06:00:00,365,1
709,2021-03-27 06:00:00,Random Forest,6,-0.10066737691568697,-0.12490750364751389,2020-03-27 06:00:00,2021-03-27 06:00:00,2021-03-27 06:00:00,365,1
710,2021-03-27 06:00:00,Neural Network,6,-0.10066737691568697,-0.8986546142412224,2020-03-27 06:00:00,2021-03-27 06:00:00,2021-03-27 06:00:00,365,1
711,2021-03-27 06:00:00,Naive,6,-0.10066737691568697,1.4016612710698295,2020-03-27 06:00:00,2021-03-27 06:00:00,2021-03-27 06:00:00,365,1
712,2021-03-28 06:00:00,Decision Tree,6,0.0014905867617841788,-0.0017854735268376465,2020-03-28 06:00:00,2021-03-28 06:00:00,2021-03-28 06:00:00,365,1
713,2021-03-28 06:00:00,Random Forest,6,0.0014905867617841788,0.011649552405146951,2020-03-28 06:00:00,2021-03-28 06:00:00,2021-03-28 06:00:00,365,1
714,2021-03-28 06:00:00,Neural Network,6,0.0014905867617841788,-0.25509377097944996,2020-03-28 06:00:00,2021-03-28 06:00:00,2021-03-28 06:00:00,365,1
715,2021-03-28 06:00:00,Naive,6,0.0014905867617841788,-0.10066737691568697,2020-03-28 06:00:00,2021-03-28 06:00:00,2021-03-28 06:00:00,365,1
716,2021-03-29 06:00:00,Decision Tree,6,0.9962128617779732,0.904873277334476,2020-03-29 06:00:00,2021-03-29 06:00:00,2021-03-29 06:00:00,365,1
717,2021-03-29 06:00:00,Random Forest,6,0.9962128617779732,0.9597562067976191,2020-03-29 06:00:00,2021-03-29 06:00:00,2021-03-29 06:00:00,365,1
718,2021-03-29 06:00:00,Neural Network,6,0.9962128617779732,1.0062302339594151,2020-03-29 06:00:00,2021-03-29 06:00:00,2021-03-29 06:00:00,365,1
719,2021-03-29 06:00:00,Naive,6,0.9962128617779732,0.0014905867617841788,2020-03-29 06:00:00,2021-03-29 06:00:00,2021-03-29 06:00:00,365,1
720,2021-03-30 06:00:00,Decision Tree,6,1.5265389716530737,1.4879236743587156,2020-03-30 06:00:00,2021-03-30 06:00:00,2021-03-30 06:00:00,365,1
721,2021-03-30 06:00:00,Random Forest,6,1.5265389716530737,1.541408170990681,2020-03-30 06:00:00,2021-03-30 06:00:00,2021-03-30 06:00:00,365,1
722,2021-03-30 06:00:00,Neural Network,6,1.5265389716530737,1.5320818236014293,2020-03-30 06:00:00,2021-03-30 06:00:00,2021-03-30 06:00:00,365,1
723,2021-03-30 06:00:00,Naive,6,1.5265389716530737,0.9962128617779732,2020-03-30 06:00:00,2021-03-30 06:00:00,2021-03-30 06:00:00,365,1
724,2021-03-31 06:00:00,Decision Tree,6,1.592773394091998,1.6243204932103175,2020-03-31 06:00:00,2021-03-31 06:00:00,2021-03-31 06:00:00,365,1
725,2021-03-31 06:00:00,Random Forest,6,1.592773394091998,1.6138802569944914,2020-03-31 06:00:00,2021-03-31 06:00:00,2021-03-31 06:00:00,365,1
726,2021-03-31 06:00:00,Neural Network,6,1.592773394091998,1.6456608941024837,2020-03-31 06:00:00,2021-03-31 06:00:00,2021-03-31 06:00:00,365,1
727,2021-03-31 06:00:00,Naive,6,1.592773394091998,1.5265389716530737,2020-03-31 06:00:00,2021-03-31 06:00:00,2021-03-31 06:00:00,365,1
728,2021-04-01 06:00:00,Decision Tree,6,1.4352069022694354,1.466248596850645,2020-04-01 06:00:00,2021-04-01 06:00:00,2021-04-01 06:00:00,365,1
729,2021-04-01 06:00:00,Random Forest,6,1.4352069022694354,1.4678696635338089,2020-04-01 06:00:00,2021-04-01 06:00:00,2021-04-01 06:00:00,365,1
730,2021-04-01 06:00:00,Neural Network,6,1.4352069022694354,1.3536380135178219,2020-04-01 06:00:00,2021-04-01 06:00:00,2021-04-01 06:00:00,365,1
731,2021-04-01 06:00:00,Naive,6,1.4352069022694354,1.592773394091998,2020-04-01 06:00:00,2021-04-01 06:00:00,2021-04-01 06:00:00,365,1
732,2021-04-02 06:00:00,Decision Tree,6,1.0879877709168284,1.041982022445436,2020-04-02 06:00:00,2021-04-02 06:00:00,2021-04-02 06:00:00,365,1
733,2021-04-02 06:00:00,Random Forest,6,1.0879877709168284,1.0825787823293274,2020-04-02 06:00:00,2021-04-02 06:00:00,2021-04-02 06:00:00,365,1
734,2021-04-02 06:00:00,Neural Network,6,1.0879877709168284,0.3976336995687112,2020-04-02 06:00:00,2021-04-02 06:00:00,2021-04-02 06:00:00,365,1
735,2021-04-02 06:00:00,Naive,6,1.0879877709168284,1.4352069022694354,2020-04-02 06:00:00,2021-04-02 06:00:00,2021-04-02 06:00:00,365,1
736,2021-04-03 06:00:00,Decision Tree,6,0.31747926979706864,0.3665828604518931,2020-04-03 06:00:00,2021-04-03 06:00:00,2021-04-03 06:00:00,365,1
737,2021-04-03 06:00:00,Random Forest,6,0.31747926979706864,0.34279850606643486,2020-04-03 06:00:00,2021-04-03 06:00:00,2021-04-03 06:00:00,365,1
738,2021-04-03 06:00:00,Neural Network,6,0.31747926979706864,0.06594755770209951,2020-04-03 06:00:00,2021-04-03 06:00:00,2021-04-03 06:00:00,365,1
739,2021-04-03 06:00:00,Naive,6,0.31747926979706864,1.0879877709168284,2020-04-03 06:00:00,2021-04-03 06:00:00,2021-04-03 06:00:00,365,1
740,2021-04-04 06:00:00,Decision Tree,6,0.07965847803416874,0.05423627261950743,2020-04-04 06:00:00,2021-04-04 06:00:00,2021-04-04 06:00:00,365,1
741,2021-04-04 06:00:00,Random Forest,6,0.07965847803416874,0.05570252440266736,2020-04-04 06:00:00,2021-04-04 06:00:00,2021-04-04 06:00:00,365,1
742,2021-04-04 06:00:00,Neural Network,6,0.07965847803416874,0.14351913339009117,2020-04-04 06:00:00,2021-04-04 06:00:00,2021-04-04 06:00:00,365,1
743,2021-04-04 06:00:00,Naive,6,0.07965847803416874,0.31747926979706864,2020-04-04 06:00:00,2021-04-04 06:00:00,2021-04-04 06:00:00,365,1
744,2021-04-05 06:00:00,Decision Tree,6,-2.4212540591078193,-2.0263085186807896,2020-04-05 06:00:00,2021-04-05 06:00:00,2021-04-05 06:00:00,365,1
745,2021-04-05 06:00:00,Random Forest,6,-2.4212540591078193,-2.015707066505683,2020-04-05 06:00:00,2021-04-05 06:00:00,2021-04-05 06:00:00,365,1
746,2021-04-05 06:00:00,Neural Network,6,-2.4212540591078193,-2.478697724329755,2020-04-05 06:00:00,2021-04-05 06:00:00,2021-04-05 06:00:00,365,1
747,2021-04-05 06:00:00,Naive,6,-2.4212540591078193,0.07965847803416874,2020-04-05 06:00:00,2021-04-05 06:00:00,2021-04-05 06:00:00,365,1
748,2021-04-06 06:00:00,Decision Tree,6,0.7090758922822032,0.6699492161494954,2020-04-06 06:00:00,2021-04-06 06:00:00,2021-04-06 06:00:00,365,1
749,2021-04-06 06:00:00,Random Forest,6,0.7090758922822032,0.7150500713240675,2020-04-06 06:00:00,2021-04-06 06:00:00,2021-04-06 06:00:00,365,1
750,2021-04-06 06:00:00,Neural Network,6,0.7090758922822032,0.5304388950673101,2020-04-06 06:00:00,2021-04-06 06:00:00,2021-04-06 06:00:00,365,1
751,2021-04-06 06:00:00,Naive,6,0.7090758922822032,-2.4212540591078193,2020-04-06 06:00:00,2021-04-06 06:00:00,2021-04-06 06:00:00,365,1
752,2021-04-07 06:00:00,Decision Tree,6,1.4106782937434181,1.4522150654802466,2020-04-07 06:00:00,2021-04-07 06:00:00,2021-04-07 06:00:00,365,1
753,2021-04-07 06:00:00,Random Forest,6,1.4106782937434181,1.4465755346292302,2020-04-07 06:00:00,2021-04-07 06:00:00,2021-04-07 06:00:00,365,1
754,2021-04-07 06:00:00,Neural Network,6,1.4106782937434181,1.5649321721936467,2020-04-07 06:00:00,2021-04-07 06:00:00,2021-04-07 06:00:00,365,1
755,2021-04-07 06:00:00,Naive,6,1.4106782937434181,0.7090758922822032,2020-04-07 06:00:00,2021-04-07 06:00:00,2021-04-07 06:00:00,365,1
756,2021-04-08 06:00:00,Decision Tree,6,1.3754237138427612,1.4184073099513086,2020-04-08 06:00:00,2021-04-08 06:00:00,2021-04-08 06:00:00,365,1
757,2021-04-08 06:00:00,Random Forest,6,1.3754237138427612,1.4160096143831638,2020-04-08 06:00:00,2021-04-08 06:00:00,2021-04-08 06:00:00,365,1
758,2021-04-08 06:00:00,Neural Network,6,1.3754237138427612,1.3552989562032374,2020-04-08 06:00:00,2021-04-08 06:00:00,2021-04-08 06:00:00,365,1
759,2021-04-08 06:00:00,Naive,6,1.3754237138427612,1.4106782937434181,2020-04-08 06:00:00,2021-04-08 06:00:00,2021-04-08 06:00:00,365,1
760,2021-04-09 06:00:00,Decision Tree,6,0.7179972139229228,0.6764703288382802,2020-04-09 06:00:00,2021-04-09 06:00:00,2021-04-09 06:00:00,365,1
761,2021-04-09 06:00:00,Random Forest,6,0.7179972139229228,0.7282141310678528,2020-04-09 06:00:00,2021-04-09 06:00:00,2021-04-09 06:00:00,365,1
762,2021-04-09 06:00:00,Neural Network,6,0.7179972139229228,0.5330288504847629,2020-04-09 06:00:00,2021-04-09 06:00:00,2021-04-09 06:00:00,365,1
763,2021-04-09 06:00:00,Naive,6,0.7179972139229228,1.3754237138427612,2020-04-09 06:00:00,2021-04-09 06:00:00,2021-04-09 06:00:00,365,1
764,2021-04-10 06:00:00,Decision Tree,6,1.0427679631668916,1.049649647190668,2020-04-10 06:00:00,2021-04-10 06:00:00,2021-04-10 06:00:00,365,1
765,2021-04-10 06:00:00,Random Forest,6,1.0427679631668916,1.0454199503196773,2020-04-10 06:00:00,2021-04-10 06:00:00,2021-04-10 06:00:00,365,1
766,2021-04-10 06:00:00,Neural Network,6,1.0427679631668916,0.6812303467300672,2020-04-10 06:00:00,2021-04-10 06:00:00,2021-04-10 06:00:00,365,1
767,2021-04-10 06:00:00,Naive,6,1.0427679631668916,0.7179972139229228,2020-04-10 06:00:00,2021-04-10 06:00:00,2021-04-10 06:00:00,365,1
768,2021-04-11 06:00:00,Decision Tree,6,0.5018865891980039,0.544789918339084,2020-04-11 06:00:00,2021-04-11 06:00:00,2021-04-11 06:00:00,365,1
769,2021-04-11 06:00:00,Random Forest,6,0.5018865891980039,0.5095312757319862,2020-04-11 06:00:00,2021-04-11 06:00:00,2021-04-11 06:00:00,365,1
770,2021-04-11 06:00:00,Neural Network,6,0.5018865891980039,0.26702643388616826,2020-04-11 06:00:00,2021-04-11 06:00:00,2021-04-11 06:00:00,365,1
771,2021-04-11 06:00:00,Naive,6,0.5018865891980039,1.0427679631668916,2020-04-11 06:00:00,2021-04-11 06:00:00,2021-04-11 06:00:00,365,1
772,2021-04-12 06:00:00,Decision Tree,6,1.6286901740774136,1.6337801463129271,2020-04-12 06:00:00,2021-04-12 06:00:00,2021-04-12 06:00:00,365,1
773,2021-04-12 06:00:00,Random Forest,6,1.6286901740774136,1.643554584719782,2020-04-12 06:00:00,2021-04-12 06:00:00,2021-04-12 06:00:00,365,1
774,2021-04-12 06:00:00,Neural Network,6,1.6286901740774136,1.8053079353191974,2020-04-12 06:00:00,2021-04-12 06:00:00,2021-04-12 06:00:00,365,1
775,2021-04-12 06:00:00,Naive,6,1.6286901740774136,0.5018865891980039,2020-04-12 06:00:00,2021-04-12 06:00:00,2021-04-12 06:00:00,365,1
776,2021-04-13 06:00:00,Decision Tree,6,1.6375708199107533,1.6431606750640697,2020-04-13 06:00:00,2021-04-13 06:00:00,2021-04-13 06:00:00,365,1
777,2021-04-13 06:00:00,Random Forest,6,1.6375708199107533,1.6448240419597164,2020-04-13 06:00:00,2021-04-13 06:00:00,2021-04-13 06:00:00,365,1
778,2021-04-13 06:00:00,Neural Network,6,1.6375708199107533,1.8183288068848213,2020-04-13 06:00:00,2021-04-13 06:00:00,2021-04-13 06:00:00,365,1
779,2021-04-13 06:00:00,Naive,6,1.6375708199107533,1.6286901740774136,2020-04-13 06:00:00,2021-04-13 06:00:00,2021-04-13 06:00:00,365,1
780,2021-04-14 06:00:00,Decision Tree,6,1.8661043203895875,1.6422290325385165,2020-04-14 06:00:00,2021-04-14 06:00:00,2021-04-14 06:00:00,365,1
781,2021-04-14 06:00:00,Random Forest,6,1.8661043203895875,1.649765271579897,2020-04-14 06:00:00,2021-04-14 06:00:00,2021-04-14 06:00:00,365,1
782,2021-04-14 06:00:00,Neural Network,6,1.8661043203895875,2.1653151618056152,2020-04-14 06:00:00,2021-04-14 06:00:00,2021-04-14 06:00:00,365,1
783,2021-04-14 06:00:00,Naive,6,1.8661043203895875,1.6375708199107533,2020-04-14 06:00:00,2021-04-14 06:00:00,2021-04-14 06:00:00,365,1
784,2021-04-15 06:00:00,Decision Tree,6,1.947106088883521,1.7035275572623678,2020-04-15 06:00:00,2021-04-15 06:00:00,2021-04-15 06:00:00,365,1
785,2021-04-15 06:00:00,Random Forest,6,1.947106088883521,1.7402997731190086,2020-04-15 06:00:00,2021-04-15 06:00:00,2021-04-15 06:00:00,365,1
786,2021-04-15 06:00:00,Neural Network,6,1.947106088883521,2.2247742494915568,2020-04-15 06:00:00,2021-04-15 06:00:00,2021-04-15 06:00:00,365,1
787,2021-04-15 06:00:00,Naive,6,1.947106088883521,1.8661043203895875,2020-04-15 06:00:00,2021-04-15 06:00:00,2021-04-15 06:00:00,365,1
788,2021-04-16 06:00:00,Decision Tree,6,1.665205469502103,1.7640661738021215,2020-04-16 06:00:00,2021-04-16 06:00:00,2021-04-16 06:00:00,365,1
789,2021-04-16 06:00:00,Random Forest,6,1.665205469502103,1.7385128740130893,2020-04-16 06:00:00,2021-04-16 06:00:00,2021-04-16 06:00:00,365,1
790,2021-04-16 06:00:00,Neural Network,6,1.665205469502103,1.7073073877003777,2020-04-16 06:00:00,2021-04-16 06:00:00,2021-04-16 06:00:00,365,1
791,2021-04-16 06:00:00,Naive,6,1.665205469502103,1.947106088883521,2020-04-16 06:00:00,2021-04-16 06:00:00,2021-04-16 06:00:00,365,1
792,2021-04-17 06:00:00,Decision Tree,6,1.5163844155934771,1.5770681362600543,2020-04-17 06:00:00,2021-04-17 06:00:00,2021-04-17 06:00:00,365,1
793,2021-04-17 06:00:00,Random Forest,6,1.5163844155934771,1.5498939252751252,2020-04-17 06:00:00,2021-04-17 06:00:00,2021-04-17 06:00:00,365,1
794,2021-04-17 06:00:00,Neural Network,6,1.5163844155934771,1.1458854384552448,2020-04-17 06:00:00,2021-04-17 06:00:00,2021-04-17 06:00:00,365,1
795,2021-04-17 06:00:00,Naive,6,1.5163844155934771,1.665205469502103,2020-04-17 06:00:00,2021-04-17 06:00:00,2021-04-17 06:00:00,365,1
796,2021-04-18 06:00:00,Decision Tree,6,1.349076002109324,1.4045293459794816,2020-04-18 06:00:00,2021-04-18 06:00:00,2021-04-18 06:00:00,365,1
797,2021-04-18 06:00:00,Random Forest,6,1.349076002109324,1.4123049880170429,2020-04-18 06:00:00,2021-04-18 06:00:00,2021-04-18 06:00:00,365,1
798,2021-04-18 06:00:00,Neural Network,6,1.349076002109324,0.9899694902335305,2020-04-18 06:00:00,2021-04-18 06:00:00,2021-04-18 06:00:00,365,1
799,2021-04-18 06:00:00,Naive,6,1.349076002109324,1.5163844155934771,2020-04-18 06:00:00,2021-04-18 06:00:00,2021-04-18 06:00:00,365,1
800,2021-04-19 06:00:00,Decision Tree,6,1.9815119495569093,1.7713692328870596,2020-04-19 06:00:00,2021-04-19 06:00:00,2021-04-19 06:00:00,365,1
801,2021-04-19 06:00:00,Random Forest,6,1.9815119495569093,1.8186431308509214,2020-04-19 06:00:00,2021-04-19 06:00:00,2021-04-19 06:00:00,365,1
802,2021-04-19 06:00:00,Neural Network,6,1.9815119495569093,2.3061282260598173,2020-04-19 06:00:00,2021-04-19 06:00:00,2021-04-19 06:00:00,365,1
803,2021-04-19 06:00:00,Naive,6,1.9815119495569093,1.349076002109324,2020-04-19 06:00:00,2021-04-19 06:00:00,2021-04-19 06:00:00,365,1
804,2021-04-20 06:00:00,Decision Tree,6,1.9880712775978528,1.8401574588162908,2020-04-20 06:00:00,2021-04-20 06:00:00,2021-04-20 06:00:00,365,1
805,2021-04-20 06:00:00,Random Forest,6,1.9880712775978528,1.887609898109166,2020-04-20 06:00:00,2021-04-20 06:00:00,2021-04-20 06:00:00,365,1
806,2021-04-20 06:00:00,Neural Network,6,1.9880712775978528,2.2885201352512654,2020-04-20 06:00:00,2021-04-20 06:00:00,2021-04-20 06:00:00,365,1
807,2021-04-20 06:00:00,Naive,6,1.9880712775978528,1.9815119495569093,2020-04-20 06:00:00,2021-04-20 06:00:00,2021-04-20 06:00:00,365,1
808,2021-04-21 06:00:00,Decision Tree,6,1.89490758782835,1.904730620435441,2020-04-21 06:00:00,2021-04-21 06:00:00,2021-04-21 06:00:00,365,1
809,2021-04-21 06:00:00,Random Forest,6,1.89490758782835,1.9150788266255427,2020-04-21 06:00:00,2021-04-21 06:00:00,2021-04-21 06:00:00,365,1
810,2021-04-21 06:00:00,Neural Network,6,1.89490758782835,2.0924565532851327,2020-04-21 06:00:00,2021-04-21 06:00:00,2021-04-21 06:00:00,365,1
811,2021-04-21 06:00:00,Naive,6,1.89490758782835,1.9880712775978528,2020-04-21 06:00:00,2021-04-21 06:00:00,2021-04-21 06:00:00,365,1
812,2021-04-22 06:00:00,Decision Tree,6,1.5376052313182014,1.6227868184722247,2020-04-22 06:00:00,2021-04-22 06:00:00,2021-04-22 06:00:00,365,1
813,2021-04-22 06:00:00,Random Forest,6,1.5376052313182014,1.6158034633254301,2020-04-22 06:00:00,2021-04-22 06:00:00,2021-04-22 06:00:00,365,1
814,2021-04-22 06:00:00,Neural Network,6,1.5376052313182014,1.606728599404656,2020-04-22 06:00:00,2021-04-22 06:00:00,2021-04-22 06:00:00,365,1
815,2021-04-22 06:00:00,Naive,6,1.5376052313182014,1.89490758782835,2020-04-22 06:00:00,2021-04-22 06:00:00,2021-04-22 06:00:00,365,1
816,2021-04-23 06:00:00,Decision Tree,6,1.8040142520304157,1.903093448334259,2020-04-23 06:00:00,2021-04-23 06:00:00,2021-04-23 06:00:00,365,1
817,2021-04-23 06:00:00,Random Forest,6,1.8040142520304157,1.8698554126073232,2020-04-23 06:00:00,2021-04-23 06:00:00,2021-04-23 06:00:00,365,1
818,2021-04-23 06:00:00,Neural Network,6,1.8040142520304157,1.788757953141752,2020-04-23 06:00:00,2021-04-23 06:00:00,2021-04-23 06:00:00,365,1
819,2021-04-23 06:00:00,Naive,6,1.8040142520304157,1.5376052313182014,2020-04-23 06:00:00,2021-04-23 06:00:00,2021-04-23 06:00:00,365,1
820,2021-04-24 06:00:00,Decision Tree,6,1.238351779411558,1.3388025153437548,2020-04-24 06:00:00,2021-04-24 06:00:00,2021-04-24 06:00:00,365,1
821,2021-04-24 06:00:00,Random Forest,6,1.238351779411558,1.3199323609298883,2020-04-24 06:00:00,2021-04-24 06:00:00,2021-04-24 06:00:00,365,1
822,2021-04-24 06:00:00,Neural Network,6,1.238351779411558,0.8083801274165259,2020-04-24 06:00:00,2021-04-24 06:00:00,2021-04-24 06:00:00,365,1
823,2021-04-24 06:00:00,Naive,6,1.238351779411558,1.8040142520304157,2020-04-24 06:00:00,2021-04-24 06:00:00,2021-04-24 06:00:00,365,1
824,2021-04-25 06:00:00,Decision Tree,6,0.5956918864546593,0.5649526995415572,2020-04-25 06:00:00,2021-04-25 06:00:00,2021-04-25 06:00:00,365,1
825,2021-04-25 06:00:00,Random Forest,6,0.5956918864546593,0.5904962863435085,2020-04-25 06:00:00,2021-04-25 06:00:00,2021-04-25 06:00:00,365,1
826,2021-04-25 06:00:00,Neural Network,6,0.5956918864546593,0.3384537403462402,2020-04-25 06:00:00,2021-04-25 06:00:00,2021-04-25 06:00:00,365,1
827,2021-04-25 06:00:00,Naive,6,0.5956918864546593,1.238351779411558,2020-04-25 06:00:00,2021-04-25 06:00:00,2021-04-25 06:00:00,365,1
828,2021-04-26 06:00:00,Decision Tree,6,1.7504208791127793,1.8889392774337104,2020-04-26 06:00:00,2021-04-26 06:00:00,2021-04-26 06:00:00,365,1
829,2021-04-26 06:00:00,Random Forest,6,1.7504208791127793,1.8659349591347787,2020-04-26 06:00:00,2021-04-26 06:00:00,2021-04-26 06:00:00,365,1
830,2021-04-26 06:00:00,Neural Network,6,1.7504208791127793,1.6421954862573003,2020-04-26 06:00:00,2021-04-26 06:00:00,2021-04-26 06:00:00,365,1
831,2021-04-26 06:00:00,Naive,6,1.7504208791127793,0.5956918864546593,2020-04-26 06:00:00,2021-04-26 06:00:00,2021-04-26 06:00:00,365,1
832,2021-04-27 06:00:00,Decision Tree,6,1.7620384491397492,1.8716244776435937,2020-04-27 06:00:00,2021-04-27 06:00:00,2021-04-27 06:00:00,365,1
833,2021-04-27 06:00:00,Random Forest,6,1.7620384491397492,1.7887120878519693,2020-04-27 06:00:00,2021-04-27 06:00:00,2021-04-27 06:00:00,365,1
834,2021-04-27 06:00:00,Neural Network,6,1.7620384491397492,1.8391112674321908,2020-04-27 06:00:00,2021-04-27 06:00:00,2021-04-27 06:00:00,365,1
835,2021-04-27 06:00:00,Naive,6,1.7620384491397492,1.7504208791127793,2020-04-27 06:00:00,2021-04-27 06:00:00,2021-04-27 06:00:00,365,1
836,2021-04-28 06:00:00,Decision Tree,6,1.6680764619708448,1.8594482522542775,2020-04-28 06:00:00,2021-04-28 06:00:00,2021-04-28 06:00:00,365,1
837,2021-04-28 06:00:00,Random Forest,6,1.6680764619708448,1.7239804924332998,2020-04-28 06:00:00,2021-04-28 06:00:00,2021-04-28 06:00:00,365,1
838,2021-04-28 06:00:00,Neural Network,6,1.6680764619708448,1.7244048077073066,2020-04-28 06:00:00,2021-04-28 06:00:00,2021-04-28 06:00:00,365,1
839,2021-04-28 06:00:00,Naive,6,1.6680764619708448,1.7620384491397492,2020-04-28 06:00:00,2021-04-28 06:00:00,2021-04-28 06:00:00,365,1
840,2021-04-29 06:00:00,Decision Tree,6,1.517823683028565,1.53170136080037,2020-04-29 06:00:00,2021-04-29 06:00:00,2021-04-29 06:00:00,365,1
841,2021-04-29 06:00:00,Random Forest,6,1.517823683028565,1.5655578888547546,2020-04-29 06:00:00,2021-04-29 06:00:00,2021-04-29 06:00:00,365,1
842,2021-04-29 06:00:00,Neural Network,6,1.517823683028565,1.4767688414386018,2020-04-29 06:00:00,2021-04-29 06:00:00,2021-04-29 06:00:00,365,1
843,2021-04-29 06:00:00,Naive,6,1.517823683028565,1.6680764619708448,2020-04-29 06:00:00,2021-04-29 06:00:00,2021-04-29 06:00:00,365,1
844,2021-04-30 06:00:00,Decision Tree,6,1.7148985263000451,1.7450819016006243,2020-04-30 06:00:00,2021-04-30 06:00:00,2021-04-30 06:00:00,365,1
845,2021-04-30 06:00:00,Random Forest,6,1.7148985263000451,1.7561078377916992,2020-04-30 06:00:00,2021-04-30 06:00:00,2021-04-30 06:00:00,365,1
846,2021-04-30 06:00:00,Neural Network,6,1.7148985263000451,1.7797272675752553,2020-04-30 06:00:00,2021-04-30 06:00:00,2021-04-30 06:00:00,365,1
847,2021-04-30 06:00:00,Naive,6,1.7148985263000451,1.517823683028565,2020-04-30 06:00:00,2021-04-30 06:00:00,2021-04-30 06:00:00,365,1
848,2021-05-01 06:00:00,Decision Tree,6,0.993454167788959,1.0486665494729857,2020-05-01 06:00:00,2021-05-01 06:00:00,2021-05-01 06:00:00,365,1
849,2021-05-01 06:00:00,Random Forest,6,0.993454167788959,1.0372192140847984,2020-05-01 06:00:00,2021-05-01 06:00:00,2021-05-01 06:00:00,365,1
850,2021-05-01 06:00:00,Neural Network,6,0.993454167788959,-0.03529039473771184,2020-05-01 06:00:00,2021-05-01 06:00:00,2021-05-01 06:00:00,365,1
851,2021-05-01 06:00:00,Naive,6,0.993454167788959,1.7148985263000451,2020-05-01 06:00:00,2021-05-01 06:00:00,2021-05-01 06:00:00,365,1
852,2021-05-02 06:00:00,Decision Tree,6,0.7761538064667874,0.8794242342554202,2020-05-02 06:00:00,2021-05-02 06:00:00,2021-05-02 06:00:00,365,1
853,2021-05-02 06:00:00,Random Forest,6,0.7761538064667874,0.8364203440200046,2020-05-02 06:00:00,2021-05-02 06:00:00,2021-05-02 06:00:00,365,1
854,2021-05-02 06:00:00,Neural Network,6,0.7761538064667874,0.5147282027714442,2020-05-02 06:00:00,2021-05-02 06:00:00,2021-05-02 06:00:00,365,1
855,2021-05-02 06:00:00,Naive,6,0.7761538064667874,0.993454167788959,2020-05-02 06:00:00,2021-05-02 06:00:00,2021-05-02 06:00:00,365,1
856,2021-05-03 06:00:00,Decision Tree,6,1.6214982479230604,1.7293590719721816,2020-05-03 06:00:00,2021-05-03 06:00:00,2021-05-03 06:00:00,365,1
857,2021-05-03 06:00:00,Random Forest,6,1.6214982479230604,1.682546396073455,2020-05-03 06:00:00,2021-05-03 06:00:00,2021-05-03 06:00:00,365,1
858,2021-05-03 06:00:00,Neural Network,6,1.6214982479230604,1.5301571780555903,2020-05-03 06:00:00,2021-05-03 06:00:00,2021-05-03 06:00:00,365,1
859,2021-05-03 06:00:00,Naive,6,1.6214982479230604,0.7761538064667874,2020-05-03 06:00:00,2021-05-03 06:00:00,2021-05-03 06:00:00,365,1
860,2021-05-04 06:00:00,Decision Tree,6,0.40687204762764473,0.4597380102292828,2020-05-04 06:00:00,2021-05-04 06:00:00,2021-05-04 06:00:00,365,1
861,2021-05-04 06:00:00,Random Forest,6,0.40687204762764473,0.46734697159617156,2020-05-04 06:00:00,2021-05-04 06:00:00,2021-05-04 06:00:00,365,1
862,2021-05-04 06:00:00,Neural Network,6,0.40687204762764473,-0.09337489905492352,2020-05-04 06:00:00,2021-05-04 06:00:00,2021-05-04 06:00:00,365,1
863,2021-05-04 06:00:00,Naive,6,0.40687204762764473,1.6214982479230604,2020-05-04 06:00:00,2021-05-04 06:00:00,2021-05-04 06:00:00,365,1
864,2021-05-05 06:00:00,Decision Tree,6,1.2785959802954758,1.338802515343755,2020-05-05 06:00:00,2021-05-05 06:00:00,2021-05-05 06:00:00,365,1
865,2021-05-05 06:00:00,Random Forest,6,1.2785959802954758,1.357369544792847,2020-05-05 06:00:00,2021-05-05 06:00:00,2021-05-05 06:00:00,365,1
866,2021-05-05 06:00:00,Neural Network,6,1.2785959802954758,1.2355900465574496,2020-05-05 06:00:00,2021-05-05 06:00:00,2021-05-05 06:00:00,365,1
867,2021-05-05 06:00:00,Naive,6,1.2785959802954758,0.40687204762764473,2020-05-05 06:00:00,2021-05-05 06:00:00,2021-05-05 06:00:00,365,1
868,2021-05-06 06:00:00,Decision Tree,6,1.5435117083628132,1.622335496234138,2020-05-06 06:00:00,2021-05-06 06:00:00,2021-05-06 06:00:00,365,1
869,2021-05-06 06:00:00,Random Forest,6,1.5435117083628132,1.6256784279029715,2020-05-06 06:00:00,2021-05-06 06:00:00,2021-05-06 06:00:00,365,1
870,2021-05-06 06:00:00,Neural Network,6,1.5435117083628132,1.5647325312972784,2020-05-06 06:00:00,2021-05-06 06:00:00,2021-05-06 06:00:00,365,1
871,2021-05-06 06:00:00,Naive,6,1.5435117083628132,1.2785959802954758,2020-05-06 06:00:00,2021-05-06 06:00:00,2021-05-06 06:00:00,365,1
872,2021-05-07 06:00:00,Decision Tree,6,1.8359720837350735,1.9355402448512442,2020-05-07 06:00:00,2021-05-07 06:00:00,2021-05-07 06:00:00,365,1
873,2021-05-07 06:00:00,Random Forest,6,1.8359720837350735,1.8540754037662937,2020-05-07 06:00:00,2021-05-07 06:00:00,2021-05-07 06:00:00,365,1
874,2021-05-07 06:00:00,Neural Network,6,1.8359720837350735,1.8374397201902986,2020-05-07 06:00:00,2021-05-07 06:00:00,2021-05-07 06:00:00,365,1
875,2021-05-07 06:00:00,Naive,6,1.8359720837350735,1.5435117083628132,2020-05-07 06:00:00,2021-05-07 06:00:00,2021-05-07 06:00:00,365,1
876,2021-05-08 06:00:00,Decision Tree,6,1.0930308620981193,1.294135049974917,2020-05-08 06:00:00,2021-05-08 06:00:00,2021-05-08 06:00:00,365,1
877,2021-05-08 06:00:00,Random Forest,6,1.0930308620981193,1.184918352460819,2020-05-08 06:00:00,2021-05-08 06:00:00,2021-05-08 06:00:00,365,1
878,2021-05-08 06:00:00,Neural Network,6,1.0930308620981193,0.6633902934193797,2020-05-08 06:00:00,2021-05-08 06:00:00,2021-05-08 06:00:00,365,1
879,2021-05-08 06:00:00,Naive,6,1.0930308620981193,1.8359720837350735,2020-05-08 06:00:00,2021-05-08 06:00:00,2021-05-08 06:00:00,365,1
880,2021-05-09 06:00:00,Decision Tree,6,-1.6425094951591075,-1.687743524344388,2020-05-09 06:00:00,2021-05-09 06:00:00,2021-05-09 06:00:00,365,1
881,2021-05-09 06:00:00,Random Forest,6,-1.6425094951591075,-1.6748274324483783,2020-05-09 06:00:00,2021-05-09 06:00:00,2021-05-09 06:00:00,365,1
882,2021-05-09 06:00:00,Neural Network,6,-1.6425094951591075,-1.9686941097691117,2020-05-09 06:00:00,2021-05-09 06:00:00,2021-05-09 06:00:00,365,1
883,2021-05-09 06:00:00,Naive,6,-1.6425094951591075,1.0930308620981193,2020-05-09 06:00:00,2021-05-09 06:00:00,2021-05-09 06:00:00,365,1
884,2021-05-10 06:00:00,Decision Tree,6,1.1704903796352994,1.2723641754040664,2020-05-10 06:00:00,2021-05-10 06:00:00,2021-05-10 06:00:00,365,1
885,2021-05-10 06:00:00,Random Forest,6,1.1704903796352994,1.2652130353755326,2020-05-10 06:00:00,2021-05-10 06:00:00,2021-05-10 06:00:00,365,1
886,2021-05-10 06:00:00,Neural Network,6,1.1704903796352994,0.9319023821481266,2020-05-10 06:00:00,2021-05-10 06:00:00,2021-05-10 06:00:00,365,1
887,2021-05-10 06:00:00,Naive,6,1.1704903796352994,-1.6425094951591075,2020-05-10 06:00:00,2021-05-10 06:00:00,2021-05-10 06:00:00,365,1
888,2021-05-11 06:00:00,Decision Tree,6,1.7591719680307072,1.7293590719721814,2020-05-11 06:00:00,2021-05-11 06:00:00,2021-05-11 06:00:00,365,1
889,2021-05-11 06:00:00,Random Forest,6,1.7591719680307072,1.7918532928678985,2020-05-11 06:00:00,2021-05-11 06:00:00,2021-05-11 06:00:00,365,1
890,2021-05-11 06:00:00,Neural Network,6,1.7591719680307072,1.876732457479596,2020-05-11 06:00:00,2021-05-11 06:00:00,2021-05-11 06:00:00,365,1
891,2021-05-11 06:00:00,Naive,6,1.7591719680307072,1.1704903796352994,2020-05-11 06:00:00,2021-05-11 06:00:00,2021-05-11 06:00:00,365,1
892,2021-05-12 06:00:00,Decision Tree,6,1.5833071488240296,1.617841269408718,2020-05-12 06:00:00,2021-05-12 06:00:00,2021-05-12 06:00:00,365,1
893,2021-05-12 06:00:00,Random Forest,6,1.5833071488240296,1.6395520070948721,2020-05-12 06:00:00,2021-05-12 06:00:00,2021-05-12 06:00:00,365,1
894,2021-05-12 06:00:00,Neural Network,6,1.5833071488240296,1.5955092068612573,2020-05-12 06:00:00,2021-05-12 06:00:00,2021-05-12 06:00:00,365,1
895,2021-05-12 06:00:00,Naive,6,1.5833071488240296,1.7591719680307072,2020-05-12 06:00:00,2021-05-12 06:00:00,2021-05-12 06:00:00,365,1
896,2021-05-13 06:00:00,Decision Tree,6,1.2823851852446257,1.395287122001122,2020-05-13 06:00:00,2021-05-13 06:00:00,2021-05-13 06:00:00,365,1
897,2021-05-13 06:00:00,Random Forest,6,1.2823851852446257,1.3711835068661722,2020-05-13 06:00:00,2021-05-13 06:00:00,2021-05-13 06:00:00,365,1
898,2021-05-13 06:00:00,Neural Network,6,1.2823851852446257,1.1717533921863383,2020-05-13 06:00:00,2021-05-13 06:00:00,2021-05-13 06:00:00,365,1
899,2021-05-13 06:00:00,Naive,6,1.2823851852446257,1.5833071488240296,2020-05-13 06:00:00,2021-05-13 06:00:00,2021-05-13 06:00:00,365,1
900,2021-05-14 06:00:00,Decision Tree,6,1.6778005055723335,1.7427828574762678,2020-05-14 06:00:00,2021-05-14 06:00:00,2021-05-14 06:00:00,365,1
901,2021-05-14 06:00:00,Random Forest,6,1.6778005055723335,1.7418727488295118,2020-05-14 06:00:00,2021-05-14 06:00:00,2021-05-14 06:00:00,365,1
902,2021-05-14 06:00:00,Neural Network,6,1.6778005055723335,1.539186567166529,2020-05-14 06:00:00,2021-05-14 06:00:00,2021-05-14 06:00:00,365,1
903,2021-05-14 06:00:00,Naive,6,1.6778005055723335,1.2823851852446257,2020-05-14 06:00:00,2021-05-14 06:00:00,2021-05-14 06:00:00,365,1
904,2021-05-15 06:00:00,Decision Tree,6,1.0812021913407954,1.063921446268754,2020-05-15 06:00:00,2021-05-15 06:00:00,2021-05-15 06:00:00,365,1
905,2021-05-15 06:00:00,Random Forest,6,1.0812021913407954,1.1178776436454534,2020-05-15 06:00:00,2021-05-15 06:00:00,2021-05-15 06:00:00,365,1
906,2021-05-15 06:00:00,Neural Network,6,1.0812021913407954,0.8513630341715854,2020-05-15 06:00:00,2021-05-15 06:00:00,2021-05-15 06:00:00,365,1
907,2021-05-15 06:00:00,Naive,6,1.0812021913407954,1.6778005055723335,2020-05-15 06:00:00,2021-05-15 06:00:00,2021-05-15 06:00:00,365,1
908,2021-05-16 06:00:00,Decision Tree,6,-0.8517126508483801,-0.8465048841972473,2020-05-16 06:00:00,2021-05-16 06:00:00,2021-05-16 06:00:00,365,1
909,2021-05-16 06:00:00,Random Forest,6,-0.8517126508483801,-0.8703762955403592,2020-05-16 06:00:00,2021-05-16 06:00:00,2021-05-16 06:00:00,365,1
910,2021-05-16 06:00:00,Neural Network,6,-0.8517126508483801,-0.3992338834272755,2020-05-16 06:00:00,2021-05-16 06:00:00,2021-05-16 06:00:00,365,1
911,2021-05-16 06:00:00,Naive,6,-0.8517126508483801,1.0812021913407954,2020-05-16 06:00:00,2021-05-16 06:00:00,2021-05-16 06:00:00,365,1
912,2021-05-17 06:00:00,Decision Tree,6,1.8170835214587986,1.9189455513318823,2020-05-17 06:00:00,2021-05-17 06:00:00,2021-05-17 06:00:00,365,1
913,2021-05-17 06:00:00,Random Forest,6,1.8170835214587986,1.8462635810265764,2020-05-17 06:00:00,2021-05-17 06:00:00,2021-05-17 06:00:00,365,1
914,2021-05-17 06:00:00,Neural Network,6,1.8170835214587986,1.938431792092554,2020-05-17 06:00:00,2021-05-17 06:00:00,2021-05-17 06:00:00,365,1
915,2021-05-17 06:00:00,Naive,6,1.8170835214587986,-0.8517126508483801,2020-05-17 06:00:00,2021-05-17 06:00:00,2021-05-17 06:00:00,365,1
916,2021-05-18 06:00:00,Decision Tree,6,1.8341923620189917,1.9043938327785845,2020-05-18 06:00:00,2021-05-18 06:00:00,2021-05-18 06:00:00,365,1
917,2021-05-18 06:00:00,Random Forest,6,1.8341923620189917,1.8473650912304675,2020-05-18 06:00:00,2021-05-18 06:00:00,2021-05-18 06:00:00,365,1
918,2021-05-18 06:00:00,Neural Network,6,1.8341923620189917,1.8586605454096938,2020-05-18 06:00:00,2021-05-18 06:00:00,2021-05-18 06:00:00,365,1
919,2021-05-18 06:00:00,Naive,6,1.8341923620189917,1.8170835214587986,2020-05-18 06:00:00,2021-05-18 06:00:00,2021-05-18 06:00:00,365,1
920,2021-05-19 06:00:00,Decision Tree,6,1.8704606831953579,1.7946990736466453,2020-05-19 06:00:00,2021-05-19 06:00:00,2021-05-19 06:00:00,365,1
921,2021-05-19 06:00:00,Random Forest,6,1.8704606831953579,1.9030282133095402,2020-05-19 06:00:00,2021-05-19 06:00:00,2021-05-19 06:00:00,365,1
922,2021-05-19 06:00:00,Neural Network,6,1.8704606831953579,2.105995087808161,2020-05-19 06:00:00,2021-05-19 06:00:00,2021-05-19 06:00:00,365,1
923,2021-05-19 06:00:00,Naive,6,1.8704606831953579,1.8341923620189917,2020-05-19 06:00:00,2021-05-19 06:00:00,2021-05-19 06:00:00,365,1
924,2021-05-20 06:00:00,Decision Tree,6,1.8054746872261722,1.8036247294895127,2020-05-20 06:00:00,2021-05-20 06:00:00,2021-05-20 06:00:00,365,1
925,2021-05-20 06:00:00,Random Forest,6,1.8054746872261722,1.8770923851469785,2020-05-20 06:00:00,2021-05-20 06:00:00,2021-05-20 06:00:00,365,1
926,2021-05-20 06:00:00,Neural Network,6,1.8054746872261722,2.0423382852968364,2020-05-20 06:00:00,2021-05-20 06:00:00,2021-05-20 06:00:00,365,1
927,2021-05-20 06:00:00,Naive,6,1.8054746872261722,1.8704606831953579,2020-05-20 06:00:00,2021-05-20 06:00:00,2021-05-20 06:00:00,365,1
928,2021-05-21 06:00:00,Decision Tree,6,0.8879858339945209,0.9860331271221934,2020-05-21 06:00:00,2021-05-21 06:00:00,2021-05-21 06:00:00,365,1
929,2021-05-21 06:00:00,Random Forest,6,0.8879858339945209,0.974074331127718,2020-05-21 06:00:00,2021-05-21 06:00:00,2021-05-21 06:00:00,365,1
930,2021-05-21 06:00:00,Neural Network,6,0.8879858339945209,0.8549069149168201,2020-05-21 06:00:00,2021-05-21 06:00:00,2021-05-21 06:00:00,365,1
931,2021-05-21 06:00:00,Naive,6,0.8879858339945209,1.8054746872261722,2020-05-21 06:00:00,2021-05-21 06:00:00,2021-05-21 06:00:00,365,1
932,2021-05-22 06:00:00,Decision Tree,6,-1.6470028725653956,-1.6812815201750622,2020-05-22 06:00:00,2021-05-22 06:00:00,2021-05-22 06:00:00,365,1
933,2021-05-22 06:00:00,Random Forest,6,-1.6470028725653956,-1.7328944266039215,2020-05-22 06:00:00,2021-05-22 06:00:00,2021-05-22 06:00:00,365,1
934,2021-05-22 06:00:00,Neural Network,6,-1.6470028725653956,-1.5157590103151948,2020-05-22 06:00:00,2021-05-22 06:00:00,2021-05-22 06:00:00,365,1
935,2021-05-22 06:00:00,Naive,6,-1.6470028725653956,0.8879858339945209,2020-05-22 06:00:00,2021-05-22 06:00:00,2021-05-22 06:00:00,365,1
936,2021-05-23 06:00:00,Decision Tree,6,-1.4843409541896013,-1.5447088000176894,2020-05-23 06:00:00,2021-05-23 06:00:00,2021-05-23 06:00:00,365,1
937,2021-05-23 06:00:00,Random Forest,6,-1.4843409541896013,-1.537943100936325,2020-05-23 06:00:00,2021-05-23 06:00:00,2021-05-23 06:00:00,365,1
938,2021-05-23 06:00:00,Neural Network,6,-1.4843409541896013,-1.4509424841679914,2020-05-23 06:00:00,2021-05-23 06:00:00,2021-05-23 06:00:00,365,1
939,2021-05-23 06:00:00,Naive,6,-1.4843409541896013,-1.6470028725653956,2020-05-23 06:00:00,2021-05-23 06:00:00,2021-05-23 06:00:00,365,1
940,2021-05-24 06:00:00,Decision Tree,6,-0.8515342232746383,-0.8563568856726562,2020-05-24 06:00:00,2021-05-24 06:00:00,2021-05-24 06:00:00,365,1
941,2021-05-24 06:00:00,Random Forest,6,-0.8515342232746383,-0.8745852631371017,2020-05-24 06:00:00,2021-05-24 06:00:00,2021-05-24 06:00:00,365,1
942,2021-05-24 06:00:00,Neural Network,6,-0.8515342232746383,-1.2950888665798945,2020-05-24 06:00:00,2021-05-24 06:00:00,2021-05-24 06:00:00,365,1
943,2021-05-24 06:00:00,Naive,6,-0.8515342232746383,-1.4843409541896013,2020-05-24 06:00:00,2021-05-24 06:00:00,2021-05-24 06:00:00,365,1
944,2021-05-25 06:00:00,Decision Tree,6,1.4555663772693765,1.5637614803900215,2020-05-25 06:00:00,2021-05-25 06:00:00,2021-05-25 06:00:00,365,1
945,2021-05-25 06:00:00,Random Forest,6,1.4555663772693765,1.55039651837591,2020-05-25 06:00:00,2021-05-25 06:00:00,2021-05-25 06:00:00,365,1
946,2021-05-25 06:00:00,Neural Network,6,1.4555663772693765,1.5070667440128844,2020-05-25 06:00:00,2021-05-25 06:00:00,2021-05-25 06:00:00,365,1
947,2021-05-25 06:00:00,Naive,6,1.4555663772693765,-0.8515342232746383,2020-05-25 06:00:00,2021-05-25 06:00:00,2021-05-25 06:00:00,365,1
948,2021-05-26 06:00:00,Decision Tree,6,1.7213601050265093,1.8038302803491417,2020-05-26 06:00:00,2021-05-26 06:00:00,2021-05-26 06:00:00,365,1
949,2021-05-26 06:00:00,Random Forest,6,1.7213601050265093,1.7687351581901145,2020-05-26 06:00:00,2021-05-26 06:00:00,2021-05-26 06:00:00,365,1
950,2021-05-26 06:00:00,Neural Network,6,1.7213601050265093,1.7346887071489876,2020-05-26 06:00:00,2021-05-26 06:00:00,2021-05-26 06:00:00,365,1
951,2021-05-26 06:00:00,Naive,6,1.7213601050265093,1.4555663772693765,2020-05-26 06:00:00,2021-05-26 06:00:00,2021-05-26 06:00:00,365,1
952,2021-05-27 06:00:00,Decision Tree,6,1.7268888326000738,1.8271402044765062,2020-05-27 06:00:00,2021-05-27 06:00:00,2021-05-27 06:00:00,365,1
953,2021-05-27 06:00:00,Random Forest,6,1.7268888326000738,1.7783633273067998,2020-05-27 06:00:00,2021-05-27 06:00:00,2021-05-27 06:00:00,365,1
954,2021-05-27 06:00:00,Neural Network,6,1.7268888326000738,1.8551148263258785,2020-05-27 06:00:00,2021-05-27 06:00:00,2021-05-27 06:00:00,365,1
955,2021-05-27 06:00:00,Naive,6,1.7268888326000738,1.7213601050265093,2020-05-27 06:00:00,2021-05-27 06:00:00,2021-05-27 06:00:00,365,1
956,2021-05-28 06:00:00,Decision Tree,6,1.8196932524958456,1.9364115174123981,2020-05-28 06:00:00,2021-05-28 06:00:00,2021-05-28 06:00:00,365,1
957,2021-05-28 06:00:00,Random Forest,6,1.8196932524958456,1.8547704220991834,2020-05-28 06:00:00,2021-05-28 06:00:00,2021-05-28 06:00:00,365,1
958,2021-05-28 06:00:00,Neural Network,6,1.8196932524958456,2.1273384323056845,2020-05-28 06:00:00,2021-05-28 06:00:00,2021-05-28 06:00:00,365,1
959,2021-05-28 06:00:00,Naive,6,1.8196932524958456,1.7268888326000738,2020-05-28 06:00:00,2021-05-28 06:00:00,2021-05-28 06:00:00,365,1
960,2021-05-29 06:00:00,Decision Tree,6,1.3650096541139678,1.5398818139034298,2020-05-29 06:00:00,2021-05-29 06:00:00,2021-05-29 06:00:00,365,1
961,2021-05-29 06:00:00,Random Forest,6,1.3650096541139678,1.5184201846629413,2020-05-29 06:00:00,2021-05-29 06:00:00,2021-05-29 06:00:00,365,1
962,2021-05-29 06:00:00,Neural Network,6,1.3650096541139678,1.3364306342163155,2020-05-29 06:00:00,2021-05-29 06:00:00,2021-05-29 06:00:00,365,1
963,2021-05-29 06:00:00,Naive,6,1.3650096541139678,1.8196932524958456,2020-05-29 06:00:00,2021-05-29 06:00:00,2021-05-29 06:00:00,365,1
964,2021-05-30 06:00:00,Decision Tree,6,0.5916179490229432,0.7124150428459614,2020-05-30 06:00:00,2021-05-30 06:00:00,2021-05-30 06:00:00,365,1
965,2021-05-30 06:00:00,Random Forest,6,0.5916179490229432,0.7002122735928882,2020-05-30 06:00:00,2021-05-30 06:00:00,2021-05-30 06:00:00,365,1
966,2021-05-30 06:00:00,Neural Network,6,0.5916179490229432,0.6385770118218538,2020-05-30 06:00:00,2021-05-30 06:00:00,2021-05-30 06:00:00,365,1
967,2021-05-30 06:00:00,Naive,6,0.5916179490229432,1.3650096541139678,2020-05-30 06:00:00,2021-05-30 06:00:00,2021-05-30 06:00:00,365,1
968,2021-05-31 06:00:00,Decision Tree,6,1.7111888132118018,1.7483990017486113,2020-05-31 06:00:00,2021-05-31 06:00:00,2021-05-31 06:00:00,365,1
969,2021-05-31 06:00:00,Random Forest,6,1.7111888132118018,1.785123662176136,2020-05-31 06:00:00,2021-05-31 06:00:00,2021-05-31 06:00:00,365,1
970,2021-05-31 06:00:00,Neural Network,6,1.7111888132118018,1.993219888254537,2020-05-31 06:00:00,2021-05-31 06:00:00,2021-05-31 06:00:00,365,1
971,2021-05-31 06:00:00,Naive,6,1.7111888132118018,0.5916179490229432,2020-05-31 06:00:00,2021-05-31 06:00:00,2021-05-31 06:00:00,365,1
972,2021-06-01 06:00:00,Decision Tree,6,1.758499748960232,1.8304794316883732,2020-06-01 06:00:00,2021-06-01 06:00:00,2021-06-01 06:00:00,365,1
973,2021-06-01 06:00:00,Random Forest,6,1.758499748960232,1.8586820121648824,2020-06-01 06:00:00,2021-06-01 06:00:00,2021-06-01 06:00:00,365,1
974,2021-06-01 06:00:00,Neural Network,6,1.758499748960232,1.9310232668614362,2020-06-01 06:00:00,2021-06-01 06:00:00,2021-06-01 06:00:00,365,1
975,2021-06-01 06:00:00,Naive,6,1.758499748960232,1.7111888132118018,2020-06-01 06:00:00,2021-06-01 06:00:00,2021-06-01 06:00:00,365,1
976,2021-06-02 06:00:00,Decision Tree,6,1.7431845911632387,1.7490231669999268,2020-06-02 06:00:00,2021-06-02 06:00:00,2021-06-02 06:00:00,365,1
977,2021-06-02 06:00:00,Random Forest,6,1.7431845911632387,1.774174107387083,2020-06-02 06:00:00,2021-06-02 06:00:00,2021-06-02 06:00:00,365,1
978,2021-06-02 06:00:00,Neural Network,6,1.7431845911632387,1.7565083488811077,2020-06-02 06:00:00,2021-06-02 06:00:00,2021-06-02 06:00:00,365,1
979,2021-06-02 06:00:00,Naive,6,1.7431845911632387,1.758499748960232,2020-06-02 06:00:00,2021-06-02 06:00:00,2021-06-02 06:00:00,365,1
980,2021-06-03 06:00:00,Decision Tree,6,0.9906719926443919,1.0668015704474276,2020-06-03 06:00:00,2021-06-03 06:00:00,2021-06-03 06:00:00,365,1
981,2021-06-03 06:00:00,Random Forest,6,0.9906719926443919,1.0920244573180231,2020-06-03 06:00:00,2021-06-03 06:00:00,2021-06-03 06:00:00,365,1
982,2021-06-03 06:00:00,Neural Network,6,0.9906719926443919,0.5437526079357807,2020-06-03 06:00:00,2021-06-03 06:00:00,2021-06-03 06:00:00,365,1
983,2021-06-03 06:00:00,Naive,6,0.9906719926443919,1.7431845911632387,2020-06-03 06:00:00,2021-06-03 06:00:00,2021-06-03 06:00:00,365,1
984,2021-06-04 06:00:00,Decision Tree,6,1.6774035330421655,1.7183304007604248,2020-06-04 06:00:00,2021-06-04 06:00:00,2021-06-04 06:00:00,365,1
985,2021-06-04 06:00:00,Random Forest,6,1.6774035330421655,1.727718245470697,2020-06-04 06:00:00,2021-06-04 06:00:00,2021-06-04 06:00:00,365,1
986,2021-06-04 06:00:00,Neural Network,6,1.6774035330421655,1.7530946411244732,2020-06-04 06:00:00,2021-06-04 06:00:00,2021-06-04 06:00:00,365,1
987,2021-06-04 06:00:00,Naive,6,1.6774035330421655,0.9906719926443919,2020-06-04 06:00:00,2021-06-04 06:00:00,2021-06-04 06:00:00,365,1
988,2021-06-05 06:00:00,Decision Tree,6,1.0645748197717422,1.0559259164755652,2020-06-05 06:00:00,2021-06-05 06:00:00,2021-06-05 06:00:00,365,1
989,2021-06-05 06:00:00,Random Forest,6,1.0645748197717422,1.14863297502513,2020-06-05 06:00:00,2021-06-05 06:00:00,2021-06-05 06:00:00,365,1
990,2021-06-05 06:00:00,Neural Network,6,1.0645748197717422,1.0656292122558164,2020-06-05 06:00:00,2021-06-05 06:00:00,2021-06-05 06:00:00,365,1
991,2021-06-05 06:00:00,Naive,6,1.0645748197717422,1.6774035330421655,2020-06-05 06:00:00,2021-06-05 06:00:00,2021-06-05 06:00:00,365,1
992,2021-06-06 06:00:00,Decision Tree,6,0.8907883994122857,0.9377223235860102,2020-06-06 06:00:00,2021-06-06 06:00:00,2021-06-06 06:00:00,365,1
993,2021-06-06 06:00:00,Random Forest,6,0.8907883994122857,0.9787472386550968,2020-06-06 06:00:00,2021-06-06 06:00:00,2021-06-06 06:00:00,365,1
994,2021-06-06 06:00:00,Neural Network,6,0.8907883994122857,0.8583176712888362,2020-06-06 06:00:00,2021-06-06 06:00:00,2021-06-06 06:00:00,365,1
995,2021-06-06 06:00:00,Naive,6,0.8907883994122857,1.0645748197717422,2020-06-06 06:00:00,2021-06-06 06:00:00,2021-06-06 06:00:00,365,1
996,2021-06-07 06:00:00,Decision Tree,6,1.7624126918134317,1.8304794316883732,2020-06-07 06:00:00,2021-06-07 06:00:00,2021-06-07 06:00:00,365,1
997,2021-06-07 06:00:00,Random Forest,6,1.7624126918134317,1.8714351748156484,2020-06-07 06:00:00,2021-06-07 06:00:00,2021-06-07 06:00:00,365,1
998,2021-06-07 06:00:00,Neural Network,6,1.7624126918134317,1.778491609841017,2020-06-07 06:00:00,2021-06-07 06:00:00,2021-06-07 06:00:00,365,1
999,2021-06-07 06:00:00,Naive,6,1.7624126918134317,0.8907883994122857,2020-06-07 06:00:00,2021-06-07 06:00:00,2021-06-07 06:00:00,365,1
1000,2021-06-08 06:00:00,Decision Tree,6,1.758068454960451,1.8207556117062385,2020-06-08 06:00:00,2021-06-08 06:00:00,2021-06-08 06:00:00,365,1
1001,2021-06-08 06:00:00,Random Forest,6,1.758068454960451,1.8107276231197929,2020-06-08 06:00:00,2021-06-08 06:00:00,2021-06-08 06:00:00,365,1
1002,2021-06-08 06:00:00,Neural Network,6,1.758068454960451,1.9174995129252306,2020-06-08 06:00:00,2021-06-08 06:00:00,2021-06-08 06:00:00,365,1
1003,2021-06-08 06:00:00,Naive,6,1.758068454960451,1.7624126918134317,2020-06-08 06:00:00,2021-06-08 06:00:00,2021-06-08 06:00:00,365,1
1004,2021-06-09 06:00:00,Decision Tree,6,1.7596031058473351,1.807519293263919,2020-06-09 06:00:00,2021-06-09 06:00:00,2021-06-09 06:00:00,365,1
1005,2021-06-09 06:00:00,Random Forest,6,1.7596031058473351,1.7837822202406748,2020-06-09 06:00:00,2021-06-09 06:00:00,2021-06-09 06:00:00,365,1
1006,2021-06-09 06:00:00,Neural Network,6,1.7596031058473351,1.8963351932196448,2020-06-09 06:00:00,2021-06-09 06:00:00,2021-06-09 06:00:00,365,1
1007,2021-06-09 06:00:00,Naive,6,1.7596031058473351,1.758068454960451,2020-06-09 06:00:00,2021-06-09 06:00:00,2021-06-09 06:00:00,365,1
1008,2021-06-10 06:00:00,Decision Tree,6,1.771052540023559,1.9051347430824042,2020-06-10 06:00:00,2021-06-10 06:00:00,2021-06-10 06:00:00,365,1
1009,2021-06-10 06:00:00,Random Forest,6,1.771052540023559,1.8038227572172005,2020-06-10 06:00:00,2021-06-10 06:00:00,2021-06-10 06:00:00,365,1
1010,2021-06-10 06:00:00,Neural Network,6,1.771052540023559,1.8050694486092043,2020-06-10 06:00:00,2021-06-10 06:00:00,2021-06-10 06:00:00,365,1
1011,2021-06-10 06:00:00,Naive,6,1.771052540023559,1.7596031058473351,2020-06-10 06:00:00,2021-06-10 06:00:00,2021-06-10 06:00:00,365,1
1012,2021-06-11 06:00:00,Decision Tree,6,1.9103142762075822,1.9051347430824042,2020-06-11 06:00:00,2021-06-11 06:00:00,2021-06-11 06:00:00,365,1
1013,2021-06-11 06:00:00,Random Forest,6,1.9103142762075822,1.8689061551263555,2020-06-11 06:00:00,2021-06-11 06:00:00,2021-06-11 06:00:00,365,1
1014,2021-06-11 06:00:00,Neural Network,6,1.9103142762075822,2.024064016636297,2020-06-11 06:00:00,2021-06-11 06:00:00,2021-06-11 06:00:00,365,1
1015,2021-06-11 06:00:00,Naive,6,1.9103142762075822,1.771052540023559,2020-06-11 06:00:00,2021-06-11 06:00:00,2021-06-11 06:00:00,365,1
1016,2021-06-12 06:00:00,Decision Tree,6,1.0900497949325132,1.2919614385048706,2020-06-12 06:00:00,2021-06-12 06:00:00,2021-06-12 06:00:00,365,1
1017,2021-06-12 06:00:00,Random Forest,6,1.0900497949325132,1.2634768828437446,2020-06-12 06:00:00,2021-06-12 06:00:00,2021-06-12 06:00:00,365,1
1018,2021-06-12 06:00:00,Neural Network,6,1.0900497949325132,0.8307044584082914,2020-06-12 06:00:00,2021-06-12 06:00:00,2021-06-12 06:00:00,365,1
1019,2021-06-12 06:00:00,Naive,6,1.0900497949325132,1.9103142762075822,2020-06-12 06:00:00,2021-06-12 06:00:00,2021-06-12 06:00:00,365,1
1020,2021-06-13 06:00:00,Decision Tree,6,-1.4925911442043478,-1.5893139900883786,2020-06-13 06:00:00,2021-06-13 06:00:00,2021-06-13 06:00:00,365,1
1021,2021-06-13 06:00:00,Random Forest,6,-1.4925911442043478,-1.5905164307571957,2020-06-13 06:00:00,2021-06-13 06:00:00,2021-06-13 06:00:00,365,1
1022,2021-06-13 06:00:00,Neural Network,6,-1.4925911442043478,-1.3408558311476686,2020-06-13 06:00:00,2021-06-13 06:00:00,2021-06-13 06:00:00,365,1
1023,2021-06-13 06:00:00,Naive,6,-1.4925911442043478,1.0900497949325132,2020-06-13 06:00:00,2021-06-13 06:00:00,2021-06-13 06:00:00,365,1
1024,2021-06-14 06:00:00,Decision Tree,6,1.8248624682684695,1.9057821847230514,2020-06-14 06:00:00,2021-06-14 06:00:00,2021-06-14 06:00:00,365,1
1025,2021-06-14 06:00:00,Random Forest,6,1.8248624682684695,1.8849864560782104,2020-06-14 06:00:00,2021-06-14 06:00:00,2021-06-14 06:00:00,365,1
1026,2021-06-14 06:00:00,Neural Network,6,1.8248624682684695,1.8682700101536385,2020-06-14 06:00:00,2021-06-14 06:00:00,2021-06-14 06:00:00,365,1
1027,2021-06-14 06:00:00,Naive,6,1.8248624682684695,-1.4925911442043478,2020-06-14 06:00:00,2021-06-14 06:00:00,2021-06-14 06:00:00,365,1
1028,2021-06-15 06:00:00,Decision Tree,6,1.884412743281947,1.8967911051169868,2020-06-15 06:00:00,2021-06-15 06:00:00,2021-06-15 06:00:00,365,1
1029,2021-06-15 06:00:00,Random Forest,6,1.884412743281947,1.878372900867284,2020-06-15 06:00:00,2021-06-15 06:00:00,2021-06-15 06:00:00,365,1
1030,2021-06-15 06:00:00,Neural Network,6,1.884412743281947,1.9983638847117529,2020-06-15 06:00:00,2021-06-15 06:00:00,2021-06-15 06:00:00,365,1
1031,2021-06-15 06:00:00,Naive,6,1.884412743281947,1.8248624682684695,2020-06-15 06:00:00,2021-06-15 06:00:00,2021-06-15 06:00:00,365,1
1032,2021-06-16 06:00:00,Decision Tree,6,1.8492105774892493,1.944382236014843,2020-06-16 06:00:00,2021-06-16 06:00:00,2021-06-16 06:00:00,365,1
1033,2021-06-16 06:00:00,Random Forest,6,1.8492105774892493,1.8779719935836872,2020-06-16 06:00:00,2021-06-16 06:00:00,2021-06-16 06:00:00,365,1
1034,2021-06-16 06:00:00,Neural Network,6,1.8492105774892493,1.907721667668119,2020-06-16 06:00:00,2021-06-16 06:00:00,2021-06-16 06:00:00,365,1
1035,2021-06-16 06:00:00,Naive,6,1.8492105774892493,1.884412743281947,2020-06-16 06:00:00,2021-06-16 06:00:00,2021-06-16 06:00:00,365,1
1036,2021-06-17 06:00:00,Decision Tree,6,1.5333216429242742,1.7137829710139512,2020-06-17 06:00:00,2021-06-17 06:00:00,2021-06-17 06:00:00,365,1
1037,2021-06-17 06:00:00,Random Forest,6,1.5333216429242742,1.6901355202195003,2020-06-17 06:00:00,2021-06-17 06:00:00,2021-06-17 06:00:00,365,1
1038,2021-06-17 06:00:00,Neural Network,6,1.5333216429242742,1.4404943986055883,2020-06-17 06:00:00,2021-06-17 06:00:00,2021-06-17 06:00:00,365,1
1039,2021-06-17 06:00:00,Naive,6,1.5333216429242742,1.8492105774892493,2020-06-17 06:00:00,2021-06-17 06:00:00,2021-06-17 06:00:00,365,1
1040,2021-06-18 06:00:00,Decision Tree,6,1.8409009373946843,1.8467243018521224,2020-06-18 06:00:00,2021-06-18 06:00:00,2021-06-18 06:00:00,365,1
1041,2021-06-18 06:00:00,Random Forest,6,1.8409009373946843,1.8539622860513503,2020-06-18 06:00:00,2021-06-18 06:00:00,2021-06-18 06:00:00,365,1
1042,2021-06-18 06:00:00,Neural Network,6,1.8409009373946843,1.9139038902077044,2020-06-18 06:00:00,2021-06-18 06:00:00,2021-06-18 06:00:00,365,1
1043,2021-06-18 06:00:00,Naive,6,1.8409009373946843,1.5333216429242742,2020-06-18 06:00:00,2021-06-18 06:00:00,2021-06-18 06:00:00,365,1
1044,2021-06-19 06:00:00,Decision Tree,6,1.3672610709075603,1.5116159445529362,2020-06-19 06:00:00,2021-06-19 06:00:00,2021-06-19 06:00:00,365,1
1045,2021-06-19 06:00:00,Random Forest,6,1.3672610709075603,1.5029048740093076,2020-06-19 06:00:00,2021-06-19 06:00:00,2021-06-19 06:00:00,365,1
1046,2021-06-19 06:00:00,Neural Network,6,1.3672610709075603,1.387140020780203,2020-06-19 06:00:00,2021-06-19 06:00:00,2021-06-19 06:00:00,365,1
1047,2021-06-19 06:00:00,Naive,6,1.3672610709075603,1.8409009373946843,2020-06-19 06:00:00,2021-06-19 06:00:00,2021-06-19 06:00:00,365,1
1048,2021-06-20 06:00:00,Decision Tree,6,0.7548092457667824,0.8871552501972371,2020-06-20 06:00:00,2021-06-20 06:00:00,2021-06-20 06:00:00,365,1
1049,2021-06-20 06:00:00,Random Forest,6,0.7548092457667824,0.8828803619185315,2020-06-20 06:00:00,2021-06-20 06:00:00,2021-06-20 06:00:00,365,1
1050,2021-06-20 06:00:00,Neural Network,6,0.7548092457667824,0.9839297444883685,2020-06-20 06:00:00,2021-06-20 06:00:00,2021-06-20 06:00:00,365,1
1051,2021-06-20 06:00:00,Naive,6,0.7548092457667824,1.3672610709075603,2020-06-20 06:00:00,2021-06-20 06:00:00,2021-06-20 06:00:00,365,1
1052,2021-06-21 06:00:00,Decision Tree,6,1.6279936044939678,1.7103984091720286,2020-06-21 06:00:00,2021-06-21 06:00:00,2021-06-21 06:00:00,365,1
1053,2021-06-21 06:00:00,Random Forest,6,1.6279936044939678,1.7156261477609125,2020-06-21 06:00:00,2021-06-21 06:00:00,2021-06-21 06:00:00,365,1
1054,2021-06-21 06:00:00,Neural Network,6,1.6279936044939678,1.6179794840685575,2020-06-21 06:00:00,2021-06-21 06:00:00,2021-06-21 06:00:00,365,1
1055,2021-06-21 06:00:00,Naive,6,1.6279936044939678,0.7548092457667824,2020-06-21 06:00:00,2021-06-21 06:00:00,2021-06-21 06:00:00,365,1
1056,2021-06-22 06:00:00,Decision Tree,6,1.7779009679966093,1.8380219406746696,2020-06-22 06:00:00,2021-06-22 06:00:00,2021-06-22 06:00:00,365,1
1057,2021-06-22 06:00:00,Random Forest,6,1.7779009679966093,1.850393108579528,2020-06-22 06:00:00,2021-06-22 06:00:00,2021-06-22 06:00:00,365,1
1058,2021-06-22 06:00:00,Neural Network,6,1.7779009679966093,1.7845115728146659,2020-06-22 06:00:00,2021-06-22 06:00:00,2021-06-22 06:00:00,365,1
1059,2021-06-22 06:00:00,Naive,6,1.7779009679966093,1.6279936044939678,2020-06-22 06:00:00,2021-06-22 06:00:00,2021-06-22 06:00:00,365,1
1060,2021-06-23 06:00:00,Decision Tree,6,1.867877764337154,1.8457720298165263,2020-06-23 06:00:00,2021-06-23 06:00:00,2021-06-23 06:00:00,365,1
1061,2021-06-23 06:00:00,Random Forest,6,1.867877764337154,1.8818534271516199,2020-06-23 06:00:00,2021-06-23 06:00:00,2021-06-23 06:00:00,365,1
1062,2021-06-23 06:00:00,Neural Network,6,1.867877764337154,1.5305629651618506,2020-06-23 06:00:00,2021-06-23 06:00:00,2021-06-23 06:00:00,365,1
1063,2021-06-23 06:00:00,Naive,6,1.867877764337154,1.7779009679966093,2020-06-23 06:00:00,2021-06-23 06:00:00,2021-06-23 06:00:00,365,1
1064,2021-06-24 06:00:00,Decision Tree,6,1.9316624944232084,1.8705432597421237,2020-06-24 06:00:00,2021-06-24 06:00:00,2021-06-24 06:00:00,365,1
1065,2021-06-24 06:00:00,Random Forest,6,1.9316624944232084,1.8770574248904226,2020-06-24 06:00:00,2021-06-24 06:00:00,2021-06-24 06:00:00,365,1
1066,2021-06-24 06:00:00,Neural Network,6,1.9316624944232084,2.176989532561607,2020-06-24 06:00:00,2021-06-24 06:00:00,2021-06-24 06:00:00,365,1
1067,2021-06-24 06:00:00,Naive,6,1.9316624944232084,1.867877764337154,2020-06-24 06:00:00,2021-06-24 06:00:00,2021-06-24 06:00:00,365,1
1068,2021-06-25 06:00:00,Decision Tree,6,1.899735194167311,1.9351895271044992,2020-06-25 06:00:00,2021-06-25 06:00:00,2021-06-25 06:00:00,365,1
1069,2021-06-25 06:00:00,Random Forest,6,1.899735194167311,1.9104319472211702,2020-06-25 06:00:00,2021-06-25 06:00:00,2021-06-25 06:00:00,365,1
1070,2021-06-25 06:00:00,Neural Network,6,1.899735194167311,2.01886609384572,2020-06-25 06:00:00,2021-06-25 06:00:00,2021-06-25 06:00:00,365,1
1071,2021-06-25 06:00:00,Naive,6,1.899735194167311,1.9316624944232084,2020-06-25 06:00:00,2021-06-25 06:00:00,2021-06-25 06:00:00,365,1
1072,2021-06-26 06:00:00,Decision Tree,6,1.7596457519289004,1.888695571147828,2020-06-26 06:00:00,2021-06-26 06:00:00,2021-06-26 06:00:00,365,1
1073,2021-06-26 06:00:00,Random Forest,6,1.7596457519289004,1.8424420914330248,2020-06-26 06:00:00,2021-06-26 06:00:00,2021-06-26 06:00:00,365,1
1074,2021-06-26 06:00:00,Neural Network,6,1.7596457519289004,1.685527270302222,2020-06-26 06:00:00,2021-06-26 06:00:00,2021-06-26 06:00:00,365,1
1075,2021-06-26 06:00:00,Naive,6,1.7596457519289004,1.899735194167311,2020-06-26 06:00:00,2021-06-26 06:00:00,2021-06-26 06:00:00,365,1
1076,2021-06-27 06:00:00,Decision Tree,6,1.3479788133695756,1.394787821975417,2020-06-27 06:00:00,2021-06-27 06:00:00,2021-06-27 06:00:00,365,1
1077,2021-06-27 06:00:00,Random Forest,6,1.3479788133695756,1.4532684247594378,2020-06-27 06:00:00,2021-06-27 06:00:00,2021-06-27 06:00:00,365,1
1078,2021-06-27 06:00:00,Neural Network,6,1.3479788133695756,1.4600393147781716,2020-06-27 06:00:00,2021-06-27 06:00:00,2021-06-27 06:00:00,365,1
1079,2021-06-27 06:00:00,Naive,6,1.3479788133695756,1.7596457519289004,2020-06-27 06:00:00,2021-06-27 06:00:00,2021-06-27 06:00:00,365,1
1080,2021-06-28 06:00:00,Decision Tree,6,1.9746157319327726,1.8511518076905573,2020-06-28 06:00:00,2021-06-28 06:00:00,2021-06-28 06:00:00,365,1
1081,2021-06-28 06:00:00,Random Forest,6,1.9746157319327726,1.8539680702723604,2020-06-28 06:00:00,2021-06-28 06:00:00,2021-06-28 06:00:00,365,1
1082,2021-06-28 06:00:00,Neural Network,6,1.9746157319327726,2.1031795378075095,2020-06-28 06:00:00,2021-06-28 06:00:00,2021-06-28 06:00:00,365,1
1083,2021-06-28 06:00:00,Naive,6,1.9746157319327726,1.3479788133695756,2020-06-28 06:00:00,2021-06-28 06:00:00,2021-06-28 06:00:00,365,1
1084,2021-06-29 06:00:00,Decision Tree,6,1.964709278544747,1.9297751789380921,2020-06-29 06:00:00,2021-06-29 06:00:00,2021-06-29 06:00:00,365,1
1085,2021-06-29 06:00:00,Random Forest,6,1.964709278544747,1.9158091583901022,2020-06-29 06:00:00,2021-06-29 06:00:00,2021-06-29 06:00:00,365,1
1086,2021-06-29 06:00:00,Neural Network,6,1.964709278544747,1.9046691558453184,2020-06-29 06:00:00,2021-06-29 06:00:00,2021-06-29 06:00:00,365,1
1087,2021-06-29 06:00:00,Naive,6,1.964709278544747,1.9746157319327726,2020-06-29 06:00:00,2021-06-29 06:00:00,2021-06-29 06:00:00,365,1
1088,2021-06-30 06:00:00,Decision Tree,6,1.999075574942379,1.8832835406698647,2020-06-30 06:00:00,2021-06-30 06:00:00,2021-06-30 06:00:00,365,1
1089,2021-06-30 06:00:00,Random Forest,6,1.999075574942379,1.8985385590748873,2020-06-30 06:00:00,2021-06-30 06:00:00,2021-06-30 06:00:00,365,1
1090,2021-06-30 06:00:00,Neural Network,6,1.999075574942379,2.071364194188505,2020-06-30 06:00:00,2021-06-30 06:00:00,2021-06-30 06:00:00,365,1
1091,2021-06-30 06:00:00,Naive,6,1.999075574942379,1.964709278544747,2020-06-30 06:00:00,2021-06-30 06:00:00,2021-06-30 06:00:00,365,1
1092,2021-07-01 06:00:00,Decision Tree,6,1.7981804483195156,1.9666206549618397,2020-07-01 06:00:00,2021-07-01 06:00:00,2021-07-01 06:00:00,365,1
1093,2021-07-01 06:00:00,Random Forest,6,1.7981804483195156,1.915611104410614,2020-07-01 06:00:00,2021-07-01 06:00:00,2021-07-01 06:00:00,365,1
1094,2021-07-01 06:00:00,Neural Network,6,1.7981804483195156,1.8068144311564729,2020-07-01 06:00:00,2021-07-01 06:00:00,2021-07-01 06:00:00,365,1
1095,2021-07-01 06:00:00,Naive,6,1.7981804483195156,1.999075574942379,2020-07-01 06:00:00,2021-07-01 06:00:00,2021-07-01 06:00:00,365,1
1096,2021-07-02 06:00:00,Decision Tree,6,2.08750044086252,1.8871196584101353,2020-07-02 06:00:00,2021-07-02 06:00:00,2021-07-02 06:00:00,365,1
1097,2021-07-02 06:00:00,Random Forest,6,2.08750044086252,1.9168278050324963,2020-07-02 06:00:00,2021-07-02 06:00:00,2021-07-02 06:00:00,365,1
1098,2021-07-02 06:00:00,Neural Network,6,2.08750044086252,2.2639309137854253,2020-07-02 06:00:00,2021-07-02 06:00:00,2021-07-02 06:00:00,365,1
1099,2021-07-02 06:00:00,Naive,6,2.08750044086252,1.7981804483195156,2020-07-02 06:00:00,2021-07-02 06:00:00,2021-07-02 06:00:00,365,1
1100,2021-07-03 06:00:00,Decision Tree,6,1.6637755826447431,1.6993661332651908,2020-07-03 06:00:00,2021-07-03 06:00:00,2021-07-03 06:00:00,365,1
1101,2021-07-03 06:00:00,Random Forest,6,1.6637755826447431,1.7483096152180064,2020-07-03 06:00:00,2021-07-03 06:00:00,2021-07-03 06:00:00,365,1
1102,2021-07-03 06:00:00,Neural Network,6,1.6637755826447431,1.5461711703155379,2020-07-03 06:00:00,2021-07-03 06:00:00,2021-07-03 06:00:00,365,1
1103,2021-07-03 06:00:00,Naive,6,1.6637755826447431,2.08750044086252,2020-07-03 06:00:00,2021-07-03 06:00:00,2021-07-03 06:00:00,365,1
1104,2021-07-04 06:00:00,Decision Tree,6,1.5551768920431688,1.686743483274125,2020-07-04 06:00:00,2021-07-04 06:00:00,2021-07-04 06:00:00,365,1
1105,2021-07-04 06:00:00,Random Forest,6,1.5551768920431688,1.674443630568373,2020-07-04 06:00:00,2021-07-04 06:00:00,2021-07-04 06:00:00,365,1
1106,2021-07-04 06:00:00,Neural Network,6,1.5551768920431688,1.6468225721090581,2020-07-04 06:00:00,2021-07-04 06:00:00,2021-07-04 06:00:00,365,1
1107,2021-07-04 06:00:00,Naive,6,1.5551768920431688,1.6637755826447431,2020-07-04 06:00:00,2021-07-04 06:00:00,2021-07-04 06:00:00,365,1
1108,2021-07-05 06:00:00,Decision Tree,6,1.9048161000653165,1.9915127041411254,2020-07-05 06:00:00,2021-07-05 06:00:00,2021-07-05 06:00:00,365,1
1109,2021-07-05 06:00:00,Random Forest,6,1.9048161000653165,1.9166380811920207,2020-07-05 06:00:00,2021-07-05 06:00:00,2021-07-05 06:00:00,365,1
1110,2021-07-05 06:00:00,Neural Network,6,1.9048161000653165,1.9871916683378155,2020-07-05 06:00:00,2021-07-05 06:00:00,2021-07-05 06:00:00,365,1
1111,2021-07-05 06:00:00,Naive,6,1.9048161000653165,1.5551768920431688,2020-07-05 06:00:00,2021-07-05 06:00:00,2021-07-05 06:00:00,365,1
1112,2021-07-06 06:00:00,Decision Tree,6,1.7248070301086236,1.781789354391525,2020-07-06 06:00:00,2021-07-06 06:00:00,2021-07-06 06:00:00,365,1
1113,2021-07-06 06:00:00,Random Forest,6,1.7248070301086236,1.7903549359137267,2020-07-06 06:00:00,2021-07-06 06:00:00,2021-07-06 06:00:00,365,1
1114,2021-07-06 06:00:00,Neural Network,6,1.7248070301086236,1.7824196181100533,2020-07-06 06:00:00,2021-07-06 06:00:00,2021-07-06 06:00:00,365,1
1115,2021-07-06 06:00:00,Naive,6,1.7248070301086236,1.9048161000653165,2020-07-06 06:00:00,2021-07-06 06:00:00,2021-07-06 06:00:00,365,1
1116,2021-07-07 06:00:00,Decision Tree,6,1.977637746205916,1.9861434252695471,2020-07-07 06:00:00,2021-07-07 06:00:00,2021-07-07 06:00:00,365,1
1117,2021-07-07 06:00:00,Random Forest,6,1.977637746205916,1.986196022797638,2020-07-07 06:00:00,2021-07-07 06:00:00,2021-07-07 06:00:00,365,1
1118,2021-07-07 06:00:00,Neural Network,6,1.977637746205916,2.1220404283138876,2020-07-07 06:00:00,2021-07-07 06:00:00,2021-07-07 06:00:00,365,1
1119,2021-07-07 06:00:00,Naive,6,1.977637746205916,1.7248070301086236,2020-07-07 06:00:00,2021-07-07 06:00:00,2021-07-07 06:00:00,365,1
1120,2021-07-08 06:00:00,Decision Tree,6,2.115593314377049,2.0007077544976672,2020-07-08 06:00:00,2021-07-08 06:00:00,2021-07-08 06:00:00,365,1
1121,2021-07-08 06:00:00,Random Forest,6,2.115593314377049,1.9665571935421102,2020-07-08 06:00:00,2021-07-08 06:00:00,2021-07-08 06:00:00,365,1
1122,2021-07-08 06:00:00,Neural Network,6,2.115593314377049,2.3238024853162784,2020-07-08 06:00:00,2021-07-08 06:00:00,2021-07-08 06:00:00,365,1
1123,2021-07-08 06:00:00,Naive,6,2.115593314377049,1.977637746205916,2020-07-08 06:00:00,2021-07-08 06:00:00,2021-07-08 06:00:00,365,1
1124,2021-07-09 06:00:00,Decision Tree,6,1.906997087923818,2.0198553478108976,2020-07-09 06:00:00,2021-07-09 06:00:00,2021-07-09 06:00:00,365,1
1125,2021-07-09 06:00:00,Random Forest,6,1.906997087923818,1.9618210742864872,2020-07-09 06:00:00,2021-07-09 06:00:00,2021-07-09 06:00:00,365,1
1126,2021-07-09 06:00:00,Neural Network,6,1.906997087923818,2.045795137482575,2020-07-09 06:00:00,2021-07-09 06:00:00,2021-07-09 06:00:00,365,1
1127,2021-07-09 06:00:00,Naive,6,1.906997087923818,2.115593314377049,2020-07-09 06:00:00,2021-07-09 06:00:00,2021-07-09 06:00:00,365,1
1128,2021-07-10 06:00:00,Decision Tree,6,1.5146891588092954,1.5999657685607136,2020-07-10 06:00:00,2021-07-10 06:00:00,2021-07-10 06:00:00,365,1
1129,2021-07-10 06:00:00,Random Forest,6,1.5146891588092954,1.6378655699905644,2020-07-10 06:00:00,2021-07-10 06:00:00,2021-07-10 06:00:00,365,1
1130,2021-07-10 06:00:00,Neural Network,6,1.5146891588092954,1.5002292740643601,2020-07-10 06:00:00,2021-07-10 06:00:00,2021-07-10 06:00:00,365,1
1131,2021-07-10 06:00:00,Naive,6,1.5146891588092954,1.906997087923818,2020-07-10 06:00:00,2021-07-10 06:00:00,2021-07-10 06:00:00,365,1
1132,2021-07-11 06:00:00,Decision Tree,6,1.3707085610225964,1.5877833957390823,2020-07-11 06:00:00,2021-07-11 06:00:00,2021-07-11 06:00:00,365,1
1133,2021-07-11 06:00:00,Random Forest,6,1.3707085610225964,1.5505885996172097,2020-07-11 06:00:00,2021-07-11 06:00:00,2021-07-11 06:00:00,365,1
1134,2021-07-11 06:00:00,Neural Network,6,1.3707085610225964,1.4154785412225048,2020-07-11 06:00:00,2021-07-11 06:00:00,2021-07-11 06:00:00,365,1
1135,2021-07-11 06:00:00,Naive,6,1.3707085610225964,1.5146891588092954,2020-07-11 06:00:00,2021-07-11 06:00:00,2021-07-11 06:00:00,365,1
1136,2021-07-12 06:00:00,Decision Tree,6,1.9347765454197254,2.0198553478108976,2020-07-12 06:00:00,2021-07-12 06:00:00,2021-07-12 06:00:00,365,1
1137,2021-07-12 06:00:00,Random Forest,6,1.9347765454197254,1.9671567647914159,2020-07-12 06:00:00,2021-07-12 06:00:00,2021-07-12 06:00:00,365,1
1138,2021-07-12 06:00:00,Neural Network,6,1.9347765454197254,1.9624411381900115,2020-07-12 06:00:00,2021-07-12 06:00:00,2021-07-12 06:00:00,365,1
1139,2021-07-12 06:00:00,Naive,6,1.9347765454197254,1.3707085610225964,2020-07-12 06:00:00,2021-07-12 06:00:00,2021-07-12 06:00:00,365,1
1140,2021-07-13 06:00:00,Decision Tree,6,1.9848828414332045,2.007701233183587,2020-07-13 06:00:00,2021-07-13 06:00:00,2021-07-13 06:00:00,365,1
1141,2021-07-13 06:00:00,Random Forest,6,1.9848828414332045,1.9858184041268065,2020-07-13 06:00:00,2021-07-13 06:00:00,2021-07-13 06:00:00,365,1
1142,2021-07-13 06:00:00,Neural Network,6,1.9848828414332045,2.1635554628249496,2020-07-13 06:00:00,2021-07-13 06:00:00,2021-07-13 06:00:00,365,1
1143,2021-07-13 06:00:00,Naive,6,1.9848828414332045,1.9347765454197254,2020-07-13 06:00:00,2021-07-13 06:00:00,2021-07-13 06:00:00,365,1
1144,2021-07-14 06:00:00,Decision Tree,6,1.938590906022222,2.004848934214789,2020-07-14 06:00:00,2021-07-14 06:00:00,2021-07-14 06:00:00,365,1
1145,2021-07-14 06:00:00,Random Forest,6,1.938590906022222,1.959189518667442,2020-07-14 06:00:00,2021-07-14 06:00:00,2021-07-14 06:00:00,365,1
1146,2021-07-14 06:00:00,Neural Network,6,1.938590906022222,2.0436092177275538,2020-07-14 06:00:00,2021-07-14 06:00:00,2021-07-14 06:00:00,365,1
1147,2021-07-14 06:00:00,Naive,6,1.938590906022222,1.9848828414332045,2020-07-14 06:00:00,2021-07-14 06:00:00,2021-07-14 06:00:00,365,1
1148,2021-07-15 06:00:00,Decision Tree,6,1.9735671012041474,1.9974869310822818,2020-07-15 06:00:00,2021-07-15 06:00:00,2021-07-15 06:00:00,365,1
1149,2021-07-15 06:00:00,Random Forest,6,1.9735671012041474,1.986869040026006,2020-07-15 06:00:00,2021-07-15 06:00:00,2021-07-15 06:00:00,365,1
1150,2021-07-15 06:00:00,Neural Network,6,1.9735671012041474,2.0472346706623616,2020-07-15 06:00:00,2021-07-15 06:00:00,2021-07-15 06:00:00,365,1
1151,2021-07-15 06:00:00,Naive,6,1.9735671012041474,1.938590906022222,2020-07-15 06:00:00,2021-07-15 06:00:00,2021-07-15 06:00:00,365,1
1152,2021-07-16 06:00:00,Decision Tree,6,1.9075970775935969,1.962353607372369,2020-07-16 06:00:00,2021-07-16 06:00:00,2021-07-16 06:00:00,365,1
1153,2021-07-16 06:00:00,Random Forest,6,1.9075970775935969,1.9494437727440037,2020-07-16 06:00:00,2021-07-16 06:00:00,2021-07-16 06:00:00,365,1
1154,2021-07-16 06:00:00,Neural Network,6,1.9075970775935969,2.0770418045307117,2020-07-16 06:00:00,2021-07-16 06:00:00,2021-07-16 06:00:00,365,1
1155,2021-07-16 06:00:00,Naive,6,1.9075970775935969,1.9735671012041474,2020-07-16 06:00:00,2021-07-16 06:00:00,2021-07-16 06:00:00,365,1
1156,2021-07-17 06:00:00,Decision Tree,6,1.1604829005445139,1.3975959670078824,2020-07-17 06:00:00,2021-07-17 06:00:00,2021-07-17 06:00:00,365,1
1157,2021-07-17 06:00:00,Random Forest,6,1.1604829005445139,1.3828584845586886,2020-07-17 06:00:00,2021-07-17 06:00:00,2021-07-17 06:00:00,365,1
1158,2021-07-17 06:00:00,Neural Network,6,1.1604829005445139,1.1557268979832884,2020-07-17 06:00:00,2021-07-17 06:00:00,2021-07-17 06:00:00,365,1
1159,2021-07-17 06:00:00,Naive,6,1.1604829005445139,1.9075970775935969,2020-07-17 06:00:00,2021-07-17 06:00:00,2021-07-17 06:00:00,365,1
1160,2021-07-18 06:00:00,Decision Tree,6,0.7078254975441952,0.8388440450627626,2020-07-18 06:00:00,2021-07-18 06:00:00,2021-07-18 06:00:00,365,1
1161,2021-07-18 06:00:00,Random Forest,6,0.7078254975441952,0.8928488350649618,2020-07-18 06:00:00,2021-07-18 06:00:00,2021-07-18 06:00:00,365,1
1162,2021-07-18 06:00:00,Neural Network,6,0.7078254975441952,0.723595568886592,2020-07-18 06:00:00,2021-07-18 06:00:00,2021-07-18 06:00:00,365,1
1163,2021-07-18 06:00:00,Naive,6,0.7078254975441952,1.1604829005445139,2020-07-18 06:00:00,2021-07-18 06:00:00,2021-07-18 06:00:00,365,1
1164,2021-07-19 06:00:00,Decision Tree,6,1.9270888680532419,1.857838699898249,2020-07-19 06:00:00,2021-07-19 06:00:00,2021-07-19 06:00:00,365,1
1165,2021-07-19 06:00:00,Random Forest,6,1.9270888680532419,1.9392126087724706,2020-07-19 06:00:00,2021-07-19 06:00:00,2021-07-19 06:00:00,365,1
1166,2021-07-19 06:00:00,Neural Network,6,1.9270888680532419,1.9320725818700004,2020-07-19 06:00:00,2021-07-19 06:00:00,2021-07-19 06:00:00,365,1
1167,2021-07-19 06:00:00,Naive,6,1.9270888680532419,0.7078254975441952,2020-07-19 06:00:00,2021-07-19 06:00:00,2021-07-19 06:00:00,365,1
1168,2021-07-20 06:00:00,Decision Tree,6,1.9812304253992223,2.023042836504203,2020-07-20 06:00:00,2021-07-20 06:00:00,2021-07-20 06:00:00,365,1
1169,2021-07-20 06:00:00,Random Forest,6,1.9812304253992223,1.991064916101899,2020-07-20 06:00:00,2021-07-20 06:00:00,2021-07-20 06:00:00,365,1
1170,2021-07-20 06:00:00,Neural Network,6,1.9812304253992223,2.0773241517859518,2020-07-20 06:00:00,2021-07-20 06:00:00,2021-07-20 06:00:00,365,1
1171,2021-07-20 06:00:00,Naive,6,1.9812304253992223,1.9270888680532419,2020-07-20 06:00:00,2021-07-20 06:00:00,2021-07-20 06:00:00,365,1
1172,2021-07-21 06:00:00,Decision Tree,6,1.8813497460309538,1.9019290675859462,2020-07-21 06:00:00,2021-07-21 06:00:00,2021-07-21 06:00:00,365,1
1173,2021-07-21 06:00:00,Random Forest,6,1.8813497460309538,1.9303756373485654,2020-07-21 06:00:00,2021-07-21 06:00:00,2021-07-21 06:00:00,365,1
1174,2021-07-21 06:00:00,Neural Network,6,1.8813497460309538,1.9220172473508665,2020-07-21 06:00:00,2021-07-21 06:00:00,2021-07-21 06:00:00,365,1
1175,2021-07-21 06:00:00,Naive,6,1.8813497460309538,1.9812304253992223,2020-07-21 06:00:00,2021-07-21 06:00:00,2021-07-21 06:00:00,365,1
1176,2021-07-22 06:00:00,Decision Tree,6,1.908421846871724,1.8993566523915721,2020-07-22 06:00:00,2021-07-22 06:00:00,2021-07-22 06:00:00,365,1
1177,2021-07-22 06:00:00,Random Forest,6,1.908421846871724,1.9471628123700093,2020-07-22 06:00:00,2021-07-22 06:00:00,2021-07-22 06:00:00,365,1
1178,2021-07-22 06:00:00,Neural Network,6,1.908421846871724,2.0041795624311485,2020-07-22 06:00:00,2021-07-22 06:00:00,2021-07-22 06:00:00,365,1
1179,2021-07-22 06:00:00,Naive,6,1.908421846871724,1.8813497460309538,2020-07-22 06:00:00,2021-07-22 06:00:00,2021-07-22 06:00:00,365,1
1180,2021-07-23 06:00:00,Decision Tree,6,1.8966923464568874,1.9003638962226996,2020-07-23 06:00:00,2021-07-23 06:00:00,2021-07-23 06:00:00,365,1
1181,2021-07-23 06:00:00,Random Forest,6,1.8966923464568874,1.92046522001843,2020-07-23 06:00:00,2021-07-23 06:00:00,2021-07-23 06:00:00,365,1
1182,2021-07-23 06:00:00,Neural Network,6,1.8966923464568874,1.942065140198485,2020-07-23 06:00:00,2021-07-23 06:00:00,2021-07-23 06:00:00,365,1
1183,2021-07-23 06:00:00,Naive,6,1.8966923464568874,1.908421846871724,2020-07-23 06:00:00,2021-07-23 06:00:00,2021-07-23 06:00:00,365,1
1184,2021-07-24 06:00:00,Decision Tree,6,1.4099526260192163,1.436596867891127,2020-07-24 06:00:00,2021-07-24 06:00:00,2021-07-24 06:00:00,365,1
1185,2021-07-24 06:00:00,Random Forest,6,1.4099526260192163,1.5437916543473365,2020-07-24 06:00:00,2021-07-24 06:00:00,2021-07-24 06:00:00,365,1
1186,2021-07-24 06:00:00,Neural Network,6,1.4099526260192163,1.3697994391183819,2020-07-24 06:00:00,2021-07-24 06:00:00,2021-07-24 06:00:00,365,1
1187,2021-07-24 06:00:00,Naive,6,1.4099526260192163,1.8966923464568874,2020-07-24 06:00:00,2021-07-24 06:00:00,2021-07-24 06:00:00,365,1
1188,2021-07-25 06:00:00,Decision Tree,6,0.6096369718316951,0.8077642663139791,2020-07-25 06:00:00,2021-07-25 06:00:00,2021-07-25 06:00:00,365,1
1189,2021-07-25 06:00:00,Random Forest,6,0.6096369718316951,0.7853212996783794,2020-07-25 06:00:00,2021-07-25 06:00:00,2021-07-25 06:00:00,365,1
1190,2021-07-25 06:00:00,Neural Network,6,0.6096369718316951,0.668834667447953,2020-07-25 06:00:00,2021-07-25 06:00:00,2021-07-25 06:00:00,365,1
1191,2021-07-25 06:00:00,Naive,6,0.6096369718316951,1.4099526260192163,2020-07-25 06:00:00,2021-07-25 06:00:00,2021-07-25 06:00:00,365,1
1192,2021-07-26 06:00:00,Decision Tree,6,1.8261528243185694,1.954682921055659,2020-07-26 06:00:00,2021-07-26 06:00:00,2021-07-26 06:00:00,365,1
1193,2021-07-26 06:00:00,Random Forest,6,1.8261528243185694,1.9171606935659566,2020-07-26 06:00:00,2021-07-26 06:00:00,2021-07-26 06:00:00,365,1
1194,2021-07-26 06:00:00,Neural Network,6,1.8261528243185694,1.9378095047252455,2020-07-26 06:00:00,2021-07-26 06:00:00,2021-07-26 06:00:00,365,1
1195,2021-07-26 06:00:00,Naive,6,1.8261528243185694,0.6096369718316951,2020-07-26 06:00:00,2021-07-26 06:00:00,2021-07-26 06:00:00,365,1
1196,2021-07-27 06:00:00,Decision Tree,6,1.8320188515996023,1.865533163026582,2020-07-27 06:00:00,2021-07-27 06:00:00,2021-07-27 06:00:00,365,1
1197,2021-07-27 06:00:00,Random Forest,6,1.8320188515996023,1.8981116524009842,2020-07-27 06:00:00,2021-07-27 06:00:00,2021-07-27 06:00:00,365,1
1198,2021-07-27 06:00:00,Neural Network,6,1.8320188515996023,1.973412611217251,2020-07-27 06:00:00,2021-07-27 06:00:00,2021-07-27 06:00:00,365,1
1199,2021-07-27 06:00:00,Naive,6,1.8320188515996023,1.8261528243185694,2020-07-27 06:00:00,2021-07-27 06:00:00,2021-07-27 06:00:00,365,1
1200,2021-07-28 06:00:00,Decision Tree,6,1.8927325766509613,1.8375184222665268,2020-07-28 06:00:00,2021-07-28 06:00:00,2021-07-28 06:00:00,365,1
1201,2021-07-28 06:00:00,Random Forest,6,1.8927325766509613,1.9114811986988078,2020-07-28 06:00:00,2021-07-28 06:00:00,2021-07-28 06:00:00,365,1
1202,2021-07-28 06:00:00,Neural Network,6,1.8927325766509613,1.951727822738369,2020-07-28 06:00:00,2021-07-28 06:00:00,2021-07-28 06:00:00,365,1
1203,2021-07-28 06:00:00,Naive,6,1.8927325766509613,1.8320188515996023,2020-07-28 06:00:00,2021-07-28 06:00:00,2021-07-28 06:00:00,365,1
1204,2021-07-29 06:00:00,Decision Tree,6,1.0380444088869636,1.2694641980929544,2020-07-29 06:00:00,2021-07-29 06:00:00,2021-07-29 06:00:00,365,1
1205,2021-07-29 06:00:00,Random Forest,6,1.0380444088869636,1.2638168316802874,2020-07-29 06:00:00,2021-07-29 06:00:00,2021-07-29 06:00:00,365,1
1206,2021-07-29 06:00:00,Neural Network,6,1.0380444088869636,1.3216856024342847,2020-07-29 06:00:00,2021-07-29 06:00:00,2021-07-29 06:00:00,365,1
1207,2021-07-29 06:00:00,Naive,6,1.0380444088869636,1.8927325766509613,2020-07-29 06:00:00,2021-07-29 06:00:00,2021-07-29 06:00:00,365,1
1208,2021-07-30 06:00:00,Decision Tree,6,1.4165621529899457,1.6089235438642224,2020-07-30 06:00:00,2021-07-30 06:00:00,2021-07-30 06:00:00,365,1
1209,2021-07-30 06:00:00,Random Forest,6,1.4165621529899457,1.5693398985361562,2020-07-30 06:00:00,2021-07-30 06:00:00,2021-07-30 06:00:00,365,1
1210,2021-07-30 06:00:00,Neural Network,6,1.4165621529899457,1.700477348673148,2020-07-30 06:00:00,2021-07-30 06:00:00,2021-07-30 06:00:00,365,1
1211,2021-07-30 06:00:00,Naive,6,1.4165621529899457,1.0380444088869636,2020-07-30 06:00:00,2021-07-30 06:00:00,2021-07-30 06:00:00,365,1
1212,2021-07-31 06:00:00,Decision Tree,6,0.1437951719747633,0.35075997294055256,2020-07-31 06:00:00,2021-07-31 06:00:00,2021-07-31 06:00:00,365,1
1213,2021-07-31 06:00:00,Random Forest,6,0.1437951719747633,0.3303016483004991,2020-07-31 06:00:00,2021-07-31 06:00:00,2021-07-31 06:00:00,365,1
1214,2021-07-31 06:00:00,Neural Network,6,0.1437951719747633,0.41375472659284074,2020-07-31 06:00:00,2021-07-31 06:00:00,2021-07-31 06:00:00,365,1
1215,2021-07-31 06:00:00,Naive,6,0.1437951719747633,1.4165621529899457,2020-07-31 06:00:00,2021-07-31 06:00:00,2021-07-31 06:00:00,365,1
1216,2021-08-01 06:00:00,Decision Tree,6,0.6428572805021855,0.8275477317528991,2020-08-01 06:00:00,2021-08-01 06:00:00,2021-08-01 06:00:00,365,1
1217,2021-08-01 06:00:00,Random Forest,6,0.6428572805021855,0.7642455209918909,2020-08-01 06:00:00,2021-08-01 06:00:00,2021-08-01 06:00:00,365,1
1218,2021-08-01 06:00:00,Neural Network,6,0.6428572805021855,0.6653367158986268,2020-08-01 06:00:00,2021-08-01 06:00:00,2021-08-01 06:00:00,365,1
1219,2021-08-01 06:00:00,Naive,6,0.6428572805021855,0.1437951719747633,2020-08-01 06:00:00,2021-08-01 06:00:00,2021-08-01 06:00:00,365,1
1220,2021-08-02 06:00:00,Decision Tree,6,1.6480132804433107,1.7538394639364956,2020-08-02 06:00:00,2021-08-02 06:00:00,2021-08-02 06:00:00,365,1
1221,2021-08-02 06:00:00,Random Forest,6,1.6480132804433107,1.7696782307137426,2020-08-02 06:00:00,2021-08-02 06:00:00,2021-08-02 06:00:00,365,1
1222,2021-08-02 06:00:00,Neural Network,6,1.6480132804433107,1.7184951353095719,2020-08-02 06:00:00,2021-08-02 06:00:00,2021-08-02 06:00:00,365,1
1223,2021-08-02 06:00:00,Naive,6,1.6480132804433107,0.6428572805021855,2020-08-02 06:00:00,2021-08-02 06:00:00,2021-08-02 06:00:00,365,1
1224,2021-08-03 06:00:00,Decision Tree,6,1.9753206283023281,2.017069634917777,2020-08-03 06:00:00,2021-08-03 06:00:00,2021-08-03 06:00:00,365,1
1225,2021-08-03 06:00:00,Random Forest,6,1.9753206283023281,2.0292365320326207,2020-08-03 06:00:00,2021-08-03 06:00:00,2021-08-03 06:00:00,365,1
1226,2021-08-03 06:00:00,Neural Network,6,1.9753206283023281,2.0580262389279538,2020-08-03 06:00:00,2021-08-03 06:00:00,2021-08-03 06:00:00,365,1
1227,2021-08-03 06:00:00,Naive,6,1.9753206283023281,1.6480132804433107,2020-08-03 06:00:00,2021-08-03 06:00:00,2021-08-03 06:00:00,365,1
1228,2021-08-04 06:00:00,Decision Tree,6,1.9004936476361487,2.011851009090846,2020-08-04 06:00:00,2021-08-04 06:00:00,2021-08-04 06:00:00,365,1
1229,2021-08-04 06:00:00,Random Forest,6,1.9004936476361487,1.9711298990566366,2020-08-04 06:00:00,2021-08-04 06:00:00,2021-08-04 06:00:00,365,1
1230,2021-08-04 06:00:00,Neural Network,6,1.9004936476361487,2.0037601138872665,2020-08-04 06:00:00,2021-08-04 06:00:00,2021-08-04 06:00:00,365,1
1231,2021-08-04 06:00:00,Naive,6,1.9004936476361487,1.9753206283023281,2020-08-04 06:00:00,2021-08-04 06:00:00,2021-08-04 06:00:00,365,1
1232,2021-08-05 06:00:00,Decision Tree,6,1.928085736448888,2.013676071112055,2020-08-05 06:00:00,2021-08-05 06:00:00,2021-08-05 06:00:00,365,1
1233,2021-08-05 06:00:00,Random Forest,6,1.928085736448888,1.9653503715768925,2020-08-05 06:00:00,2021-08-05 06:00:00,2021-08-05 06:00:00,365,1
1234,2021-08-05 06:00:00,Neural Network,6,1.928085736448888,2.0156962800463463,2020-08-05 06:00:00,2021-08-05 06:00:00,2021-08-05 06:00:00,365,1
1235,2021-08-05 06:00:00,Naive,6,1.928085736448888,1.9004936476361487,2020-08-05 06:00:00,2021-08-05 06:00:00,2021-08-05 06:00:00,365,1
1236,2021-08-06 06:00:00,Decision Tree,6,1.6223468600253486,1.683606463776952,2020-08-06 06:00:00,2021-08-06 06:00:00,2021-08-06 06:00:00,365,1
1237,2021-08-06 06:00:00,Random Forest,6,1.6223468600253486,1.7542631069667702,2020-08-06 06:00:00,2021-08-06 06:00:00,2021-08-06 06:00:00,365,1
1238,2021-08-06 06:00:00,Neural Network,6,1.6223468600253486,1.6218779268802295,2020-08-06 06:00:00,2021-08-06 06:00:00,2021-08-06 06:00:00,365,1
1239,2021-08-06 06:00:00,Naive,6,1.6223468600253486,1.928085736448888,2020-08-06 06:00:00,2021-08-06 06:00:00,2021-08-06 06:00:00,365,1
1240,2021-08-07 06:00:00,Decision Tree,6,1.0656616349847787,1.1995720508766274,2020-08-07 06:00:00,2021-08-07 06:00:00,2021-08-07 06:00:00,365,1
1241,2021-08-07 06:00:00,Random Forest,6,1.0656616349847787,1.2692484695500748,2020-08-07 06:00:00,2021-08-07 06:00:00,2021-08-07 06:00:00,365,1
1242,2021-08-07 06:00:00,Neural Network,6,1.0656616349847787,1.0666977439774314,2020-08-07 06:00:00,2021-08-07 06:00:00,2021-08-07 06:00:00,365,1
1243,2021-08-07 06:00:00,Naive,6,1.0656616349847787,1.6223468600253486,2020-08-07 06:00:00,2021-08-07 06:00:00,2021-08-07 06:00:00,365,1
1244,2021-08-08 06:00:00,Decision Tree,6,-1.4946139787407455,-1.6317037952199525,2020-08-08 06:00:00,2021-08-08 06:00:00,2021-08-08 06:00:00,365,1
1245,2021-08-08 06:00:00,Random Forest,6,-1.4946139787407455,-1.6509518653898523,2020-08-08 06:00:00,2021-08-08 06:00:00,2021-08-08 06:00:00,365,1
1246,2021-08-08 06:00:00,Neural Network,6,-1.4946139787407455,-1.387831893396247,2020-08-08 06:00:00,2021-08-08 06:00:00,2021-08-08 06:00:00,365,1
1247,2021-08-08 06:00:00,Naive,6,-1.4946139787407455,1.0656616349847787,2020-08-08 06:00:00,2021-08-08 06:00:00,2021-08-08 06:00:00,365,1
1248,2021-08-09 06:00:00,Decision Tree,6,1.4003401584897777,1.693368085818932,2020-08-09 06:00:00,2021-08-09 06:00:00,2021-08-09 06:00:00,365,1
1249,2021-08-09 06:00:00,Random Forest,6,1.4003401584897777,1.5265935634222587,2020-08-09 06:00:00,2021-08-09 06:00:00,2021-08-09 06:00:00,365,1
1250,2021-08-09 06:00:00,Neural Network,6,1.4003401584897777,1.4490240192999693,2020-08-09 06:00:00,2021-08-09 06:00:00,2021-08-09 06:00:00,365,1
1251,2021-08-09 06:00:00,Naive,6,1.4003401584897777,-1.4946139787407455,2020-08-09 06:00:00,2021-08-09 06:00:00,2021-08-09 06:00:00,365,1
1252,2021-08-10 06:00:00,Decision Tree,6,1.7074667273729123,1.8467207813305995,2020-08-10 06:00:00,2021-08-10 06:00:00,2021-08-10 06:00:00,365,1
1253,2021-08-10 06:00:00,Random Forest,6,1.7074667273729123,1.8478605217691737,2020-08-10 06:00:00,2021-08-10 06:00:00,2021-08-10 06:00:00,365,1
1254,2021-08-10 06:00:00,Neural Network,6,1.7074667273729123,1.6740408552118304,2020-08-10 06:00:00,2021-08-10 06:00:00,2021-08-10 06:00:00,365,1
1255,2021-08-10 06:00:00,Naive,6,1.7074667273729123,1.4003401584897777,2020-08-10 06:00:00,2021-08-10 06:00:00,2021-08-10 06:00:00,365,1
1256,2021-08-11 06:00:00,Decision Tree,6,2.065238331042426,1.9540026558439583,2020-08-11 06:00:00,2021-08-11 06:00:00,2021-08-11 06:00:00,365,1
1257,2021-08-11 06:00:00,Random Forest,6,2.065238331042426,2.0150817197884847,2020-08-11 06:00:00,2021-08-11 06:00:00,2021-08-11 06:00:00,365,1
1258,2021-08-11 06:00:00,Neural Network,6,2.065238331042426,2.142395924101087,2020-08-11 06:00:00,2021-08-11 06:00:00,2021-08-11 06:00:00,365,1
1259,2021-08-11 06:00:00,Naive,6,2.065238331042426,1.7074667273729123,2020-08-11 06:00:00,2021-08-11 06:00:00,2021-08-11 06:00:00,365,1
1260,2021-08-12 06:00:00,Decision Tree,6,2.046342294858372,2.0449766279967094,2020-08-12 06:00:00,2021-08-12 06:00:00,2021-08-12 06:00:00,365,1
1261,2021-08-12 06:00:00,Random Forest,6,2.046342294858372,2.056200172284667,2020-08-12 06:00:00,2021-08-12 06:00:00,2021-08-12 06:00:00,365,1
1262,2021-08-12 06:00:00,Neural Network,6,2.046342294858372,2.096222186897026,2020-08-12 06:00:00,2021-08-12 06:00:00,2021-08-12 06:00:00,365,1
1263,2021-08-12 06:00:00,Naive,6,2.046342294858372,2.065238331042426,2020-08-12 06:00:00,2021-08-12 06:00:00,2021-08-12 06:00:00,365,1
1264,2021-08-13 06:00:00,Decision Tree,6,2.124492961200841,2.057999001888539,2020-08-13 06:00:00,2021-08-13 06:00:00,2021-08-13 06:00:00,365,1
1265,2021-08-13 06:00:00,Random Forest,6,2.124492961200841,2.0627967378020804,2020-08-13 06:00:00,2021-08-13 06:00:00,2021-08-13 06:00:00,365,1
1266,2021-08-13 06:00:00,Neural Network,6,2.124492961200841,2.2467322378068046,2020-08-13 06:00:00,2021-08-13 06:00:00,2021-08-13 06:00:00,365,1
1267,2021-08-13 06:00:00,Naive,6,2.124492961200841,2.046342294858372,2020-08-13 06:00:00,2021-08-13 06:00:00,2021-08-13 06:00:00,365,1
1268,2021-08-14 06:00:00,Decision Tree,6,1.3152766583569508,1.4164087875294558,2020-08-14 06:00:00,2021-08-14 06:00:00,2021-08-14 06:00:00,365,1
1269,2021-08-14 06:00:00,Random Forest,6,1.3152766583569508,1.4353247742608921,2020-08-14 06:00:00,2021-08-14 06:00:00,2021-08-14 06:00:00,365,1
1270,2021-08-14 06:00:00,Neural Network,6,1.3152766583569508,1.4174595626272155,2020-08-14 06:00:00,2021-08-14 06:00:00,2021-08-14 06:00:00,365,1
1271,2021-08-14 06:00:00,Naive,6,1.3152766583569508,2.124492961200841,2020-08-14 06:00:00,2021-08-14 06:00:00,2021-08-14 06:00:00,365,1
1272,2021-08-15 06:00:00,Decision Tree,6,0.973730012533941,1.177253648227986,2020-08-15 06:00:00,2021-08-15 06:00:00,2021-08-15 06:00:00,365,1
1273,2021-08-15 06:00:00,Random Forest,6,0.973730012533941,1.1990828948927106,2020-08-15 06:00:00,2021-08-15 06:00:00,2021-08-15 06:00:00,365,1
1274,2021-08-15 06:00:00,Neural Network,6,0.973730012533941,0.41256240188080057,2020-08-15 06:00:00,2021-08-15 06:00:00,2021-08-15 06:00:00,365,1
1275,2021-08-15 06:00:00,Naive,6,0.973730012533941,1.3152766583569508,2020-08-15 06:00:00,2021-08-15 06:00:00,2021-08-15 06:00:00,365,1
1276,2021-08-16 06:00:00,Decision Tree,6,1.762774677605345,1.818039627971963,2020-08-16 06:00:00,2021-08-16 06:00:00,2021-08-16 06:00:00,365,1
1277,2021-08-16 06:00:00,Random Forest,6,1.762774677605345,1.8033240104959563,2020-08-16 06:00:00,2021-08-16 06:00:00,2021-08-16 06:00:00,365,1
1278,2021-08-16 06:00:00,Neural Network,6,1.762774677605345,1.906624450211742,2020-08-16 06:00:00,2021-08-16 06:00:00,2021-08-16 06:00:00,365,1
1279,2021-08-16 06:00:00,Naive,6,1.762774677605345,0.973730012533941,2020-08-16 06:00:00,2021-08-16 06:00:00,2021-08-16 06:00:00,365,1
1280,2021-08-17 06:00:00,Decision Tree,6,1.1463205305430222,1.35324695155413,2020-08-17 06:00:00,2021-08-17 06:00:00,2021-08-17 06:00:00,365,1
1281,2021-08-17 06:00:00,Random Forest,6,1.1463205305430222,1.3639844625005235,2020-08-17 06:00:00,2021-08-17 06:00:00,2021-08-17 06:00:00,365,1
1282,2021-08-17 06:00:00,Neural Network,6,1.1463205305430222,1.2611390486158038,2020-08-17 06:00:00,2021-08-17 06:00:00,2021-08-17 06:00:00,365,1
1283,2021-08-17 06:00:00,Naive,6,1.1463205305430222,1.762774677605345,2020-08-17 06:00:00,2021-08-17 06:00:00,2021-08-17 06:00:00,365,1
1284,2021-08-18 06:00:00,Decision Tree,6,1.5528715340458765,1.815891372521432,2020-08-18 06:00:00,2021-08-18 06:00:00,2021-08-18 06:00:00,365,1
1285,2021-08-18 06:00:00,Random Forest,6,1.5528715340458765,1.7454882306280444,2020-08-18 06:00:00,2021-08-18 06:00:00,2021-08-18 06:00:00,365,1
1286,2021-08-18 06:00:00,Neural Network,6,1.5528715340458765,1.9550147850604631,2020-08-18 06:00:00,2021-08-18 06:00:00,2021-08-18 06:00:00,365,1
1287,2021-08-18 06:00:00,Naive,6,1.5528715340458765,1.1463205305430222,2020-08-18 06:00:00,2021-08-18 06:00:00,2021-08-18 06:00:00,365,1
1288,2021-08-19 06:00:00,Decision Tree,6,1.6304428660144907,1.7742370579125701,2020-08-19 06:00:00,2021-08-19 06:00:00,2021-08-19 06:00:00,365,1
1289,2021-08-19 06:00:00,Random Forest,6,1.6304428660144907,1.7413916028903706,2020-08-19 06:00:00,2021-08-19 06:00:00,2021-08-19 06:00:00,365,1
1290,2021-08-19 06:00:00,Neural Network,6,1.6304428660144907,1.9258666942876017,2020-08-19 06:00:00,2021-08-19 06:00:00,2021-08-19 06:00:00,365,1
1291,2021-08-19 06:00:00,Naive,6,1.6304428660144907,1.5528715340458765,2020-08-19 06:00:00,2021-08-19 06:00:00,2021-08-19 06:00:00,365,1
1292,2021-08-20 06:00:00,Decision Tree,6,1.9608374356862512,2.087833468468242,2020-08-20 06:00:00,2021-08-20 06:00:00,2021-08-20 06:00:00,365,1
1293,2021-08-20 06:00:00,Random Forest,6,1.9608374356862512,2.0495270008712474,2020-08-20 06:00:00,2021-08-20 06:00:00,2021-08-20 06:00:00,365,1
1294,2021-08-20 06:00:00,Neural Network,6,1.9608374356862512,2.0340313954447238,2020-08-20 06:00:00,2021-08-20 06:00:00,2021-08-20 06:00:00,365,1
1295,2021-08-20 06:00:00,Naive,6,1.9608374356862512,1.6304428660144907,2020-08-20 06:00:00,2021-08-20 06:00:00,2021-08-20 06:00:00,365,1
1296,2021-08-21 06:00:00,Decision Tree,6,1.7457962448936266,1.7783355991589902,2020-08-21 06:00:00,2021-08-21 06:00:00,2021-08-21 06:00:00,365,1
1297,2021-08-21 06:00:00,Random Forest,6,1.7457962448936266,1.8164514664977942,2020-08-21 06:00:00,2021-08-21 06:00:00,2021-08-21 06:00:00,365,1
1298,2021-08-21 06:00:00,Neural Network,6,1.7457962448936266,1.6993336067253866,2020-08-21 06:00:00,2021-08-21 06:00:00,2021-08-21 06:00:00,365,1
1299,2021-08-21 06:00:00,Naive,6,1.7457962448936266,1.9608374356862512,2020-08-21 06:00:00,2021-08-21 06:00:00,2021-08-21 06:00:00,365,1
1300,2021-08-22 06:00:00,Decision Tree,6,1.233681439090742,1.4108828991120095,2020-08-22 06:00:00,2021-08-22 06:00:00,2021-08-22 06:00:00,365,1
1301,2021-08-22 06:00:00,Random Forest,6,1.233681439090742,1.3552413102301022,2020-08-22 06:00:00,2021-08-22 06:00:00,2021-08-22 06:00:00,365,1
1302,2021-08-22 06:00:00,Neural Network,6,1.233681439090742,1.4659616240043907,2020-08-22 06:00:00,2021-08-22 06:00:00,2021-08-22 06:00:00,365,1
1303,2021-08-22 06:00:00,Naive,6,1.233681439090742,1.7457962448936266,2020-08-22 06:00:00,2021-08-22 06:00:00,2021-08-22 06:00:00,365,1
1304,2021-08-23 06:00:00,Decision Tree,6,1.8104124786883724,1.904625941078595,2020-08-23 06:00:00,2021-08-23 06:00:00,2021-08-23 06:00:00,365,1
1305,2021-08-23 06:00:00,Random Forest,6,1.8104124786883724,1.8816138561731897,2020-08-23 06:00:00,2021-08-23 06:00:00,2021-08-23 06:00:00,365,1
1306,2021-08-23 06:00:00,Neural Network,6,1.8104124786883724,1.8502639131041763,2020-08-23 06:00:00,2021-08-23 06:00:00,2021-08-23 06:00:00,365,1
1307,2021-08-23 06:00:00,Naive,6,1.8104124786883724,1.233681439090742,2020-08-23 06:00:00,2021-08-23 06:00:00,2021-08-23 06:00:00,365,1
1308,2021-08-24 06:00:00,Decision Tree,6,1.898242036427607,1.9620982897327168,2020-08-24 06:00:00,2021-08-24 06:00:00,2021-08-24 06:00:00,365,1
1309,2021-08-24 06:00:00,Random Forest,6,1.898242036427607,1.9424871119379432,2020-08-24 06:00:00,2021-08-24 06:00:00,2021-08-24 06:00:00,365,1
1310,2021-08-24 06:00:00,Neural Network,6,1.898242036427607,2.008978338153705,2020-08-24 06:00:00,2021-08-24 06:00:00,2021-08-24 06:00:00,365,1
1311,2021-08-24 06:00:00,Naive,6,1.898242036427607,1.8104124786883724,2020-08-24 06:00:00,2021-08-24 06:00:00,2021-08-24 06:00:00,365,1
1312,2021-08-25 06:00:00,Decision Tree,6,1.9106785226818657,1.8894939272959659,2020-08-25 06:00:00,2021-08-25 06:00:00,2021-08-25 06:00:00,365,1
1313,2021-08-25 06:00:00,Random Forest,6,1.9106785226818657,1.9710009266948467,2020-08-25 06:00:00,2021-08-25 06:00:00,2021-08-25 06:00:00,365,1
1314,2021-08-25 06:00:00,Neural Network,6,1.9106785226818657,1.9654764544655037,2020-08-25 06:00:00,2021-08-25 06:00:00,2021-08-25 06:00:00,365,1
1315,2021-08-25 06:00:00,Naive,6,1.9106785226818657,1.898242036427607,2020-08-25 06:00:00,2021-08-25 06:00:00,2021-08-25 06:00:00,365,1
1316,2021-08-26 06:00:00,Decision Tree,6,1.8241927660470991,1.8925202980653801,2020-08-26 06:00:00,2021-08-26 06:00:00,2021-08-26 06:00:00,365,1
1317,2021-08-26 06:00:00,Random Forest,6,1.8241927660470991,1.8836505480799852,2020-08-26 06:00:00,2021-08-26 06:00:00,2021-08-26 06:00:00,365,1
1318,2021-08-26 06:00:00,Neural Network,6,1.8241927660470991,1.9257734653393506,2020-08-26 06:00:00,2021-08-26 06:00:00,2021-08-26 06:00:00,365,1
1319,2021-08-26 06:00:00,Naive,6,1.8241927660470991,1.9106785226818657,2020-08-26 06:00:00,2021-08-26 06:00:00,2021-08-26 06:00:00,365,1
1320,2021-08-27 06:00:00,Decision Tree,6,1.9094152682881915,1.883979356563095,2020-08-27 06:00:00,2021-08-27 06:00:00,2021-08-27 06:00:00,365,1
1321,2021-08-27 06:00:00,Random Forest,6,1.9094152682881915,1.9139288415342355,2020-08-27 06:00:00,2021-08-27 06:00:00,2021-08-27 06:00:00,365,1
1322,2021-08-27 06:00:00,Neural Network,6,1.9094152682881915,2.2861996523353136,2020-08-27 06:00:00,2021-08-27 06:00:00,2021-08-27 06:00:00,365,1
1323,2021-08-27 06:00:00,Naive,6,1.9094152682881915,1.8241927660470991,2020-08-27 06:00:00,2021-08-27 06:00:00,2021-08-27 06:00:00,365,1
1324,2021-08-28 06:00:00,Decision Tree,6,1.4685075336377855,1.63569631412753,2020-08-28 06:00:00,2021-08-28 06:00:00,2021-08-28 06:00:00,365,1
1325,2021-08-28 06:00:00,Random Forest,6,1.4685075336377855,1.6193705753495458,2020-08-28 06:00:00,2021-08-28 06:00:00,2021-08-28 06:00:00,365,1
1326,2021-08-28 06:00:00,Neural Network,6,1.4685075336377855,1.6762880182877429,2020-08-28 06:00:00,2021-08-28 06:00:00,2021-08-28 06:00:00,365,1
1327,2021-08-28 06:00:00,Naive,6,1.4685075336377855,1.9094152682881915,2020-08-28 06:00:00,2021-08-28 06:00:00,2021-08-28 06:00:00,365,1
1328,2021-08-29 06:00:00,Decision Tree,6,1.2835104295588227,1.4593441976702808,2020-08-29 06:00:00,2021-08-29 06:00:00,2021-08-29 06:00:00,365,1
1329,2021-08-29 06:00:00,Random Forest,6,1.2835104295588227,1.3153634781240031,2020-08-29 06:00:00,2021-08-29 06:00:00,2021-08-29 06:00:00,365,1
1330,2021-08-29 06:00:00,Neural Network,6,1.2835104295588227,1.5268576956875197,2020-08-29 06:00:00,2021-08-29 06:00:00,2021-08-29 06:00:00,365,1
1331,2021-08-29 06:00:00,Naive,6,1.2835104295588227,1.4685075336377855,2020-08-29 06:00:00,2021-08-29 06:00:00,2021-08-29 06:00:00,365,1
1332,2021-08-30 06:00:00,Decision Tree,6,2.021923620571532,2.0666674630045767,2020-08-30 06:00:00,2021-08-30 06:00:00,2021-08-30 06:00:00,365,1
1333,2021-08-30 06:00:00,Random Forest,6,2.021923620571532,2.0061288366197028,2020-08-30 06:00:00,2021-08-30 06:00:00,2021-08-30 06:00:00,365,1
1334,2021-08-30 06:00:00,Neural Network,6,2.021923620571532,2.157288541402026,2020-08-30 06:00:00,2021-08-30 06:00:00,2021-08-30 06:00:00,365,1
1335,2021-08-30 06:00:00,Naive,6,2.021923620571532,1.2835104295588227,2020-08-30 06:00:00,2021-08-30 06:00:00,2021-08-30 06:00:00,365,1
1336,2021-08-31 06:00:00,Decision Tree,6,2.0802402318345132,2.0602754855141416,2020-08-31 06:00:00,2021-08-31 06:00:00,2021-08-31 06:00:00,365,1
1337,2021-08-31 06:00:00,Random Forest,6,2.0802402318345132,2.039401414233624,2020-08-31 06:00:00,2021-08-31 06:00:00,2021-08-31 06:00:00,365,1
1338,2021-08-31 06:00:00,Neural Network,6,2.0802402318345132,2.179441447549495,2020-08-31 06:00:00,2021-08-31 06:00:00,2021-08-31 06:00:00,365,1
1339,2021-08-31 06:00:00,Naive,6,2.0802402318345132,2.021923620571532,2020-08-31 06:00:00,2021-08-31 06:00:00,2021-08-31 06:00:00,365,1
1340,2021-09-01 06:00:00,Decision Tree,6,2.12435973546318,2.062771078804188,2020-09-01 06:00:00,2021-09-01 06:00:00,2021-09-01 06:00:00,365,1
1341,2021-09-01 06:00:00,Random Forest,6,2.12435973546318,2.0591095769237295,2020-09-01 06:00:00,2021-09-01 06:00:00,2021-09-01 06:00:00,365,1
1342,2021-09-01 06:00:00,Neural Network,6,2.12435973546318,2.210790374661765,2020-09-01 06:00:00,2021-09-01 06:00:00,2021-09-01 06:00:00,365,1
1343,2021-09-01 06:00:00,Naive,6,2.12435973546318,2.0802402318345132,2020-09-01 06:00:00,2021-09-01 06:00:00,2021-09-01 06:00:00,365,1
1344,2021-09-02 06:00:00,Decision Tree,6,2.239261313743095,2.0696142628774097,2020-09-02 06:00:00,2021-09-02 06:00:00,2021-09-02 06:00:00,365,1
1345,2021-09-02 06:00:00,Random Forest,6,2.239261313743095,2.0908011912346303,2020-09-02 06:00:00,2021-09-02 06:00:00,2021-09-02 06:00:00,365,1
1346,2021-09-02 06:00:00,Neural Network,6,2.239261313743095,2.422431963187016,2020-09-02 06:00:00,2021-09-02 06:00:00,2021-09-02 06:00:00,365,1
1347,2021-09-02 06:00:00,Naive,6,2.239261313743095,2.12435973546318,2020-09-02 06:00:00,2021-09-02 06:00:00,2021-09-02 06:00:00,365,1
1348,2021-09-03 06:00:00,Decision Tree,6,2.164260066516003,2.1293910072560718,2020-09-03 06:00:00,2021-09-03 06:00:00,2021-09-03 06:00:00,365,1
1349,2021-09-03 06:00:00,Random Forest,6,2.164260066516003,2.1203304270067864,2020-09-03 06:00:00,2021-09-03 06:00:00,2021-09-03 06:00:00,365,1
1350,2021-09-03 06:00:00,Neural Network,6,2.164260066516003,2.3044686135680337,2020-09-03 06:00:00,2021-09-03 06:00:00,2021-09-03 06:00:00,365,1
1351,2021-09-03 06:00:00,Naive,6,2.164260066516003,2.239261313743095,2020-09-03 06:00:00,2021-09-03 06:00:00,2021-09-03 06:00:00,365,1
1352,2021-09-04 06:00:00,Decision Tree,6,1.9144434181191838,2.0495725728996916,2020-09-04 06:00:00,2021-09-04 06:00:00,2021-09-04 06:00:00,365,1
1353,2021-09-04 06:00:00,Random Forest,6,1.9144434181191838,2.009420832558273,2020-09-04 06:00:00,2021-09-04 06:00:00,2021-09-04 06:00:00,365,1
1354,2021-09-04 06:00:00,Neural Network,6,1.9144434181191838,1.940768164472119,2020-09-04 06:00:00,2021-09-04 06:00:00,2021-09-04 06:00:00,365,1
1355,2021-09-04 06:00:00,Naive,6,1.9144434181191838,2.164260066516003,2020-09-04 06:00:00,2021-09-04 06:00:00,2021-09-04 06:00:00,365,1
1356,2021-09-05 06:00:00,Decision Tree,6,1.750849337970797,1.9066081684832004,2020-09-05 06:00:00,2021-09-05 06:00:00,2021-09-05 06:00:00,365,1
1357,2021-09-05 06:00:00,Random Forest,6,1.750849337970797,1.8241957771980257,2020-09-05 06:00:00,2021-09-05 06:00:00,2021-09-05 06:00:00,365,1
1358,2021-09-05 06:00:00,Neural Network,6,1.750849337970797,1.7225840523971336,2020-09-05 06:00:00,2021-09-05 06:00:00,2021-09-05 06:00:00,365,1
1359,2021-09-05 06:00:00,Naive,6,1.750849337970797,1.9144434181191838,2020-09-05 06:00:00,2021-09-05 06:00:00,2021-09-05 06:00:00,365,1
1360,2021-09-06 06:00:00,Decision Tree,6,2.296459249565104,2.109079096623001,2020-09-06 06:00:00,2021-09-06 06:00:00,2021-09-06 06:00:00,365,1
1361,2021-09-06 06:00:00,Random Forest,6,2.296459249565104,2.1452975416879196,2020-09-06 06:00:00,2021-09-06 06:00:00,2021-09-06 06:00:00,365,1
1362,2021-09-06 06:00:00,Neural Network,6,2.296459249565104,2.407143461781835,2020-09-06 06:00:00,2021-09-06 06:00:00,2021-09-06 06:00:00,365,1
1363,2021-09-06 06:00:00,Naive,6,2.296459249565104,1.750849337970797,2020-09-06 06:00:00,2021-09-06 06:00:00,2021-09-06 06:00:00,365,1
1364,2021-09-07 06:00:00,Decision Tree,6,2.348613233391823,2.187986735932886,2020-09-07 06:00:00,2021-09-07 06:00:00,2021-09-07 06:00:00,365,1
1365,2021-09-07 06:00:00,Random Forest,6,2.348613233391823,2.2160168188228493,2020-09-07 06:00:00,2021-09-07 06:00:00,2021-09-07 06:00:00,365,1
1366,2021-09-07 06:00:00,Neural Network,6,2.348613233391823,2.6344920491830615,2020-09-07 06:00:00,2021-09-07 06:00:00,2021-09-07 06:00:00,365,1
1367,2021-09-07 06:00:00,Naive,6,2.348613233391823,2.296459249565104,2020-09-07 06:00:00,2021-09-07 06:00:00,2021-09-07 06:00:00,365,1
1368,2021-09-08 06:00:00,Decision Tree,6,2.371300323244566,2.2345907197358406,2020-09-08 06:00:00,2021-09-08 06:00:00,2021-09-08 06:00:00,365,1
1369,2021-09-08 06:00:00,Random Forest,6,2.371300323244566,2.2600287064183058,2020-09-08 06:00:00,2021-09-08 06:00:00,2021-09-08 06:00:00,365,1
1370,2021-09-08 06:00:00,Neural Network,6,2.371300323244566,2.5767036197551745,2020-09-08 06:00:00,2021-09-08 06:00:00,2021-09-08 06:00:00,365,1
1371,2021-09-08 06:00:00,Naive,6,2.371300323244566,2.348613233391823,2020-09-08 06:00:00,2021-09-08 06:00:00,2021-09-08 06:00:00,365,1
1372,2021-09-09 06:00:00,Decision Tree,6,2.304754018272275,2.2839788372921186,2020-09-09 06:00:00,2021-09-09 06:00:00,2021-09-09 06:00:00,365,1
1373,2021-09-09 06:00:00,Random Forest,6,2.304754018272275,2.235669594214762,2020-09-09 06:00:00,2021-09-09 06:00:00,2021-09-09 06:00:00,365,1
1374,2021-09-09 06:00:00,Neural Network,6,2.304754018272275,2.470568991738778,2020-09-09 06:00:00,2021-09-09 06:00:00,2021-09-09 06:00:00,365,1
1375,2021-09-09 06:00:00,Naive,6,2.304754018272275,2.371300323244566,2020-09-09 06:00:00,2021-09-09 06:00:00,2021-09-09 06:00:00,365,1
1376,2021-09-10 06:00:00,Decision Tree,6,2.3686246543216267,2.3120776276433728,2020-09-10 06:00:00,2021-09-10 06:00:00,2021-09-10 06:00:00,365,1
1377,2021-09-10 06:00:00,Random Forest,6,2.3686246543216267,2.30798970846217,2020-09-10 06:00:00,2021-09-10 06:00:00,2021-09-10 06:00:00,365,1
1378,2021-09-10 06:00:00,Neural Network,6,2.3686246543216267,2.653756053500678,2020-09-10 06:00:00,2021-09-10 06:00:00,2021-09-10 06:00:00,365,1
1379,2021-09-10 06:00:00,Naive,6,2.3686246543216267,2.304754018272275,2020-09-10 06:00:00,2021-09-10 06:00:00,2021-09-10 06:00:00,365,1
1380,2021-09-11 06:00:00,Decision Tree,6,2.211417756771999,2.321502132089748,2020-09-11 06:00:00,2021-09-11 06:00:00,2021-09-11 06:00:00,365,1
1381,2021-09-11 06:00:00,Random Forest,6,2.211417756771999,2.246853698160694,2020-09-11 06:00:00,2021-09-11 06:00:00,2021-09-11 06:00:00,365,1
1382,2021-09-11 06:00:00,Neural Network,6,2.211417756771999,2.2055650396049167,2020-09-11 06:00:00,2021-09-11 06:00:00,2021-09-11 06:00:00,365,1
1383,2021-09-11 06:00:00,Naive,6,2.211417756771999,2.3686246543216267,2020-09-11 06:00:00,2021-09-11 06:00:00,2021-09-11 06:00:00,365,1
1384,2021-09-12 06:00:00,Decision Tree,6,1.7483946020262668,1.747419299798949,2020-09-12 06:00:00,2021-09-12 06:00:00,2021-09-12 06:00:00,365,1
1385,2021-09-12 06:00:00,Random Forest,6,1.7483946020262668,1.8037260787266514,2020-09-12 06:00:00,2021-09-12 06:00:00,2021-09-12 06:00:00,365,1
1386,2021-09-12 06:00:00,Neural Network,6,1.7483946020262668,1.7896295058708542,2020-09-12 06:00:00,2021-09-12 06:00:00,2021-09-12 06:00:00,365,1
1387,2021-09-12 06:00:00,Naive,6,1.7483946020262668,2.211417756771999,2020-09-12 06:00:00,2021-09-12 06:00:00,2021-09-12 06:00:00,365,1
1388,2021-09-13 06:00:00,Decision Tree,6,2.41930277266768,2.305775792758641,2020-09-13 06:00:00,2021-09-13 06:00:00,2021-09-13 06:00:00,365,1
1389,2021-09-13 06:00:00,Random Forest,6,2.41930277266768,2.3020679646884297,2020-09-13 06:00:00,2021-09-13 06:00:00,2021-09-13 06:00:00,365,1
1390,2021-09-13 06:00:00,Neural Network,6,2.41930277266768,2.5343591527035123,2020-09-13 06:00:00,2021-09-13 06:00:00,2021-09-13 06:00:00,365,1
1391,2021-09-13 06:00:00,Naive,6,2.41930277266768,1.7483946020262668,2020-09-13 06:00:00,2021-09-13 06:00:00,2021-09-13 06:00:00,365,1
1392,2021-09-14 06:00:00,Decision Tree,6,2.4441571930723343,2.319966665247271,2020-09-14 06:00:00,2021-09-14 06:00:00,2021-09-14 06:00:00,365,1
1393,2021-09-14 06:00:00,Random Forest,6,2.4441571930723343,2.360475983856434,2020-09-14 06:00:00,2021-09-14 06:00:00,2021-09-14 06:00:00,365,1
1394,2021-09-14 06:00:00,Neural Network,6,2.4441571930723343,2.585342193178965,2020-09-14 06:00:00,2021-09-14 06:00:00,2021-09-14 06:00:00,365,1
1395,2021-09-14 06:00:00,Naive,6,2.4441571930723343,2.41930277266768,2020-09-14 06:00:00,2021-09-14 06:00:00,2021-09-14 06:00:00,365,1
1396,2021-09-15 06:00:00,Decision Tree,6,2.5332871357950975,2.364744492076487,2020-09-15 06:00:00,2021-09-15 06:00:00,2021-09-15 06:00:00,365,1
1397,2021-09-15 06:00:00,Random Forest,6,2.5332871357950975,2.3784942444210557,2020-09-15 06:00:00,2021-09-15 06:00:00,2021-09-15 06:00:00,365,1
1398,2021-09-15 06:00:00,Neural Network,6,2.5332871357950975,2.6228761326590915,2020-09-15 06:00:00,2021-09-15 06:00:00,2021-09-15 06:00:00,365,1
1399,2021-09-15 06:00:00,Naive,6,2.5332871357950975,2.4441571930723343,2020-09-15 06:00:00,2021-09-15 06:00:00,2021-09-15 06:00:00,365,1
1400,2021-09-16 06:00:00,Decision Tree,6,2.5520338718566333,2.4142142187488544,2020-09-16 06:00:00,2021-09-16 06:00:00,2021-09-16 06:00:00,365,1
1401,2021-09-16 06:00:00,Random Forest,6,2.5520338718566333,2.4381846405403813,2020-09-16 06:00:00,2021-09-16 06:00:00,2021-09-16 06:00:00,365,1
1402,2021-09-16 06:00:00,Neural Network,6,2.5520338718566333,2.8567415955582174,2020-09-16 06:00:00,2021-09-16 06:00:00,2021-09-16 06:00:00,365,1
1403,2021-09-16 06:00:00,Naive,6,2.5520338718566333,2.5332871357950975,2020-09-16 06:00:00,2021-09-16 06:00:00,2021-09-16 06:00:00,365,1
1404,2021-09-17 06:00:00,Decision Tree,6,2.5436624875891565,2.4339027406213947,2020-09-17 06:00:00,2021-09-17 06:00:00,2021-09-17 06:00:00,365,1
1405,2021-09-17 06:00:00,Random Forest,6,2.5436624875891565,2.4762524965129606,2020-09-17 06:00:00,2021-09-17 06:00:00,2021-09-17 06:00:00,365,1
1406,2021-09-17 06:00:00,Neural Network,6,2.5436624875891565,2.5810204169514543,2020-09-17 06:00:00,2021-09-17 06:00:00,2021-09-17 06:00:00,365,1
1407,2021-09-17 06:00:00,Naive,6,2.5436624875891565,2.5520338718566333,2020-09-17 06:00:00,2021-09-17 06:00:00,2021-09-17 06:00:00,365,1
1408,2021-09-18 06:00:00,Decision Tree,6,2.152228683673585,2.163907820865758,2020-09-18 06:00:00,2021-09-18 06:00:00,2021-09-18 06:00:00,365,1
1409,2021-09-18 06:00:00,Random Forest,6,2.152228683673585,2.2371645828339854,2020-09-18 06:00:00,2021-09-18 06:00:00,2021-09-18 06:00:00,365,1
1410,2021-09-18 06:00:00,Neural Network,6,2.152228683673585,2.165238428753983,2020-09-18 06:00:00,2021-09-18 06:00:00,2021-09-18 06:00:00,365,1
1411,2021-09-18 06:00:00,Naive,6,2.152228683673585,2.5436624875891565,2020-09-18 06:00:00,2021-09-18 06:00:00,2021-09-18 06:00:00,365,1
1412,2021-09-19 06:00:00,Decision Tree,6,1.3428485253937703,1.5844364148333625,2020-09-19 06:00:00,2021-09-19 06:00:00,2021-09-19 06:00:00,365,1
1413,2021-09-19 06:00:00,Random Forest,6,1.3428485253937703,1.5464698320272185,2020-09-19 06:00:00,2021-09-19 06:00:00,2021-09-19 06:00:00,365,1
1414,2021-09-19 06:00:00,Neural Network,6,1.3428485253937703,1.553989170202371,2020-09-19 06:00:00,2021-09-19 06:00:00,2021-09-19 06:00:00,365,1
1415,2021-09-19 06:00:00,Naive,6,1.3428485253937703,2.152228683673585,2020-09-19 06:00:00,2021-09-19 06:00:00,2021-09-19 06:00:00,365,1
1416,2021-09-20 06:00:00,Decision Tree,6,2.4695389302460593,2.4984886921961804,2020-09-20 06:00:00,2021-09-20 06:00:00,2021-09-20 06:00:00,365,1
1417,2021-09-20 06:00:00,Random Forest,6,2.4695389302460593,2.466070211994932,2020-09-20 06:00:00,2021-09-20 06:00:00,2021-09-20 06:00:00,365,1
1418,2021-09-20 06:00:00,Neural Network,6,2.4695389302460593,2.5199860106826373,2020-09-20 06:00:00,2021-09-20 06:00:00,2021-09-20 06:00:00,365,1
1419,2021-09-20 06:00:00,Naive,6,2.4695389302460593,1.3428485253937703,2020-09-20 06:00:00,2021-09-20 06:00:00,2021-09-20 06:00:00,365,1
1420,2021-09-21 06:00:00,Decision Tree,6,2.5338799255518873,2.508535923711856,2020-09-21 06:00:00,2021-09-21 06:00:00,2021-09-21 06:00:00,365,1
1421,2021-09-21 06:00:00,Random Forest,6,2.5338799255518873,2.4936340033748245,2020-09-21 06:00:00,2021-09-21 06:00:00,2021-09-21 06:00:00,365,1
1422,2021-09-21 06:00:00,Neural Network,6,2.5338799255518873,2.616335756605495,2020-09-21 06:00:00,2021-09-21 06:00:00,2021-09-21 06:00:00,365,1
1423,2021-09-21 06:00:00,Naive,6,2.5338799255518873,2.4695389302460593,2020-09-21 06:00:00,2021-09-21 06:00:00,2021-09-21 06:00:00,365,1
1424,2021-09-22 06:00:00,Decision Tree,6,2.564749111177576,2.512759924018528,2020-09-22 06:00:00,2021-09-22 06:00:00,2021-09-22 06:00:00,365,1
1425,2021-09-22 06:00:00,Random Forest,6,2.564749111177576,2.518028453805917,2020-09-22 06:00:00,2021-09-22 06:00:00,2021-09-22 06:00:00,365,1
1426,2021-09-22 06:00:00,Neural Network,6,2.564749111177576,2.6568000967749383,2020-09-22 06:00:00,2021-09-22 06:00:00,2021-09-22 06:00:00,365,1
1427,2021-09-22 06:00:00,Naive,6,2.564749111177576,2.5338799255518873,2020-09-22 06:00:00,2021-09-22 06:00:00,2021-09-22 06:00:00,365,1
1428,2021-09-23 06:00:00,Decision Tree,6,2.054070685495933,2.178305511233572,2020-09-23 06:00:00,2021-09-23 06:00:00,2021-09-23 06:00:00,365,1
1429,2021-09-23 06:00:00,Random Forest,6,2.054070685495933,2.1437667124768702,2020-09-23 06:00:00,2021-09-23 06:00:00,2021-09-23 06:00:00,365,1
1430,2021-09-23 06:00:00,Neural Network,6,2.054070685495933,2.5287588116604645,2020-09-23 06:00:00,2021-09-23 06:00:00,2021-09-23 06:00:00,365,1
1431,2021-09-23 06:00:00,Naive,6,2.054070685495933,2.564749111177576,2020-09-23 06:00:00,2021-09-23 06:00:00,2021-09-23 06:00:00,365,1
1432,2021-09-24 06:00:00,Decision Tree,6,2.3628141662534268,2.3515090419105125,2020-09-24 06:00:00,2021-09-24 06:00:00,2021-09-24 06:00:00,365,1
1433,2021-09-24 06:00:00,Random Forest,6,2.3628141662534268,2.4691557263055954,2020-09-24 06:00:00,2021-09-24 06:00:00,2021-09-24 06:00:00,365,1
1434,2021-09-24 06:00:00,Neural Network,6,2.3628141662534268,2.6526963815566185,2020-09-24 06:00:00,2021-09-24 06:00:00,2021-09-24 06:00:00,365,1
1435,2021-09-24 06:00:00,Naive,6,2.3628141662534268,2.054070685495933,2020-09-24 06:00:00,2021-09-24 06:00:00,2021-09-24 06:00:00,365,1
1436,2021-09-25 06:00:00,Decision Tree,6,1.8855052812069177,1.7542823447595532,2020-09-25 06:00:00,2021-09-25 06:00:00,2021-09-25 06:00:00,365,1
1437,2021-09-25 06:00:00,Random Forest,6,1.8855052812069177,2.0030300388847455,2020-09-25 06:00:00,2021-09-25 06:00:00,2021-09-25 06:00:00,365,1
1438,2021-09-25 06:00:00,Neural Network,6,1.8855052812069177,1.8081078077352575,2020-09-25 06:00:00,2021-09-25 06:00:00,2021-09-25 06:00:00,365,1
1439,2021-09-25 06:00:00,Naive,6,1.8855052812069177,2.3628141662534268,2020-09-25 06:00:00,2021-09-25 06:00:00,2021-09-25 06:00:00,365,1
1440,2021-09-26 06:00:00,Decision Tree,6,1.9439037475331735,2.109484736102094,2020-09-26 06:00:00,2021-09-26 06:00:00,2021-09-26 06:00:00,365,1
1441,2021-09-26 06:00:00,Random Forest,6,1.9439037475331735,2.0233729241155913,2020-09-26 06:00:00,2021-09-26 06:00:00,2021-09-26 06:00:00,365,1
1442,2021-09-26 06:00:00,Neural Network,6,1.9439037475331735,1.9261547639205117,2020-09-26 06:00:00,2021-09-26 06:00:00,2021-09-26 06:00:00,365,1
1443,2021-09-26 06:00:00,Naive,6,1.9439037475331735,1.8855052812069177,2020-09-26 06:00:00,2021-09-26 06:00:00,2021-09-26 06:00:00,365,1
1444,2021-09-27 06:00:00,Decision Tree,6,2.5293987893819097,2.5328585770360683,2020-09-27 06:00:00,2021-09-27 06:00:00,2021-09-27 06:00:00,365,1
1445,2021-09-27 06:00:00,Random Forest,6,2.5293987893819097,2.504432776746899,2020-09-27 06:00:00,2021-09-27 06:00:00,2021-09-27 06:00:00,365,1
1446,2021-09-27 06:00:00,Neural Network,6,2.5293987893819097,2.5232556265310957,2020-09-27 06:00:00,2021-09-27 06:00:00,2021-09-27 06:00:00,365,1
1447,2021-09-27 06:00:00,Naive,6,2.5293987893819097,1.9439037475331735,2020-09-27 06:00:00,2021-09-27 06:00:00,2021-09-27 06:00:00,365,1
1448,2021-09-28 06:00:00,Decision Tree,6,2.5177637397904062,2.510001135259815,2020-09-28 06:00:00,2021-09-28 06:00:00,2021-09-28 06:00:00,365,1
1449,2021-09-28 06:00:00,Random Forest,6,2.5177637397904062,2.527080905506872,2020-09-28 06:00:00,2021-09-28 06:00:00,2021-09-28 06:00:00,365,1
1450,2021-09-28 06:00:00,Neural Network,6,2.5177637397904062,2.5750444891107844,2020-09-28 06:00:00,2021-09-28 06:00:00,2021-09-28 06:00:00,365,1
1451,2021-09-28 06:00:00,Naive,6,2.5177637397904062,2.5293987893819097,2020-09-28 06:00:00,2021-09-28 06:00:00,2021-09-28 06:00:00,365,1
1452,2021-09-29 06:00:00,Decision Tree,6,2.45549142941693,2.5455225063940703,2020-09-29 06:00:00,2021-09-29 06:00:00,2021-09-29 06:00:00,365,1
1453,2021-09-29 06:00:00,Random Forest,6,2.45549142941693,2.50887298981666,2020-09-29 06:00:00,2021-09-29 06:00:00,2021-09-29 06:00:00,365,1
1454,2021-09-29 06:00:00,Neural Network,6,2.45549142941693,2.468527831221892,2020-09-29 06:00:00,2021-09-29 06:00:00,2021-09-29 06:00:00,365,1
1455,2021-09-29 06:00:00,Naive,6,2.45549142941693,2.5177637397904062,2020-09-29 06:00:00,2021-09-29 06:00:00,2021-09-29 06:00:00,365,1
1456,2021-09-30 06:00:00,Decision Tree,6,1.9347536268908276,1.9941283331699964,2020-09-30 06:00:00,2021-09-30 06:00:00,2021-09-30 06:00:00,365,1
1457,2021-09-30 06:00:00,Random Forest,6,1.9347536268908276,1.9872546277234642,2020-09-30 06:00:00,2021-09-30 06:00:00,2021-09-30 06:00:00,365,1
1458,2021-09-30 06:00:00,Neural Network,6,1.9347536268908276,2.2075963343749105,2020-09-30 06:00:00,2021-09-30 06:00:00,2021-09-30 06:00:00,365,1
1459,2021-09-30 06:00:00,Naive,6,1.9347536268908276,2.45549142941693,2020-09-30 06:00:00,2021-09-30 06:00:00,2021-09-30 06:00:00,365,1
