,timestamp,model,hour,y_true,y_pred,train_start,train_end,test_day,train_rows,test_rows
0,2020-10-01 12:00:00,Decision Tree,12,-0.16869333949569215,-0.19503432341547808,2019-10-01 12:00:00,2020-10-01 12:00:00,2020-10-01 12:00:00,366,1
1,2020-10-01 12:00:00,Random Forest,12,-0.16869333949569215,-0.17389664760352339,2019-10-01 12:00:00,2020-10-01 12:00:00,2020-10-01 12:00:00,366,1
2,2020-10-01 12:00:00,Neural Network,12,-0.16869333949569215,-0.0835783662925263,2019-10-01 12:00:00,2020-10-01 12:00:00,2020-10-01 12:00:00,366,1
3,2020-10-01 12:00:00,Naive,12,-0.16869333949569215,0.8142133225541259,2019-10-01 12:00:00,2020-10-01 12:00:00,2020-10-01 12:00:00,366,1
4,2020-10-02 12:00:00,Decision Tree,12,0.26810726630577286,0.26341529569504124,2019-10-02 12:00:00,2020-10-02 12:00:00,2020-10-02 12:00:00,366,1
5,2020-10-02 12:00:00,Random Forest,12,0.26810726630577286,0.2662603581155789,2019-10-02 12:00:00,2020-10-02 12:00:00,2020-10-02 12:00:00,366,1
6,2020-10-02 12:00:00,Neural Network,12,0.26810726630577286,0.31999477828364997,2019-10-02 12:00:00,2020-10-02 12:00:00,2020-10-02 12:00:00,366,1
7,2020-10-02 12:00:00,Naive,12,0.26810726630577286,-0.16869333949569215,2019-10-02 12:00:00,2020-10-02 12:00:00,2020-10-02 12:00:00,366,1
8,2020-10-03 12:00:00,Decision Tree,12,-0.7029223422041574,-0.6699023366149331,2019-10-03 12:00:00,2020-10-03 12:00:00,2020-10-03 12:00:00,366,1
9,2020-10-03 12:00:00,Random Forest,12,-0.7029223422041574,-0.7052345107330386,2019-10-03 12:00:00,2020-10-03 12:00:00,2020-10-03 12:00:00,366,1
10,2020-10-03 12:00:00,Neural Network,12,-0.7029223422041574,-0.6485549711370087,2019-10-03 12:00:00,2020-10-03 12:00:00,2020-10-03 12:00:00,366,1
11,2020-10-03 12:00:00,Naive,12,-0.7029223422041574,0.26810726630577286,2019-10-03 12:00:00,2020-10-03 12:00:00,2020-10-03 12:00:00,366,1
12,2020-10-04 12:00:00,Decision Tree,12,-2.371740139470977,-2.4440746666482127,2019-10-04 12:00:00,2020-10-04 12:00:00,2020-10-04 12:00:00,366,1
13,2020-10-04 12:00:00,Random Forest,12,-2.371740139470977,-2.336131802654804,2019-10-04 12:00:00,2020-10-04 12:00:00,2020-10-04 12:00:00,366,1
14,2020-10-04 12:00:00,Neural Network,12,-2.371740139470977,-2.3789501530399995,2019-10-04 12:00:00,2020-10-04 12:00:00,2020-10-04 12:00:00,366,1
15,2020-10-04 12:00:00,Naive,12,-2.371740139470977,-0.7029223422041574,2019-10-04 12:00:00,2020-10-04 12:00:00,2020-10-04 12:00:00,366,1
16,2020-10-05 12:00:00,Decision Tree,12,-0.1927165952759003,-0.19503432341547808,2019-10-05 12:00:00,2020-10-05 12:00:00,2020-10-05 12:00:00,366,1
17,2020-10-05 12:00:00,Random Forest,12,-0.1927165952759003,-0.19122014521911782,2019-10-05 12:00:00,2020-10-05 12:00:00,2020-10-05 12:00:00,366,1
18,2020-10-05 12:00:00,Neural Network,12,-0.1927165952759003,-0.2786146365610117,2019-10-05 12:00:00,2020-10-05 12:00:00,2020-10-05 12:00:00,366,1
19,2020-10-05 12:00:00,Naive,12,-0.1927165952759003,-2.371740139470977,2019-10-05 12:00:00,2020-10-05 12:00:00,2020-10-05 12:00:00,366,1
20,2020-10-06 12:00:00,Decision Tree,12,-0.16904469317755122,-0.1947032193955384,2019-10-06 12:00:00,2020-10-06 12:00:00,2020-10-06 12:00:00,366,1
21,2020-10-06 12:00:00,Random Forest,12,-0.16904469317755122,-0.17705059443565807,2019-10-06 12:00:00,2020-10-06 12:00:00,2020-10-06 12:00:00,366,1
22,2020-10-06 12:00:00,Neural Network,12,-0.16904469317755122,-0.4024972852745337,2019-10-06 12:00:00,2020-10-06 12:00:00,2020-10-06 12:00:00,366,1
23,2020-10-06 12:00:00,Naive,12,-0.16904469317755122,-0.1927165952759003,2019-10-06 12:00:00,2020-10-06 12:00:00,2020-10-06 12:00:00,366,1
24,2020-10-07 12:00:00,Decision Tree,12,0.36609396814895384,0.368185121795308,2019-10-07 12:00:00,2020-10-07 12:00:00,2020-10-07 12:00:00,366,1
25,2020-10-07 12:00:00,Random Forest,12,0.36609396814895384,0.3562421737877636,2019-10-07 12:00:00,2020-10-07 12:00:00,2020-10-07 12:00:00,366,1
26,2020-10-07 12:00:00,Neural Network,12,0.36609396814895384,0.3070449254206738,2019-10-07 12:00:00,2020-10-07 12:00:00,2020-10-07 12:00:00,366,1
27,2020-10-07 12:00:00,Naive,12,0.36609396814895384,-0.16904469317755122,2019-10-07 12:00:00,2020-10-07 12:00:00,2020-10-07 12:00:00,366,1
28,2020-10-08 12:00:00,Decision Tree,12,-0.21747359164027574,-0.1947032193955384,2019-10-08 12:00:00,2020-10-08 12:00:00,2020-10-08 12:00:00,366,1
29,2020-10-08 12:00:00,Random Forest,12,-0.21747359164027574,-0.2232778063098731,2019-10-08 12:00:00,2020-10-08 12:00:00,2020-10-08 12:00:00,366,1
30,2020-10-08 12:00:00,Neural Network,12,-0.21747359164027574,-0.3833356523923095,2019-10-08 12:00:00,2020-10-08 12:00:00,2020-10-08 12:00:00,366,1
31,2020-10-08 12:00:00,Naive,12,-0.21747359164027574,0.36609396814895384,2019-10-08 12:00:00,2020-10-08 12:00:00,2020-10-08 12:00:00,366,1
32,2020-10-09 12:00:00,Decision Tree,12,0.5019970995866682,0.5124936669673501,2019-10-09 12:00:00,2020-10-09 12:00:00,2020-10-09 12:00:00,366,1
33,2020-10-09 12:00:00,Random Forest,12,0.5019970995866682,0.48117349134696497,2019-10-09 12:00:00,2020-10-09 12:00:00,2020-10-09 12:00:00,366,1
34,2020-10-09 12:00:00,Neural Network,12,0.5019970995866682,0.6868181095601951,2019-10-09 12:00:00,2020-10-09 12:00:00,2020-10-09 12:00:00,366,1
35,2020-10-09 12:00:00,Naive,12,0.5019970995866682,-0.21747359164027574,2019-10-09 12:00:00,2020-10-09 12:00:00,2020-10-09 12:00:00,366,1
36,2020-10-10 12:00:00,Decision Tree,12,-0.48534873525178496,-0.5165406440281207,2019-10-10 12:00:00,2020-10-10 12:00:00,2020-10-10 12:00:00,366,1
37,2020-10-10 12:00:00,Random Forest,12,-0.48534873525178496,-0.49245387987993877,2019-10-10 12:00:00,2020-10-10 12:00:00,2020-10-10 12:00:00,366,1
38,2020-10-10 12:00:00,Neural Network,12,-0.48534873525178496,-0.43660678664287145,2019-10-10 12:00:00,2020-10-10 12:00:00,2020-10-10 12:00:00,366,1
39,2020-10-10 12:00:00,Naive,12,-0.48534873525178496,0.5019970995866682,2019-10-10 12:00:00,2020-10-10 12:00:00,2020-10-10 12:00:00,366,1
40,2020-10-11 12:00:00,Decision Tree,12,-0.1801665738385226,-0.19754951592613057,2019-10-11 12:00:00,2020-10-11 12:00:00,2020-10-11 12:00:00,366,1
41,2020-10-11 12:00:00,Random Forest,12,-0.1801665738385226,-0.18902827984656662,2019-10-11 12:00:00,2020-10-11 12:00:00,2020-10-11 12:00:00,366,1
42,2020-10-11 12:00:00,Neural Network,12,-0.1801665738385226,-0.020075483195745092,2019-10-11 12:00:00,2020-10-11 12:00:00,2020-10-11 12:00:00,366,1
43,2020-10-11 12:00:00,Naive,12,-0.1801665738385226,-0.48534873525178496,2019-10-11 12:00:00,2020-10-11 12:00:00,2020-10-11 12:00:00,366,1
44,2020-10-12 12:00:00,Decision Tree,12,0.8403866502810043,0.8342473969707077,2019-10-12 12:00:00,2020-10-12 12:00:00,2020-10-12 12:00:00,366,1
45,2020-10-12 12:00:00,Random Forest,12,0.8403866502810043,0.8141037208707106,2019-10-12 12:00:00,2020-10-12 12:00:00,2020-10-12 12:00:00,366,1
46,2020-10-12 12:00:00,Neural Network,12,0.8403866502810043,0.8961898824955895,2019-10-12 12:00:00,2020-10-12 12:00:00,2020-10-12 12:00:00,366,1
47,2020-10-12 12:00:00,Naive,12,0.8403866502810043,-0.1801665738385226,2019-10-12 12:00:00,2020-10-12 12:00:00,2020-10-12 12:00:00,366,1
48,2020-10-13 12:00:00,Decision Tree,12,0.7022660079484956,0.657954443249184,2019-10-13 12:00:00,2020-10-13 12:00:00,2020-10-13 12:00:00,366,1
49,2020-10-13 12:00:00,Random Forest,12,0.7022660079484956,0.6674188621665416,2019-10-13 12:00:00,2020-10-13 12:00:00,2020-10-13 12:00:00,366,1
50,2020-10-13 12:00:00,Neural Network,12,0.7022660079484956,0.8551532997404667,2019-10-13 12:00:00,2020-10-13 12:00:00,2020-10-13 12:00:00,366,1
51,2020-10-13 12:00:00,Naive,12,0.7022660079484956,0.8403866502810043,2019-10-13 12:00:00,2020-10-13 12:00:00,2020-10-13 12:00:00,366,1
52,2020-10-14 12:00:00,Decision Tree,12,-0.11695844890659399,-0.14304072060250217,2019-10-14 12:00:00,2020-10-14 12:00:00,2020-10-14 12:00:00,366,1
53,2020-10-14 12:00:00,Random Forest,12,-0.11695844890659399,-0.14694211424050882,2019-10-14 12:00:00,2020-10-14 12:00:00,2020-10-14 12:00:00,366,1
54,2020-10-14 12:00:00,Neural Network,12,-0.11695844890659399,-0.2535391299648686,2019-10-14 12:00:00,2020-10-14 12:00:00,2020-10-14 12:00:00,366,1
55,2020-10-14 12:00:00,Naive,12,-0.11695844890659399,0.7022660079484956,2019-10-14 12:00:00,2020-10-14 12:00:00,2020-10-14 12:00:00,366,1
56,2020-10-15 12:00:00,Decision Tree,12,0.7784945623824054,0.7604697380727847,2019-10-15 12:00:00,2020-10-15 12:00:00,2020-10-15 12:00:00,366,1
57,2020-10-15 12:00:00,Random Forest,12,0.7784945623824054,0.7521949811967596,2019-10-15 12:00:00,2020-10-15 12:00:00,2020-10-15 12:00:00,366,1
58,2020-10-15 12:00:00,Neural Network,12,0.7784945623824054,0.5487524825740924,2019-10-15 12:00:00,2020-10-15 12:00:00,2020-10-15 12:00:00,366,1
59,2020-10-15 12:00:00,Naive,12,0.7784945623824054,-0.11695844890659399,2019-10-15 12:00:00,2020-10-15 12:00:00,2020-10-15 12:00:00,366,1
60,2020-10-16 12:00:00,Decision Tree,12,0.8678369082655624,0.8514147792907236,2019-10-16 12:00:00,2020-10-16 12:00:00,2020-10-16 12:00:00,366,1
61,2020-10-16 12:00:00,Random Forest,12,0.8678369082655624,0.845262164623905,2019-10-16 12:00:00,2020-10-16 12:00:00,2020-10-16 12:00:00,366,1
62,2020-10-16 12:00:00,Neural Network,12,0.8678369082655624,0.9579297975806037,2019-10-16 12:00:00,2020-10-16 12:00:00,2020-10-16 12:00:00,366,1
63,2020-10-16 12:00:00,Naive,12,0.8678369082655624,0.7784945623824054,2019-10-16 12:00:00,2020-10-16 12:00:00,2020-10-16 12:00:00,366,1
64,2020-10-17 12:00:00,Decision Tree,12,0.4208615493404768,0.39503352154431703,2019-10-17 12:00:00,2020-10-17 12:00:00,2020-10-17 12:00:00,366,1
65,2020-10-17 12:00:00,Random Forest,12,0.4208615493404768,0.3966526460283783,2019-10-17 12:00:00,2020-10-17 12:00:00,2020-10-17 12:00:00,366,1
66,2020-10-17 12:00:00,Neural Network,12,0.4208615493404768,0.5299716430948536,2019-10-17 12:00:00,2020-10-17 12:00:00,2020-10-17 12:00:00,366,1
67,2020-10-17 12:00:00,Naive,12,0.4208615493404768,0.8678369082655624,2019-10-17 12:00:00,2020-10-17 12:00:00,2020-10-17 12:00:00,366,1
68,2020-10-18 12:00:00,Decision Tree,12,-0.7569481781555558,-0.7228235432988664,2019-10-18 12:00:00,2020-10-18 12:00:00,2020-10-18 12:00:00,366,1
69,2020-10-18 12:00:00,Random Forest,12,-0.7569481781555558,-0.7519705511975567,2019-10-18 12:00:00,2020-10-18 12:00:00,2020-10-18 12:00:00,366,1
70,2020-10-18 12:00:00,Neural Network,12,-0.7569481781555558,-0.6472575869687333,2019-10-18 12:00:00,2020-10-18 12:00:00,2020-10-18 12:00:00,366,1
71,2020-10-18 12:00:00,Naive,12,-0.7569481781555558,0.4208615493404768,2019-10-18 12:00:00,2020-10-18 12:00:00,2020-10-18 12:00:00,366,1
72,2020-10-19 12:00:00,Decision Tree,12,0.6447382654610204,0.6447546197564342,2019-10-19 12:00:00,2020-10-19 12:00:00,2020-10-19 12:00:00,366,1
73,2020-10-19 12:00:00,Random Forest,12,0.6447382654610204,0.6153856289777321,2019-10-19 12:00:00,2020-10-19 12:00:00,2020-10-19 12:00:00,366,1
74,2020-10-19 12:00:00,Neural Network,12,0.6447382654610204,0.663966480148398,2019-10-19 12:00:00,2020-10-19 12:00:00,2020-10-19 12:00:00,366,1
75,2020-10-19 12:00:00,Naive,12,0.6447382654610204,-0.7569481781555558,2019-10-19 12:00:00,2020-10-19 12:00:00,2020-10-19 12:00:00,366,1
76,2020-10-20 12:00:00,Decision Tree,12,-0.5316730828032032,-0.5458868005614391,2019-10-20 12:00:00,2020-10-20 12:00:00,2020-10-20 12:00:00,366,1
77,2020-10-20 12:00:00,Random Forest,12,-0.5316730828032032,-0.534188638960286,2019-10-20 12:00:00,2020-10-20 12:00:00,2020-10-20 12:00:00,366,1
78,2020-10-20 12:00:00,Neural Network,12,-0.5316730828032032,-0.3045184289016748,2019-10-20 12:00:00,2020-10-20 12:00:00,2020-10-20 12:00:00,366,1
79,2020-10-20 12:00:00,Naive,12,-0.5316730828032032,0.6447382654610204,2019-10-20 12:00:00,2020-10-20 12:00:00,2020-10-20 12:00:00,366,1
80,2020-10-21 12:00:00,Decision Tree,12,0.01084950445700872,-0.0030162701988646306,2019-10-21 12:00:00,2020-10-21 12:00:00,2020-10-21 12:00:00,366,1
81,2020-10-21 12:00:00,Random Forest,12,0.01084950445700872,-0.006516301910131002,2019-10-21 12:00:00,2020-10-21 12:00:00,2020-10-21 12:00:00,366,1
82,2020-10-21 12:00:00,Neural Network,12,0.01084950445700872,-0.022511678674822455,2019-10-21 12:00:00,2020-10-21 12:00:00,2020-10-21 12:00:00,366,1
83,2020-10-21 12:00:00,Naive,12,0.01084950445700872,-0.5316730828032032,2019-10-21 12:00:00,2020-10-21 12:00:00,2020-10-21 12:00:00,366,1
84,2020-10-22 12:00:00,Decision Tree,12,-0.6268241614718747,-0.6309455121042695,2019-10-22 12:00:00,2020-10-22 12:00:00,2020-10-22 12:00:00,366,1
85,2020-10-22 12:00:00,Random Forest,12,-0.6268241614718747,-0.6258145407914103,2019-10-22 12:00:00,2020-10-22 12:00:00,2020-10-22 12:00:00,366,1
86,2020-10-22 12:00:00,Neural Network,12,-0.6268241614718747,-0.5427641345999239,2019-10-22 12:00:00,2020-10-22 12:00:00,2020-10-22 12:00:00,366,1
87,2020-10-22 12:00:00,Naive,12,-0.6268241614718747,0.01084950445700872,2019-10-22 12:00:00,2020-10-22 12:00:00,2020-10-22 12:00:00,366,1
88,2020-10-23 12:00:00,Decision Tree,12,1.0593353223425874,1.0501747125869472,2019-10-23 12:00:00,2020-10-23 12:00:00,2020-10-23 12:00:00,366,1
89,2020-10-23 12:00:00,Random Forest,12,1.0593353223425874,0.9982846884860376,2019-10-23 12:00:00,2020-10-23 12:00:00,2020-10-23 12:00:00,366,1
90,2020-10-23 12:00:00,Neural Network,12,1.0593353223425874,0.9436378538998236,2019-10-23 12:00:00,2020-10-23 12:00:00,2020-10-23 12:00:00,366,1
91,2020-10-23 12:00:00,Naive,12,1.0593353223425874,-0.6268241614718747,2019-10-23 12:00:00,2020-10-23 12:00:00,2020-10-23 12:00:00,366,1
92,2020-10-24 12:00:00,Decision Tree,12,-0.2885721498238784,-0.2726539572237276,2019-10-24 12:00:00,2020-10-24 12:00:00,2020-10-24 12:00:00,366,1
93,2020-10-24 12:00:00,Random Forest,12,-0.2885721498238784,-0.28982995477849194,2019-10-24 12:00:00,2020-10-24 12:00:00,2020-10-24 12:00:00,366,1
94,2020-10-24 12:00:00,Neural Network,12,-0.2885721498238784,-0.5871956770185257,2019-10-24 12:00:00,2020-10-24 12:00:00,2020-10-24 12:00:00,366,1
95,2020-10-24 12:00:00,Naive,12,-0.2885721498238784,1.0593353223425874,2019-10-24 12:00:00,2020-10-24 12:00:00,2020-10-24 12:00:00,366,1
96,2020-10-25 12:00:00,Decision Tree,12,-1.4027437041839368,-1.3728281663212685,2019-10-25 12:00:00,2020-10-25 12:00:00,2020-10-25 12:00:00,366,1
97,2020-10-25 12:00:00,Random Forest,12,-1.4027437041839368,-1.381488705065578,2019-10-25 12:00:00,2020-10-25 12:00:00,2020-10-25 12:00:00,366,1
98,2020-10-25 12:00:00,Neural Network,12,-1.4027437041839368,-1.199785748425898,2019-10-25 12:00:00,2020-10-25 12:00:00,2020-10-25 12:00:00,366,1
99,2020-10-25 12:00:00,Naive,12,-1.4027437041839368,-0.2885721498238784,2019-10-25 12:00:00,2020-10-25 12:00:00,2020-10-25 12:00:00,366,1
100,2020-10-26 12:00:00,Decision Tree,12,0.7207933697254667,0.6550830762666168,2019-10-26 12:00:00,2020-10-26 12:00:00,2020-10-26 12:00:00,366,1
101,2020-10-26 12:00:00,Random Forest,12,0.7207933697254667,0.6763898054649615,2019-10-26 12:00:00,2020-10-26 12:00:00,2020-10-26 12:00:00,366,1
102,2020-10-26 12:00:00,Neural Network,12,0.7207933697254667,0.720690122602872,2019-10-26 12:00:00,2020-10-26 12:00:00,2020-10-26 12:00:00,366,1
103,2020-10-26 12:00:00,Naive,12,0.7207933697254667,-1.4027437041839368,2019-10-26 12:00:00,2020-10-26 12:00:00,2020-10-26 12:00:00,366,1
104,2020-10-27 12:00:00,Decision Tree,12,0.034153990672985336,0.009267849674967122,2019-10-27 12:00:00,2020-10-27 12:00:00,2020-10-27 12:00:00,366,1
105,2020-10-27 12:00:00,Random Forest,12,0.034153990672985336,0.00533370678447431,2019-10-27 12:00:00,2020-10-27 12:00:00,2020-10-27 12:00:00,366,1
106,2020-10-27 12:00:00,Neural Network,12,0.034153990672985336,-0.08614974777891754,2019-10-27 12:00:00,2020-10-27 12:00:00,2020-10-27 12:00:00,366,1
107,2020-10-27 12:00:00,Naive,12,0.034153990672985336,0.7207933697254667,2019-10-27 12:00:00,2020-10-27 12:00:00,2020-10-27 12:00:00,366,1
108,2020-10-28 12:00:00,Decision Tree,12,-0.3297815341374952,-0.33532778436880745,2019-10-28 12:00:00,2020-10-28 12:00:00,2020-10-28 12:00:00,366,1
109,2020-10-28 12:00:00,Random Forest,12,-0.3297815341374952,-0.3366967596810665,2019-10-28 12:00:00,2020-10-28 12:00:00,2020-10-28 12:00:00,366,1
110,2020-10-28 12:00:00,Neural Network,12,-0.3297815341374952,-0.28351104013732137,2019-10-28 12:00:00,2020-10-28 12:00:00,2020-10-28 12:00:00,366,1
111,2020-10-28 12:00:00,Naive,12,-0.3297815341374952,0.034153990672985336,2019-10-28 12:00:00,2020-10-28 12:00:00,2020-10-28 12:00:00,366,1
112,2020-10-29 12:00:00,Decision Tree,12,-0.634653698457858,-0.6362512202185056,2019-10-29 12:00:00,2020-10-29 12:00:00,2020-10-29 12:00:00,366,1
113,2020-10-29 12:00:00,Random Forest,12,-0.634653698457858,-0.6327848297661203,2019-10-29 12:00:00,2020-10-29 12:00:00,2020-10-29 12:00:00,366,1
114,2020-10-29 12:00:00,Neural Network,12,-0.634653698457858,-0.5221659719043888,2019-10-29 12:00:00,2020-10-29 12:00:00,2020-10-29 12:00:00,366,1
115,2020-10-29 12:00:00,Naive,12,-0.634653698457858,-0.3297815341374952,2019-10-29 12:00:00,2020-10-29 12:00:00,2020-10-29 12:00:00,366,1
116,2020-10-30 12:00:00,Decision Tree,12,-0.04432162591071298,-0.08692276134782546,2019-10-30 12:00:00,2020-10-30 12:00:00,2020-10-30 12:00:00,366,1
117,2020-10-30 12:00:00,Random Forest,12,-0.04432162591071298,-0.07476949905870398,2019-10-30 12:00:00,2020-10-30 12:00:00,2020-10-30 12:00:00,366,1
118,2020-10-30 12:00:00,Neural Network,12,-0.04432162591071298,-0.3024383082112006,2019-10-30 12:00:00,2020-10-30 12:00:00,2020-10-30 12:00:00,366,1
119,2020-10-30 12:00:00,Naive,12,-0.04432162591071298,-0.634653698457858,2019-10-30 12:00:00,2020-10-30 12:00:00,2020-10-30 12:00:00,366,1
120,2020-10-31 12:00:00,Decision Tree,12,-0.27769716729451466,-0.2911782388645089,2019-10-31 12:00:00,2020-10-31 12:00:00,2020-10-31 12:00:00,366,1
121,2020-10-31 12:00:00,Random Forest,12,-0.27769716729451466,-0.29105407122145605,2019-10-31 12:00:00,2020-10-31 12:00:00,2020-10-31 12:00:00,366,1
122,2020-10-31 12:00:00,Neural Network,12,-0.27769716729451466,0.05911100032266353,2019-10-31 12:00:00,2020-10-31 12:00:00,2020-10-31 12:00:00,366,1
123,2020-10-31 12:00:00,Naive,12,-0.27769716729451466,-0.04432162591071298,2019-10-31 12:00:00,2020-10-31 12:00:00,2020-10-31 12:00:00,366,1
124,2020-11-01 12:00:00,Decision Tree,12,-0.8087224029944082,-0.8073065969382546,2019-11-01 12:00:00,2020-11-01 12:00:00,2020-11-01 12:00:00,366,1
125,2020-11-01 12:00:00,Random Forest,12,-0.8087224029944082,-0.8054977958261217,2019-11-01 12:00:00,2020-11-01 12:00:00,2020-11-01 12:00:00,366,1
126,2020-11-01 12:00:00,Neural Network,12,-0.8087224029944082,-0.994256516547543,2019-11-01 12:00:00,2020-11-01 12:00:00,2020-11-01 12:00:00,366,1
127,2020-11-01 12:00:00,Naive,12,-0.8087224029944082,-0.27769716729451466,2019-11-01 12:00:00,2020-11-01 12:00:00,2020-11-01 12:00:00,366,1
128,2020-11-02 12:00:00,Decision Tree,12,-0.5717513634440213,-0.573340100519577,2019-11-02 12:00:00,2020-11-02 12:00:00,2020-11-02 12:00:00,366,1
129,2020-11-02 12:00:00,Random Forest,12,-0.5717513634440213,-0.5901016719681045,2019-11-02 12:00:00,2020-11-02 12:00:00,2020-11-02 12:00:00,366,1
130,2020-11-02 12:00:00,Neural Network,12,-0.5717513634440213,-0.47679488943159326,2019-11-02 12:00:00,2020-11-02 12:00:00,2020-11-02 12:00:00,366,1
131,2020-11-02 12:00:00,Naive,12,-0.5717513634440213,-0.8087224029944082,2019-11-02 12:00:00,2020-11-02 12:00:00,2020-11-02 12:00:00,366,1
132,2020-11-03 12:00:00,Decision Tree,12,0.3007783155328858,0.25341424500903054,2019-11-03 12:00:00,2020-11-03 12:00:00,2020-11-03 12:00:00,366,1
133,2020-11-03 12:00:00,Random Forest,12,0.3007783155328858,0.2584159466228162,2019-11-03 12:00:00,2020-11-03 12:00:00,2020-11-03 12:00:00,366,1
134,2020-11-03 12:00:00,Neural Network,12,0.3007783155328858,0.4278282616905988,2019-11-03 12:00:00,2020-11-03 12:00:00,2020-11-03 12:00:00,366,1
135,2020-11-03 12:00:00,Naive,12,0.3007783155328858,-0.5717513634440213,2019-11-03 12:00:00,2020-11-03 12:00:00,2020-11-03 12:00:00,366,1
136,2020-11-04 12:00:00,Decision Tree,12,0.192097857411172,0.12207807997820701,2019-11-04 12:00:00,2020-11-04 12:00:00,2020-11-04 12:00:00,366,1
137,2020-11-04 12:00:00,Random Forest,12,0.192097857411172,0.13716192204739666,2019-11-04 12:00:00,2020-11-04 12:00:00,2020-11-04 12:00:00,366,1
138,2020-11-04 12:00:00,Neural Network,12,0.192097857411172,0.3760576002017926,2019-11-04 12:00:00,2020-11-04 12:00:00,2020-11-04 12:00:00,366,1
139,2020-11-04 12:00:00,Naive,12,0.192097857411172,0.3007783155328858,2019-11-04 12:00:00,2020-11-04 12:00:00,2020-11-04 12:00:00,366,1
140,2020-11-05 12:00:00,Decision Tree,12,-0.17623988708232455,-0.19561807791639635,2019-11-05 12:00:00,2020-11-05 12:00:00,2020-11-05 12:00:00,366,1
141,2020-11-05 12:00:00,Random Forest,12,-0.17623988708232455,-0.21043458848722274,2019-11-05 12:00:00,2020-11-05 12:00:00,2020-11-05 12:00:00,366,1
142,2020-11-05 12:00:00,Neural Network,12,-0.17623988708232455,-0.062370986888397095,2019-11-05 12:00:00,2020-11-05 12:00:00,2020-11-05 12:00:00,366,1
143,2020-11-05 12:00:00,Naive,12,-0.17623988708232455,0.192097857411172,2019-11-05 12:00:00,2020-11-05 12:00:00,2020-11-05 12:00:00,366,1
144,2020-11-06 12:00:00,Decision Tree,12,0.2782819426053457,0.2183490859989125,2019-11-06 12:00:00,2020-11-06 12:00:00,2020-11-06 12:00:00,366,1
145,2020-11-06 12:00:00,Random Forest,12,0.2782819426053457,0.22285433219213327,2019-11-06 12:00:00,2020-11-06 12:00:00,2020-11-06 12:00:00,366,1
146,2020-11-06 12:00:00,Neural Network,12,0.2782819426053457,0.46808188603921325,2019-11-06 12:00:00,2020-11-06 12:00:00,2020-11-06 12:00:00,366,1
147,2020-11-06 12:00:00,Naive,12,0.2782819426053457,-0.17623988708232455,2019-11-06 12:00:00,2020-11-06 12:00:00,2020-11-06 12:00:00,366,1
148,2020-11-07 12:00:00,Decision Tree,12,-0.19726943629587387,-0.20212504396909128,2019-11-07 12:00:00,2020-11-07 12:00:00,2020-11-07 12:00:00,366,1
149,2020-11-07 12:00:00,Random Forest,12,-0.19726943629587387,-0.22485134867408044,2019-11-07 12:00:00,2020-11-07 12:00:00,2020-11-07 12:00:00,366,1
150,2020-11-07 12:00:00,Neural Network,12,-0.19726943629587387,-0.0058960198992903945,2019-11-07 12:00:00,2020-11-07 12:00:00,2020-11-07 12:00:00,366,1
151,2020-11-07 12:00:00,Naive,12,-0.19726943629587387,0.2782819426053457,2019-11-07 12:00:00,2020-11-07 12:00:00,2020-11-07 12:00:00,366,1
152,2020-11-08 12:00:00,Decision Tree,12,-0.12810631837391953,-0.15112092424673848,2019-11-08 12:00:00,2020-11-08 12:00:00,2020-11-08 12:00:00,366,1
153,2020-11-08 12:00:00,Random Forest,12,-0.12810631837391953,-0.1704490561916171,2019-11-08 12:00:00,2020-11-08 12:00:00,2020-11-08 12:00:00,366,1
154,2020-11-08 12:00:00,Neural Network,12,-0.12810631837391953,0.04594268184269795,2019-11-08 12:00:00,2020-11-08 12:00:00,2020-11-08 12:00:00,366,1
155,2020-11-08 12:00:00,Naive,12,-0.12810631837391953,-0.19726943629587387,2019-11-08 12:00:00,2020-11-08 12:00:00,2020-11-08 12:00:00,366,1
156,2020-11-09 12:00:00,Decision Tree,12,0.7148870945055253,0.6202722362464627,2019-11-09 12:00:00,2020-11-09 12:00:00,2020-11-09 12:00:00,366,1
157,2020-11-09 12:00:00,Random Forest,12,0.7148870945055253,0.6565334881523064,2019-11-09 12:00:00,2020-11-09 12:00:00,2020-11-09 12:00:00,366,1
158,2020-11-09 12:00:00,Neural Network,12,0.7148870945055253,0.7515613664764276,2019-11-09 12:00:00,2020-11-09 12:00:00,2020-11-09 12:00:00,366,1
159,2020-11-09 12:00:00,Naive,12,0.7148870945055253,-0.12810631837391953,2019-11-09 12:00:00,2020-11-09 12:00:00,2020-11-09 12:00:00,366,1
160,2020-11-10 12:00:00,Decision Tree,12,0.9700681322341725,0.914190290849386,2019-11-10 12:00:00,2020-11-10 12:00:00,2020-11-10 12:00:00,366,1
161,2020-11-10 12:00:00,Random Forest,12,0.9700681322341725,0.8859661582887542,2019-11-10 12:00:00,2020-11-10 12:00:00,2020-11-10 12:00:00,366,1
162,2020-11-10 12:00:00,Neural Network,12,0.9700681322341725,1.0465338939153626,2019-11-10 12:00:00,2020-11-10 12:00:00,2020-11-10 12:00:00,366,1
163,2020-11-10 12:00:00,Naive,12,0.9700681322341725,0.7148870945055253,2019-11-10 12:00:00,2020-11-10 12:00:00,2020-11-10 12:00:00,366,1
164,2020-11-11 12:00:00,Decision Tree,12,0.8233356960957897,0.7806738017510902,2019-11-11 12:00:00,2020-11-11 12:00:00,2020-11-11 12:00:00,366,1
165,2020-11-11 12:00:00,Random Forest,12,0.8233356960957897,0.7695975450157141,2019-11-11 12:00:00,2020-11-11 12:00:00,2020-11-11 12:00:00,366,1
166,2020-11-11 12:00:00,Neural Network,12,0.8233356960957897,0.952723582931776,2019-11-11 12:00:00,2020-11-11 12:00:00,2020-11-11 12:00:00,366,1
167,2020-11-11 12:00:00,Naive,12,0.8233356960957897,0.9700681322341725,2019-11-11 12:00:00,2020-11-11 12:00:00,2020-11-11 12:00:00,366,1
168,2020-11-12 12:00:00,Decision Tree,12,0.40664274371674186,0.3306697541585036,2019-11-12 12:00:00,2020-11-12 12:00:00,2020-11-12 12:00:00,366,1
169,2020-11-12 12:00:00,Random Forest,12,0.40664274371674186,0.33913098675011627,2019-11-12 12:00:00,2020-11-12 12:00:00,2020-11-12 12:00:00,366,1
170,2020-11-12 12:00:00,Neural Network,12,0.40664274371674186,0.3439502522542963,2019-11-12 12:00:00,2020-11-12 12:00:00,2020-11-12 12:00:00,366,1
171,2020-11-12 12:00:00,Naive,12,0.40664274371674186,0.8233356960957897,2019-11-12 12:00:00,2020-11-12 12:00:00,2020-11-12 12:00:00,366,1
172,2020-11-13 12:00:00,Decision Tree,12,0.5944324041861296,0.518022999020339,2019-11-13 12:00:00,2020-11-13 12:00:00,2020-11-13 12:00:00,366,1
173,2020-11-13 12:00:00,Random Forest,12,0.5944324041861296,0.5198050791789526,2019-11-13 12:00:00,2020-11-13 12:00:00,2020-11-13 12:00:00,366,1
174,2020-11-13 12:00:00,Neural Network,12,0.5944324041861296,0.4673967408718211,2019-11-13 12:00:00,2020-11-13 12:00:00,2020-11-13 12:00:00,366,1
175,2020-11-13 12:00:00,Naive,12,0.5944324041861296,0.40664274371674186,2019-11-13 12:00:00,2020-11-13 12:00:00,2020-11-13 12:00:00,366,1
176,2020-11-14 12:00:00,Decision Tree,12,0.4705723872083296,0.4001584117384378,2019-11-14 12:00:00,2020-11-14 12:00:00,2020-11-14 12:00:00,366,1
177,2020-11-14 12:00:00,Random Forest,12,0.4705723872083296,0.405504559351054,2019-11-14 12:00:00,2020-11-14 12:00:00,2020-11-14 12:00:00,366,1
178,2020-11-14 12:00:00,Neural Network,12,0.4705723872083296,0.49389377098840054,2019-11-14 12:00:00,2020-11-14 12:00:00,2020-11-14 12:00:00,366,1
179,2020-11-14 12:00:00,Naive,12,0.4705723872083296,0.5944324041861296,2019-11-14 12:00:00,2020-11-14 12:00:00,2020-11-14 12:00:00,366,1
180,2020-11-15 12:00:00,Decision Tree,12,-1.257730934044443,-1.273398857943775,2019-11-15 12:00:00,2020-11-15 12:00:00,2020-11-15 12:00:00,366,1
181,2020-11-15 12:00:00,Random Forest,12,-1.257730934044443,-1.2383612450319061,2019-11-15 12:00:00,2020-11-15 12:00:00,2020-11-15 12:00:00,366,1
182,2020-11-15 12:00:00,Neural Network,12,-1.257730934044443,-1.147410655119118,2019-11-15 12:00:00,2020-11-15 12:00:00,2020-11-15 12:00:00,366,1
183,2020-11-15 12:00:00,Naive,12,-1.257730934044443,0.4705723872083296,2019-11-15 12:00:00,2020-11-15 12:00:00,2020-11-15 12:00:00,366,1
184,2020-11-16 12:00:00,Decision Tree,12,-0.42698446095771236,-0.4509125403822408,2019-11-16 12:00:00,2020-11-16 12:00:00,2020-11-16 12:00:00,366,1
185,2020-11-16 12:00:00,Random Forest,12,-0.42698446095771236,-0.45080371325758267,2019-11-16 12:00:00,2020-11-16 12:00:00,2020-11-16 12:00:00,366,1
186,2020-11-16 12:00:00,Neural Network,12,-0.42698446095771236,-0.33545058380992293,2019-11-16 12:00:00,2020-11-16 12:00:00,2020-11-16 12:00:00,366,1
187,2020-11-16 12:00:00,Naive,12,-0.42698446095771236,-1.257730934044443,2019-11-16 12:00:00,2020-11-16 12:00:00,2020-11-16 12:00:00,366,1
188,2020-11-17 12:00:00,Decision Tree,12,0.397058436241915,0.29574825776425595,2019-11-17 12:00:00,2020-11-17 12:00:00,2020-11-17 12:00:00,366,1
189,2020-11-17 12:00:00,Random Forest,12,0.397058436241915,0.3257219721997548,2019-11-17 12:00:00,2020-11-17 12:00:00,2020-11-17 12:00:00,366,1
190,2020-11-17 12:00:00,Neural Network,12,0.397058436241915,0.11154282789249831,2019-11-17 12:00:00,2020-11-17 12:00:00,2020-11-17 12:00:00,366,1
191,2020-11-17 12:00:00,Naive,12,0.397058436241915,-0.42698446095771236,2019-11-17 12:00:00,2020-11-17 12:00:00,2020-11-17 12:00:00,366,1
192,2020-11-18 12:00:00,Decision Tree,12,0.10641448973468054,0.01609864780956419,2019-11-18 12:00:00,2020-11-18 12:00:00,2020-11-18 12:00:00,366,1
193,2020-11-18 12:00:00,Random Forest,12,0.10641448973468054,0.04346382071153501,2019-11-18 12:00:00,2020-11-18 12:00:00,2020-11-18 12:00:00,366,1
194,2020-11-18 12:00:00,Neural Network,12,0.10641448973468054,-0.12337056759590892,2019-11-18 12:00:00,2020-11-18 12:00:00,2020-11-18 12:00:00,366,1
195,2020-11-18 12:00:00,Naive,12,0.10641448973468054,0.397058436241915,2019-11-18 12:00:00,2020-11-18 12:00:00,2020-11-18 12:00:00,366,1
196,2020-11-19 12:00:00,Decision Tree,12,-0.39638004229382395,-0.4352166095182091,2019-11-19 12:00:00,2020-11-19 12:00:00,2020-11-19 12:00:00,366,1
197,2020-11-19 12:00:00,Random Forest,12,-0.39638004229382395,-0.4272447616822,2019-11-19 12:00:00,2020-11-19 12:00:00,2020-11-19 12:00:00,366,1
198,2020-11-19 12:00:00,Neural Network,12,-0.39638004229382395,-0.47964877758383484,2019-11-19 12:00:00,2020-11-19 12:00:00,2020-11-19 12:00:00,366,1
199,2020-11-19 12:00:00,Naive,12,-0.39638004229382395,0.10641448973468054,2019-11-19 12:00:00,2020-11-19 12:00:00,2020-11-19 12:00:00,366,1
200,2020-11-20 12:00:00,Decision Tree,12,0.8367778432502389,0.6779581791501785,2019-11-20 12:00:00,2020-11-20 12:00:00,2020-11-20 12:00:00,366,1
201,2020-11-20 12:00:00,Random Forest,12,0.8367778432502389,0.7588084202404849,2019-11-20 12:00:00,2020-11-20 12:00:00,2020-11-20 12:00:00,366,1
202,2020-11-20 12:00:00,Neural Network,12,0.8367778432502389,0.7558976292239761,2019-11-20 12:00:00,2020-11-20 12:00:00,2020-11-20 12:00:00,366,1
203,2020-11-20 12:00:00,Naive,12,0.8367778432502389,-0.39638004229382395,2019-11-20 12:00:00,2020-11-20 12:00:00,2020-11-20 12:00:00,366,1
204,2020-11-21 12:00:00,Decision Tree,12,-0.66973956869048,-0.7054265719328594,2019-11-21 12:00:00,2020-11-21 12:00:00,2020-11-21 12:00:00,366,1
205,2020-11-21 12:00:00,Random Forest,12,-0.66973956869048,-0.6900058997884546,2019-11-21 12:00:00,2020-11-21 12:00:00,2020-11-21 12:00:00,366,1
206,2020-11-21 12:00:00,Neural Network,12,-0.66973956869048,-0.8506439326012486,2019-11-21 12:00:00,2020-11-21 12:00:00,2020-11-21 12:00:00,366,1
207,2020-11-21 12:00:00,Naive,12,-0.66973956869048,0.8367778432502389,2019-11-21 12:00:00,2020-11-21 12:00:00,2020-11-21 12:00:00,366,1
208,2020-11-22 12:00:00,Decision Tree,12,-0.558456976151013,-0.5940238182692743,2019-11-22 12:00:00,2020-11-22 12:00:00,2020-11-22 12:00:00,366,1
209,2020-11-22 12:00:00,Random Forest,12,-0.558456976151013,-0.5763602469414103,2019-11-22 12:00:00,2020-11-22 12:00:00,2020-11-22 12:00:00,366,1
210,2020-11-22 12:00:00,Neural Network,12,-0.558456976151013,-0.554471548766784,2019-11-22 12:00:00,2020-11-22 12:00:00,2020-11-22 12:00:00,366,1
211,2020-11-22 12:00:00,Naive,12,-0.558456976151013,-0.66973956869048,2019-11-22 12:00:00,2020-11-22 12:00:00,2020-11-22 12:00:00,366,1
212,2020-11-23 12:00:00,Decision Tree,12,0.6979386409322834,0.5570132440190048,2019-11-23 12:00:00,2020-11-23 12:00:00,2020-11-23 12:00:00,366,1
213,2020-11-23 12:00:00,Random Forest,12,0.6979386409322834,0.6037402285872763,2019-11-23 12:00:00,2020-11-23 12:00:00,2020-11-23 12:00:00,366,1
214,2020-11-23 12:00:00,Neural Network,12,0.6979386409322834,0.6452969875799948,2019-11-23 12:00:00,2020-11-23 12:00:00,2020-11-23 12:00:00,366,1
215,2020-11-23 12:00:00,Naive,12,0.6979386409322834,-0.558456976151013,2019-11-23 12:00:00,2020-11-23 12:00:00,2020-11-23 12:00:00,366,1
216,2020-11-24 12:00:00,Decision Tree,12,0.459345043410202,0.3834797932466867,2019-11-24 12:00:00,2020-11-24 12:00:00,2020-11-24 12:00:00,366,1
217,2020-11-24 12:00:00,Random Forest,12,0.459345043410202,0.38070159317678004,2019-11-24 12:00:00,2020-11-24 12:00:00,2020-11-24 12:00:00,366,1
218,2020-11-24 12:00:00,Neural Network,12,0.459345043410202,0.5584439866006029,2019-11-24 12:00:00,2020-11-24 12:00:00,2020-11-24 12:00:00,366,1
219,2020-11-24 12:00:00,Naive,12,0.459345043410202,0.6979386409322834,2019-11-24 12:00:00,2020-11-24 12:00:00,2020-11-24 12:00:00,366,1
220,2020-11-25 12:00:00,Decision Tree,12,0.9691554845317503,0.8955498522837797,2019-11-25 12:00:00,2020-11-25 12:00:00,2020-11-25 12:00:00,366,1
221,2020-11-25 12:00:00,Random Forest,12,0.9691554845317503,0.859523440694218,2019-11-25 12:00:00,2020-11-25 12:00:00,2020-11-25 12:00:00,366,1
222,2020-11-25 12:00:00,Neural Network,12,0.9691554845317503,0.8668458821874614,2019-11-25 12:00:00,2020-11-25 12:00:00,2020-11-25 12:00:00,366,1
223,2020-11-25 12:00:00,Naive,12,0.9691554845317503,0.459345043410202,2019-11-25 12:00:00,2020-11-25 12:00:00,2020-11-25 12:00:00,366,1
224,2020-11-26 12:00:00,Decision Tree,12,1.22339146534854,1.1971402270763494,2019-11-26 12:00:00,2020-11-26 12:00:00,2020-11-26 12:00:00,366,1
225,2020-11-26 12:00:00,Random Forest,12,1.22339146534854,1.1285093963602157,2019-11-26 12:00:00,2020-11-26 12:00:00,2020-11-26 12:00:00,366,1
226,2020-11-26 12:00:00,Neural Network,12,1.22339146534854,1.2371404286827754,2019-11-26 12:00:00,2020-11-26 12:00:00,2020-11-26 12:00:00,366,1
227,2020-11-26 12:00:00,Naive,12,1.22339146534854,0.9691554845317503,2019-11-26 12:00:00,2020-11-26 12:00:00,2020-11-26 12:00:00,366,1
228,2020-11-27 12:00:00,Decision Tree,12,1.7054324080458008,1.156320157970203,2019-11-27 12:00:00,2020-11-27 12:00:00,2020-11-27 12:00:00,366,1
229,2020-11-27 12:00:00,Random Forest,12,1.7054324080458008,1.228147954202169,2019-11-27 12:00:00,2020-11-27 12:00:00,2020-11-27 12:00:00,366,1
230,2020-11-27 12:00:00,Neural Network,12,1.7054324080458008,2.0256098012140376,2019-11-27 12:00:00,2020-11-27 12:00:00,2020-11-27 12:00:00,366,1
231,2020-11-27 12:00:00,Naive,12,1.7054324080458008,1.22339146534854,2019-11-27 12:00:00,2020-11-27 12:00:00,2020-11-27 12:00:00,366,1
232,2020-11-28 12:00:00,Decision Tree,12,0.9151086785173386,0.8381408811690827,2019-11-28 12:00:00,2020-11-28 12:00:00,2020-11-28 12:00:00,366,1
233,2020-11-28 12:00:00,Random Forest,12,0.9151086785173386,0.8086908141928932,2019-11-28 12:00:00,2020-11-28 12:00:00,2020-11-28 12:00:00,366,1
234,2020-11-28 12:00:00,Neural Network,12,0.9151086785173386,0.8500940827032565,2019-11-28 12:00:00,2020-11-28 12:00:00,2020-11-28 12:00:00,366,1
235,2020-11-28 12:00:00,Naive,12,0.9151086785173386,1.7054324080458008,2019-11-28 12:00:00,2020-11-28 12:00:00,2020-11-28 12:00:00,366,1
236,2020-11-29 12:00:00,Decision Tree,12,0.7610011883057408,0.6638618270073534,2019-11-29 12:00:00,2020-11-29 12:00:00,2020-11-29 12:00:00,366,1
237,2020-11-29 12:00:00,Random Forest,12,0.7610011883057408,0.6616709558490174,2019-11-29 12:00:00,2020-11-29 12:00:00,2020-11-29 12:00:00,366,1
238,2020-11-29 12:00:00,Neural Network,12,0.7610011883057408,0.5690496339286855,2019-11-29 12:00:00,2020-11-29 12:00:00,2020-11-29 12:00:00,366,1
239,2020-11-29 12:00:00,Naive,12,0.7610011883057408,0.9151086785173386,2019-11-29 12:00:00,2020-11-29 12:00:00,2020-11-29 12:00:00,366,1
240,2020-11-30 12:00:00,Decision Tree,12,1.2335377022253882,1.2735035726822983,2019-11-30 12:00:00,2020-11-30 12:00:00,2020-11-30 12:00:00,366,1
241,2020-11-30 12:00:00,Random Forest,12,1.2335377022253882,1.2043763627425486,2019-11-30 12:00:00,2020-11-30 12:00:00,2020-11-30 12:00:00,366,1
242,2020-11-30 12:00:00,Neural Network,12,1.2335377022253882,1.1242823753347706,2019-11-30 12:00:00,2020-11-30 12:00:00,2020-11-30 12:00:00,366,1
243,2020-11-30 12:00:00,Naive,12,1.2335377022253882,0.7610011883057408,2019-11-30 12:00:00,2020-11-30 12:00:00,2020-11-30 12:00:00,366,1
244,2020-12-01 12:00:00,Decision Tree,12,1.4187683209392625,1.2452664481493403,2019-12-01 12:00:00,2020-12-01 12:00:00,2020-12-01 12:00:00,366,1
245,2020-12-01 12:00:00,Random Forest,12,1.4187683209392625,1.2622519316265628,2019-12-01 12:00:00,2020-12-01 12:00:00,2020-12-01 12:00:00,366,1
246,2020-12-01 12:00:00,Neural Network,12,1.4187683209392625,1.4185773918242794,2019-12-01 12:00:00,2020-12-01 12:00:00,2020-12-01 12:00:00,366,1
247,2020-12-01 12:00:00,Naive,12,1.4187683209392625,1.2335377022253882,2019-12-01 12:00:00,2020-12-01 12:00:00,2020-12-01 12:00:00,366,1
248,2020-12-02 12:00:00,Decision Tree,12,2.032229233297924,1.2852034479934156,2019-12-02 12:00:00,2020-12-02 12:00:00,2020-12-02 12:00:00,366,1
249,2020-12-02 12:00:00,Random Forest,12,2.032229233297924,1.427519930285923,2019-12-02 12:00:00,2020-12-02 12:00:00,2020-12-02 12:00:00,366,1
250,2020-12-02 12:00:00,Neural Network,12,2.032229233297924,2.4066814619495465,2019-12-02 12:00:00,2020-12-02 12:00:00,2020-12-02 12:00:00,366,1
251,2020-12-02 12:00:00,Naive,12,2.032229233297924,1.4187683209392625,2019-12-02 12:00:00,2020-12-02 12:00:00,2020-12-02 12:00:00,366,1
252,2020-12-03 12:00:00,Decision Tree,12,1.4419983358930006,1.5581863979426385,2019-12-03 12:00:00,2020-12-03 12:00:00,2020-12-03 12:00:00,366,1
253,2020-12-03 12:00:00,Random Forest,12,1.4419983358930006,1.399758916236295,2019-12-03 12:00:00,2020-12-03 12:00:00,2020-12-03 12:00:00,366,1
254,2020-12-03 12:00:00,Neural Network,12,1.4419983358930006,1.2004453976392506,2019-12-03 12:00:00,2020-12-03 12:00:00,2020-12-03 12:00:00,366,1
255,2020-12-03 12:00:00,Naive,12,1.4419983358930006,2.032229233297924,2019-12-03 12:00:00,2020-12-03 12:00:00,2020-12-03 12:00:00,366,1
256,2020-12-04 12:00:00,Decision Tree,12,0.4048485151179878,0.289070410084878,2019-12-04 12:00:00,2020-12-04 12:00:00,2020-12-04 12:00:00,366,1
257,2020-12-04 12:00:00,Random Forest,12,0.4048485151179878,0.337154123846253,2019-12-04 12:00:00,2020-12-04 12:00:00,2020-12-04 12:00:00,366,1
258,2020-12-04 12:00:00,Neural Network,12,0.4048485151179878,0.22729219271434542,2019-12-04 12:00:00,2020-12-04 12:00:00,2020-12-04 12:00:00,366,1
259,2020-12-04 12:00:00,Naive,12,0.4048485151179878,1.4419983358930006,2019-12-04 12:00:00,2020-12-04 12:00:00,2020-12-04 12:00:00,366,1
260,2020-12-05 12:00:00,Decision Tree,12,1.188486325194453,1.144454537886126,2019-12-05 12:00:00,2020-12-05 12:00:00,2020-12-05 12:00:00,366,1
261,2020-12-05 12:00:00,Random Forest,12,1.188486325194453,1.221538869538876,2019-12-05 12:00:00,2020-12-05 12:00:00,2020-12-05 12:00:00,366,1
262,2020-12-05 12:00:00,Neural Network,12,1.188486325194453,1.1819822681689103,2019-12-05 12:00:00,2020-12-05 12:00:00,2020-12-05 12:00:00,366,1
263,2020-12-05 12:00:00,Naive,12,1.188486325194453,0.4048485151179878,2019-12-05 12:00:00,2020-12-05 12:00:00,2020-12-05 12:00:00,366,1
264,2020-12-06 12:00:00,Decision Tree,12,1.188151993866608,1.1930332378943327,2019-12-06 12:00:00,2020-12-06 12:00:00,2020-12-06 12:00:00,366,1
265,2020-12-06 12:00:00,Random Forest,12,1.188151993866608,1.2160279877890234,2019-12-06 12:00:00,2020-12-06 12:00:00,2020-12-06 12:00:00,366,1
266,2020-12-06 12:00:00,Neural Network,12,1.188151993866608,1.267212059216262,2019-12-06 12:00:00,2020-12-06 12:00:00,2020-12-06 12:00:00,366,1
267,2020-12-06 12:00:00,Naive,12,1.188151993866608,1.188486325194453,2019-12-06 12:00:00,2020-12-06 12:00:00,2020-12-06 12:00:00,366,1
268,2020-12-07 12:00:00,Decision Tree,12,0.05668131144091864,0.01609864780956419,2019-12-07 12:00:00,2020-12-07 12:00:00,2020-12-07 12:00:00,366,1
269,2020-12-07 12:00:00,Random Forest,12,0.05668131144091864,0.0027660653207098305,2019-12-07 12:00:00,2020-12-07 12:00:00,2020-12-07 12:00:00,366,1
270,2020-12-07 12:00:00,Neural Network,12,0.05668131144091864,0.3141882064361874,2019-12-07 12:00:00,2020-12-07 12:00:00,2020-12-07 12:00:00,366,1
271,2020-12-07 12:00:00,Naive,12,0.05668131144091864,1.188151993866608,2019-12-07 12:00:00,2020-12-07 12:00:00,2020-12-07 12:00:00,366,1
272,2020-12-08 12:00:00,Decision Tree,12,1.880610011041431,1.5949244081945273,2019-12-08 12:00:00,2020-12-08 12:00:00,2020-12-08 12:00:00,366,1
273,2020-12-08 12:00:00,Random Forest,12,1.880610011041431,1.5838788762106144,2019-12-08 12:00:00,2020-12-08 12:00:00,2020-12-08 12:00:00,366,1
274,2020-12-08 12:00:00,Neural Network,12,1.880610011041431,2.083266095293179,2019-12-08 12:00:00,2020-12-08 12:00:00,2020-12-08 12:00:00,366,1
275,2020-12-08 12:00:00,Naive,12,1.880610011041431,0.05668131144091864,2019-12-08 12:00:00,2020-12-08 12:00:00,2020-12-08 12:00:00,366,1
276,2020-12-09 12:00:00,Decision Tree,12,2.3754224855207378,1.6872927462149612,2019-12-09 12:00:00,2020-12-09 12:00:00,2020-12-09 12:00:00,366,1
277,2020-12-09 12:00:00,Random Forest,12,2.3754224855207378,1.6964600810736363,2019-12-09 12:00:00,2020-12-09 12:00:00,2020-12-09 12:00:00,366,1
278,2020-12-09 12:00:00,Neural Network,12,2.3754224855207378,3.169944215430144,2019-12-09 12:00:00,2020-12-09 12:00:00,2020-12-09 12:00:00,366,1
279,2020-12-09 12:00:00,Naive,12,2.3754224855207378,1.880610011041431,2019-12-09 12:00:00,2020-12-09 12:00:00,2020-12-09 12:00:00,366,1
280,2020-12-10 12:00:00,Decision Tree,12,2.0738339202709692,1.8739775761405084,2019-12-10 12:00:00,2020-12-10 12:00:00,2020-12-10 12:00:00,366,1
281,2020-12-10 12:00:00,Random Forest,12,2.0738339202709692,1.9796811714058076,2019-12-10 12:00:00,2020-12-10 12:00:00,2020-12-10 12:00:00,366,1
282,2020-12-10 12:00:00,Neural Network,12,2.0738339202709692,2.2970246616282655,2019-12-10 12:00:00,2020-12-10 12:00:00,2020-12-10 12:00:00,366,1
283,2020-12-10 12:00:00,Naive,12,2.0738339202709692,2.3754224855207378,2019-12-10 12:00:00,2020-12-10 12:00:00,2020-12-10 12:00:00,366,1
284,2020-12-11 12:00:00,Decision Tree,12,1.1776148007073781,1.1870600333627455,2019-12-11 12:00:00,2020-12-11 12:00:00,2020-12-11 12:00:00,366,1
285,2020-12-11 12:00:00,Random Forest,12,1.1776148007073781,1.1704448474490097,2019-12-11 12:00:00,2020-12-11 12:00:00,2020-12-11 12:00:00,366,1
286,2020-12-11 12:00:00,Neural Network,12,1.1776148007073781,0.8775108576784394,2019-12-11 12:00:00,2020-12-11 12:00:00,2020-12-11 12:00:00,366,1
287,2020-12-11 12:00:00,Naive,12,1.1776148007073781,2.0738339202709692,2019-12-11 12:00:00,2020-12-11 12:00:00,2020-12-11 12:00:00,366,1
288,2020-12-12 12:00:00,Decision Tree,12,1.1502784869362113,0.9759699235723263,2019-12-12 12:00:00,2020-12-12 12:00:00,2020-12-12 12:00:00,366,1
289,2020-12-12 12:00:00,Random Forest,12,1.1502784869362113,1.1233252919176284,2019-12-12 12:00:00,2020-12-12 12:00:00,2020-12-12 12:00:00,366,1
290,2020-12-12 12:00:00,Neural Network,12,1.1502784869362113,1.1473762679710544,2019-12-12 12:00:00,2020-12-12 12:00:00,2020-12-12 12:00:00,366,1
291,2020-12-12 12:00:00,Naive,12,1.1502784869362113,1.1776148007073781,2019-12-12 12:00:00,2020-12-12 12:00:00,2020-12-12 12:00:00,366,1
292,2020-12-13 12:00:00,Decision Tree,12,1.0584371444005611,0.9759699235723263,2019-12-13 12:00:00,2020-12-13 12:00:00,2020-12-13 12:00:00,366,1
293,2020-12-13 12:00:00,Random Forest,12,1.0584371444005611,0.9826080879823006,2019-12-13 12:00:00,2020-12-13 12:00:00,2020-12-13 12:00:00,366,1
294,2020-12-13 12:00:00,Neural Network,12,1.0584371444005611,1.0484058622690902,2019-12-13 12:00:00,2020-12-13 12:00:00,2020-12-13 12:00:00,366,1
295,2020-12-13 12:00:00,Naive,12,1.0584371444005611,1.1502784869362113,2019-12-13 12:00:00,2020-12-13 12:00:00,2020-12-13 12:00:00,366,1
296,2020-12-14 12:00:00,Decision Tree,12,0.5039358626259463,0.4128754157626991,2019-12-14 12:00:00,2020-12-14 12:00:00,2020-12-14 12:00:00,366,1
297,2020-12-14 12:00:00,Random Forest,12,0.5039358626259463,0.42384514753144875,2019-12-14 12:00:00,2020-12-14 12:00:00,2020-12-14 12:00:00,366,1
298,2020-12-14 12:00:00,Neural Network,12,0.5039358626259463,0.5132502471028287,2019-12-14 12:00:00,2020-12-14 12:00:00,2020-12-14 12:00:00,366,1
299,2020-12-14 12:00:00,Naive,12,0.5039358626259463,1.0584371444005611,2019-12-14 12:00:00,2020-12-14 12:00:00,2020-12-14 12:00:00,366,1
300,2020-12-15 12:00:00,Decision Tree,12,1.3860680104951726,1.329602330809558,2019-12-15 12:00:00,2020-12-15 12:00:00,2020-12-15 12:00:00,366,1
301,2020-12-15 12:00:00,Random Forest,12,1.3860680104951726,1.3213162368652918,2019-12-15 12:00:00,2020-12-15 12:00:00,2020-12-15 12:00:00,366,1
302,2020-12-15 12:00:00,Neural Network,12,1.3860680104951726,1.2194044263182255,2019-12-15 12:00:00,2020-12-15 12:00:00,2020-12-15 12:00:00,366,1
303,2020-12-15 12:00:00,Naive,12,1.3860680104951726,0.5039358626259463,2019-12-15 12:00:00,2020-12-15 12:00:00,2020-12-15 12:00:00,366,1
304,2020-12-16 12:00:00,Decision Tree,12,1.274763767063699,1.1860271898751327,2019-12-16 12:00:00,2020-12-16 12:00:00,2020-12-16 12:00:00,366,1
305,2020-12-16 12:00:00,Random Forest,12,1.274763767063699,1.20938213855293,2019-12-16 12:00:00,2020-12-16 12:00:00,2020-12-16 12:00:00,366,1
306,2020-12-16 12:00:00,Neural Network,12,1.274763767063699,1.1200572483660485,2019-12-16 12:00:00,2020-12-16 12:00:00,2020-12-16 12:00:00,366,1
307,2020-12-16 12:00:00,Naive,12,1.274763767063699,1.3860680104951726,2019-12-16 12:00:00,2020-12-16 12:00:00,2020-12-16 12:00:00,366,1
308,2020-12-17 12:00:00,Decision Tree,12,0.5173500180947527,0.4574352837696036,2019-12-17 12:00:00,2020-12-17 12:00:00,2020-12-17 12:00:00,366,1
309,2020-12-17 12:00:00,Random Forest,12,0.5173500180947527,0.4699451247196898,2019-12-17 12:00:00,2020-12-17 12:00:00,2020-12-17 12:00:00,366,1
310,2020-12-17 12:00:00,Neural Network,12,0.5173500180947527,0.4701715459321456,2019-12-17 12:00:00,2020-12-17 12:00:00,2020-12-17 12:00:00,366,1
311,2020-12-17 12:00:00,Naive,12,0.5173500180947527,1.274763767063699,2019-12-17 12:00:00,2020-12-17 12:00:00,2020-12-17 12:00:00,366,1
312,2020-12-18 12:00:00,Decision Tree,12,0.4095341221114482,0.3804930229874813,2019-12-18 12:00:00,2020-12-18 12:00:00,2020-12-18 12:00:00,366,1
313,2020-12-18 12:00:00,Random Forest,12,0.4095341221114482,0.3705714713847586,2019-12-18 12:00:00,2020-12-18 12:00:00,2020-12-18 12:00:00,366,1
314,2020-12-18 12:00:00,Neural Network,12,0.4095341221114482,0.4281304506038939,2019-12-18 12:00:00,2020-12-18 12:00:00,2020-12-18 12:00:00,366,1
315,2020-12-18 12:00:00,Naive,12,0.4095341221114482,0.5173500180947527,2019-12-18 12:00:00,2020-12-18 12:00:00,2020-12-18 12:00:00,366,1
316,2020-12-19 12:00:00,Decision Tree,12,-0.08497550905951995,-0.1438070754901653,2019-12-19 12:00:00,2020-12-19 12:00:00,2020-12-19 12:00:00,366,1
317,2020-12-19 12:00:00,Random Forest,12,-0.08497550905951995,-0.14059902226189133,2019-12-19 12:00:00,2020-12-19 12:00:00,2020-12-19 12:00:00,366,1
318,2020-12-19 12:00:00,Neural Network,12,-0.08497550905951995,-0.0667786580240402,2019-12-19 12:00:00,2020-12-19 12:00:00,2020-12-19 12:00:00,366,1
319,2020-12-19 12:00:00,Naive,12,-0.08497550905951995,0.4095341221114482,2019-12-19 12:00:00,2020-12-19 12:00:00,2020-12-19 12:00:00,366,1
320,2020-12-20 12:00:00,Decision Tree,12,0.8834310026443921,0.8188867015633414,2019-12-20 12:00:00,2020-12-20 12:00:00,2020-12-20 12:00:00,366,1
321,2020-12-20 12:00:00,Random Forest,12,0.8834310026443921,0.8212408862529957,2019-12-20 12:00:00,2020-12-20 12:00:00,2020-12-20 12:00:00,366,1
322,2020-12-20 12:00:00,Neural Network,12,0.8834310026443921,0.7726759977691429,2019-12-20 12:00:00,2020-12-20 12:00:00,2020-12-20 12:00:00,366,1
323,2020-12-20 12:00:00,Naive,12,0.8834310026443921,-0.08497550905951995,2019-12-20 12:00:00,2020-12-20 12:00:00,2020-12-20 12:00:00,366,1
324,2020-12-21 12:00:00,Decision Tree,12,1.225933199865331,1.202639398537038,2019-12-21 12:00:00,2020-12-21 12:00:00,2020-12-21 12:00:00,366,1
325,2020-12-21 12:00:00,Random Forest,12,1.225933199865331,1.2118459012361165,2019-12-21 12:00:00,2020-12-21 12:00:00,2020-12-21 12:00:00,366,1
326,2020-12-21 12:00:00,Neural Network,12,1.225933199865331,0.9818141150372172,2019-12-21 12:00:00,2020-12-21 12:00:00,2020-12-21 12:00:00,366,1
327,2020-12-21 12:00:00,Naive,12,1.225933199865331,0.8834310026443921,2019-12-21 12:00:00,2020-12-21 12:00:00,2020-12-21 12:00:00,366,1
328,2020-12-22 12:00:00,Decision Tree,12,-0.07214938245282525,-0.08998107455807601,2019-12-22 12:00:00,2020-12-22 12:00:00,2020-12-22 12:00:00,366,1
329,2020-12-22 12:00:00,Random Forest,12,-0.07214938245282525,-0.1046372501392267,2019-12-22 12:00:00,2020-12-22 12:00:00,2020-12-22 12:00:00,366,1
330,2020-12-22 12:00:00,Neural Network,12,-0.07214938245282525,-0.08957425147966491,2019-12-22 12:00:00,2020-12-22 12:00:00,2020-12-22 12:00:00,366,1
331,2020-12-22 12:00:00,Naive,12,-0.07214938245282525,1.225933199865331,2019-12-22 12:00:00,2020-12-22 12:00:00,2020-12-22 12:00:00,366,1
332,2020-12-23 12:00:00,Decision Tree,12,1.246895721537083,1.2052275986846261,2019-12-23 12:00:00,2020-12-23 12:00:00,2020-12-23 12:00:00,366,1
333,2020-12-23 12:00:00,Random Forest,12,1.246895721537083,1.2390196296685712,2019-12-23 12:00:00,2020-12-23 12:00:00,2020-12-23 12:00:00,366,1
334,2020-12-23 12:00:00,Neural Network,12,1.246895721537083,1.1010997238863636,2019-12-23 12:00:00,2020-12-23 12:00:00,2020-12-23 12:00:00,366,1
335,2020-12-23 12:00:00,Naive,12,1.246895721537083,-0.07214938245282525,2019-12-23 12:00:00,2020-12-23 12:00:00,2020-12-23 12:00:00,366,1
336,2020-12-24 12:00:00,Decision Tree,12,0.23021320951754498,0.1918073579265367,2019-12-24 12:00:00,2020-12-24 12:00:00,2020-12-24 12:00:00,366,1
337,2020-12-24 12:00:00,Random Forest,12,0.23021320951754498,0.15997938919274116,2019-12-24 12:00:00,2020-12-24 12:00:00,2020-12-24 12:00:00,366,1
338,2020-12-24 12:00:00,Neural Network,12,0.23021320951754498,0.1541308742897693,2019-12-24 12:00:00,2020-12-24 12:00:00,2020-12-24 12:00:00,366,1
339,2020-12-24 12:00:00,Naive,12,0.23021320951754498,1.246895721537083,2019-12-24 12:00:00,2020-12-24 12:00:00,2020-12-24 12:00:00,366,1
340,2020-12-25 12:00:00,Decision Tree,12,0.5884643332687989,0.48299012620842047,2019-12-25 12:00:00,2020-12-25 12:00:00,2020-12-25 12:00:00,366,1
341,2020-12-25 12:00:00,Random Forest,12,0.5884643332687989,0.4810976579595255,2019-12-25 12:00:00,2020-12-25 12:00:00,2020-12-25 12:00:00,366,1
342,2020-12-25 12:00:00,Neural Network,12,0.5884643332687989,-0.3478632573394833,2019-12-25 12:00:00,2020-12-25 12:00:00,2020-12-25 12:00:00,366,1
343,2020-12-25 12:00:00,Naive,12,0.5884643332687989,0.23021320951754498,2019-12-25 12:00:00,2020-12-25 12:00:00,2020-12-25 12:00:00,366,1
344,2020-12-26 12:00:00,Decision Tree,12,-0.6892757568941156,-0.7049315113133713,2019-12-26 12:00:00,2020-12-26 12:00:00,2020-12-26 12:00:00,366,1
345,2020-12-26 12:00:00,Random Forest,12,-0.6892757568941156,-0.6795884795570798,2019-12-26 12:00:00,2020-12-26 12:00:00,2020-12-26 12:00:00,366,1
346,2020-12-26 12:00:00,Neural Network,12,-0.6892757568941156,-0.6928862693736128,2019-12-26 12:00:00,2020-12-26 12:00:00,2020-12-26 12:00:00,366,1
347,2020-12-26 12:00:00,Naive,12,-0.6892757568941156,0.5884643332687989,2019-12-26 12:00:00,2020-12-26 12:00:00,2020-12-26 12:00:00,366,1
348,2020-12-27 12:00:00,Decision Tree,12,-2.262163367680543,-2.4219952545285484,2019-12-27 12:00:00,2020-12-27 12:00:00,2020-12-27 12:00:00,366,1
349,2020-12-27 12:00:00,Random Forest,12,-2.262163367680543,-2.2696080322138994,2019-12-27 12:00:00,2020-12-27 12:00:00,2020-12-27 12:00:00,366,1
350,2020-12-27 12:00:00,Neural Network,12,-2.262163367680543,-1.931413793464594,2019-12-27 12:00:00,2020-12-27 12:00:00,2020-12-27 12:00:00,366,1
351,2020-12-27 12:00:00,Naive,12,-2.262163367680543,-0.6892757568941156,2019-12-27 12:00:00,2020-12-27 12:00:00,2020-12-27 12:00:00,366,1
352,2020-12-28 12:00:00,Decision Tree,12,1.0737051446777746,1.0855598190150975,2019-12-28 12:00:00,2020-12-28 12:00:00,2020-12-28 12:00:00,366,1
353,2020-12-28 12:00:00,Random Forest,12,1.0737051446777746,1.0423586915206666,2019-12-28 12:00:00,2020-12-28 12:00:00,2020-12-28 12:00:00,366,1
354,2020-12-28 12:00:00,Neural Network,12,1.0737051446777746,0.7552813510621703,2019-12-28 12:00:00,2020-12-28 12:00:00,2020-12-28 12:00:00,366,1
355,2020-12-28 12:00:00,Naive,12,1.0737051446777746,-2.262163367680543,2019-12-28 12:00:00,2020-12-28 12:00:00,2020-12-28 12:00:00,366,1
356,2020-12-29 12:00:00,Decision Tree,12,1.2086986254664254,1.1931652065232043,2019-12-29 12:00:00,2020-12-29 12:00:00,2020-12-29 12:00:00,366,1
357,2020-12-29 12:00:00,Random Forest,12,1.2086986254664254,1.2012567366688296,2019-12-29 12:00:00,2020-12-29 12:00:00,2020-12-29 12:00:00,366,1
358,2020-12-29 12:00:00,Neural Network,12,1.2086986254664254,0.9027041317691721,2019-12-29 12:00:00,2020-12-29 12:00:00,2020-12-29 12:00:00,366,1
359,2020-12-29 12:00:00,Naive,12,1.2086986254664254,1.0737051446777746,2019-12-29 12:00:00,2020-12-29 12:00:00,2020-12-29 12:00:00,366,1
360,2020-12-30 12:00:00,Decision Tree,12,1.2359131953116131,1.2165002117523325,2019-12-30 12:00:00,2020-12-30 12:00:00,2020-12-30 12:00:00,366,1
361,2020-12-30 12:00:00,Random Forest,12,1.2359131953116131,1.224008039974871,2019-12-30 12:00:00,2020-12-30 12:00:00,2020-12-30 12:00:00,366,1
362,2020-12-30 12:00:00,Neural Network,12,1.2359131953116131,0.9910362899933565,2019-12-30 12:00:00,2020-12-30 12:00:00,2020-12-30 12:00:00,366,1
363,2020-12-30 12:00:00,Naive,12,1.2359131953116131,1.2086986254664254,2019-12-30 12:00:00,2020-12-30 12:00:00,2020-12-30 12:00:00,366,1
364,2020-12-31 12:00:00,Decision Tree,12,1.0064416519335169,0.9120881811701059,2019-12-31 12:00:00,2020-12-31 12:00:00,2020-12-31 12:00:00,366,1
365,2020-12-31 12:00:00,Random Forest,12,1.0064416519335169,0.9602680157054806,2019-12-31 12:00:00,2020-12-31 12:00:00,2020-12-31 12:00:00,366,1
366,2020-12-31 12:00:00,Neural Network,12,1.0064416519335169,0.758310294557451,2019-12-31 12:00:00,2020-12-31 12:00:00,2020-12-31 12:00:00,366,1
367,2020-12-31 12:00:00,Naive,12,1.0064416519335169,1.2359131953116131,2019-12-31 12:00:00,2020-12-31 12:00:00,2020-12-31 12:00:00,366,1
368,2021-01-01 12:00:00,Decision Tree,12,1.0193621636180654,0.9398091299036968,2020-01-01 12:00:00,2021-01-01 12:00:00,2021-01-01 12:00:00,366,1
369,2021-01-01 12:00:00,Random Forest,12,1.0193621636180654,0.9739650830385884,2020-01-01 12:00:00,2021-01-01 12:00:00,2021-01-01 12:00:00,366,1
370,2021-01-01 12:00:00,Neural Network,12,1.0193621636180654,0.5230112274505686,2020-01-01 12:00:00,2021-01-01 12:00:00,2021-01-01 12:00:00,366,1
371,2021-01-01 12:00:00,Naive,12,1.0193621636180654,1.0064416519335169,2020-01-01 12:00:00,2021-01-01 12:00:00,2021-01-01 12:00:00,366,1
372,2021-01-02 12:00:00,Decision Tree,12,1.2505592689961347,1.172020039180173,2020-01-02 12:00:00,2021-01-02 12:00:00,2021-01-02 12:00:00,366,1
373,2021-01-02 12:00:00,Random Forest,12,1.2505592689961347,1.2310804208823265,2020-01-02 12:00:00,2021-01-02 12:00:00,2021-01-02 12:00:00,366,1
374,2021-01-02 12:00:00,Neural Network,12,1.2505592689961347,1.9462487764894347,2020-01-02 12:00:00,2021-01-02 12:00:00,2021-01-02 12:00:00,366,1
375,2021-01-02 12:00:00,Naive,12,1.2505592689961347,1.0193621636180654,2020-01-02 12:00:00,2021-01-02 12:00:00,2021-01-02 12:00:00,366,1
376,2021-01-03 12:00:00,Decision Tree,12,0.8588165355260068,0.8060199852595934,2020-01-03 12:00:00,2021-01-03 12:00:00,2021-01-03 12:00:00,366,1
377,2021-01-03 12:00:00,Random Forest,12,0.8588165355260068,0.8350368029608829,2020-01-03 12:00:00,2021-01-03 12:00:00,2021-01-03 12:00:00,366,1
378,2021-01-03 12:00:00,Neural Network,12,0.8588165355260068,0.9901549581417456,2020-01-03 12:00:00,2021-01-03 12:00:00,2021-01-03 12:00:00,366,1
379,2021-01-03 12:00:00,Naive,12,0.8588165355260068,1.2505592689961347,2020-01-03 12:00:00,2021-01-03 12:00:00,2021-01-03 12:00:00,366,1
380,2021-01-04 12:00:00,Decision Tree,12,1.452027863252969,1.3593500769702234,2020-01-04 12:00:00,2021-01-04 12:00:00,2021-01-04 12:00:00,366,1
381,2021-01-04 12:00:00,Random Forest,12,1.452027863252969,1.4571542923746756,2020-01-04 12:00:00,2021-01-04 12:00:00,2021-01-04 12:00:00,366,1
382,2021-01-04 12:00:00,Neural Network,12,1.452027863252969,0.8553778559289422,2020-01-04 12:00:00,2021-01-04 12:00:00,2021-01-04 12:00:00,366,1
383,2021-01-04 12:00:00,Naive,12,1.452027863252969,0.8588165355260068,2020-01-04 12:00:00,2021-01-04 12:00:00,2021-01-04 12:00:00,366,1
384,2021-01-05 12:00:00,Decision Tree,12,1.586439765673471,1.4150112546754108,2020-01-05 12:00:00,2021-01-05 12:00:00,2021-01-05 12:00:00,366,1
385,2021-01-05 12:00:00,Random Forest,12,1.586439765673471,1.4554189611247348,2020-01-05 12:00:00,2021-01-05 12:00:00,2021-01-05 12:00:00,366,1
386,2021-01-05 12:00:00,Neural Network,12,1.586439765673471,1.4183455407458987,2020-01-05 12:00:00,2021-01-05 12:00:00,2021-01-05 12:00:00,366,1
387,2021-01-05 12:00:00,Naive,12,1.586439765673471,1.452027863252969,2020-01-05 12:00:00,2021-01-05 12:00:00,2021-01-05 12:00:00,366,1
388,2021-01-06 12:00:00,Decision Tree,12,1.4578447528135996,1.4435826731750874,2020-01-06 12:00:00,2021-01-06 12:00:00,2021-01-06 12:00:00,366,1
389,2021-01-06 12:00:00,Random Forest,12,1.4578447528135996,1.4661655473228317,2020-01-06 12:00:00,2021-01-06 12:00:00,2021-01-06 12:00:00,366,1
390,2021-01-06 12:00:00,Neural Network,12,1.4578447528135996,1.447312035832164,2020-01-06 12:00:00,2021-01-06 12:00:00,2021-01-06 12:00:00,366,1
391,2021-01-06 12:00:00,Naive,12,1.4578447528135996,1.586439765673471,2020-01-06 12:00:00,2021-01-06 12:00:00,2021-01-06 12:00:00,366,1
392,2021-01-07 12:00:00,Decision Tree,12,2.1296978862362983,2.0135056116353724,2020-01-07 12:00:00,2021-01-07 12:00:00,2021-01-07 12:00:00,366,1
393,2021-01-07 12:00:00,Random Forest,12,2.1296978862362983,2.0069184384283636,2020-01-07 12:00:00,2021-01-07 12:00:00,2021-01-07 12:00:00,366,1
394,2021-01-07 12:00:00,Neural Network,12,2.1296978862362983,1.6036601441894827,2020-01-07 12:00:00,2021-01-07 12:00:00,2021-01-07 12:00:00,366,1
395,2021-01-07 12:00:00,Naive,12,2.1296978862362983,1.4578447528135996,2020-01-07 12:00:00,2021-01-07 12:00:00,2021-01-07 12:00:00,366,1
396,2021-01-08 12:00:00,Decision Tree,12,2.349405565546116,2.098358707273472,2020-01-08 12:00:00,2021-01-08 12:00:00,2021-01-08 12:00:00,366,1
397,2021-01-08 12:00:00,Random Forest,12,2.349405565546116,2.1039319844268154,2020-01-08 12:00:00,2021-01-08 12:00:00,2021-01-08 12:00:00,366,1
398,2021-01-08 12:00:00,Neural Network,12,2.349405565546116,2.0637780689306866,2020-01-08 12:00:00,2021-01-08 12:00:00,2021-01-08 12:00:00,366,1
399,2021-01-08 12:00:00,Naive,12,2.349405565546116,2.1296978862362983,2020-01-08 12:00:00,2021-01-08 12:00:00,2021-01-08 12:00:00,366,1
400,2021-01-09 12:00:00,Decision Tree,12,1.631980590114857,2.0166339094540935,2020-01-09 12:00:00,2021-01-09 12:00:00,2021-01-09 12:00:00,366,1
401,2021-01-09 12:00:00,Random Forest,12,1.631980590114857,1.6695592386026552,2020-01-09 12:00:00,2021-01-09 12:00:00,2021-01-09 12:00:00,366,1
402,2021-01-09 12:00:00,Neural Network,12,1.631980590114857,1.87054329444017,2020-01-09 12:00:00,2021-01-09 12:00:00,2021-01-09 12:00:00,366,1
403,2021-01-09 12:00:00,Naive,12,1.631980590114857,2.349405565546116,2020-01-09 12:00:00,2021-01-09 12:00:00,2021-01-09 12:00:00,366,1
404,2021-01-10 12:00:00,Decision Tree,12,1.1764253149949047,1.1691604853916355,2020-01-10 12:00:00,2021-01-10 12:00:00,2021-01-10 12:00:00,366,1
405,2021-01-10 12:00:00,Random Forest,12,1.1764253149949047,1.1701224069665506,2020-01-10 12:00:00,2021-01-10 12:00:00,2021-01-10 12:00:00,366,1
406,2021-01-10 12:00:00,Neural Network,12,1.1764253149949047,1.6446140063382406,2020-01-10 12:00:00,2021-01-10 12:00:00,2021-01-10 12:00:00,366,1
407,2021-01-10 12:00:00,Naive,12,1.1764253149949047,1.631980590114857,2020-01-10 12:00:00,2021-01-10 12:00:00,2021-01-10 12:00:00,366,1
408,2021-01-11 12:00:00,Decision Tree,12,1.1402102413359505,1.0041995247212834,2020-01-11 12:00:00,2021-01-11 12:00:00,2021-01-11 12:00:00,366,1
409,2021-01-11 12:00:00,Random Forest,12,1.1402102413359505,1.0971047530946996,2020-01-11 12:00:00,2021-01-11 12:00:00,2021-01-11 12:00:00,366,1
410,2021-01-11 12:00:00,Neural Network,12,1.1402102413359505,0.7503818710634924,2020-01-11 12:00:00,2021-01-11 12:00:00,2021-01-11 12:00:00,366,1
411,2021-01-11 12:00:00,Naive,12,1.1402102413359505,1.1764253149949047,2020-01-11 12:00:00,2021-01-11 12:00:00,2021-01-11 12:00:00,366,1
412,2021-01-12 12:00:00,Decision Tree,12,1.391220454333122,1.4221501710317757,2020-01-12 12:00:00,2021-01-12 12:00:00,2021-01-12 12:00:00,366,1
413,2021-01-12 12:00:00,Random Forest,12,1.391220454333122,1.394924709356357,2020-01-12 12:00:00,2021-01-12 12:00:00,2021-01-12 12:00:00,366,1
414,2021-01-12 12:00:00,Neural Network,12,1.391220454333122,0.9979307243615148,2020-01-12 12:00:00,2021-01-12 12:00:00,2021-01-12 12:00:00,366,1
415,2021-01-12 12:00:00,Naive,12,1.391220454333122,1.1402102413359505,2020-01-12 12:00:00,2021-01-12 12:00:00,2021-01-12 12:00:00,366,1
416,2021-01-13 12:00:00,Decision Tree,12,0.4490914858524985,0.36500064269750077,2020-01-13 12:00:00,2021-01-13 12:00:00,2021-01-13 12:00:00,366,1
417,2021-01-13 12:00:00,Random Forest,12,0.4490914858524985,0.3919573994353384,2020-01-13 12:00:00,2021-01-13 12:00:00,2021-01-13 12:00:00,366,1
418,2021-01-13 12:00:00,Neural Network,12,0.4490914858524985,0.11565471635823865,2020-01-13 12:00:00,2021-01-13 12:00:00,2021-01-13 12:00:00,366,1
419,2021-01-13 12:00:00,Naive,12,0.4490914858524985,1.391220454333122,2020-01-13 12:00:00,2021-01-13 12:00:00,2021-01-13 12:00:00,366,1
420,2021-01-14 12:00:00,Decision Tree,12,2.1284277637371107,1.9738946517497342,2020-01-14 12:00:00,2021-01-14 12:00:00,2021-01-14 12:00:00,366,1
421,2021-01-14 12:00:00,Random Forest,12,2.1284277637371107,2.147858796128228,2020-01-14 12:00:00,2021-01-14 12:00:00,2021-01-14 12:00:00,366,1
422,2021-01-14 12:00:00,Neural Network,12,2.1284277637371107,1.7945751057619326,2020-01-14 12:00:00,2021-01-14 12:00:00,2021-01-14 12:00:00,366,1
423,2021-01-14 12:00:00,Naive,12,2.1284277637371107,0.4490914858524985,2020-01-14 12:00:00,2021-01-14 12:00:00,2021-01-14 12:00:00,366,1
424,2021-01-15 12:00:00,Decision Tree,12,1.9394903968781618,1.767338401634697,2020-01-15 12:00:00,2021-01-15 12:00:00,2021-01-15 12:00:00,366,1
425,2021-01-15 12:00:00,Random Forest,12,1.9394903968781618,1.9506313687880599,2020-01-15 12:00:00,2021-01-15 12:00:00,2021-01-15 12:00:00,366,1
426,2021-01-15 12:00:00,Neural Network,12,1.9394903968781618,1.9652291767475258,2020-01-15 12:00:00,2021-01-15 12:00:00,2021-01-15 12:00:00,366,1
427,2021-01-15 12:00:00,Naive,12,1.9394903968781618,2.1284277637371107,2020-01-15 12:00:00,2021-01-15 12:00:00,2021-01-15 12:00:00,366,1
428,2021-01-16 12:00:00,Decision Tree,12,1.210319779636299,1.1664498085850834,2020-01-16 12:00:00,2021-01-16 12:00:00,2021-01-16 12:00:00,366,1
429,2021-01-16 12:00:00,Random Forest,12,1.210319779636299,1.1607036094476684,2020-01-16 12:00:00,2021-01-16 12:00:00,2021-01-16 12:00:00,366,1
430,2021-01-16 12:00:00,Neural Network,12,1.210319779636299,1.347938309623423,2020-01-16 12:00:00,2021-01-16 12:00:00,2021-01-16 12:00:00,366,1
431,2021-01-16 12:00:00,Naive,12,1.210319779636299,1.9394903968781618,2020-01-16 12:00:00,2021-01-16 12:00:00,2021-01-16 12:00:00,366,1
432,2021-01-17 12:00:00,Decision Tree,12,1.2299059116078022,1.2335606194185185,2020-01-17 12:00:00,2021-01-17 12:00:00,2021-01-17 12:00:00,366,1
433,2021-01-17 12:00:00,Random Forest,12,1.2299059116078022,1.2144381599144995,2020-01-17 12:00:00,2021-01-17 12:00:00,2021-01-17 12:00:00,366,1
434,2021-01-17 12:00:00,Neural Network,12,1.2299059116078022,1.4717613891489203,2020-01-17 12:00:00,2021-01-17 12:00:00,2021-01-17 12:00:00,366,1
435,2021-01-17 12:00:00,Naive,12,1.2299059116078022,1.210319779636299,2020-01-17 12:00:00,2021-01-17 12:00:00,2021-01-17 12:00:00,366,1
436,2021-01-18 12:00:00,Decision Tree,12,1.4051621945651906,1.417731640074825,2020-01-18 12:00:00,2021-01-18 12:00:00,2021-01-18 12:00:00,366,1
437,2021-01-18 12:00:00,Random Forest,12,1.4051621945651906,1.4153910133044787,2020-01-18 12:00:00,2021-01-18 12:00:00,2021-01-18 12:00:00,366,1
438,2021-01-18 12:00:00,Neural Network,12,1.4051621945651906,1.4190513485797143,2020-01-18 12:00:00,2021-01-18 12:00:00,2021-01-18 12:00:00,366,1
439,2021-01-18 12:00:00,Naive,12,1.4051621945651906,1.2299059116078022,2020-01-18 12:00:00,2021-01-18 12:00:00,2021-01-18 12:00:00,366,1
440,2021-01-19 12:00:00,Decision Tree,12,1.084304912498255,1.0041995247212834,2020-01-19 12:00:00,2021-01-19 12:00:00,2021-01-19 12:00:00,366,1
441,2021-01-19 12:00:00,Random Forest,12,1.084304912498255,1.0356623614040528,2020-01-19 12:00:00,2021-01-19 12:00:00,2021-01-19 12:00:00,366,1
442,2021-01-19 12:00:00,Neural Network,12,1.084304912498255,0.7176406002584261,2020-01-19 12:00:00,2021-01-19 12:00:00,2021-01-19 12:00:00,366,1
443,2021-01-19 12:00:00,Naive,12,1.084304912498255,1.4051621945651906,2020-01-19 12:00:00,2021-01-19 12:00:00,2021-01-19 12:00:00,366,1
444,2021-01-20 12:00:00,Decision Tree,12,0.20560842258284198,0.15840103719181045,2020-01-20 12:00:00,2021-01-20 12:00:00,2021-01-20 12:00:00,366,1
445,2021-01-20 12:00:00,Random Forest,12,0.20560842258284198,0.1275400322221211,2020-01-20 12:00:00,2021-01-20 12:00:00,2021-01-20 12:00:00,366,1
446,2021-01-20 12:00:00,Neural Network,12,0.20560842258284198,0.14411839601893212,2020-01-20 12:00:00,2021-01-20 12:00:00,2021-01-20 12:00:00,366,1
447,2021-01-20 12:00:00,Naive,12,0.20560842258284198,1.084304912498255,2020-01-20 12:00:00,2021-01-20 12:00:00,2021-01-20 12:00:00,366,1
448,2021-01-21 12:00:00,Decision Tree,12,-0.11820568967011633,-0.15838418720797215,2020-01-21 12:00:00,2021-01-21 12:00:00,2021-01-21 12:00:00,366,1
449,2021-01-21 12:00:00,Random Forest,12,-0.11820568967011633,-0.1660156046415611,2020-01-21 12:00:00,2021-01-21 12:00:00,2021-01-21 12:00:00,366,1
450,2021-01-21 12:00:00,Neural Network,12,-0.11820568967011633,-0.07009365324992131,2020-01-21 12:00:00,2021-01-21 12:00:00,2021-01-21 12:00:00,366,1
451,2021-01-21 12:00:00,Naive,12,-0.11820568967011633,0.20560842258284198,2020-01-21 12:00:00,2021-01-21 12:00:00,2021-01-21 12:00:00,366,1
452,2021-01-22 12:00:00,Decision Tree,12,1.0837244552170053,1.0515831729215857,2020-01-22 12:00:00,2021-01-22 12:00:00,2021-01-22 12:00:00,366,1
453,2021-01-22 12:00:00,Random Forest,12,1.0837244552170053,1.0396288245703729,2020-01-22 12:00:00,2021-01-22 12:00:00,2021-01-22 12:00:00,366,1
454,2021-01-22 12:00:00,Neural Network,12,1.0837244552170053,1.0009969317170762,2020-01-22 12:00:00,2021-01-22 12:00:00,2021-01-22 12:00:00,366,1
455,2021-01-22 12:00:00,Naive,12,1.0837244552170053,-0.11820568967011633,2020-01-22 12:00:00,2021-01-22 12:00:00,2021-01-22 12:00:00,366,1
456,2021-01-23 12:00:00,Decision Tree,12,1.2814918713063588,1.2456115738140099,2020-01-23 12:00:00,2021-01-23 12:00:00,2021-01-23 12:00:00,366,1
457,2021-01-23 12:00:00,Random Forest,12,1.2814918713063588,1.2305656638423106,2020-01-23 12:00:00,2021-01-23 12:00:00,2021-01-23 12:00:00,366,1
458,2021-01-23 12:00:00,Neural Network,12,1.2814918713063588,1.2096277933189663,2020-01-23 12:00:00,2021-01-23 12:00:00,2021-01-23 12:00:00,366,1
459,2021-01-23 12:00:00,Naive,12,1.2814918713063588,1.0837244552170053,2020-01-23 12:00:00,2021-01-23 12:00:00,2021-01-23 12:00:00,366,1
460,2021-01-24 12:00:00,Decision Tree,12,1.0742550729406675,1.0569400533041555,2020-01-24 12:00:00,2021-01-24 12:00:00,2021-01-24 12:00:00,366,1
461,2021-01-24 12:00:00,Random Forest,12,1.0742550729406675,1.0462790607213892,2020-01-24 12:00:00,2021-01-24 12:00:00,2021-01-24 12:00:00,366,1
462,2021-01-24 12:00:00,Neural Network,12,1.0742550729406675,1.4192980405760098,2020-01-24 12:00:00,2021-01-24 12:00:00,2021-01-24 12:00:00,366,1
463,2021-01-24 12:00:00,Naive,12,1.0742550729406675,1.2814918713063588,2020-01-24 12:00:00,2021-01-24 12:00:00,2021-01-24 12:00:00,366,1
464,2021-01-25 12:00:00,Decision Tree,12,1.692957630430159,1.748790634350744,2020-01-25 12:00:00,2021-01-25 12:00:00,2021-01-25 12:00:00,366,1
465,2021-01-25 12:00:00,Random Forest,12,1.692957630430159,1.7483285856757576,2020-01-25 12:00:00,2021-01-25 12:00:00,2021-01-25 12:00:00,366,1
466,2021-01-25 12:00:00,Neural Network,12,1.692957630430159,1.5509638865660054,2020-01-25 12:00:00,2021-01-25 12:00:00,2021-01-25 12:00:00,366,1
467,2021-01-25 12:00:00,Naive,12,1.692957630430159,1.0742550729406675,2020-01-25 12:00:00,2021-01-25 12:00:00,2021-01-25 12:00:00,366,1
468,2021-01-26 12:00:00,Decision Tree,12,1.719692065786401,1.7394851336973132,2020-01-26 12:00:00,2021-01-26 12:00:00,2021-01-26 12:00:00,366,1
469,2021-01-26 12:00:00,Random Forest,12,1.719692065786401,1.7291247318647194,2020-01-26 12:00:00,2021-01-26 12:00:00,2021-01-26 12:00:00,366,1
470,2021-01-26 12:00:00,Neural Network,12,1.719692065786401,1.614703940596442,2020-01-26 12:00:00,2021-01-26 12:00:00,2021-01-26 12:00:00,366,1
471,2021-01-26 12:00:00,Naive,12,1.719692065786401,1.692957630430159,2020-01-26 12:00:00,2021-01-26 12:00:00,2021-01-26 12:00:00,366,1
472,2021-01-27 12:00:00,Decision Tree,12,1.5967874424471853,1.7366575525671828,2020-01-27 12:00:00,2021-01-27 12:00:00,2021-01-27 12:00:00,366,1
473,2021-01-27 12:00:00,Random Forest,12,1.5967874424471853,1.6478425418708056,2020-01-27 12:00:00,2021-01-27 12:00:00,2021-01-27 12:00:00,366,1
474,2021-01-27 12:00:00,Neural Network,12,1.5967874424471853,1.5996586865287676,2020-01-27 12:00:00,2021-01-27 12:00:00,2021-01-27 12:00:00,366,1
475,2021-01-27 12:00:00,Naive,12,1.5967874424471853,1.719692065786401,2020-01-27 12:00:00,2021-01-27 12:00:00,2021-01-27 12:00:00,366,1
476,2021-01-28 12:00:00,Decision Tree,12,1.4333060905932917,1.4161604593861208,2020-01-28 12:00:00,2021-01-28 12:00:00,2021-01-28 12:00:00,366,1
477,2021-01-28 12:00:00,Random Forest,12,1.4333060905932917,1.43848524173347,2020-01-28 12:00:00,2021-01-28 12:00:00,2021-01-28 12:00:00,366,1
478,2021-01-28 12:00:00,Neural Network,12,1.4333060905932917,1.5987349869254621,2020-01-28 12:00:00,2021-01-28 12:00:00,2021-01-28 12:00:00,366,1
479,2021-01-28 12:00:00,Naive,12,1.4333060905932917,1.5967874424471853,2020-01-28 12:00:00,2021-01-28 12:00:00,2021-01-28 12:00:00,366,1
480,2021-01-29 12:00:00,Decision Tree,12,1.1438721509108487,1.0784871245597514,2020-01-29 12:00:00,2021-01-29 12:00:00,2021-01-29 12:00:00,366,1
481,2021-01-29 12:00:00,Random Forest,12,1.1438721509108487,1.1293632708725978,2020-01-29 12:00:00,2021-01-29 12:00:00,2021-01-29 12:00:00,366,1
482,2021-01-29 12:00:00,Neural Network,12,1.1438721509108487,1.2584239883547412,2020-01-29 12:00:00,2021-01-29 12:00:00,2021-01-29 12:00:00,366,1
483,2021-01-29 12:00:00,Naive,12,1.1438721509108487,1.4333060905932917,2020-01-29 12:00:00,2021-01-29 12:00:00,2021-01-29 12:00:00,366,1
484,2021-01-30 12:00:00,Decision Tree,12,1.2191157269870165,1.2223603628726685,2020-01-30 12:00:00,2021-01-30 12:00:00,2021-01-30 12:00:00,366,1
485,2021-01-30 12:00:00,Random Forest,12,1.2191157269870165,1.2078823311374085,2020-01-30 12:00:00,2021-01-30 12:00:00,2021-01-30 12:00:00,366,1
486,2021-01-30 12:00:00,Neural Network,12,1.2191157269870165,1.3504785529035734,2020-01-30 12:00:00,2021-01-30 12:00:00,2021-01-30 12:00:00,366,1
487,2021-01-30 12:00:00,Naive,12,1.2191157269870165,1.1438721509108487,2020-01-30 12:00:00,2021-01-30 12:00:00,2021-01-30 12:00:00,366,1
488,2021-01-31 12:00:00,Decision Tree,12,1.0007658139214155,0.9728369540763755,2020-01-31 12:00:00,2021-01-31 12:00:00,2021-01-31 12:00:00,366,1
489,2021-01-31 12:00:00,Random Forest,12,1.0007658139214155,0.9652771266886958,2020-01-31 12:00:00,2021-01-31 12:00:00,2021-01-31 12:00:00,366,1
490,2021-01-31 12:00:00,Neural Network,12,1.0007658139214155,1.0964191607076443,2020-01-31 12:00:00,2021-01-31 12:00:00,2021-01-31 12:00:00,366,1
491,2021-01-31 12:00:00,Naive,12,1.0007658139214155,1.2191157269870165,2020-01-31 12:00:00,2021-01-31 12:00:00,2021-01-31 12:00:00,366,1
492,2021-02-01 12:00:00,Decision Tree,12,1.5585256505278202,1.687699987648472,2020-02-01 12:00:00,2021-02-01 12:00:00,2021-02-01 12:00:00,366,1
493,2021-02-01 12:00:00,Random Forest,12,1.5585256505278202,1.5932448286014254,2020-02-01 12:00:00,2021-02-01 12:00:00,2021-02-01 12:00:00,366,1
494,2021-02-01 12:00:00,Neural Network,12,1.5585256505278202,1.4222944659667085,2020-02-01 12:00:00,2021-02-01 12:00:00,2021-02-01 12:00:00,366,1
495,2021-02-01 12:00:00,Naive,12,1.5585256505278202,1.0007658139214155,2020-02-01 12:00:00,2021-02-01 12:00:00,2021-02-01 12:00:00,366,1
496,2021-02-02 12:00:00,Decision Tree,12,1.4612859282130828,1.418065529520251,2020-02-02 12:00:00,2021-02-02 12:00:00,2021-02-02 12:00:00,366,1
497,2021-02-02 12:00:00,Random Forest,12,1.4612859282130828,1.4348990836263542,2020-02-02 12:00:00,2021-02-02 12:00:00,2021-02-02 12:00:00,366,1
498,2021-02-02 12:00:00,Neural Network,12,1.4612859282130828,1.4891918251973575,2020-02-02 12:00:00,2021-02-02 12:00:00,2021-02-02 12:00:00,366,1
499,2021-02-02 12:00:00,Naive,12,1.4612859282130828,1.5585256505278202,2020-02-02 12:00:00,2021-02-02 12:00:00,2021-02-02 12:00:00,366,1
500,2021-02-03 12:00:00,Decision Tree,12,1.1847469927691587,1.166434187706622,2020-02-03 12:00:00,2021-02-03 12:00:00,2021-02-03 12:00:00,366,1
501,2021-02-03 12:00:00,Random Forest,12,1.1847469927691587,1.1761477813271088,2020-02-03 12:00:00,2021-02-03 12:00:00,2021-02-03 12:00:00,366,1
502,2021-02-03 12:00:00,Neural Network,12,1.1847469927691587,1.2820144491976413,2020-02-03 12:00:00,2021-02-03 12:00:00,2021-02-03 12:00:00,366,1
503,2021-02-03 12:00:00,Naive,12,1.1847469927691587,1.4612859282130828,2020-02-03 12:00:00,2021-02-03 12:00:00,2021-02-03 12:00:00,366,1
504,2021-02-04 12:00:00,Decision Tree,12,1.2593011287502114,1.2575927692937032,2020-02-04 12:00:00,2021-02-04 12:00:00,2021-02-04 12:00:00,366,1
505,2021-02-04 12:00:00,Random Forest,12,1.2593011287502114,1.242976224822421,2020-02-04 12:00:00,2021-02-04 12:00:00,2021-02-04 12:00:00,366,1
506,2021-02-04 12:00:00,Neural Network,12,1.2593011287502114,1.1000685062880038,2020-02-04 12:00:00,2021-02-04 12:00:00,2021-02-04 12:00:00,366,1
507,2021-02-04 12:00:00,Naive,12,1.2593011287502114,1.1847469927691587,2020-02-04 12:00:00,2021-02-04 12:00:00,2021-02-04 12:00:00,366,1
508,2021-02-05 12:00:00,Decision Tree,12,1.331479694116805,1.2578368206446329,2020-02-05 12:00:00,2021-02-05 12:00:00,2021-02-05 12:00:00,366,1
509,2021-02-05 12:00:00,Random Forest,12,1.331479694116805,1.2766428272035475,2020-02-05 12:00:00,2021-02-05 12:00:00,2021-02-05 12:00:00,366,1
510,2021-02-05 12:00:00,Neural Network,12,1.331479694116805,1.2780235829716946,2020-02-05 12:00:00,2021-02-05 12:00:00,2021-02-05 12:00:00,366,1
511,2021-02-05 12:00:00,Naive,12,1.331479694116805,1.2593011287502114,2020-02-05 12:00:00,2021-02-05 12:00:00,2021-02-05 12:00:00,366,1
512,2021-02-06 12:00:00,Decision Tree,12,0.44621178476805023,0.41793118153934306,2020-02-06 12:00:00,2021-02-06 12:00:00,2021-02-06 12:00:00,366,1
513,2021-02-06 12:00:00,Random Forest,12,0.44621178476805023,0.40262163184569266,2020-02-06 12:00:00,2021-02-06 12:00:00,2021-02-06 12:00:00,366,1
514,2021-02-06 12:00:00,Neural Network,12,0.44621178476805023,0.13308938702273113,2020-02-06 12:00:00,2021-02-06 12:00:00,2021-02-06 12:00:00,366,1
515,2021-02-06 12:00:00,Naive,12,0.44621178476805023,1.331479694116805,2020-02-06 12:00:00,2021-02-06 12:00:00,2021-02-06 12:00:00,366,1
516,2021-02-07 12:00:00,Decision Tree,12,0.16505697296992392,0.06828416156261695,2020-02-07 12:00:00,2021-02-07 12:00:00,2021-02-07 12:00:00,366,1
517,2021-02-07 12:00:00,Random Forest,12,0.16505697296992392,0.06511854824738067,2020-02-07 12:00:00,2021-02-07 12:00:00,2021-02-07 12:00:00,366,1
518,2021-02-07 12:00:00,Neural Network,12,0.16505697296992392,0.24650811708220985,2020-02-07 12:00:00,2021-02-07 12:00:00,2021-02-07 12:00:00,366,1
519,2021-02-07 12:00:00,Naive,12,0.16505697296992392,0.44621178476805023,2020-02-07 12:00:00,2021-02-07 12:00:00,2021-02-07 12:00:00,366,1
520,2021-02-08 12:00:00,Decision Tree,12,1.2415323252986343,1.2380594706837518,2020-02-08 12:00:00,2021-02-08 12:00:00,2021-02-08 12:00:00,366,1
521,2021-02-08 12:00:00,Random Forest,12,1.2415323252986343,1.233113807624077,2020-02-08 12:00:00,2021-02-08 12:00:00,2021-02-08 12:00:00,366,1
522,2021-02-08 12:00:00,Neural Network,12,1.2415323252986343,1.1485062186799986,2020-02-08 12:00:00,2021-02-08 12:00:00,2021-02-08 12:00:00,366,1
523,2021-02-08 12:00:00,Naive,12,1.2415323252986343,0.16505697296992392,2020-02-08 12:00:00,2021-02-08 12:00:00,2021-02-08 12:00:00,366,1
524,2021-02-09 12:00:00,Decision Tree,12,1.716454201919452,1.6715531955083904,2020-02-09 12:00:00,2021-02-09 12:00:00,2021-02-09 12:00:00,366,1
525,2021-02-09 12:00:00,Random Forest,12,1.716454201919452,1.7060770798393672,2020-02-09 12:00:00,2021-02-09 12:00:00,2021-02-09 12:00:00,366,1
526,2021-02-09 12:00:00,Neural Network,12,1.716454201919452,1.5017783395340956,2020-02-09 12:00:00,2021-02-09 12:00:00,2021-02-09 12:00:00,366,1
527,2021-02-09 12:00:00,Naive,12,1.716454201919452,1.2415323252986343,2020-02-09 12:00:00,2021-02-09 12:00:00,2021-02-09 12:00:00,366,1
528,2021-02-10 12:00:00,Decision Tree,12,1.957699069428788,2.146929607355331,2020-02-10 12:00:00,2021-02-10 12:00:00,2021-02-10 12:00:00,366,1
529,2021-02-10 12:00:00,Random Forest,12,1.957699069428788,1.9578803284034836,2020-02-10 12:00:00,2021-02-10 12:00:00,2021-02-10 12:00:00,366,1
530,2021-02-10 12:00:00,Neural Network,12,1.957699069428788,1.7374858918450595,2020-02-10 12:00:00,2021-02-10 12:00:00,2021-02-10 12:00:00,366,1
531,2021-02-10 12:00:00,Naive,12,1.957699069428788,1.716454201919452,2020-02-10 12:00:00,2021-02-10 12:00:00,2021-02-10 12:00:00,366,1
532,2021-02-11 12:00:00,Decision Tree,12,1.9681418252673022,2.1232757901145134,2020-02-11 12:00:00,2021-02-11 12:00:00,2021-02-11 12:00:00,366,1
533,2021-02-11 12:00:00,Random Forest,12,1.9681418252673022,1.9542933265432423,2020-02-11 12:00:00,2021-02-11 12:00:00,2021-02-11 12:00:00,366,1
534,2021-02-11 12:00:00,Neural Network,12,1.9681418252673022,1.7405791331365685,2020-02-11 12:00:00,2021-02-11 12:00:00,2021-02-11 12:00:00,366,1
535,2021-02-11 12:00:00,Naive,12,1.9681418252673022,1.957699069428788,2020-02-11 12:00:00,2021-02-11 12:00:00,2021-02-11 12:00:00,366,1
536,2021-02-12 12:00:00,Decision Tree,12,1.6979657985506391,1.6510337193681432,2020-02-12 12:00:00,2021-02-12 12:00:00,2021-02-12 12:00:00,366,1
537,2021-02-12 12:00:00,Random Forest,12,1.6979657985506391,1.7143487409576381,2020-02-12 12:00:00,2021-02-12 12:00:00,2021-02-12 12:00:00,366,1
538,2021-02-12 12:00:00,Neural Network,12,1.6979657985506391,1.456367051099342,2020-02-12 12:00:00,2021-02-12 12:00:00,2021-02-12 12:00:00,366,1
539,2021-02-12 12:00:00,Naive,12,1.6979657985506391,1.9681418252673022,2020-02-12 12:00:00,2021-02-12 12:00:00,2021-02-12 12:00:00,366,1
540,2021-02-13 12:00:00,Decision Tree,12,0.9811524301076069,0.8723941936407078,2020-02-13 12:00:00,2021-02-13 12:00:00,2021-02-13 12:00:00,366,1
541,2021-02-13 12:00:00,Random Forest,12,0.9811524301076069,0.9049499462434845,2020-02-13 12:00:00,2021-02-13 12:00:00,2021-02-13 12:00:00,366,1
542,2021-02-13 12:00:00,Neural Network,12,0.9811524301076069,1.1991685701370358,2020-02-13 12:00:00,2021-02-13 12:00:00,2021-02-13 12:00:00,366,1
543,2021-02-13 12:00:00,Naive,12,0.9811524301076069,1.6979657985506391,2020-02-13 12:00:00,2021-02-13 12:00:00,2021-02-13 12:00:00,366,1
544,2021-02-14 12:00:00,Decision Tree,12,0.6513895295713843,0.563676275790866,2020-02-14 12:00:00,2021-02-14 12:00:00,2021-02-14 12:00:00,366,1
545,2021-02-14 12:00:00,Random Forest,12,0.6513895295713843,0.5533923331005247,2020-02-14 12:00:00,2021-02-14 12:00:00,2021-02-14 12:00:00,366,1
546,2021-02-14 12:00:00,Neural Network,12,0.6513895295713843,0.8262669495114743,2020-02-14 12:00:00,2021-02-14 12:00:00,2021-02-14 12:00:00,366,1
547,2021-02-14 12:00:00,Naive,12,0.6513895295713843,0.9811524301076069,2020-02-14 12:00:00,2021-02-14 12:00:00,2021-02-14 12:00:00,366,1
548,2021-02-15 12:00:00,Decision Tree,12,1.3262648744877041,1.281068949174126,2020-02-15 12:00:00,2021-02-15 12:00:00,2021-02-15 12:00:00,366,1
549,2021-02-15 12:00:00,Random Forest,12,1.3262648744877041,1.2967347972388419,2020-02-15 12:00:00,2021-02-15 12:00:00,2021-02-15 12:00:00,366,1
550,2021-02-15 12:00:00,Neural Network,12,1.3262648744877041,1.2839994774949803,2020-02-15 12:00:00,2021-02-15 12:00:00,2021-02-15 12:00:00,366,1
551,2021-02-15 12:00:00,Naive,12,1.3262648744877041,0.6513895295713843,2020-02-15 12:00:00,2021-02-15 12:00:00,2021-02-15 12:00:00,366,1
552,2021-02-16 12:00:00,Decision Tree,12,1.38243432956913,1.2886016033930558,2020-02-16 12:00:00,2021-02-16 12:00:00,2021-02-16 12:00:00,366,1
553,2021-02-16 12:00:00,Random Forest,12,1.38243432956913,1.324353720723699,2020-02-16 12:00:00,2021-02-16 12:00:00,2021-02-16 12:00:00,366,1
554,2021-02-16 12:00:00,Neural Network,12,1.38243432956913,1.3915620664631607,2020-02-16 12:00:00,2021-02-16 12:00:00,2021-02-16 12:00:00,366,1
555,2021-02-16 12:00:00,Naive,12,1.38243432956913,1.3262648744877041,2020-02-16 12:00:00,2021-02-16 12:00:00,2021-02-16 12:00:00,366,1
556,2021-02-17 12:00:00,Decision Tree,12,0.7825409908589807,0.6908616860391756,2020-02-17 12:00:00,2021-02-17 12:00:00,2021-02-17 12:00:00,366,1
557,2021-02-17 12:00:00,Random Forest,12,0.7825409908589807,0.7052539753279051,2020-02-17 12:00:00,2021-02-17 12:00:00,2021-02-17 12:00:00,366,1
558,2021-02-17 12:00:00,Neural Network,12,0.7825409908589807,0.7273258819043193,2020-02-17 12:00:00,2021-02-17 12:00:00,2021-02-17 12:00:00,366,1
559,2021-02-17 12:00:00,Naive,12,0.7825409908589807,1.38243432956913,2020-02-17 12:00:00,2021-02-17 12:00:00,2021-02-17 12:00:00,366,1
560,2021-02-18 12:00:00,Decision Tree,12,0.718265990201534,0.6718590066374487,2020-02-18 12:00:00,2021-02-18 12:00:00,2021-02-18 12:00:00,366,1
561,2021-02-18 12:00:00,Random Forest,12,0.718265990201534,0.6643505118574441,2020-02-18 12:00:00,2021-02-18 12:00:00,2021-02-18 12:00:00,366,1
562,2021-02-18 12:00:00,Neural Network,12,0.718265990201534,0.6941578596885909,2020-02-18 12:00:00,2021-02-18 12:00:00,2021-02-18 12:00:00,366,1
563,2021-02-18 12:00:00,Naive,12,0.718265990201534,0.7825409908589807,2020-02-18 12:00:00,2021-02-18 12:00:00,2021-02-18 12:00:00,366,1
564,2021-02-19 12:00:00,Decision Tree,12,0.7661287049136969,0.6795935038981296,2020-02-19 12:00:00,2021-02-19 12:00:00,2021-02-19 12:00:00,366,1
565,2021-02-19 12:00:00,Random Forest,12,0.7661287049136969,0.6993104779372783,2020-02-19 12:00:00,2021-02-19 12:00:00,2021-02-19 12:00:00,366,1
566,2021-02-19 12:00:00,Neural Network,12,0.7661287049136969,0.6821600831161148,2020-02-19 12:00:00,2021-02-19 12:00:00,2021-02-19 12:00:00,366,1
567,2021-02-19 12:00:00,Naive,12,0.7661287049136969,0.718265990201534,2020-02-19 12:00:00,2021-02-19 12:00:00,2021-02-19 12:00:00,366,1
568,2021-02-20 12:00:00,Decision Tree,12,-0.45162325156555927,-0.4946085758467703,2020-02-20 12:00:00,2021-02-20 12:00:00,2021-02-20 12:00:00,366,1
569,2021-02-20 12:00:00,Random Forest,12,-0.45162325156555927,-0.46680003954153143,2020-02-20 12:00:00,2021-02-20 12:00:00,2021-02-20 12:00:00,366,1
570,2021-02-20 12:00:00,Neural Network,12,-0.45162325156555927,-0.3535953724071256,2020-02-20 12:00:00,2021-02-20 12:00:00,2021-02-20 12:00:00,366,1
571,2021-02-20 12:00:00,Naive,12,-0.45162325156555927,0.7661287049136969,2020-02-20 12:00:00,2021-02-20 12:00:00,2021-02-20 12:00:00,366,1
572,2021-02-21 12:00:00,Decision Tree,12,-0.19543184698686894,-0.20131577602355502,2020-02-21 12:00:00,2021-02-21 12:00:00,2021-02-21 12:00:00,366,1
573,2021-02-21 12:00:00,Random Forest,12,-0.19543184698686894,-0.21363665757894337,2020-02-21 12:00:00,2021-02-21 12:00:00,2021-02-21 12:00:00,366,1
574,2021-02-21 12:00:00,Neural Network,12,-0.19543184698686894,0.1255022851235453,2020-02-21 12:00:00,2021-02-21 12:00:00,2021-02-21 12:00:00,366,1
575,2021-02-21 12:00:00,Naive,12,-0.19543184698686894,-0.45162325156555927,2020-02-21 12:00:00,2021-02-21 12:00:00,2021-02-21 12:00:00,366,1
576,2021-02-22 12:00:00,Decision Tree,12,0.6676988433351214,0.5362137201147469,2020-02-22 12:00:00,2021-02-22 12:00:00,2021-02-22 12:00:00,366,1
577,2021-02-22 12:00:00,Random Forest,12,0.6676988433351214,0.5807396566432316,2020-02-22 12:00:00,2021-02-22 12:00:00,2021-02-22 12:00:00,366,1
578,2021-02-22 12:00:00,Neural Network,12,0.6676988433351214,0.5428789299567554,2020-02-22 12:00:00,2021-02-22 12:00:00,2021-02-22 12:00:00,366,1
579,2021-02-22 12:00:00,Naive,12,0.6676988433351214,-0.19543184698686894,2020-02-22 12:00:00,2021-02-22 12:00:00,2021-02-22 12:00:00,366,1
580,2021-02-23 12:00:00,Decision Tree,12,0.35402968355734915,0.26587891653652695,2020-02-23 12:00:00,2021-02-23 12:00:00,2021-02-23 12:00:00,366,1
581,2021-02-23 12:00:00,Random Forest,12,0.35402968355734915,0.27429326651591346,2020-02-23 12:00:00,2021-02-23 12:00:00,2021-02-23 12:00:00,366,1
582,2021-02-23 12:00:00,Neural Network,12,0.35402968355734915,0.37781265810259956,2020-02-23 12:00:00,2021-02-23 12:00:00,2021-02-23 12:00:00,366,1
583,2021-02-23 12:00:00,Naive,12,0.35402968355734915,0.6676988433351214,2020-02-23 12:00:00,2021-02-23 12:00:00,2021-02-23 12:00:00,366,1
584,2021-02-24 12:00:00,Decision Tree,12,-0.1365511199382668,-0.18071721688137882,2020-02-24 12:00:00,2021-02-24 12:00:00,2021-02-24 12:00:00,366,1
585,2021-02-24 12:00:00,Random Forest,12,-0.1365511199382668,-0.1842768692053628,2020-02-24 12:00:00,2021-02-24 12:00:00,2021-02-24 12:00:00,366,1
586,2021-02-24 12:00:00,Neural Network,12,-0.1365511199382668,-0.1757760138845167,2020-02-24 12:00:00,2021-02-24 12:00:00,2021-02-24 12:00:00,366,1
587,2021-02-24 12:00:00,Naive,12,-0.1365511199382668,0.35402968355734915,2020-02-24 12:00:00,2021-02-24 12:00:00,2021-02-24 12:00:00,366,1
588,2021-02-25 12:00:00,Decision Tree,12,0.42261159038513596,0.34615363527410387,2020-02-25 12:00:00,2021-02-25 12:00:00,2021-02-25 12:00:00,366,1
589,2021-02-25 12:00:00,Random Forest,12,0.42261159038513596,0.3662061028909283,2020-02-25 12:00:00,2021-02-25 12:00:00,2021-02-25 12:00:00,366,1
590,2021-02-25 12:00:00,Neural Network,12,0.42261159038513596,0.16875434142518325,2020-02-25 12:00:00,2021-02-25 12:00:00,2021-02-25 12:00:00,366,1
591,2021-02-25 12:00:00,Naive,12,0.42261159038513596,-0.1365511199382668,2020-02-25 12:00:00,2021-02-25 12:00:00,2021-02-25 12:00:00,366,1
592,2021-02-26 12:00:00,Decision Tree,12,0.49773589853784245,0.3588966277926093,2020-02-26 12:00:00,2021-02-26 12:00:00,2021-02-26 12:00:00,366,1
593,2021-02-26 12:00:00,Random Forest,12,0.49773589853784245,0.4234529777630787,2020-02-26 12:00:00,2021-02-26 12:00:00,2021-02-26 12:00:00,366,1
594,2021-02-26 12:00:00,Neural Network,12,0.49773589853784245,0.635357414239355,2020-02-26 12:00:00,2021-02-26 12:00:00,2021-02-26 12:00:00,366,1
595,2021-02-26 12:00:00,Naive,12,0.49773589853784245,0.42261159038513596,2020-02-26 12:00:00,2021-02-26 12:00:00,2021-02-26 12:00:00,366,1
596,2021-02-27 12:00:00,Decision Tree,12,0.2672193160632091,0.16980049891729887,2020-02-27 12:00:00,2021-02-27 12:00:00,2021-02-27 12:00:00,366,1
597,2021-02-27 12:00:00,Random Forest,12,0.2672193160632091,0.1904816471605199,2020-02-27 12:00:00,2021-02-27 12:00:00,2021-02-27 12:00:00,366,1
598,2021-02-27 12:00:00,Neural Network,12,0.2672193160632091,0.7765931320926995,2020-02-27 12:00:00,2021-02-27 12:00:00,2021-02-27 12:00:00,366,1
599,2021-02-27 12:00:00,Naive,12,0.2672193160632091,0.49773589853784245,2020-02-27 12:00:00,2021-02-27 12:00:00,2021-02-27 12:00:00,366,1
600,2021-02-28 12:00:00,Decision Tree,12,0.06141839558210643,0.015207320676354065,2020-02-28 12:00:00,2021-02-28 12:00:00,2021-02-28 12:00:00,366,1
601,2021-02-28 12:00:00,Random Forest,12,0.06141839558210643,0.00409394151365697,2020-02-28 12:00:00,2021-02-28 12:00:00,2021-02-28 12:00:00,366,1
602,2021-02-28 12:00:00,Neural Network,12,0.06141839558210643,0.3161961632138649,2020-02-28 12:00:00,2021-02-28 12:00:00,2021-02-28 12:00:00,366,1
603,2021-02-28 12:00:00,Naive,12,0.06141839558210643,0.2672193160632091,2020-02-28 12:00:00,2021-02-28 12:00:00,2021-02-28 12:00:00,366,1
604,2021-03-01 12:00:00,Decision Tree,12,0.505075878824673,0.47551972622598354,2020-03-01 12:00:00,2021-03-01 12:00:00,2021-03-01 12:00:00,365,1
605,2021-03-01 12:00:00,Random Forest,12,0.505075878824673,0.43062131078653904,2020-03-01 12:00:00,2021-03-01 12:00:00,2021-03-01 12:00:00,365,1
606,2021-03-01 12:00:00,Neural Network,12,0.505075878824673,0.5305463895827118,2020-03-01 12:00:00,2021-03-01 12:00:00,2021-03-01 12:00:00,365,1
607,2021-03-01 12:00:00,Naive,12,0.505075878824673,0.06141839558210643,2020-03-01 12:00:00,2021-03-01 12:00:00,2021-03-01 12:00:00,365,1
608,2021-03-02 12:00:00,Decision Tree,12,0.5920242501194779,0.5426551289090279,2020-03-02 12:00:00,2021-03-02 12:00:00,2021-03-02 12:00:00,365,1
609,2021-03-02 12:00:00,Random Forest,12,0.5920242501194779,0.530116981067041,2020-03-02 12:00:00,2021-03-02 12:00:00,2021-03-02 12:00:00,365,1
610,2021-03-02 12:00:00,Neural Network,12,0.5920242501194779,0.5230402404186704,2020-03-02 12:00:00,2021-03-02 12:00:00,2021-03-02 12:00:00,365,1
611,2021-03-02 12:00:00,Naive,12,0.5920242501194779,0.505075878824673,2020-03-02 12:00:00,2021-03-02 12:00:00,2021-03-02 12:00:00,365,1
612,2021-03-03 12:00:00,Decision Tree,12,0.641839213272492,0.6072830209764696,2020-03-03 12:00:00,2021-03-03 12:00:00,2021-03-03 12:00:00,365,1
613,2021-03-03 12:00:00,Random Forest,12,0.641839213272492,0.5632532263181039,2020-03-03 12:00:00,2021-03-03 12:00:00,2021-03-03 12:00:00,365,1
614,2021-03-03 12:00:00,Neural Network,12,0.641839213272492,0.6092324880521243,2020-03-03 12:00:00,2021-03-03 12:00:00,2021-03-03 12:00:00,365,1
615,2021-03-03 12:00:00,Naive,12,0.641839213272492,0.5920242501194779,2020-03-03 12:00:00,2021-03-03 12:00:00,2021-03-03 12:00:00,365,1
616,2021-03-04 12:00:00,Decision Tree,12,1.2069794053422134,1.2187946487125747,2020-03-04 12:00:00,2021-03-04 12:00:00,2021-03-04 12:00:00,365,1
617,2021-03-04 12:00:00,Random Forest,12,1.2069794053422134,1.2065093369198456,2020-03-04 12:00:00,2021-03-04 12:00:00,2021-03-04 12:00:00,365,1
618,2021-03-04 12:00:00,Neural Network,12,1.2069794053422134,0.9682922010192094,2020-03-04 12:00:00,2021-03-04 12:00:00,2021-03-04 12:00:00,365,1
619,2021-03-04 12:00:00,Naive,12,1.2069794053422134,0.641839213272492,2020-03-04 12:00:00,2021-03-04 12:00:00,2021-03-04 12:00:00,365,1
620,2021-03-05 12:00:00,Decision Tree,12,1.2054426983943145,1.19267790474718,2020-03-05 12:00:00,2021-03-05 12:00:00,2021-03-05 12:00:00,365,1
621,2021-03-05 12:00:00,Random Forest,12,1.2054426983943145,1.2085044764403587,2020-03-05 12:00:00,2021-03-05 12:00:00,2021-03-05 12:00:00,365,1
622,2021-03-05 12:00:00,Neural Network,12,1.2054426983943145,0.9608892974623973,2020-03-05 12:00:00,2021-03-05 12:00:00,2021-03-05 12:00:00,365,1
623,2021-03-05 12:00:00,Naive,12,1.2054426983943145,1.2069794053422134,2020-03-05 12:00:00,2021-03-05 12:00:00,2021-03-05 12:00:00,365,1
624,2021-03-06 12:00:00,Decision Tree,12,0.16175663413658953,0.08640169848651487,2020-03-06 12:00:00,2021-03-06 12:00:00,2021-03-06 12:00:00,365,1
625,2021-03-06 12:00:00,Random Forest,12,0.16175663413658953,0.13168344925185807,2020-03-06 12:00:00,2021-03-06 12:00:00,2021-03-06 12:00:00,365,1
626,2021-03-06 12:00:00,Neural Network,12,0.16175663413658953,0.018350050585790326,2020-03-06 12:00:00,2021-03-06 12:00:00,2021-03-06 12:00:00,365,1
627,2021-03-06 12:00:00,Naive,12,0.16175663413658953,1.2054426983943145,2020-03-06 12:00:00,2021-03-06 12:00:00,2021-03-06 12:00:00,365,1
628,2021-03-07 12:00:00,Decision Tree,12,0.24423550598072574,0.1982526459357659,2020-03-07 12:00:00,2021-03-07 12:00:00,2021-03-07 12:00:00,365,1
629,2021-03-07 12:00:00,Random Forest,12,0.24423550598072574,0.19204786600538987,2020-03-07 12:00:00,2021-03-07 12:00:00,2021-03-07 12:00:00,365,1
630,2021-03-07 12:00:00,Neural Network,12,0.24423550598072574,0.17508789182004025,2020-03-07 12:00:00,2021-03-07 12:00:00,2021-03-07 12:00:00,365,1
631,2021-03-07 12:00:00,Naive,12,0.24423550598072574,0.16175663413658953,2020-03-07 12:00:00,2021-03-07 12:00:00,2021-03-07 12:00:00,365,1
632,2021-03-08 12:00:00,Decision Tree,12,1.2348834281736332,1.2340871685752826,2020-03-08 12:00:00,2021-03-08 12:00:00,2021-03-08 12:00:00,365,1
633,2021-03-08 12:00:00,Random Forest,12,1.2348834281736332,1.2369440396287463,2020-03-08 12:00:00,2021-03-08 12:00:00,2021-03-08 12:00:00,365,1
634,2021-03-08 12:00:00,Neural Network,12,1.2348834281736332,0.7620593297250597,2020-03-08 12:00:00,2021-03-08 12:00:00,2021-03-08 12:00:00,365,1
635,2021-03-08 12:00:00,Naive,12,1.2348834281736332,0.24423550598072574,2020-03-08 12:00:00,2021-03-08 12:00:00,2021-03-08 12:00:00,365,1
636,2021-03-09 12:00:00,Decision Tree,12,1.321272460877617,1.2886016033930556,2020-03-09 12:00:00,2021-03-09 12:00:00,2021-03-09 12:00:00,365,1
637,2021-03-09 12:00:00,Random Forest,12,1.321272460877617,1.298221465942223,2020-03-09 12:00:00,2021-03-09 12:00:00,2021-03-09 12:00:00,365,1
638,2021-03-09 12:00:00,Neural Network,12,1.321272460877617,1.1314446192095253,2020-03-09 12:00:00,2021-03-09 12:00:00,2021-03-09 12:00:00,365,1
639,2021-03-09 12:00:00,Naive,12,1.321272460877617,1.2348834281736332,2020-03-09 12:00:00,2021-03-09 12:00:00,2021-03-09 12:00:00,365,1
640,2021-03-10 12:00:00,Decision Tree,12,0.8152164606424712,0.8137699118826401,2020-03-10 12:00:00,2021-03-10 12:00:00,2021-03-10 12:00:00,365,1
641,2021-03-10 12:00:00,Random Forest,12,0.8152164606424712,0.7746453525817701,2020-03-10 12:00:00,2021-03-10 12:00:00,2021-03-10 12:00:00,365,1
642,2021-03-10 12:00:00,Neural Network,12,0.8152164606424712,0.8106538815480355,2020-03-10 12:00:00,2021-03-10 12:00:00,2021-03-10 12:00:00,365,1
643,2021-03-10 12:00:00,Naive,12,0.8152164606424712,1.321272460877617,2020-03-10 12:00:00,2021-03-10 12:00:00,2021-03-10 12:00:00,365,1
644,2021-03-11 12:00:00,Decision Tree,12,0.18506132607822273,0.18569213631905226,2020-03-11 12:00:00,2021-03-11 12:00:00,2021-03-11 12:00:00,365,1
645,2021-03-11 12:00:00,Random Forest,12,0.18506132607822273,0.19789321581991637,2020-03-11 12:00:00,2021-03-11 12:00:00,2021-03-11 12:00:00,365,1
646,2021-03-11 12:00:00,Neural Network,12,0.18506132607822273,-0.38936229842248515,2020-03-11 12:00:00,2021-03-11 12:00:00,2021-03-11 12:00:00,365,1
647,2021-03-11 12:00:00,Naive,12,0.18506132607822273,0.8152164606424712,2020-03-11 12:00:00,2021-03-11 12:00:00,2021-03-11 12:00:00,365,1
648,2021-03-12 12:00:00,Decision Tree,12,-1.8553151207168703,-1.6947502832604147,2020-03-12 12:00:00,2021-03-12 12:00:00,2021-03-12 12:00:00,365,1
649,2021-03-12 12:00:00,Random Forest,12,-1.8553151207168703,-1.7043579244992546,2020-03-12 12:00:00,2021-03-12 12:00:00,2021-03-12 12:00:00,365,1
650,2021-03-12 12:00:00,Neural Network,12,-1.8553151207168703,-1.6562711463285968,2020-03-12 12:00:00,2021-03-12 12:00:00,2021-03-12 12:00:00,365,1
651,2021-03-12 12:00:00,Naive,12,-1.8553151207168703,0.18506132607822273,2020-03-12 12:00:00,2021-03-12 12:00:00,2021-03-12 12:00:00,365,1
652,2021-03-13 12:00:00,Decision Tree,12,-1.8092323970711808,-1.7353662972038943,2020-03-13 12:00:00,2021-03-13 12:00:00,2021-03-13 12:00:00,365,1
653,2021-03-13 12:00:00,Random Forest,12,-1.8092323970711808,-1.736770703513855,2020-03-13 12:00:00,2021-03-13 12:00:00,2021-03-13 12:00:00,365,1
654,2021-03-13 12:00:00,Neural Network,12,-1.8092323970711808,-1.2737851257845718,2020-03-13 12:00:00,2021-03-13 12:00:00,2021-03-13 12:00:00,365,1
655,2021-03-13 12:00:00,Naive,12,-1.8092323970711808,-1.8553151207168703,2020-03-13 12:00:00,2021-03-13 12:00:00,2021-03-13 12:00:00,365,1
656,2021-03-14 12:00:00,Decision Tree,12,-1.4732951730862553,-1.4577911182086913,2020-03-14 12:00:00,2021-03-14 12:00:00,2021-03-14 12:00:00,365,1
657,2021-03-14 12:00:00,Random Forest,12,-1.4732951730862553,-1.411454103935496,2020-03-14 12:00:00,2021-03-14 12:00:00,2021-03-14 12:00:00,365,1
658,2021-03-14 12:00:00,Neural Network,12,-1.4732951730862553,-1.2307421780093848,2020-03-14 12:00:00,2021-03-14 12:00:00,2021-03-14 12:00:00,365,1
659,2021-03-14 12:00:00,Naive,12,-1.4732951730862553,-1.8092323970711808,2020-03-14 12:00:00,2021-03-14 12:00:00,2021-03-14 12:00:00,365,1
660,2021-03-15 12:00:00,Decision Tree,12,0.8530807851205555,0.8139507304776192,2020-03-15 12:00:00,2021-03-15 12:00:00,2021-03-15 12:00:00,365,1
661,2021-03-15 12:00:00,Random Forest,12,0.8530807851205555,0.7998320493517324,2020-03-15 12:00:00,2021-03-15 12:00:00,2021-03-15 12:00:00,365,1
662,2021-03-15 12:00:00,Neural Network,12,0.8530807851205555,0.4295976111631712,2020-03-15 12:00:00,2021-03-15 12:00:00,2021-03-15 12:00:00,365,1
663,2021-03-15 12:00:00,Naive,12,0.8530807851205555,-1.4732951730862553,2020-03-15 12:00:00,2021-03-15 12:00:00,2021-03-15 12:00:00,365,1
664,2021-03-16 12:00:00,Decision Tree,12,1.1871593440439923,1.1940962151524173,2020-03-16 12:00:00,2021-03-16 12:00:00,2021-03-16 12:00:00,365,1
665,2021-03-16 12:00:00,Random Forest,12,1.1871593440439923,1.18689265377708,2020-03-16 12:00:00,2021-03-16 12:00:00,2021-03-16 12:00:00,365,1
666,2021-03-16 12:00:00,Neural Network,12,1.1871593440439923,1.0012530731499762,2020-03-16 12:00:00,2021-03-16 12:00:00,2021-03-16 12:00:00,365,1
667,2021-03-16 12:00:00,Naive,12,1.1871593440439923,0.8530807851205555,2020-03-16 12:00:00,2021-03-16 12:00:00,2021-03-16 12:00:00,365,1
668,2021-03-17 12:00:00,Decision Tree,12,1.1818451758668118,1.1828196892764082,2020-03-17 12:00:00,2021-03-17 12:00:00,2021-03-17 12:00:00,365,1
669,2021-03-17 12:00:00,Random Forest,12,1.1818451758668118,1.1865681722354688,2020-03-17 12:00:00,2021-03-17 12:00:00,2021-03-17 12:00:00,365,1
670,2021-03-17 12:00:00,Neural Network,12,1.1818451758668118,0.962422082131492,2020-03-17 12:00:00,2021-03-17 12:00:00,2021-03-17 12:00:00,365,1
671,2021-03-17 12:00:00,Naive,12,1.1818451758668118,1.1871593440439923,2020-03-17 12:00:00,2021-03-17 12:00:00,2021-03-17 12:00:00,365,1
672,2021-03-18 12:00:00,Decision Tree,12,1.5592546921067303,1.6133382158386982,2020-03-18 12:00:00,2021-03-18 12:00:00,2021-03-18 12:00:00,365,1
673,2021-03-18 12:00:00,Random Forest,12,1.5592546921067303,1.5948528485137095,2020-03-18 12:00:00,2021-03-18 12:00:00,2021-03-18 12:00:00,365,1
674,2021-03-18 12:00:00,Neural Network,12,1.5592546921067303,1.4771375250612504,2020-03-18 12:00:00,2021-03-18 12:00:00,2021-03-18 12:00:00,365,1
675,2021-03-18 12:00:00,Naive,12,1.5592546921067303,1.1818451758668118,2020-03-18 12:00:00,2021-03-18 12:00:00,2021-03-18 12:00:00,365,1
676,2021-03-19 12:00:00,Decision Tree,12,0.6395284598293698,0.61304238635914,2020-03-19 12:00:00,2021-03-19 12:00:00,2021-03-19 12:00:00,365,1
677,2021-03-19 12:00:00,Random Forest,12,0.6395284598293698,0.6294965198984186,2020-03-19 12:00:00,2021-03-19 12:00:00,2021-03-19 12:00:00,365,1
678,2021-03-19 12:00:00,Neural Network,12,0.6395284598293698,0.6748311848992266,2020-03-19 12:00:00,2021-03-19 12:00:00,2021-03-19 12:00:00,365,1
679,2021-03-19 12:00:00,Naive,12,0.6395284598293698,1.5592546921067303,2020-03-19 12:00:00,2021-03-19 12:00:00,2021-03-19 12:00:00,365,1
680,2021-03-20 12:00:00,Decision Tree,12,0.6721733888649499,0.6384960592255691,2020-03-20 12:00:00,2021-03-20 12:00:00,2021-03-20 12:00:00,365,1
681,2021-03-20 12:00:00,Random Forest,12,0.6721733888649499,0.6157590017776772,2020-03-20 12:00:00,2021-03-20 12:00:00,2021-03-20 12:00:00,365,1
682,2021-03-20 12:00:00,Neural Network,12,0.6721733888649499,0.42249023038483785,2020-03-20 12:00:00,2021-03-20 12:00:00,2021-03-20 12:00:00,365,1
683,2021-03-20 12:00:00,Naive,12,0.6721733888649499,0.6395284598293698,2020-03-20 12:00:00,2021-03-20 12:00:00,2021-03-20 12:00:00,365,1
684,2021-03-21 12:00:00,Decision Tree,12,-0.16016034057218048,-0.13987380998539092,2020-03-21 12:00:00,2021-03-21 12:00:00,2021-03-21 12:00:00,365,1
685,2021-03-21 12:00:00,Random Forest,12,-0.16016034057218048,-0.16425930278747974,2020-03-21 12:00:00,2021-03-21 12:00:00,2021-03-21 12:00:00,365,1
686,2021-03-21 12:00:00,Neural Network,12,-0.16016034057218048,-0.2402498833612752,2020-03-21 12:00:00,2021-03-21 12:00:00,2021-03-21 12:00:00,365,1
687,2021-03-21 12:00:00,Naive,12,-0.16016034057218048,0.6721733888649499,2020-03-21 12:00:00,2021-03-21 12:00:00,2021-03-21 12:00:00,365,1
688,2021-03-22 12:00:00,Decision Tree,12,1.3547445651808643,1.3994471990043893,2020-03-22 12:00:00,2021-03-22 12:00:00,2021-03-22 12:00:00,365,1
689,2021-03-22 12:00:00,Random Forest,12,1.3547445651808643,1.3611604833153164,2020-03-22 12:00:00,2021-03-22 12:00:00,2021-03-22 12:00:00,365,1
690,2021-03-22 12:00:00,Neural Network,12,1.3547445651808643,1.1996488985527325,2020-03-22 12:00:00,2021-03-22 12:00:00,2021-03-22 12:00:00,365,1
691,2021-03-22 12:00:00,Naive,12,1.3547445651808643,-0.16016034057218048,2020-03-22 12:00:00,2021-03-22 12:00:00,2021-03-22 12:00:00,365,1
692,2021-03-23 12:00:00,Decision Tree,12,1.4396169052234158,1.4344892906431224,2020-03-23 12:00:00,2021-03-23 12:00:00,2021-03-23 12:00:00,365,1
693,2021-03-23 12:00:00,Random Forest,12,1.4396169052234158,1.4048219537043332,2020-03-23 12:00:00,2021-03-23 12:00:00,2021-03-23 12:00:00,365,1
694,2021-03-23 12:00:00,Neural Network,12,1.4396169052234158,1.3565019350648604,2020-03-23 12:00:00,2021-03-23 12:00:00,2021-03-23 12:00:00,365,1
695,2021-03-23 12:00:00,Naive,12,1.4396169052234158,1.3547445651808643,2020-03-23 12:00:00,2021-03-23 12:00:00,2021-03-23 12:00:00,365,1
696,2021-03-24 12:00:00,Decision Tree,12,0.5931696158577743,0.6384960592255691,2020-03-24 12:00:00,2021-03-24 12:00:00,2021-03-24 12:00:00,365,1
697,2021-03-24 12:00:00,Random Forest,12,0.5931696158577743,0.575474868705813,2020-03-24 12:00:00,2021-03-24 12:00:00,2021-03-24 12:00:00,365,1
698,2021-03-24 12:00:00,Neural Network,12,0.5931696158577743,0.428733064080369,2020-03-24 12:00:00,2021-03-24 12:00:00,2021-03-24 12:00:00,365,1
699,2021-03-24 12:00:00,Naive,12,0.5931696158577743,1.4396169052234158,2020-03-24 12:00:00,2021-03-24 12:00:00,2021-03-24 12:00:00,365,1
700,2021-03-25 12:00:00,Decision Tree,12,0.7202931089836985,0.6756739083509599,2020-03-25 12:00:00,2021-03-25 12:00:00,2021-03-25 12:00:00,365,1
701,2021-03-25 12:00:00,Random Forest,12,0.7202931089836985,0.6758052372261153,2020-03-25 12:00:00,2021-03-25 12:00:00,2021-03-25 12:00:00,365,1
702,2021-03-25 12:00:00,Neural Network,12,0.7202931089836985,0.71249248747816,2020-03-25 12:00:00,2021-03-25 12:00:00,2021-03-25 12:00:00,365,1
703,2021-03-25 12:00:00,Naive,12,0.7202931089836985,0.5931696158577743,2020-03-25 12:00:00,2021-03-25 12:00:00,2021-03-25 12:00:00,365,1
704,2021-03-26 12:00:00,Decision Tree,12,0.0926426357285692,0.06706514511866153,2020-03-26 12:00:00,2021-03-26 12:00:00,2021-03-26 12:00:00,365,1
705,2021-03-26 12:00:00,Random Forest,12,0.0926426357285692,0.07499736938888478,2020-03-26 12:00:00,2021-03-26 12:00:00,2021-03-26 12:00:00,365,1
706,2021-03-26 12:00:00,Neural Network,12,0.0926426357285692,-0.22814556701174826,2020-03-26 12:00:00,2021-03-26 12:00:00,2021-03-26 12:00:00,365,1
707,2021-03-26 12:00:00,Naive,12,0.0926426357285692,0.7202931089836985,2020-03-26 12:00:00,2021-03-26 12:00:00,2021-03-26 12:00:00,365,1
708,2021-03-27 12:00:00,Decision Tree,12,-2.554196405960846,-2.4914026913408,2020-03-27 12:00:00,2021-03-27 12:00:00,2021-03-27 12:00:00,365,1
709,2021-03-27 12:00:00,Random Forest,12,-2.554196405960846,-2.5285470093066444,2020-03-27 12:00:00,2021-03-27 12:00:00,2021-03-27 12:00:00,365,1
710,2021-03-27 12:00:00,Neural Network,12,-2.554196405960846,-2.35637689694,2020-03-27 12:00:00,2021-03-27 12:00:00,2021-03-27 12:00:00,365,1
711,2021-03-27 12:00:00,Naive,12,-2.554196405960846,0.0926426357285692,2020-03-27 12:00:00,2021-03-27 12:00:00,2021-03-27 12:00:00,365,1
712,2021-03-28 12:00:00,Decision Tree,12,-2.1129849477418237,-2.4992519056683062,2020-03-28 12:00:00,2021-03-28 12:00:00,2021-03-28 12:00:00,365,1
713,2021-03-28 12:00:00,Random Forest,12,-2.1129849477418237,-2.3207715841737957,2020-03-28 12:00:00,2021-03-28 12:00:00,2021-03-28 12:00:00,365,1
714,2021-03-28 12:00:00,Neural Network,12,-2.1129849477418237,-1.998369069956954,2020-03-28 12:00:00,2021-03-28 12:00:00,2021-03-28 12:00:00,365,1
715,2021-03-28 12:00:00,Naive,12,-2.1129849477418237,-2.554196405960846,2020-03-28 12:00:00,2021-03-28 12:00:00,2021-03-28 12:00:00,365,1
716,2021-03-29 12:00:00,Decision Tree,12,-0.8756953635118586,-0.8356658831717922,2020-03-29 12:00:00,2021-03-29 12:00:00,2021-03-29 12:00:00,365,1
717,2021-03-29 12:00:00,Random Forest,12,-0.8756953635118586,-0.8579445615235227,2020-03-29 12:00:00,2021-03-29 12:00:00,2021-03-29 12:00:00,365,1
718,2021-03-29 12:00:00,Neural Network,12,-0.8756953635118586,-0.9780044229567411,2020-03-29 12:00:00,2021-03-29 12:00:00,2021-03-29 12:00:00,365,1
719,2021-03-29 12:00:00,Naive,12,-0.8756953635118586,-2.1129849477418237,2020-03-29 12:00:00,2021-03-29 12:00:00,2021-03-29 12:00:00,365,1
720,2021-03-30 12:00:00,Decision Tree,12,0.6378047408720228,0.6309416519976033,2020-03-30 12:00:00,2021-03-30 12:00:00,2021-03-30 12:00:00,365,1
721,2021-03-30 12:00:00,Random Forest,12,0.6378047408720228,0.6218507343419769,2020-03-30 12:00:00,2021-03-30 12:00:00,2021-03-30 12:00:00,365,1
722,2021-03-30 12:00:00,Neural Network,12,0.6378047408720228,0.21861558158712707,2020-03-30 12:00:00,2021-03-30 12:00:00,2021-03-30 12:00:00,365,1
723,2021-03-30 12:00:00,Naive,12,0.6378047408720228,-0.8756953635118586,2020-03-30 12:00:00,2021-03-30 12:00:00,2021-03-30 12:00:00,365,1
724,2021-03-31 12:00:00,Decision Tree,12,0.8738947549314574,0.8182985143268343,2020-03-31 12:00:00,2021-03-31 12:00:00,2021-03-31 12:00:00,365,1
725,2021-03-31 12:00:00,Random Forest,12,0.8738947549314574,0.8174902775759979,2020-03-31 12:00:00,2021-03-31 12:00:00,2021-03-31 12:00:00,365,1
726,2021-03-31 12:00:00,Neural Network,12,0.8738947549314574,0.7510794721241771,2020-03-31 12:00:00,2021-03-31 12:00:00,2021-03-31 12:00:00,365,1
727,2021-03-31 12:00:00,Naive,12,0.8738947549314574,0.6378047408720228,2020-03-31 12:00:00,2021-03-31 12:00:00,2021-03-31 12:00:00,365,1
728,2021-04-01 12:00:00,Decision Tree,12,0.5248040654692107,0.47974203374008206,2020-04-01 12:00:00,2021-04-01 12:00:00,2021-04-01 12:00:00,365,1
729,2021-04-01 12:00:00,Random Forest,12,0.5248040654692107,0.4834396100893429,2020-04-01 12:00:00,2021-04-01 12:00:00,2021-04-01 12:00:00,365,1
730,2021-04-01 12:00:00,Neural Network,12,0.5248040654692107,0.11980114055211918,2020-04-01 12:00:00,2021-04-01 12:00:00,2021-04-01 12:00:00,365,1
731,2021-04-01 12:00:00,Naive,12,0.5248040654692107,0.8738947549314574,2020-04-01 12:00:00,2021-04-01 12:00:00,2021-04-01 12:00:00,365,1
732,2021-04-02 12:00:00,Decision Tree,12,-0.5276358530603321,-0.5514851899998062,2020-04-02 12:00:00,2021-04-02 12:00:00,2021-04-02 12:00:00,365,1
733,2021-04-02 12:00:00,Random Forest,12,-0.5276358530603321,-0.5275235110146729,2020-04-02 12:00:00,2021-04-02 12:00:00,2021-04-02 12:00:00,365,1
734,2021-04-02 12:00:00,Neural Network,12,-0.5276358530603321,-0.2725849094204365,2020-04-02 12:00:00,2021-04-02 12:00:00,2021-04-02 12:00:00,365,1
735,2021-04-02 12:00:00,Naive,12,-0.5276358530603321,0.5248040654692107,2020-04-02 12:00:00,2021-04-02 12:00:00,2021-04-02 12:00:00,365,1
736,2021-04-03 12:00:00,Decision Tree,12,-0.1355172452813268,-0.14313932111467448,2020-04-03 12:00:00,2021-04-03 12:00:00,2021-04-03 12:00:00,365,1
737,2021-04-03 12:00:00,Random Forest,12,-0.1355172452813268,-0.1456234961366428,2020-04-03 12:00:00,2021-04-03 12:00:00,2021-04-03 12:00:00,365,1
738,2021-04-03 12:00:00,Neural Network,12,-0.1355172452813268,-0.1808701556722041,2020-04-03 12:00:00,2021-04-03 12:00:00,2021-04-03 12:00:00,365,1
739,2021-04-03 12:00:00,Naive,12,-0.1355172452813268,-0.5276358530603321,2020-04-03 12:00:00,2021-04-03 12:00:00,2021-04-03 12:00:00,365,1
740,2021-04-04 12:00:00,Decision Tree,12,-1.0808520277617228,-1.0422271716183027,2020-04-04 12:00:00,2021-04-04 12:00:00,2021-04-04 12:00:00,365,1
741,2021-04-04 12:00:00,Random Forest,12,-1.0808520277617228,-1.0515729166184566,2020-04-04 12:00:00,2021-04-04 12:00:00,2021-04-04 12:00:00,365,1
742,2021-04-04 12:00:00,Neural Network,12,-1.0808520277617228,-0.6452425557103484,2020-04-04 12:00:00,2021-04-04 12:00:00,2021-04-04 12:00:00,365,1
743,2021-04-04 12:00:00,Naive,12,-1.0808520277617228,-0.1355172452813268,2020-04-04 12:00:00,2021-04-04 12:00:00,2021-04-04 12:00:00,365,1
744,2021-04-05 12:00:00,Decision Tree,12,-2.247383458754135,-2.456333354787586,2020-04-05 12:00:00,2021-04-05 12:00:00,2021-04-05 12:00:00,365,1
745,2021-04-05 12:00:00,Random Forest,12,-2.247383458754135,-2.2868632437180376,2020-04-05 12:00:00,2021-04-05 12:00:00,2021-04-05 12:00:00,365,1
746,2021-04-05 12:00:00,Neural Network,12,-2.247383458754135,-2.1772628217986623,2020-04-05 12:00:00,2021-04-05 12:00:00,2021-04-05 12:00:00,365,1
747,2021-04-05 12:00:00,Naive,12,-2.247383458754135,-1.0808520277617228,2020-04-05 12:00:00,2021-04-05 12:00:00,2021-04-05 12:00:00,365,1
748,2021-04-06 12:00:00,Decision Tree,12,-0.9418542872126002,-0.9410760431481278,2020-04-06 12:00:00,2021-04-06 12:00:00,2021-04-06 12:00:00,365,1
749,2021-04-06 12:00:00,Random Forest,12,-0.9418542872126002,-0.9229784282002034,2020-04-06 12:00:00,2021-04-06 12:00:00,2021-04-06 12:00:00,365,1
750,2021-04-06 12:00:00,Neural Network,12,-0.9418542872126002,-1.1771010885457716,2020-04-06 12:00:00,2021-04-06 12:00:00,2021-04-06 12:00:00,365,1
751,2021-04-06 12:00:00,Naive,12,-0.9418542872126002,-2.247383458754135,2020-04-06 12:00:00,2021-04-06 12:00:00,2021-04-06 12:00:00,365,1
752,2021-04-07 12:00:00,Decision Tree,12,0.40172399107461154,0.4325644022379802,2020-04-07 12:00:00,2021-04-07 12:00:00,2021-04-07 12:00:00,365,1
753,2021-04-07 12:00:00,Random Forest,12,0.40172399107461154,0.4212650473602833,2020-04-07 12:00:00,2021-04-07 12:00:00,2021-04-07 12:00:00,365,1
754,2021-04-07 12:00:00,Neural Network,12,0.40172399107461154,-0.07974442562818078,2020-04-07 12:00:00,2021-04-07 12:00:00,2021-04-07 12:00:00,365,1
755,2021-04-07 12:00:00,Naive,12,0.40172399107461154,-0.9418542872126002,2020-04-07 12:00:00,2021-04-07 12:00:00,2021-04-07 12:00:00,365,1
756,2021-04-08 12:00:00,Decision Tree,12,1.229770208906603,1.2932688687479932,2020-04-08 12:00:00,2021-04-08 12:00:00,2021-04-08 12:00:00,365,1
757,2021-04-08 12:00:00,Random Forest,12,1.229770208906603,1.2789389054094076,2020-04-08 12:00:00,2021-04-08 12:00:00,2021-04-08 12:00:00,365,1
758,2021-04-08 12:00:00,Neural Network,12,1.229770208906603,0.9030861020044969,2020-04-08 12:00:00,2021-04-08 12:00:00,2021-04-08 12:00:00,365,1
759,2021-04-08 12:00:00,Naive,12,1.229770208906603,0.40172399107461154,2020-04-08 12:00:00,2021-04-08 12:00:00,2021-04-08 12:00:00,365,1
760,2021-04-09 12:00:00,Decision Tree,12,0.4379630509768433,0.358604954285166,2020-04-09 12:00:00,2021-04-09 12:00:00,2021-04-09 12:00:00,365,1
761,2021-04-09 12:00:00,Random Forest,12,0.4379630509768433,0.43374183081205425,2020-04-09 12:00:00,2021-04-09 12:00:00,2021-04-09 12:00:00,365,1
762,2021-04-09 12:00:00,Neural Network,12,0.4379630509768433,-0.12258113071284908,2020-04-09 12:00:00,2021-04-09 12:00:00,2021-04-09 12:00:00,365,1
763,2021-04-09 12:00:00,Naive,12,0.4379630509768433,1.229770208906603,2020-04-09 12:00:00,2021-04-09 12:00:00,2021-04-09 12:00:00,365,1
764,2021-04-10 12:00:00,Decision Tree,12,1.3003209983552786,1.2853315362678195,2020-04-10 12:00:00,2021-04-10 12:00:00,2021-04-10 12:00:00,365,1
765,2021-04-10 12:00:00,Random Forest,12,1.3003209983552786,1.3108670272372394,2020-04-10 12:00:00,2021-04-10 12:00:00,2021-04-10 12:00:00,365,1
766,2021-04-10 12:00:00,Neural Network,12,1.3003209983552786,0.8744184148221117,2020-04-10 12:00:00,2021-04-10 12:00:00,2021-04-10 12:00:00,365,1
767,2021-04-10 12:00:00,Naive,12,1.3003209983552786,0.4379630509768433,2020-04-10 12:00:00,2021-04-10 12:00:00,2021-04-10 12:00:00,365,1
768,2021-04-11 12:00:00,Decision Tree,12,0.6765029992500406,0.6756739083509599,2020-04-11 12:00:00,2021-04-11 12:00:00,2021-04-11 12:00:00,365,1
769,2021-04-11 12:00:00,Random Forest,12,0.6765029992500406,0.6660138798781506,2020-04-11 12:00:00,2021-04-11 12:00:00,2021-04-11 12:00:00,365,1
770,2021-04-11 12:00:00,Neural Network,12,0.6765029992500406,0.45219162750857844,2020-04-11 12:00:00,2021-04-11 12:00:00,2021-04-11 12:00:00,365,1
771,2021-04-11 12:00:00,Naive,12,0.6765029992500406,1.3003209983552786,2020-04-11 12:00:00,2021-04-11 12:00:00,2021-04-11 12:00:00,365,1
772,2021-04-12 12:00:00,Decision Tree,12,1.3635316266179704,1.4351302424656587,2020-04-12 12:00:00,2021-04-12 12:00:00,2021-04-12 12:00:00,365,1
773,2021-04-12 12:00:00,Random Forest,12,1.3635316266179704,1.408403714932856,2020-04-12 12:00:00,2021-04-12 12:00:00,2021-04-12 12:00:00,365,1
774,2021-04-12 12:00:00,Neural Network,12,1.3635316266179704,1.295086873271097,2020-04-12 12:00:00,2021-04-12 12:00:00,2021-04-12 12:00:00,365,1
775,2021-04-12 12:00:00,Naive,12,1.3635316266179704,0.6765029992500406,2020-04-12 12:00:00,2021-04-12 12:00:00,2021-04-12 12:00:00,365,1
776,2021-04-13 12:00:00,Decision Tree,12,0.6734588018762168,0.6757923499079713,2020-04-13 12:00:00,2021-04-13 12:00:00,2021-04-13 12:00:00,365,1
777,2021-04-13 12:00:00,Random Forest,12,0.6734588018762168,0.6709762792844918,2020-04-13 12:00:00,2021-04-13 12:00:00,2021-04-13 12:00:00,365,1
778,2021-04-13 12:00:00,Neural Network,12,0.6734588018762168,0.5982307909556819,2020-04-13 12:00:00,2021-04-13 12:00:00,2021-04-13 12:00:00,365,1
779,2021-04-13 12:00:00,Naive,12,0.6734588018762168,1.3635316266179704,2020-04-13 12:00:00,2021-04-13 12:00:00,2021-04-13 12:00:00,365,1
780,2021-04-14 12:00:00,Decision Tree,12,1.2718994361484814,1.286997032055315,2020-04-14 12:00:00,2021-04-14 12:00:00,2021-04-14 12:00:00,365,1
781,2021-04-14 12:00:00,Random Forest,12,1.2718994361484814,1.2950739191910883,2020-04-14 12:00:00,2021-04-14 12:00:00,2021-04-14 12:00:00,365,1
782,2021-04-14 12:00:00,Neural Network,12,1.2718994361484814,1.194075692396904,2020-04-14 12:00:00,2021-04-14 12:00:00,2021-04-14 12:00:00,365,1
783,2021-04-14 12:00:00,Naive,12,1.2718994361484814,0.6734588018762168,2020-04-14 12:00:00,2021-04-14 12:00:00,2021-04-14 12:00:00,365,1
784,2021-04-15 12:00:00,Decision Tree,12,1.1572340003179642,1.2304800718140796,2020-04-15 12:00:00,2021-04-15 12:00:00,2021-04-15 12:00:00,365,1
785,2021-04-15 12:00:00,Random Forest,12,1.1572340003179642,1.230613179005658,2020-04-15 12:00:00,2021-04-15 12:00:00,2021-04-15 12:00:00,365,1
786,2021-04-15 12:00:00,Neural Network,12,1.1572340003179642,1.2293467336380939,2020-04-15 12:00:00,2021-04-15 12:00:00,2021-04-15 12:00:00,365,1
787,2021-04-15 12:00:00,Naive,12,1.1572340003179642,1.2718994361484814,2020-04-15 12:00:00,2021-04-15 12:00:00,2021-04-15 12:00:00,365,1
788,2021-04-16 12:00:00,Decision Tree,12,1.2408601622433573,1.2670125390215237,2020-04-16 12:00:00,2021-04-16 12:00:00,2021-04-16 12:00:00,365,1
789,2021-04-16 12:00:00,Random Forest,12,1.2408601622433573,1.2877194732341615,2020-04-16 12:00:00,2021-04-16 12:00:00,2021-04-16 12:00:00,365,1
790,2021-04-16 12:00:00,Neural Network,12,1.2408601622433573,1.1885220756313493,2020-04-16 12:00:00,2021-04-16 12:00:00,2021-04-16 12:00:00,365,1
791,2021-04-16 12:00:00,Naive,12,1.2408601622433573,1.1572340003179642,2020-04-16 12:00:00,2021-04-16 12:00:00,2021-04-16 12:00:00,365,1
792,2021-04-17 12:00:00,Decision Tree,12,1.1221681345245351,1.2019757966822107,2020-04-17 12:00:00,2021-04-17 12:00:00,2021-04-17 12:00:00,365,1
793,2021-04-17 12:00:00,Random Forest,12,1.1221681345245351,1.186636325411206,2020-04-17 12:00:00,2021-04-17 12:00:00,2021-04-17 12:00:00,365,1
794,2021-04-17 12:00:00,Neural Network,12,1.1221681345245351,0.9606799348871613,2020-04-17 12:00:00,2021-04-17 12:00:00,2021-04-17 12:00:00,365,1
795,2021-04-17 12:00:00,Naive,12,1.1221681345245351,1.2408601622433573,2020-04-17 12:00:00,2021-04-17 12:00:00,2021-04-17 12:00:00,365,1
796,2021-04-18 12:00:00,Decision Tree,12,1.2006917565122832,1.257237427654046,2020-04-18 12:00:00,2021-04-18 12:00:00,2021-04-18 12:00:00,365,1
797,2021-04-18 12:00:00,Random Forest,12,1.2006917565122832,1.2555067203771457,2020-04-18 12:00:00,2021-04-18 12:00:00,2021-04-18 12:00:00,365,1
798,2021-04-18 12:00:00,Neural Network,12,1.2006917565122832,1.053792468242008,2020-04-18 12:00:00,2021-04-18 12:00:00,2021-04-18 12:00:00,365,1
799,2021-04-18 12:00:00,Naive,12,1.2006917565122832,1.1221681345245351,2020-04-18 12:00:00,2021-04-18 12:00:00,2021-04-18 12:00:00,365,1
800,2021-04-19 12:00:00,Decision Tree,12,1.5399069836866377,1.5865976281740128,2020-04-19 12:00:00,2021-04-19 12:00:00,2021-04-19 12:00:00,365,1
801,2021-04-19 12:00:00,Random Forest,12,1.5399069836866377,1.613688610106556,2020-04-19 12:00:00,2021-04-19 12:00:00,2021-04-19 12:00:00,365,1
802,2021-04-19 12:00:00,Neural Network,12,1.5399069836866377,1.4013480880943412,2020-04-19 12:00:00,2021-04-19 12:00:00,2021-04-19 12:00:00,365,1
803,2021-04-19 12:00:00,Naive,12,1.5399069836866377,1.2006917565122832,2020-04-19 12:00:00,2021-04-19 12:00:00,2021-04-19 12:00:00,365,1
804,2021-04-20 12:00:00,Decision Tree,12,1.3402080834168193,1.3805268634602417,2020-04-20 12:00:00,2021-04-20 12:00:00,2021-04-20 12:00:00,365,1
805,2021-04-20 12:00:00,Random Forest,12,1.3402080834168193,1.3806218804989834,2020-04-20 12:00:00,2021-04-20 12:00:00,2021-04-20 12:00:00,365,1
806,2021-04-20 12:00:00,Neural Network,12,1.3402080834168193,1.377175698080725,2020-04-20 12:00:00,2021-04-20 12:00:00,2021-04-20 12:00:00,365,1
807,2021-04-20 12:00:00,Naive,12,1.3402080834168193,1.5399069836866377,2020-04-20 12:00:00,2021-04-20 12:00:00,2021-04-20 12:00:00,365,1
808,2021-04-21 12:00:00,Decision Tree,12,0.8633446247268555,0.8065055834511832,2020-04-21 12:00:00,2021-04-21 12:00:00,2021-04-21 12:00:00,365,1
809,2021-04-21 12:00:00,Random Forest,12,0.8633446247268555,0.8241699390355147,2020-04-21 12:00:00,2021-04-21 12:00:00,2021-04-21 12:00:00,365,1
810,2021-04-21 12:00:00,Neural Network,12,0.8633446247268555,0.7180931537171866,2020-04-21 12:00:00,2021-04-21 12:00:00,2021-04-21 12:00:00,365,1
811,2021-04-21 12:00:00,Naive,12,0.8633446247268555,1.3402080834168193,2020-04-21 12:00:00,2021-04-21 12:00:00,2021-04-21 12:00:00,365,1
812,2021-04-22 12:00:00,Decision Tree,12,-1.085909874042014,-1.0523754446984241,2020-04-22 12:00:00,2021-04-22 12:00:00,2021-04-22 12:00:00,365,1
813,2021-04-22 12:00:00,Random Forest,12,-1.085909874042014,-1.0746874785845186,2020-04-22 12:00:00,2021-04-22 12:00:00,2021-04-22 12:00:00,365,1
814,2021-04-22 12:00:00,Neural Network,12,-1.085909874042014,-1.110382983637032,2020-04-22 12:00:00,2021-04-22 12:00:00,2021-04-22 12:00:00,365,1
815,2021-04-22 12:00:00,Naive,12,-1.085909874042014,0.8633446247268555,2020-04-22 12:00:00,2021-04-22 12:00:00,2021-04-22 12:00:00,365,1
816,2021-04-23 12:00:00,Decision Tree,12,0.7148586464839992,0.675500656404002,2020-04-23 12:00:00,2021-04-23 12:00:00,2021-04-23 12:00:00,365,1
817,2021-04-23 12:00:00,Random Forest,12,0.7148586464839992,0.6946665831913071,2020-04-23 12:00:00,2021-04-23 12:00:00,2021-04-23 12:00:00,365,1
818,2021-04-23 12:00:00,Neural Network,12,0.7148586464839992,0.3612308418690019,2020-04-23 12:00:00,2021-04-23 12:00:00,2021-04-23 12:00:00,365,1
819,2021-04-23 12:00:00,Naive,12,0.7148586464839992,-1.085909874042014,2020-04-23 12:00:00,2021-04-23 12:00:00,2021-04-23 12:00:00,365,1
820,2021-04-24 12:00:00,Decision Tree,12,0.5445649332336505,0.6319220932653774,2020-04-24 12:00:00,2021-04-24 12:00:00,2021-04-24 12:00:00,365,1
821,2021-04-24 12:00:00,Random Forest,12,0.5445649332336505,0.5675555686867372,2020-04-24 12:00:00,2021-04-24 12:00:00,2021-04-24 12:00:00,365,1
822,2021-04-24 12:00:00,Neural Network,12,0.5445649332336505,0.2595706236848543,2020-04-24 12:00:00,2021-04-24 12:00:00,2021-04-24 12:00:00,365,1
823,2021-04-24 12:00:00,Naive,12,0.5445649332336505,0.7148586464839992,2020-04-24 12:00:00,2021-04-24 12:00:00,2021-04-24 12:00:00,365,1
824,2021-04-25 12:00:00,Decision Tree,12,-1.180979068676063,-1.1802135845802049,2020-04-25 12:00:00,2021-04-25 12:00:00,2021-04-25 12:00:00,365,1
825,2021-04-25 12:00:00,Random Forest,12,-1.180979068676063,-1.174458681549525,2020-04-25 12:00:00,2021-04-25 12:00:00,2021-04-25 12:00:00,365,1
826,2021-04-25 12:00:00,Neural Network,12,-1.180979068676063,-0.926727709767814,2020-04-25 12:00:00,2021-04-25 12:00:00,2021-04-25 12:00:00,365,1
827,2021-04-25 12:00:00,Naive,12,-1.180979068676063,0.5445649332336505,2020-04-25 12:00:00,2021-04-25 12:00:00,2021-04-25 12:00:00,365,1
828,2021-04-26 12:00:00,Decision Tree,12,0.8919087995932253,0.9670720899246777,2020-04-26 12:00:00,2021-04-26 12:00:00,2021-04-26 12:00:00,365,1
829,2021-04-26 12:00:00,Random Forest,12,0.8919087995932253,0.9501072864090272,2020-04-26 12:00:00,2021-04-26 12:00:00,2021-04-26 12:00:00,365,1
830,2021-04-26 12:00:00,Neural Network,12,0.8919087995932253,0.8777141286606147,2020-04-26 12:00:00,2021-04-26 12:00:00,2021-04-26 12:00:00,365,1
831,2021-04-26 12:00:00,Naive,12,0.8919087995932253,-1.180979068676063,2020-04-26 12:00:00,2021-04-26 12:00:00,2021-04-26 12:00:00,365,1
832,2021-04-27 12:00:00,Decision Tree,12,0.7996780724023174,0.8130994957686494,2020-04-27 12:00:00,2021-04-27 12:00:00,2021-04-27 12:00:00,365,1
833,2021-04-27 12:00:00,Random Forest,12,0.7996780724023174,0.8350548709959138,2020-04-27 12:00:00,2021-04-27 12:00:00,2021-04-27 12:00:00,365,1
834,2021-04-27 12:00:00,Neural Network,12,0.7996780724023174,0.6943789618286087,2020-04-27 12:00:00,2021-04-27 12:00:00,2021-04-27 12:00:00,365,1
835,2021-04-27 12:00:00,Naive,12,0.7996780724023174,0.8919087995932253,2020-04-27 12:00:00,2021-04-27 12:00:00,2021-04-27 12:00:00,365,1
836,2021-04-28 12:00:00,Decision Tree,12,0.8558073607539013,0.845620123791509,2020-04-28 12:00:00,2021-04-28 12:00:00,2021-04-28 12:00:00,365,1
837,2021-04-28 12:00:00,Random Forest,12,0.8558073607539013,0.8476638593651795,2020-04-28 12:00:00,2021-04-28 12:00:00,2021-04-28 12:00:00,365,1
838,2021-04-28 12:00:00,Neural Network,12,0.8558073607539013,0.8879751562803214,2020-04-28 12:00:00,2021-04-28 12:00:00,2021-04-28 12:00:00,365,1
839,2021-04-28 12:00:00,Naive,12,0.8558073607539013,0.7996780724023174,2020-04-28 12:00:00,2021-04-28 12:00:00,2021-04-28 12:00:00,365,1
840,2021-04-29 12:00:00,Decision Tree,12,1.114698583958885,1.1821665452556718,2020-04-29 12:00:00,2021-04-29 12:00:00,2021-04-29 12:00:00,365,1
841,2021-04-29 12:00:00,Random Forest,12,1.114698583958885,1.1870868376047197,2020-04-29 12:00:00,2021-04-29 12:00:00,2021-04-29 12:00:00,365,1
842,2021-04-29 12:00:00,Neural Network,12,1.114698583958885,0.9907815991629927,2020-04-29 12:00:00,2021-04-29 12:00:00,2021-04-29 12:00:00,365,1
843,2021-04-29 12:00:00,Naive,12,1.114698583958885,0.8558073607539013,2020-04-29 12:00:00,2021-04-29 12:00:00,2021-04-29 12:00:00,365,1
844,2021-04-30 12:00:00,Decision Tree,12,1.5279972143873146,1.5788158540927837,2020-04-30 12:00:00,2021-04-30 12:00:00,2021-04-30 12:00:00,365,1
845,2021-04-30 12:00:00,Random Forest,12,1.5279972143873146,1.589939531678976,2020-04-30 12:00:00,2021-04-30 12:00:00,2021-04-30 12:00:00,365,1
846,2021-04-30 12:00:00,Neural Network,12,1.5279972143873146,1.5600612555243047,2020-04-30 12:00:00,2021-04-30 12:00:00,2021-04-30 12:00:00,365,1
847,2021-04-30 12:00:00,Naive,12,1.5279972143873146,1.114698583958885,2020-04-30 12:00:00,2021-04-30 12:00:00,2021-04-30 12:00:00,365,1
848,2021-05-01 12:00:00,Decision Tree,12,1.0202469303980186,0.9642560218880918,2020-05-01 12:00:00,2021-05-01 12:00:00,2021-05-01 12:00:00,365,1
849,2021-05-01 12:00:00,Random Forest,12,1.0202469303980186,1.057730429754803,2020-05-01 12:00:00,2021-05-01 12:00:00,2021-05-01 12:00:00,365,1
850,2021-05-01 12:00:00,Neural Network,12,1.0202469303980186,0.35056953785336925,2020-05-01 12:00:00,2021-05-01 12:00:00,2021-05-01 12:00:00,365,1
851,2021-05-01 12:00:00,Naive,12,1.0202469303980186,1.5279972143873146,2020-05-01 12:00:00,2021-05-01 12:00:00,2021-05-01 12:00:00,365,1
852,2021-05-02 12:00:00,Decision Tree,12,0.5292859412635469,0.5604910520313301,2020-05-02 12:00:00,2021-05-02 12:00:00,2021-05-02 12:00:00,365,1
853,2021-05-02 12:00:00,Random Forest,12,0.5292859412635469,0.5490851723985796,2020-05-02 12:00:00,2021-05-02 12:00:00,2021-05-02 12:00:00,365,1
854,2021-05-02 12:00:00,Neural Network,12,0.5292859412635469,0.18458927184193968,2020-05-02 12:00:00,2021-05-02 12:00:00,2021-05-02 12:00:00,365,1
855,2021-05-02 12:00:00,Naive,12,0.5292859412635469,1.0202469303980186,2020-05-02 12:00:00,2021-05-02 12:00:00,2021-05-02 12:00:00,365,1
856,2021-05-03 12:00:00,Decision Tree,12,1.0094423684946972,0.9735878399730796,2020-05-03 12:00:00,2021-05-03 12:00:00,2021-05-03 12:00:00,365,1
857,2021-05-03 12:00:00,Random Forest,12,1.0094423684946972,1.02460034573072,2020-05-03 12:00:00,2021-05-03 12:00:00,2021-05-03 12:00:00,365,1
858,2021-05-03 12:00:00,Neural Network,12,1.0094423684946972,0.8299798047800153,2020-05-03 12:00:00,2021-05-03 12:00:00,2021-05-03 12:00:00,365,1
859,2021-05-03 12:00:00,Naive,12,1.0094423684946972,0.5292859412635469,2020-05-03 12:00:00,2021-05-03 12:00:00,2021-05-03 12:00:00,365,1
860,2021-05-04 12:00:00,Decision Tree,12,-0.6406071618054604,-0.6817834221228547,2020-05-04 12:00:00,2021-05-04 12:00:00,2021-05-04 12:00:00,365,1
861,2021-05-04 12:00:00,Random Forest,12,-0.6406071618054604,-0.638249303871015,2020-05-04 12:00:00,2021-05-04 12:00:00,2021-05-04 12:00:00,365,1
862,2021-05-04 12:00:00,Neural Network,12,-0.6406071618054604,-0.6942871003353799,2020-05-04 12:00:00,2021-05-04 12:00:00,2021-05-04 12:00:00,365,1
863,2021-05-04 12:00:00,Naive,12,-0.6406071618054604,1.0094423684946972,2020-05-04 12:00:00,2021-05-04 12:00:00,2021-05-04 12:00:00,365,1
864,2021-05-05 12:00:00,Decision Tree,12,-1.652867375277143,-1.7239931147286942,2020-05-05 12:00:00,2021-05-05 12:00:00,2021-05-05 12:00:00,365,1
865,2021-05-05 12:00:00,Random Forest,12,-1.652867375277143,-1.7056494276104703,2020-05-05 12:00:00,2021-05-05 12:00:00,2021-05-05 12:00:00,365,1
866,2021-05-05 12:00:00,Neural Network,12,-1.652867375277143,-1.7485222990191511,2020-05-05 12:00:00,2021-05-05 12:00:00,2021-05-05 12:00:00,365,1
867,2021-05-05 12:00:00,Naive,12,-1.652867375277143,-0.6406071618054604,2020-05-05 12:00:00,2021-05-05 12:00:00,2021-05-05 12:00:00,365,1
868,2021-05-06 12:00:00,Decision Tree,12,1.3399299684754957,1.435130242465659,2020-05-06 12:00:00,2021-05-06 12:00:00,2021-05-06 12:00:00,365,1
869,2021-05-06 12:00:00,Random Forest,12,1.3399299684754957,1.4033615418538317,2020-05-06 12:00:00,2021-05-06 12:00:00,2021-05-06 12:00:00,365,1
870,2021-05-06 12:00:00,Neural Network,12,1.3399299684754957,1.2435620151124769,2020-05-06 12:00:00,2021-05-06 12:00:00,2021-05-06 12:00:00,365,1
871,2021-05-06 12:00:00,Naive,12,1.3399299684754957,-1.652867375277143,2020-05-06 12:00:00,2021-05-06 12:00:00,2021-05-06 12:00:00,365,1
872,2021-05-07 12:00:00,Decision Tree,12,1.5651717419524778,1.7065004209464902,2020-05-07 12:00:00,2021-05-07 12:00:00,2021-05-07 12:00:00,365,1
873,2021-05-07 12:00:00,Random Forest,12,1.5651717419524778,1.7108211401531923,2020-05-07 12:00:00,2021-05-07 12:00:00,2021-05-07 12:00:00,365,1
874,2021-05-07 12:00:00,Neural Network,12,1.5651717419524778,1.4699354000627447,2020-05-07 12:00:00,2021-05-07 12:00:00,2021-05-07 12:00:00,365,1
875,2021-05-07 12:00:00,Naive,12,1.5651717419524778,1.3399299684754957,2020-05-07 12:00:00,2021-05-07 12:00:00,2021-05-07 12:00:00,365,1
876,2021-05-08 12:00:00,Decision Tree,12,0.06643071103677932,0.07876287412977831,2020-05-08 12:00:00,2021-05-08 12:00:00,2021-05-08 12:00:00,365,1
877,2021-05-08 12:00:00,Random Forest,12,0.06643071103677932,0.06988770503133901,2020-05-08 12:00:00,2021-05-08 12:00:00,2021-05-08 12:00:00,365,1
878,2021-05-08 12:00:00,Neural Network,12,0.06643071103677932,-0.031167412746684414,2020-05-08 12:00:00,2021-05-08 12:00:00,2021-05-08 12:00:00,365,1
879,2021-05-08 12:00:00,Naive,12,0.06643071103677932,1.5651717419524778,2020-05-08 12:00:00,2021-05-08 12:00:00,2021-05-08 12:00:00,365,1
880,2021-05-09 12:00:00,Decision Tree,12,-2.3610286558436058,-2.377055159445557,2020-05-09 12:00:00,2021-05-09 12:00:00,2021-05-09 12:00:00,365,1
881,2021-05-09 12:00:00,Random Forest,12,-2.3610286558436058,-2.3554814648716285,2020-05-09 12:00:00,2021-05-09 12:00:00,2021-05-09 12:00:00,365,1
882,2021-05-09 12:00:00,Neural Network,12,-2.3610286558436058,-2.5049004039416434,2020-05-09 12:00:00,2021-05-09 12:00:00,2021-05-09 12:00:00,365,1
883,2021-05-09 12:00:00,Naive,12,-2.3610286558436058,0.06643071103677932,2020-05-09 12:00:00,2021-05-09 12:00:00,2021-05-09 12:00:00,365,1
884,2021-05-10 12:00:00,Decision Tree,12,0.4102136276865784,0.4923156882770671,2020-05-10 12:00:00,2021-05-10 12:00:00,2021-05-10 12:00:00,365,1
885,2021-05-10 12:00:00,Random Forest,12,0.4102136276865784,0.47771521874176054,2020-05-10 12:00:00,2021-05-10 12:00:00,2021-05-10 12:00:00,365,1
886,2021-05-10 12:00:00,Neural Network,12,0.4102136276865784,0.30482119676336866,2020-05-10 12:00:00,2021-05-10 12:00:00,2021-05-10 12:00:00,365,1
887,2021-05-10 12:00:00,Naive,12,0.4102136276865784,-2.3610286558436058,2020-05-10 12:00:00,2021-05-10 12:00:00,2021-05-10 12:00:00,365,1
888,2021-05-11 12:00:00,Decision Tree,12,1.6946413742916637,1.9556341071827212,2020-05-11 12:00:00,2021-05-11 12:00:00,2021-05-11 12:00:00,365,1
889,2021-05-11 12:00:00,Random Forest,12,1.6946413742916637,1.8396192280364365,2020-05-11 12:00:00,2021-05-11 12:00:00,2021-05-11 12:00:00,365,1
890,2021-05-11 12:00:00,Neural Network,12,1.6946413742916637,1.8050425760913045,2020-05-11 12:00:00,2021-05-11 12:00:00,2021-05-11 12:00:00,365,1
891,2021-05-11 12:00:00,Naive,12,1.6946413742916637,0.4102136276865784,2020-05-11 12:00:00,2021-05-11 12:00:00,2021-05-11 12:00:00,365,1
892,2021-05-12 12:00:00,Decision Tree,12,1.5528162247869761,1.5707580101120617,2020-05-12 12:00:00,2021-05-12 12:00:00,2021-05-12 12:00:00,365,1
893,2021-05-12 12:00:00,Random Forest,12,1.5528162247869761,1.614640187506622,2020-05-12 12:00:00,2021-05-12 12:00:00,2021-05-12 12:00:00,365,1
894,2021-05-12 12:00:00,Neural Network,12,1.5528162247869761,1.6302444848038657,2020-05-12 12:00:00,2021-05-12 12:00:00,2021-05-12 12:00:00,365,1
895,2021-05-12 12:00:00,Naive,12,1.5528162247869761,1.6946413742916637,2020-05-12 12:00:00,2021-05-12 12:00:00,2021-05-12 12:00:00,365,1
896,2021-05-13 12:00:00,Decision Tree,12,1.2262803370280044,1.3015909581032403,2020-05-13 12:00:00,2021-05-13 12:00:00,2021-05-13 12:00:00,365,1
897,2021-05-13 12:00:00,Random Forest,12,1.2262803370280044,1.2915109905002382,2020-05-13 12:00:00,2021-05-13 12:00:00,2021-05-13 12:00:00,365,1
898,2021-05-13 12:00:00,Neural Network,12,1.2262803370280044,0.9814510576157619,2020-05-13 12:00:00,2021-05-13 12:00:00,2021-05-13 12:00:00,365,1
899,2021-05-13 12:00:00,Naive,12,1.2262803370280044,1.5528162247869761,2020-05-13 12:00:00,2021-05-13 12:00:00,2021-05-13 12:00:00,365,1
900,2021-05-14 12:00:00,Decision Tree,12,1.5016422499208644,1.5687644784092742,2020-05-14 12:00:00,2021-05-14 12:00:00,2021-05-14 12:00:00,365,1
901,2021-05-14 12:00:00,Random Forest,12,1.5016422499208644,1.5515032595973248,2020-05-14 12:00:00,2021-05-14 12:00:00,2021-05-14 12:00:00,365,1
902,2021-05-14 12:00:00,Neural Network,12,1.5016422499208644,1.1475201263877233,2020-05-14 12:00:00,2021-05-14 12:00:00,2021-05-14 12:00:00,365,1
903,2021-05-14 12:00:00,Naive,12,1.5016422499208644,1.2262803370280044,2020-05-14 12:00:00,2021-05-14 12:00:00,2021-05-14 12:00:00,365,1
904,2021-05-15 12:00:00,Decision Tree,12,0.940172558442764,0.9787099154761678,2020-05-15 12:00:00,2021-05-15 12:00:00,2021-05-15 12:00:00,365,1
905,2021-05-15 12:00:00,Random Forest,12,0.940172558442764,1.0125705493229646,2020-05-15 12:00:00,2021-05-15 12:00:00,2021-05-15 12:00:00,365,1
906,2021-05-15 12:00:00,Neural Network,12,0.940172558442764,0.8474473572182838,2020-05-15 12:00:00,2021-05-15 12:00:00,2021-05-15 12:00:00,365,1
907,2021-05-15 12:00:00,Naive,12,0.940172558442764,1.5016422499208644,2020-05-15 12:00:00,2021-05-15 12:00:00,2021-05-15 12:00:00,365,1
908,2021-05-16 12:00:00,Decision Tree,12,-0.4711727638630302,-0.5134260474966537,2020-05-16 12:00:00,2021-05-16 12:00:00,2021-05-16 12:00:00,365,1
909,2021-05-16 12:00:00,Random Forest,12,-0.4711727638630302,-0.4823025121329115,2020-05-16 12:00:00,2021-05-16 12:00:00,2021-05-16 12:00:00,365,1
910,2021-05-16 12:00:00,Neural Network,12,-0.4711727638630302,-0.17318671729365043,2020-05-16 12:00:00,2021-05-16 12:00:00,2021-05-16 12:00:00,365,1
911,2021-05-16 12:00:00,Naive,12,-0.4711727638630302,0.940172558442764,2020-05-16 12:00:00,2021-05-16 12:00:00,2021-05-16 12:00:00,365,1
912,2021-05-17 12:00:00,Decision Tree,12,1.7719069587779497,1.9556341071827217,2020-05-17 12:00:00,2021-05-17 12:00:00,2021-05-17 12:00:00,365,1
913,2021-05-17 12:00:00,Random Forest,12,1.7719069587779497,1.934751751263552,2020-05-17 12:00:00,2021-05-17 12:00:00,2021-05-17 12:00:00,365,1
914,2021-05-17 12:00:00,Neural Network,12,1.7719069587779497,1.9062143073166589,2020-05-17 12:00:00,2021-05-17 12:00:00,2021-05-17 12:00:00,365,1
915,2021-05-17 12:00:00,Naive,12,1.7719069587779497,-0.4711727638630302,2020-05-17 12:00:00,2021-05-17 12:00:00,2021-05-17 12:00:00,365,1
916,2021-05-18 12:00:00,Decision Tree,12,1.651805156082905,1.734957556105437,2020-05-18 12:00:00,2021-05-18 12:00:00,2021-05-18 12:00:00,365,1
917,2021-05-18 12:00:00,Random Forest,12,1.651805156082905,1.7218655330937793,2020-05-18 12:00:00,2021-05-18 12:00:00,2021-05-18 12:00:00,365,1
918,2021-05-18 12:00:00,Neural Network,12,1.651805156082905,1.7922112351722306,2020-05-18 12:00:00,2021-05-18 12:00:00,2021-05-18 12:00:00,365,1
919,2021-05-18 12:00:00,Naive,12,1.651805156082905,1.7719069587779497,2020-05-18 12:00:00,2021-05-18 12:00:00,2021-05-18 12:00:00,365,1
920,2021-05-19 12:00:00,Decision Tree,12,1.7589815100808934,1.725718400547378,2020-05-19 12:00:00,2021-05-19 12:00:00,2021-05-19 12:00:00,365,1
921,2021-05-19 12:00:00,Random Forest,12,1.7589815100808934,1.8401999449682354,2020-05-19 12:00:00,2021-05-19 12:00:00,2021-05-19 12:00:00,365,1
922,2021-05-19 12:00:00,Neural Network,12,1.7589815100808934,1.8494207036289112,2020-05-19 12:00:00,2021-05-19 12:00:00,2021-05-19 12:00:00,365,1
923,2021-05-19 12:00:00,Naive,12,1.7589815100808934,1.651805156082905,2020-05-19 12:00:00,2021-05-19 12:00:00,2021-05-19 12:00:00,365,1
924,2021-05-20 12:00:00,Decision Tree,12,1.2320532014003664,1.2908322979496352,2020-05-20 12:00:00,2021-05-20 12:00:00,2021-05-20 12:00:00,365,1
925,2021-05-20 12:00:00,Random Forest,12,1.2320532014003664,1.2854145306438693,2020-05-20 12:00:00,2021-05-20 12:00:00,2021-05-20 12:00:00,365,1
926,2021-05-20 12:00:00,Neural Network,12,1.2320532014003664,1.3051093576597583,2020-05-20 12:00:00,2021-05-20 12:00:00,2021-05-20 12:00:00,365,1
927,2021-05-20 12:00:00,Naive,12,1.2320532014003664,1.7589815100808934,2020-05-20 12:00:00,2021-05-20 12:00:00,2021-05-20 12:00:00,365,1
928,2021-05-21 12:00:00,Decision Tree,12,-1.1941353292726344,-1.2135372811482896,2020-05-21 12:00:00,2021-05-21 12:00:00,2021-05-21 12:00:00,365,1
929,2021-05-21 12:00:00,Random Forest,12,-1.1941353292726344,-1.2215724749721555,2020-05-21 12:00:00,2021-05-21 12:00:00,2021-05-21 12:00:00,365,1
930,2021-05-21 12:00:00,Neural Network,12,-1.1941353292726344,-1.2293216047035351,2020-05-21 12:00:00,2021-05-21 12:00:00,2021-05-21 12:00:00,365,1
931,2021-05-21 12:00:00,Naive,12,-1.1941353292726344,1.2320532014003664,2020-05-21 12:00:00,2021-05-21 12:00:00,2021-05-21 12:00:00,365,1
932,2021-05-22 12:00:00,Decision Tree,12,-2.4669789257190344,-2.5229811595164398,2020-05-22 12:00:00,2021-05-22 12:00:00,2021-05-22 12:00:00,365,1
933,2021-05-22 12:00:00,Random Forest,12,-2.4669789257190344,-2.5052083537197634,2020-05-22 12:00:00,2021-05-22 12:00:00,2021-05-22 12:00:00,365,1
934,2021-05-22 12:00:00,Neural Network,12,-2.4669789257190344,-2.4572647550159603,2020-05-22 12:00:00,2021-05-22 12:00:00,2021-05-22 12:00:00,365,1
935,2021-05-22 12:00:00,Naive,12,-2.4669789257190344,-1.1941353292726344,2020-05-22 12:00:00,2021-05-22 12:00:00,2021-05-22 12:00:00,365,1
936,2021-05-23 12:00:00,Decision Tree,12,-1.6191675158743601,-1.6351885123113223,2020-05-23 12:00:00,2021-05-23 12:00:00,2021-05-23 12:00:00,365,1
937,2021-05-23 12:00:00,Random Forest,12,-1.6191675158743601,-1.6574610256139173,2020-05-23 12:00:00,2021-05-23 12:00:00,2021-05-23 12:00:00,365,1
938,2021-05-23 12:00:00,Neural Network,12,-1.6191675158743601,-1.3907841041609537,2020-05-23 12:00:00,2021-05-23 12:00:00,2021-05-23 12:00:00,365,1
939,2021-05-23 12:00:00,Naive,12,-1.6191675158743601,-2.4669789257190344,2020-05-23 12:00:00,2021-05-23 12:00:00,2021-05-23 12:00:00,365,1
940,2021-05-24 12:00:00,Decision Tree,12,-1.6188627319394098,-1.7243255299029339,2020-05-24 12:00:00,2021-05-24 12:00:00,2021-05-24 12:00:00,365,1
941,2021-05-24 12:00:00,Random Forest,12,-1.6188627319394098,-1.6507693536966122,2020-05-24 12:00:00,2021-05-24 12:00:00,2021-05-24 12:00:00,365,1
942,2021-05-24 12:00:00,Neural Network,12,-1.6188627319394098,-1.763551030042692,2020-05-24 12:00:00,2021-05-24 12:00:00,2021-05-24 12:00:00,365,1
943,2021-05-24 12:00:00,Naive,12,-1.6188627319394098,-1.6191675158743601,2020-05-24 12:00:00,2021-05-24 12:00:00,2021-05-24 12:00:00,365,1
944,2021-05-25 12:00:00,Decision Tree,12,1.0768689375071219,1.2315869163707736,2020-05-25 12:00:00,2021-05-25 12:00:00,2021-05-25 12:00:00,365,1
945,2021-05-25 12:00:00,Random Forest,12,1.0768689375071219,1.2283108238547333,2020-05-25 12:00:00,2021-05-25 12:00:00,2021-05-25 12:00:00,365,1
946,2021-05-25 12:00:00,Neural Network,12,1.0768689375071219,1.0346890912376534,2020-05-25 12:00:00,2021-05-25 12:00:00,2021-05-25 12:00:00,365,1
947,2021-05-25 12:00:00,Naive,12,1.0768689375071219,-1.6188627319394098,2020-05-25 12:00:00,2021-05-25 12:00:00,2021-05-25 12:00:00,365,1
948,2021-05-26 12:00:00,Decision Tree,12,1.405973911322814,1.5375068829468543,2020-05-26 12:00:00,2021-05-26 12:00:00,2021-05-26 12:00:00,365,1
949,2021-05-26 12:00:00,Random Forest,12,1.405973911322814,1.5575124330163748,2020-05-26 12:00:00,2021-05-26 12:00:00,2021-05-26 12:00:00,365,1
950,2021-05-26 12:00:00,Neural Network,12,1.405973911322814,1.4530884189839848,2020-05-26 12:00:00,2021-05-26 12:00:00,2021-05-26 12:00:00,365,1
951,2021-05-26 12:00:00,Naive,12,1.405973911322814,1.0768689375071219,2020-05-26 12:00:00,2021-05-26 12:00:00,2021-05-26 12:00:00,365,1
952,2021-05-27 12:00:00,Decision Tree,12,1.6786628707189768,1.704342214195663,2020-05-27 12:00:00,2021-05-27 12:00:00,2021-05-27 12:00:00,365,1
953,2021-05-27 12:00:00,Random Forest,12,1.6786628707189768,1.707544759768258,2020-05-27 12:00:00,2021-05-27 12:00:00,2021-05-27 12:00:00,365,1
954,2021-05-27 12:00:00,Neural Network,12,1.6786628707189768,1.813344568179991,2020-05-27 12:00:00,2021-05-27 12:00:00,2021-05-27 12:00:00,365,1
955,2021-05-27 12:00:00,Naive,12,1.6786628707189768,1.405973911322814,2020-05-27 12:00:00,2021-05-27 12:00:00,2021-05-27 12:00:00,365,1
956,2021-05-28 12:00:00,Decision Tree,12,1.634959945059697,1.6973845434692263,2020-05-28 12:00:00,2021-05-28 12:00:00,2021-05-28 12:00:00,365,1
957,2021-05-28 12:00:00,Random Forest,12,1.634959945059697,1.6906836681995847,2020-05-28 12:00:00,2021-05-28 12:00:00,2021-05-28 12:00:00,365,1
958,2021-05-28 12:00:00,Neural Network,12,1.634959945059697,1.6710690976733327,2020-05-28 12:00:00,2021-05-28 12:00:00,2021-05-28 12:00:00,365,1
959,2021-05-28 12:00:00,Naive,12,1.634959945059697,1.6786628707189768,2020-05-28 12:00:00,2021-05-28 12:00:00,2021-05-28 12:00:00,365,1
960,2021-05-29 12:00:00,Decision Tree,12,0.717051770764383,0.8974400815238736,2020-05-29 12:00:00,2021-05-29 12:00:00,2021-05-29 12:00:00,365,1
961,2021-05-29 12:00:00,Random Forest,12,0.717051770764383,0.8565326801669871,2020-05-29 12:00:00,2021-05-29 12:00:00,2021-05-29 12:00:00,365,1
962,2021-05-29 12:00:00,Neural Network,12,0.717051770764383,0.557242511817889,2020-05-29 12:00:00,2021-05-29 12:00:00,2021-05-29 12:00:00,365,1
963,2021-05-29 12:00:00,Naive,12,0.717051770764383,1.634959945059697,2020-05-29 12:00:00,2021-05-29 12:00:00,2021-05-29 12:00:00,365,1
964,2021-05-30 12:00:00,Decision Tree,12,-1.4443445970036357,-1.4810808065185963,2020-05-30 12:00:00,2021-05-30 12:00:00,2021-05-30 12:00:00,365,1
965,2021-05-30 12:00:00,Random Forest,12,-1.4443445970036357,-1.5232417416921844,2020-05-30 12:00:00,2021-05-30 12:00:00,2021-05-30 12:00:00,365,1
966,2021-05-30 12:00:00,Neural Network,12,-1.4443445970036357,-0.9110930690075627,2020-05-30 12:00:00,2021-05-30 12:00:00,2021-05-30 12:00:00,365,1
967,2021-05-30 12:00:00,Naive,12,-1.4443445970036357,0.717051770764383,2020-05-30 12:00:00,2021-05-30 12:00:00,2021-05-30 12:00:00,365,1
968,2021-05-31 12:00:00,Decision Tree,12,1.2009325525937546,1.2573053630095228,2020-05-31 12:00:00,2021-05-31 12:00:00,2021-05-31 12:00:00,365,1
969,2021-05-31 12:00:00,Random Forest,12,1.2009325525937546,1.2607044159133645,2020-05-31 12:00:00,2021-05-31 12:00:00,2021-05-31 12:00:00,365,1
970,2021-05-31 12:00:00,Neural Network,12,1.2009325525937546,1.2633012190409083,2020-05-31 12:00:00,2021-05-31 12:00:00,2021-05-31 12:00:00,365,1
971,2021-05-31 12:00:00,Naive,12,1.2009325525937546,-1.4443445970036357,2020-05-31 12:00:00,2021-05-31 12:00:00,2021-05-31 12:00:00,365,1
972,2021-06-01 12:00:00,Decision Tree,12,1.160832993925632,1.2322803214439861,2020-06-01 12:00:00,2021-06-01 12:00:00,2021-06-01 12:00:00,365,1
973,2021-06-01 12:00:00,Random Forest,12,1.160832993925632,1.2391638994886602,2020-06-01 12:00:00,2021-06-01 12:00:00,2021-06-01 12:00:00,365,1
974,2021-06-01 12:00:00,Neural Network,12,1.160832993925632,1.2084940663271475,2020-06-01 12:00:00,2021-06-01 12:00:00,2021-06-01 12:00:00,365,1
975,2021-06-01 12:00:00,Naive,12,1.160832993925632,1.2009325525937546,2020-06-01 12:00:00,2021-06-01 12:00:00,2021-06-01 12:00:00,365,1
976,2021-06-02 12:00:00,Decision Tree,12,1.0621159610689186,1.2112024560518742,2020-06-02 12:00:00,2021-06-02 12:00:00,2021-06-02 12:00:00,365,1
977,2021-06-02 12:00:00,Random Forest,12,1.0621159610689186,1.2078017713985272,2020-06-02 12:00:00,2021-06-02 12:00:00,2021-06-02 12:00:00,365,1
978,2021-06-02 12:00:00,Neural Network,12,1.0621159610689186,0.9206423559183817,2020-06-02 12:00:00,2021-06-02 12:00:00,2021-06-02 12:00:00,365,1
979,2021-06-02 12:00:00,Naive,12,1.0621159610689186,1.160832993925632,2020-06-02 12:00:00,2021-06-02 12:00:00,2021-06-02 12:00:00,365,1
980,2021-06-03 12:00:00,Decision Tree,12,0.8243594656055137,0.9738927458469924,2020-06-03 12:00:00,2021-06-03 12:00:00,2021-06-03 12:00:00,365,1
981,2021-06-03 12:00:00,Random Forest,12,0.8243594656055137,0.9719193243095843,2020-06-03 12:00:00,2021-06-03 12:00:00,2021-06-03 12:00:00,365,1
982,2021-06-03 12:00:00,Neural Network,12,0.8243594656055137,0.6302698317688764,2020-06-03 12:00:00,2021-06-03 12:00:00,2021-06-03 12:00:00,365,1
983,2021-06-03 12:00:00,Naive,12,0.8243594656055137,1.0621159610689186,2020-06-03 12:00:00,2021-06-03 12:00:00,2021-06-03 12:00:00,365,1
984,2021-06-04 12:00:00,Decision Tree,12,1.5249608359798341,1.688466743696436,2020-06-04 12:00:00,2021-06-04 12:00:00,2021-06-04 12:00:00,365,1
985,2021-06-04 12:00:00,Random Forest,12,1.5249608359798341,1.6710134291754506,2020-06-04 12:00:00,2021-06-04 12:00:00,2021-06-04 12:00:00,365,1
986,2021-06-04 12:00:00,Neural Network,12,1.5249608359798341,1.6101194338702496,2020-06-04 12:00:00,2021-06-04 12:00:00,2021-06-04 12:00:00,365,1
987,2021-06-04 12:00:00,Naive,12,1.5249608359798341,0.8243594656055137,2020-06-04 12:00:00,2021-06-04 12:00:00,2021-06-04 12:00:00,365,1
988,2021-06-05 12:00:00,Decision Tree,12,1.1707038263283829,1.221554578388846,2020-06-05 12:00:00,2021-06-05 12:00:00,2021-06-05 12:00:00,365,1
989,2021-06-05 12:00:00,Random Forest,12,1.1707038263283829,1.2163130783113347,2020-06-05 12:00:00,2021-06-05 12:00:00,2021-06-05 12:00:00,365,1
990,2021-06-05 12:00:00,Neural Network,12,1.1707038263283829,0.962982832717066,2020-06-05 12:00:00,2021-06-05 12:00:00,2021-06-05 12:00:00,365,1
991,2021-06-05 12:00:00,Naive,12,1.1707038263283829,1.5249608359798341,2020-06-05 12:00:00,2021-06-05 12:00:00,2021-06-05 12:00:00,365,1
992,2021-06-06 12:00:00,Decision Tree,12,1.1419037382408768,1.1981605822552281,2020-06-06 12:00:00,2021-06-06 12:00:00,2021-06-06 12:00:00,365,1
993,2021-06-06 12:00:00,Random Forest,12,1.1419037382408768,1.1967212155230738,2020-06-06 12:00:00,2021-06-06 12:00:00,2021-06-06 12:00:00,365,1
994,2021-06-06 12:00:00,Neural Network,12,1.1419037382408768,1.0949050854196032,2020-06-06 12:00:00,2021-06-06 12:00:00,2021-06-06 12:00:00,365,1
995,2021-06-06 12:00:00,Naive,12,1.1419037382408768,1.1707038263283829,2020-06-06 12:00:00,2021-06-06 12:00:00,2021-06-06 12:00:00,365,1
996,2021-06-07 12:00:00,Decision Tree,12,1.757219939157593,2.1060386829092677,2020-06-07 12:00:00,2021-06-07 12:00:00,2021-06-07 12:00:00,365,1
997,2021-06-07 12:00:00,Random Forest,12,1.757219939157593,1.977570441194834,2020-06-07 12:00:00,2021-06-07 12:00:00,2021-06-07 12:00:00,365,1
998,2021-06-07 12:00:00,Neural Network,12,1.757219939157593,1.8240673929590208,2020-06-07 12:00:00,2021-06-07 12:00:00,2021-06-07 12:00:00,365,1
999,2021-06-07 12:00:00,Naive,12,1.757219939157593,1.1419037382408768,2020-06-07 12:00:00,2021-06-07 12:00:00,2021-06-07 12:00:00,365,1
1000,2021-06-08 12:00:00,Decision Tree,12,1.5826158771959744,1.6370060364266152,2020-06-08 12:00:00,2021-06-08 12:00:00,2021-06-08 12:00:00,365,1
1001,2021-06-08 12:00:00,Random Forest,12,1.5826158771959744,1.6295914852946642,2020-06-08 12:00:00,2021-06-08 12:00:00,2021-06-08 12:00:00,365,1
1002,2021-06-08 12:00:00,Neural Network,12,1.5826158771959744,1.701365620508828,2020-06-08 12:00:00,2021-06-08 12:00:00,2021-06-08 12:00:00,365,1
1003,2021-06-08 12:00:00,Naive,12,1.5826158771959744,1.757219939157593,2020-06-08 12:00:00,2021-06-08 12:00:00,2021-06-08 12:00:00,365,1
1004,2021-06-09 12:00:00,Decision Tree,12,1.464360411386754,1.562444100564057,2020-06-09 12:00:00,2021-06-09 12:00:00,2021-06-09 12:00:00,365,1
1005,2021-06-09 12:00:00,Random Forest,12,1.464360411386754,1.5520623943445322,2020-06-09 12:00:00,2021-06-09 12:00:00,2021-06-09 12:00:00,365,1
1006,2021-06-09 12:00:00,Neural Network,12,1.464360411386754,1.7357234481509425,2020-06-09 12:00:00,2021-06-09 12:00:00,2021-06-09 12:00:00,365,1
1007,2021-06-09 12:00:00,Naive,12,1.464360411386754,1.5826158771959744,2020-06-09 12:00:00,2021-06-09 12:00:00,2021-06-09 12:00:00,365,1
1008,2021-06-10 12:00:00,Decision Tree,12,1.797809190969166,2.126857218663156,2020-06-10 12:00:00,2021-06-10 12:00:00,2021-06-10 12:00:00,365,1
1009,2021-06-10 12:00:00,Random Forest,12,1.797809190969166,1.954441976580338,2020-06-10 12:00:00,2021-06-10 12:00:00,2021-06-10 12:00:00,365,1
1010,2021-06-10 12:00:00,Neural Network,12,1.797809190969166,1.9345803192269413,2020-06-10 12:00:00,2021-06-10 12:00:00,2021-06-10 12:00:00,365,1
1011,2021-06-10 12:00:00,Naive,12,1.797809190969166,1.464360411386754,2020-06-10 12:00:00,2021-06-10 12:00:00,2021-06-10 12:00:00,365,1
1012,2021-06-11 12:00:00,Decision Tree,12,1.6444999184091156,1.5465731800502707,2020-06-11 12:00:00,2021-06-11 12:00:00,2021-06-11 12:00:00,365,1
1013,2021-06-11 12:00:00,Random Forest,12,1.6444999184091156,1.627118744292039,2020-06-11 12:00:00,2021-06-11 12:00:00,2021-06-11 12:00:00,365,1
1014,2021-06-11 12:00:00,Neural Network,12,1.6444999184091156,1.6429250273242642,2020-06-11 12:00:00,2021-06-11 12:00:00,2021-06-11 12:00:00,365,1
1015,2021-06-11 12:00:00,Naive,12,1.6444999184091156,1.797809190969166,2020-06-11 12:00:00,2021-06-11 12:00:00,2021-06-11 12:00:00,365,1
1016,2021-06-12 12:00:00,Decision Tree,12,-1.2382896492282465,-1.129689739800608,2020-06-12 12:00:00,2021-06-12 12:00:00,2021-06-12 12:00:00,365,1
1017,2021-06-12 12:00:00,Random Forest,12,-1.2382896492282465,-1.2386257190060066,2020-06-12 12:00:00,2021-06-12 12:00:00,2021-06-12 12:00:00,365,1
1018,2021-06-12 12:00:00,Neural Network,12,-1.2382896492282465,-1.179720920439195,2020-06-12 12:00:00,2021-06-12 12:00:00,2021-06-12 12:00:00,365,1
1019,2021-06-12 12:00:00,Naive,12,-1.2382896492282465,1.6444999184091156,2020-06-12 12:00:00,2021-06-12 12:00:00,2021-06-12 12:00:00,365,1
1020,2021-06-13 12:00:00,Decision Tree,12,-1.5914073529186927,-1.6340669398880059,2020-06-13 12:00:00,2021-06-13 12:00:00,2021-06-13 12:00:00,365,1
1021,2021-06-13 12:00:00,Random Forest,12,-1.5914073529186927,-1.628977016550822,2020-06-13 12:00:00,2021-06-13 12:00:00,2021-06-13 12:00:00,365,1
1022,2021-06-13 12:00:00,Neural Network,12,-1.5914073529186927,-1.46158565147512,2020-06-13 12:00:00,2021-06-13 12:00:00,2021-06-13 12:00:00,365,1
1023,2021-06-13 12:00:00,Naive,12,-1.5914073529186927,-1.2382896492282465,2020-06-13 12:00:00,2021-06-13 12:00:00,2021-06-13 12:00:00,365,1
1024,2021-06-14 12:00:00,Decision Tree,12,0.8611752781115932,1.0051400685404008,2020-06-14 12:00:00,2021-06-14 12:00:00,2021-06-14 12:00:00,365,1
1025,2021-06-14 12:00:00,Random Forest,12,0.8611752781115932,0.9907067758425253,2020-06-14 12:00:00,2021-06-14 12:00:00,2021-06-14 12:00:00,365,1
1026,2021-06-14 12:00:00,Neural Network,12,0.8611752781115932,0.7253022131937137,2020-06-14 12:00:00,2021-06-14 12:00:00,2021-06-14 12:00:00,365,1
1027,2021-06-14 12:00:00,Naive,12,0.8611752781115932,-1.5914073529186927,2020-06-14 12:00:00,2021-06-14 12:00:00,2021-06-14 12:00:00,365,1
1028,2021-06-15 12:00:00,Decision Tree,12,1.622154178828999,1.6077683465455053,2020-06-15 12:00:00,2021-06-15 12:00:00,2021-06-15 12:00:00,365,1
1029,2021-06-15 12:00:00,Random Forest,12,1.622154178828999,1.6322967082932431,2020-06-15 12:00:00,2021-06-15 12:00:00,2021-06-15 12:00:00,365,1
1030,2021-06-15 12:00:00,Neural Network,12,1.622154178828999,1.7144938785661188,2020-06-15 12:00:00,2021-06-15 12:00:00,2021-06-15 12:00:00,365,1
1031,2021-06-15 12:00:00,Naive,12,1.622154178828999,0.8611752781115932,2020-06-15 12:00:00,2021-06-15 12:00:00,2021-06-15 12:00:00,365,1
1032,2021-06-16 12:00:00,Decision Tree,12,1.589754832650032,1.610165985259421,2020-06-16 12:00:00,2021-06-16 12:00:00,2021-06-16 12:00:00,365,1
1033,2021-06-16 12:00:00,Random Forest,12,1.589754832650032,1.6257037178403424,2020-06-16 12:00:00,2021-06-16 12:00:00,2021-06-16 12:00:00,365,1
1034,2021-06-16 12:00:00,Neural Network,12,1.589754832650032,1.6673558607458978,2020-06-16 12:00:00,2021-06-16 12:00:00,2021-06-16 12:00:00,365,1
1035,2021-06-16 12:00:00,Naive,12,1.589754832650032,1.622154178828999,2020-06-16 12:00:00,2021-06-16 12:00:00,2021-06-16 12:00:00,365,1
1036,2021-06-17 12:00:00,Decision Tree,12,1.2416761687314837,1.363430316301769,2020-06-17 12:00:00,2021-06-17 12:00:00,2021-06-17 12:00:00,365,1
1037,2021-06-17 12:00:00,Random Forest,12,1.2416761687314837,1.3721398144226753,2020-06-17 12:00:00,2021-06-17 12:00:00,2021-06-17 12:00:00,365,1
1038,2021-06-17 12:00:00,Neural Network,12,1.2416761687314837,1.2359142964313992,2020-06-17 12:00:00,2021-06-17 12:00:00,2021-06-17 12:00:00,365,1
1039,2021-06-17 12:00:00,Naive,12,1.2416761687314837,1.589754832650032,2020-06-17 12:00:00,2021-06-17 12:00:00,2021-06-17 12:00:00,365,1
1040,2021-06-18 12:00:00,Decision Tree,12,1.6015743050438245,1.5998242646872756,2020-06-18 12:00:00,2021-06-18 12:00:00,2021-06-18 12:00:00,365,1
1041,2021-06-18 12:00:00,Random Forest,12,1.6015743050438245,1.6298664866535424,2020-06-18 12:00:00,2021-06-18 12:00:00,2021-06-18 12:00:00,365,1
1042,2021-06-18 12:00:00,Neural Network,12,1.6015743050438245,1.6542464659397393,2020-06-18 12:00:00,2021-06-18 12:00:00,2021-06-18 12:00:00,365,1
1043,2021-06-18 12:00:00,Naive,12,1.6015743050438245,1.2416761687314837,2020-06-18 12:00:00,2021-06-18 12:00:00,2021-06-18 12:00:00,365,1
1044,2021-06-19 12:00:00,Decision Tree,12,0.874319878165211,0.9626340952271644,2020-06-19 12:00:00,2021-06-19 12:00:00,2021-06-19 12:00:00,365,1
1045,2021-06-19 12:00:00,Random Forest,12,0.874319878165211,0.9869222258764453,2020-06-19 12:00:00,2021-06-19 12:00:00,2021-06-19 12:00:00,365,1
1046,2021-06-19 12:00:00,Neural Network,12,0.874319878165211,0.781887760858621,2020-06-19 12:00:00,2021-06-19 12:00:00,2021-06-19 12:00:00,365,1
1047,2021-06-19 12:00:00,Naive,12,0.874319878165211,1.6015743050438245,2020-06-19 12:00:00,2021-06-19 12:00:00,2021-06-19 12:00:00,365,1
1048,2021-06-20 12:00:00,Decision Tree,12,0.1849454871511748,0.28614471794763446,2020-06-20 12:00:00,2021-06-20 12:00:00,2021-06-20 12:00:00,365,1
1049,2021-06-20 12:00:00,Random Forest,12,0.1849454871511748,0.27225433884301653,2020-06-20 12:00:00,2021-06-20 12:00:00,2021-06-20 12:00:00,365,1
1050,2021-06-20 12:00:00,Neural Network,12,0.1849454871511748,0.15463191872775237,2020-06-20 12:00:00,2021-06-20 12:00:00,2021-06-20 12:00:00,365,1
1051,2021-06-20 12:00:00,Naive,12,0.1849454871511748,0.874319878165211,2020-06-20 12:00:00,2021-06-20 12:00:00,2021-06-20 12:00:00,365,1
1052,2021-06-21 12:00:00,Decision Tree,12,1.6827976716119635,1.821641763187206,2020-06-21 12:00:00,2021-06-21 12:00:00,2021-06-21 12:00:00,365,1
1053,2021-06-21 12:00:00,Random Forest,12,1.6827976716119635,1.766582704100445,2020-06-21 12:00:00,2021-06-21 12:00:00,2021-06-21 12:00:00,365,1
1054,2021-06-21 12:00:00,Neural Network,12,1.6827976716119635,1.8749597068463486,2020-06-21 12:00:00,2021-06-21 12:00:00,2021-06-21 12:00:00,365,1
1055,2021-06-21 12:00:00,Naive,12,1.6827976716119635,0.1849454871511748,2020-06-21 12:00:00,2021-06-21 12:00:00,2021-06-21 12:00:00,365,1
1056,2021-06-22 12:00:00,Decision Tree,12,1.8829985884405174,2.090296326697157,2020-06-22 12:00:00,2021-06-22 12:00:00,2021-06-22 12:00:00,365,1
1057,2021-06-22 12:00:00,Random Forest,12,1.8829985884405174,2.079621221620309,2020-06-22 12:00:00,2021-06-22 12:00:00,2021-06-22 12:00:00,365,1
1058,2021-06-22 12:00:00,Neural Network,12,1.8829985884405174,2.053735842177659,2020-06-22 12:00:00,2021-06-22 12:00:00,2021-06-22 12:00:00,365,1
1059,2021-06-22 12:00:00,Naive,12,1.8829985884405174,1.6827976716119635,2020-06-22 12:00:00,2021-06-22 12:00:00,2021-06-22 12:00:00,365,1
1060,2021-06-23 12:00:00,Decision Tree,12,1.9276027269401295,1.9050840347770648,2020-06-23 12:00:00,2021-06-23 12:00:00,2021-06-23 12:00:00,365,1
1061,2021-06-23 12:00:00,Random Forest,12,1.9276027269401295,1.9849681414646174,2020-06-23 12:00:00,2021-06-23 12:00:00,2021-06-23 12:00:00,365,1
1062,2021-06-23 12:00:00,Neural Network,12,1.9276027269401295,1.4687926561037767,2020-06-23 12:00:00,2021-06-23 12:00:00,2021-06-23 12:00:00,365,1
1063,2021-06-23 12:00:00,Naive,12,1.9276027269401295,1.8829985884405174,2020-06-23 12:00:00,2021-06-23 12:00:00,2021-06-23 12:00:00,365,1
1064,2021-06-24 12:00:00,Decision Tree,12,1.9083518365402556,1.9078988712974478,2020-06-24 12:00:00,2021-06-24 12:00:00,2021-06-24 12:00:00,365,1
1065,2021-06-24 12:00:00,Random Forest,12,1.9083518365402556,1.9167341099951334,2020-06-24 12:00:00,2021-06-24 12:00:00,2021-06-24 12:00:00,365,1
1066,2021-06-24 12:00:00,Neural Network,12,1.9083518365402556,2.07158538524279,2020-06-24 12:00:00,2021-06-24 12:00:00,2021-06-24 12:00:00,365,1
1067,2021-06-24 12:00:00,Naive,12,1.9083518365402556,1.9276027269401295,2020-06-24 12:00:00,2021-06-24 12:00:00,2021-06-24 12:00:00,365,1
1068,2021-06-25 12:00:00,Decision Tree,12,1.837238965008547,1.907949200768871,2020-06-25 12:00:00,2021-06-25 12:00:00,2021-06-25 12:00:00,365,1
1069,2021-06-25 12:00:00,Random Forest,12,1.837238965008547,1.8647899130296586,2020-06-25 12:00:00,2021-06-25 12:00:00,2021-06-25 12:00:00,365,1
1070,2021-06-25 12:00:00,Neural Network,12,1.837238965008547,1.9256135218305908,2020-06-25 12:00:00,2021-06-25 12:00:00,2021-06-25 12:00:00,365,1
1071,2021-06-25 12:00:00,Naive,12,1.837238965008547,1.9083518365402556,2020-06-25 12:00:00,2021-06-25 12:00:00,2021-06-25 12:00:00,365,1
1072,2021-06-26 12:00:00,Decision Tree,12,1.4928429958305305,1.6104146955974301,2020-06-26 12:00:00,2021-06-26 12:00:00,2021-06-26 12:00:00,365,1
1073,2021-06-26 12:00:00,Random Forest,12,1.4928429958305305,1.5763291455455695,2020-06-26 12:00:00,2021-06-26 12:00:00,2021-06-26 12:00:00,365,1
1074,2021-06-26 12:00:00,Neural Network,12,1.4928429958305305,1.2984554929811958,2020-06-26 12:00:00,2021-06-26 12:00:00,2021-06-26 12:00:00,365,1
1075,2021-06-26 12:00:00,Naive,12,1.4928429958305305,1.837238965008547,2020-06-26 12:00:00,2021-06-26 12:00:00,2021-06-26 12:00:00,365,1
1076,2021-06-27 12:00:00,Decision Tree,12,0.71413790864427,0.8319204375016465,2020-06-27 12:00:00,2021-06-27 12:00:00,2021-06-27 12:00:00,365,1
1077,2021-06-27 12:00:00,Random Forest,12,0.71413790864427,0.8704081819972006,2020-06-27 12:00:00,2021-06-27 12:00:00,2021-06-27 12:00:00,365,1
1078,2021-06-27 12:00:00,Neural Network,12,0.71413790864427,0.7434698863602057,2020-06-27 12:00:00,2021-06-27 12:00:00,2021-06-27 12:00:00,365,1
1079,2021-06-27 12:00:00,Naive,12,0.71413790864427,1.4928429958305305,2020-06-27 12:00:00,2021-06-27 12:00:00,2021-06-27 12:00:00,365,1
1080,2021-06-28 12:00:00,Decision Tree,12,1.8393677567339564,1.8367237040232158,2020-06-28 12:00:00,2021-06-28 12:00:00,2021-06-28 12:00:00,365,1
1081,2021-06-28 12:00:00,Random Forest,12,1.8393677567339564,1.874286096184723,2020-06-28 12:00:00,2021-06-28 12:00:00,2021-06-28 12:00:00,365,1
1082,2021-06-28 12:00:00,Neural Network,12,1.8393677567339564,1.9743589153298307,2020-06-28 12:00:00,2021-06-28 12:00:00,2021-06-28 12:00:00,365,1
1083,2021-06-28 12:00:00,Naive,12,1.8393677567339564,0.71413790864427,2020-06-28 12:00:00,2021-06-28 12:00:00,2021-06-28 12:00:00,365,1
1084,2021-06-29 12:00:00,Decision Tree,12,1.9891609876343226,1.8229268880619558,2020-06-29 12:00:00,2021-06-29 12:00:00,2021-06-29 12:00:00,365,1
1085,2021-06-29 12:00:00,Random Forest,12,1.9891609876343226,1.8897471266243682,2020-06-29 12:00:00,2021-06-29 12:00:00,2021-06-29 12:00:00,365,1
1086,2021-06-29 12:00:00,Neural Network,12,1.9891609876343226,2.165291216437786,2020-06-29 12:00:00,2021-06-29 12:00:00,2021-06-29 12:00:00,365,1
1087,2021-06-29 12:00:00,Naive,12,1.9891609876343226,1.8393677567339564,2020-06-29 12:00:00,2021-06-29 12:00:00,2021-06-29 12:00:00,365,1
1088,2021-06-30 12:00:00,Decision Tree,12,2.0493396091153193,1.8279975376819035,2020-06-30 12:00:00,2021-06-30 12:00:00,2021-06-30 12:00:00,365,1
1089,2021-06-30 12:00:00,Random Forest,12,2.0493396091153193,1.9367153043332073,2020-06-30 12:00:00,2021-06-30 12:00:00,2021-06-30 12:00:00,365,1
1090,2021-06-30 12:00:00,Neural Network,12,2.0493396091153193,2.2398976606724093,2020-06-30 12:00:00,2021-06-30 12:00:00,2021-06-30 12:00:00,365,1
1091,2021-06-30 12:00:00,Naive,12,2.0493396091153193,1.9891609876343226,2020-06-30 12:00:00,2021-06-30 12:00:00,2021-06-30 12:00:00,365,1
1092,2021-07-01 12:00:00,Decision Tree,12,1.9561426453364616,1.9893800267974993,2020-07-01 12:00:00,2021-07-01 12:00:00,2021-07-01 12:00:00,365,1
1093,2021-07-01 12:00:00,Random Forest,12,1.9561426453364616,1.983965149380983,2020-07-01 12:00:00,2021-07-01 12:00:00,2021-07-01 12:00:00,365,1
1094,2021-07-01 12:00:00,Neural Network,12,1.9561426453364616,2.087080975884003,2020-07-01 12:00:00,2021-07-01 12:00:00,2021-07-01 12:00:00,365,1
1095,2021-07-01 12:00:00,Naive,12,1.9561426453364616,2.0493396091153193,2020-07-01 12:00:00,2021-07-01 12:00:00,2021-07-01 12:00:00,365,1
1096,2021-07-02 12:00:00,Decision Tree,12,2.051105968398162,1.867468748928061,2020-07-02 12:00:00,2021-07-02 12:00:00,2021-07-02 12:00:00,365,1
1097,2021-07-02 12:00:00,Random Forest,12,2.051105968398162,1.9287568300245104,2020-07-02 12:00:00,2021-07-02 12:00:00,2021-07-02 12:00:00,365,1
1098,2021-07-02 12:00:00,Neural Network,12,2.051105968398162,2.1582751402535743,2020-07-02 12:00:00,2021-07-02 12:00:00,2021-07-02 12:00:00,365,1
1099,2021-07-02 12:00:00,Naive,12,2.051105968398162,1.9561426453364616,2020-07-02 12:00:00,2021-07-02 12:00:00,2021-07-02 12:00:00,365,1
1100,2021-07-03 12:00:00,Decision Tree,12,1.3588328498953568,1.5785119477011245,2020-07-03 12:00:00,2021-07-03 12:00:00,2021-07-03 12:00:00,365,1
1101,2021-07-03 12:00:00,Random Forest,12,1.3588328498953568,1.5124071380423403,2020-07-03 12:00:00,2021-07-03 12:00:00,2021-07-03 12:00:00,365,1
1102,2021-07-03 12:00:00,Neural Network,12,1.3588328498953568,1.258308990484103,2020-07-03 12:00:00,2021-07-03 12:00:00,2021-07-03 12:00:00,365,1
1103,2021-07-03 12:00:00,Naive,12,1.3588328498953568,2.051105968398162,2020-07-03 12:00:00,2021-07-03 12:00:00,2021-07-03 12:00:00,365,1
1104,2021-07-04 12:00:00,Decision Tree,12,1.6384211384155007,1.562465744097074,2020-07-04 12:00:00,2021-07-04 12:00:00,2021-07-04 12:00:00,365,1
1105,2021-07-04 12:00:00,Random Forest,12,1.6384211384155007,1.6755654007330818,2020-07-04 12:00:00,2021-07-04 12:00:00,2021-07-04 12:00:00,365,1
1106,2021-07-04 12:00:00,Neural Network,12,1.6384211384155007,1.61359575312358,2020-07-04 12:00:00,2021-07-04 12:00:00,2021-07-04 12:00:00,365,1
1107,2021-07-04 12:00:00,Naive,12,1.6384211384155007,1.3588328498953568,2020-07-04 12:00:00,2021-07-04 12:00:00,2021-07-04 12:00:00,365,1
1108,2021-07-05 12:00:00,Decision Tree,12,2.011016454821897,1.994670387484879,2020-07-05 12:00:00,2021-07-05 12:00:00,2021-07-05 12:00:00,365,1
1109,2021-07-05 12:00:00,Random Forest,12,2.011016454821897,1.9649997298657433,2020-07-05 12:00:00,2021-07-05 12:00:00,2021-07-05 12:00:00,365,1
1110,2021-07-05 12:00:00,Neural Network,12,2.011016454821897,2.1261717896972736,2020-07-05 12:00:00,2021-07-05 12:00:00,2021-07-05 12:00:00,365,1
1111,2021-07-05 12:00:00,Naive,12,2.011016454821897,1.6384211384155007,2020-07-05 12:00:00,2021-07-05 12:00:00,2021-07-05 12:00:00,365,1
1112,2021-07-06 12:00:00,Decision Tree,12,1.1172475207548462,1.3360473592032136,2020-07-06 12:00:00,2021-07-06 12:00:00,2021-07-06 12:00:00,365,1
1113,2021-07-06 12:00:00,Random Forest,12,1.1172475207548462,1.3309142014661193,2020-07-06 12:00:00,2021-07-06 12:00:00,2021-07-06 12:00:00,365,1
1114,2021-07-06 12:00:00,Neural Network,12,1.1172475207548462,1.0223699856548998,2020-07-06 12:00:00,2021-07-06 12:00:00,2021-07-06 12:00:00,365,1
1115,2021-07-06 12:00:00,Naive,12,1.1172475207548462,2.011016454821897,2020-07-06 12:00:00,2021-07-06 12:00:00,2021-07-06 12:00:00,365,1
1116,2021-07-07 12:00:00,Decision Tree,12,1.9968699510647774,2.0113531330612324,2020-07-07 12:00:00,2021-07-07 12:00:00,2021-07-07 12:00:00,365,1
1117,2021-07-07 12:00:00,Random Forest,12,1.9968699510647774,1.9718370190083416,2020-07-07 12:00:00,2021-07-07 12:00:00,2021-07-07 12:00:00,365,1
1118,2021-07-07 12:00:00,Neural Network,12,1.9968699510647774,2.1649774003434796,2020-07-07 12:00:00,2021-07-07 12:00:00,2021-07-07 12:00:00,365,1
1119,2021-07-07 12:00:00,Naive,12,1.9968699510647774,1.1172475207548462,2020-07-07 12:00:00,2021-07-07 12:00:00,2021-07-07 12:00:00,365,1
1120,2021-07-08 12:00:00,Decision Tree,12,2.103452970919211,2.0089392693951567,2020-07-08 12:00:00,2021-07-08 12:00:00,2021-07-08 12:00:00,365,1
1121,2021-07-08 12:00:00,Random Forest,12,2.103452970919211,2.0271724881713773,2020-07-08 12:00:00,2021-07-08 12:00:00,2021-07-08 12:00:00,365,1
1122,2021-07-08 12:00:00,Neural Network,12,2.103452970919211,2.2654590299438997,2020-07-08 12:00:00,2021-07-08 12:00:00,2021-07-08 12:00:00,365,1
1123,2021-07-08 12:00:00,Naive,12,2.103452970919211,1.9968699510647774,2020-07-08 12:00:00,2021-07-08 12:00:00,2021-07-08 12:00:00,365,1
1124,2021-07-09 12:00:00,Decision Tree,12,1.9430168496658853,2.033490990325615,2020-07-09 12:00:00,2021-07-09 12:00:00,2021-07-09 12:00:00,365,1
1125,2021-07-09 12:00:00,Random Forest,12,1.9430168496658853,2.000276753791372,2020-07-09 12:00:00,2021-07-09 12:00:00,2021-07-09 12:00:00,365,1
1126,2021-07-09 12:00:00,Neural Network,12,1.9430168496658853,2.028379283758474,2020-07-09 12:00:00,2021-07-09 12:00:00,2021-07-09 12:00:00,365,1
1127,2021-07-09 12:00:00,Naive,12,1.9430168496658853,2.103452970919211,2020-07-09 12:00:00,2021-07-09 12:00:00,2021-07-09 12:00:00,365,1
1128,2021-07-10 12:00:00,Decision Tree,12,1.4106747282907828,1.5650268973432133,2020-07-10 12:00:00,2021-07-10 12:00:00,2021-07-10 12:00:00,365,1
1129,2021-07-10 12:00:00,Random Forest,12,1.4106747282907828,1.5578270472509863,2020-07-10 12:00:00,2021-07-10 12:00:00,2021-07-10 12:00:00,365,1
1130,2021-07-10 12:00:00,Neural Network,12,1.4106747282907828,1.159820226638804,2020-07-10 12:00:00,2021-07-10 12:00:00,2021-07-10 12:00:00,365,1
1131,2021-07-10 12:00:00,Naive,12,1.4106747282907828,1.9430168496658853,2020-07-10 12:00:00,2021-07-10 12:00:00,2021-07-10 12:00:00,365,1
1132,2021-07-11 12:00:00,Decision Tree,12,1.487962438297651,1.6973845434692263,2020-07-11 12:00:00,2021-07-11 12:00:00,2021-07-11 12:00:00,365,1
1133,2021-07-11 12:00:00,Random Forest,12,1.487962438297651,1.5751540780692919,2020-07-11 12:00:00,2021-07-11 12:00:00,2021-07-11 12:00:00,365,1
1134,2021-07-11 12:00:00,Neural Network,12,1.487962438297651,1.4261031907591157,2020-07-11 12:00:00,2021-07-11 12:00:00,2021-07-11 12:00:00,365,1
1135,2021-07-11 12:00:00,Naive,12,1.487962438297651,1.4106747282907828,2020-07-11 12:00:00,2021-07-11 12:00:00,2021-07-11 12:00:00,365,1
1136,2021-07-12 12:00:00,Decision Tree,12,1.8714428109972987,1.8403728612083183,2020-07-12 12:00:00,2021-07-12 12:00:00,2021-07-12 12:00:00,365,1
1137,2021-07-12 12:00:00,Random Forest,12,1.8714428109972987,1.917421883101686,2020-07-12 12:00:00,2021-07-12 12:00:00,2021-07-12 12:00:00,365,1
1138,2021-07-12 12:00:00,Neural Network,12,1.8714428109972987,1.9583261492896764,2020-07-12 12:00:00,2021-07-12 12:00:00,2021-07-12 12:00:00,365,1
1139,2021-07-12 12:00:00,Naive,12,1.8714428109972987,1.487962438297651,2020-07-12 12:00:00,2021-07-12 12:00:00,2021-07-12 12:00:00,365,1
1140,2021-07-13 12:00:00,Decision Tree,12,2.0066450249897336,2.033490990325615,2020-07-13 12:00:00,2021-07-13 12:00:00,2021-07-13 12:00:00,365,1
1141,2021-07-13 12:00:00,Random Forest,12,2.0066450249897336,1.98114085754247,2020-07-13 12:00:00,2021-07-13 12:00:00,2021-07-13 12:00:00,365,1
1142,2021-07-13 12:00:00,Neural Network,12,2.0066450249897336,2.181624651777561,2020-07-13 12:00:00,2021-07-13 12:00:00,2021-07-13 12:00:00,365,1
1143,2021-07-13 12:00:00,Naive,12,2.0066450249897336,1.8714428109972987,2020-07-13 12:00:00,2021-07-13 12:00:00,2021-07-13 12:00:00,365,1
1144,2021-07-14 12:00:00,Decision Tree,12,1.939753998773647,2.029655852420489,2020-07-14 12:00:00,2021-07-14 12:00:00,2021-07-14 12:00:00,365,1
1145,2021-07-14 12:00:00,Random Forest,12,1.939753998773647,2.0002760710702217,2020-07-14 12:00:00,2021-07-14 12:00:00,2021-07-14 12:00:00,365,1
1146,2021-07-14 12:00:00,Neural Network,12,1.939753998773647,2.009302681903482,2020-07-14 12:00:00,2021-07-14 12:00:00,2021-07-14 12:00:00,365,1
1147,2021-07-14 12:00:00,Naive,12,1.939753998773647,2.0066450249897336,2020-07-14 12:00:00,2021-07-14 12:00:00,2021-07-14 12:00:00,365,1
1148,2021-07-15 12:00:00,Decision Tree,12,1.9252245803765107,1.8617751684807937,2020-07-15 12:00:00,2021-07-15 12:00:00,2021-07-15 12:00:00,365,1
1149,2021-07-15 12:00:00,Random Forest,12,1.9252245803765107,1.9526763959099915,2020-07-15 12:00:00,2021-07-15 12:00:00,2021-07-15 12:00:00,365,1
1150,2021-07-15 12:00:00,Neural Network,12,1.9252245803765107,2.0343327506003663,2020-07-15 12:00:00,2021-07-15 12:00:00,2021-07-15 12:00:00,365,1
1151,2021-07-15 12:00:00,Naive,12,1.9252245803765107,1.939753998773647,2020-07-15 12:00:00,2021-07-15 12:00:00,2021-07-15 12:00:00,365,1
1152,2021-07-16 12:00:00,Decision Tree,12,1.8221613526759717,1.8628551207351913,2020-07-16 12:00:00,2021-07-16 12:00:00,2021-07-16 12:00:00,365,1
1153,2021-07-16 12:00:00,Random Forest,12,1.8221613526759717,1.9027619831213178,2020-07-16 12:00:00,2021-07-16 12:00:00,2021-07-16 12:00:00,365,1
1154,2021-07-16 12:00:00,Neural Network,12,1.8221613526759717,1.8555689888599636,2020-07-16 12:00:00,2021-07-16 12:00:00,2021-07-16 12:00:00,365,1
1155,2021-07-16 12:00:00,Naive,12,1.8221613526759717,1.9252245803765107,2020-07-16 12:00:00,2021-07-16 12:00:00,2021-07-16 12:00:00,365,1
1156,2021-07-17 12:00:00,Decision Tree,12,0.9175369231797058,1.123088052628623,2020-07-17 12:00:00,2021-07-17 12:00:00,2021-07-17 12:00:00,365,1
1157,2021-07-17 12:00:00,Random Forest,12,0.9175369231797058,1.1224230451672024,2020-07-17 12:00:00,2021-07-17 12:00:00,2021-07-17 12:00:00,365,1
1158,2021-07-17 12:00:00,Neural Network,12,0.9175369231797058,0.9146151400754587,2020-07-17 12:00:00,2021-07-17 12:00:00,2021-07-17 12:00:00,365,1
1159,2021-07-17 12:00:00,Naive,12,0.9175369231797058,1.8221613526759717,2020-07-17 12:00:00,2021-07-17 12:00:00,2021-07-17 12:00:00,365,1
1160,2021-07-18 12:00:00,Decision Tree,12,-0.9204773543000216,-1.1611515315677454,2020-07-18 12:00:00,2021-07-18 12:00:00,2021-07-18 12:00:00,365,1
1161,2021-07-18 12:00:00,Random Forest,12,-0.9204773543000216,-1.0011241613666373,2020-07-18 12:00:00,2021-07-18 12:00:00,2021-07-18 12:00:00,365,1
1162,2021-07-18 12:00:00,Neural Network,12,-0.9204773543000216,-0.7915086051203878,2020-07-18 12:00:00,2021-07-18 12:00:00,2021-07-18 12:00:00,365,1
1163,2021-07-18 12:00:00,Naive,12,-0.9204773543000216,0.9175369231797058,2020-07-18 12:00:00,2021-07-18 12:00:00,2021-07-18 12:00:00,365,1
1164,2021-07-19 12:00:00,Decision Tree,12,1.8233444439918192,1.8419801663653974,2020-07-19 12:00:00,2021-07-19 12:00:00,2021-07-19 12:00:00,365,1
1165,2021-07-19 12:00:00,Random Forest,12,1.8233444439918192,1.8620093410218488,2020-07-19 12:00:00,2021-07-19 12:00:00,2021-07-19 12:00:00,365,1
1166,2021-07-19 12:00:00,Neural Network,12,1.8233444439918192,1.8555009086500491,2020-07-19 12:00:00,2021-07-19 12:00:00,2021-07-19 12:00:00,365,1
1167,2021-07-19 12:00:00,Naive,12,1.8233444439918192,-0.9204773543000216,2020-07-19 12:00:00,2021-07-19 12:00:00,2021-07-19 12:00:00,365,1
1168,2021-07-20 12:00:00,Decision Tree,12,1.7339511019909943,1.8399095305461108,2020-07-20 12:00:00,2021-07-20 12:00:00,2021-07-20 12:00:00,365,1
1169,2021-07-20 12:00:00,Random Forest,12,1.7339511019909943,1.8395132198379291,2020-07-20 12:00:00,2021-07-20 12:00:00,2021-07-20 12:00:00,365,1
1170,2021-07-20 12:00:00,Neural Network,12,1.7339511019909943,1.7974644339782393,2020-07-20 12:00:00,2021-07-20 12:00:00,2021-07-20 12:00:00,365,1
1171,2021-07-20 12:00:00,Naive,12,1.7339511019909943,1.8233444439918192,2020-07-20 12:00:00,2021-07-20 12:00:00,2021-07-20 12:00:00,365,1
1172,2021-07-21 12:00:00,Decision Tree,12,1.6158545307270373,1.7931173907720512,2020-07-21 12:00:00,2021-07-21 12:00:00,2021-07-21 12:00:00,365,1
1173,2021-07-21 12:00:00,Random Forest,12,1.6158545307270373,1.761137534162814,2020-07-21 12:00:00,2021-07-21 12:00:00,2021-07-21 12:00:00,365,1
1174,2021-07-21 12:00:00,Neural Network,12,1.6158545307270373,1.7293668473657289,2020-07-21 12:00:00,2021-07-21 12:00:00,2021-07-21 12:00:00,365,1
1175,2021-07-21 12:00:00,Naive,12,1.6158545307270373,1.7339511019909943,2020-07-21 12:00:00,2021-07-21 12:00:00,2021-07-21 12:00:00,365,1
1176,2021-07-22 12:00:00,Decision Tree,12,1.64957585001232,1.830811340614191,2020-07-22 12:00:00,2021-07-22 12:00:00,2021-07-22 12:00:00,365,1
1177,2021-07-22 12:00:00,Random Forest,12,1.64957585001232,1.7745468039094923,2020-07-22 12:00:00,2021-07-22 12:00:00,2021-07-22 12:00:00,365,1
1178,2021-07-22 12:00:00,Neural Network,12,1.64957585001232,1.7217470748093597,2020-07-22 12:00:00,2021-07-22 12:00:00,2021-07-22 12:00:00,365,1
1179,2021-07-22 12:00:00,Naive,12,1.64957585001232,1.6158545307270373,2020-07-22 12:00:00,2021-07-22 12:00:00,2021-07-22 12:00:00,365,1
1180,2021-07-23 12:00:00,Decision Tree,12,1.7840207101784409,1.808156904288957,2020-07-23 12:00:00,2021-07-23 12:00:00,2021-07-23 12:00:00,365,1
1181,2021-07-23 12:00:00,Random Forest,12,1.7840207101784409,1.813619333501875,2020-07-23 12:00:00,2021-07-23 12:00:00,2021-07-23 12:00:00,365,1
1182,2021-07-23 12:00:00,Neural Network,12,1.7840207101784409,1.8207742295534235,2020-07-23 12:00:00,2021-07-23 12:00:00,2021-07-23 12:00:00,365,1
1183,2021-07-23 12:00:00,Naive,12,1.7840207101784409,1.64957585001232,2020-07-23 12:00:00,2021-07-23 12:00:00,2021-07-23 12:00:00,365,1
1184,2021-07-24 12:00:00,Decision Tree,12,1.3831610439616537,1.5107047695912084,2020-07-24 12:00:00,2021-07-24 12:00:00,2021-07-24 12:00:00,365,1
1185,2021-07-24 12:00:00,Random Forest,12,1.3831610439616537,1.484543745107184,2020-07-24 12:00:00,2021-07-24 12:00:00,2021-07-24 12:00:00,365,1
1186,2021-07-24 12:00:00,Neural Network,12,1.3831610439616537,1.3410977236908992,2020-07-24 12:00:00,2021-07-24 12:00:00,2021-07-24 12:00:00,365,1
1187,2021-07-24 12:00:00,Naive,12,1.3831610439616537,1.7840207101784409,2020-07-24 12:00:00,2021-07-24 12:00:00,2021-07-24 12:00:00,365,1
1188,2021-07-25 12:00:00,Decision Tree,12,0.6486792694494128,0.7784711506126878,2020-07-25 12:00:00,2021-07-25 12:00:00,2021-07-25 12:00:00,365,1
1189,2021-07-25 12:00:00,Random Forest,12,0.6486792694494128,0.8488387124432948,2020-07-25 12:00:00,2021-07-25 12:00:00,2021-07-25 12:00:00,365,1
1190,2021-07-25 12:00:00,Neural Network,12,0.6486792694494128,0.7524813766651856,2020-07-25 12:00:00,2021-07-25 12:00:00,2021-07-25 12:00:00,365,1
1191,2021-07-25 12:00:00,Naive,12,0.6486792694494128,1.3831610439616537,2020-07-25 12:00:00,2021-07-25 12:00:00,2021-07-25 12:00:00,365,1
1192,2021-07-26 12:00:00,Decision Tree,12,1.7571780894967814,1.8054751049433437,2020-07-26 12:00:00,2021-07-26 12:00:00,2021-07-26 12:00:00,365,1
1193,2021-07-26 12:00:00,Random Forest,12,1.7571780894967814,1.842588604514482,2020-07-26 12:00:00,2021-07-26 12:00:00,2021-07-26 12:00:00,365,1
1194,2021-07-26 12:00:00,Neural Network,12,1.7571780894967814,1.8185227202870275,2020-07-26 12:00:00,2021-07-26 12:00:00,2021-07-26 12:00:00,365,1
1195,2021-07-26 12:00:00,Naive,12,1.7571780894967814,0.6486792694494128,2020-07-26 12:00:00,2021-07-26 12:00:00,2021-07-26 12:00:00,365,1
1196,2021-07-27 12:00:00,Decision Tree,12,1.6758632518367713,1.755576397840644,2020-07-27 12:00:00,2021-07-27 12:00:00,2021-07-27 12:00:00,365,1
1197,2021-07-27 12:00:00,Random Forest,12,1.6758632518367713,1.763737531228488,2020-07-27 12:00:00,2021-07-27 12:00:00,2021-07-27 12:00:00,365,1
1198,2021-07-27 12:00:00,Neural Network,12,1.6758632518367713,1.7944198682145178,2020-07-27 12:00:00,2021-07-27 12:00:00,2021-07-27 12:00:00,365,1
1199,2021-07-27 12:00:00,Naive,12,1.6758632518367713,1.7571780894967814,2020-07-27 12:00:00,2021-07-27 12:00:00,2021-07-27 12:00:00,365,1
1200,2021-07-28 12:00:00,Decision Tree,12,1.3911469380291466,1.6283427984414598,2020-07-28 12:00:00,2021-07-28 12:00:00,2021-07-28 12:00:00,365,1
1201,2021-07-28 12:00:00,Random Forest,12,1.3911469380291466,1.55496635047322,2020-07-28 12:00:00,2021-07-28 12:00:00,2021-07-28 12:00:00,365,1
1202,2021-07-28 12:00:00,Neural Network,12,1.3911469380291466,1.4977278310896476,2020-07-28 12:00:00,2021-07-28 12:00:00,2021-07-28 12:00:00,365,1
1203,2021-07-28 12:00:00,Naive,12,1.3911469380291466,1.6758632518367713,2020-07-28 12:00:00,2021-07-28 12:00:00,2021-07-28 12:00:00,365,1
1204,2021-07-29 12:00:00,Decision Tree,12,-1.5076415486492658,-1.6572525130884646,2020-07-29 12:00:00,2021-07-29 12:00:00,2021-07-29 12:00:00,365,1
1205,2021-07-29 12:00:00,Random Forest,12,-1.5076415486492658,-1.6349803104399212,2020-07-29 12:00:00,2021-07-29 12:00:00,2021-07-29 12:00:00,365,1
1206,2021-07-29 12:00:00,Neural Network,12,-1.5076415486492658,-1.6115464331155511,2020-07-29 12:00:00,2021-07-29 12:00:00,2021-07-29 12:00:00,365,1
1207,2021-07-29 12:00:00,Naive,12,-1.5076415486492658,1.3911469380291466,2020-07-29 12:00:00,2021-07-29 12:00:00,2021-07-29 12:00:00,365,1
1208,2021-07-30 12:00:00,Decision Tree,12,0.581163591390511,0.7525956047809551,2020-07-30 12:00:00,2021-07-30 12:00:00,2021-07-30 12:00:00,365,1
1209,2021-07-30 12:00:00,Random Forest,12,0.581163591390511,0.7407303452629806,2020-07-30 12:00:00,2021-07-30 12:00:00,2021-07-30 12:00:00,365,1
1210,2021-07-30 12:00:00,Neural Network,12,0.581163591390511,0.23345727277268585,2020-07-30 12:00:00,2021-07-30 12:00:00,2021-07-30 12:00:00,365,1
1211,2021-07-30 12:00:00,Naive,12,0.581163591390511,-1.5076415486492658,2020-07-30 12:00:00,2021-07-30 12:00:00,2021-07-30 12:00:00,365,1
1212,2021-07-31 12:00:00,Decision Tree,12,-1.7210938082386424,-2.2635359312819117,2020-07-31 12:00:00,2021-07-31 12:00:00,2021-07-31 12:00:00,365,1
1213,2021-07-31 12:00:00,Random Forest,12,-1.7210938082386424,-1.9058374119044705,2020-07-31 12:00:00,2021-07-31 12:00:00,2021-07-31 12:00:00,365,1
1214,2021-07-31 12:00:00,Neural Network,12,-1.7210938082386424,-1.9026033461562344,2020-07-31 12:00:00,2021-07-31 12:00:00,2021-07-31 12:00:00,365,1
1215,2021-07-31 12:00:00,Naive,12,-1.7210938082386424,0.581163591390511,2020-07-31 12:00:00,2021-07-31 12:00:00,2021-07-31 12:00:00,365,1
1216,2021-08-01 12:00:00,Decision Tree,12,1.052553684293307,1.1696501614785828,2020-08-01 12:00:00,2021-08-01 12:00:00,2021-08-01 12:00:00,365,1
1217,2021-08-01 12:00:00,Random Forest,12,1.052553684293307,1.2547296557873262,2020-08-01 12:00:00,2021-08-01 12:00:00,2021-08-01 12:00:00,365,1
1218,2021-08-01 12:00:00,Neural Network,12,1.052553684293307,1.2024558780873478,2020-08-01 12:00:00,2021-08-01 12:00:00,2021-08-01 12:00:00,365,1
1219,2021-08-01 12:00:00,Naive,12,1.052553684293307,-1.7210938082386424,2020-08-01 12:00:00,2021-08-01 12:00:00,2021-08-01 12:00:00,365,1
1220,2021-08-02 12:00:00,Decision Tree,12,1.5297176228029465,1.6826659756813769,2020-08-02 12:00:00,2021-08-02 12:00:00,2021-08-02 12:00:00,365,1
1221,2021-08-02 12:00:00,Random Forest,12,1.5297176228029465,1.6431692040076256,2020-08-02 12:00:00,2021-08-02 12:00:00,2021-08-02 12:00:00,365,1
1222,2021-08-02 12:00:00,Neural Network,12,1.5297176228029465,1.4619825969761304,2020-08-02 12:00:00,2021-08-02 12:00:00,2021-08-02 12:00:00,365,1
1223,2021-08-02 12:00:00,Naive,12,1.5297176228029465,1.052553684293307,2020-08-02 12:00:00,2021-08-02 12:00:00,2021-08-02 12:00:00,365,1
1224,2021-08-03 12:00:00,Decision Tree,12,1.8787643051227099,1.9137881594623003,2020-08-03 12:00:00,2021-08-03 12:00:00,2021-08-03 12:00:00,365,1
1225,2021-08-03 12:00:00,Random Forest,12,1.8787643051227099,1.918368217748011,2020-08-03 12:00:00,2021-08-03 12:00:00,2021-08-03 12:00:00,365,1
1226,2021-08-03 12:00:00,Neural Network,12,1.8787643051227099,2.011030110649801,2020-08-03 12:00:00,2021-08-03 12:00:00,2021-08-03 12:00:00,365,1
1227,2021-08-03 12:00:00,Naive,12,1.8787643051227099,1.5297176228029465,2020-08-03 12:00:00,2021-08-03 12:00:00,2021-08-03 12:00:00,365,1
1228,2021-08-04 12:00:00,Decision Tree,12,1.935799913446283,2.0364049965515165,2020-08-04 12:00:00,2021-08-04 12:00:00,2021-08-04 12:00:00,365,1
1229,2021-08-04 12:00:00,Random Forest,12,1.935799913446283,1.9944897720796275,2020-08-04 12:00:00,2021-08-04 12:00:00,2021-08-04 12:00:00,365,1
1230,2021-08-04 12:00:00,Neural Network,12,1.935799913446283,2.0830746207984743,2020-08-04 12:00:00,2021-08-04 12:00:00,2021-08-04 12:00:00,365,1
1231,2021-08-04 12:00:00,Naive,12,1.935799913446283,1.8787643051227099,2020-08-04 12:00:00,2021-08-04 12:00:00,2021-08-04 12:00:00,365,1
1232,2021-08-05 12:00:00,Decision Tree,12,1.943286142761082,2.0220328418221976,2020-08-05 12:00:00,2021-08-05 12:00:00,2021-08-05 12:00:00,365,1
1233,2021-08-05 12:00:00,Random Forest,12,1.943286142761082,1.9930886453764864,2020-08-05 12:00:00,2021-08-05 12:00:00,2021-08-05 12:00:00,365,1
1234,2021-08-05 12:00:00,Neural Network,12,1.943286142761082,2.041633570185791,2020-08-05 12:00:00,2021-08-05 12:00:00,2021-08-05 12:00:00,365,1
1235,2021-08-05 12:00:00,Naive,12,1.943286142761082,1.935799913446283,2020-08-05 12:00:00,2021-08-05 12:00:00,2021-08-05 12:00:00,365,1
1236,2021-08-06 12:00:00,Decision Tree,12,1.1945149550879601,1.4290296444436001,2020-08-06 12:00:00,2021-08-06 12:00:00,2021-08-06 12:00:00,365,1
1237,2021-08-06 12:00:00,Random Forest,12,1.1945149550879601,1.375927885262394,2020-08-06 12:00:00,2021-08-06 12:00:00,2021-08-06 12:00:00,365,1
1238,2021-08-06 12:00:00,Neural Network,12,1.1945149550879601,1.2223541615763693,2020-08-06 12:00:00,2021-08-06 12:00:00,2021-08-06 12:00:00,365,1
1239,2021-08-06 12:00:00,Naive,12,1.1945149550879601,1.943286142761082,2020-08-06 12:00:00,2021-08-06 12:00:00,2021-08-06 12:00:00,365,1
1240,2021-08-07 12:00:00,Decision Tree,12,0.786880272233687,1.1028937691474219,2020-08-07 12:00:00,2021-08-07 12:00:00,2021-08-07 12:00:00,365,1
1241,2021-08-07 12:00:00,Random Forest,12,0.786880272233687,1.025039219614718,2020-08-07 12:00:00,2021-08-07 12:00:00,2021-08-07 12:00:00,365,1
1242,2021-08-07 12:00:00,Neural Network,12,0.786880272233687,0.8979267317533346,2020-08-07 12:00:00,2021-08-07 12:00:00,2021-08-07 12:00:00,365,1
1243,2021-08-07 12:00:00,Naive,12,0.786880272233687,1.1945149550879601,2020-08-07 12:00:00,2021-08-07 12:00:00,2021-08-07 12:00:00,365,1
1244,2021-08-08 12:00:00,Decision Tree,12,-1.8914669131163495,-2.3145635326025413,2020-08-08 12:00:00,2021-08-08 12:00:00,2021-08-08 12:00:00,365,1
1245,2021-08-08 12:00:00,Random Forest,12,-1.8914669131163495,-2.225468044647383,2020-08-08 12:00:00,2021-08-08 12:00:00,2021-08-08 12:00:00,365,1
1246,2021-08-08 12:00:00,Neural Network,12,-1.8914669131163495,-2.021689738265666,2020-08-08 12:00:00,2021-08-08 12:00:00,2021-08-08 12:00:00,365,1
1247,2021-08-08 12:00:00,Naive,12,-1.8914669131163495,0.786880272233687,2020-08-08 12:00:00,2021-08-08 12:00:00,2021-08-08 12:00:00,365,1
1248,2021-08-09 12:00:00,Decision Tree,12,1.0077338822836097,1.1028937691474219,2020-08-09 12:00:00,2021-08-09 12:00:00,2021-08-09 12:00:00,365,1
1249,2021-08-09 12:00:00,Random Forest,12,1.0077338822836097,1.0923187191022778,2020-08-09 12:00:00,2021-08-09 12:00:00,2021-08-09 12:00:00,365,1
1250,2021-08-09 12:00:00,Neural Network,12,1.0077338822836097,0.9357092939650904,2020-08-09 12:00:00,2021-08-09 12:00:00,2021-08-09 12:00:00,365,1
1251,2021-08-09 12:00:00,Naive,12,1.0077338822836097,-1.8914669131163495,2020-08-09 12:00:00,2021-08-09 12:00:00,2021-08-09 12:00:00,365,1
1252,2021-08-10 12:00:00,Decision Tree,12,1.6805798599882367,1.8198836241256742,2020-08-10 12:00:00,2021-08-10 12:00:00,2021-08-10 12:00:00,365,1
1253,2021-08-10 12:00:00,Random Forest,12,1.6805798599882367,1.7581729440080638,2020-08-10 12:00:00,2021-08-10 12:00:00,2021-08-10 12:00:00,365,1
1254,2021-08-10 12:00:00,Neural Network,12,1.6805798599882367,1.6527404186958268,2020-08-10 12:00:00,2021-08-10 12:00:00,2021-08-10 12:00:00,365,1
1255,2021-08-10 12:00:00,Naive,12,1.6805798599882367,1.0077338822836097,2020-08-10 12:00:00,2021-08-10 12:00:00,2021-08-10 12:00:00,365,1
1256,2021-08-11 12:00:00,Decision Tree,12,1.6779585620763933,1.6922722975874211,2020-08-11 12:00:00,2021-08-11 12:00:00,2021-08-11 12:00:00,365,1
1257,2021-08-11 12:00:00,Random Forest,12,1.6779585620763933,1.7005003291743461,2020-08-11 12:00:00,2021-08-11 12:00:00,2021-08-11 12:00:00,365,1
1258,2021-08-11 12:00:00,Neural Network,12,1.6779585620763933,1.7070531856330502,2020-08-11 12:00:00,2021-08-11 12:00:00,2021-08-11 12:00:00,365,1
1259,2021-08-11 12:00:00,Naive,12,1.6779585620763933,1.6805798599882367,2020-08-11 12:00:00,2021-08-11 12:00:00,2021-08-11 12:00:00,365,1
1260,2021-08-12 12:00:00,Decision Tree,12,1.8637607952794246,1.819883624125674,2020-08-12 12:00:00,2021-08-12 12:00:00,2021-08-12 12:00:00,365,1
1261,2021-08-12 12:00:00,Random Forest,12,1.8637607952794246,1.8424102868923462,2020-08-12 12:00:00,2021-08-12 12:00:00,2021-08-12 12:00:00,365,1
1262,2021-08-12 12:00:00,Neural Network,12,1.8637607952794246,1.91451287525196,2020-08-12 12:00:00,2021-08-12 12:00:00,2021-08-12 12:00:00,365,1
1263,2021-08-12 12:00:00,Naive,12,1.8637607952794246,1.6779585620763933,2020-08-12 12:00:00,2021-08-12 12:00:00,2021-08-12 12:00:00,365,1
1264,2021-08-13 12:00:00,Decision Tree,12,1.6524406731300656,1.6524779882438978,2020-08-13 12:00:00,2021-08-13 12:00:00,2021-08-13 12:00:00,365,1
1265,2021-08-13 12:00:00,Random Forest,12,1.6524406731300656,1.6779842926158672,2020-08-13 12:00:00,2021-08-13 12:00:00,2021-08-13 12:00:00,365,1
1266,2021-08-13 12:00:00,Neural Network,12,1.6524406731300656,1.767403202724111,2020-08-13 12:00:00,2021-08-13 12:00:00,2021-08-13 12:00:00,365,1
1267,2021-08-13 12:00:00,Naive,12,1.6524406731300656,1.8637607952794246,2020-08-13 12:00:00,2021-08-13 12:00:00,2021-08-13 12:00:00,365,1
1268,2021-08-14 12:00:00,Decision Tree,12,0.6307346659132067,0.8631780757295509,2020-08-14 12:00:00,2021-08-14 12:00:00,2021-08-14 12:00:00,365,1
1269,2021-08-14 12:00:00,Random Forest,12,0.6307346659132067,0.838863673834677,2020-08-14 12:00:00,2021-08-14 12:00:00,2021-08-14 12:00:00,365,1
1270,2021-08-14 12:00:00,Neural Network,12,0.6307346659132067,0.8534925009650132,2020-08-14 12:00:00,2021-08-14 12:00:00,2021-08-14 12:00:00,365,1
1271,2021-08-14 12:00:00,Naive,12,0.6307346659132067,1.6524406731300656,2020-08-14 12:00:00,2021-08-14 12:00:00,2021-08-14 12:00:00,365,1
1272,2021-08-15 12:00:00,Decision Tree,12,0.7360757934093362,0.8398315325881619,2020-08-15 12:00:00,2021-08-15 12:00:00,2021-08-15 12:00:00,365,1
1273,2021-08-15 12:00:00,Random Forest,12,0.7360757934093362,0.8528383420591955,2020-08-15 12:00:00,2021-08-15 12:00:00,2021-08-15 12:00:00,365,1
1274,2021-08-15 12:00:00,Neural Network,12,0.7360757934093362,0.6839273873498875,2020-08-15 12:00:00,2021-08-15 12:00:00,2021-08-15 12:00:00,365,1
1275,2021-08-15 12:00:00,Naive,12,0.7360757934093362,0.6307346659132067,2020-08-15 12:00:00,2021-08-15 12:00:00,2021-08-15 12:00:00,365,1
1276,2021-08-16 12:00:00,Decision Tree,12,0.9366422273491197,1.0954970749452815,2020-08-16 12:00:00,2021-08-16 12:00:00,2021-08-16 12:00:00,365,1
1277,2021-08-16 12:00:00,Random Forest,12,0.9366422273491197,1.0444122282134116,2020-08-16 12:00:00,2021-08-16 12:00:00,2021-08-16 12:00:00,365,1
1278,2021-08-16 12:00:00,Neural Network,12,0.9366422273491197,0.773468078101581,2020-08-16 12:00:00,2021-08-16 12:00:00,2021-08-16 12:00:00,365,1
1279,2021-08-16 12:00:00,Naive,12,0.9366422273491197,0.7360757934093362,2020-08-16 12:00:00,2021-08-16 12:00:00,2021-08-16 12:00:00,365,1
1280,2021-08-17 12:00:00,Decision Tree,12,-0.4896610218368264,-0.4779785864169277,2020-08-17 12:00:00,2021-08-17 12:00:00,2021-08-17 12:00:00,365,1
1281,2021-08-17 12:00:00,Random Forest,12,-0.4896610218368264,-0.4709232879782846,2020-08-17 12:00:00,2021-08-17 12:00:00,2021-08-17 12:00:00,365,1
1282,2021-08-17 12:00:00,Neural Network,12,-0.4896610218368264,-0.43581909930177964,2020-08-17 12:00:00,2021-08-17 12:00:00,2021-08-17 12:00:00,365,1
1283,2021-08-17 12:00:00,Naive,12,-0.4896610218368264,0.9366422273491197,2020-08-17 12:00:00,2021-08-17 12:00:00,2021-08-17 12:00:00,365,1
1284,2021-08-18 12:00:00,Decision Tree,12,1.6298793605097877,1.9035696522787267,2020-08-18 12:00:00,2021-08-18 12:00:00,2021-08-18 12:00:00,365,1
1285,2021-08-18 12:00:00,Random Forest,12,1.6298793605097877,1.8123201588367082,2020-08-18 12:00:00,2021-08-18 12:00:00,2021-08-18 12:00:00,365,1
1286,2021-08-18 12:00:00,Neural Network,12,1.6298793605097877,2.071378104698244,2020-08-18 12:00:00,2021-08-18 12:00:00,2021-08-18 12:00:00,365,1
1287,2021-08-18 12:00:00,Naive,12,1.6298793605097877,-0.4896610218368264,2020-08-18 12:00:00,2021-08-18 12:00:00,2021-08-18 12:00:00,365,1
1288,2021-08-19 12:00:00,Decision Tree,12,1.7951992379362685,1.9558989127228343,2020-08-19 12:00:00,2021-08-19 12:00:00,2021-08-19 12:00:00,365,1
1289,2021-08-19 12:00:00,Random Forest,12,1.7951992379362685,1.943459876282579,2020-08-19 12:00:00,2021-08-19 12:00:00,2021-08-19 12:00:00,365,1
1290,2021-08-19 12:00:00,Neural Network,12,1.7951992379362685,1.8657021791581592,2020-08-19 12:00:00,2021-08-19 12:00:00,2021-08-19 12:00:00,365,1
1291,2021-08-19 12:00:00,Naive,12,1.7951992379362685,1.6298793605097877,2020-08-19 12:00:00,2021-08-19 12:00:00,2021-08-19 12:00:00,365,1
1292,2021-08-20 12:00:00,Decision Tree,12,1.8996441336911847,2.0307659432367013,2020-08-20 12:00:00,2021-08-20 12:00:00,2021-08-20 12:00:00,365,1
1293,2021-08-20 12:00:00,Random Forest,12,1.8996441336911847,1.9223506546706517,2020-08-20 12:00:00,2021-08-20 12:00:00,2021-08-20 12:00:00,365,1
1294,2021-08-20 12:00:00,Neural Network,12,1.8996441336911847,1.9625810728729267,2020-08-20 12:00:00,2021-08-20 12:00:00,2021-08-20 12:00:00,365,1
1295,2021-08-20 12:00:00,Naive,12,1.8996441336911847,1.7951992379362685,2020-08-20 12:00:00,2021-08-20 12:00:00,2021-08-20 12:00:00,365,1
1296,2021-08-21 12:00:00,Decision Tree,12,1.5151835575539185,1.6492442821227633,2020-08-21 12:00:00,2021-08-21 12:00:00,2021-08-21 12:00:00,365,1
1297,2021-08-21 12:00:00,Random Forest,12,1.5151835575539185,1.6314225896948822,2020-08-21 12:00:00,2021-08-21 12:00:00,2021-08-21 12:00:00,365,1
1298,2021-08-21 12:00:00,Neural Network,12,1.5151835575539185,1.4150914627878262,2020-08-21 12:00:00,2021-08-21 12:00:00,2021-08-21 12:00:00,365,1
1299,2021-08-21 12:00:00,Naive,12,1.5151835575539185,1.8996441336911847,2020-08-21 12:00:00,2021-08-21 12:00:00,2021-08-21 12:00:00,365,1
1300,2021-08-22 12:00:00,Decision Tree,12,1.4562152199851472,1.4444976083786167,2020-08-22 12:00:00,2021-08-22 12:00:00,2021-08-22 12:00:00,365,1
1301,2021-08-22 12:00:00,Random Forest,12,1.4562152199851472,1.5608868890562417,2020-08-22 12:00:00,2021-08-22 12:00:00,2021-08-22 12:00:00,365,1
1302,2021-08-22 12:00:00,Neural Network,12,1.4562152199851472,1.506456273417053,2020-08-22 12:00:00,2021-08-22 12:00:00,2021-08-22 12:00:00,365,1
1303,2021-08-22 12:00:00,Naive,12,1.4562152199851472,1.5151835575539185,2020-08-22 12:00:00,2021-08-22 12:00:00,2021-08-22 12:00:00,365,1
1304,2021-08-23 12:00:00,Decision Tree,12,1.8928925730972939,2.0239716649437596,2020-08-23 12:00:00,2021-08-23 12:00:00,2021-08-23 12:00:00,365,1
1305,2021-08-23 12:00:00,Random Forest,12,1.8928925730972939,1.950393866077208,2020-08-23 12:00:00,2021-08-23 12:00:00,2021-08-23 12:00:00,365,1
1306,2021-08-23 12:00:00,Neural Network,12,1.8928925730972939,2.02814016981801,2020-08-23 12:00:00,2021-08-23 12:00:00,2021-08-23 12:00:00,365,1
1307,2021-08-23 12:00:00,Naive,12,1.8928925730972939,1.4562152199851472,2020-08-23 12:00:00,2021-08-23 12:00:00,2021-08-23 12:00:00,365,1
1308,2021-08-24 12:00:00,Decision Tree,12,1.6892009447569263,1.790351324681744,2020-08-24 12:00:00,2021-08-24 12:00:00,2021-08-24 12:00:00,365,1
1309,2021-08-24 12:00:00,Random Forest,12,1.6892009447569263,1.7974855823366946,2020-08-24 12:00:00,2021-08-24 12:00:00,2021-08-24 12:00:00,365,1
1310,2021-08-24 12:00:00,Neural Network,12,1.6892009447569263,1.846539220870945,2020-08-24 12:00:00,2021-08-24 12:00:00,2021-08-24 12:00:00,365,1
1311,2021-08-24 12:00:00,Naive,12,1.6892009447569263,1.8928925730972939,2020-08-24 12:00:00,2021-08-24 12:00:00,2021-08-24 12:00:00,365,1
1312,2021-08-25 12:00:00,Decision Tree,12,1.3810874870570702,1.4457995652237865,2020-08-25 12:00:00,2021-08-25 12:00:00,2021-08-25 12:00:00,365,1
1313,2021-08-25 12:00:00,Random Forest,12,1.3810874870570702,1.5053427815586569,2020-08-25 12:00:00,2021-08-25 12:00:00,2021-08-25 12:00:00,365,1
1314,2021-08-25 12:00:00,Neural Network,12,1.3810874870570702,1.4858799290745945,2020-08-25 12:00:00,2021-08-25 12:00:00,2021-08-25 12:00:00,365,1
1315,2021-08-25 12:00:00,Naive,12,1.3810874870570702,1.6892009447569263,2020-08-25 12:00:00,2021-08-25 12:00:00,2021-08-25 12:00:00,365,1
1316,2021-08-26 12:00:00,Decision Tree,12,1.8896994127776956,1.9533570264270783,2020-08-26 12:00:00,2021-08-26 12:00:00,2021-08-26 12:00:00,365,1
1317,2021-08-26 12:00:00,Random Forest,12,1.8896994127776956,1.9198426119408118,2020-08-26 12:00:00,2021-08-26 12:00:00,2021-08-26 12:00:00,365,1
1318,2021-08-26 12:00:00,Neural Network,12,1.8896994127776956,2.098598740986559,2020-08-26 12:00:00,2021-08-26 12:00:00,2021-08-26 12:00:00,365,1
1319,2021-08-26 12:00:00,Naive,12,1.8896994127776956,1.3810874870570702,2020-08-26 12:00:00,2021-08-26 12:00:00,2021-08-26 12:00:00,365,1
1320,2021-08-27 12:00:00,Decision Tree,12,1.8778707109956314,1.882466030126762,2020-08-27 12:00:00,2021-08-27 12:00:00,2021-08-27 12:00:00,365,1
1321,2021-08-27 12:00:00,Random Forest,12,1.8778707109956314,1.908262277032874,2020-08-27 12:00:00,2021-08-27 12:00:00,2021-08-27 12:00:00,365,1
1322,2021-08-27 12:00:00,Neural Network,12,1.8778707109956314,2.1158767913741405,2020-08-27 12:00:00,2021-08-27 12:00:00,2021-08-27 12:00:00,365,1
1323,2021-08-27 12:00:00,Naive,12,1.8778707109956314,1.8896994127776956,2020-08-27 12:00:00,2021-08-27 12:00:00,2021-08-27 12:00:00,365,1
1324,2021-08-28 12:00:00,Decision Tree,12,1.5348112048553237,1.8435554820272202,2020-08-28 12:00:00,2021-08-28 12:00:00,2021-08-28 12:00:00,365,1
1325,2021-08-28 12:00:00,Random Forest,12,1.5348112048553237,1.686133808062578,2020-08-28 12:00:00,2021-08-28 12:00:00,2021-08-28 12:00:00,365,1
1326,2021-08-28 12:00:00,Neural Network,12,1.5348112048553237,1.7068197018301086,2020-08-28 12:00:00,2021-08-28 12:00:00,2021-08-28 12:00:00,365,1
1327,2021-08-28 12:00:00,Naive,12,1.5348112048553237,1.8778707109956314,2020-08-28 12:00:00,2021-08-28 12:00:00,2021-08-28 12:00:00,365,1
1328,2021-08-29 12:00:00,Decision Tree,12,1.5700109943083929,1.6142656096600434,2020-08-29 12:00:00,2021-08-29 12:00:00,2021-08-29 12:00:00,365,1
1329,2021-08-29 12:00:00,Random Forest,12,1.5700109943083929,1.623938101996045,2020-08-29 12:00:00,2021-08-29 12:00:00,2021-08-29 12:00:00,365,1
1330,2021-08-29 12:00:00,Neural Network,12,1.5700109943083929,1.7024024822668187,2020-08-29 12:00:00,2021-08-29 12:00:00,2021-08-29 12:00:00,365,1
1331,2021-08-29 12:00:00,Naive,12,1.5700109943083929,1.5348112048553237,2020-08-29 12:00:00,2021-08-29 12:00:00,2021-08-29 12:00:00,365,1
1332,2021-08-30 12:00:00,Decision Tree,12,2.1708669015219213,1.876546796454152,2020-08-30 12:00:00,2021-08-30 12:00:00,2021-08-30 12:00:00,365,1
1333,2021-08-30 12:00:00,Random Forest,12,2.1708669015219213,1.9478848383818061,2020-08-30 12:00:00,2021-08-30 12:00:00,2021-08-30 12:00:00,365,1
1334,2021-08-30 12:00:00,Neural Network,12,2.1708669015219213,2.4445807020894246,2020-08-30 12:00:00,2021-08-30 12:00:00,2021-08-30 12:00:00,365,1
1335,2021-08-30 12:00:00,Naive,12,2.1708669015219213,1.5700109943083929,2020-08-30 12:00:00,2021-08-30 12:00:00,2021-08-30 12:00:00,365,1
1336,2021-08-31 12:00:00,Decision Tree,12,2.062375208901527,1.8603707739520001,2020-08-31 12:00:00,2021-08-31 12:00:00,2021-08-31 12:00:00,365,1
1337,2021-08-31 12:00:00,Random Forest,12,2.062375208901527,2.0169462292108657,2020-08-31 12:00:00,2021-08-31 12:00:00,2021-08-31 12:00:00,365,1
1338,2021-08-31 12:00:00,Neural Network,12,2.062375208901527,2.255474057105994,2020-08-31 12:00:00,2021-08-31 12:00:00,2021-08-31 12:00:00,365,1
1339,2021-08-31 12:00:00,Naive,12,2.062375208901527,2.1708669015219213,2020-08-31 12:00:00,2021-08-31 12:00:00,2021-08-31 12:00:00,365,1
1340,2021-09-01 12:00:00,Decision Tree,12,1.9258044762949384,2.2123046264819024,2020-09-01 12:00:00,2021-09-01 12:00:00,2021-09-01 12:00:00,365,1
1341,2021-09-01 12:00:00,Random Forest,12,1.9258044762949384,1.9899237185596652,2020-09-01 12:00:00,2021-09-01 12:00:00,2021-09-01 12:00:00,365,1
1342,2021-09-01 12:00:00,Neural Network,12,1.9258044762949384,2.082968159846112,2020-09-01 12:00:00,2021-09-01 12:00:00,2021-09-01 12:00:00,365,1
1343,2021-09-01 12:00:00,Naive,12,1.9258044762949384,2.062375208901527,2020-09-01 12:00:00,2021-09-01 12:00:00,2021-09-01 12:00:00,365,1
1344,2021-09-02 12:00:00,Decision Tree,12,1.9797618835947806,1.9284215714957045,2020-09-02 12:00:00,2021-09-02 12:00:00,2021-09-02 12:00:00,365,1
1345,2021-09-02 12:00:00,Random Forest,12,1.9797618835947806,1.9879618252375033,2020-09-02 12:00:00,2021-09-02 12:00:00,2021-09-02 12:00:00,365,1
1346,2021-09-02 12:00:00,Neural Network,12,1.9797618835947806,2.2245457744374324,2020-09-02 12:00:00,2021-09-02 12:00:00,2021-09-02 12:00:00,365,1
1347,2021-09-02 12:00:00,Naive,12,1.9797618835947806,1.9258044762949384,2020-09-02 12:00:00,2021-09-02 12:00:00,2021-09-02 12:00:00,365,1
1348,2021-09-03 12:00:00,Decision Tree,12,1.6858231292016137,1.8366460270012386,2020-09-03 12:00:00,2021-09-03 12:00:00,2021-09-03 12:00:00,365,1
1349,2021-09-03 12:00:00,Random Forest,12,1.6858231292016137,1.8095731999326419,2020-09-03 12:00:00,2021-09-03 12:00:00,2021-09-03 12:00:00,365,1
1350,2021-09-03 12:00:00,Neural Network,12,1.6858231292016137,1.788833566769135,2020-09-03 12:00:00,2021-09-03 12:00:00,2021-09-03 12:00:00,365,1
1351,2021-09-03 12:00:00,Naive,12,1.6858231292016137,1.9797618835947806,2020-09-03 12:00:00,2021-09-03 12:00:00,2021-09-03 12:00:00,365,1
1352,2021-09-04 12:00:00,Decision Tree,12,1.6785117339567712,1.8089060333289209,2020-09-04 12:00:00,2021-09-04 12:00:00,2021-09-04 12:00:00,365,1
1353,2021-09-04 12:00:00,Random Forest,12,1.6785117339567712,1.7505716766009163,2020-09-04 12:00:00,2021-09-04 12:00:00,2021-09-04 12:00:00,365,1
1354,2021-09-04 12:00:00,Neural Network,12,1.6785117339567712,1.7708113803287102,2020-09-04 12:00:00,2021-09-04 12:00:00,2021-09-04 12:00:00,365,1
1355,2021-09-04 12:00:00,Naive,12,1.6785117339567712,1.6858231292016137,2020-09-04 12:00:00,2021-09-04 12:00:00,2021-09-04 12:00:00,365,1
1356,2021-09-05 12:00:00,Decision Tree,12,1.5141849591453407,1.5776612511285848,2020-09-05 12:00:00,2021-09-05 12:00:00,2021-09-05 12:00:00,365,1
1357,2021-09-05 12:00:00,Random Forest,12,1.5141849591453407,1.5832757531700248,2020-09-05 12:00:00,2021-09-05 12:00:00,2021-09-05 12:00:00,365,1
1358,2021-09-05 12:00:00,Neural Network,12,1.5141849591453407,1.675449123419514,2020-09-05 12:00:00,2021-09-05 12:00:00,2021-09-05 12:00:00,365,1
1359,2021-09-05 12:00:00,Naive,12,1.5141849591453407,1.6785117339567712,2020-09-05 12:00:00,2021-09-05 12:00:00,2021-09-05 12:00:00,365,1
1360,2021-09-06 12:00:00,Decision Tree,12,1.9305109509765848,1.97855429352301,2020-09-06 12:00:00,2021-09-06 12:00:00,2021-09-06 12:00:00,365,1
1361,2021-09-06 12:00:00,Random Forest,12,1.9305109509765848,1.9561622018766998,2020-09-06 12:00:00,2021-09-06 12:00:00,2021-09-06 12:00:00,365,1
1362,2021-09-06 12:00:00,Neural Network,12,1.9305109509765848,2.10598062758629,2020-09-06 12:00:00,2021-09-06 12:00:00,2021-09-06 12:00:00,365,1
1363,2021-09-06 12:00:00,Naive,12,1.9305109509765848,1.5141849591453407,2020-09-06 12:00:00,2021-09-06 12:00:00,2021-09-06 12:00:00,365,1
1364,2021-09-07 12:00:00,Decision Tree,12,1.9667680855881042,1.9484093016937245,2020-09-07 12:00:00,2021-09-07 12:00:00,2021-09-07 12:00:00,365,1
1365,2021-09-07 12:00:00,Random Forest,12,1.9667680855881042,1.9687013690429338,2020-09-07 12:00:00,2021-09-07 12:00:00,2021-09-07 12:00:00,365,1
1366,2021-09-07 12:00:00,Neural Network,12,1.9667680855881042,2.2340534591828196,2020-09-07 12:00:00,2021-09-07 12:00:00,2021-09-07 12:00:00,365,1
1367,2021-09-07 12:00:00,Naive,12,1.9667680855881042,1.9305109509765848,2020-09-07 12:00:00,2021-09-07 12:00:00,2021-09-07 12:00:00,365,1
1368,2021-09-08 12:00:00,Decision Tree,12,1.9237717118282303,2.040668211360683,2020-09-08 12:00:00,2021-09-08 12:00:00,2021-09-08 12:00:00,365,1
1369,2021-09-08 12:00:00,Random Forest,12,1.9237717118282303,1.9585719107480069,2020-09-08 12:00:00,2021-09-08 12:00:00,2021-09-08 12:00:00,365,1
1370,2021-09-08 12:00:00,Neural Network,12,1.9237717118282303,2.0722790924614594,2020-09-08 12:00:00,2021-09-08 12:00:00,2021-09-08 12:00:00,365,1
1371,2021-09-08 12:00:00,Naive,12,1.9237717118282303,1.9667680855881042,2020-09-08 12:00:00,2021-09-08 12:00:00,2021-09-08 12:00:00,365,1
1372,2021-09-09 12:00:00,Decision Tree,12,1.977148510816462,1.9912192545850012,2020-09-09 12:00:00,2021-09-09 12:00:00,2021-09-09 12:00:00,365,1
1373,2021-09-09 12:00:00,Random Forest,12,1.977148510816462,1.9723752148385159,2020-09-09 12:00:00,2021-09-09 12:00:00,2021-09-09 12:00:00,365,1
1374,2021-09-09 12:00:00,Neural Network,12,1.977148510816462,2.146327254038921,2020-09-09 12:00:00,2021-09-09 12:00:00,2021-09-09 12:00:00,365,1
1375,2021-09-09 12:00:00,Naive,12,1.977148510816462,1.9237717118282303,2020-09-09 12:00:00,2021-09-09 12:00:00,2021-09-09 12:00:00,365,1
1376,2021-09-10 12:00:00,Decision Tree,12,2.3168114787974896,1.9892091483323529,2020-09-10 12:00:00,2021-09-10 12:00:00,2021-09-10 12:00:00,365,1
1377,2021-09-10 12:00:00,Random Forest,12,2.3168114787974896,2.005129971122863,2020-09-10 12:00:00,2021-09-10 12:00:00,2021-09-10 12:00:00,365,1
1378,2021-09-10 12:00:00,Neural Network,12,2.3168114787974896,2.541704727268406,2020-09-10 12:00:00,2021-09-10 12:00:00,2021-09-10 12:00:00,365,1
1379,2021-09-10 12:00:00,Naive,12,2.3168114787974896,1.977148510816462,2020-09-10 12:00:00,2021-09-10 12:00:00,2021-09-10 12:00:00,365,1
1380,2021-09-11 12:00:00,Decision Tree,12,2.120860347454152,1.8847735251682458,2020-09-11 12:00:00,2021-09-11 12:00:00,2021-09-11 12:00:00,365,1
1381,2021-09-11 12:00:00,Random Forest,12,2.120860347454152,2.031617058313932,2020-09-11 12:00:00,2021-09-11 12:00:00,2021-09-11 12:00:00,365,1
1382,2021-09-11 12:00:00,Neural Network,12,2.120860347454152,2.260792711454723,2020-09-11 12:00:00,2021-09-11 12:00:00,2021-09-11 12:00:00,365,1
1383,2021-09-11 12:00:00,Naive,12,2.120860347454152,2.3168114787974896,2020-09-11 12:00:00,2021-09-11 12:00:00,2021-09-11 12:00:00,365,1
1384,2021-09-12 12:00:00,Decision Tree,12,1.7203281466832634,1.8847735251682458,2020-09-12 12:00:00,2021-09-12 12:00:00,2021-09-12 12:00:00,365,1
1385,2021-09-12 12:00:00,Random Forest,12,1.7203281466832634,1.848186687146629,2020-09-12 12:00:00,2021-09-12 12:00:00,2021-09-12 12:00:00,365,1
1386,2021-09-12 12:00:00,Neural Network,12,1.7203281466832634,1.7331071101446605,2020-09-12 12:00:00,2021-09-12 12:00:00,2021-09-12 12:00:00,365,1
1387,2021-09-12 12:00:00,Naive,12,1.7203281466832634,2.120860347454152,2020-09-12 12:00:00,2021-09-12 12:00:00,2021-09-12 12:00:00,365,1
1388,2021-09-13 12:00:00,Decision Tree,12,2.0770511343319997,2.0887927263115467,2020-09-13 12:00:00,2021-09-13 12:00:00,2021-09-13 12:00:00,365,1
1389,2021-09-13 12:00:00,Random Forest,12,2.0770511343319997,2.093829454545654,2020-09-13 12:00:00,2021-09-13 12:00:00,2021-09-13 12:00:00,365,1
1390,2021-09-13 12:00:00,Neural Network,12,2.0770511343319997,2.2868303296096664,2020-09-13 12:00:00,2021-09-13 12:00:00,2021-09-13 12:00:00,365,1
1391,2021-09-13 12:00:00,Naive,12,2.0770511343319997,1.7203281466832634,2020-09-13 12:00:00,2021-09-13 12:00:00,2021-09-13 12:00:00,365,1
1392,2021-09-14 12:00:00,Decision Tree,12,2.0990313021939984,2.110849336060326,2020-09-14 12:00:00,2021-09-14 12:00:00,2021-09-14 12:00:00,365,1
1393,2021-09-14 12:00:00,Random Forest,12,2.0990313021939984,2.067488150578949,2020-09-14 12:00:00,2021-09-14 12:00:00,2021-09-14 12:00:00,365,1
1394,2021-09-14 12:00:00,Neural Network,12,2.0990313021939984,2.393296563830988,2020-09-14 12:00:00,2021-09-14 12:00:00,2021-09-14 12:00:00,365,1
1395,2021-09-14 12:00:00,Naive,12,2.0990313021939984,2.0770511343319997,2020-09-14 12:00:00,2021-09-14 12:00:00,2021-09-14 12:00:00,365,1
1396,2021-09-15 12:00:00,Decision Tree,12,2.629845024025938,2.2141707083801654,2020-09-15 12:00:00,2021-09-15 12:00:00,2021-09-15 12:00:00,365,1
1397,2021-09-15 12:00:00,Random Forest,12,2.629845024025938,2.1690354815859534,2020-09-15 12:00:00,2021-09-15 12:00:00,2021-09-15 12:00:00,365,1
1398,2021-09-15 12:00:00,Neural Network,12,2.629845024025938,2.9485007062033364,2020-09-15 12:00:00,2021-09-15 12:00:00,2021-09-15 12:00:00,365,1
1399,2021-09-15 12:00:00,Naive,12,2.629845024025938,2.0990313021939984,2020-09-15 12:00:00,2021-09-15 12:00:00,2021-09-15 12:00:00,365,1
1400,2021-09-16 12:00:00,Decision Tree,12,2.436625969066144,2.205096825054831,2020-09-16 12:00:00,2021-09-16 12:00:00,2021-09-16 12:00:00,365,1
1401,2021-09-16 12:00:00,Random Forest,12,2.436625969066144,2.298840608199728,2020-09-16 12:00:00,2021-09-16 12:00:00,2021-09-16 12:00:00,365,1
1402,2021-09-16 12:00:00,Neural Network,12,2.436625969066144,2.824350434555307,2020-09-16 12:00:00,2021-09-16 12:00:00,2021-09-16 12:00:00,365,1
1403,2021-09-16 12:00:00,Naive,12,2.436625969066144,2.629845024025938,2020-09-16 12:00:00,2021-09-16 12:00:00,2021-09-16 12:00:00,365,1
1404,2021-09-17 12:00:00,Decision Tree,12,2.472840493348131,2.135225894335833,2020-09-17 12:00:00,2021-09-17 12:00:00,2021-09-17 12:00:00,365,1
1405,2021-09-17 12:00:00,Random Forest,12,2.472840493348131,2.27011741684628,2020-09-17 12:00:00,2021-09-17 12:00:00,2021-09-17 12:00:00,365,1
1406,2021-09-17 12:00:00,Neural Network,12,2.472840493348131,2.6928123755604725,2020-09-17 12:00:00,2021-09-17 12:00:00,2021-09-17 12:00:00,365,1
1407,2021-09-17 12:00:00,Naive,12,2.472840493348131,2.436625969066144,2020-09-17 12:00:00,2021-09-17 12:00:00,2021-09-17 12:00:00,365,1
1408,2021-09-18 12:00:00,Decision Tree,12,2.0203316004014034,1.9644448463192123,2020-09-18 12:00:00,2021-09-18 12:00:00,2021-09-18 12:00:00,365,1
1409,2021-09-18 12:00:00,Random Forest,12,2.0203316004014034,2.0226856634997445,2020-09-18 12:00:00,2021-09-18 12:00:00,2021-09-18 12:00:00,365,1
1410,2021-09-18 12:00:00,Neural Network,12,2.0203316004014034,2.042721382068854,2020-09-18 12:00:00,2021-09-18 12:00:00,2021-09-18 12:00:00,365,1
1411,2021-09-18 12:00:00,Naive,12,2.0203316004014034,2.472840493348131,2020-09-18 12:00:00,2021-09-18 12:00:00,2021-09-18 12:00:00,365,1
1412,2021-09-19 12:00:00,Decision Tree,12,1.4814576910729387,1.576598587197431,2020-09-19 12:00:00,2021-09-19 12:00:00,2021-09-19 12:00:00,365,1
1413,2021-09-19 12:00:00,Random Forest,12,1.4814576910729387,1.5610439849175173,2020-09-19 12:00:00,2021-09-19 12:00:00,2021-09-19 12:00:00,365,1
1414,2021-09-19 12:00:00,Neural Network,12,1.4814576910729387,1.6670630269114597,2020-09-19 12:00:00,2021-09-19 12:00:00,2021-09-19 12:00:00,365,1
1415,2021-09-19 12:00:00,Naive,12,1.4814576910729387,2.0203316004014034,2020-09-19 12:00:00,2021-09-19 12:00:00,2021-09-19 12:00:00,365,1
1416,2021-09-20 12:00:00,Decision Tree,12,2.4168360768914146,2.357975035702296,2020-09-20 12:00:00,2021-09-20 12:00:00,2021-09-20 12:00:00,365,1
1417,2021-09-20 12:00:00,Random Forest,12,2.4168360768914146,2.3381468853311786,2020-09-20 12:00:00,2021-09-20 12:00:00,2021-09-20 12:00:00,365,1
1418,2021-09-20 12:00:00,Neural Network,12,2.4168360768914146,2.7452330229036344,2020-09-20 12:00:00,2021-09-20 12:00:00,2021-09-20 12:00:00,365,1
1419,2021-09-20 12:00:00,Naive,12,2.4168360768914146,1.4814576910729387,2020-09-20 12:00:00,2021-09-20 12:00:00,2021-09-20 12:00:00,365,1
1420,2021-09-21 12:00:00,Decision Tree,12,2.3243719789764428,2.454591808425824,2020-09-21 12:00:00,2021-09-21 12:00:00,2021-09-21 12:00:00,365,1
1421,2021-09-21 12:00:00,Random Forest,12,2.3243719789764428,2.346679881890133,2020-09-21 12:00:00,2021-09-21 12:00:00,2021-09-21 12:00:00,365,1
1422,2021-09-21 12:00:00,Neural Network,12,2.3243719789764428,2.324554671782046,2020-09-21 12:00:00,2021-09-21 12:00:00,2021-09-21 12:00:00,365,1
1423,2021-09-21 12:00:00,Naive,12,2.3243719789764428,2.4168360768914146,2020-09-21 12:00:00,2021-09-21 12:00:00,2021-09-21 12:00:00,365,1
1424,2021-09-22 12:00:00,Decision Tree,12,2.375479058113932,2.432888503517593,2020-09-22 12:00:00,2021-09-22 12:00:00,2021-09-22 12:00:00,365,1
1425,2021-09-22 12:00:00,Random Forest,12,2.375479058113932,2.394783908596318,2020-09-22 12:00:00,2021-09-22 12:00:00,2021-09-22 12:00:00,365,1
1426,2021-09-22 12:00:00,Neural Network,12,2.375479058113932,2.3838893494085323,2020-09-22 12:00:00,2021-09-22 12:00:00,2021-09-22 12:00:00,365,1
1427,2021-09-22 12:00:00,Naive,12,2.375479058113932,2.3243719789764428,2020-09-22 12:00:00,2021-09-22 12:00:00,2021-09-22 12:00:00,365,1
1428,2021-09-23 12:00:00,Decision Tree,12,-0.7206530128994466,-0.860739517234889,2020-09-23 12:00:00,2021-09-23 12:00:00,2021-09-23 12:00:00,365,1
1429,2021-09-23 12:00:00,Random Forest,12,-0.7206530128994466,-0.8012821956493879,2020-09-23 12:00:00,2021-09-23 12:00:00,2021-09-23 12:00:00,365,1
1430,2021-09-23 12:00:00,Neural Network,12,-0.7206530128994466,-0.5102611002086479,2020-09-23 12:00:00,2021-09-23 12:00:00,2021-09-23 12:00:00,365,1
1431,2021-09-23 12:00:00,Naive,12,-0.7206530128994466,2.375479058113932,2020-09-23 12:00:00,2021-09-23 12:00:00,2021-09-23 12:00:00,365,1
1432,2021-09-24 12:00:00,Decision Tree,12,1.5924042748395193,1.7138126385069685,2020-09-24 12:00:00,2021-09-24 12:00:00,2021-09-24 12:00:00,365,1
1433,2021-09-24 12:00:00,Random Forest,12,1.5924042748395193,1.7653746948633795,2020-09-24 12:00:00,2021-09-24 12:00:00,2021-09-24 12:00:00,365,1
1434,2021-09-24 12:00:00,Neural Network,12,1.5924042748395193,1.7379458909522618,2020-09-24 12:00:00,2021-09-24 12:00:00,2021-09-24 12:00:00,365,1
1435,2021-09-24 12:00:00,Naive,12,1.5924042748395193,-0.7206530128994466,2020-09-24 12:00:00,2021-09-24 12:00:00,2021-09-24 12:00:00,365,1
1436,2021-09-25 12:00:00,Decision Tree,12,1.676448476271225,1.6935779112290603,2020-09-25 12:00:00,2021-09-25 12:00:00,2021-09-25 12:00:00,365,1
1437,2021-09-25 12:00:00,Random Forest,12,1.676448476271225,1.757367104939141,2020-09-25 12:00:00,2021-09-25 12:00:00,2021-09-25 12:00:00,365,1
1438,2021-09-25 12:00:00,Neural Network,12,1.676448476271225,1.6654414450134358,2020-09-25 12:00:00,2021-09-25 12:00:00,2021-09-25 12:00:00,365,1
1439,2021-09-25 12:00:00,Naive,12,1.676448476271225,1.5924042748395193,2020-09-25 12:00:00,2021-09-25 12:00:00,2021-09-25 12:00:00,365,1
1440,2021-09-26 12:00:00,Decision Tree,12,1.8167272626752056,1.8847735251682458,2020-09-26 12:00:00,2021-09-26 12:00:00,2021-09-26 12:00:00,365,1
1441,2021-09-26 12:00:00,Random Forest,12,1.8167272626752056,1.888814659098742,2020-09-26 12:00:00,2021-09-26 12:00:00,2021-09-26 12:00:00,365,1
1442,2021-09-26 12:00:00,Neural Network,12,1.8167272626752056,1.8942870643408174,2020-09-26 12:00:00,2021-09-26 12:00:00,2021-09-26 12:00:00,365,1
1443,2021-09-26 12:00:00,Naive,12,1.8167272626752056,1.676448476271225,2020-09-26 12:00:00,2021-09-26 12:00:00,2021-09-26 12:00:00,365,1
1444,2021-09-27 12:00:00,Decision Tree,12,2.3055565437388648,2.424687154174213,2020-09-27 12:00:00,2021-09-27 12:00:00,2021-09-27 12:00:00,365,1
1445,2021-09-27 12:00:00,Random Forest,12,2.3055565437388648,2.357666035267177,2020-09-27 12:00:00,2021-09-27 12:00:00,2021-09-27 12:00:00,365,1
1446,2021-09-27 12:00:00,Neural Network,12,2.3055565437388648,2.441618575310367,2020-09-27 12:00:00,2021-09-27 12:00:00,2021-09-27 12:00:00,365,1
1447,2021-09-27 12:00:00,Naive,12,2.3055565437388648,1.8167272626752056,2020-09-27 12:00:00,2021-09-27 12:00:00,2021-09-27 12:00:00,365,1
1448,2021-09-28 12:00:00,Decision Tree,12,2.281407621702763,2.4097958278697944,2020-09-28 12:00:00,2021-09-28 12:00:00,2021-09-28 12:00:00,365,1
1449,2021-09-28 12:00:00,Random Forest,12,2.281407621702763,2.325985952035568,2020-09-28 12:00:00,2021-09-28 12:00:00,2021-09-28 12:00:00,365,1
1450,2021-09-28 12:00:00,Neural Network,12,2.281407621702763,2.373560628803415,2020-09-28 12:00:00,2021-09-28 12:00:00,2021-09-28 12:00:00,365,1
1451,2021-09-28 12:00:00,Naive,12,2.281407621702763,2.3055565437388648,2020-09-28 12:00:00,2021-09-28 12:00:00,2021-09-28 12:00:00,365,1
1452,2021-09-29 12:00:00,Decision Tree,12,2.1453301876422723,2.1520033001834427,2020-09-29 12:00:00,2021-09-29 12:00:00,2021-09-29 12:00:00,365,1
1453,2021-09-29 12:00:00,Random Forest,12,2.1453301876422723,2.178908755335965,2020-09-29 12:00:00,2021-09-29 12:00:00,2021-09-29 12:00:00,365,1
1454,2021-09-29 12:00:00,Neural Network,12,2.1453301876422723,2.2871571009401954,2020-09-29 12:00:00,2021-09-29 12:00:00,2021-09-29 12:00:00,365,1
1455,2021-09-29 12:00:00,Naive,12,2.1453301876422723,2.281407621702763,2020-09-29 12:00:00,2021-09-29 12:00:00,2021-09-29 12:00:00,365,1
1456,2021-09-30 12:00:00,Decision Tree,12,1.3682462618641187,1.6026818373143592,2020-09-30 12:00:00,2021-09-30 12:00:00,2021-09-30 12:00:00,365,1
1457,2021-09-30 12:00:00,Random Forest,12,1.3682462618641187,1.5916775100142444,2020-09-30 12:00:00,2021-09-30 12:00:00,2021-09-30 12:00:00,365,1
1458,2021-09-30 12:00:00,Neural Network,12,1.3682462618641187,1.3648976700778792,2020-09-30 12:00:00,2021-09-30 12:00:00,2021-09-30 12:00:00,365,1
1459,2021-09-30 12:00:00,Naive,12,1.3682462618641187,2.1453301876422723,2020-09-30 12:00:00,2021-09-30 12:00:00,2021-09-30 12:00:00,365,1
