,timestamp,model,hour,y_true,y_pred,train_start,train_end,test_day,train_rows,test_rows
0,2020-10-01 09:00:00,Decision Tree,9,0.9137109540468179,0.9328731967031187,2019-10-01 09:00:00,2020-10-01 09:00:00,2020-10-01 09:00:00,366,1
1,2020-10-01 09:00:00,Random Forest,9,0.9137109540468179,0.9316190861155356,2019-10-01 09:00:00,2020-10-01 09:00:00,2020-10-01 09:00:00,366,1
2,2020-10-01 09:00:00,Neural Network,9,0.9137109540468179,0.8464270104542235,2019-10-01 09:00:00,2020-10-01 09:00:00,2020-10-01 09:00:00,366,1
3,2020-10-01 09:00:00,Naive,9,0.9137109540468179,1.4707569293277376,2019-10-01 09:00:00,2020-10-01 09:00:00,2020-10-01 09:00:00,366,1
4,2020-10-02 09:00:00,Decision Tree,9,1.0054780838763493,0.9847493299149406,2019-10-02 09:00:00,2020-10-02 09:00:00,2020-10-02 09:00:00,366,1
5,2020-10-02 09:00:00,Random Forest,9,1.0054780838763493,0.9811672730216873,2019-10-02 09:00:00,2020-10-02 09:00:00,2020-10-02 09:00:00,366,1
6,2020-10-02 09:00:00,Neural Network,9,1.0054780838763493,0.9952046934847746,2019-10-02 09:00:00,2020-10-02 09:00:00,2020-10-02 09:00:00,366,1
7,2020-10-02 09:00:00,Naive,9,1.0054780838763493,0.9137109540468179,2019-10-02 09:00:00,2020-10-02 09:00:00,2020-10-02 09:00:00,366,1
8,2020-10-03 09:00:00,Decision Tree,9,-0.9545906685000544,-0.9242911157297569,2019-10-03 09:00:00,2020-10-03 09:00:00,2020-10-03 09:00:00,366,1
9,2020-10-03 09:00:00,Random Forest,9,-0.9545906685000544,-0.9402769931608163,2019-10-03 09:00:00,2020-10-03 09:00:00,2020-10-03 09:00:00,366,1
10,2020-10-03 09:00:00,Neural Network,9,-0.9545906685000544,-0.6445741113634311,2019-10-03 09:00:00,2020-10-03 09:00:00,2020-10-03 09:00:00,366,1
11,2020-10-03 09:00:00,Naive,9,-0.9545906685000544,1.0054780838763493,2019-10-03 09:00:00,2020-10-03 09:00:00,2020-10-03 09:00:00,366,1
12,2020-10-04 09:00:00,Decision Tree,9,-1.6578803403985891,-1.6691934378533062,2019-10-04 09:00:00,2020-10-04 09:00:00,2020-10-04 09:00:00,366,1
13,2020-10-04 09:00:00,Random Forest,9,-1.6578803403985891,-1.69922254909728,2019-10-04 09:00:00,2020-10-04 09:00:00,2020-10-04 09:00:00,366,1
14,2020-10-04 09:00:00,Neural Network,9,-1.6578803403985891,-1.5352087739171476,2019-10-04 09:00:00,2020-10-04 09:00:00,2020-10-04 09:00:00,366,1
15,2020-10-04 09:00:00,Naive,9,-1.6578803403985891,-0.9545906685000544,2019-10-04 09:00:00,2020-10-04 09:00:00,2020-10-04 09:00:00,366,1
16,2020-10-05 09:00:00,Decision Tree,9,0.6771867338927674,0.6783116509952387,2019-10-05 09:00:00,2020-10-05 09:00:00,2020-10-05 09:00:00,366,1
17,2020-10-05 09:00:00,Random Forest,9,0.6771867338927674,0.6695018405224862,2019-10-05 09:00:00,2020-10-05 09:00:00,2020-10-05 09:00:00,366,1
18,2020-10-05 09:00:00,Neural Network,9,0.6771867338927674,0.6429582241103248,2019-10-05 09:00:00,2020-10-05 09:00:00,2020-10-05 09:00:00,366,1
19,2020-10-05 09:00:00,Naive,9,0.6771867338927674,-1.6578803403985891,2019-10-05 09:00:00,2020-10-05 09:00:00,2020-10-05 09:00:00,366,1
20,2020-10-06 09:00:00,Decision Tree,9,0.5361362450581854,0.5147081552073611,2019-10-06 09:00:00,2020-10-06 09:00:00,2020-10-06 09:00:00,366,1
21,2020-10-06 09:00:00,Random Forest,9,0.5361362450581854,0.5227492502307504,2019-10-06 09:00:00,2020-10-06 09:00:00,2020-10-06 09:00:00,366,1
22,2020-10-06 09:00:00,Neural Network,9,0.5361362450581854,0.30761780945645706,2019-10-06 09:00:00,2020-10-06 09:00:00,2020-10-06 09:00:00,366,1
23,2020-10-06 09:00:00,Naive,9,0.5361362450581854,0.6771867338927674,2019-10-06 09:00:00,2020-10-06 09:00:00,2020-10-06 09:00:00,366,1
24,2020-10-07 09:00:00,Decision Tree,9,0.8445902946684659,0.8146565315276357,2019-10-07 09:00:00,2020-10-07 09:00:00,2020-10-07 09:00:00,366,1
25,2020-10-07 09:00:00,Random Forest,9,0.8445902946684659,0.8386097588488568,2019-10-07 09:00:00,2020-10-07 09:00:00,2020-10-07 09:00:00,366,1
26,2020-10-07 09:00:00,Neural Network,9,0.8445902946684659,0.8617638497682879,2019-10-07 09:00:00,2020-10-07 09:00:00,2020-10-07 09:00:00,366,1
27,2020-10-07 09:00:00,Naive,9,0.8445902946684659,0.5361362450581854,2019-10-07 09:00:00,2020-10-07 09:00:00,2020-10-07 09:00:00,366,1
28,2020-10-08 09:00:00,Decision Tree,9,0.7099005544793765,0.6781866602060753,2019-10-08 09:00:00,2020-10-08 09:00:00,2020-10-08 09:00:00,366,1
29,2020-10-08 09:00:00,Random Forest,9,0.7099005544793765,0.6968225715995008,2019-10-08 09:00:00,2020-10-08 09:00:00,2020-10-08 09:00:00,366,1
30,2020-10-08 09:00:00,Neural Network,9,0.7099005544793765,0.5891767948790698,2019-10-08 09:00:00,2020-10-08 09:00:00,2020-10-08 09:00:00,366,1
31,2020-10-08 09:00:00,Naive,9,0.7099005544793765,0.8445902946684659,2019-10-08 09:00:00,2020-10-08 09:00:00,2020-10-08 09:00:00,366,1
32,2020-10-09 09:00:00,Decision Tree,9,1.2257686171859554,1.190044321552914,2019-10-09 09:00:00,2020-10-09 09:00:00,2020-10-09 09:00:00,366,1
33,2020-10-09 09:00:00,Random Forest,9,1.2257686171859554,1.2233669772870643,2019-10-09 09:00:00,2020-10-09 09:00:00,2020-10-09 09:00:00,366,1
34,2020-10-09 09:00:00,Neural Network,9,1.2257686171859554,1.2459914540907657,2019-10-09 09:00:00,2020-10-09 09:00:00,2020-10-09 09:00:00,366,1
35,2020-10-09 09:00:00,Naive,9,1.2257686171859554,0.7099005544793765,2019-10-09 09:00:00,2020-10-09 09:00:00,2020-10-09 09:00:00,366,1
36,2020-10-10 09:00:00,Decision Tree,9,0.1655650423778854,0.1659200154900705,2019-10-10 09:00:00,2020-10-10 09:00:00,2020-10-10 09:00:00,366,1
37,2020-10-10 09:00:00,Random Forest,9,0.1655650423778854,0.14909997747280293,2019-10-10 09:00:00,2020-10-10 09:00:00,2020-10-10 09:00:00,366,1
38,2020-10-10 09:00:00,Neural Network,9,0.1655650423778854,0.06052286738701432,2019-10-10 09:00:00,2020-10-10 09:00:00,2020-10-10 09:00:00,366,1
39,2020-10-10 09:00:00,Naive,9,0.1655650423778854,1.2257686171859554,2019-10-10 09:00:00,2020-10-10 09:00:00,2020-10-10 09:00:00,366,1
40,2020-10-11 09:00:00,Decision Tree,9,-0.2756683411722792,-0.308131629378337,2019-10-11 09:00:00,2020-10-11 09:00:00,2020-10-11 09:00:00,366,1
41,2020-10-11 09:00:00,Random Forest,9,-0.2756683411722792,-0.2843702512711202,2019-10-11 09:00:00,2020-10-11 09:00:00,2020-10-11 09:00:00,366,1
42,2020-10-11 09:00:00,Neural Network,9,-0.2756683411722792,-0.12872034272152982,2019-10-11 09:00:00,2020-10-11 09:00:00,2020-10-11 09:00:00,366,1
43,2020-10-11 09:00:00,Naive,9,-0.2756683411722792,0.1655650423778854,2019-10-11 09:00:00,2020-10-11 09:00:00,2020-10-11 09:00:00,366,1
44,2020-10-12 09:00:00,Decision Tree,9,1.2958167802892124,1.323799954204449,2019-10-12 09:00:00,2020-10-12 09:00:00,2020-10-12 09:00:00,366,1
45,2020-10-12 09:00:00,Random Forest,9,1.2958167802892124,1.2766274896224343,2019-10-12 09:00:00,2020-10-12 09:00:00,2020-10-12 09:00:00,366,1
46,2020-10-12 09:00:00,Neural Network,9,1.2958167802892124,1.2830986311938046,2019-10-12 09:00:00,2020-10-12 09:00:00,2020-10-12 09:00:00,366,1
47,2020-10-12 09:00:00,Naive,9,1.2958167802892124,-0.2756683411722792,2019-10-12 09:00:00,2020-10-12 09:00:00,2020-10-12 09:00:00,366,1
48,2020-10-13 09:00:00,Decision Tree,9,1.4420211581563869,1.3198023579308438,2019-10-13 09:00:00,2020-10-13 09:00:00,2020-10-13 09:00:00,366,1
49,2020-10-13 09:00:00,Random Forest,9,1.4420211581563869,1.4392845736484767,2019-10-13 09:00:00,2020-10-13 09:00:00,2020-10-13 09:00:00,366,1
50,2020-10-13 09:00:00,Neural Network,9,1.4420211581563869,1.4789166158821945,2019-10-13 09:00:00,2020-10-13 09:00:00,2020-10-13 09:00:00,366,1
51,2020-10-13 09:00:00,Naive,9,1.4420211581563869,1.2958167802892124,2019-10-13 09:00:00,2020-10-13 09:00:00,2020-10-13 09:00:00,366,1
52,2020-10-14 09:00:00,Decision Tree,9,0.3508471136928601,0.3346445317580235,2019-10-14 09:00:00,2020-10-14 09:00:00,2020-10-14 09:00:00,366,1
53,2020-10-14 09:00:00,Random Forest,9,0.3508471136928601,0.3305616852632492,2019-10-14 09:00:00,2020-10-14 09:00:00,2020-10-14 09:00:00,366,1
54,2020-10-14 09:00:00,Neural Network,9,0.3508471136928601,0.25069232434645544,2019-10-14 09:00:00,2020-10-14 09:00:00,2020-10-14 09:00:00,366,1
55,2020-10-14 09:00:00,Naive,9,0.3508471136928601,1.4420211581563869,2019-10-14 09:00:00,2020-10-14 09:00:00,2020-10-14 09:00:00,366,1
56,2020-10-15 09:00:00,Decision Tree,9,0.6887510336365043,0.6790903414731734,2019-10-15 09:00:00,2020-10-15 09:00:00,2020-10-15 09:00:00,366,1
57,2020-10-15 09:00:00,Random Forest,9,0.6887510336365043,0.6690025901041882,2019-10-15 09:00:00,2020-10-15 09:00:00,2020-10-15 09:00:00,366,1
58,2020-10-15 09:00:00,Neural Network,9,0.6887510336365043,0.6343512659491746,2019-10-15 09:00:00,2020-10-15 09:00:00,2020-10-15 09:00:00,366,1
59,2020-10-15 09:00:00,Naive,9,0.6887510336365043,0.3508471136928601,2019-10-15 09:00:00,2020-10-15 09:00:00,2020-10-15 09:00:00,366,1
60,2020-10-16 09:00:00,Decision Tree,9,1.3938028740215622,1.3198023579308438,2019-10-16 09:00:00,2020-10-16 09:00:00,2020-10-16 09:00:00,366,1
61,2020-10-16 09:00:00,Random Forest,9,1.3938028740215622,1.351735258171868,2019-10-16 09:00:00,2020-10-16 09:00:00,2020-10-16 09:00:00,366,1
62,2020-10-16 09:00:00,Neural Network,9,1.3938028740215622,1.4207338257761102,2019-10-16 09:00:00,2020-10-16 09:00:00,2020-10-16 09:00:00,366,1
63,2020-10-16 09:00:00,Naive,9,1.3938028740215622,0.6887510336365043,2019-10-16 09:00:00,2020-10-16 09:00:00,2020-10-16 09:00:00,366,1
64,2020-10-17 09:00:00,Decision Tree,9,0.7877700148003234,0.7494971546300827,2019-10-17 09:00:00,2020-10-17 09:00:00,2020-10-17 09:00:00,366,1
65,2020-10-17 09:00:00,Random Forest,9,0.7877700148003234,0.7570299490962159,2019-10-17 09:00:00,2020-10-17 09:00:00,2020-10-17 09:00:00,366,1
66,2020-10-17 09:00:00,Neural Network,9,0.7877700148003234,0.8811905155418717,2019-10-17 09:00:00,2020-10-17 09:00:00,2020-10-17 09:00:00,366,1
67,2020-10-17 09:00:00,Naive,9,0.7877700148003234,1.3938028740215622,2019-10-17 09:00:00,2020-10-17 09:00:00,2020-10-17 09:00:00,366,1
68,2020-10-18 09:00:00,Decision Tree,9,-0.6286586037180313,-0.6178044712495646,2019-10-18 09:00:00,2020-10-18 09:00:00,2020-10-18 09:00:00,366,1
69,2020-10-18 09:00:00,Random Forest,9,-0.6286586037180313,-0.6278672887449622,2019-10-18 09:00:00,2020-10-18 09:00:00,2020-10-18 09:00:00,366,1
70,2020-10-18 09:00:00,Neural Network,9,-0.6286586037180313,-0.6010291878051748,2019-10-18 09:00:00,2020-10-18 09:00:00,2020-10-18 09:00:00,366,1
71,2020-10-18 09:00:00,Naive,9,-0.6286586037180313,0.7877700148003234,2019-10-18 09:00:00,2020-10-18 09:00:00,2020-10-18 09:00:00,366,1
72,2020-10-19 09:00:00,Decision Tree,9,1.4360600818595313,1.3290524224421836,2019-10-19 09:00:00,2020-10-19 09:00:00,2020-10-19 09:00:00,366,1
73,2020-10-19 09:00:00,Random Forest,9,1.4360600818595313,1.4128009017946312,2019-10-19 09:00:00,2020-10-19 09:00:00,2020-10-19 09:00:00,366,1
74,2020-10-19 09:00:00,Neural Network,9,1.4360600818595313,1.4402804326841832,2019-10-19 09:00:00,2020-10-19 09:00:00,2020-10-19 09:00:00,366,1
75,2020-10-19 09:00:00,Naive,9,1.4360600818595313,-0.6286586037180313,2019-10-19 09:00:00,2020-10-19 09:00:00,2020-10-19 09:00:00,366,1
76,2020-10-20 09:00:00,Decision Tree,9,0.21439316545865192,0.2002668855373097,2019-10-20 09:00:00,2020-10-20 09:00:00,2020-10-20 09:00:00,366,1
77,2020-10-20 09:00:00,Random Forest,9,0.21439316545865192,0.1859967823658985,2019-10-20 09:00:00,2020-10-20 09:00:00,2020-10-20 09:00:00,366,1
78,2020-10-20 09:00:00,Neural Network,9,0.21439316545865192,0.2997902333445739,2019-10-20 09:00:00,2020-10-20 09:00:00,2020-10-20 09:00:00,366,1
79,2020-10-20 09:00:00,Naive,9,0.21439316545865192,1.4360600818595313,2019-10-20 09:00:00,2020-10-20 09:00:00,2020-10-20 09:00:00,366,1
80,2020-10-21 09:00:00,Decision Tree,9,0.9362725672961472,0.8510052927456337,2019-10-21 09:00:00,2020-10-21 09:00:00,2020-10-21 09:00:00,366,1
81,2020-10-21 09:00:00,Random Forest,9,0.9362725672961472,0.8931697110779314,2019-10-21 09:00:00,2020-10-21 09:00:00,2020-10-21 09:00:00,366,1
82,2020-10-21 09:00:00,Neural Network,9,0.9362725672961472,0.8959497963644891,2019-10-21 09:00:00,2020-10-21 09:00:00,2020-10-21 09:00:00,366,1
83,2020-10-21 09:00:00,Naive,9,0.9362725672961472,0.21439316545865192,2019-10-21 09:00:00,2020-10-21 09:00:00,2020-10-21 09:00:00,366,1
84,2020-10-22 09:00:00,Decision Tree,9,0.6177532097709321,0.574768465227338,2019-10-22 09:00:00,2020-10-22 09:00:00,2020-10-22 09:00:00,366,1
85,2020-10-22 09:00:00,Random Forest,9,0.6177532097709321,0.5804811578185017,2019-10-22 09:00:00,2020-10-22 09:00:00,2020-10-22 09:00:00,366,1
86,2020-10-22 09:00:00,Neural Network,9,0.6177532097709321,0.4219868620535504,2019-10-22 09:00:00,2020-10-22 09:00:00,2020-10-22 09:00:00,366,1
87,2020-10-22 09:00:00,Naive,9,0.6177532097709321,0.9362725672961472,2019-10-22 09:00:00,2020-10-22 09:00:00,2020-10-22 09:00:00,366,1
88,2020-10-23 09:00:00,Decision Tree,9,1.3231148640906678,1.2650715975199742,2019-10-23 09:00:00,2020-10-23 09:00:00,2020-10-23 09:00:00,366,1
89,2020-10-23 09:00:00,Random Forest,9,1.3231148640906678,1.2825222436953168,2019-10-23 09:00:00,2020-10-23 09:00:00,2020-10-23 09:00:00,366,1
90,2020-10-23 09:00:00,Neural Network,9,1.3231148640906678,1.2716210215199963,2019-10-23 09:00:00,2020-10-23 09:00:00,2020-10-23 09:00:00,366,1
91,2020-10-23 09:00:00,Naive,9,1.3231148640906678,0.6177532097709321,2019-10-23 09:00:00,2020-10-23 09:00:00,2020-10-23 09:00:00,366,1
92,2020-10-24 09:00:00,Decision Tree,9,0.38873116613006586,0.33695918632014293,2019-10-24 09:00:00,2020-10-24 09:00:00,2020-10-24 09:00:00,366,1
93,2020-10-24 09:00:00,Random Forest,9,0.38873116613006586,0.34999575113993064,2019-10-24 09:00:00,2020-10-24 09:00:00,2020-10-24 09:00:00,366,1
94,2020-10-24 09:00:00,Neural Network,9,0.38873116613006586,0.17410238782671023,2019-10-24 09:00:00,2020-10-24 09:00:00,2020-10-24 09:00:00,366,1
95,2020-10-24 09:00:00,Naive,9,0.38873116613006586,1.3231148640906678,2019-10-24 09:00:00,2020-10-24 09:00:00,2020-10-24 09:00:00,366,1
96,2020-10-25 09:00:00,Decision Tree,9,-1.6855472791529467,-1.6677793006714667,2019-10-25 09:00:00,2020-10-25 09:00:00,2020-10-25 09:00:00,366,1
97,2020-10-25 09:00:00,Random Forest,9,-1.6855472791529467,-1.6634773047123201,2019-10-25 09:00:00,2020-10-25 09:00:00,2020-10-25 09:00:00,366,1
98,2020-10-25 09:00:00,Neural Network,9,-1.6855472791529467,-1.5384011579687336,2019-10-25 09:00:00,2020-10-25 09:00:00,2020-10-25 09:00:00,366,1
99,2020-10-25 09:00:00,Naive,9,-1.6855472791529467,0.38873116613006586,2019-10-25 09:00:00,2020-10-25 09:00:00,2020-10-25 09:00:00,366,1
100,2020-10-26 09:00:00,Decision Tree,9,0.8584282095981299,0.7886530179104794,2019-10-26 09:00:00,2020-10-26 09:00:00,2020-10-26 09:00:00,366,1
101,2020-10-26 09:00:00,Random Forest,9,0.8584282095981299,0.8171473743243822,2019-10-26 09:00:00,2020-10-26 09:00:00,2020-10-26 09:00:00,366,1
102,2020-10-26 09:00:00,Neural Network,9,0.8584282095981299,1.0754855676460429,2019-10-26 09:00:00,2020-10-26 09:00:00,2020-10-26 09:00:00,366,1
103,2020-10-26 09:00:00,Naive,9,0.8584282095981299,-1.6855472791529467,2019-10-26 09:00:00,2020-10-26 09:00:00,2020-10-26 09:00:00,366,1
104,2020-10-27 09:00:00,Decision Tree,9,0.523748097082409,0.5142145693764071,2019-10-27 09:00:00,2020-10-27 09:00:00,2020-10-27 09:00:00,366,1
105,2020-10-27 09:00:00,Random Forest,9,0.523748097082409,0.4855437117119742,2019-10-27 09:00:00,2020-10-27 09:00:00,2020-10-27 09:00:00,366,1
106,2020-10-27 09:00:00,Neural Network,9,0.523748097082409,0.6000591188568039,2019-10-27 09:00:00,2020-10-27 09:00:00,2020-10-27 09:00:00,366,1
107,2020-10-27 09:00:00,Naive,9,0.523748097082409,0.8584282095981299,2019-10-27 09:00:00,2020-10-27 09:00:00,2020-10-27 09:00:00,366,1
108,2020-10-28 09:00:00,Decision Tree,9,0.6061566914814369,0.5844800763461192,2019-10-28 09:00:00,2020-10-28 09:00:00,2020-10-28 09:00:00,366,1
109,2020-10-28 09:00:00,Random Forest,9,0.6061566914814369,0.5660398290719371,2019-10-28 09:00:00,2020-10-28 09:00:00,2020-10-28 09:00:00,366,1
110,2020-10-28 09:00:00,Neural Network,9,0.6061566914814369,0.5399423069434238,2019-10-28 09:00:00,2020-10-28 09:00:00,2020-10-28 09:00:00,366,1
111,2020-10-28 09:00:00,Naive,9,0.6061566914814369,0.523748097082409,2019-10-28 09:00:00,2020-10-28 09:00:00,2020-10-28 09:00:00,366,1
112,2020-10-29 09:00:00,Decision Tree,9,0.3958722945014075,0.3743242702835537,2019-10-29 09:00:00,2020-10-29 09:00:00,2020-10-29 09:00:00,366,1
113,2020-10-29 09:00:00,Random Forest,9,0.3958722945014075,0.3714180313602013,2019-10-29 09:00:00,2020-10-29 09:00:00,2020-10-29 09:00:00,366,1
114,2020-10-29 09:00:00,Neural Network,9,0.3958722945014075,0.36454436379335353,2019-10-29 09:00:00,2020-10-29 09:00:00,2020-10-29 09:00:00,366,1
115,2020-10-29 09:00:00,Naive,9,0.3958722945014075,0.6061566914814369,2019-10-29 09:00:00,2020-10-29 09:00:00,2020-10-29 09:00:00,366,1
116,2020-10-30 09:00:00,Decision Tree,9,-0.05448468439870537,-0.08389145236279884,2019-10-30 09:00:00,2020-10-30 09:00:00,2020-10-30 09:00:00,366,1
117,2020-10-30 09:00:00,Random Forest,9,-0.05448468439870537,-0.08140911345400734,2019-10-30 09:00:00,2020-10-30 09:00:00,2020-10-30 09:00:00,366,1
118,2020-10-30 09:00:00,Neural Network,9,-0.05448468439870537,0.10773851633378019,2019-10-30 09:00:00,2020-10-30 09:00:00,2020-10-30 09:00:00,366,1
119,2020-10-30 09:00:00,Naive,9,-0.05448468439870537,0.3958722945014075,2019-10-30 09:00:00,2020-10-30 09:00:00,2020-10-30 09:00:00,366,1
120,2020-10-31 09:00:00,Decision Tree,9,0.21919440544184154,0.15802458395676072,2019-10-31 09:00:00,2020-10-31 09:00:00,2020-10-31 09:00:00,366,1
121,2020-10-31 09:00:00,Random Forest,9,0.21919440544184154,0.18174813403252665,2019-10-31 09:00:00,2020-10-31 09:00:00,2020-10-31 09:00:00,366,1
122,2020-10-31 09:00:00,Neural Network,9,0.21919440544184154,0.3433654917339704,2019-10-31 09:00:00,2020-10-31 09:00:00,2020-10-31 09:00:00,366,1
123,2020-10-31 09:00:00,Naive,9,0.21919440544184154,-0.05448468439870537,2019-10-31 09:00:00,2020-10-31 09:00:00,2020-10-31 09:00:00,366,1
124,2020-11-01 09:00:00,Decision Tree,9,-1.0679453144458781,-1.0377778496412216,2019-11-01 09:00:00,2020-11-01 09:00:00,2020-11-01 09:00:00,366,1
125,2020-11-01 09:00:00,Random Forest,9,-1.0679453144458781,-1.0567351532938034,2019-11-01 09:00:00,2020-11-01 09:00:00,2020-11-01 09:00:00,366,1
126,2020-11-01 09:00:00,Neural Network,9,-1.0679453144458781,-0.8541601378936068,2019-11-01 09:00:00,2020-11-01 09:00:00,2020-11-01 09:00:00,366,1
127,2020-11-01 09:00:00,Naive,9,-1.0679453144458781,0.21919440544184154,2019-11-01 09:00:00,2020-11-01 09:00:00,2020-11-01 09:00:00,366,1
128,2020-11-02 09:00:00,Decision Tree,9,-0.3984211713234575,-0.41502144684929093,2019-11-02 09:00:00,2020-11-02 09:00:00,2020-11-02 09:00:00,366,1
129,2020-11-02 09:00:00,Random Forest,9,-0.3984211713234575,-0.4036771763041841,2019-11-02 09:00:00,2020-11-02 09:00:00,2020-11-02 09:00:00,366,1
130,2020-11-02 09:00:00,Neural Network,9,-0.3984211713234575,-0.1841551925335435,2019-11-02 09:00:00,2020-11-02 09:00:00,2020-11-02 09:00:00,366,1
131,2020-11-02 09:00:00,Naive,9,-0.3984211713234575,-1.0679453144458781,2019-11-02 09:00:00,2020-11-02 09:00:00,2020-11-02 09:00:00,366,1
132,2020-11-03 09:00:00,Decision Tree,9,0.2722236726036284,0.21227933761799367,2019-11-03 09:00:00,2020-11-03 09:00:00,2020-11-03 09:00:00,366,1
133,2020-11-03 09:00:00,Random Forest,9,0.2722236726036284,0.21565224867517693,2019-11-03 09:00:00,2020-11-03 09:00:00,2020-11-03 09:00:00,366,1
134,2020-11-03 09:00:00,Neural Network,9,0.2722236726036284,0.5440843473222994,2019-11-03 09:00:00,2020-11-03 09:00:00,2020-11-03 09:00:00,366,1
135,2020-11-03 09:00:00,Naive,9,0.2722236726036284,-0.3984211713234575,2019-11-03 09:00:00,2020-11-03 09:00:00,2020-11-03 09:00:00,366,1
136,2020-11-04 09:00:00,Decision Tree,9,0.6916301194306603,0.6067942204273533,2019-11-04 09:00:00,2020-11-04 09:00:00,2020-11-04 09:00:00,366,1
137,2020-11-04 09:00:00,Random Forest,9,0.6916301194306603,0.623514103772461,2019-11-04 09:00:00,2020-11-04 09:00:00,2020-11-04 09:00:00,366,1
138,2020-11-04 09:00:00,Neural Network,9,0.6916301194306603,0.7739386502126496,2019-11-04 09:00:00,2020-11-04 09:00:00,2020-11-04 09:00:00,366,1
139,2020-11-04 09:00:00,Naive,9,0.6916301194306603,0.2722236726036284,2019-11-04 09:00:00,2020-11-04 09:00:00,2020-11-04 09:00:00,366,1
140,2020-11-05 09:00:00,Decision Tree,9,0.5920915382102508,0.5141546239168887,2019-11-05 09:00:00,2020-11-05 09:00:00,2020-11-05 09:00:00,366,1
141,2020-11-05 09:00:00,Random Forest,9,0.5920915382102508,0.535261887181839,2019-11-05 09:00:00,2020-11-05 09:00:00,2020-11-05 09:00:00,366,1
142,2020-11-05 09:00:00,Neural Network,9,0.5920915382102508,0.6598124927092193,2019-11-05 09:00:00,2020-11-05 09:00:00,2020-11-05 09:00:00,366,1
143,2020-11-05 09:00:00,Naive,9,0.5920915382102508,0.6916301194306603,2019-11-05 09:00:00,2020-11-05 09:00:00,2020-11-05 09:00:00,366,1
144,2020-11-06 09:00:00,Decision Tree,9,0.8123285683691148,0.7268337360008577,2019-11-06 09:00:00,2020-11-06 09:00:00,2020-11-06 09:00:00,366,1
145,2020-11-06 09:00:00,Random Forest,9,0.8123285683691148,0.7636029456365793,2019-11-06 09:00:00,2020-11-06 09:00:00,2020-11-06 09:00:00,366,1
146,2020-11-06 09:00:00,Neural Network,9,0.8123285683691148,0.8992662298529126,2019-11-06 09:00:00,2020-11-06 09:00:00,2020-11-06 09:00:00,366,1
147,2020-11-06 09:00:00,Naive,9,0.8123285683691148,0.5920915382102508,2019-11-06 09:00:00,2020-11-06 09:00:00,2020-11-06 09:00:00,366,1
148,2020-11-07 09:00:00,Decision Tree,9,-0.06710671020436364,-0.1225438795719211,2019-11-07 09:00:00,2020-11-07 09:00:00,2020-11-07 09:00:00,366,1
149,2020-11-07 09:00:00,Random Forest,9,-0.06710671020436364,-0.10826118153370218,2019-11-07 09:00:00,2020-11-07 09:00:00,2020-11-07 09:00:00,366,1
150,2020-11-07 09:00:00,Neural Network,9,-0.06710671020436364,0.23931191404246055,2019-11-07 09:00:00,2020-11-07 09:00:00,2020-11-07 09:00:00,366,1
151,2020-11-07 09:00:00,Naive,9,-0.06710671020436364,0.8123285683691148,2019-11-07 09:00:00,2020-11-07 09:00:00,2020-11-07 09:00:00,366,1
152,2020-11-08 09:00:00,Decision Tree,9,-0.13173538861966524,-0.19121735482969152,2019-11-08 09:00:00,2020-11-08 09:00:00,2020-11-08 09:00:00,366,1
153,2020-11-08 09:00:00,Random Forest,9,-0.13173538861966524,-0.19088257689936058,2019-11-08 09:00:00,2020-11-08 09:00:00,2020-11-08 09:00:00,366,1
154,2020-11-08 09:00:00,Neural Network,9,-0.13173538861966524,0.15801349091297984,2019-11-08 09:00:00,2020-11-08 09:00:00,2020-11-08 09:00:00,366,1
155,2020-11-08 09:00:00,Naive,9,-0.13173538861966524,-0.06710671020436364,2019-11-08 09:00:00,2020-11-08 09:00:00,2020-11-08 09:00:00,366,1
156,2020-11-09 09:00:00,Decision Tree,9,0.8257422718107016,0.7733253758063796,2019-11-09 09:00:00,2020-11-09 09:00:00,2020-11-09 09:00:00,366,1
157,2020-11-09 09:00:00,Random Forest,9,0.8257422718107016,0.7815203272572437,2019-11-09 09:00:00,2020-11-09 09:00:00,2020-11-09 09:00:00,366,1
158,2020-11-09 09:00:00,Neural Network,9,0.8257422718107016,0.9797468880516632,2019-11-09 09:00:00,2020-11-09 09:00:00,2020-11-09 09:00:00,366,1
159,2020-11-09 09:00:00,Naive,9,0.8257422718107016,-0.13173538861966524,2019-11-09 09:00:00,2020-11-09 09:00:00,2020-11-09 09:00:00,366,1
160,2020-11-10 09:00:00,Decision Tree,9,1.0630253283931095,0.988204122241842,2019-11-10 09:00:00,2020-11-10 09:00:00,2020-11-10 09:00:00,366,1
161,2020-11-10 09:00:00,Random Forest,9,1.0630253283931095,0.9938701028475854,2019-11-10 09:00:00,2020-11-10 09:00:00,2020-11-10 09:00:00,366,1
162,2020-11-10 09:00:00,Neural Network,9,1.0630253283931095,1.2633633692536828,2019-11-10 09:00:00,2020-11-10 09:00:00,2020-11-10 09:00:00,366,1
163,2020-11-10 09:00:00,Naive,9,1.0630253283931095,0.8257422718107016,2019-11-10 09:00:00,2020-11-10 09:00:00,2020-11-10 09:00:00,366,1
164,2020-11-11 09:00:00,Decision Tree,9,0.9271929785365308,0.8601596520654189,2019-11-11 09:00:00,2020-11-11 09:00:00,2020-11-11 09:00:00,366,1
165,2020-11-11 09:00:00,Random Forest,9,0.9271929785365308,0.8396089056345111,2019-11-11 09:00:00,2020-11-11 09:00:00,2020-11-11 09:00:00,366,1
166,2020-11-11 09:00:00,Neural Network,9,0.9271929785365308,1.2901408137568273,2019-11-11 09:00:00,2020-11-11 09:00:00,2020-11-11 09:00:00,366,1
167,2020-11-11 09:00:00,Naive,9,0.9271929785365308,1.0630253283931095,2019-11-11 09:00:00,2020-11-11 09:00:00,2020-11-11 09:00:00,366,1
168,2020-11-12 09:00:00,Decision Tree,9,0.7090784192629876,0.6931817407082014,2019-11-12 09:00:00,2020-11-12 09:00:00,2020-11-12 09:00:00,366,1
169,2020-11-12 09:00:00,Random Forest,9,0.7090784192629876,0.6643874266774674,2019-11-12 09:00:00,2020-11-12 09:00:00,2020-11-12 09:00:00,366,1
170,2020-11-12 09:00:00,Neural Network,9,0.7090784192629876,0.6811925036891406,2019-11-12 09:00:00,2020-11-12 09:00:00,2020-11-12 09:00:00,366,1
171,2020-11-12 09:00:00,Naive,9,0.7090784192629876,0.9271929785365308,2019-11-12 09:00:00,2020-11-12 09:00:00,2020-11-12 09:00:00,366,1
172,2020-11-13 09:00:00,Decision Tree,9,0.7432901753120237,0.7063230358322005,2019-11-13 09:00:00,2020-11-13 09:00:00,2020-11-13 09:00:00,366,1
173,2020-11-13 09:00:00,Random Forest,9,0.7432901753120237,0.696327463437307,2019-11-13 09:00:00,2020-11-13 09:00:00,2020-11-13 09:00:00,366,1
174,2020-11-13 09:00:00,Neural Network,9,0.7432901753120237,0.7875022086112837,2019-11-13 09:00:00,2020-11-13 09:00:00,2020-11-13 09:00:00,366,1
175,2020-11-13 09:00:00,Naive,9,0.7432901753120237,0.7090784192629876,2019-11-13 09:00:00,2020-11-13 09:00:00,2020-11-13 09:00:00,366,1
176,2020-11-14 09:00:00,Decision Tree,9,0.46594325833846506,0.39946379211906213,2019-11-14 09:00:00,2020-11-14 09:00:00,2020-11-14 09:00:00,366,1
177,2020-11-14 09:00:00,Random Forest,9,0.46594325833846506,0.3964915002527438,2019-11-14 09:00:00,2020-11-14 09:00:00,2020-11-14 09:00:00,366,1
178,2020-11-14 09:00:00,Neural Network,9,0.46594325833846506,0.6016585515531402,2019-11-14 09:00:00,2020-11-14 09:00:00,2020-11-14 09:00:00,366,1
179,2020-11-14 09:00:00,Naive,9,0.46594325833846506,0.7432901753120237,2019-11-14 09:00:00,2020-11-14 09:00:00,2020-11-14 09:00:00,366,1
180,2020-11-15 09:00:00,Decision Tree,9,-1.2078302620352546,-1.15756631238986,2019-11-15 09:00:00,2020-11-15 09:00:00,2020-11-15 09:00:00,366,1
181,2020-11-15 09:00:00,Random Forest,9,-1.2078302620352546,-1.1896108632366762,2019-11-15 09:00:00,2020-11-15 09:00:00,2020-11-15 09:00:00,366,1
182,2020-11-15 09:00:00,Neural Network,9,-1.2078302620352546,-0.9333910635911223,2019-11-15 09:00:00,2020-11-15 09:00:00,2020-11-15 09:00:00,366,1
183,2020-11-15 09:00:00,Naive,9,-1.2078302620352546,0.46594325833846506,2019-11-15 09:00:00,2020-11-15 09:00:00,2020-11-15 09:00:00,366,1
184,2020-11-16 09:00:00,Decision Tree,9,0.40802146992396504,0.33695918632014293,2019-11-16 09:00:00,2020-11-16 09:00:00,2020-11-16 09:00:00,366,1
185,2020-11-16 09:00:00,Random Forest,9,0.40802146992396504,0.3426291358694572,2019-11-16 09:00:00,2020-11-16 09:00:00,2020-11-16 09:00:00,366,1
186,2020-11-16 09:00:00,Neural Network,9,0.40802146992396504,0.43316814741458637,2019-11-16 09:00:00,2020-11-16 09:00:00,2020-11-16 09:00:00,366,1
187,2020-11-16 09:00:00,Naive,9,0.40802146992396504,-1.2078302620352546,2019-11-16 09:00:00,2020-11-16 09:00:00,2020-11-16 09:00:00,366,1
188,2020-11-17 09:00:00,Decision Tree,9,0.6459706228918102,0.584463994054476,2019-11-17 09:00:00,2020-11-17 09:00:00,2020-11-17 09:00:00,366,1
189,2020-11-17 09:00:00,Random Forest,9,0.6459706228918102,0.5954265102021808,2019-11-17 09:00:00,2020-11-17 09:00:00,2020-11-17 09:00:00,366,1
190,2020-11-17 09:00:00,Neural Network,9,0.6459706228918102,0.6354532491173035,2019-11-17 09:00:00,2020-11-17 09:00:00,2020-11-17 09:00:00,366,1
191,2020-11-17 09:00:00,Naive,9,0.6459706228918102,0.40802146992396504,2019-11-17 09:00:00,2020-11-17 09:00:00,2020-11-17 09:00:00,366,1
192,2020-11-18 09:00:00,Decision Tree,9,0.7248333086111115,0.6766746482553448,2019-11-18 09:00:00,2020-11-18 09:00:00,2020-11-18 09:00:00,366,1
193,2020-11-18 09:00:00,Random Forest,9,0.7248333086111115,0.6803175530155429,2019-11-18 09:00:00,2020-11-18 09:00:00,2020-11-18 09:00:00,366,1
194,2020-11-18 09:00:00,Neural Network,9,0.7248333086111115,0.5886706621938789,2019-11-18 09:00:00,2020-11-18 09:00:00,2020-11-18 09:00:00,366,1
195,2020-11-18 09:00:00,Naive,9,0.7248333086111115,0.6459706228918102,2019-11-18 09:00:00,2020-11-18 09:00:00,2020-11-18 09:00:00,366,1
196,2020-11-19 09:00:00,Decision Tree,9,0.044038672916590825,-0.02004377965023675,2019-11-19 09:00:00,2020-11-19 09:00:00,2020-11-19 09:00:00,366,1
197,2020-11-19 09:00:00,Random Forest,9,0.044038672916590825,-0.01746821994538646,2019-11-19 09:00:00,2020-11-19 09:00:00,2020-11-19 09:00:00,366,1
198,2020-11-19 09:00:00,Neural Network,9,0.044038672916590825,0.11158664329254125,2019-11-19 09:00:00,2020-11-19 09:00:00,2020-11-19 09:00:00,366,1
199,2020-11-19 09:00:00,Naive,9,0.044038672916590825,0.7248333086111115,2019-11-19 09:00:00,2020-11-19 09:00:00,2020-11-19 09:00:00,366,1
200,2020-11-20 09:00:00,Decision Tree,9,0.9466223993819836,0.9128564562758373,2019-11-20 09:00:00,2020-11-20 09:00:00,2020-11-20 09:00:00,366,1
201,2020-11-20 09:00:00,Random Forest,9,0.9466223993819836,0.8888240919212194,2019-11-20 09:00:00,2020-11-20 09:00:00,2020-11-20 09:00:00,366,1
202,2020-11-20 09:00:00,Neural Network,9,0.9466223993819836,0.8183734948839722,2019-11-20 09:00:00,2020-11-20 09:00:00,2020-11-20 09:00:00,366,1
203,2020-11-20 09:00:00,Naive,9,0.9466223993819836,0.044038672916590825,2019-11-20 09:00:00,2020-11-20 09:00:00,2020-11-20 09:00:00,366,1
204,2020-11-21 09:00:00,Decision Tree,9,-0.47473439857065236,-0.48183726527773824,2019-11-21 09:00:00,2020-11-21 09:00:00,2020-11-21 09:00:00,366,1
205,2020-11-21 09:00:00,Random Forest,9,-0.47473439857065236,-0.4875843925191725,2019-11-21 09:00:00,2020-11-21 09:00:00,2020-11-21 09:00:00,366,1
206,2020-11-21 09:00:00,Neural Network,9,-0.47473439857065236,-0.4606067049815803,2019-11-21 09:00:00,2020-11-21 09:00:00,2020-11-21 09:00:00,366,1
207,2020-11-21 09:00:00,Naive,9,-0.47473439857065236,0.9466223993819836,2019-11-21 09:00:00,2020-11-21 09:00:00,2020-11-21 09:00:00,366,1
208,2020-11-22 09:00:00,Decision Tree,9,-0.6780358364305423,-0.6667138475193548,2019-11-22 09:00:00,2020-11-22 09:00:00,2020-11-22 09:00:00,366,1
209,2020-11-22 09:00:00,Random Forest,9,-0.6780358364305423,-0.6790022804779487,2019-11-22 09:00:00,2020-11-22 09:00:00,2020-11-22 09:00:00,366,1
210,2020-11-22 09:00:00,Neural Network,9,-0.6780358364305423,-0.6489069425617132,2019-11-22 09:00:00,2020-11-22 09:00:00,2020-11-22 09:00:00,366,1
211,2020-11-22 09:00:00,Naive,9,-0.6780358364305423,-0.47473439857065236,2019-11-22 09:00:00,2020-11-22 09:00:00,2020-11-22 09:00:00,366,1
212,2020-11-23 09:00:00,Decision Tree,9,0.35656169587072584,0.2608119261082064,2019-11-23 09:00:00,2020-11-23 09:00:00,2020-11-23 09:00:00,366,1
213,2020-11-23 09:00:00,Random Forest,9,0.35656169587072584,0.2708041724280096,2019-11-23 09:00:00,2020-11-23 09:00:00,2020-11-23 09:00:00,366,1
214,2020-11-23 09:00:00,Neural Network,9,0.35656169587072584,0.6054449116185867,2019-11-23 09:00:00,2020-11-23 09:00:00,2020-11-23 09:00:00,366,1
215,2020-11-23 09:00:00,Naive,9,0.35656169587072584,-0.6780358364305423,2019-11-23 09:00:00,2020-11-23 09:00:00,2020-11-23 09:00:00,366,1
216,2020-11-24 09:00:00,Decision Tree,9,0.696359397240015,0.6113958587656116,2019-11-24 09:00:00,2020-11-24 09:00:00,2020-11-24 09:00:00,366,1
217,2020-11-24 09:00:00,Random Forest,9,0.696359397240015,0.6181303834636592,2019-11-24 09:00:00,2020-11-24 09:00:00,2020-11-24 09:00:00,366,1
218,2020-11-24 09:00:00,Neural Network,9,0.696359397240015,0.765491491313766,2019-11-24 09:00:00,2020-11-24 09:00:00,2020-11-24 09:00:00,366,1
219,2020-11-24 09:00:00,Naive,9,0.696359397240015,0.35656169587072584,2019-11-24 09:00:00,2020-11-24 09:00:00,2020-11-24 09:00:00,366,1
220,2020-11-25 09:00:00,Decision Tree,9,1.1030360758898856,1.0284468176479398,2019-11-25 09:00:00,2020-11-25 09:00:00,2020-11-25 09:00:00,366,1
221,2020-11-25 09:00:00,Random Forest,9,1.1030360758898856,1.0301454329456765,2019-11-25 09:00:00,2020-11-25 09:00:00,2020-11-25 09:00:00,366,1
222,2020-11-25 09:00:00,Neural Network,9,1.1030360758898856,0.9638533810740615,2019-11-25 09:00:00,2020-11-25 09:00:00,2020-11-25 09:00:00,366,1
223,2020-11-25 09:00:00,Naive,9,1.1030360758898856,0.696359397240015,2019-11-25 09:00:00,2020-11-25 09:00:00,2020-11-25 09:00:00,366,1
224,2020-11-26 09:00:00,Decision Tree,9,1.5254467926712323,1.4335431208657485,2019-11-26 09:00:00,2020-11-26 09:00:00,2020-11-26 09:00:00,366,1
225,2020-11-26 09:00:00,Random Forest,9,1.5254467926712323,1.4376886887878129,2019-11-26 09:00:00,2020-11-26 09:00:00,2020-11-26 09:00:00,366,1
226,2020-11-26 09:00:00,Neural Network,9,1.5254467926712323,1.5455303629939134,2019-11-26 09:00:00,2020-11-26 09:00:00,2020-11-26 09:00:00,366,1
227,2020-11-26 09:00:00,Naive,9,1.5254467926712323,1.1030360758898856,2019-11-26 09:00:00,2020-11-26 09:00:00,2020-11-26 09:00:00,366,1
228,2020-11-27 09:00:00,Decision Tree,9,1.9390371747046393,1.6796598157776466,2019-11-27 09:00:00,2020-11-27 09:00:00,2020-11-27 09:00:00,366,1
229,2020-11-27 09:00:00,Random Forest,9,1.9390371747046393,1.704018954367642,2019-11-27 09:00:00,2020-11-27 09:00:00,2020-11-27 09:00:00,366,1
230,2020-11-27 09:00:00,Neural Network,9,1.9390371747046393,2.2275315081720657,2019-11-27 09:00:00,2020-11-27 09:00:00,2020-11-27 09:00:00,366,1
231,2020-11-27 09:00:00,Naive,9,1.9390371747046393,1.5254467926712323,2019-11-27 09:00:00,2020-11-27 09:00:00,2020-11-27 09:00:00,366,1
232,2020-11-28 09:00:00,Decision Tree,9,0.924440341257813,0.8407174926942841,2019-11-28 09:00:00,2020-11-28 09:00:00,2020-11-28 09:00:00,366,1
233,2020-11-28 09:00:00,Random Forest,9,0.924440341257813,0.8342432111315072,2019-11-28 09:00:00,2020-11-28 09:00:00,2020-11-28 09:00:00,366,1
234,2020-11-28 09:00:00,Neural Network,9,0.924440341257813,0.9357730558295646,2019-11-28 09:00:00,2020-11-28 09:00:00,2020-11-28 09:00:00,366,1
235,2020-11-28 09:00:00,Naive,9,0.924440341257813,1.9390371747046393,2019-11-28 09:00:00,2020-11-28 09:00:00,2020-11-28 09:00:00,366,1
236,2020-11-29 09:00:00,Decision Tree,9,0.6996858636986267,0.626847343347424,2019-11-29 09:00:00,2020-11-29 09:00:00,2020-11-29 09:00:00,366,1
237,2020-11-29 09:00:00,Random Forest,9,0.6996858636986267,0.6063169657600849,2019-11-29 09:00:00,2020-11-29 09:00:00,2020-11-29 09:00:00,366,1
238,2020-11-29 09:00:00,Neural Network,9,0.6996858636986267,0.5022888504647862,2019-11-29 09:00:00,2020-11-29 09:00:00,2020-11-29 09:00:00,366,1
239,2020-11-29 09:00:00,Naive,9,0.6996858636986267,0.924440341257813,2019-11-29 09:00:00,2020-11-29 09:00:00,2020-11-29 09:00:00,366,1
240,2020-11-30 09:00:00,Decision Tree,9,1.6113660561974528,1.4659344381706032,2019-11-30 09:00:00,2020-11-30 09:00:00,2020-11-30 09:00:00,366,1
241,2020-11-30 09:00:00,Random Forest,9,1.6113660561974528,1.5016256374264978,2019-11-30 09:00:00,2020-11-30 09:00:00,2020-11-30 09:00:00,366,1
242,2020-11-30 09:00:00,Neural Network,9,1.6113660561974528,1.6471799925677886,2019-11-30 09:00:00,2020-11-30 09:00:00,2020-11-30 09:00:00,366,1
243,2020-11-30 09:00:00,Naive,9,1.6113660561974528,0.6996858636986267,2019-11-30 09:00:00,2020-11-30 09:00:00,2020-11-30 09:00:00,366,1
244,2020-12-01 09:00:00,Decision Tree,9,1.4297535904707275,1.275874550500844,2019-12-01 09:00:00,2020-12-01 09:00:00,2020-12-01 09:00:00,366,1
245,2020-12-01 09:00:00,Random Forest,9,1.4297535904707275,1.3418200954978046,2019-12-01 09:00:00,2020-12-01 09:00:00,2020-12-01 09:00:00,366,1
246,2020-12-01 09:00:00,Neural Network,9,1.4297535904707275,1.416748159796656,2019-12-01 09:00:00,2020-12-01 09:00:00,2020-12-01 09:00:00,366,1
247,2020-12-01 09:00:00,Naive,9,1.4297535904707275,1.6113660561974528,2019-12-01 09:00:00,2020-12-01 09:00:00,2020-12-01 09:00:00,366,1
248,2020-12-02 09:00:00,Decision Tree,9,2.3682793572691314,1.7035452656959964,2019-12-02 09:00:00,2020-12-02 09:00:00,2020-12-02 09:00:00,366,1
249,2020-12-02 09:00:00,Random Forest,9,2.3682793572691314,1.7892234234423987,2019-12-02 09:00:00,2020-12-02 09:00:00,2020-12-02 09:00:00,366,1
250,2020-12-02 09:00:00,Neural Network,9,2.3682793572691314,3.096042323880616,2019-12-02 09:00:00,2020-12-02 09:00:00,2020-12-02 09:00:00,366,1
251,2020-12-02 09:00:00,Naive,9,2.3682793572691314,1.4297535904707275,2019-12-02 09:00:00,2020-12-02 09:00:00,2020-12-02 09:00:00,366,1
252,2020-12-03 09:00:00,Decision Tree,9,1.5789782944490807,1.5300286895374526,2019-12-03 09:00:00,2020-12-03 09:00:00,2020-12-03 09:00:00,366,1
253,2020-12-03 09:00:00,Random Forest,9,1.5789782944490807,1.4870114201227351,2019-12-03 09:00:00,2020-12-03 09:00:00,2020-12-03 09:00:00,366,1
254,2020-12-03 09:00:00,Neural Network,9,1.5789782944490807,1.4130980335920686,2019-12-03 09:00:00,2020-12-03 09:00:00,2020-12-03 09:00:00,366,1
255,2020-12-03 09:00:00,Naive,9,1.5789782944490807,2.3682793572691314,2019-12-03 09:00:00,2020-12-03 09:00:00,2020-12-03 09:00:00,366,1
256,2020-12-04 09:00:00,Decision Tree,9,0.3257989058227399,0.2599561729022094,2019-12-04 09:00:00,2020-12-04 09:00:00,2020-12-04 09:00:00,366,1
257,2020-12-04 09:00:00,Random Forest,9,0.3257989058227399,0.2543276695093036,2019-12-04 09:00:00,2020-12-04 09:00:00,2020-12-04 09:00:00,366,1
258,2020-12-04 09:00:00,Neural Network,9,0.3257989058227399,0.4368942268745697,2019-12-04 09:00:00,2020-12-04 09:00:00,2020-12-04 09:00:00,366,1
259,2020-12-04 09:00:00,Naive,9,0.3257989058227399,1.5789782944490807,2019-12-04 09:00:00,2020-12-04 09:00:00,2020-12-04 09:00:00,366,1
260,2020-12-05 09:00:00,Decision Tree,9,0.917248917427798,0.8511828487647253,2019-12-05 09:00:00,2020-12-05 09:00:00,2020-12-05 09:00:00,366,1
261,2020-12-05 09:00:00,Random Forest,9,0.917248917427798,0.8584576146027394,2019-12-05 09:00:00,2020-12-05 09:00:00,2020-12-05 09:00:00,366,1
262,2020-12-05 09:00:00,Neural Network,9,0.917248917427798,0.992057729878881,2019-12-05 09:00:00,2020-12-05 09:00:00,2020-12-05 09:00:00,366,1
263,2020-12-05 09:00:00,Naive,9,0.917248917427798,0.3257989058227399,2019-12-05 09:00:00,2020-12-05 09:00:00,2020-12-05 09:00:00,366,1
264,2020-12-06 09:00:00,Decision Tree,9,0.6932322307671648,0.6485350213435694,2019-12-06 09:00:00,2020-12-06 09:00:00,2020-12-06 09:00:00,366,1
265,2020-12-06 09:00:00,Random Forest,9,0.6932322307671648,0.64247426306795,2019-12-06 09:00:00,2020-12-06 09:00:00,2020-12-06 09:00:00,366,1
266,2020-12-06 09:00:00,Neural Network,9,0.6932322307671648,0.7959459706803864,2019-12-06 09:00:00,2020-12-06 09:00:00,2020-12-06 09:00:00,366,1
267,2020-12-06 09:00:00,Naive,9,0.6932322307671648,0.917248917427798,2019-12-06 09:00:00,2020-12-06 09:00:00,2020-12-06 09:00:00,366,1
268,2020-12-07 09:00:00,Decision Tree,9,0.40474398475770795,0.3244954150682089,2019-12-07 09:00:00,2020-12-07 09:00:00,2020-12-07 09:00:00,366,1
269,2020-12-07 09:00:00,Random Forest,9,0.40474398475770795,0.3099160609456784,2019-12-07 09:00:00,2020-12-07 09:00:00,2020-12-07 09:00:00,366,1
270,2020-12-07 09:00:00,Neural Network,9,0.40474398475770795,0.5005063022623228,2019-12-07 09:00:00,2020-12-07 09:00:00,2020-12-07 09:00:00,366,1
271,2020-12-07 09:00:00,Naive,9,0.40474398475770795,0.6932322307671648,2019-12-07 09:00:00,2020-12-07 09:00:00,2020-12-07 09:00:00,366,1
272,2020-12-08 09:00:00,Decision Tree,9,1.7464480922177368,1.5359211331824978,2019-12-08 09:00:00,2020-12-08 09:00:00,2020-12-08 09:00:00,366,1
273,2020-12-08 09:00:00,Random Forest,9,1.7464480922177368,1.6733912144697538,2019-12-08 09:00:00,2020-12-08 09:00:00,2020-12-08 09:00:00,366,1
274,2020-12-08 09:00:00,Neural Network,9,1.7464480922177368,1.7978409903315764,2019-12-08 09:00:00,2020-12-08 09:00:00,2020-12-08 09:00:00,366,1
275,2020-12-08 09:00:00,Naive,9,1.7464480922177368,0.40474398475770795,2019-12-08 09:00:00,2020-12-08 09:00:00,2020-12-08 09:00:00,366,1
276,2020-12-09 09:00:00,Decision Tree,9,2.375702823274327,1.8501245647062845,2019-12-09 09:00:00,2020-12-09 09:00:00,2020-12-09 09:00:00,366,1
277,2020-12-09 09:00:00,Random Forest,9,2.375702823274327,1.9758434166535785,2019-12-09 09:00:00,2020-12-09 09:00:00,2020-12-09 09:00:00,366,1
278,2020-12-09 09:00:00,Neural Network,9,2.375702823274327,2.876138326180933,2019-12-09 09:00:00,2020-12-09 09:00:00,2020-12-09 09:00:00,366,1
279,2020-12-09 09:00:00,Naive,9,2.375702823274327,1.7464480922177368,2019-12-09 09:00:00,2020-12-09 09:00:00,2020-12-09 09:00:00,366,1
280,2020-12-10 09:00:00,Decision Tree,9,2.1996679699166024,2.0421512776803663,2019-12-10 09:00:00,2020-12-10 09:00:00,2020-12-10 09:00:00,366,1
281,2020-12-10 09:00:00,Random Forest,9,2.1996679699166024,2.1552136032904046,2019-12-10 09:00:00,2020-12-10 09:00:00,2020-12-10 09:00:00,366,1
282,2020-12-10 09:00:00,Neural Network,9,2.1996679699166024,2.4726612508806642,2019-12-10 09:00:00,2020-12-10 09:00:00,2020-12-10 09:00:00,366,1
283,2020-12-10 09:00:00,Naive,9,2.1996679699166024,2.375702823274327,2019-12-10 09:00:00,2020-12-10 09:00:00,2020-12-10 09:00:00,366,1
284,2020-12-11 09:00:00,Decision Tree,9,1.2779288133108084,1.1663536682247897,2019-12-11 09:00:00,2020-12-11 09:00:00,2020-12-11 09:00:00,366,1
285,2020-12-11 09:00:00,Random Forest,9,1.2779288133108084,1.1587495642258807,2019-12-11 09:00:00,2020-12-11 09:00:00,2020-12-11 09:00:00,366,1
286,2020-12-11 09:00:00,Neural Network,9,1.2779288133108084,0.9628711952981085,2019-12-11 09:00:00,2020-12-11 09:00:00,2020-12-11 09:00:00,366,1
287,2020-12-11 09:00:00,Naive,9,1.2779288133108084,2.1996679699166024,2019-12-11 09:00:00,2020-12-11 09:00:00,2020-12-11 09:00:00,366,1
288,2020-12-12 09:00:00,Decision Tree,9,0.7565732177266787,0.7088400375324618,2019-12-12 09:00:00,2020-12-12 09:00:00,2020-12-12 09:00:00,366,1
289,2020-12-12 09:00:00,Random Forest,9,0.7565732177266787,0.6929605526295071,2019-12-12 09:00:00,2020-12-12 09:00:00,2020-12-12 09:00:00,366,1
290,2020-12-12 09:00:00,Neural Network,9,0.7565732177266787,0.8280421618379911,2019-12-12 09:00:00,2020-12-12 09:00:00,2020-12-12 09:00:00,366,1
291,2020-12-12 09:00:00,Naive,9,0.7565732177266787,1.2779288133108084,2019-12-12 09:00:00,2020-12-12 09:00:00,2020-12-12 09:00:00,366,1
292,2020-12-13 09:00:00,Decision Tree,9,0.695538114487107,0.6446013280290008,2019-12-13 09:00:00,2020-12-13 09:00:00,2020-12-13 09:00:00,366,1
293,2020-12-13 09:00:00,Random Forest,9,0.695538114487107,0.6721917110259589,2019-12-13 09:00:00,2020-12-13 09:00:00,2020-12-13 09:00:00,366,1
294,2020-12-13 09:00:00,Neural Network,9,0.695538114487107,0.7353598224741714,2019-12-13 09:00:00,2020-12-13 09:00:00,2020-12-13 09:00:00,366,1
295,2020-12-13 09:00:00,Naive,9,0.695538114487107,0.7565732177266787,2019-12-13 09:00:00,2020-12-13 09:00:00,2020-12-13 09:00:00,366,1
296,2020-12-14 09:00:00,Decision Tree,9,0.722910952223169,0.6502609709687904,2019-12-14 09:00:00,2020-12-14 09:00:00,2020-12-14 09:00:00,366,1
297,2020-12-14 09:00:00,Random Forest,9,0.722910952223169,0.6644660060407847,2019-12-14 09:00:00,2020-12-14 09:00:00,2020-12-14 09:00:00,366,1
298,2020-12-14 09:00:00,Neural Network,9,0.722910952223169,0.8136435102674432,2019-12-14 09:00:00,2020-12-14 09:00:00,2020-12-14 09:00:00,366,1
299,2020-12-14 09:00:00,Naive,9,0.722910952223169,0.695538114487107,2019-12-14 09:00:00,2020-12-14 09:00:00,2020-12-14 09:00:00,366,1
300,2020-12-15 09:00:00,Decision Tree,9,1.3148592954146656,1.1822929746656494,2019-12-15 09:00:00,2020-12-15 09:00:00,2020-12-15 09:00:00,366,1
301,2020-12-15 09:00:00,Random Forest,9,1.3148592954146656,1.2453715136491526,2019-12-15 09:00:00,2020-12-15 09:00:00,2020-12-15 09:00:00,366,1
302,2020-12-15 09:00:00,Neural Network,9,1.3148592954146656,1.1755435624284465,2019-12-15 09:00:00,2020-12-15 09:00:00,2020-12-15 09:00:00,366,1
303,2020-12-15 09:00:00,Naive,9,1.3148592954146656,0.722910952223169,2019-12-15 09:00:00,2020-12-15 09:00:00,2020-12-15 09:00:00,366,1
304,2020-12-16 09:00:00,Decision Tree,9,1.382827554469078,1.2751133551246663,2019-12-16 09:00:00,2020-12-16 09:00:00,2020-12-16 09:00:00,366,1
305,2020-12-16 09:00:00,Random Forest,9,1.382827554469078,1.3113675467996204,2019-12-16 09:00:00,2020-12-16 09:00:00,2020-12-16 09:00:00,366,1
306,2020-12-16 09:00:00,Neural Network,9,1.382827554469078,1.282722626203175,2019-12-16 09:00:00,2020-12-16 09:00:00,2020-12-16 09:00:00,366,1
307,2020-12-16 09:00:00,Naive,9,1.382827554469078,1.3148592954146656,2019-12-16 09:00:00,2020-12-16 09:00:00,2020-12-16 09:00:00,366,1
308,2020-12-17 09:00:00,Decision Tree,9,0.8651248146964882,0.7808135038069971,2019-12-17 09:00:00,2020-12-17 09:00:00,2020-12-17 09:00:00,366,1
309,2020-12-17 09:00:00,Random Forest,9,0.8651248146964882,0.7925025589300524,2019-12-17 09:00:00,2020-12-17 09:00:00,2020-12-17 09:00:00,366,1
310,2020-12-17 09:00:00,Neural Network,9,0.8651248146964882,0.7716020258918576,2019-12-17 09:00:00,2020-12-17 09:00:00,2020-12-17 09:00:00,366,1
311,2020-12-17 09:00:00,Naive,9,0.8651248146964882,1.382827554469078,2019-12-17 09:00:00,2020-12-17 09:00:00,2020-12-17 09:00:00,366,1
312,2020-12-18 09:00:00,Decision Tree,9,1.0501189837042015,0.9758308151880302,2019-12-18 09:00:00,2020-12-18 09:00:00,2020-12-18 09:00:00,366,1
313,2020-12-18 09:00:00,Random Forest,9,1.0501189837042015,0.945974541284603,2019-12-18 09:00:00,2020-12-18 09:00:00,2020-12-18 09:00:00,366,1
314,2020-12-18 09:00:00,Neural Network,9,1.0501189837042015,0.8479154636637853,2019-12-18 09:00:00,2020-12-18 09:00:00,2020-12-18 09:00:00,366,1
315,2020-12-18 09:00:00,Naive,9,1.0501189837042015,0.8651248146964882,2019-12-18 09:00:00,2020-12-18 09:00:00,2020-12-18 09:00:00,366,1
316,2020-12-19 09:00:00,Decision Tree,9,-0.07198568955547113,-0.131725145655884,2019-12-19 09:00:00,2020-12-19 09:00:00,2020-12-19 09:00:00,366,1
317,2020-12-19 09:00:00,Random Forest,9,-0.07198568955547113,-0.12367072524838794,2019-12-19 09:00:00,2020-12-19 09:00:00,2020-12-19 09:00:00,366,1
318,2020-12-19 09:00:00,Neural Network,9,-0.07198568955547113,0.061055598448473296,2019-12-19 09:00:00,2020-12-19 09:00:00,2020-12-19 09:00:00,366,1
319,2020-12-19 09:00:00,Naive,9,-0.07198568955547113,1.0501189837042015,2019-12-19 09:00:00,2020-12-19 09:00:00,2020-12-19 09:00:00,366,1
320,2020-12-20 09:00:00,Decision Tree,9,0.7051331791906882,0.6998927796411238,2019-12-20 09:00:00,2020-12-20 09:00:00,2020-12-20 09:00:00,366,1
321,2020-12-20 09:00:00,Random Forest,9,0.7051331791906882,0.6901668949207493,2019-12-20 09:00:00,2020-12-20 09:00:00,2020-12-20 09:00:00,366,1
322,2020-12-20 09:00:00,Neural Network,9,0.7051331791906882,0.6036341428427033,2019-12-20 09:00:00,2020-12-20 09:00:00,2020-12-20 09:00:00,366,1
323,2020-12-20 09:00:00,Naive,9,0.7051331791906882,-0.07198568955547113,2019-12-20 09:00:00,2020-12-20 09:00:00,2020-12-20 09:00:00,366,1
324,2020-12-21 09:00:00,Decision Tree,9,1.147981890437836,0.9901320075392287,2019-12-21 09:00:00,2020-12-21 09:00:00,2020-12-21 09:00:00,366,1
325,2020-12-21 09:00:00,Random Forest,9,1.147981890437836,1.0545333990759256,2019-12-21 09:00:00,2020-12-21 09:00:00,2020-12-21 09:00:00,366,1
326,2020-12-21 09:00:00,Neural Network,9,1.147981890437836,1.0379695840275964,2019-12-21 09:00:00,2020-12-21 09:00:00,2020-12-21 09:00:00,366,1
327,2020-12-21 09:00:00,Naive,9,1.147981890437836,0.7051331791906882,2019-12-21 09:00:00,2020-12-21 09:00:00,2020-12-21 09:00:00,366,1
328,2020-12-22 09:00:00,Decision Tree,9,-0.2239771693580973,-0.29486180810766033,2019-12-22 09:00:00,2020-12-22 09:00:00,2020-12-22 09:00:00,366,1
329,2020-12-22 09:00:00,Random Forest,9,-0.2239771693580973,-0.2804671723761067,2019-12-22 09:00:00,2020-12-22 09:00:00,2020-12-22 09:00:00,366,1
330,2020-12-22 09:00:00,Neural Network,9,-0.2239771693580973,0.013199436753200636,2019-12-22 09:00:00,2020-12-22 09:00:00,2020-12-22 09:00:00,366,1
331,2020-12-22 09:00:00,Naive,9,-0.2239771693580973,1.147981890437836,2019-12-22 09:00:00,2020-12-22 09:00:00,2020-12-22 09:00:00,366,1
332,2020-12-23 09:00:00,Decision Tree,9,1.1243087511645125,0.9941105939887989,2019-12-23 09:00:00,2020-12-23 09:00:00,2020-12-23 09:00:00,366,1
333,2020-12-23 09:00:00,Random Forest,9,1.1243087511645125,1.049855724758563,2019-12-23 09:00:00,2020-12-23 09:00:00,2020-12-23 09:00:00,366,1
334,2020-12-23 09:00:00,Neural Network,9,1.1243087511645125,1.0985551279865597,2019-12-23 09:00:00,2020-12-23 09:00:00,2020-12-23 09:00:00,366,1
335,2020-12-23 09:00:00,Naive,9,1.1243087511645125,-0.2239771693580973,2019-12-23 09:00:00,2020-12-23 09:00:00,2020-12-23 09:00:00,366,1
336,2020-12-24 09:00:00,Decision Tree,9,-0.36893502512032544,-0.40853386295672106,2019-12-24 09:00:00,2020-12-24 09:00:00,2020-12-24 09:00:00,366,1
337,2020-12-24 09:00:00,Random Forest,9,-0.36893502512032544,-0.4060150905131319,2019-12-24 09:00:00,2020-12-24 09:00:00,2020-12-24 09:00:00,366,1
338,2020-12-24 09:00:00,Neural Network,9,-0.36893502512032544,-0.3188091538779114,2019-12-24 09:00:00,2020-12-24 09:00:00,2020-12-24 09:00:00,366,1
339,2020-12-24 09:00:00,Naive,9,-0.36893502512032544,1.1243087511645125,2019-12-24 09:00:00,2020-12-24 09:00:00,2020-12-24 09:00:00,366,1
340,2020-12-25 09:00:00,Decision Tree,9,-0.08746468776779688,-0.11668541086855735,2019-12-25 09:00:00,2020-12-25 09:00:00,2020-12-25 09:00:00,366,1
341,2020-12-25 09:00:00,Random Forest,9,-0.08746468776779688,-0.11561225963400049,2019-12-25 09:00:00,2020-12-25 09:00:00,2020-12-25 09:00:00,366,1
342,2020-12-25 09:00:00,Neural Network,9,-0.08746468776779688,-0.9614984852455017,2019-12-25 09:00:00,2020-12-25 09:00:00,2020-12-25 09:00:00,366,1
343,2020-12-25 09:00:00,Naive,9,-0.08746468776779688,-0.36893502512032544,2019-12-25 09:00:00,2020-12-25 09:00:00,2020-12-25 09:00:00,366,1
344,2020-12-26 09:00:00,Decision Tree,9,-0.32387152038478806,-0.3314683449912039,2019-12-26 09:00:00,2020-12-26 09:00:00,2020-12-26 09:00:00,366,1
345,2020-12-26 09:00:00,Random Forest,9,-0.32387152038478806,-0.3464656866640973,2019-12-26 09:00:00,2020-12-26 09:00:00,2020-12-26 09:00:00,366,1
346,2020-12-26 09:00:00,Neural Network,9,-0.32387152038478806,-0.4756683634839922,2019-12-26 09:00:00,2020-12-26 09:00:00,2020-12-26 09:00:00,366,1
347,2020-12-26 09:00:00,Naive,9,-0.32387152038478806,-0.08746468776779688,2019-12-26 09:00:00,2020-12-26 09:00:00,2020-12-26 09:00:00,366,1
348,2020-12-27 09:00:00,Decision Tree,9,-2.0249823638048037,-1.9128329764251621,2019-12-27 09:00:00,2020-12-27 09:00:00,2020-12-27 09:00:00,366,1
349,2020-12-27 09:00:00,Random Forest,9,-2.0249823638048037,-1.9705059021726024,2019-12-27 09:00:00,2020-12-27 09:00:00,2020-12-27 09:00:00,366,1
350,2020-12-27 09:00:00,Neural Network,9,-2.0249823638048037,-1.8461136478951892,2019-12-27 09:00:00,2020-12-27 09:00:00,2020-12-27 09:00:00,366,1
351,2020-12-27 09:00:00,Naive,9,-2.0249823638048037,-0.32387152038478806,2019-12-27 09:00:00,2020-12-27 09:00:00,2020-12-27 09:00:00,366,1
352,2020-12-28 09:00:00,Decision Tree,9,0.9573747373613646,0.8585235230606223,2019-12-28 09:00:00,2020-12-28 09:00:00,2020-12-28 09:00:00,366,1
353,2020-12-28 09:00:00,Random Forest,9,0.9573747373613646,0.8879331095218214,2019-12-28 09:00:00,2020-12-28 09:00:00,2020-12-28 09:00:00,366,1
354,2020-12-28 09:00:00,Neural Network,9,0.9573747373613646,0.7220969360915177,2019-12-28 09:00:00,2020-12-28 09:00:00,2020-12-28 09:00:00,366,1
355,2020-12-28 09:00:00,Naive,9,0.9573747373613646,-2.0249823638048037,2019-12-28 09:00:00,2020-12-28 09:00:00,2020-12-28 09:00:00,366,1
356,2020-12-29 09:00:00,Decision Tree,9,1.222902139653539,1.0666179819175805,2019-12-29 09:00:00,2020-12-29 09:00:00,2020-12-29 09:00:00,366,1
357,2020-12-29 09:00:00,Random Forest,9,1.222902139653539,1.1113377105023776,2019-12-29 09:00:00,2020-12-29 09:00:00,2020-12-29 09:00:00,366,1
358,2020-12-29 09:00:00,Neural Network,9,1.222902139653539,1.0151568923703882,2019-12-29 09:00:00,2020-12-29 09:00:00,2020-12-29 09:00:00,366,1
359,2020-12-29 09:00:00,Naive,9,1.222902139653539,0.9573747373613646,2019-12-29 09:00:00,2020-12-29 09:00:00,2020-12-29 09:00:00,366,1
360,2020-12-30 09:00:00,Decision Tree,9,1.1668904662292618,1.1261712400209278,2019-12-30 09:00:00,2020-12-30 09:00:00,2020-12-30 09:00:00,366,1
361,2020-12-30 09:00:00,Random Forest,9,1.1668904662292618,1.1166789697563457,2019-12-30 09:00:00,2020-12-30 09:00:00,2020-12-30 09:00:00,366,1
362,2020-12-30 09:00:00,Neural Network,9,1.1668904662292618,1.0330768704285997,2019-12-30 09:00:00,2020-12-30 09:00:00,2020-12-30 09:00:00,366,1
363,2020-12-30 09:00:00,Naive,9,1.1668904662292618,1.222902139653539,2019-12-30 09:00:00,2020-12-30 09:00:00,2020-12-30 09:00:00,366,1
364,2020-12-31 09:00:00,Decision Tree,9,0.8855872921351284,0.7864963008812144,2019-12-31 09:00:00,2020-12-31 09:00:00,2020-12-31 09:00:00,366,1
365,2020-12-31 09:00:00,Random Forest,9,0.8855872921351284,0.8332849974927257,2019-12-31 09:00:00,2020-12-31 09:00:00,2020-12-31 09:00:00,366,1
366,2020-12-31 09:00:00,Neural Network,9,0.8855872921351284,0.661950142679952,2019-12-31 09:00:00,2020-12-31 09:00:00,2020-12-31 09:00:00,366,1
367,2020-12-31 09:00:00,Naive,9,0.8855872921351284,1.1668904662292618,2019-12-31 09:00:00,2020-12-31 09:00:00,2020-12-31 09:00:00,366,1
368,2021-01-01 09:00:00,Decision Tree,9,0.6937558598811454,0.5960842162091726,2020-01-01 09:00:00,2021-01-01 09:00:00,2021-01-01 09:00:00,366,1
369,2021-01-01 09:00:00,Random Forest,9,0.6937558598811454,0.5834520290089641,2020-01-01 09:00:00,2021-01-01 09:00:00,2021-01-01 09:00:00,366,1
370,2021-01-01 09:00:00,Neural Network,9,0.6937558598811454,0.005328233579433697,2020-01-01 09:00:00,2021-01-01 09:00:00,2021-01-01 09:00:00,366,1
371,2021-01-01 09:00:00,Naive,9,0.6937558598811454,0.8855872921351284,2020-01-01 09:00:00,2021-01-01 09:00:00,2021-01-01 09:00:00,366,1
372,2021-01-02 09:00:00,Decision Tree,9,1.0775307112022479,0.998679400577984,2020-01-02 09:00:00,2021-01-02 09:00:00,2021-01-02 09:00:00,366,1
373,2021-01-02 09:00:00,Random Forest,9,1.0775307112022479,0.9857194485140927,2020-01-02 09:00:00,2021-01-02 09:00:00,2021-01-02 09:00:00,366,1
374,2021-01-02 09:00:00,Neural Network,9,1.0775307112022479,1.4119674622457608,2020-01-02 09:00:00,2021-01-02 09:00:00,2021-01-02 09:00:00,366,1
375,2021-01-02 09:00:00,Naive,9,1.0775307112022479,0.6937558598811454,2020-01-02 09:00:00,2021-01-02 09:00:00,2021-01-02 09:00:00,366,1
376,2021-01-03 09:00:00,Decision Tree,9,0.13877153213502866,0.0470801472103361,2020-01-03 09:00:00,2021-01-03 09:00:00,2021-01-03 09:00:00,366,1
377,2021-01-03 09:00:00,Random Forest,9,0.13877153213502866,0.05405094555167423,2020-01-03 09:00:00,2021-01-03 09:00:00,2021-01-03 09:00:00,366,1
378,2021-01-03 09:00:00,Neural Network,9,0.13877153213502866,0.41798752496014246,2020-01-03 09:00:00,2021-01-03 09:00:00,2021-01-03 09:00:00,366,1
379,2021-01-03 09:00:00,Naive,9,0.13877153213502866,1.0775307112022479,2020-01-03 09:00:00,2021-01-03 09:00:00,2021-01-03 09:00:00,366,1
380,2021-01-04 09:00:00,Decision Tree,9,1.2975540310318174,1.2645944757629584,2020-01-04 09:00:00,2021-01-04 09:00:00,2021-01-04 09:00:00,366,1
381,2021-01-04 09:00:00,Random Forest,9,1.2975540310318174,1.241392577416798,2020-01-04 09:00:00,2021-01-04 09:00:00,2021-01-04 09:00:00,366,1
382,2021-01-04 09:00:00,Neural Network,9,1.2975540310318174,0.5454564969812958,2020-01-04 09:00:00,2021-01-04 09:00:00,2021-01-04 09:00:00,366,1
383,2021-01-04 09:00:00,Naive,9,1.2975540310318174,0.13877153213502866,2020-01-04 09:00:00,2021-01-04 09:00:00,2021-01-04 09:00:00,366,1
384,2021-01-05 09:00:00,Decision Tree,9,1.5640670167807584,1.4659344381706032,2020-01-05 09:00:00,2021-01-05 09:00:00,2021-01-05 09:00:00,366,1
385,2021-01-05 09:00:00,Random Forest,9,1.5640670167807584,1.4755079962149715,2020-01-05 09:00:00,2021-01-05 09:00:00,2021-01-05 09:00:00,366,1
386,2021-01-05 09:00:00,Neural Network,9,1.5640670167807584,1.2417568618511914,2020-01-05 09:00:00,2021-01-05 09:00:00,2021-01-05 09:00:00,366,1
387,2021-01-05 09:00:00,Naive,9,1.5640670167807584,1.2975540310318174,2020-01-05 09:00:00,2021-01-05 09:00:00,2021-01-05 09:00:00,366,1
388,2021-01-06 09:00:00,Decision Tree,9,1.205498555944708,1.158924520905239,2020-01-06 09:00:00,2021-01-06 09:00:00,2021-01-06 09:00:00,366,1
389,2021-01-06 09:00:00,Random Forest,9,1.205498555944708,1.175684719937661,2020-01-06 09:00:00,2021-01-06 09:00:00,2021-01-06 09:00:00,366,1
390,2021-01-06 09:00:00,Neural Network,9,1.205498555944708,1.3426809966293682,2020-01-06 09:00:00,2021-01-06 09:00:00,2021-01-06 09:00:00,366,1
391,2021-01-06 09:00:00,Naive,9,1.205498555944708,1.5640670167807584,2020-01-06 09:00:00,2021-01-06 09:00:00,2021-01-06 09:00:00,366,1
392,2021-01-07 09:00:00,Decision Tree,9,2.088633496984826,2.133112095153242,2020-01-07 09:00:00,2021-01-07 09:00:00,2021-01-07 09:00:00,366,1
393,2021-01-07 09:00:00,Random Forest,9,2.088633496984826,2.0681630858293936,2020-01-07 09:00:00,2021-01-07 09:00:00,2021-01-07 09:00:00,366,1
394,2021-01-07 09:00:00,Neural Network,9,2.088633496984826,1.5777364755163776,2020-01-07 09:00:00,2021-01-07 09:00:00,2021-01-07 09:00:00,366,1
395,2021-01-07 09:00:00,Naive,9,2.088633496984826,1.205498555944708,2020-01-07 09:00:00,2021-01-07 09:00:00,2021-01-07 09:00:00,366,1
396,2021-01-08 09:00:00,Decision Tree,9,2.461108617889157,2.1942641644299052,2020-01-08 09:00:00,2021-01-08 09:00:00,2021-01-08 09:00:00,366,1
397,2021-01-08 09:00:00,Random Forest,9,2.461108617889157,2.1705783465177344,2020-01-08 09:00:00,2021-01-08 09:00:00,2021-01-08 09:00:00,366,1
398,2021-01-08 09:00:00,Neural Network,9,2.461108617889157,2.0871374238451814,2020-01-08 09:00:00,2021-01-08 09:00:00,2021-01-08 09:00:00,366,1
399,2021-01-08 09:00:00,Naive,9,2.461108617889157,2.088633496984826,2020-01-08 09:00:00,2021-01-08 09:00:00,2021-01-08 09:00:00,366,1
400,2021-01-09 09:00:00,Decision Tree,9,1.6293581529889907,2.2986784530668087,2020-01-09 09:00:00,2021-01-09 09:00:00,2021-01-09 09:00:00,366,1
401,2021-01-09 09:00:00,Random Forest,9,1.6293581529889907,1.6644397468727472,2020-01-09 09:00:00,2021-01-09 09:00:00,2021-01-09 09:00:00,366,1
402,2021-01-09 09:00:00,Neural Network,9,1.6293581529889907,1.7394071374745657,2020-01-09 09:00:00,2021-01-09 09:00:00,2021-01-09 09:00:00,366,1
403,2021-01-09 09:00:00,Naive,9,1.6293581529889907,2.461108617889157,2020-01-09 09:00:00,2021-01-09 09:00:00,2021-01-09 09:00:00,366,1
404,2021-01-10 09:00:00,Decision Tree,9,1.2103197796362992,1.172701712679652,2020-01-10 09:00:00,2021-01-10 09:00:00,2021-01-10 09:00:00,366,1
405,2021-01-10 09:00:00,Random Forest,9,1.2103197796362992,1.1804221340738144,2020-01-10 09:00:00,2021-01-10 09:00:00,2021-01-10 09:00:00,366,1
406,2021-01-10 09:00:00,Neural Network,9,1.2103197796362992,1.475389015417012,2020-01-10 09:00:00,2021-01-10 09:00:00,2021-01-10 09:00:00,366,1
407,2021-01-10 09:00:00,Naive,9,1.2103197796362992,1.6293581529889907,2020-01-10 09:00:00,2021-01-10 09:00:00,2021-01-10 09:00:00,366,1
408,2021-01-11 09:00:00,Decision Tree,9,1.3445129320972768,1.2895750079303956,2020-01-11 09:00:00,2021-01-11 09:00:00,2021-01-11 09:00:00,366,1
409,2021-01-11 09:00:00,Random Forest,9,1.3445129320972768,1.2825293556036033,2020-01-11 09:00:00,2021-01-11 09:00:00,2021-01-11 09:00:00,366,1
410,2021-01-11 09:00:00,Neural Network,9,1.3445129320972768,0.8988858625378884,2020-01-11 09:00:00,2021-01-11 09:00:00,2021-01-11 09:00:00,366,1
411,2021-01-11 09:00:00,Naive,9,1.3445129320972768,1.2103197796362992,2020-01-11 09:00:00,2021-01-11 09:00:00,2021-01-11 09:00:00,366,1
412,2021-01-12 09:00:00,Decision Tree,9,1.2084056183709022,1.1780757222448872,2020-01-12 09:00:00,2021-01-12 09:00:00,2021-01-12 09:00:00,366,1
413,2021-01-12 09:00:00,Random Forest,9,1.2084056183709022,1.1973313725499815,2020-01-12 09:00:00,2021-01-12 09:00:00,2021-01-12 09:00:00,366,1
414,2021-01-12 09:00:00,Neural Network,9,1.2084056183709022,1.230858594970285,2020-01-12 09:00:00,2021-01-12 09:00:00,2021-01-12 09:00:00,366,1
415,2021-01-12 09:00:00,Naive,9,1.2084056183709022,1.3445129320972768,2020-01-12 09:00:00,2021-01-12 09:00:00,2021-01-12 09:00:00,366,1
416,2021-01-13 09:00:00,Decision Tree,9,0.8569579294872175,0.7625451755091043,2020-01-13 09:00:00,2021-01-13 09:00:00,2021-01-13 09:00:00,366,1
417,2021-01-13 09:00:00,Random Forest,9,0.8569579294872175,0.7562735111546484,2020-01-13 09:00:00,2021-01-13 09:00:00,2021-01-13 09:00:00,366,1
418,2021-01-13 09:00:00,Neural Network,9,0.8569579294872175,0.5615505196714895,2020-01-13 09:00:00,2021-01-13 09:00:00,2021-01-13 09:00:00,366,1
419,2021-01-13 09:00:00,Naive,9,0.8569579294872175,1.2084056183709022,2020-01-13 09:00:00,2021-01-13 09:00:00,2021-01-13 09:00:00,366,1
420,2021-01-14 09:00:00,Decision Tree,9,2.137825720807781,2.2986784530668087,2020-01-14 09:00:00,2021-01-14 09:00:00,2021-01-14 09:00:00,366,1
421,2021-01-14 09:00:00,Random Forest,9,2.137825720807781,2.1874880150421965,2020-01-14 09:00:00,2021-01-14 09:00:00,2021-01-14 09:00:00,366,1
422,2021-01-14 09:00:00,Neural Network,9,2.137825720807781,1.8379329991275335,2020-01-14 09:00:00,2021-01-14 09:00:00,2021-01-14 09:00:00,366,1
423,2021-01-14 09:00:00,Naive,9,2.137825720807781,0.8569579294872175,2020-01-14 09:00:00,2021-01-14 09:00:00,2021-01-14 09:00:00,366,1
424,2021-01-15 09:00:00,Decision Tree,9,2.2800530409293702,2.2718696643569705,2020-01-15 09:00:00,2021-01-15 09:00:00,2021-01-15 09:00:00,366,1
425,2021-01-15 09:00:00,Random Forest,9,2.2800530409293702,2.2186887769569084,2020-01-15 09:00:00,2021-01-15 09:00:00,2021-01-15 09:00:00,366,1
426,2021-01-15 09:00:00,Neural Network,9,2.2800530409293702,2.2281604081543955,2020-01-15 09:00:00,2021-01-15 09:00:00,2021-01-15 09:00:00,366,1
427,2021-01-15 09:00:00,Naive,9,2.2800530409293702,2.137825720807781,2020-01-15 09:00:00,2021-01-15 09:00:00,2021-01-15 09:00:00,366,1
428,2021-01-16 09:00:00,Decision Tree,9,1.5625768439630012,1.4845964556612072,2020-01-16 09:00:00,2021-01-16 09:00:00,2021-01-16 09:00:00,366,1
429,2021-01-16 09:00:00,Random Forest,9,1.5625768439630012,1.484107290889203,2020-01-16 09:00:00,2021-01-16 09:00:00,2021-01-16 09:00:00,366,1
430,2021-01-16 09:00:00,Neural Network,9,1.5625768439630012,1.5640791025179996,2020-01-16 09:00:00,2021-01-16 09:00:00,2021-01-16 09:00:00,366,1
431,2021-01-16 09:00:00,Naive,9,1.5625768439630012,2.2800530409293702,2020-01-16 09:00:00,2021-01-16 09:00:00,2021-01-16 09:00:00,366,1
432,2021-01-17 09:00:00,Decision Tree,9,1.0326869707957853,0.8899738629073928,2020-01-17 09:00:00,2021-01-17 09:00:00,2021-01-17 09:00:00,366,1
433,2021-01-17 09:00:00,Random Forest,9,1.0326869707957853,0.9208513790556689,2020-01-17 09:00:00,2021-01-17 09:00:00,2021-01-17 09:00:00,366,1
434,2021-01-17 09:00:00,Neural Network,9,1.0326869707957853,1.2764253204941274,2020-01-17 09:00:00,2021-01-17 09:00:00,2021-01-17 09:00:00,366,1
435,2021-01-17 09:00:00,Naive,9,1.0326869707957853,1.5625768439630012,2020-01-17 09:00:00,2021-01-17 09:00:00,2021-01-17 09:00:00,366,1
436,2021-01-18 09:00:00,Decision Tree,9,1.8552847586956476,1.7637654326124765,2020-01-18 09:00:00,2021-01-18 09:00:00,2021-01-18 09:00:00,366,1
437,2021-01-18 09:00:00,Random Forest,9,1.8552847586956476,1.824085756834458,2020-01-18 09:00:00,2021-01-18 09:00:00,2021-01-18 09:00:00,366,1
438,2021-01-18 09:00:00,Neural Network,9,1.8552847586956476,1.7480646801134252,2020-01-18 09:00:00,2021-01-18 09:00:00,2021-01-18 09:00:00,366,1
439,2021-01-18 09:00:00,Naive,9,1.8552847586956476,1.0326869707957853,2020-01-18 09:00:00,2021-01-18 09:00:00,2021-01-18 09:00:00,366,1
440,2021-01-19 09:00:00,Decision Tree,9,1.1871671854944499,1.1753078977092606,2020-01-19 09:00:00,2021-01-19 09:00:00,2021-01-19 09:00:00,366,1
441,2021-01-19 09:00:00,Random Forest,9,1.1871671854944499,1.2073172477750174,2020-01-19 09:00:00,2021-01-19 09:00:00,2021-01-19 09:00:00,366,1
442,2021-01-19 09:00:00,Neural Network,9,1.1871671854944499,0.9670027780157389,2020-01-19 09:00:00,2021-01-19 09:00:00,2021-01-19 09:00:00,366,1
443,2021-01-19 09:00:00,Naive,9,1.1871671854944499,1.8552847586956476,2020-01-19 09:00:00,2021-01-19 09:00:00,2021-01-19 09:00:00,366,1
444,2021-01-20 09:00:00,Decision Tree,9,0.27913710096893124,0.20277978601790628,2020-01-20 09:00:00,2021-01-20 09:00:00,2021-01-20 09:00:00,366,1
445,2021-01-20 09:00:00,Random Forest,9,0.27913710096893124,0.20359742623775287,2020-01-20 09:00:00,2021-01-20 09:00:00,2021-01-20 09:00:00,366,1
446,2021-01-20 09:00:00,Neural Network,9,0.27913710096893124,0.23890806793716535,2020-01-20 09:00:00,2021-01-20 09:00:00,2021-01-20 09:00:00,366,1
447,2021-01-20 09:00:00,Naive,9,0.27913710096893124,1.1871671854944499,2020-01-20 09:00:00,2021-01-20 09:00:00,2021-01-20 09:00:00,366,1
448,2021-01-21 09:00:00,Decision Tree,9,0.005420679901439054,-0.054989002264951216,2020-01-21 09:00:00,2021-01-21 09:00:00,2021-01-21 09:00:00,366,1
449,2021-01-21 09:00:00,Random Forest,9,0.005420679901439054,-0.07030764494598618,2020-01-21 09:00:00,2021-01-21 09:00:00,2021-01-21 09:00:00,366,1
450,2021-01-21 09:00:00,Neural Network,9,0.005420679901439054,-0.12555399802475714,2020-01-21 09:00:00,2021-01-21 09:00:00,2021-01-21 09:00:00,366,1
451,2021-01-21 09:00:00,Naive,9,0.005420679901439054,0.27913710096893124,2020-01-21 09:00:00,2021-01-21 09:00:00,2021-01-21 09:00:00,366,1
452,2021-01-22 09:00:00,Decision Tree,9,0.7266699947670819,0.627755811697472,2020-01-22 09:00:00,2021-01-22 09:00:00,2021-01-22 09:00:00,366,1
453,2021-01-22 09:00:00,Random Forest,9,0.7266699947670819,0.6621396504654591,2020-01-22 09:00:00,2021-01-22 09:00:00,2021-01-22 09:00:00,366,1
454,2021-01-22 09:00:00,Neural Network,9,0.7266699947670819,0.5436047166242217,2020-01-22 09:00:00,2021-01-22 09:00:00,2021-01-22 09:00:00,366,1
455,2021-01-22 09:00:00,Naive,9,0.7266699947670819,0.005420679901439054,2020-01-22 09:00:00,2021-01-22 09:00:00,2021-01-22 09:00:00,366,1
456,2021-01-23 09:00:00,Decision Tree,9,1.2930249144013344,1.3271141186604098,2020-01-23 09:00:00,2021-01-23 09:00:00,2021-01-23 09:00:00,366,1
457,2021-01-23 09:00:00,Random Forest,9,1.2930249144013344,1.2645457313805386,2020-01-23 09:00:00,2021-01-23 09:00:00,2021-01-23 09:00:00,366,1
458,2021-01-23 09:00:00,Neural Network,9,1.2930249144013344,1.3525578483910676,2020-01-23 09:00:00,2021-01-23 09:00:00,2021-01-23 09:00:00,366,1
459,2021-01-23 09:00:00,Naive,9,1.2930249144013344,0.7266699947670819,2020-01-23 09:00:00,2021-01-23 09:00:00,2021-01-23 09:00:00,366,1
460,2021-01-24 09:00:00,Decision Tree,9,1.0100277186749589,0.8437824654294721,2020-01-24 09:00:00,2021-01-24 09:00:00,2021-01-24 09:00:00,366,1
461,2021-01-24 09:00:00,Random Forest,9,1.0100277186749589,0.9179811542784994,2020-01-24 09:00:00,2021-01-24 09:00:00,2021-01-24 09:00:00,366,1
462,2021-01-24 09:00:00,Neural Network,9,1.0100277186749589,1.1220704202057514,2020-01-24 09:00:00,2021-01-24 09:00:00,2021-01-24 09:00:00,366,1
463,2021-01-24 09:00:00,Naive,9,1.0100277186749589,1.2930249144013344,2020-01-24 09:00:00,2021-01-24 09:00:00,2021-01-24 09:00:00,366,1
464,2021-01-25 09:00:00,Decision Tree,9,1.9525606438517644,1.7768396220529294,2020-01-25 09:00:00,2021-01-25 09:00:00,2021-01-25 09:00:00,366,1
465,2021-01-25 09:00:00,Random Forest,9,1.9525606438517644,1.915583549001112,2020-01-25 09:00:00,2021-01-25 09:00:00,2021-01-25 09:00:00,366,1
466,2021-01-25 09:00:00,Neural Network,9,1.9525606438517644,1.8177562856200453,2020-01-25 09:00:00,2021-01-25 09:00:00,2021-01-25 09:00:00,366,1
467,2021-01-25 09:00:00,Naive,9,1.9525606438517644,1.0100277186749589,2020-01-25 09:00:00,2021-01-25 09:00:00,2021-01-25 09:00:00,366,1
468,2021-01-26 09:00:00,Decision Tree,9,1.7653087361894695,1.798804749777784,2020-01-26 09:00:00,2021-01-26 09:00:00,2021-01-26 09:00:00,366,1
469,2021-01-26 09:00:00,Random Forest,9,1.7653087361894695,1.7263804837137566,2020-01-26 09:00:00,2021-01-26 09:00:00,2021-01-26 09:00:00,366,1
470,2021-01-26 09:00:00,Neural Network,9,1.7653087361894695,1.8811687498888967,2020-01-26 09:00:00,2021-01-26 09:00:00,2021-01-26 09:00:00,366,1
471,2021-01-26 09:00:00,Naive,9,1.7653087361894695,1.9525606438517644,2020-01-26 09:00:00,2021-01-26 09:00:00,2021-01-26 09:00:00,366,1
472,2021-01-27 09:00:00,Decision Tree,9,1.6069847875040368,1.6577293646106364,2020-01-27 09:00:00,2021-01-27 09:00:00,2021-01-27 09:00:00,366,1
473,2021-01-27 09:00:00,Random Forest,9,1.6069847875040368,1.5784641884893276,2020-01-27 09:00:00,2021-01-27 09:00:00,2021-01-27 09:00:00,366,1
474,2021-01-27 09:00:00,Neural Network,9,1.6069847875040368,1.679886416217721,2020-01-27 09:00:00,2021-01-27 09:00:00,2021-01-27 09:00:00,366,1
475,2021-01-27 09:00:00,Naive,9,1.6069847875040368,1.7653087361894695,2020-01-27 09:00:00,2021-01-27 09:00:00,2021-01-27 09:00:00,366,1
476,2021-01-28 09:00:00,Decision Tree,9,1.624161749913799,1.6520910782654585,2020-01-28 09:00:00,2021-01-28 09:00:00,2021-01-28 09:00:00,366,1
477,2021-01-28 09:00:00,Random Forest,9,1.624161749913799,1.6081996619444183,2020-01-28 09:00:00,2021-01-28 09:00:00,2021-01-28 09:00:00,366,1
478,2021-01-28 09:00:00,Neural Network,9,1.624161749913799,1.6221003326610868,2020-01-28 09:00:00,2021-01-28 09:00:00,2021-01-28 09:00:00,366,1
479,2021-01-28 09:00:00,Naive,9,1.624161749913799,1.6069847875040368,2020-01-28 09:00:00,2021-01-28 09:00:00,2021-01-28 09:00:00,366,1
480,2021-01-29 09:00:00,Decision Tree,9,1.366342727309004,1.3234662484023856,2020-01-29 09:00:00,2021-01-29 09:00:00,2021-01-29 09:00:00,366,1
481,2021-01-29 09:00:00,Random Forest,9,1.366342727309004,1.3346944987811313,2020-01-29 09:00:00,2021-01-29 09:00:00,2021-01-29 09:00:00,366,1
482,2021-01-29 09:00:00,Neural Network,9,1.366342727309004,1.5117592630252021,2020-01-29 09:00:00,2021-01-29 09:00:00,2021-01-29 09:00:00,366,1
483,2021-01-29 09:00:00,Naive,9,1.366342727309004,1.624161749913799,2020-01-29 09:00:00,2021-01-29 09:00:00,2021-01-29 09:00:00,366,1
484,2021-01-30 09:00:00,Decision Tree,9,1.3238733335020012,1.2605830854915712,2020-01-30 09:00:00,2021-01-30 09:00:00,2021-01-30 09:00:00,366,1
485,2021-01-30 09:00:00,Random Forest,9,1.3238733335020012,1.2749486435331643,2020-01-30 09:00:00,2021-01-30 09:00:00,2021-01-30 09:00:00,366,1
486,2021-01-30 09:00:00,Neural Network,9,1.3238733335020012,1.402381278936624,2020-01-30 09:00:00,2021-01-30 09:00:00,2021-01-30 09:00:00,366,1
487,2021-01-30 09:00:00,Naive,9,1.3238733335020012,1.366342727309004,2020-01-30 09:00:00,2021-01-30 09:00:00,2021-01-30 09:00:00,366,1
488,2021-01-31 09:00:00,Decision Tree,9,0.9380113702142805,0.8437824654294721,2020-01-31 09:00:00,2021-01-31 09:00:00,2021-01-31 09:00:00,366,1
489,2021-01-31 09:00:00,Random Forest,9,0.9380113702142805,0.854626933709632,2020-01-31 09:00:00,2021-01-31 09:00:00,2021-01-31 09:00:00,366,1
490,2021-01-31 09:00:00,Neural Network,9,0.9380113702142805,1.0440131126990106,2020-01-31 09:00:00,2021-01-31 09:00:00,2021-01-31 09:00:00,366,1
491,2021-01-31 09:00:00,Naive,9,0.9380113702142805,1.3238733335020012,2020-01-31 09:00:00,2021-01-31 09:00:00,2021-01-31 09:00:00,366,1
492,2021-02-01 09:00:00,Decision Tree,9,1.5783652871944056,1.540365175438362,2020-02-01 09:00:00,2021-02-01 09:00:00,2021-02-01 09:00:00,366,1
493,2021-02-01 09:00:00,Random Forest,9,1.5783652871944056,1.5558750128409056,2020-02-01 09:00:00,2021-02-01 09:00:00,2021-02-01 09:00:00,366,1
494,2021-02-01 09:00:00,Neural Network,9,1.5783652871944056,1.5236607496968266,2020-02-01 09:00:00,2021-02-01 09:00:00,2021-02-01 09:00:00,366,1
495,2021-02-01 09:00:00,Naive,9,1.5783652871944056,0.9380113702142805,2020-02-01 09:00:00,2021-02-01 09:00:00,2021-02-01 09:00:00,366,1
496,2021-02-02 09:00:00,Decision Tree,9,1.7051726135238563,1.6019757217161619,2020-02-02 09:00:00,2021-02-02 09:00:00,2021-02-02 09:00:00,366,1
497,2021-02-02 09:00:00,Random Forest,9,1.7051726135238563,1.6455805128260195,2020-02-02 09:00:00,2021-02-02 09:00:00,2021-02-02 09:00:00,366,1
498,2021-02-02 09:00:00,Neural Network,9,1.7051726135238563,1.6837971550507909,2020-02-02 09:00:00,2021-02-02 09:00:00,2021-02-02 09:00:00,366,1
499,2021-02-02 09:00:00,Naive,9,1.7051726135238563,1.5783652871944056,2020-02-02 09:00:00,2021-02-02 09:00:00,2021-02-02 09:00:00,366,1
500,2021-02-03 09:00:00,Decision Tree,9,1.2591790932640492,1.177367754692193,2020-02-03 09:00:00,2021-02-03 09:00:00,2021-02-03 09:00:00,366,1
501,2021-02-03 09:00:00,Random Forest,9,1.2591790932640492,1.2029941408825897,2020-02-03 09:00:00,2021-02-03 09:00:00,2021-02-03 09:00:00,366,1
502,2021-02-03 09:00:00,Neural Network,9,1.2591790932640492,1.3594741388184808,2020-02-03 09:00:00,2021-02-03 09:00:00,2021-02-03 09:00:00,366,1
503,2021-02-03 09:00:00,Naive,9,1.2591790932640492,1.7051726135238563,2020-02-03 09:00:00,2021-02-03 09:00:00,2021-02-03 09:00:00,366,1
504,2021-02-04 09:00:00,Decision Tree,9,1.3231024327998293,1.277372553922962,2020-02-04 09:00:00,2021-02-04 09:00:00,2021-02-04 09:00:00,366,1
505,2021-02-04 09:00:00,Random Forest,9,1.3231024327998293,1.2961695990703241,2020-02-04 09:00:00,2021-02-04 09:00:00,2021-02-04 09:00:00,366,1
506,2021-02-04 09:00:00,Neural Network,9,1.3231024327998293,1.2819544239177054,2020-02-04 09:00:00,2021-02-04 09:00:00,2021-02-04 09:00:00,366,1
507,2021-02-04 09:00:00,Naive,9,1.3231024327998293,1.2591790932640492,2020-02-04 09:00:00,2021-02-04 09:00:00,2021-02-04 09:00:00,366,1
508,2021-02-05 09:00:00,Decision Tree,9,1.4454582685028785,1.399837361216272,2020-02-05 09:00:00,2021-02-05 09:00:00,2021-02-05 09:00:00,366,1
509,2021-02-05 09:00:00,Random Forest,9,1.4454582685028785,1.3868555565583653,2020-02-05 09:00:00,2021-02-05 09:00:00,2021-02-05 09:00:00,366,1
510,2021-02-05 09:00:00,Neural Network,9,1.4454582685028785,1.4148851815916994,2020-02-05 09:00:00,2021-02-05 09:00:00,2021-02-05 09:00:00,366,1
511,2021-02-05 09:00:00,Naive,9,1.4454582685028785,1.3231024327998293,2020-02-05 09:00:00,2021-02-05 09:00:00,2021-02-05 09:00:00,366,1
512,2021-02-06 09:00:00,Decision Tree,9,0.5834217985183162,0.5601637381756138,2020-02-06 09:00:00,2021-02-06 09:00:00,2021-02-06 09:00:00,366,1
513,2021-02-06 09:00:00,Random Forest,9,0.5834217985183162,0.4999749915581585,2020-02-06 09:00:00,2021-02-06 09:00:00,2021-02-06 09:00:00,366,1
514,2021-02-06 09:00:00,Neural Network,9,0.5834217985183162,-0.0998823384002492,2020-02-06 09:00:00,2021-02-06 09:00:00,2021-02-06 09:00:00,366,1
515,2021-02-06 09:00:00,Naive,9,0.5834217985183162,1.4454582685028785,2020-02-06 09:00:00,2021-02-06 09:00:00,2021-02-06 09:00:00,366,1
516,2021-02-07 09:00:00,Decision Tree,9,-1.349592355989711,-1.2634844661158446,2020-02-07 09:00:00,2021-02-07 09:00:00,2021-02-07 09:00:00,366,1
517,2021-02-07 09:00:00,Random Forest,9,-1.349592355989711,-1.2710513349404862,2020-02-07 09:00:00,2021-02-07 09:00:00,2021-02-07 09:00:00,366,1
518,2021-02-07 09:00:00,Neural Network,9,-1.349592355989711,-0.870741586342885,2020-02-07 09:00:00,2021-02-07 09:00:00,2021-02-07 09:00:00,366,1
519,2021-02-07 09:00:00,Naive,9,-1.349592355989711,0.5834217985183162,2020-02-07 09:00:00,2021-02-07 09:00:00,2021-02-07 09:00:00,366,1
520,2021-02-08 09:00:00,Decision Tree,9,1.2890499105179394,1.3311111358641108,2020-02-08 09:00:00,2021-02-08 09:00:00,2021-02-08 09:00:00,366,1
521,2021-02-08 09:00:00,Random Forest,9,1.2890499105179394,1.279484003236797,2020-02-08 09:00:00,2021-02-08 09:00:00,2021-02-08 09:00:00,366,1
522,2021-02-08 09:00:00,Neural Network,9,1.2890499105179394,1.0996744185691651,2020-02-08 09:00:00,2021-02-08 09:00:00,2021-02-08 09:00:00,366,1
523,2021-02-08 09:00:00,Naive,9,1.2890499105179394,-1.349592355989711,2020-02-08 09:00:00,2021-02-08 09:00:00,2021-02-08 09:00:00,366,1
524,2021-02-09 09:00:00,Decision Tree,9,1.9775241748366161,1.854923922081157,2020-02-09 09:00:00,2021-02-09 09:00:00,2021-02-09 09:00:00,366,1
525,2021-02-09 09:00:00,Random Forest,9,1.9775241748366161,1.9375300725805114,2020-02-09 09:00:00,2021-02-09 09:00:00,2021-02-09 09:00:00,366,1
526,2021-02-09 09:00:00,Neural Network,9,1.9775241748366161,1.901184424637292,2020-02-09 09:00:00,2021-02-09 09:00:00,2021-02-09 09:00:00,366,1
527,2021-02-09 09:00:00,Naive,9,1.9775241748366161,1.2890499105179394,2020-02-09 09:00:00,2021-02-09 09:00:00,2021-02-09 09:00:00,366,1
528,2021-02-10 09:00:00,Decision Tree,9,2.295681492757596,2.273038718153028,2020-02-10 09:00:00,2021-02-10 09:00:00,2021-02-10 09:00:00,366,1
529,2021-02-10 09:00:00,Random Forest,9,2.295681492757596,2.257304915773301,2020-02-10 09:00:00,2021-02-10 09:00:00,2021-02-10 09:00:00,366,1
530,2021-02-10 09:00:00,Neural Network,9,2.295681492757596,2.1692604610442596,2020-02-10 09:00:00,2021-02-10 09:00:00,2021-02-10 09:00:00,366,1
531,2021-02-10 09:00:00,Naive,9,2.295681492757596,1.9775241748366161,2020-02-10 09:00:00,2021-02-10 09:00:00,2021-02-10 09:00:00,366,1
532,2021-02-11 09:00:00,Decision Tree,9,2.724272338051407,2.275869064978599,2020-02-11 09:00:00,2021-02-11 09:00:00,2021-02-11 09:00:00,366,1
533,2021-02-11 09:00:00,Random Forest,9,2.724272338051407,2.3137605597861586,2020-02-11 09:00:00,2021-02-11 09:00:00,2021-02-11 09:00:00,366,1
534,2021-02-11 09:00:00,Neural Network,9,2.724272338051407,2.9095410232895693,2020-02-11 09:00:00,2021-02-11 09:00:00,2021-02-11 09:00:00,366,1
535,2021-02-11 09:00:00,Naive,9,2.724272338051407,2.295681492757596,2020-02-11 09:00:00,2021-02-11 09:00:00,2021-02-11 09:00:00,366,1
536,2021-02-12 09:00:00,Decision Tree,9,1.9736242740380758,1.934825375379376,2020-02-12 09:00:00,2021-02-12 09:00:00,2021-02-12 09:00:00,366,1
537,2021-02-12 09:00:00,Random Forest,9,1.9736242740380758,1.993280475929937,2020-02-12 09:00:00,2021-02-12 09:00:00,2021-02-12 09:00:00,366,1
538,2021-02-12 09:00:00,Neural Network,9,1.9736242740380758,1.7502614645918937,2020-02-12 09:00:00,2021-02-12 09:00:00,2021-02-12 09:00:00,366,1
539,2021-02-12 09:00:00,Naive,9,1.9736242740380758,2.724272338051407,2020-02-12 09:00:00,2021-02-12 09:00:00,2021-02-12 09:00:00,366,1
540,2021-02-13 09:00:00,Decision Tree,9,1.5567785827379441,1.540242573987427,2020-02-13 09:00:00,2021-02-13 09:00:00,2021-02-13 09:00:00,366,1
541,2021-02-13 09:00:00,Random Forest,9,1.5567785827379441,1.536296332817534,2020-02-13 09:00:00,2021-02-13 09:00:00,2021-02-13 09:00:00,366,1
542,2021-02-13 09:00:00,Neural Network,9,1.5567785827379441,1.4274481196435607,2020-02-13 09:00:00,2021-02-13 09:00:00,2021-02-13 09:00:00,366,1
543,2021-02-13 09:00:00,Naive,9,1.5567785827379441,1.9736242740380758,2020-02-13 09:00:00,2021-02-13 09:00:00,2021-02-13 09:00:00,366,1
544,2021-02-14 09:00:00,Decision Tree,9,0.7805321161650256,0.7199137963393344,2020-02-14 09:00:00,2021-02-14 09:00:00,2021-02-14 09:00:00,366,1
545,2021-02-14 09:00:00,Random Forest,9,0.7805321161650256,0.6993606557380884,2020-02-14 09:00:00,2021-02-14 09:00:00,2021-02-14 09:00:00,366,1
546,2021-02-14 09:00:00,Neural Network,9,0.7805321161650256,0.9543917252603324,2020-02-14 09:00:00,2021-02-14 09:00:00,2021-02-14 09:00:00,366,1
547,2021-02-14 09:00:00,Naive,9,0.7805321161650256,1.5567785827379441,2020-02-14 09:00:00,2021-02-14 09:00:00,2021-02-14 09:00:00,366,1
548,2021-02-15 09:00:00,Decision Tree,9,1.439266593030989,1.4055399746270978,2020-02-15 09:00:00,2021-02-15 09:00:00,2021-02-15 09:00:00,366,1
549,2021-02-15 09:00:00,Random Forest,9,1.439266593030989,1.4148413512849745,2020-02-15 09:00:00,2021-02-15 09:00:00,2021-02-15 09:00:00,366,1
550,2021-02-15 09:00:00,Neural Network,9,1.439266593030989,1.3772616337664896,2020-02-15 09:00:00,2021-02-15 09:00:00,2021-02-15 09:00:00,366,1
551,2021-02-15 09:00:00,Naive,9,1.439266593030989,0.7805321161650256,2020-02-15 09:00:00,2021-02-15 09:00:00,2021-02-15 09:00:00,366,1
552,2021-02-16 09:00:00,Decision Tree,9,1.6815078503000789,1.601975721716162,2020-02-16 09:00:00,2021-02-16 09:00:00,2021-02-16 09:00:00,366,1
553,2021-02-16 09:00:00,Random Forest,9,1.6815078503000789,1.6331582129525977,2020-02-16 09:00:00,2021-02-16 09:00:00,2021-02-16 09:00:00,366,1
554,2021-02-16 09:00:00,Neural Network,9,1.6815078503000789,1.625525178015449,2020-02-16 09:00:00,2021-02-16 09:00:00,2021-02-16 09:00:00,366,1
555,2021-02-16 09:00:00,Naive,9,1.6815078503000789,1.439266593030989,2020-02-16 09:00:00,2021-02-16 09:00:00,2021-02-16 09:00:00,366,1
556,2021-02-17 09:00:00,Decision Tree,9,1.4437905942995946,1.4092873766719747,2020-02-17 09:00:00,2021-02-17 09:00:00,2021-02-17 09:00:00,366,1
557,2021-02-17 09:00:00,Random Forest,9,1.4437905942995946,1.4206892215955325,2020-02-17 09:00:00,2021-02-17 09:00:00,2021-02-17 09:00:00,366,1
558,2021-02-17 09:00:00,Neural Network,9,1.4437905942995946,1.3845836244033347,2020-02-17 09:00:00,2021-02-17 09:00:00,2021-02-17 09:00:00,366,1
559,2021-02-17 09:00:00,Naive,9,1.4437905942995946,1.6815078503000789,2020-02-17 09:00:00,2021-02-17 09:00:00,2021-02-17 09:00:00,366,1
560,2021-02-18 09:00:00,Decision Tree,9,1.3711796414668578,1.3320535168704069,2020-02-18 09:00:00,2021-02-18 09:00:00,2021-02-18 09:00:00,366,1
561,2021-02-18 09:00:00,Random Forest,9,1.3711796414668578,1.3258804674012847,2020-02-18 09:00:00,2021-02-18 09:00:00,2021-02-18 09:00:00,366,1
562,2021-02-18 09:00:00,Neural Network,9,1.3711796414668578,1.1752930487855988,2020-02-18 09:00:00,2021-02-18 09:00:00,2021-02-18 09:00:00,366,1
563,2021-02-18 09:00:00,Naive,9,1.3711796414668578,1.4437905942995946,2020-02-18 09:00:00,2021-02-18 09:00:00,2021-02-18 09:00:00,366,1
564,2021-02-19 09:00:00,Decision Tree,9,1.328101897230158,1.2837511356420557,2020-02-19 09:00:00,2021-02-19 09:00:00,2021-02-19 09:00:00,366,1
565,2021-02-19 09:00:00,Random Forest,9,1.328101897230158,1.299134618071867,2020-02-19 09:00:00,2021-02-19 09:00:00,2021-02-19 09:00:00,366,1
566,2021-02-19 09:00:00,Neural Network,9,1.328101897230158,1.1550449223099424,2020-02-19 09:00:00,2021-02-19 09:00:00,2021-02-19 09:00:00,366,1
567,2021-02-19 09:00:00,Naive,9,1.328101897230158,1.3711796414668578,2020-02-19 09:00:00,2021-02-19 09:00:00,2021-02-19 09:00:00,366,1
568,2021-02-20 09:00:00,Decision Tree,9,0.2299918344711635,0.15802458395676072,2020-02-20 09:00:00,2021-02-20 09:00:00,2021-02-20 09:00:00,366,1
569,2021-02-20 09:00:00,Random Forest,9,0.2299918344711635,0.15128076138171287,2020-02-20 09:00:00,2021-02-20 09:00:00,2021-02-20 09:00:00,366,1
570,2021-02-20 09:00:00,Neural Network,9,0.2299918344711635,0.02913483752367098,2020-02-20 09:00:00,2021-02-20 09:00:00,2021-02-20 09:00:00,366,1
571,2021-02-20 09:00:00,Naive,9,0.2299918344711635,1.328101897230158,2020-02-20 09:00:00,2021-02-20 09:00:00,2021-02-20 09:00:00,366,1
572,2021-02-21 09:00:00,Decision Tree,9,-0.05011269850346604,-0.08591112813994246,2020-02-21 09:00:00,2021-02-21 09:00:00,2021-02-21 09:00:00,366,1
573,2021-02-21 09:00:00,Random Forest,9,-0.05011269850346604,-0.08433840717702822,2020-02-21 09:00:00,2021-02-21 09:00:00,2021-02-21 09:00:00,366,1
574,2021-02-21 09:00:00,Neural Network,9,-0.05011269850346604,-0.21381444087770576,2020-02-21 09:00:00,2021-02-21 09:00:00,2021-02-21 09:00:00,366,1
575,2021-02-21 09:00:00,Naive,9,-0.05011269850346604,0.2299918344711635,2020-02-21 09:00:00,2021-02-21 09:00:00,2021-02-21 09:00:00,366,1
576,2021-02-22 09:00:00,Decision Tree,9,1.2109394346607496,1.0943439812568818,2020-02-22 09:00:00,2021-02-22 09:00:00,2021-02-22 09:00:00,366,1
577,2021-02-22 09:00:00,Random Forest,9,1.2109394346607496,1.1661493955833702,2020-02-22 09:00:00,2021-02-22 09:00:00,2021-02-22 09:00:00,366,1
578,2021-02-22 09:00:00,Neural Network,9,1.2109394346607496,1.0246747679172663,2020-02-22 09:00:00,2021-02-22 09:00:00,2021-02-22 09:00:00,366,1
579,2021-02-22 09:00:00,Naive,9,1.2109394346607496,-0.05011269850346604,2020-02-22 09:00:00,2021-02-22 09:00:00,2021-02-22 09:00:00,366,1
580,2021-02-23 09:00:00,Decision Tree,9,1.2569519881722626,1.2135849445618596,2020-02-23 09:00:00,2021-02-23 09:00:00,2021-02-23 09:00:00,366,1
581,2021-02-23 09:00:00,Random Forest,9,1.2569519881722626,1.2194635002337044,2020-02-23 09:00:00,2021-02-23 09:00:00,2021-02-23 09:00:00,366,1
582,2021-02-23 09:00:00,Neural Network,9,1.2569519881722626,0.9218361241773825,2020-02-23 09:00:00,2021-02-23 09:00:00,2021-02-23 09:00:00,366,1
583,2021-02-23 09:00:00,Naive,9,1.2569519881722626,1.2109394346607496,2020-02-23 09:00:00,2021-02-23 09:00:00,2021-02-23 09:00:00,366,1
584,2021-02-24 09:00:00,Decision Tree,9,0.6262124131442354,0.530335637554172,2020-02-24 09:00:00,2021-02-24 09:00:00,2021-02-24 09:00:00,366,1
585,2021-02-24 09:00:00,Random Forest,9,0.6262124131442354,0.5369536735480556,2020-02-24 09:00:00,2021-02-24 09:00:00,2021-02-24 09:00:00,366,1
586,2021-02-24 09:00:00,Neural Network,9,0.6262124131442354,0.44640475749650765,2020-02-24 09:00:00,2021-02-24 09:00:00,2021-02-24 09:00:00,366,1
587,2021-02-24 09:00:00,Naive,9,0.6262124131442354,1.2569519881722626,2020-02-24 09:00:00,2021-02-24 09:00:00,2021-02-24 09:00:00,366,1
588,2021-02-25 09:00:00,Decision Tree,9,0.96615482068098,0.8419515589676834,2020-02-25 09:00:00,2021-02-25 09:00:00,2021-02-25 09:00:00,366,1
589,2021-02-25 09:00:00,Random Forest,9,0.96615482068098,0.8654789429040507,2020-02-25 09:00:00,2021-02-25 09:00:00,2021-02-25 09:00:00,366,1
590,2021-02-25 09:00:00,Neural Network,9,0.96615482068098,0.703586137600126,2020-02-25 09:00:00,2021-02-25 09:00:00,2021-02-25 09:00:00,366,1
591,2021-02-25 09:00:00,Naive,9,0.96615482068098,0.6262124131442354,2020-02-25 09:00:00,2021-02-25 09:00:00,2021-02-25 09:00:00,366,1
592,2021-02-26 09:00:00,Decision Tree,9,1.228134939709347,1.219780236506203,2020-02-26 09:00:00,2021-02-26 09:00:00,2021-02-26 09:00:00,366,1
593,2021-02-26 09:00:00,Random Forest,9,1.228134939709347,1.192685432905807,2020-02-26 09:00:00,2021-02-26 09:00:00,2021-02-26 09:00:00,366,1
594,2021-02-26 09:00:00,Neural Network,9,1.228134939709347,1.1398309946806042,2020-02-26 09:00:00,2021-02-26 09:00:00,2021-02-26 09:00:00,366,1
595,2021-02-26 09:00:00,Naive,9,1.228134939709347,0.96615482068098,2020-02-26 09:00:00,2021-02-26 09:00:00,2021-02-26 09:00:00,366,1
596,2021-02-27 09:00:00,Decision Tree,9,1.0904594529284135,0.9701947219717639,2020-02-27 09:00:00,2021-02-27 09:00:00,2021-02-27 09:00:00,366,1
597,2021-02-27 09:00:00,Random Forest,9,1.0904594529284135,0.9887450000134304,2020-02-27 09:00:00,2021-02-27 09:00:00,2021-02-27 09:00:00,366,1
598,2021-02-27 09:00:00,Neural Network,9,1.0904594529284135,1.0888317984521252,2020-02-27 09:00:00,2021-02-27 09:00:00,2021-02-27 09:00:00,366,1
599,2021-02-27 09:00:00,Naive,9,1.0904594529284135,1.228134939709347,2020-02-27 09:00:00,2021-02-27 09:00:00,2021-02-27 09:00:00,366,1
600,2021-02-28 09:00:00,Decision Tree,9,0.39168309065433854,0.2914844323559262,2020-02-28 09:00:00,2021-02-28 09:00:00,2021-02-28 09:00:00,366,1
601,2021-02-28 09:00:00,Random Forest,9,0.39168309065433854,0.2818228406780032,2020-02-28 09:00:00,2021-02-28 09:00:00,2021-02-28 09:00:00,366,1
602,2021-02-28 09:00:00,Neural Network,9,0.39168309065433854,0.7722353073521226,2020-02-28 09:00:00,2021-02-28 09:00:00,2021-02-28 09:00:00,366,1
603,2021-02-28 09:00:00,Naive,9,0.39168309065433854,1.0904594529284135,2020-02-28 09:00:00,2021-02-28 09:00:00,2021-02-28 09:00:00,366,1
604,2021-03-01 09:00:00,Decision Tree,9,1.3710090264365002,1.3521359271262856,2020-03-01 09:00:00,2021-03-01 09:00:00,2021-03-01 09:00:00,365,1
605,2021-03-01 09:00:00,Random Forest,9,1.3710090264365002,1.3289793957046017,2020-03-01 09:00:00,2021-03-01 09:00:00,2021-03-01 09:00:00,365,1
606,2021-03-01 09:00:00,Neural Network,9,1.3710090264365002,1.0534139487235257,2020-03-01 09:00:00,2021-03-01 09:00:00,2021-03-01 09:00:00,365,1
607,2021-03-01 09:00:00,Naive,9,1.3710090264365002,0.39168309065433854,2020-03-01 09:00:00,2021-03-01 09:00:00,2021-03-01 09:00:00,365,1
608,2021-03-02 09:00:00,Decision Tree,9,1.3546263453808098,1.355281443677988,2020-03-02 09:00:00,2021-03-02 09:00:00,2021-03-02 09:00:00,365,1
609,2021-03-02 09:00:00,Random Forest,9,1.3546263453808098,1.354223666197754,2020-03-02 09:00:00,2021-03-02 09:00:00,2021-03-02 09:00:00,365,1
610,2021-03-02 09:00:00,Neural Network,9,1.3546263453808098,1.2470277703015924,2020-03-02 09:00:00,2021-03-02 09:00:00,2021-03-02 09:00:00,365,1
611,2021-03-02 09:00:00,Naive,9,1.3546263453808098,1.3710090264365002,2020-03-02 09:00:00,2021-03-02 09:00:00,2021-03-02 09:00:00,365,1
612,2021-03-03 09:00:00,Decision Tree,9,1.335710984743708,1.3551878582069627,2020-03-03 09:00:00,2021-03-03 09:00:00,2021-03-03 09:00:00,365,1
613,2021-03-03 09:00:00,Random Forest,9,1.335710984743708,1.3222342561232003,2020-03-03 09:00:00,2021-03-03 09:00:00,2021-03-03 09:00:00,365,1
614,2021-03-03 09:00:00,Neural Network,9,1.335710984743708,1.279975328982856,2020-03-03 09:00:00,2021-03-03 09:00:00,2021-03-03 09:00:00,365,1
615,2021-03-03 09:00:00,Naive,9,1.335710984743708,1.3546263453808098,2020-03-03 09:00:00,2021-03-03 09:00:00,2021-03-03 09:00:00,365,1
616,2021-03-04 09:00:00,Decision Tree,9,1.5654928476496053,1.5429985754458464,2020-03-04 09:00:00,2021-03-04 09:00:00,2021-03-04 09:00:00,365,1
617,2021-03-04 09:00:00,Random Forest,9,1.5654928476496053,1.5553531935317968,2020-03-04 09:00:00,2021-03-04 09:00:00,2021-03-04 09:00:00,365,1
618,2021-03-04 09:00:00,Neural Network,9,1.5654928476496053,1.3248040769999605,2020-03-04 09:00:00,2021-03-04 09:00:00,2021-03-04 09:00:00,365,1
619,2021-03-04 09:00:00,Naive,9,1.5654928476496053,1.335710984743708,2020-03-04 09:00:00,2021-03-04 09:00:00,2021-03-04 09:00:00,365,1
620,2021-03-05 09:00:00,Decision Tree,9,1.571589399736063,1.5462120429035262,2020-03-05 09:00:00,2021-03-05 09:00:00,2021-03-05 09:00:00,365,1
621,2021-03-05 09:00:00,Random Forest,9,1.571589399736063,1.5552102658513607,2020-03-05 09:00:00,2021-03-05 09:00:00,2021-03-05 09:00:00,365,1
622,2021-03-05 09:00:00,Neural Network,9,1.571589399736063,1.3675809779943018,2020-03-05 09:00:00,2021-03-05 09:00:00,2021-03-05 09:00:00,365,1
623,2021-03-05 09:00:00,Naive,9,1.571589399736063,1.5654928476496053,2020-03-05 09:00:00,2021-03-05 09:00:00,2021-03-05 09:00:00,365,1
624,2021-03-06 09:00:00,Decision Tree,9,0.7266408603386224,0.6613128113450902,2020-03-06 09:00:00,2021-03-06 09:00:00,2021-03-06 09:00:00,365,1
625,2021-03-06 09:00:00,Random Forest,9,0.7266408603386224,0.6826432870907122,2020-03-06 09:00:00,2021-03-06 09:00:00,2021-03-06 09:00:00,365,1
626,2021-03-06 09:00:00,Neural Network,9,0.7266408603386224,0.5722236475746636,2020-03-06 09:00:00,2021-03-06 09:00:00,2021-03-06 09:00:00,365,1
627,2021-03-06 09:00:00,Naive,9,0.7266408603386224,1.571589399736063,2020-03-06 09:00:00,2021-03-06 09:00:00,2021-03-06 09:00:00,365,1
628,2021-03-07 09:00:00,Decision Tree,9,0.17106327239428634,0.11542958203599595,2020-03-07 09:00:00,2021-03-07 09:00:00,2021-03-07 09:00:00,365,1
629,2021-03-07 09:00:00,Random Forest,9,0.17106327239428634,0.11986839822550145,2020-03-07 09:00:00,2021-03-07 09:00:00,2021-03-07 09:00:00,365,1
630,2021-03-07 09:00:00,Neural Network,9,0.17106327239428634,0.07273304817510484,2020-03-07 09:00:00,2021-03-07 09:00:00,2021-03-07 09:00:00,365,1
631,2021-03-07 09:00:00,Naive,9,0.17106327239428634,0.7266408603386224,2020-03-07 09:00:00,2021-03-07 09:00:00,2021-03-07 09:00:00,365,1
632,2021-03-08 09:00:00,Decision Tree,9,1.6508132872520953,1.601975721716162,2020-03-08 09:00:00,2021-03-08 09:00:00,2021-03-08 09:00:00,365,1
633,2021-03-08 09:00:00,Random Forest,9,1.6508132872520953,1.5989743749052918,2020-03-08 09:00:00,2021-03-08 09:00:00,2021-03-08 09:00:00,365,1
634,2021-03-08 09:00:00,Neural Network,9,1.6508132872520953,1.504167961053702,2020-03-08 09:00:00,2021-03-08 09:00:00,2021-03-08 09:00:00,365,1
635,2021-03-08 09:00:00,Naive,9,1.6508132872520953,0.17106327239428634,2020-03-08 09:00:00,2021-03-08 09:00:00,2021-03-08 09:00:00,365,1
636,2021-03-09 09:00:00,Decision Tree,9,1.7763448919743974,1.7113012646383152,2020-03-09 09:00:00,2021-03-09 09:00:00,2021-03-09 09:00:00,365,1
637,2021-03-09 09:00:00,Random Forest,9,1.7763448919743974,1.7178849139038748,2020-03-09 09:00:00,2021-03-09 09:00:00,2021-03-09 09:00:00,365,1
638,2021-03-09 09:00:00,Neural Network,9,1.7763448919743974,1.6182420966441105,2020-03-09 09:00:00,2021-03-09 09:00:00,2021-03-09 09:00:00,365,1
639,2021-03-09 09:00:00,Naive,9,1.7763448919743974,1.6508132872520953,2020-03-09 09:00:00,2021-03-09 09:00:00,2021-03-09 09:00:00,365,1
640,2021-03-10 09:00:00,Decision Tree,9,1.336988983890821,1.352753249024056,2020-03-10 09:00:00,2021-03-10 09:00:00,2021-03-10 09:00:00,365,1
641,2021-03-10 09:00:00,Random Forest,9,1.336988983890821,1.3462759645502367,2020-03-10 09:00:00,2021-03-10 09:00:00,2021-03-10 09:00:00,365,1
642,2021-03-10 09:00:00,Neural Network,9,1.336988983890821,1.2491895498892156,2020-03-10 09:00:00,2021-03-10 09:00:00,2021-03-10 09:00:00,365,1
643,2021-03-10 09:00:00,Naive,9,1.336988983890821,1.7763448919743974,2020-03-10 09:00:00,2021-03-10 09:00:00,2021-03-10 09:00:00,365,1
644,2021-03-11 09:00:00,Decision Tree,9,0.21521771865023936,0.17502893573280992,2020-03-11 09:00:00,2021-03-11 09:00:00,2021-03-11 09:00:00,365,1
645,2021-03-11 09:00:00,Random Forest,9,0.21521771865023936,0.19656933651383157,2020-03-11 09:00:00,2021-03-11 09:00:00,2021-03-11 09:00:00,365,1
646,2021-03-11 09:00:00,Neural Network,9,0.21521771865023936,-0.34595057824845343,2020-03-11 09:00:00,2021-03-11 09:00:00,2021-03-11 09:00:00,365,1
647,2021-03-11 09:00:00,Naive,9,0.21521771865023936,1.336988983890821,2020-03-11 09:00:00,2021-03-11 09:00:00,2021-03-11 09:00:00,365,1
648,2021-03-12 09:00:00,Decision Tree,9,-0.7880197639342612,-0.7567520314980379,2020-03-12 09:00:00,2021-03-12 09:00:00,2021-03-12 09:00:00,365,1
649,2021-03-12 09:00:00,Random Forest,9,-0.7880197639342612,-0.7620470876544657,2020-03-12 09:00:00,2021-03-12 09:00:00,2021-03-12 09:00:00,365,1
650,2021-03-12 09:00:00,Neural Network,9,-0.7880197639342612,-0.7897693411281377,2020-03-12 09:00:00,2021-03-12 09:00:00,2021-03-12 09:00:00,365,1
651,2021-03-12 09:00:00,Naive,9,-0.7880197639342612,0.21521771865023936,2020-03-12 09:00:00,2021-03-12 09:00:00,2021-03-12 09:00:00,365,1
652,2021-03-13 09:00:00,Decision Tree,9,-1.6473452504542396,-1.5159918517461297,2020-03-13 09:00:00,2021-03-13 09:00:00,2021-03-13 09:00:00,365,1
653,2021-03-13 09:00:00,Random Forest,9,-1.6473452504542396,-1.5898438726931512,2020-03-13 09:00:00,2021-03-13 09:00:00,2021-03-13 09:00:00,365,1
654,2021-03-13 09:00:00,Neural Network,9,-1.6473452504542396,-1.4326384122487767,2020-03-13 09:00:00,2021-03-13 09:00:00,2021-03-13 09:00:00,365,1
655,2021-03-13 09:00:00,Naive,9,-1.6473452504542396,-0.7880197639342612,2020-03-13 09:00:00,2021-03-13 09:00:00,2021-03-13 09:00:00,365,1
656,2021-03-14 09:00:00,Decision Tree,9,-1.0111271648436886,-0.9788275975545543,2020-03-14 09:00:00,2021-03-14 09:00:00,2021-03-14 09:00:00,365,1
657,2021-03-14 09:00:00,Random Forest,9,-1.0111271648436886,-0.9640304583100887,2020-03-14 09:00:00,2021-03-14 09:00:00,2021-03-14 09:00:00,365,1
658,2021-03-14 09:00:00,Neural Network,9,-1.0111271648436886,-1.1046814829492837,2020-03-14 09:00:00,2021-03-14 09:00:00,2021-03-14 09:00:00,365,1
659,2021-03-14 09:00:00,Naive,9,-1.0111271648436886,-1.6473452504542396,2020-03-14 09:00:00,2021-03-14 09:00:00,2021-03-14 09:00:00,365,1
660,2021-03-15 09:00:00,Decision Tree,9,1.4438493459225814,1.438865825632744,2020-03-15 09:00:00,2021-03-15 09:00:00,2021-03-15 09:00:00,365,1
661,2021-03-15 09:00:00,Random Forest,9,1.4438493459225814,1.3974134325182284,2020-03-15 09:00:00,2021-03-15 09:00:00,2021-03-15 09:00:00,365,1
662,2021-03-15 09:00:00,Neural Network,9,1.4438493459225814,0.8391860094972371,2020-03-15 09:00:00,2021-03-15 09:00:00,2021-03-15 09:00:00,365,1
663,2021-03-15 09:00:00,Naive,9,1.4438493459225814,-1.0111271648436886,2020-03-15 09:00:00,2021-03-15 09:00:00,2021-03-15 09:00:00,365,1
664,2021-03-16 09:00:00,Decision Tree,9,1.475965173300768,1.4396964123477172,2020-03-16 09:00:00,2021-03-16 09:00:00,2021-03-16 09:00:00,365,1
665,2021-03-16 09:00:00,Random Forest,9,1.475965173300768,1.4196025575478493,2020-03-16 09:00:00,2021-03-16 09:00:00,2021-03-16 09:00:00,365,1
666,2021-03-16 09:00:00,Neural Network,9,1.475965173300768,1.345752070997716,2020-03-16 09:00:00,2021-03-16 09:00:00,2021-03-16 09:00:00,365,1
667,2021-03-16 09:00:00,Naive,9,1.475965173300768,1.4438493459225814,2020-03-16 09:00:00,2021-03-16 09:00:00,2021-03-16 09:00:00,365,1
668,2021-03-17 09:00:00,Decision Tree,9,1.4739185453483208,1.4448776639124385,2020-03-17 09:00:00,2021-03-17 09:00:00,2021-03-17 09:00:00,365,1
669,2021-03-17 09:00:00,Random Forest,9,1.4739185453483208,1.4407506423392813,2020-03-17 09:00:00,2021-03-17 09:00:00,2021-03-17 09:00:00,365,1
670,2021-03-17 09:00:00,Neural Network,9,1.4739185453483208,1.3584878837244534,2020-03-17 09:00:00,2021-03-17 09:00:00,2021-03-17 09:00:00,365,1
671,2021-03-17 09:00:00,Naive,9,1.4739185453483208,1.475965173300768,2020-03-17 09:00:00,2021-03-17 09:00:00,2021-03-17 09:00:00,365,1
672,2021-03-18 09:00:00,Decision Tree,9,1.8224468762512425,1.7205932114006128,2020-03-18 09:00:00,2021-03-18 09:00:00,2021-03-18 09:00:00,365,1
673,2021-03-18 09:00:00,Random Forest,9,1.8224468762512425,1.7489569329034804,2020-03-18 09:00:00,2021-03-18 09:00:00,2021-03-18 09:00:00,365,1
674,2021-03-18 09:00:00,Neural Network,9,1.8224468762512425,1.7535399719084972,2020-03-18 09:00:00,2021-03-18 09:00:00,2021-03-18 09:00:00,365,1
675,2021-03-18 09:00:00,Naive,9,1.8224468762512425,1.4739185453483208,2020-03-18 09:00:00,2021-03-18 09:00:00,2021-03-18 09:00:00,365,1
676,2021-03-19 09:00:00,Decision Tree,9,1.5198373325534127,1.4485077740919239,2020-03-19 09:00:00,2021-03-19 09:00:00,2021-03-19 09:00:00,365,1
677,2021-03-19 09:00:00,Random Forest,9,1.5198373325534127,1.477187983315808,2020-03-19 09:00:00,2021-03-19 09:00:00,2021-03-19 09:00:00,365,1
678,2021-03-19 09:00:00,Neural Network,9,1.5198373325534127,1.2448335107263588,2020-03-19 09:00:00,2021-03-19 09:00:00,2021-03-19 09:00:00,365,1
679,2021-03-19 09:00:00,Naive,9,1.5198373325534127,1.8224468762512425,2020-03-19 09:00:00,2021-03-19 09:00:00,2021-03-19 09:00:00,365,1
680,2021-03-20 09:00:00,Decision Tree,9,1.0136867706956523,0.9680179516720927,2020-03-20 09:00:00,2021-03-20 09:00:00,2021-03-20 09:00:00,365,1
681,2021-03-20 09:00:00,Random Forest,9,1.0136867706956523,0.9671358074990061,2020-03-20 09:00:00,2021-03-20 09:00:00,2021-03-20 09:00:00,365,1
682,2021-03-20 09:00:00,Neural Network,9,1.0136867706956523,0.8386251519702335,2020-03-20 09:00:00,2021-03-20 09:00:00,2021-03-20 09:00:00,365,1
683,2021-03-20 09:00:00,Naive,9,1.0136867706956523,1.5198373325534127,2020-03-20 09:00:00,2021-03-20 09:00:00,2021-03-20 09:00:00,365,1
684,2021-03-21 09:00:00,Decision Tree,9,-0.3257626970593257,-0.3126515182483251,2020-03-21 09:00:00,2021-03-21 09:00:00,2021-03-21 09:00:00,365,1
685,2021-03-21 09:00:00,Random Forest,9,-0.3257626970593257,-0.3266007820819497,2020-03-21 09:00:00,2021-03-21 09:00:00,2021-03-21 09:00:00,365,1
686,2021-03-21 09:00:00,Neural Network,9,-0.3257626970593257,-0.523516047619268,2020-03-21 09:00:00,2021-03-21 09:00:00,2021-03-21 09:00:00,365,1
687,2021-03-21 09:00:00,Naive,9,-0.3257626970593257,1.0136867706956523,2020-03-21 09:00:00,2021-03-21 09:00:00,2021-03-21 09:00:00,365,1
688,2021-03-22 09:00:00,Decision Tree,9,1.7305286970423317,1.7539155718892578,2020-03-22 09:00:00,2021-03-22 09:00:00,2021-03-22 09:00:00,365,1
689,2021-03-22 09:00:00,Random Forest,9,1.7305286970423317,1.7239671530091767,2020-03-22 09:00:00,2021-03-22 09:00:00,2021-03-22 09:00:00,365,1
690,2021-03-22 09:00:00,Neural Network,9,1.7305286970423317,1.5991281741271322,2020-03-22 09:00:00,2021-03-22 09:00:00,2021-03-22 09:00:00,365,1
691,2021-03-22 09:00:00,Naive,9,1.7305286970423317,-0.3257626970593257,2020-03-22 09:00:00,2021-03-22 09:00:00,2021-03-22 09:00:00,365,1
692,2021-03-23 09:00:00,Decision Tree,9,1.6607050961540806,1.7128890636911136,2020-03-23 09:00:00,2021-03-23 09:00:00,2021-03-23 09:00:00,365,1
693,2021-03-23 09:00:00,Random Forest,9,1.6607050961540806,1.696974308269817,2020-03-23 09:00:00,2021-03-23 09:00:00,2021-03-23 09:00:00,365,1
694,2021-03-23 09:00:00,Neural Network,9,1.6607050961540806,1.6009538705033382,2020-03-23 09:00:00,2021-03-23 09:00:00,2021-03-23 09:00:00,365,1
695,2021-03-23 09:00:00,Naive,9,1.6607050961540806,1.7305286970423317,2020-03-23 09:00:00,2021-03-23 09:00:00,2021-03-23 09:00:00,365,1
696,2021-03-24 09:00:00,Decision Tree,9,0.98323464669096,0.9554064538073642,2020-03-24 09:00:00,2021-03-24 09:00:00,2021-03-24 09:00:00,365,1
697,2021-03-24 09:00:00,Random Forest,9,0.98323464669096,0.9656026670597531,2020-03-24 09:00:00,2021-03-24 09:00:00,2021-03-24 09:00:00,365,1
698,2021-03-24 09:00:00,Neural Network,9,0.98323464669096,1.0406025233517293,2020-03-24 09:00:00,2021-03-24 09:00:00,2021-03-24 09:00:00,365,1
699,2021-03-24 09:00:00,Naive,9,0.98323464669096,1.6607050961540806,2020-03-24 09:00:00,2021-03-24 09:00:00,2021-03-24 09:00:00,365,1
700,2021-03-25 09:00:00,Decision Tree,9,1.5940031923900235,1.6139482205166644,2020-03-25 09:00:00,2021-03-25 09:00:00,2021-03-25 09:00:00,365,1
701,2021-03-25 09:00:00,Random Forest,9,1.5940031923900235,1.6076155775593228,2020-03-25 09:00:00,2021-03-25 09:00:00,2021-03-25 09:00:00,365,1
702,2021-03-25 09:00:00,Neural Network,9,1.5940031923900235,1.530399352035385,2020-03-25 09:00:00,2021-03-25 09:00:00,2021-03-25 09:00:00,365,1
703,2021-03-25 09:00:00,Naive,9,1.5940031923900235,0.98323464669096,2020-03-25 09:00:00,2021-03-25 09:00:00,2021-03-25 09:00:00,365,1
704,2021-03-26 09:00:00,Decision Tree,9,0.8266081013415151,0.7813358383370732,2020-03-26 09:00:00,2021-03-26 09:00:00,2021-03-26 09:00:00,365,1
705,2021-03-26 09:00:00,Random Forest,9,0.8266081013415151,0.8030611589672926,2020-03-26 09:00:00,2021-03-26 09:00:00,2021-03-26 09:00:00,365,1
706,2021-03-26 09:00:00,Neural Network,9,0.8266081013415151,0.6686704229440945,2020-03-26 09:00:00,2021-03-26 09:00:00,2021-03-26 09:00:00,365,1
707,2021-03-26 09:00:00,Naive,9,0.8266081013415151,1.5940031923900235,2020-03-26 09:00:00,2021-03-26 09:00:00,2021-03-26 09:00:00,365,1
708,2021-03-27 09:00:00,Decision Tree,9,-1.2974300402560486,-1.2876328389962857,2020-03-27 09:00:00,2021-03-27 09:00:00,2021-03-27 09:00:00,365,1
709,2021-03-27 09:00:00,Random Forest,9,-1.2974300402560486,-1.2624150118296062,2020-03-27 09:00:00,2021-03-27 09:00:00,2021-03-27 09:00:00,365,1
710,2021-03-27 09:00:00,Neural Network,9,-1.2974300402560486,-1.245824465436217,2020-03-27 09:00:00,2021-03-27 09:00:00,2021-03-27 09:00:00,365,1
711,2021-03-27 09:00:00,Naive,9,-1.2974300402560486,0.8266081013415151,2020-03-27 09:00:00,2021-03-27 09:00:00,2021-03-27 09:00:00,365,1
712,2021-03-28 09:00:00,Decision Tree,9,-0.40954581702323756,-0.4186751780743577,2020-03-28 09:00:00,2021-03-28 09:00:00,2021-03-28 09:00:00,365,1
713,2021-03-28 09:00:00,Random Forest,9,-0.40954581702323756,-0.4047289097410345,2020-03-28 09:00:00,2021-03-28 09:00:00,2021-03-28 09:00:00,365,1
714,2021-03-28 09:00:00,Neural Network,9,-0.40954581702323756,-0.5240861323155414,2020-03-28 09:00:00,2021-03-28 09:00:00,2021-03-28 09:00:00,365,1
715,2021-03-28 09:00:00,Naive,9,-0.40954581702323756,-1.2974300402560486,2020-03-28 09:00:00,2021-03-28 09:00:00,2021-03-28 09:00:00,365,1
716,2021-03-29 09:00:00,Decision Tree,9,1.164357154751984,1.1569837305566757,2020-03-29 09:00:00,2021-03-29 09:00:00,2021-03-29 09:00:00,365,1
717,2021-03-29 09:00:00,Random Forest,9,1.164357154751984,1.1942994668432871,2020-03-29 09:00:00,2021-03-29 09:00:00,2021-03-29 09:00:00,365,1
718,2021-03-29 09:00:00,Neural Network,9,1.164357154751984,0.8767641794533356,2020-03-29 09:00:00,2021-03-29 09:00:00,2021-03-29 09:00:00,365,1
719,2021-03-29 09:00:00,Naive,9,1.164357154751984,-0.40954581702323756,2020-03-29 09:00:00,2021-03-29 09:00:00,2021-03-29 09:00:00,365,1
720,2021-03-30 09:00:00,Decision Tree,9,1.5122351083906151,1.5303595863478816,2020-03-30 09:00:00,2021-03-30 09:00:00,2021-03-30 09:00:00,365,1
721,2021-03-30 09:00:00,Random Forest,9,1.5122351083906151,1.5373725663745805,2020-03-30 09:00:00,2021-03-30 09:00:00,2021-03-30 09:00:00,365,1
722,2021-03-30 09:00:00,Neural Network,9,1.5122351083906151,1.380466609961473,2020-03-30 09:00:00,2021-03-30 09:00:00,2021-03-30 09:00:00,365,1
723,2021-03-30 09:00:00,Naive,9,1.5122351083906151,1.164357154751984,2020-03-30 09:00:00,2021-03-30 09:00:00,2021-03-30 09:00:00,365,1
724,2021-03-31 09:00:00,Decision Tree,9,1.5504741450927764,1.6070838512423864,2020-03-31 09:00:00,2021-03-31 09:00:00,2021-03-31 09:00:00,365,1
725,2021-03-31 09:00:00,Random Forest,9,1.5504741450927764,1.5570292185666936,2020-03-31 09:00:00,2021-03-31 09:00:00,2021-03-31 09:00:00,365,1
726,2021-03-31 09:00:00,Neural Network,9,1.5504741450927764,1.5960725906570592,2020-03-31 09:00:00,2021-03-31 09:00:00,2021-03-31 09:00:00,365,1
727,2021-03-31 09:00:00,Naive,9,1.5504741450927764,1.5122351083906151,2020-03-31 09:00:00,2021-03-31 09:00:00,2021-03-31 09:00:00,365,1
728,2021-04-01 09:00:00,Decision Tree,9,1.3638604755102932,1.3272908250707869,2020-04-01 09:00:00,2021-04-01 09:00:00,2021-04-01 09:00:00,365,1
729,2021-04-01 09:00:00,Random Forest,9,1.3638604755102932,1.3032947664110544,2020-04-01 09:00:00,2021-04-01 09:00:00,2021-04-01 09:00:00,365,1
730,2021-04-01 09:00:00,Neural Network,9,1.3638604755102932,1.1209334843226981,2020-04-01 09:00:00,2021-04-01 09:00:00,2021-04-01 09:00:00,365,1
731,2021-04-01 09:00:00,Naive,9,1.3638604755102932,1.5504741450927764,2020-04-01 09:00:00,2021-04-01 09:00:00,2021-04-01 09:00:00,365,1
732,2021-04-02 09:00:00,Decision Tree,9,1.204488771424482,1.158212634589227,2020-04-02 09:00:00,2021-04-02 09:00:00,2021-04-02 09:00:00,365,1
733,2021-04-02 09:00:00,Random Forest,9,1.204488771424482,1.2040385172899524,2020-04-02 09:00:00,2021-04-02 09:00:00,2021-04-02 09:00:00,365,1
734,2021-04-02 09:00:00,Neural Network,9,1.204488771424482,0.35707395842511525,2020-04-02 09:00:00,2021-04-02 09:00:00,2021-04-02 09:00:00,365,1
735,2021-04-02 09:00:00,Naive,9,1.204488771424482,1.3638604755102932,2020-04-02 09:00:00,2021-04-02 09:00:00,2021-04-02 09:00:00,365,1
736,2021-04-03 09:00:00,Decision Tree,9,0.7658401695132582,0.6539612819806582,2020-04-03 09:00:00,2021-04-03 09:00:00,2021-04-03 09:00:00,365,1
737,2021-04-03 09:00:00,Random Forest,9,0.7658401695132582,0.7263567436071308,2020-04-03 09:00:00,2021-04-03 09:00:00,2021-04-03 09:00:00,365,1
738,2021-04-03 09:00:00,Neural Network,9,0.7658401695132582,0.5024462609798221,2020-04-03 09:00:00,2021-04-03 09:00:00,2021-04-03 09:00:00,365,1
739,2021-04-03 09:00:00,Naive,9,0.7658401695132582,1.204488771424482,2020-04-03 09:00:00,2021-04-03 09:00:00,2021-04-03 09:00:00,365,1
740,2021-04-04 09:00:00,Decision Tree,9,0.019196149716768033,0.04026054112383874,2020-04-04 09:00:00,2021-04-04 09:00:00,2021-04-04 09:00:00,365,1
741,2021-04-04 09:00:00,Random Forest,9,0.019196149716768033,0.009126830465198323,2020-04-04 09:00:00,2021-04-04 09:00:00,2021-04-04 09:00:00,365,1
742,2021-04-04 09:00:00,Neural Network,9,0.019196149716768033,-0.0105225360157008,2020-04-04 09:00:00,2021-04-04 09:00:00,2021-04-04 09:00:00,365,1
743,2021-04-04 09:00:00,Naive,9,0.019196149716768033,0.7658401695132582,2020-04-04 09:00:00,2021-04-04 09:00:00,2021-04-04 09:00:00,365,1
744,2021-04-05 09:00:00,Decision Tree,9,-2.079679099469937,-1.9693764280909327,2020-04-05 09:00:00,2021-04-05 09:00:00,2021-04-05 09:00:00,365,1
745,2021-04-05 09:00:00,Random Forest,9,-2.079679099469937,-1.956443124790785,2020-04-05 09:00:00,2021-04-05 09:00:00,2021-04-05 09:00:00,365,1
746,2021-04-05 09:00:00,Neural Network,9,-2.079679099469937,-1.831862178792221,2020-04-05 09:00:00,2021-04-05 09:00:00,2021-04-05 09:00:00,365,1
747,2021-04-05 09:00:00,Naive,9,-2.079679099469937,0.019196149716768033,2020-04-05 09:00:00,2021-04-05 09:00:00,2021-04-05 09:00:00,365,1
748,2021-04-06 09:00:00,Decision Tree,9,0.3017846333839035,0.2719563802186454,2020-04-06 09:00:00,2021-04-06 09:00:00,2021-04-06 09:00:00,365,1
749,2021-04-06 09:00:00,Random Forest,9,0.3017846333839035,0.2781558738641086,2020-04-06 09:00:00,2021-04-06 09:00:00,2021-04-06 09:00:00,365,1
750,2021-04-06 09:00:00,Neural Network,9,0.3017846333839035,-0.02587432595924094,2020-04-06 09:00:00,2021-04-06 09:00:00,2021-04-06 09:00:00,365,1
751,2021-04-06 09:00:00,Naive,9,0.3017846333839035,-2.079679099469937,2020-04-06 09:00:00,2021-04-06 09:00:00,2021-04-06 09:00:00,365,1
752,2021-04-07 09:00:00,Decision Tree,9,1.5364233068680793,1.5225881484622865,2020-04-07 09:00:00,2021-04-07 09:00:00,2021-04-07 09:00:00,365,1
753,2021-04-07 09:00:00,Random Forest,9,1.5364233068680793,1.53442562395441,2020-04-07 09:00:00,2021-04-07 09:00:00,2021-04-07 09:00:00,365,1
754,2021-04-07 09:00:00,Neural Network,9,1.5364233068680793,1.3694437607875432,2020-04-07 09:00:00,2021-04-07 09:00:00,2021-04-07 09:00:00,365,1
755,2021-04-07 09:00:00,Naive,9,1.5364233068680793,0.3017846333839035,2020-04-07 09:00:00,2021-04-07 09:00:00,2021-04-07 09:00:00,365,1
756,2021-04-08 09:00:00,Decision Tree,9,1.553382134909282,1.6070838512423864,2020-04-08 09:00:00,2021-04-08 09:00:00,2021-04-08 09:00:00,365,1
757,2021-04-08 09:00:00,Random Forest,9,1.553382134909282,1.5731714861376298,2020-04-08 09:00:00,2021-04-08 09:00:00,2021-04-08 09:00:00,365,1
758,2021-04-08 09:00:00,Neural Network,9,1.553382134909282,1.2836567342382983,2020-04-08 09:00:00,2021-04-08 09:00:00,2021-04-08 09:00:00,365,1
759,2021-04-08 09:00:00,Naive,9,1.553382134909282,1.5364233068680793,2020-04-08 09:00:00,2021-04-08 09:00:00,2021-04-08 09:00:00,365,1
760,2021-04-09 09:00:00,Decision Tree,9,0.7757381911849421,0.7788975317882395,2020-04-09 09:00:00,2021-04-09 09:00:00,2021-04-09 09:00:00,365,1
761,2021-04-09 09:00:00,Random Forest,9,0.7757381911849421,0.7654682404126149,2020-04-09 09:00:00,2021-04-09 09:00:00,2021-04-09 09:00:00,365,1
762,2021-04-09 09:00:00,Neural Network,9,0.7757381911849421,0.4800545251606345,2020-04-09 09:00:00,2021-04-09 09:00:00,2021-04-09 09:00:00,365,1
763,2021-04-09 09:00:00,Naive,9,0.7757381911849421,1.553382134909282,2020-04-09 09:00:00,2021-04-09 09:00:00,2021-04-09 09:00:00,365,1
764,2021-04-10 09:00:00,Decision Tree,9,1.6280364726524437,1.7054342111858232,2020-04-10 09:00:00,2021-04-10 09:00:00,2021-04-10 09:00:00,365,1
765,2021-04-10 09:00:00,Random Forest,9,1.6280364726524437,1.6631278630685988,2020-04-10 09:00:00,2021-04-10 09:00:00,2021-04-10 09:00:00,365,1
766,2021-04-10 09:00:00,Neural Network,9,1.6280364726524437,1.24796210384959,2020-04-10 09:00:00,2021-04-10 09:00:00,2021-04-10 09:00:00,365,1
767,2021-04-10 09:00:00,Naive,9,1.6280364726524437,0.7757381911849421,2020-04-10 09:00:00,2021-04-10 09:00:00,2021-04-10 09:00:00,365,1
768,2021-04-11 09:00:00,Decision Tree,9,0.718481798945243,0.6539612819806582,2020-04-11 09:00:00,2021-04-11 09:00:00,2021-04-11 09:00:00,365,1
769,2021-04-11 09:00:00,Random Forest,9,0.718481798945243,0.7136915070398804,2020-04-11 09:00:00,2021-04-11 09:00:00,2021-04-11 09:00:00,365,1
770,2021-04-11 09:00:00,Neural Network,9,0.718481798945243,0.3404471050694801,2020-04-11 09:00:00,2021-04-11 09:00:00,2021-04-11 09:00:00,365,1
771,2021-04-11 09:00:00,Naive,9,0.718481798945243,1.6280364726524437,2020-04-11 09:00:00,2021-04-11 09:00:00,2021-04-11 09:00:00,365,1
772,2021-04-12 09:00:00,Decision Tree,9,1.9186010954715782,2.0384104935914724,2020-04-12 09:00:00,2021-04-12 09:00:00,2021-04-12 09:00:00,365,1
773,2021-04-12 09:00:00,Random Forest,9,1.9186010954715782,1.9750146057817024,2020-04-12 09:00:00,2021-04-12 09:00:00,2021-04-12 09:00:00,365,1
774,2021-04-12 09:00:00,Neural Network,9,1.9186010954715782,1.86829661560608,2020-04-12 09:00:00,2021-04-12 09:00:00,2021-04-12 09:00:00,365,1
775,2021-04-12 09:00:00,Naive,9,1.9186010954715782,0.718481798945243,2020-04-12 09:00:00,2021-04-12 09:00:00,2021-04-12 09:00:00,365,1
776,2021-04-13 09:00:00,Decision Tree,9,1.0429126048091988,0.9998874060846382,2020-04-13 09:00:00,2021-04-13 09:00:00,2021-04-13 09:00:00,365,1
777,2021-04-13 09:00:00,Random Forest,9,1.0429126048091988,1.0059741041649668,2020-04-13 09:00:00,2021-04-13 09:00:00,2021-04-13 09:00:00,365,1
778,2021-04-13 09:00:00,Neural Network,9,1.0429126048091988,1.1021321624181315,2020-04-13 09:00:00,2021-04-13 09:00:00,2021-04-13 09:00:00,365,1
779,2021-04-13 09:00:00,Naive,9,1.0429126048091988,1.9186010954715782,2020-04-13 09:00:00,2021-04-13 09:00:00,2021-04-13 09:00:00,365,1
780,2021-04-14 09:00:00,Decision Tree,9,1.7859431642278665,1.783802577133427,2020-04-14 09:00:00,2021-04-14 09:00:00,2021-04-14 09:00:00,365,1
781,2021-04-14 09:00:00,Random Forest,9,1.7859431642278665,1.777947502229649,2020-04-14 09:00:00,2021-04-14 09:00:00,2021-04-14 09:00:00,365,1
782,2021-04-14 09:00:00,Neural Network,9,1.7859431642278665,1.8365423081276968,2020-04-14 09:00:00,2021-04-14 09:00:00,2021-04-14 09:00:00,365,1
783,2021-04-14 09:00:00,Naive,9,1.7859431642278665,1.0429126048091988,2020-04-14 09:00:00,2021-04-14 09:00:00,2021-04-14 09:00:00,365,1
784,2021-04-15 09:00:00,Decision Tree,9,1.82278376947497,1.7841083752897757,2020-04-15 09:00:00,2021-04-15 09:00:00,2021-04-15 09:00:00,365,1
785,2021-04-15 09:00:00,Random Forest,9,1.82278376947497,1.7882235194976268,2020-04-15 09:00:00,2021-04-15 09:00:00,2021-04-15 09:00:00,365,1
786,2021-04-15 09:00:00,Neural Network,9,1.82278376947497,1.9049745908843843,2020-04-15 09:00:00,2021-04-15 09:00:00,2021-04-15 09:00:00,365,1
787,2021-04-15 09:00:00,Naive,9,1.82278376947497,1.7859431642278665,2020-04-15 09:00:00,2021-04-15 09:00:00,2021-04-15 09:00:00,365,1
788,2021-04-16 09:00:00,Decision Tree,9,1.5179723283248614,1.5285553628399782,2020-04-16 09:00:00,2021-04-16 09:00:00,2021-04-16 09:00:00,365,1
789,2021-04-16 09:00:00,Random Forest,9,1.5179723283248614,1.5409340399825635,2020-04-16 09:00:00,2021-04-16 09:00:00,2021-04-16 09:00:00,365,1
790,2021-04-16 09:00:00,Neural Network,9,1.5179723283248614,1.4794358186180463,2020-04-16 09:00:00,2021-04-16 09:00:00,2021-04-16 09:00:00,365,1
791,2021-04-16 09:00:00,Naive,9,1.5179723283248614,1.82278376947497,2020-04-16 09:00:00,2021-04-16 09:00:00,2021-04-16 09:00:00,365,1
792,2021-04-17 09:00:00,Decision Tree,9,1.6105424762716851,1.6267730163436196,2020-04-17 09:00:00,2021-04-17 09:00:00,2021-04-17 09:00:00,365,1
793,2021-04-17 09:00:00,Random Forest,9,1.6105424762716851,1.5988065543723335,2020-04-17 09:00:00,2021-04-17 09:00:00,2021-04-17 09:00:00,365,1
794,2021-04-17 09:00:00,Neural Network,9,1.6105424762716851,1.3522748946540422,2020-04-17 09:00:00,2021-04-17 09:00:00,2021-04-17 09:00:00,365,1
795,2021-04-17 09:00:00,Naive,9,1.6105424762716851,1.5179723283248614,2020-04-17 09:00:00,2021-04-17 09:00:00,2021-04-17 09:00:00,365,1
796,2021-04-18 09:00:00,Decision Tree,9,1.4511879058938162,1.3866095712367286,2020-04-18 09:00:00,2021-04-18 09:00:00,2021-04-18 09:00:00,365,1
797,2021-04-18 09:00:00,Random Forest,9,1.4511879058938162,1.4253743121179647,2020-04-18 09:00:00,2021-04-18 09:00:00,2021-04-18 09:00:00,365,1
798,2021-04-18 09:00:00,Neural Network,9,1.4511879058938162,1.1712808119084848,2020-04-18 09:00:00,2021-04-18 09:00:00,2021-04-18 09:00:00,365,1
799,2021-04-18 09:00:00,Naive,9,1.4511879058938162,1.6105424762716851,2020-04-18 09:00:00,2021-04-18 09:00:00,2021-04-18 09:00:00,365,1
800,2021-04-19 09:00:00,Decision Tree,9,2.2832527565047562,2.325691650875578,2020-04-19 09:00:00,2021-04-19 09:00:00,2021-04-19 09:00:00,365,1
801,2021-04-19 09:00:00,Random Forest,9,2.2832527565047562,2.390028854518235,2020-04-19 09:00:00,2021-04-19 09:00:00,2021-04-19 09:00:00,365,1
802,2021-04-19 09:00:00,Neural Network,9,2.2832527565047562,2.352208072472515,2020-04-19 09:00:00,2021-04-19 09:00:00,2021-04-19 09:00:00,365,1
803,2021-04-19 09:00:00,Naive,9,2.2832527565047562,1.4511879058938162,2020-04-19 09:00:00,2021-04-19 09:00:00,2021-04-19 09:00:00,365,1
804,2021-04-20 09:00:00,Decision Tree,9,2.1083718409339833,2.200372344279235,2020-04-20 09:00:00,2021-04-20 09:00:00,2021-04-20 09:00:00,365,1
805,2021-04-20 09:00:00,Random Forest,9,2.1083718409339833,2.189849842222498,2020-04-20 09:00:00,2021-04-20 09:00:00,2021-04-20 09:00:00,365,1
806,2021-04-20 09:00:00,Neural Network,9,2.1083718409339833,2.245281154197393,2020-04-20 09:00:00,2021-04-20 09:00:00,2021-04-20 09:00:00,365,1
807,2021-04-20 09:00:00,Naive,9,2.1083718409339833,2.2832527565047562,2020-04-20 09:00:00,2021-04-20 09:00:00,2021-04-20 09:00:00,365,1
808,2021-04-21 09:00:00,Decision Tree,9,1.2888485584519334,1.263023482033757,2020-04-21 09:00:00,2021-04-21 09:00:00,2021-04-21 09:00:00,365,1
809,2021-04-21 09:00:00,Random Forest,9,1.2888485584519334,1.3372526810788132,2020-04-21 09:00:00,2021-04-21 09:00:00,2021-04-21 09:00:00,365,1
810,2021-04-21 09:00:00,Neural Network,9,1.2888485584519334,1.2423089045113669,2020-04-21 09:00:00,2021-04-21 09:00:00,2021-04-21 09:00:00,365,1
811,2021-04-21 09:00:00,Naive,9,1.2888485584519334,2.1083718409339833,2020-04-21 09:00:00,2021-04-21 09:00:00,2021-04-21 09:00:00,365,1
812,2021-04-22 09:00:00,Decision Tree,9,0.47308592441102426,0.4341508396980675,2020-04-22 09:00:00,2021-04-22 09:00:00,2021-04-22 09:00:00,365,1
813,2021-04-22 09:00:00,Random Forest,9,0.47308592441102426,0.45472183087300133,2020-04-22 09:00:00,2021-04-22 09:00:00,2021-04-22 09:00:00,365,1
814,2021-04-22 09:00:00,Neural Network,9,0.47308592441102426,0.4154064308042121,2020-04-22 09:00:00,2021-04-22 09:00:00,2021-04-22 09:00:00,365,1
815,2021-04-22 09:00:00,Naive,9,0.47308592441102426,1.2888485584519334,2020-04-22 09:00:00,2021-04-22 09:00:00,2021-04-22 09:00:00,365,1
816,2021-04-23 09:00:00,Decision Tree,9,1.4489745539238197,1.45334806089985,2020-04-23 09:00:00,2021-04-23 09:00:00,2021-04-23 09:00:00,365,1
817,2021-04-23 09:00:00,Random Forest,9,1.4489745539238197,1.4514116065993807,2020-04-23 09:00:00,2021-04-23 09:00:00,2021-04-23 09:00:00,365,1
818,2021-04-23 09:00:00,Neural Network,9,1.4489745539238197,1.0374477870593988,2020-04-23 09:00:00,2021-04-23 09:00:00,2021-04-23 09:00:00,365,1
819,2021-04-23 09:00:00,Naive,9,1.4489745539238197,0.47308592441102426,2020-04-23 09:00:00,2021-04-23 09:00:00,2021-04-23 09:00:00,365,1
820,2021-04-24 09:00:00,Decision Tree,9,1.1058276824949844,1.195656321135124,2020-04-24 09:00:00,2021-04-24 09:00:00,2021-04-24 09:00:00,365,1
821,2021-04-24 09:00:00,Random Forest,9,1.1058276824949844,1.170120187278418,2020-04-24 09:00:00,2021-04-24 09:00:00,2021-04-24 09:00:00,365,1
822,2021-04-24 09:00:00,Neural Network,9,1.1058276824949844,0.8922858893984302,2020-04-24 09:00:00,2021-04-24 09:00:00,2021-04-24 09:00:00,365,1
823,2021-04-24 09:00:00,Naive,9,1.1058276824949844,1.4489745539238197,2020-04-24 09:00:00,2021-04-24 09:00:00,2021-04-24 09:00:00,365,1
824,2021-04-25 09:00:00,Decision Tree,9,0.09111797143402692,0.13665730409796462,2020-04-25 09:00:00,2021-04-25 09:00:00,2021-04-25 09:00:00,365,1
825,2021-04-25 09:00:00,Random Forest,9,0.09111797143402692,0.10668858923050631,2020-04-25 09:00:00,2021-04-25 09:00:00,2021-04-25 09:00:00,365,1
826,2021-04-25 09:00:00,Neural Network,9,0.09111797143402692,0.13458869120036365,2020-04-25 09:00:00,2021-04-25 09:00:00,2021-04-25 09:00:00,365,1
827,2021-04-25 09:00:00,Naive,9,0.09111797143402692,1.1058276824949844,2020-04-25 09:00:00,2021-04-25 09:00:00,2021-04-25 09:00:00,365,1
828,2021-04-26 09:00:00,Decision Tree,9,1.7326654429669883,1.7889427995629248,2020-04-26 09:00:00,2021-04-26 09:00:00,2021-04-26 09:00:00,365,1
829,2021-04-26 09:00:00,Random Forest,9,1.7326654429669883,1.7643239954812997,2020-04-26 09:00:00,2021-04-26 09:00:00,2021-04-26 09:00:00,365,1
830,2021-04-26 09:00:00,Neural Network,9,1.7326654429669883,1.767868798943147,2020-04-26 09:00:00,2021-04-26 09:00:00,2021-04-26 09:00:00,365,1
831,2021-04-26 09:00:00,Naive,9,1.7326654429669883,0.09111797143402692,2020-04-26 09:00:00,2021-04-26 09:00:00,2021-04-26 09:00:00,365,1
832,2021-04-27 09:00:00,Decision Tree,9,1.5368397080715241,1.6009906973510433,2020-04-27 09:00:00,2021-04-27 09:00:00,2021-04-27 09:00:00,365,1
833,2021-04-27 09:00:00,Random Forest,9,1.5368397080715241,1.593958396232987,2020-04-27 09:00:00,2021-04-27 09:00:00,2021-04-27 09:00:00,365,1
834,2021-04-27 09:00:00,Neural Network,9,1.5368397080715241,1.6044653268327231,2020-04-27 09:00:00,2021-04-27 09:00:00,2021-04-27 09:00:00,365,1
835,2021-04-27 09:00:00,Naive,9,1.5368397080715241,1.7326654429669883,2020-04-27 09:00:00,2021-04-27 09:00:00,2021-04-27 09:00:00,365,1
836,2021-04-28 09:00:00,Decision Tree,9,1.6153398434514834,1.7292624095411413,2020-04-28 09:00:00,2021-04-28 09:00:00,2021-04-28 09:00:00,365,1
837,2021-04-28 09:00:00,Random Forest,9,1.6153398434514834,1.6784896108313665,2020-04-28 09:00:00,2021-04-28 09:00:00,2021-04-28 09:00:00,365,1
838,2021-04-28 09:00:00,Neural Network,9,1.6153398434514834,1.761539200584786,2020-04-28 09:00:00,2021-04-28 09:00:00,2021-04-28 09:00:00,365,1
839,2021-04-28 09:00:00,Naive,9,1.6153398434514834,1.5368397080715241,2020-04-28 09:00:00,2021-04-28 09:00:00,2021-04-28 09:00:00,365,1
840,2021-04-29 09:00:00,Decision Tree,9,1.7863027645135214,1.788136123259208,2020-04-29 09:00:00,2021-04-29 09:00:00,2021-04-29 09:00:00,365,1
841,2021-04-29 09:00:00,Random Forest,9,1.7863027645135214,1.8003781324015817,2020-04-29 09:00:00,2021-04-29 09:00:00,2021-04-29 09:00:00,365,1
842,2021-04-29 09:00:00,Neural Network,9,1.7863027645135214,1.6455779849971444,2020-04-29 09:00:00,2021-04-29 09:00:00,2021-04-29 09:00:00,365,1
843,2021-04-29 09:00:00,Naive,9,1.7863027645135214,1.6153398434514834,2020-04-29 09:00:00,2021-04-29 09:00:00,2021-04-29 09:00:00,365,1
844,2021-04-30 09:00:00,Decision Tree,9,1.8157150127932484,1.7879324167319095,2020-04-30 09:00:00,2021-04-30 09:00:00,2021-04-30 09:00:00,365,1
845,2021-04-30 09:00:00,Random Forest,9,1.8157150127932484,1.8160695689296025,2020-04-30 09:00:00,2021-04-30 09:00:00,2021-04-30 09:00:00,365,1
846,2021-04-30 09:00:00,Neural Network,9,1.8157150127932484,1.8273102632089162,2020-04-30 09:00:00,2021-04-30 09:00:00,2021-04-30 09:00:00,365,1
847,2021-04-30 09:00:00,Naive,9,1.8157150127932484,1.7863027645135214,2020-04-30 09:00:00,2021-04-30 09:00:00,2021-04-30 09:00:00,365,1
848,2021-05-01 09:00:00,Decision Tree,9,1.1516524440618883,1.1574490326818538,2020-05-01 09:00:00,2021-05-01 09:00:00,2021-05-01 09:00:00,365,1
849,2021-05-01 09:00:00,Random Forest,9,1.1516524440618883,1.178439888913261,2020-05-01 09:00:00,2021-05-01 09:00:00,2021-05-01 09:00:00,365,1
850,2021-05-01 09:00:00,Neural Network,9,1.1516524440618883,0.21022673333667408,2020-05-01 09:00:00,2021-05-01 09:00:00,2021-05-01 09:00:00,365,1
851,2021-05-01 09:00:00,Naive,9,1.1516524440618883,1.8157150127932484,2020-05-01 09:00:00,2021-05-01 09:00:00,2021-05-01 09:00:00,365,1
852,2021-05-02 09:00:00,Decision Tree,9,0.7692009645261912,0.7784461974163399,2020-05-02 09:00:00,2021-05-02 09:00:00,2021-05-02 09:00:00,365,1
853,2021-05-02 09:00:00,Random Forest,9,0.7692009645261912,0.7987977591513591,2020-05-02 09:00:00,2021-05-02 09:00:00,2021-05-02 09:00:00,365,1
854,2021-05-02 09:00:00,Neural Network,9,0.7692009645261912,0.5205070300702476,2020-05-02 09:00:00,2021-05-02 09:00:00,2021-05-02 09:00:00,365,1
855,2021-05-02 09:00:00,Naive,9,0.7692009645261912,1.1516524440618883,2020-05-02 09:00:00,2021-05-02 09:00:00,2021-05-02 09:00:00,365,1
856,2021-05-03 09:00:00,Decision Tree,9,1.527402510239529,1.5938761483254607,2020-05-03 09:00:00,2021-05-03 09:00:00,2021-05-03 09:00:00,365,1
857,2021-05-03 09:00:00,Random Forest,9,1.527402510239529,1.5817483642489811,2020-05-03 09:00:00,2021-05-03 09:00:00,2021-05-03 09:00:00,365,1
858,2021-05-03 09:00:00,Neural Network,9,1.527402510239529,1.3455827018208224,2020-05-03 09:00:00,2021-05-03 09:00:00,2021-05-03 09:00:00,365,1
859,2021-05-03 09:00:00,Naive,9,1.527402510239529,0.7692009645261912,2020-05-03 09:00:00,2021-05-03 09:00:00,2021-05-03 09:00:00,365,1
860,2021-05-04 09:00:00,Decision Tree,9,0.2929992192816903,0.38964320580120126,2020-05-04 09:00:00,2021-05-04 09:00:00,2021-05-04 09:00:00,365,1
861,2021-05-04 09:00:00,Random Forest,9,0.2929992192816903,0.32766828489586186,2020-05-04 09:00:00,2021-05-04 09:00:00,2021-05-04 09:00:00,365,1
862,2021-05-04 09:00:00,Neural Network,9,0.2929992192816903,-0.3231900747424532,2020-05-04 09:00:00,2021-05-04 09:00:00,2021-05-04 09:00:00,365,1
863,2021-05-04 09:00:00,Naive,9,0.2929992192816903,1.527402510239529,2020-05-04 09:00:00,2021-05-04 09:00:00,2021-05-04 09:00:00,365,1
864,2021-05-05 09:00:00,Decision Tree,9,0.9610760920398467,0.9730922648969327,2020-05-05 09:00:00,2021-05-05 09:00:00,2021-05-05 09:00:00,365,1
865,2021-05-05 09:00:00,Random Forest,9,0.9610760920398467,0.9990087027531691,2020-05-05 09:00:00,2021-05-05 09:00:00,2021-05-05 09:00:00,365,1
866,2021-05-05 09:00:00,Neural Network,9,0.9610760920398467,0.5875797183202109,2020-05-05 09:00:00,2021-05-05 09:00:00,2021-05-05 09:00:00,365,1
867,2021-05-05 09:00:00,Naive,9,0.9610760920398467,0.2929992192816903,2020-05-05 09:00:00,2021-05-05 09:00:00,2021-05-05 09:00:00,365,1
868,2021-05-06 09:00:00,Decision Tree,9,0.9136617148116297,0.9934522904732399,2020-05-06 09:00:00,2021-05-06 09:00:00,2021-05-06 09:00:00,365,1
869,2021-05-06 09:00:00,Random Forest,9,0.9136617148116297,0.963899010619306,2020-05-06 09:00:00,2021-05-06 09:00:00,2021-05-06 09:00:00,365,1
870,2021-05-06 09:00:00,Neural Network,9,0.9136617148116297,0.7619366949484597,2020-05-06 09:00:00,2021-05-06 09:00:00,2021-05-06 09:00:00,365,1
871,2021-05-06 09:00:00,Naive,9,0.9136617148116297,0.9610760920398467,2020-05-06 09:00:00,2021-05-06 09:00:00,2021-05-06 09:00:00,365,1
872,2021-05-07 09:00:00,Decision Tree,9,1.9222439429818616,2.0328718212828742,2020-05-07 09:00:00,2021-05-07 09:00:00,2021-05-07 09:00:00,365,1
873,2021-05-07 09:00:00,Random Forest,9,1.9222439429818616,2.059318140276533,2020-05-07 09:00:00,2021-05-07 09:00:00,2021-05-07 09:00:00,365,1
874,2021-05-07 09:00:00,Neural Network,9,1.9222439429818616,1.8491415946484024,2020-05-07 09:00:00,2021-05-07 09:00:00,2021-05-07 09:00:00,365,1
875,2021-05-07 09:00:00,Naive,9,1.9222439429818616,0.9136617148116297,2020-05-07 09:00:00,2021-05-07 09:00:00,2021-05-07 09:00:00,365,1
876,2021-05-08 09:00:00,Decision Tree,9,0.988708940218003,0.991745920655642,2020-05-08 09:00:00,2021-05-08 09:00:00,2021-05-08 09:00:00,365,1
877,2021-05-08 09:00:00,Random Forest,9,0.988708940218003,1.0128332817093064,2020-05-08 09:00:00,2021-05-08 09:00:00,2021-05-08 09:00:00,365,1
878,2021-05-08 09:00:00,Neural Network,9,0.988708940218003,0.6883578122009226,2020-05-08 09:00:00,2021-05-08 09:00:00,2021-05-08 09:00:00,365,1
879,2021-05-08 09:00:00,Naive,9,0.988708940218003,1.9222439429818616,2020-05-08 09:00:00,2021-05-08 09:00:00,2021-05-08 09:00:00,365,1
880,2021-05-09 09:00:00,Decision Tree,9,-1.6448294556947771,-1.5999043165903415,2020-05-09 09:00:00,2021-05-09 09:00:00,2021-05-09 09:00:00,365,1
881,2021-05-09 09:00:00,Random Forest,9,-1.6448294556947771,-1.6431243180083848,2020-05-09 09:00:00,2021-05-09 09:00:00,2021-05-09 09:00:00,365,1
882,2021-05-09 09:00:00,Neural Network,9,-1.6448294556947771,-1.554701287758074,2020-05-09 09:00:00,2021-05-09 09:00:00,2021-05-09 09:00:00,365,1
883,2021-05-09 09:00:00,Naive,9,-1.6448294556947771,0.988708940218003,2020-05-09 09:00:00,2021-05-09 09:00:00,2021-05-09 09:00:00,365,1
884,2021-05-10 09:00:00,Decision Tree,9,1.2622270319313147,1.2741185966733906,2020-05-10 09:00:00,2021-05-10 09:00:00,2021-05-10 09:00:00,365,1
885,2021-05-10 09:00:00,Random Forest,9,1.2622270319313147,1.3048486898245226,2020-05-10 09:00:00,2021-05-10 09:00:00,2021-05-10 09:00:00,365,1
886,2021-05-10 09:00:00,Neural Network,9,1.2622270319313147,1.1973095645697254,2020-05-10 09:00:00,2021-05-10 09:00:00,2021-05-10 09:00:00,365,1
887,2021-05-10 09:00:00,Naive,9,1.2622270319313147,-1.6448294556947771,2020-05-10 09:00:00,2021-05-10 09:00:00,2021-05-10 09:00:00,365,1
888,2021-05-11 09:00:00,Decision Tree,9,1.9432983328282205,2.0020469294012364,2020-05-11 09:00:00,2021-05-11 09:00:00,2021-05-11 09:00:00,365,1
889,2021-05-11 09:00:00,Random Forest,9,1.9432983328282205,2.0567608845516747,2020-05-11 09:00:00,2021-05-11 09:00:00,2021-05-11 09:00:00,365,1
890,2021-05-11 09:00:00,Neural Network,9,1.9432983328282205,1.967460242922007,2020-05-11 09:00:00,2021-05-11 09:00:00,2021-05-11 09:00:00,365,1
891,2021-05-11 09:00:00,Naive,9,1.9432983328282205,1.2622270319313147,2020-05-11 09:00:00,2021-05-11 09:00:00,2021-05-11 09:00:00,365,1
892,2021-05-12 09:00:00,Decision Tree,9,1.8272604249746152,1.9522694725805347,2020-05-12 09:00:00,2021-05-12 09:00:00,2021-05-12 09:00:00,365,1
893,2021-05-12 09:00:00,Random Forest,9,1.8272604249746152,1.9358801442719895,2020-05-12 09:00:00,2021-05-12 09:00:00,2021-05-12 09:00:00,365,1
894,2021-05-12 09:00:00,Neural Network,9,1.8272604249746152,1.8306177619364161,2020-05-12 09:00:00,2021-05-12 09:00:00,2021-05-12 09:00:00,365,1
895,2021-05-12 09:00:00,Naive,9,1.8272604249746152,1.9432983328282205,2020-05-12 09:00:00,2021-05-12 09:00:00,2021-05-12 09:00:00,365,1
896,2021-05-13 09:00:00,Decision Tree,9,1.3731028367175122,1.4528013725278461,2020-05-13 09:00:00,2021-05-13 09:00:00,2021-05-13 09:00:00,365,1
897,2021-05-13 09:00:00,Random Forest,9,1.3731028367175122,1.4323083673434693,2020-05-13 09:00:00,2021-05-13 09:00:00,2021-05-13 09:00:00,365,1
898,2021-05-13 09:00:00,Neural Network,9,1.3731028367175122,1.064130855621305,2020-05-13 09:00:00,2021-05-13 09:00:00,2021-05-13 09:00:00,365,1
899,2021-05-13 09:00:00,Naive,9,1.3731028367175122,1.8272604249746152,2020-05-13 09:00:00,2021-05-13 09:00:00,2021-05-13 09:00:00,365,1
900,2021-05-14 09:00:00,Decision Tree,9,1.7988358857743947,1.7535414286719568,2020-05-14 09:00:00,2021-05-14 09:00:00,2021-05-14 09:00:00,365,1
901,2021-05-14 09:00:00,Random Forest,9,1.7988358857743947,1.8129167357683817,2020-05-14 09:00:00,2021-05-14 09:00:00,2021-05-14 09:00:00,365,1
902,2021-05-14 09:00:00,Neural Network,9,1.7988358857743947,1.584428484493189,2020-05-14 09:00:00,2021-05-14 09:00:00,2021-05-14 09:00:00,365,1
903,2021-05-14 09:00:00,Naive,9,1.7988358857743947,1.3731028367175122,2020-05-14 09:00:00,2021-05-14 09:00:00,2021-05-14 09:00:00,365,1
904,2021-05-15 09:00:00,Decision Tree,9,1.2705558532405812,1.2724198017102368,2020-05-15 09:00:00,2021-05-15 09:00:00,2021-05-15 09:00:00,365,1
905,2021-05-15 09:00:00,Random Forest,9,1.2705558532405812,1.2940894624714454,2020-05-15 09:00:00,2021-05-15 09:00:00,2021-05-15 09:00:00,365,1
906,2021-05-15 09:00:00,Neural Network,9,1.2705558532405812,1.194063091236583,2020-05-15 09:00:00,2021-05-15 09:00:00,2021-05-15 09:00:00,365,1
907,2021-05-15 09:00:00,Naive,9,1.2705558532405812,1.7988358857743947,2020-05-15 09:00:00,2021-05-15 09:00:00,2021-05-15 09:00:00,365,1
908,2021-05-16 09:00:00,Decision Tree,9,-0.3485758515686345,-0.3064840428110394,2020-05-16 09:00:00,2021-05-16 09:00:00,2021-05-16 09:00:00,365,1
909,2021-05-16 09:00:00,Random Forest,9,-0.3485758515686345,-0.3250792929841483,2020-05-16 09:00:00,2021-05-16 09:00:00,2021-05-16 09:00:00,365,1
910,2021-05-16 09:00:00,Neural Network,9,-0.3485758515686345,0.08105733611279581,2020-05-16 09:00:00,2021-05-16 09:00:00,2021-05-16 09:00:00,365,1
911,2021-05-16 09:00:00,Naive,9,-0.3485758515686345,1.2705558532405812,2020-05-16 09:00:00,2021-05-16 09:00:00,2021-05-16 09:00:00,365,1
912,2021-05-17 09:00:00,Decision Tree,9,1.9504085806173466,2.1850389270550266,2020-05-17 09:00:00,2021-05-17 09:00:00,2021-05-17 09:00:00,365,1
913,2021-05-17 09:00:00,Random Forest,9,1.9504085806173466,2.036444823427171,2020-05-17 09:00:00,2021-05-17 09:00:00,2021-05-17 09:00:00,365,1
914,2021-05-17 09:00:00,Neural Network,9,1.9504085806173466,2.0543644153104585,2020-05-17 09:00:00,2021-05-17 09:00:00,2021-05-17 09:00:00,365,1
915,2021-05-17 09:00:00,Naive,9,1.9504085806173466,-0.3485758515686345,2020-05-17 09:00:00,2021-05-17 09:00:00,2021-05-17 09:00:00,365,1
916,2021-05-18 09:00:00,Decision Tree,9,1.9590517652241048,1.9123624753747244,2020-05-18 09:00:00,2021-05-18 09:00:00,2021-05-18 09:00:00,365,1
917,2021-05-18 09:00:00,Random Forest,9,1.9590517652241048,1.9862454847415947,2020-05-18 09:00:00,2021-05-18 09:00:00,2021-05-18 09:00:00,365,1
918,2021-05-18 09:00:00,Neural Network,9,1.9590517652241048,2.0056549148824594,2020-05-18 09:00:00,2021-05-18 09:00:00,2021-05-18 09:00:00,365,1
919,2021-05-18 09:00:00,Naive,9,1.9590517652241048,1.9504085806173466,2020-05-18 09:00:00,2021-05-18 09:00:00,2021-05-18 09:00:00,365,1
920,2021-05-19 09:00:00,Decision Tree,9,1.9926525864873665,2.2043200130690668,2020-05-19 09:00:00,2021-05-19 09:00:00,2021-05-19 09:00:00,365,1
921,2021-05-19 09:00:00,Random Forest,9,1.9926525864873665,2.0789696765821812,2020-05-19 09:00:00,2021-05-19 09:00:00,2021-05-19 09:00:00,365,1
922,2021-05-19 09:00:00,Neural Network,9,1.9926525864873665,2.03721537899019,2020-05-19 09:00:00,2021-05-19 09:00:00,2021-05-19 09:00:00,365,1
923,2021-05-19 09:00:00,Naive,9,1.9926525864873665,1.9590517652241048,2020-05-19 09:00:00,2021-05-19 09:00:00,2021-05-19 09:00:00,365,1
924,2021-05-20 09:00:00,Decision Tree,9,1.9634982280137905,2.0394906651759013,2020-05-20 09:00:00,2021-05-20 09:00:00,2021-05-20 09:00:00,365,1
925,2021-05-20 09:00:00,Random Forest,9,1.9634982280137905,1.9878557584710612,2020-05-20 09:00:00,2021-05-20 09:00:00,2021-05-20 09:00:00,365,1
926,2021-05-20 09:00:00,Neural Network,9,1.9634982280137905,2.0369007503694188,2020-05-20 09:00:00,2021-05-20 09:00:00,2021-05-20 09:00:00,365,1
927,2021-05-20 09:00:00,Naive,9,1.9634982280137905,1.9926525864873665,2020-05-20 09:00:00,2021-05-20 09:00:00,2021-05-20 09:00:00,365,1
928,2021-05-21 09:00:00,Decision Tree,9,0.9918315761161989,1.1832561030707618,2020-05-21 09:00:00,2021-05-21 09:00:00,2021-05-21 09:00:00,365,1
929,2021-05-21 09:00:00,Random Forest,9,0.9918315761161989,1.071983770643699,2020-05-21 09:00:00,2021-05-21 09:00:00,2021-05-21 09:00:00,365,1
930,2021-05-21 09:00:00,Neural Network,9,0.9918315761161989,0.9820071796187234,2020-05-21 09:00:00,2021-05-21 09:00:00,2021-05-21 09:00:00,365,1
931,2021-05-21 09:00:00,Naive,9,0.9918315761161989,1.9634982280137905,2020-05-21 09:00:00,2021-05-21 09:00:00,2021-05-21 09:00:00,365,1
932,2021-05-22 09:00:00,Decision Tree,9,-1.813818037575805,-2.019627636249223,2020-05-22 09:00:00,2021-05-22 09:00:00,2021-05-22 09:00:00,365,1
933,2021-05-22 09:00:00,Random Forest,9,-1.813818037575805,-1.9701736990976932,2020-05-22 09:00:00,2021-05-22 09:00:00,2021-05-22 09:00:00,365,1
934,2021-05-22 09:00:00,Neural Network,9,-1.813818037575805,-1.6757876668891796,2020-05-22 09:00:00,2021-05-22 09:00:00,2021-05-22 09:00:00,365,1
935,2021-05-22 09:00:00,Naive,9,-1.813818037575805,0.9918315761161989,2020-05-22 09:00:00,2021-05-22 09:00:00,2021-05-22 09:00:00,365,1
936,2021-05-23 09:00:00,Decision Tree,9,-1.1987891796873,-1.2745906229841182,2020-05-23 09:00:00,2021-05-23 09:00:00,2021-05-23 09:00:00,365,1
937,2021-05-23 09:00:00,Random Forest,9,-1.1987891796873,-1.2598720005635426,2020-05-23 09:00:00,2021-05-23 09:00:00,2021-05-23 09:00:00,365,1
938,2021-05-23 09:00:00,Neural Network,9,-1.1987891796873,-0.9291924826802639,2020-05-23 09:00:00,2021-05-23 09:00:00,2021-05-23 09:00:00,365,1
939,2021-05-23 09:00:00,Naive,9,-1.1987891796873,-1.813818037575805,2020-05-23 09:00:00,2021-05-23 09:00:00,2021-05-23 09:00:00,365,1
940,2021-05-24 09:00:00,Decision Tree,9,-0.8192124234506093,-0.8514924470607749,2020-05-24 09:00:00,2021-05-24 09:00:00,2021-05-24 09:00:00,365,1
941,2021-05-24 09:00:00,Random Forest,9,-0.8192124234506093,-0.830944613413639,2020-05-24 09:00:00,2021-05-24 09:00:00,2021-05-24 09:00:00,365,1
942,2021-05-24 09:00:00,Neural Network,9,-0.8192124234506093,-1.13024669823558,2020-05-24 09:00:00,2021-05-24 09:00:00,2021-05-24 09:00:00,365,1
943,2021-05-24 09:00:00,Naive,9,-0.8192124234506093,-1.1987891796873,2020-05-24 09:00:00,2021-05-24 09:00:00,2021-05-24 09:00:00,365,1
944,2021-05-25 09:00:00,Decision Tree,9,1.7269226374999975,1.7560480529241314,2020-05-25 09:00:00,2021-05-25 09:00:00,2021-05-25 09:00:00,365,1
945,2021-05-25 09:00:00,Random Forest,9,1.7269226374999975,1.788031849789597,2020-05-25 09:00:00,2021-05-25 09:00:00,2021-05-25 09:00:00,365,1
946,2021-05-25 09:00:00,Neural Network,9,1.7269226374999975,1.7953596859022574,2020-05-25 09:00:00,2021-05-25 09:00:00,2021-05-25 09:00:00,365,1
947,2021-05-25 09:00:00,Naive,9,1.7269226374999975,-0.8192124234506093,2020-05-25 09:00:00,2021-05-25 09:00:00,2021-05-25 09:00:00,365,1
948,2021-05-26 09:00:00,Decision Tree,9,1.646769646652579,1.7365044707134092,2020-05-26 09:00:00,2021-05-26 09:00:00,2021-05-26 09:00:00,365,1
949,2021-05-26 09:00:00,Random Forest,9,1.646769646652579,1.744545386196631,2020-05-26 09:00:00,2021-05-26 09:00:00,2021-05-26 09:00:00,365,1
950,2021-05-26 09:00:00,Neural Network,9,1.646769646652579,1.6062337693499051,2020-05-26 09:00:00,2021-05-26 09:00:00,2021-05-26 09:00:00,365,1
951,2021-05-26 09:00:00,Naive,9,1.646769646652579,1.7269226374999975,2020-05-26 09:00:00,2021-05-26 09:00:00,2021-05-26 09:00:00,365,1
952,2021-05-27 09:00:00,Decision Tree,9,1.7891995391911828,1.9317687579609213,2020-05-27 09:00:00,2021-05-27 09:00:00,2021-05-27 09:00:00,365,1
953,2021-05-27 09:00:00,Random Forest,9,1.7891995391911828,1.8822495332024998,2020-05-27 09:00:00,2021-05-27 09:00:00,2021-05-27 09:00:00,365,1
954,2021-05-27 09:00:00,Neural Network,9,1.7891995391911828,1.8388658940625695,2020-05-27 09:00:00,2021-05-27 09:00:00,2021-05-27 09:00:00,365,1
955,2021-05-27 09:00:00,Naive,9,1.7891995391911828,1.646769646652579,2020-05-27 09:00:00,2021-05-27 09:00:00,2021-05-27 09:00:00,365,1
956,2021-05-28 09:00:00,Decision Tree,9,1.881302927827617,1.9499649330891813,2020-05-28 09:00:00,2021-05-28 09:00:00,2021-05-28 09:00:00,365,1
957,2021-05-28 09:00:00,Random Forest,9,1.881302927827617,1.9536039189322711,2020-05-28 09:00:00,2021-05-28 09:00:00,2021-05-28 09:00:00,365,1
958,2021-05-28 09:00:00,Neural Network,9,1.881302927827617,1.9749547114323307,2020-05-28 09:00:00,2021-05-28 09:00:00,2021-05-28 09:00:00,365,1
959,2021-05-28 09:00:00,Naive,9,1.881302927827617,1.7891995391911828,2020-05-28 09:00:00,2021-05-28 09:00:00,2021-05-28 09:00:00,365,1
960,2021-05-29 09:00:00,Decision Tree,9,1.370410853298587,1.396495545653927,2020-05-29 09:00:00,2021-05-29 09:00:00,2021-05-29 09:00:00,365,1
961,2021-05-29 09:00:00,Random Forest,9,1.370410853298587,1.4156911412402133,2020-05-29 09:00:00,2021-05-29 09:00:00,2021-05-29 09:00:00,365,1
962,2021-05-29 09:00:00,Neural Network,9,1.370410853298587,1.2761707812325909,2020-05-29 09:00:00,2021-05-29 09:00:00,2021-05-29 09:00:00,365,1
963,2021-05-29 09:00:00,Naive,9,1.370410853298587,1.881302927827617,2020-05-29 09:00:00,2021-05-29 09:00:00,2021-05-29 09:00:00,365,1
964,2021-05-30 09:00:00,Decision Tree,9,-0.28145227959304964,-0.3117455189057388,2020-05-30 09:00:00,2021-05-30 09:00:00,2021-05-30 09:00:00,365,1
965,2021-05-30 09:00:00,Random Forest,9,-0.28145227959304964,-0.27358823826773615,2020-05-30 09:00:00,2021-05-30 09:00:00,2021-05-30 09:00:00,365,1
966,2021-05-30 09:00:00,Neural Network,9,-0.28145227959304964,-0.01811670360696438,2020-05-30 09:00:00,2021-05-30 09:00:00,2021-05-30 09:00:00,365,1
967,2021-05-30 09:00:00,Naive,9,-0.28145227959304964,1.370410853298587,2020-05-30 09:00:00,2021-05-30 09:00:00,2021-05-30 09:00:00,365,1
968,2021-05-31 09:00:00,Decision Tree,9,1.7381724319065988,1.7761380189070304,2020-05-31 09:00:00,2021-05-31 09:00:00,2021-05-31 09:00:00,365,1
969,2021-05-31 09:00:00,Random Forest,9,1.7381724319065988,1.77572977483755,2020-05-31 09:00:00,2021-05-31 09:00:00,2021-05-31 09:00:00,365,1
970,2021-05-31 09:00:00,Neural Network,9,1.7381724319065988,1.8990684284583779,2020-05-31 09:00:00,2021-05-31 09:00:00,2021-05-31 09:00:00,365,1
971,2021-05-31 09:00:00,Naive,9,1.7381724319065988,-0.28145227959304964,2020-05-31 09:00:00,2021-05-31 09:00:00,2021-05-31 09:00:00,365,1
972,2021-06-01 09:00:00,Decision Tree,9,1.740914516043857,1.7916760501101443,2020-06-01 09:00:00,2021-06-01 09:00:00,2021-06-01 09:00:00,365,1
973,2021-06-01 09:00:00,Random Forest,9,1.740914516043857,1.7564471333246365,2020-06-01 09:00:00,2021-06-01 09:00:00,2021-06-01 09:00:00,365,1
974,2021-06-01 09:00:00,Neural Network,9,1.740914516043857,1.9157958322482644,2020-06-01 09:00:00,2021-06-01 09:00:00,2021-06-01 09:00:00,365,1
975,2021-06-01 09:00:00,Naive,9,1.740914516043857,1.7381724319065988,2020-06-01 09:00:00,2021-06-01 09:00:00,2021-06-01 09:00:00,365,1
976,2021-06-02 09:00:00,Decision Tree,9,1.5962724649021762,1.720283555980278,2020-06-02 09:00:00,2021-06-02 09:00:00,2021-06-02 09:00:00,365,1
977,2021-06-02 09:00:00,Random Forest,9,1.5962724649021762,1.6940158702153043,2020-06-02 09:00:00,2021-06-02 09:00:00,2021-06-02 09:00:00,365,1
978,2021-06-02 09:00:00,Neural Network,9,1.5962724649021762,1.5998649628702153,2020-06-02 09:00:00,2021-06-02 09:00:00,2021-06-02 09:00:00,365,1
979,2021-06-02 09:00:00,Naive,9,1.5962724649021762,1.740914516043857,2020-06-02 09:00:00,2021-06-02 09:00:00,2021-06-02 09:00:00,365,1
980,2021-06-03 09:00:00,Decision Tree,9,1.1722316324046933,1.27218680815153,2020-06-03 09:00:00,2021-06-03 09:00:00,2021-06-03 09:00:00,365,1
981,2021-06-03 09:00:00,Random Forest,9,1.1722316324046933,1.2660674714930846,2020-06-03 09:00:00,2021-06-03 09:00:00,2021-06-03 09:00:00,365,1
982,2021-06-03 09:00:00,Neural Network,9,1.1722316324046933,0.9365795986634957,2020-06-03 09:00:00,2021-06-03 09:00:00,2021-06-03 09:00:00,365,1
983,2021-06-03 09:00:00,Naive,9,1.1722316324046933,1.5962724649021762,2020-06-03 09:00:00,2021-06-03 09:00:00,2021-06-03 09:00:00,365,1
984,2021-06-04 09:00:00,Decision Tree,9,1.7991558547436757,1.9413821824314859,2020-06-04 09:00:00,2021-06-04 09:00:00,2021-06-04 09:00:00,365,1
985,2021-06-04 09:00:00,Random Forest,9,1.7991558547436757,1.9439677244931826,2020-06-04 09:00:00,2021-06-04 09:00:00,2021-06-04 09:00:00,365,1
986,2021-06-04 09:00:00,Neural Network,9,1.7991558547436757,1.8746056333395527,2020-06-04 09:00:00,2021-06-04 09:00:00,2021-06-04 09:00:00,365,1
987,2021-06-04 09:00:00,Naive,9,1.7991558547436757,1.1722316324046933,2020-06-04 09:00:00,2021-06-04 09:00:00,2021-06-04 09:00:00,365,1
988,2021-06-05 09:00:00,Decision Tree,9,1.4672738392408242,1.5598035083253556,2020-06-05 09:00:00,2021-06-05 09:00:00,2021-06-05 09:00:00,365,1
989,2021-06-05 09:00:00,Random Forest,9,1.4672738392408242,1.5831202267865756,2020-06-05 09:00:00,2021-06-05 09:00:00,2021-06-05 09:00:00,365,1
990,2021-06-05 09:00:00,Neural Network,9,1.4672738392408242,1.3359711977924846,2020-06-05 09:00:00,2021-06-05 09:00:00,2021-06-05 09:00:00,365,1
991,2021-06-05 09:00:00,Naive,9,1.4672738392408242,1.7991558547436757,2020-06-05 09:00:00,2021-06-05 09:00:00,2021-06-05 09:00:00,365,1
992,2021-06-06 09:00:00,Decision Tree,9,1.1317062703044207,1.2424310090935293,2020-06-06 09:00:00,2021-06-06 09:00:00,2021-06-06 09:00:00,365,1
993,2021-06-06 09:00:00,Random Forest,9,1.1317062703044207,1.2193287791713379,2020-06-06 09:00:00,2021-06-06 09:00:00,2021-06-06 09:00:00,365,1
994,2021-06-06 09:00:00,Neural Network,9,1.1317062703044207,1.0704726779812568,2020-06-06 09:00:00,2021-06-06 09:00:00,2021-06-06 09:00:00,365,1
995,2021-06-06 09:00:00,Naive,9,1.1317062703044207,1.4672738392408242,2020-06-06 09:00:00,2021-06-06 09:00:00,2021-06-06 09:00:00,365,1
996,2021-06-07 09:00:00,Decision Tree,9,1.880909248656074,1.9507742826218157,2020-06-07 09:00:00,2021-06-07 09:00:00,2021-06-07 09:00:00,365,1
997,2021-06-07 09:00:00,Random Forest,9,1.880909248656074,1.953607268342278,2020-06-07 09:00:00,2021-06-07 09:00:00,2021-06-07 09:00:00,365,1
998,2021-06-07 09:00:00,Neural Network,9,1.880909248656074,1.839986891219262,2020-06-07 09:00:00,2021-06-07 09:00:00,2021-06-07 09:00:00,365,1
999,2021-06-07 09:00:00,Naive,9,1.880909248656074,1.1317062703044207,2020-06-07 09:00:00,2021-06-07 09:00:00,2021-06-07 09:00:00,365,1
1000,2021-06-08 09:00:00,Decision Tree,9,1.8660805905741882,1.9407935634838527,2020-06-08 09:00:00,2021-06-08 09:00:00,2021-06-08 09:00:00,365,1
1001,2021-06-08 09:00:00,Random Forest,9,1.8660805905741882,1.8915364794411653,2020-06-08 09:00:00,2021-06-08 09:00:00,2021-06-08 09:00:00,365,1
1002,2021-06-08 09:00:00,Neural Network,9,1.8660805905741882,2.0010891779414495,2020-06-08 09:00:00,2021-06-08 09:00:00,2021-06-08 09:00:00,365,1
1003,2021-06-08 09:00:00,Naive,9,1.8660805905741882,1.880909248656074,2020-06-08 09:00:00,2021-06-08 09:00:00,2021-06-08 09:00:00,365,1
1004,2021-06-09 09:00:00,Decision Tree,9,1.8053452265834258,1.863226001783394,2020-06-09 09:00:00,2021-06-09 09:00:00,2021-06-09 09:00:00,365,1
1005,2021-06-09 09:00:00,Random Forest,9,1.8053452265834258,1.875633194575568,2020-06-09 09:00:00,2021-06-09 09:00:00,2021-06-09 09:00:00,365,1
1006,2021-06-09 09:00:00,Neural Network,9,1.8053452265834258,2.004247167581012,2020-06-09 09:00:00,2021-06-09 09:00:00,2021-06-09 09:00:00,365,1
1007,2021-06-09 09:00:00,Naive,9,1.8053452265834258,1.8660805905741882,2020-06-09 09:00:00,2021-06-09 09:00:00,2021-06-09 09:00:00,365,1
1008,2021-06-10 09:00:00,Decision Tree,9,1.8467913002007115,1.856794804538953,2020-06-10 09:00:00,2021-06-10 09:00:00,2021-06-10 09:00:00,365,1
1009,2021-06-10 09:00:00,Random Forest,9,1.8467913002007115,1.8627170198468794,2020-06-10 09:00:00,2021-06-10 09:00:00,2021-06-10 09:00:00,365,1
1010,2021-06-10 09:00:00,Neural Network,9,1.8467913002007115,2.0396281161592387,2020-06-10 09:00:00,2021-06-10 09:00:00,2021-06-10 09:00:00,365,1
1011,2021-06-10 09:00:00,Naive,9,1.8467913002007115,1.8053452265834258,2020-06-10 09:00:00,2021-06-10 09:00:00,2021-06-10 09:00:00,365,1
1012,2021-06-11 09:00:00,Decision Tree,9,1.8532190364694179,1.8836764800173622,2020-06-11 09:00:00,2021-06-11 09:00:00,2021-06-11 09:00:00,365,1
1013,2021-06-11 09:00:00,Random Forest,9,1.8532190364694179,1.8581635665822167,2020-06-11 09:00:00,2021-06-11 09:00:00,2021-06-11 09:00:00,365,1
1014,2021-06-11 09:00:00,Neural Network,9,1.8532190364694179,1.881476250367256,2020-06-11 09:00:00,2021-06-11 09:00:00,2021-06-11 09:00:00,365,1
1015,2021-06-11 09:00:00,Naive,9,1.8532190364694179,1.8467913002007115,2020-06-11 09:00:00,2021-06-11 09:00:00,2021-06-11 09:00:00,365,1
1016,2021-06-12 09:00:00,Decision Tree,9,1.244115666625927,1.3793979850608433,2020-06-12 09:00:00,2021-06-12 09:00:00,2021-06-12 09:00:00,365,1
1017,2021-06-12 09:00:00,Random Forest,9,1.244115666625927,1.3900501154699074,2020-06-12 09:00:00,2021-06-12 09:00:00,2021-06-12 09:00:00,365,1
1018,2021-06-12 09:00:00,Neural Network,9,1.244115666625927,0.8483485720719963,2020-06-12 09:00:00,2021-06-12 09:00:00,2021-06-12 09:00:00,365,1
1019,2021-06-12 09:00:00,Naive,9,1.244115666625927,1.8532190364694179,2020-06-12 09:00:00,2021-06-12 09:00:00,2021-06-12 09:00:00,365,1
1020,2021-06-13 09:00:00,Decision Tree,9,-1.5260852267996574,-1.5832460397173969,2020-06-13 09:00:00,2021-06-13 09:00:00,2021-06-13 09:00:00,365,1
1021,2021-06-13 09:00:00,Random Forest,9,-1.5260852267996574,-1.6801525512912496,2020-06-13 09:00:00,2021-06-13 09:00:00,2021-06-13 09:00:00,365,1
1022,2021-06-13 09:00:00,Neural Network,9,-1.5260852267996574,-1.263160580930998,2020-06-13 09:00:00,2021-06-13 09:00:00,2021-06-13 09:00:00,365,1
1023,2021-06-13 09:00:00,Naive,9,-1.5260852267996574,1.244115666625927,2020-06-13 09:00:00,2021-06-13 09:00:00,2021-06-13 09:00:00,365,1
1024,2021-06-14 09:00:00,Decision Tree,9,1.8194254938281653,1.8786002394260384,2020-06-14 09:00:00,2021-06-14 09:00:00,2021-06-14 09:00:00,365,1
1025,2021-06-14 09:00:00,Random Forest,9,1.8194254938281653,1.8590008835893286,2020-06-14 09:00:00,2021-06-14 09:00:00,2021-06-14 09:00:00,365,1
1026,2021-06-14 09:00:00,Neural Network,9,1.8194254938281653,1.923152287694014,2020-06-14 09:00:00,2021-06-14 09:00:00,2021-06-14 09:00:00,365,1
1027,2021-06-14 09:00:00,Naive,9,1.8194254938281653,-1.5260852267996574,2020-06-14 09:00:00,2021-06-14 09:00:00,2021-06-14 09:00:00,365,1
1028,2021-06-15 09:00:00,Decision Tree,9,1.9345901291226226,2.0286346027241713,2020-06-15 09:00:00,2021-06-15 09:00:00,2021-06-15 09:00:00,365,1
1029,2021-06-15 09:00:00,Random Forest,9,1.9345901291226226,2.01770636388601,2020-06-15 09:00:00,2021-06-15 09:00:00,2021-06-15 09:00:00,365,1
1030,2021-06-15 09:00:00,Neural Network,9,1.9345901291226226,2.1815686011314797,2020-06-15 09:00:00,2021-06-15 09:00:00,2021-06-15 09:00:00,365,1
1031,2021-06-15 09:00:00,Naive,9,1.9345901291226226,1.8194254938281653,2020-06-15 09:00:00,2021-06-15 09:00:00,2021-06-15 09:00:00,365,1
1032,2021-06-16 09:00:00,Decision Tree,9,1.9666231489979413,2.0168790435239776,2020-06-16 09:00:00,2021-06-16 09:00:00,2021-06-16 09:00:00,365,1
1033,2021-06-16 09:00:00,Random Forest,9,1.9666231489979413,2.036017286735862,2020-06-16 09:00:00,2021-06-16 09:00:00,2021-06-16 09:00:00,365,1
1034,2021-06-16 09:00:00,Neural Network,9,1.9666231489979413,2.115034058924716,2020-06-16 09:00:00,2021-06-16 09:00:00,2021-06-16 09:00:00,365,1
1035,2021-06-16 09:00:00,Naive,9,1.9666231489979413,1.9345901291226226,2020-06-16 09:00:00,2021-06-16 09:00:00,2021-06-16 09:00:00,365,1
1036,2021-06-17 09:00:00,Decision Tree,9,1.8831714485171502,2.011295055243307,2020-06-17 09:00:00,2021-06-17 09:00:00,2021-06-17 09:00:00,365,1
1037,2021-06-17 09:00:00,Random Forest,9,1.8831714485171502,1.9513645815351084,2020-06-17 09:00:00,2021-06-17 09:00:00,2021-06-17 09:00:00,365,1
1038,2021-06-17 09:00:00,Neural Network,9,1.8831714485171502,1.957440078307041,2020-06-17 09:00:00,2021-06-17 09:00:00,2021-06-17 09:00:00,365,1
1039,2021-06-17 09:00:00,Naive,9,1.8831714485171502,1.9666231489979413,2020-06-17 09:00:00,2021-06-17 09:00:00,2021-06-17 09:00:00,365,1
1040,2021-06-18 09:00:00,Decision Tree,9,2.010405233472571,2.3735022995740436,2020-06-18 09:00:00,2021-06-18 09:00:00,2021-06-18 09:00:00,365,1
1041,2021-06-18 09:00:00,Random Forest,9,2.010405233472571,2.2174382013396974,2020-06-18 09:00:00,2021-06-18 09:00:00,2021-06-18 09:00:00,365,1
1042,2021-06-18 09:00:00,Neural Network,9,2.010405233472571,2.1257743095351245,2020-06-18 09:00:00,2021-06-18 09:00:00,2021-06-18 09:00:00,365,1
1043,2021-06-18 09:00:00,Naive,9,2.010405233472571,1.8831714485171502,2020-06-18 09:00:00,2021-06-18 09:00:00,2021-06-18 09:00:00,365,1
1044,2021-06-19 09:00:00,Decision Tree,9,1.3333733431133428,1.5188621388447918,2020-06-19 09:00:00,2021-06-19 09:00:00,2021-06-19 09:00:00,365,1
1045,2021-06-19 09:00:00,Random Forest,9,1.3333733431133428,1.5251697225319092,2020-06-19 09:00:00,2021-06-19 09:00:00,2021-06-19 09:00:00,365,1
1046,2021-06-19 09:00:00,Neural Network,9,1.3333733431133428,1.2722653069408825,2020-06-19 09:00:00,2021-06-19 09:00:00,2021-06-19 09:00:00,365,1
1047,2021-06-19 09:00:00,Naive,9,1.3333733431133428,2.010405233472571,2020-06-19 09:00:00,2021-06-19 09:00:00,2021-06-19 09:00:00,365,1
1048,2021-06-20 09:00:00,Decision Tree,9,0.9735531478481665,1.2090932928051221,2020-06-20 09:00:00,2021-06-20 09:00:00,2021-06-20 09:00:00,365,1
1049,2021-06-20 09:00:00,Random Forest,9,0.9735531478481665,1.1741967508617877,2020-06-20 09:00:00,2021-06-20 09:00:00,2021-06-20 09:00:00,365,1
1050,2021-06-20 09:00:00,Neural Network,9,0.9735531478481665,1.0416039827542258,2020-06-20 09:00:00,2021-06-20 09:00:00,2021-06-20 09:00:00,365,1
1051,2021-06-20 09:00:00,Naive,9,0.9735531478481665,1.3333733431133428,2020-06-20 09:00:00,2021-06-20 09:00:00,2021-06-20 09:00:00,365,1
1052,2021-06-21 09:00:00,Decision Tree,9,1.9142379832020144,1.956253995922136,2020-06-21 09:00:00,2021-06-21 09:00:00,2021-06-21 09:00:00,365,1
1053,2021-06-21 09:00:00,Random Forest,9,1.9142379832020144,1.9611879958986231,2020-06-21 09:00:00,2021-06-21 09:00:00,2021-06-21 09:00:00,365,1
1054,2021-06-21 09:00:00,Neural Network,9,1.9142379832020144,2.0330304894433606,2020-06-21 09:00:00,2021-06-21 09:00:00,2021-06-21 09:00:00,365,1
1055,2021-06-21 09:00:00,Naive,9,1.9142379832020144,0.9735531478481665,2020-06-21 09:00:00,2021-06-21 09:00:00,2021-06-21 09:00:00,365,1
1056,2021-06-22 09:00:00,Decision Tree,9,1.9746143357322072,1.9510019943321206,2020-06-22 09:00:00,2021-06-22 09:00:00,2021-06-22 09:00:00,365,1
1057,2021-06-22 09:00:00,Random Forest,9,1.9746143357322072,2.06119527666894,2020-06-22 09:00:00,2021-06-22 09:00:00,2021-06-22 09:00:00,365,1
1058,2021-06-22 09:00:00,Neural Network,9,1.9746143357322072,2.075783526440844,2020-06-22 09:00:00,2021-06-22 09:00:00,2021-06-22 09:00:00,365,1
1059,2021-06-22 09:00:00,Naive,9,1.9746143357322072,1.9142379832020144,2020-06-22 09:00:00,2021-06-22 09:00:00,2021-06-22 09:00:00,365,1
1060,2021-06-23 09:00:00,Decision Tree,9,2.1325102268357345,2.398335775239392,2020-06-23 09:00:00,2021-06-23 09:00:00,2021-06-23 09:00:00,365,1
1061,2021-06-23 09:00:00,Random Forest,9,2.1325102268357345,2.320337394733297,2020-06-23 09:00:00,2021-06-23 09:00:00,2021-06-23 09:00:00,365,1
1062,2021-06-23 09:00:00,Neural Network,9,2.1325102268357345,1.4855597304489416,2020-06-23 09:00:00,2021-06-23 09:00:00,2021-06-23 09:00:00,365,1
1063,2021-06-23 09:00:00,Naive,9,2.1325102268357345,1.9746143357322072,2020-06-23 09:00:00,2021-06-23 09:00:00,2021-06-23 09:00:00,365,1
1064,2021-06-24 09:00:00,Decision Tree,9,2.2920111470598026,2.365107581688935,2020-06-24 09:00:00,2021-06-24 09:00:00,2021-06-24 09:00:00,365,1
1065,2021-06-24 09:00:00,Random Forest,9,2.2920111470598026,2.3962793496883577,2020-06-24 09:00:00,2021-06-24 09:00:00,2021-06-24 09:00:00,365,1
1066,2021-06-24 09:00:00,Neural Network,9,2.2920111470598026,2.4707050246247846,2020-06-24 09:00:00,2021-06-24 09:00:00,2021-06-24 09:00:00,365,1
1067,2021-06-24 09:00:00,Naive,9,2.2920111470598026,2.1325102268357345,2020-06-24 09:00:00,2021-06-24 09:00:00,2021-06-24 09:00:00,365,1
1068,2021-06-25 09:00:00,Decision Tree,9,1.9902285851755193,1.9652316635755018,2020-06-25 09:00:00,2021-06-25 09:00:00,2021-06-25 09:00:00,365,1
1069,2021-06-25 09:00:00,Random Forest,9,1.9902285851755193,2.0697478046469904,2020-06-25 09:00:00,2021-06-25 09:00:00,2021-06-25 09:00:00,365,1
1070,2021-06-25 09:00:00,Neural Network,9,1.9902285851755193,2.0529590036655447,2020-06-25 09:00:00,2021-06-25 09:00:00,2021-06-25 09:00:00,365,1
1071,2021-06-25 09:00:00,Naive,9,1.9902285851755193,2.2920111470598026,2020-06-25 09:00:00,2021-06-25 09:00:00,2021-06-25 09:00:00,365,1
1072,2021-06-26 09:00:00,Decision Tree,9,1.7370863302622914,1.8240916898398096,2020-06-26 09:00:00,2021-06-26 09:00:00,2021-06-26 09:00:00,365,1
1073,2021-06-26 09:00:00,Random Forest,9,1.7370863302622914,1.8153979602652266,2020-06-26 09:00:00,2021-06-26 09:00:00,2021-06-26 09:00:00,365,1
1074,2021-06-26 09:00:00,Neural Network,9,1.7370863302622914,1.669772709891862,2020-06-26 09:00:00,2021-06-26 09:00:00,2021-06-26 09:00:00,365,1
1075,2021-06-26 09:00:00,Naive,9,1.7370863302622914,1.9902285851755193,2020-06-26 09:00:00,2021-06-26 09:00:00,2021-06-26 09:00:00,365,1
1076,2021-06-27 09:00:00,Decision Tree,9,1.135610691400798,1.1999642909000094,2020-06-27 09:00:00,2021-06-27 09:00:00,2021-06-27 09:00:00,365,1
1077,2021-06-27 09:00:00,Random Forest,9,1.135610691400798,1.2320697443070536,2020-06-27 09:00:00,2021-06-27 09:00:00,2021-06-27 09:00:00,365,1
1078,2021-06-27 09:00:00,Neural Network,9,1.135610691400798,1.136756819001293,2020-06-27 09:00:00,2021-06-27 09:00:00,2021-06-27 09:00:00,365,1
1079,2021-06-27 09:00:00,Naive,9,1.135610691400798,1.7370863302622914,2020-06-27 09:00:00,2021-06-27 09:00:00,2021-06-27 09:00:00,365,1
1080,2021-06-28 09:00:00,Decision Tree,9,1.9737753454826708,1.9282919813366477,2020-06-28 09:00:00,2021-06-28 09:00:00,2021-06-28 09:00:00,365,1
1081,2021-06-28 09:00:00,Random Forest,9,1.9737753454826708,1.993716382719897,2020-06-28 09:00:00,2021-06-28 09:00:00,2021-06-28 09:00:00,365,1
1082,2021-06-28 09:00:00,Neural Network,9,1.9737753454826708,2.1388099668735396,2020-06-28 09:00:00,2021-06-28 09:00:00,2021-06-28 09:00:00,365,1
1083,2021-06-28 09:00:00,Naive,9,1.9737753454826708,1.135610691400798,2020-06-28 09:00:00,2021-06-28 09:00:00,2021-06-28 09:00:00,365,1
1084,2021-06-29 09:00:00,Decision Tree,9,2.1252942914439252,2.3569857556190312,2020-06-29 09:00:00,2021-06-29 09:00:00,2021-06-29 09:00:00,365,1
1085,2021-06-29 09:00:00,Random Forest,9,2.1252942914439252,2.224274456138547,2020-06-29 09:00:00,2021-06-29 09:00:00,2021-06-29 09:00:00,365,1
1086,2021-06-29 09:00:00,Neural Network,9,2.1252942914439252,2.2672288938556067,2020-06-29 09:00:00,2021-06-29 09:00:00,2021-06-29 09:00:00,365,1
1087,2021-06-29 09:00:00,Naive,9,2.1252942914439252,1.9737753454826708,2020-06-29 09:00:00,2021-06-29 09:00:00,2021-06-29 09:00:00,365,1
1088,2021-06-30 09:00:00,Decision Tree,9,2.1585097003732705,2.4442748567087653,2020-06-30 09:00:00,2021-06-30 09:00:00,2021-06-30 09:00:00,365,1
1089,2021-06-30 09:00:00,Random Forest,9,2.1585097003732705,2.308461542282165,2020-06-30 09:00:00,2021-06-30 09:00:00,2021-06-30 09:00:00,365,1
1090,2021-06-30 09:00:00,Neural Network,9,2.1585097003732705,2.242399933175585,2020-06-30 09:00:00,2021-06-30 09:00:00,2021-06-30 09:00:00,365,1
1091,2021-06-30 09:00:00,Naive,9,2.1585097003732705,2.1252942914439252,2020-06-30 09:00:00,2021-06-30 09:00:00,2021-06-30 09:00:00,365,1
1092,2021-07-01 09:00:00,Decision Tree,9,2.0042778949782774,2.198315624443498,2020-07-01 09:00:00,2021-07-01 09:00:00,2021-07-01 09:00:00,365,1
1093,2021-07-01 09:00:00,Random Forest,9,2.0042778949782774,2.1275551644590407,2020-07-01 09:00:00,2021-07-01 09:00:00,2021-07-01 09:00:00,365,1
1094,2021-07-01 09:00:00,Neural Network,9,2.0042778949782774,2.0398021077213735,2020-07-01 09:00:00,2021-07-01 09:00:00,2021-07-01 09:00:00,365,1
1095,2021-07-01 09:00:00,Naive,9,2.0042778949782774,2.1585097003732705,2020-07-01 09:00:00,2021-07-01 09:00:00,2021-07-01 09:00:00,365,1
1096,2021-07-02 09:00:00,Decision Tree,9,2.1630620270198273,2.198315624443498,2020-07-02 09:00:00,2021-07-02 09:00:00,2021-07-02 09:00:00,365,1
1097,2021-07-02 09:00:00,Random Forest,9,2.1630620270198273,2.2186606340324686,2020-07-02 09:00:00,2021-07-02 09:00:00,2021-07-02 09:00:00,365,1
1098,2021-07-02 09:00:00,Neural Network,9,2.1630620270198273,2.264389993614106,2020-07-02 09:00:00,2021-07-02 09:00:00,2021-07-02 09:00:00,365,1
1099,2021-07-02 09:00:00,Naive,9,2.1630620270198273,2.0042778949782774,2020-07-02 09:00:00,2021-07-02 09:00:00,2021-07-02 09:00:00,365,1
1100,2021-07-03 09:00:00,Decision Tree,9,1.671996325684721,1.7954993292881922,2020-07-03 09:00:00,2021-07-03 09:00:00,2021-07-03 09:00:00,365,1
1101,2021-07-03 09:00:00,Random Forest,9,1.671996325684721,1.781131368619956,2020-07-03 09:00:00,2021-07-03 09:00:00,2021-07-03 09:00:00,365,1
1102,2021-07-03 09:00:00,Neural Network,9,1.671996325684721,1.4174517535392002,2020-07-03 09:00:00,2021-07-03 09:00:00,2021-07-03 09:00:00,365,1
1103,2021-07-03 09:00:00,Naive,9,1.671996325684721,2.1630620270198273,2020-07-03 09:00:00,2021-07-03 09:00:00,2021-07-03 09:00:00,365,1
1104,2021-07-04 09:00:00,Decision Tree,9,1.616809023857511,1.7398051306395368,2020-07-04 09:00:00,2021-07-04 09:00:00,2021-07-04 09:00:00,365,1
1105,2021-07-04 09:00:00,Random Forest,9,1.616809023857511,1.7273394524420762,2020-07-04 09:00:00,2021-07-04 09:00:00,2021-07-04 09:00:00,365,1
1106,2021-07-04 09:00:00,Neural Network,9,1.616809023857511,1.6774194776460785,2020-07-04 09:00:00,2021-07-04 09:00:00,2021-07-04 09:00:00,365,1
1107,2021-07-04 09:00:00,Naive,9,1.616809023857511,1.671996325684721,2020-07-04 09:00:00,2021-07-04 09:00:00,2021-07-04 09:00:00,365,1
1108,2021-07-05 09:00:00,Decision Tree,9,2.097137726099665,2.192440024872886,2020-07-05 09:00:00,2021-07-05 09:00:00,2021-07-05 09:00:00,365,1
1109,2021-07-05 09:00:00,Random Forest,9,2.097137726099665,2.1602933900155934,2020-07-05 09:00:00,2021-07-05 09:00:00,2021-07-05 09:00:00,365,1
1110,2021-07-05 09:00:00,Neural Network,9,2.097137726099665,2.132891260030812,2020-07-05 09:00:00,2021-07-05 09:00:00,2021-07-05 09:00:00,365,1
1111,2021-07-05 09:00:00,Naive,9,2.097137726099665,1.616809023857511,2020-07-05 09:00:00,2021-07-05 09:00:00,2021-07-05 09:00:00,365,1
1112,2021-07-06 09:00:00,Decision Tree,9,1.8192103448725423,1.9425158173120565,2020-07-06 09:00:00,2021-07-06 09:00:00,2021-07-06 09:00:00,365,1
1113,2021-07-06 09:00:00,Random Forest,9,1.8192103448725423,1.9097747613948732,2020-07-06 09:00:00,2021-07-06 09:00:00,2021-07-06 09:00:00,365,1
1114,2021-07-06 09:00:00,Neural Network,9,1.8192103448725423,1.8580468820487408,2020-07-06 09:00:00,2021-07-06 09:00:00,2021-07-06 09:00:00,365,1
1115,2021-07-06 09:00:00,Naive,9,1.8192103448725423,2.097137726099665,2020-07-06 09:00:00,2021-07-06 09:00:00,2021-07-06 09:00:00,365,1
1116,2021-07-07 09:00:00,Decision Tree,9,2.1073317292183056,2.178825410762426,2020-07-07 09:00:00,2021-07-07 09:00:00,2021-07-07 09:00:00,365,1
1117,2021-07-07 09:00:00,Random Forest,9,2.1073317292183056,2.1993645582562587,2020-07-07 09:00:00,2021-07-07 09:00:00,2021-07-07 09:00:00,365,1
1118,2021-07-07 09:00:00,Neural Network,9,2.1073317292183056,2.191389414032053,2020-07-07 09:00:00,2021-07-07 09:00:00,2021-07-07 09:00:00,365,1
1119,2021-07-07 09:00:00,Naive,9,2.1073317292183056,1.8192103448725423,2020-07-07 09:00:00,2021-07-07 09:00:00,2021-07-07 09:00:00,365,1
1120,2021-07-08 09:00:00,Decision Tree,9,2.273354050627526,2.1698887005694107,2020-07-08 09:00:00,2021-07-08 09:00:00,2021-07-08 09:00:00,365,1
1121,2021-07-08 09:00:00,Random Forest,9,2.273354050627526,2.2580818907083207,2020-07-08 09:00:00,2021-07-08 09:00:00,2021-07-08 09:00:00,365,1
1122,2021-07-08 09:00:00,Neural Network,9,2.273354050627526,2.376611365791568,2020-07-08 09:00:00,2021-07-08 09:00:00,2021-07-08 09:00:00,365,1
1123,2021-07-08 09:00:00,Naive,9,2.273354050627526,2.1073317292183056,2020-07-08 09:00:00,2021-07-08 09:00:00,2021-07-08 09:00:00,365,1
1124,2021-07-09 09:00:00,Decision Tree,9,2.0923911976399734,2.181384850575868,2020-07-09 09:00:00,2021-07-09 09:00:00,2021-07-09 09:00:00,365,1
1125,2021-07-09 09:00:00,Random Forest,9,2.0923911976399734,2.17700337341509,2020-07-09 09:00:00,2021-07-09 09:00:00,2021-07-09 09:00:00,365,1
1126,2021-07-09 09:00:00,Neural Network,9,2.0923911976399734,2.130540321783189,2020-07-09 09:00:00,2021-07-09 09:00:00,2021-07-09 09:00:00,365,1
1127,2021-07-09 09:00:00,Naive,9,2.0923911976399734,2.273354050627526,2020-07-09 09:00:00,2021-07-09 09:00:00,2021-07-09 09:00:00,365,1
1128,2021-07-10 09:00:00,Decision Tree,9,1.636984029168995,1.7001115480919353,2020-07-10 09:00:00,2021-07-10 09:00:00,2021-07-10 09:00:00,365,1
1129,2021-07-10 09:00:00,Random Forest,9,1.636984029168995,1.7088653793412898,2020-07-10 09:00:00,2021-07-10 09:00:00,2021-07-10 09:00:00,365,1
1130,2021-07-10 09:00:00,Neural Network,9,1.636984029168995,1.5494591106250444,2020-07-10 09:00:00,2021-07-10 09:00:00,2021-07-10 09:00:00,365,1
1131,2021-07-10 09:00:00,Naive,9,1.636984029168995,2.0923911976399734,2020-07-10 09:00:00,2021-07-10 09:00:00,2021-07-10 09:00:00,365,1
1132,2021-07-11 09:00:00,Decision Tree,9,1.4621944373458502,1.6404388488473765,2020-07-11 09:00:00,2021-07-11 09:00:00,2021-07-11 09:00:00,365,1
1133,2021-07-11 09:00:00,Random Forest,9,1.4621944373458502,1.6545189838884642,2020-07-11 09:00:00,2021-07-11 09:00:00,2021-07-11 09:00:00,365,1
1134,2021-07-11 09:00:00,Neural Network,9,1.4621944373458502,1.352114570379287,2020-07-11 09:00:00,2021-07-11 09:00:00,2021-07-11 09:00:00,365,1
1135,2021-07-11 09:00:00,Naive,9,1.4621944373458502,1.636984029168995,2020-07-11 09:00:00,2021-07-11 09:00:00,2021-07-11 09:00:00,365,1
1136,2021-07-12 09:00:00,Decision Tree,9,2.045386025187419,2.1236864760702083,2020-07-12 09:00:00,2021-07-12 09:00:00,2021-07-12 09:00:00,365,1
1137,2021-07-12 09:00:00,Random Forest,9,2.045386025187419,2.1072378684050195,2020-07-12 09:00:00,2021-07-12 09:00:00,2021-07-12 09:00:00,365,1
1138,2021-07-12 09:00:00,Neural Network,9,2.045386025187419,2.2073571045018974,2020-07-12 09:00:00,2021-07-12 09:00:00,2021-07-12 09:00:00,365,1
1139,2021-07-12 09:00:00,Naive,9,2.045386025187419,1.4621944373458502,2020-07-12 09:00:00,2021-07-12 09:00:00,2021-07-12 09:00:00,365,1
1140,2021-07-13 09:00:00,Decision Tree,9,2.1049722124573798,2.1988537308597467,2020-07-13 09:00:00,2021-07-13 09:00:00,2021-07-13 09:00:00,365,1
1141,2021-07-13 09:00:00,Random Forest,9,2.1049722124573798,2.1686762857557587,2020-07-13 09:00:00,2021-07-13 09:00:00,2021-07-13 09:00:00,365,1
1142,2021-07-13 09:00:00,Neural Network,9,2.1049722124573798,2.2619992897745047,2020-07-13 09:00:00,2021-07-13 09:00:00,2021-07-13 09:00:00,365,1
1143,2021-07-13 09:00:00,Naive,9,2.1049722124573798,2.045386025187419,2020-07-13 09:00:00,2021-07-13 09:00:00,2021-07-13 09:00:00,365,1
1144,2021-07-14 09:00:00,Decision Tree,9,2.1584241924986243,2.0894437781205486,2020-07-14 09:00:00,2021-07-14 09:00:00,2021-07-14 09:00:00,365,1
1145,2021-07-14 09:00:00,Random Forest,9,2.1584241924986243,2.2063928780363264,2020-07-14 09:00:00,2021-07-14 09:00:00,2021-07-14 09:00:00,365,1
1146,2021-07-14 09:00:00,Neural Network,9,2.1584241924986243,2.2280664922849436,2020-07-14 09:00:00,2021-07-14 09:00:00,2021-07-14 09:00:00,365,1
1147,2021-07-14 09:00:00,Naive,9,2.1584241924986243,2.1049722124573798,2020-07-14 09:00:00,2021-07-14 09:00:00,2021-07-14 09:00:00,365,1
1148,2021-07-15 09:00:00,Decision Tree,9,2.057062375186,2.1007176298403434,2020-07-15 09:00:00,2021-07-15 09:00:00,2021-07-15 09:00:00,365,1
1149,2021-07-15 09:00:00,Random Forest,9,2.057062375186,2.1037773831870226,2020-07-15 09:00:00,2021-07-15 09:00:00,2021-07-15 09:00:00,365,1
1150,2021-07-15 09:00:00,Neural Network,9,2.057062375186,2.1638673284186734,2020-07-15 09:00:00,2021-07-15 09:00:00,2021-07-15 09:00:00,365,1
1151,2021-07-15 09:00:00,Naive,9,2.057062375186,2.1584241924986243,2020-07-15 09:00:00,2021-07-15 09:00:00,2021-07-15 09:00:00,365,1
1152,2021-07-16 09:00:00,Decision Tree,9,1.974033703402901,2.0952607230085505,2020-07-16 09:00:00,2021-07-16 09:00:00,2021-07-16 09:00:00,365,1
1153,2021-07-16 09:00:00,Random Forest,9,1.974033703402901,2.0447400204088226,2020-07-16 09:00:00,2021-07-16 09:00:00,2021-07-16 09:00:00,365,1
1154,2021-07-16 09:00:00,Neural Network,9,1.974033703402901,2.0399205502376203,2020-07-16 09:00:00,2021-07-16 09:00:00,2021-07-16 09:00:00,365,1
1155,2021-07-16 09:00:00,Naive,9,1.974033703402901,2.057062375186,2020-07-16 09:00:00,2021-07-16 09:00:00,2021-07-16 09:00:00,365,1
1156,2021-07-17 09:00:00,Decision Tree,9,1.4942979015923752,1.6107314469304548,2020-07-17 09:00:00,2021-07-17 09:00:00,2021-07-17 09:00:00,365,1
1157,2021-07-17 09:00:00,Random Forest,9,1.4942979015923752,1.6364534054558901,2020-07-17 09:00:00,2021-07-17 09:00:00,2021-07-17 09:00:00,365,1
1158,2021-07-17 09:00:00,Neural Network,9,1.4942979015923752,1.5208381010191057,2020-07-17 09:00:00,2021-07-17 09:00:00,2021-07-17 09:00:00,365,1
1159,2021-07-17 09:00:00,Naive,9,1.4942979015923752,1.974033703402901,2020-07-17 09:00:00,2021-07-17 09:00:00,2021-07-17 09:00:00,365,1
1160,2021-07-18 09:00:00,Decision Tree,9,0.4989142903362233,0.6707891601310176,2020-07-18 09:00:00,2021-07-18 09:00:00,2021-07-18 09:00:00,365,1
1161,2021-07-18 09:00:00,Random Forest,9,0.4989142903362233,0.7317563810403533,2020-07-18 09:00:00,2021-07-18 09:00:00,2021-07-18 09:00:00,365,1
1162,2021-07-18 09:00:00,Neural Network,9,0.4989142903362233,0.4892666991409286,2020-07-18 09:00:00,2021-07-18 09:00:00,2021-07-18 09:00:00,365,1
1163,2021-07-18 09:00:00,Naive,9,0.4989142903362233,1.4942979015923752,2020-07-18 09:00:00,2021-07-18 09:00:00,2021-07-18 09:00:00,365,1
1164,2021-07-19 09:00:00,Decision Tree,9,1.9867055307231567,2.081791054163478,2020-07-19 09:00:00,2021-07-19 09:00:00,2021-07-19 09:00:00,365,1
1165,2021-07-19 09:00:00,Random Forest,9,1.9867055307231567,2.0314567662395766,2020-07-19 09:00:00,2021-07-19 09:00:00,2021-07-19 09:00:00,365,1
1166,2021-07-19 09:00:00,Neural Network,9,1.9867055307231567,2.0745503854502845,2020-07-19 09:00:00,2021-07-19 09:00:00,2021-07-19 09:00:00,365,1
1167,2021-07-19 09:00:00,Naive,9,1.9867055307231567,0.4989142903362233,2020-07-19 09:00:00,2021-07-19 09:00:00,2021-07-19 09:00:00,365,1
1168,2021-07-20 09:00:00,Decision Tree,9,2.028483639756664,2.0320650721198286,2020-07-20 09:00:00,2021-07-20 09:00:00,2021-07-20 09:00:00,365,1
1169,2021-07-20 09:00:00,Random Forest,9,2.028483639756664,2.044402700361826,2020-07-20 09:00:00,2021-07-20 09:00:00,2021-07-20 09:00:00,365,1
1170,2021-07-20 09:00:00,Neural Network,9,2.028483639756664,2.17970692730883,2020-07-20 09:00:00,2021-07-20 09:00:00,2021-07-20 09:00:00,365,1
1171,2021-07-20 09:00:00,Naive,9,2.028483639756664,1.9867055307231567,2020-07-20 09:00:00,2021-07-20 09:00:00,2021-07-20 09:00:00,365,1
1172,2021-07-21 09:00:00,Decision Tree,9,1.9259652602809652,1.9906602789682495,2020-07-21 09:00:00,2021-07-21 09:00:00,2021-07-21 09:00:00,365,1
1173,2021-07-21 09:00:00,Random Forest,9,1.9259652602809652,1.9916600363109227,2020-07-21 09:00:00,2021-07-21 09:00:00,2021-07-21 09:00:00,365,1
1174,2021-07-21 09:00:00,Neural Network,9,1.9259652602809652,2.0093390211832793,2020-07-21 09:00:00,2021-07-21 09:00:00,2021-07-21 09:00:00,365,1
1175,2021-07-21 09:00:00,Naive,9,1.9259652602809652,2.028483639756664,2020-07-21 09:00:00,2021-07-21 09:00:00,2021-07-21 09:00:00,365,1
1176,2021-07-22 09:00:00,Decision Tree,9,1.9390373559421308,1.95056932261331,2020-07-22 09:00:00,2021-07-22 09:00:00,2021-07-22 09:00:00,365,1
1177,2021-07-22 09:00:00,Random Forest,9,1.9390373559421308,1.9784246827252268,2020-07-22 09:00:00,2021-07-22 09:00:00,2021-07-22 09:00:00,365,1
1178,2021-07-22 09:00:00,Neural Network,9,1.9390373559421308,2.0344319068820265,2020-07-22 09:00:00,2021-07-22 09:00:00,2021-07-22 09:00:00,365,1
1179,2021-07-22 09:00:00,Naive,9,1.9390373559421308,1.9259652602809652,2020-07-22 09:00:00,2021-07-22 09:00:00,2021-07-22 09:00:00,365,1
1180,2021-07-23 09:00:00,Decision Tree,9,1.9563879369667974,2.018334254851228,2020-07-23 09:00:00,2021-07-23 09:00:00,2021-07-23 09:00:00,365,1
1181,2021-07-23 09:00:00,Random Forest,9,1.9563879369667974,1.9892078620681537,2020-07-23 09:00:00,2021-07-23 09:00:00,2021-07-23 09:00:00,365,1
1182,2021-07-23 09:00:00,Neural Network,9,1.9563879369667974,2.0257448172133863,2020-07-23 09:00:00,2021-07-23 09:00:00,2021-07-23 09:00:00,365,1
1183,2021-07-23 09:00:00,Naive,9,1.9563879369667974,1.9390373559421308,2020-07-23 09:00:00,2021-07-23 09:00:00,2021-07-23 09:00:00,365,1
1184,2021-07-24 09:00:00,Decision Tree,9,1.59287767670267,1.5940980833107292,2020-07-24 09:00:00,2021-07-24 09:00:00,2021-07-24 09:00:00,365,1
1185,2021-07-24 09:00:00,Random Forest,9,1.59287767670267,1.6585212768120534,2020-07-24 09:00:00,2021-07-24 09:00:00,2021-07-24 09:00:00,365,1
1186,2021-07-24 09:00:00,Neural Network,9,1.59287767670267,1.5352555302613613,2020-07-24 09:00:00,2021-07-24 09:00:00,2021-07-24 09:00:00,365,1
1187,2021-07-24 09:00:00,Naive,9,1.59287767670267,1.9563879369667974,2020-07-24 09:00:00,2021-07-24 09:00:00,2021-07-24 09:00:00,365,1
1188,2021-07-25 09:00:00,Decision Tree,9,0.762908880061536,0.9994589627655376,2020-07-25 09:00:00,2021-07-25 09:00:00,2021-07-25 09:00:00,365,1
1189,2021-07-25 09:00:00,Random Forest,9,0.762908880061536,0.98663418418707,2020-07-25 09:00:00,2021-07-25 09:00:00,2021-07-25 09:00:00,365,1
1190,2021-07-25 09:00:00,Neural Network,9,0.762908880061536,0.7960365511618159,2020-07-25 09:00:00,2021-07-25 09:00:00,2021-07-25 09:00:00,365,1
1191,2021-07-25 09:00:00,Naive,9,0.762908880061536,1.59287767670267,2020-07-25 09:00:00,2021-07-25 09:00:00,2021-07-25 09:00:00,365,1
1192,2021-07-26 09:00:00,Decision Tree,9,1.9692619048780169,2.0080098685371564,2020-07-26 09:00:00,2021-07-26 09:00:00,2021-07-26 09:00:00,365,1
1193,2021-07-26 09:00:00,Random Forest,9,1.9692619048780169,2.0013615060633145,2020-07-26 09:00:00,2021-07-26 09:00:00,2021-07-26 09:00:00,365,1
1194,2021-07-26 09:00:00,Neural Network,9,1.9692619048780169,2.0790134032497187,2020-07-26 09:00:00,2021-07-26 09:00:00,2021-07-26 09:00:00,365,1
1195,2021-07-26 09:00:00,Naive,9,1.9692619048780169,0.762908880061536,2020-07-26 09:00:00,2021-07-26 09:00:00,2021-07-26 09:00:00,365,1
1196,2021-07-27 09:00:00,Decision Tree,9,1.7979847425149835,1.9436217247052021,2020-07-27 09:00:00,2021-07-27 09:00:00,2021-07-27 09:00:00,365,1
1197,2021-07-27 09:00:00,Random Forest,9,1.7979847425149835,1.9311239398548508,2020-07-27 09:00:00,2021-07-27 09:00:00,2021-07-27 09:00:00,365,1
1198,2021-07-27 09:00:00,Neural Network,9,1.7979847425149835,1.928459344964674,2020-07-27 09:00:00,2021-07-27 09:00:00,2021-07-27 09:00:00,365,1
1199,2021-07-27 09:00:00,Naive,9,1.7979847425149835,1.9692619048780169,2020-07-27 09:00:00,2021-07-27 09:00:00,2021-07-27 09:00:00,365,1
1200,2021-07-28 09:00:00,Decision Tree,9,1.893234924348766,1.9436217247052021,2020-07-28 09:00:00,2021-07-28 09:00:00,2021-07-28 09:00:00,365,1
1201,2021-07-28 09:00:00,Random Forest,9,1.893234924348766,1.9751069056714892,2020-07-28 09:00:00,2021-07-28 09:00:00,2021-07-28 09:00:00,365,1
1202,2021-07-28 09:00:00,Neural Network,9,1.893234924348766,1.937189280098485,2020-07-28 09:00:00,2021-07-28 09:00:00,2021-07-28 09:00:00,365,1
1203,2021-07-28 09:00:00,Naive,9,1.893234924348766,1.7979847425149835,2020-07-28 09:00:00,2021-07-28 09:00:00,2021-07-28 09:00:00,365,1
1204,2021-07-29 09:00:00,Decision Tree,9,0.5746114334944591,0.7868128874564716,2020-07-29 09:00:00,2021-07-29 09:00:00,2021-07-29 09:00:00,365,1
1205,2021-07-29 09:00:00,Random Forest,9,0.5746114334944591,0.8136827734522406,2020-07-29 09:00:00,2021-07-29 09:00:00,2021-07-29 09:00:00,365,1
1206,2021-07-29 09:00:00,Neural Network,9,0.5746114334944591,0.5653278172793741,2020-07-29 09:00:00,2021-07-29 09:00:00,2021-07-29 09:00:00,365,1
1207,2021-07-29 09:00:00,Naive,9,0.5746114334944591,1.893234924348766,2020-07-29 09:00:00,2021-07-29 09:00:00,2021-07-29 09:00:00,365,1
1208,2021-07-30 09:00:00,Decision Tree,9,1.1557831238109966,1.3624876952564788,2020-07-30 09:00:00,2021-07-30 09:00:00,2021-07-30 09:00:00,365,1
1209,2021-07-30 09:00:00,Random Forest,9,1.1557831238109966,1.3604503255689944,2020-07-30 09:00:00,2021-07-30 09:00:00,2021-07-30 09:00:00,365,1
1210,2021-07-30 09:00:00,Neural Network,9,1.1557831238109966,1.174899814770948,2020-07-30 09:00:00,2021-07-30 09:00:00,2021-07-30 09:00:00,365,1
1211,2021-07-30 09:00:00,Naive,9,1.1557831238109966,0.5746114334944591,2020-07-30 09:00:00,2021-07-30 09:00:00,2021-07-30 09:00:00,365,1
1212,2021-07-31 09:00:00,Decision Tree,9,-1.083465374325191,-1.089012451520833,2020-07-31 09:00:00,2021-07-31 09:00:00,2021-07-31 09:00:00,365,1
1213,2021-07-31 09:00:00,Random Forest,9,-1.083465374325191,-1.2140694634166376,2020-07-31 09:00:00,2021-07-31 09:00:00,2021-07-31 09:00:00,365,1
1214,2021-07-31 09:00:00,Neural Network,9,-1.083465374325191,-1.122751489625256,2020-07-31 09:00:00,2021-07-31 09:00:00,2021-07-31 09:00:00,365,1
1215,2021-07-31 09:00:00,Naive,9,-1.083465374325191,1.1557831238109966,2020-07-31 09:00:00,2021-07-31 09:00:00,2021-07-31 09:00:00,365,1
1216,2021-08-01 09:00:00,Decision Tree,9,0.9674973281757617,1.1875543210765447,2020-08-01 09:00:00,2021-08-01 09:00:00,2021-08-01 09:00:00,365,1
1217,2021-08-01 09:00:00,Random Forest,9,0.9674973281757617,1.1723934733881671,2020-08-01 09:00:00,2021-08-01 09:00:00,2021-08-01 09:00:00,365,1
1218,2021-08-01 09:00:00,Neural Network,9,0.9674973281757617,1.1093381092013908,2020-08-01 09:00:00,2021-08-01 09:00:00,2021-08-01 09:00:00,365,1
1219,2021-08-01 09:00:00,Naive,9,0.9674973281757617,-1.083465374325191,2020-08-01 09:00:00,2021-08-01 09:00:00,2021-08-01 09:00:00,365,1
1220,2021-08-02 09:00:00,Decision Tree,9,1.7585727189679177,1.794572553244332,2020-08-02 09:00:00,2021-08-02 09:00:00,2021-08-02 09:00:00,365,1
1221,2021-08-02 09:00:00,Random Forest,9,1.7585727189679177,1.869242805099676,2020-08-02 09:00:00,2021-08-02 09:00:00,2021-08-02 09:00:00,365,1
1222,2021-08-02 09:00:00,Neural Network,9,1.7585727189679177,1.749257446759695,2020-08-02 09:00:00,2021-08-02 09:00:00,2021-08-02 09:00:00,365,1
1223,2021-08-02 09:00:00,Naive,9,1.7585727189679177,0.9674973281757617,2020-08-02 09:00:00,2021-08-02 09:00:00,2021-08-02 09:00:00,365,1
1224,2021-08-03 09:00:00,Decision Tree,9,2.0237239399384506,2.1023856798401406,2020-08-03 09:00:00,2021-08-03 09:00:00,2021-08-03 09:00:00,365,1
1225,2021-08-03 09:00:00,Random Forest,9,2.0237239399384506,2.102239930156401,2020-08-03 09:00:00,2021-08-03 09:00:00,2021-08-03 09:00:00,365,1
1226,2021-08-03 09:00:00,Neural Network,9,2.0237239399384506,2.1440151843800312,2020-08-03 09:00:00,2021-08-03 09:00:00,2021-08-03 09:00:00,365,1
1227,2021-08-03 09:00:00,Naive,9,2.0237239399384506,1.7585727189679177,2020-08-03 09:00:00,2021-08-03 09:00:00,2021-08-03 09:00:00,365,1
1228,2021-08-04 09:00:00,Decision Tree,9,2.1657351383979266,2.2090722235158102,2020-08-04 09:00:00,2021-08-04 09:00:00,2021-08-04 09:00:00,365,1
1229,2021-08-04 09:00:00,Random Forest,9,2.1657351383979266,2.2033569786214877,2020-08-04 09:00:00,2021-08-04 09:00:00,2021-08-04 09:00:00,365,1
1230,2021-08-04 09:00:00,Neural Network,9,2.1657351383979266,2.266478125616464,2020-08-04 09:00:00,2021-08-04 09:00:00,2021-08-04 09:00:00,365,1
1231,2021-08-04 09:00:00,Naive,9,2.1657351383979266,2.0237239399384506,2020-08-04 09:00:00,2021-08-04 09:00:00,2021-08-04 09:00:00,365,1
1232,2021-08-05 09:00:00,Decision Tree,9,2.1721075114692354,2.201849375996163,2020-08-05 09:00:00,2021-08-05 09:00:00,2021-08-05 09:00:00,365,1
1233,2021-08-05 09:00:00,Random Forest,9,2.1721075114692354,2.1874938546967324,2020-08-05 09:00:00,2021-08-05 09:00:00,2021-08-05 09:00:00,365,1
1234,2021-08-05 09:00:00,Neural Network,9,2.1721075114692354,2.238047603181612,2020-08-05 09:00:00,2021-08-05 09:00:00,2021-08-05 09:00:00,365,1
1235,2021-08-05 09:00:00,Naive,9,2.1721075114692354,2.1657351383979266,2020-08-05 09:00:00,2021-08-05 09:00:00,2021-08-05 09:00:00,365,1
1236,2021-08-06 09:00:00,Decision Tree,9,1.717955007349216,1.7885725808649295,2020-08-06 09:00:00,2021-08-06 09:00:00,2021-08-06 09:00:00,365,1
1237,2021-08-06 09:00:00,Random Forest,9,1.717955007349216,1.8239356748639337,2020-08-06 09:00:00,2021-08-06 09:00:00,2021-08-06 09:00:00,365,1
1238,2021-08-06 09:00:00,Neural Network,9,1.717955007349216,1.8135928883370966,2020-08-06 09:00:00,2021-08-06 09:00:00,2021-08-06 09:00:00,365,1
1239,2021-08-06 09:00:00,Naive,9,1.717955007349216,2.1721075114692354,2020-08-06 09:00:00,2021-08-06 09:00:00,2021-08-06 09:00:00,365,1
1240,2021-08-07 09:00:00,Decision Tree,9,1.0328918202990691,1.2480047111788013,2020-08-07 09:00:00,2021-08-07 09:00:00,2021-08-07 09:00:00,365,1
1241,2021-08-07 09:00:00,Random Forest,9,1.0328918202990691,1.1960009568141607,2020-08-07 09:00:00,2021-08-07 09:00:00,2021-08-07 09:00:00,365,1
1242,2021-08-07 09:00:00,Neural Network,9,1.0328918202990691,0.9691149975283203,2020-08-07 09:00:00,2021-08-07 09:00:00,2021-08-07 09:00:00,365,1
1243,2021-08-07 09:00:00,Naive,9,1.0328918202990691,1.717955007349216,2020-08-07 09:00:00,2021-08-07 09:00:00,2021-08-07 09:00:00,365,1
1244,2021-08-08 09:00:00,Decision Tree,9,-1.5949844116114937,-1.7600208816688445,2020-08-08 09:00:00,2021-08-08 09:00:00,2021-08-08 09:00:00,365,1
1245,2021-08-08 09:00:00,Random Forest,9,-1.5949844116114937,-1.7579817504420578,2020-08-08 09:00:00,2021-08-08 09:00:00,2021-08-08 09:00:00,365,1
1246,2021-08-08 09:00:00,Neural Network,9,-1.5949844116114937,-1.567105916313823,2020-08-08 09:00:00,2021-08-08 09:00:00,2021-08-08 09:00:00,365,1
1247,2021-08-08 09:00:00,Naive,9,-1.5949844116114937,1.0328918202990691,2020-08-08 09:00:00,2021-08-08 09:00:00,2021-08-08 09:00:00,365,1
1248,2021-08-09 09:00:00,Decision Tree,9,1.565767193251805,1.7505120581577316,2020-08-09 09:00:00,2021-08-09 09:00:00,2021-08-09 09:00:00,365,1
1249,2021-08-09 09:00:00,Random Forest,9,1.565767193251805,1.7031061179087077,2020-08-09 09:00:00,2021-08-09 09:00:00,2021-08-09 09:00:00,365,1
1250,2021-08-09 09:00:00,Neural Network,9,1.565767193251805,1.6603834919692804,2020-08-09 09:00:00,2021-08-09 09:00:00,2021-08-09 09:00:00,365,1
1251,2021-08-09 09:00:00,Naive,9,1.565767193251805,-1.5949844116114937,2020-08-09 09:00:00,2021-08-09 09:00:00,2021-08-09 09:00:00,365,1
1252,2021-08-10 09:00:00,Decision Tree,9,2.0451843594428416,2.197600538206602,2020-08-10 09:00:00,2021-08-10 09:00:00,2021-08-10 09:00:00,365,1
1253,2021-08-10 09:00:00,Random Forest,9,2.0451843594428416,2.1131536468126204,2020-08-10 09:00:00,2021-08-10 09:00:00,2021-08-10 09:00:00,365,1
1254,2021-08-10 09:00:00,Neural Network,9,2.0451843594428416,2.0611711475905965,2020-08-10 09:00:00,2021-08-10 09:00:00,2021-08-10 09:00:00,365,1
1255,2021-08-10 09:00:00,Naive,9,2.0451843594428416,1.565767193251805,2020-08-10 09:00:00,2021-08-10 09:00:00,2021-08-10 09:00:00,365,1
1256,2021-08-11 09:00:00,Decision Tree,9,2.0792680636873153,2.197600538206602,2020-08-11 09:00:00,2021-08-11 09:00:00,2021-08-11 09:00:00,365,1
1257,2021-08-11 09:00:00,Random Forest,9,2.0792680636873153,2.1067435474714875,2020-08-11 09:00:00,2021-08-11 09:00:00,2021-08-11 09:00:00,365,1
1258,2021-08-11 09:00:00,Neural Network,9,2.0792680636873153,2.163947366098215,2020-08-11 09:00:00,2021-08-11 09:00:00,2021-08-11 09:00:00,365,1
1259,2021-08-11 09:00:00,Naive,9,2.0792680636873153,2.0451843594428416,2020-08-11 09:00:00,2021-08-11 09:00:00,2021-08-11 09:00:00,365,1
1260,2021-08-12 09:00:00,Decision Tree,9,2.0751532269987707,2.083144149386414,2020-08-12 09:00:00,2021-08-12 09:00:00,2021-08-12 09:00:00,365,1
1261,2021-08-12 09:00:00,Random Forest,9,2.0751532269987707,2.0919104365995143,2020-08-12 09:00:00,2021-08-12 09:00:00,2021-08-12 09:00:00,365,1
1262,2021-08-12 09:00:00,Neural Network,9,2.0751532269987707,2.173219373650441,2020-08-12 09:00:00,2021-08-12 09:00:00,2021-08-12 09:00:00,365,1
1263,2021-08-12 09:00:00,Naive,9,2.0751532269987707,2.0792680636873153,2020-08-12 09:00:00,2021-08-12 09:00:00,2021-08-12 09:00:00,365,1
1264,2021-08-13 09:00:00,Decision Tree,9,2.080223485153201,2.08225626912112,2020-08-13 09:00:00,2021-08-13 09:00:00,2021-08-13 09:00:00,365,1
1265,2021-08-13 09:00:00,Random Forest,9,2.080223485153201,2.082041851889476,2020-08-13 09:00:00,2021-08-13 09:00:00,2021-08-13 09:00:00,365,1
1266,2021-08-13 09:00:00,Neural Network,9,2.080223485153201,2.178130997187431,2020-08-13 09:00:00,2021-08-13 09:00:00,2021-08-13 09:00:00,365,1
1267,2021-08-13 09:00:00,Naive,9,2.080223485153201,2.0751532269987707,2020-08-13 09:00:00,2021-08-13 09:00:00,2021-08-13 09:00:00,365,1
1268,2021-08-14 09:00:00,Decision Tree,9,1.4240680064328104,1.5772752268005612,2020-08-14 09:00:00,2021-08-14 09:00:00,2021-08-14 09:00:00,365,1
1269,2021-08-14 09:00:00,Random Forest,9,1.4240680064328104,1.5542605306964525,2020-08-14 09:00:00,2021-08-14 09:00:00,2021-08-14 09:00:00,365,1
1270,2021-08-14 09:00:00,Neural Network,9,1.4240680064328104,1.4657683212231052,2020-08-14 09:00:00,2021-08-14 09:00:00,2021-08-14 09:00:00,365,1
1271,2021-08-14 09:00:00,Naive,9,1.4240680064328104,2.080223485153201,2020-08-14 09:00:00,2021-08-14 09:00:00,2021-08-14 09:00:00,365,1
1272,2021-08-15 09:00:00,Decision Tree,9,0.7609667964518783,1.032469030109122,2020-08-15 09:00:00,2021-08-15 09:00:00,2021-08-15 09:00:00,365,1
1273,2021-08-15 09:00:00,Random Forest,9,0.7609667964518783,0.9939989381112034,2020-08-15 09:00:00,2021-08-15 09:00:00,2021-08-15 09:00:00,365,1
1274,2021-08-15 09:00:00,Neural Network,9,0.7609667964518783,0.10971684444054952,2020-08-15 09:00:00,2021-08-15 09:00:00,2021-08-15 09:00:00,365,1
1275,2021-08-15 09:00:00,Naive,9,0.7609667964518783,1.4240680064328104,2020-08-15 09:00:00,2021-08-15 09:00:00,2021-08-15 09:00:00,365,1
1276,2021-08-16 09:00:00,Decision Tree,9,1.5586404325645549,1.7784843560769705,2020-08-16 09:00:00,2021-08-16 09:00:00,2021-08-16 09:00:00,365,1
1277,2021-08-16 09:00:00,Random Forest,9,1.5586404325645549,1.718795344468724,2020-08-16 09:00:00,2021-08-16 09:00:00,2021-08-16 09:00:00,365,1
1278,2021-08-16 09:00:00,Neural Network,9,1.5586404325645549,1.6614213818866062,2020-08-16 09:00:00,2021-08-16 09:00:00,2021-08-16 09:00:00,365,1
1279,2021-08-16 09:00:00,Naive,9,1.5586404325645549,0.7609667964518783,2020-08-16 09:00:00,2021-08-16 09:00:00,2021-08-16 09:00:00,365,1
1280,2021-08-17 09:00:00,Decision Tree,9,0.7871572079154106,1.0578551260159492,2020-08-17 09:00:00,2021-08-17 09:00:00,2021-08-17 09:00:00,365,1
1281,2021-08-17 09:00:00,Random Forest,9,0.7871572079154106,1.115859671214712,2020-08-17 09:00:00,2021-08-17 09:00:00,2021-08-17 09:00:00,365,1
1282,2021-08-17 09:00:00,Neural Network,9,0.7871572079154106,0.7942254111393214,2020-08-17 09:00:00,2021-08-17 09:00:00,2021-08-17 09:00:00,365,1
1283,2021-08-17 09:00:00,Naive,9,0.7871572079154106,1.5586404325645549,2020-08-17 09:00:00,2021-08-17 09:00:00,2021-08-17 09:00:00,365,1
1284,2021-08-18 09:00:00,Decision Tree,9,1.864205324094752,1.7704499790560266,2020-08-18 09:00:00,2021-08-18 09:00:00,2021-08-18 09:00:00,365,1
1285,2021-08-18 09:00:00,Random Forest,9,1.864205324094752,1.9375140976721184,2020-08-18 09:00:00,2021-08-18 09:00:00,2021-08-18 09:00:00,365,1
1286,2021-08-18 09:00:00,Neural Network,9,1.864205324094752,2.390765867389704,2020-08-18 09:00:00,2021-08-18 09:00:00,2021-08-18 09:00:00,365,1
1287,2021-08-18 09:00:00,Naive,9,1.864205324094752,0.7871572079154106,2020-08-18 09:00:00,2021-08-18 09:00:00,2021-08-18 09:00:00,365,1
1288,2021-08-19 09:00:00,Decision Tree,9,1.8230860131388587,1.9250784102813612,2020-08-19 09:00:00,2021-08-19 09:00:00,2021-08-19 09:00:00,365,1
1289,2021-08-19 09:00:00,Random Forest,9,1.8230860131388587,1.9196578677503862,2020-08-19 09:00:00,2021-08-19 09:00:00,2021-08-19 09:00:00,365,1
1290,2021-08-19 09:00:00,Neural Network,9,1.8230860131388587,1.8917869367385014,2020-08-19 09:00:00,2021-08-19 09:00:00,2021-08-19 09:00:00,365,1
1291,2021-08-19 09:00:00,Naive,9,1.8230860131388587,1.864205324094752,2020-08-19 09:00:00,2021-08-19 09:00:00,2021-08-19 09:00:00,365,1
1292,2021-08-20 09:00:00,Decision Tree,9,2.111188139836802,2.1758807438116103,2020-08-20 09:00:00,2021-08-20 09:00:00,2021-08-20 09:00:00,365,1
1293,2021-08-20 09:00:00,Random Forest,9,2.111188139836802,2.147694284226268,2020-08-20 09:00:00,2021-08-20 09:00:00,2021-08-20 09:00:00,365,1
1294,2021-08-20 09:00:00,Neural Network,9,2.111188139836802,2.1462134271486804,2020-08-20 09:00:00,2021-08-20 09:00:00,2021-08-20 09:00:00,365,1
1295,2021-08-20 09:00:00,Naive,9,2.111188139836802,1.8230860131388587,2020-08-20 09:00:00,2021-08-20 09:00:00,2021-08-20 09:00:00,365,1
1296,2021-08-21 09:00:00,Decision Tree,9,1.7850751048255096,1.7913630332162491,2020-08-21 09:00:00,2021-08-21 09:00:00,2021-08-21 09:00:00,365,1
1297,2021-08-21 09:00:00,Random Forest,9,1.7850751048255096,1.8414924999009838,2020-08-21 09:00:00,2021-08-21 09:00:00,2021-08-21 09:00:00,365,1
1298,2021-08-21 09:00:00,Neural Network,9,1.7850751048255096,1.7860277747101372,2020-08-21 09:00:00,2021-08-21 09:00:00,2021-08-21 09:00:00,365,1
1299,2021-08-21 09:00:00,Naive,9,1.7850751048255096,2.111188139836802,2020-08-21 09:00:00,2021-08-21 09:00:00,2021-08-21 09:00:00,365,1
1300,2021-08-22 09:00:00,Decision Tree,9,1.4656401171474007,1.6071791135383762,2020-08-22 09:00:00,2021-08-22 09:00:00,2021-08-22 09:00:00,365,1
1301,2021-08-22 09:00:00,Random Forest,9,1.4656401171474007,1.5762177371450923,2020-08-22 09:00:00,2021-08-22 09:00:00,2021-08-22 09:00:00,365,1
1302,2021-08-22 09:00:00,Neural Network,9,1.4656401171474007,1.5490047710691712,2020-08-22 09:00:00,2021-08-22 09:00:00,2021-08-22 09:00:00,365,1
1303,2021-08-22 09:00:00,Naive,9,1.4656401171474007,1.7850751048255096,2020-08-22 09:00:00,2021-08-22 09:00:00,2021-08-22 09:00:00,365,1
1304,2021-08-23 09:00:00,Decision Tree,9,2.101934715205027,2.125568991913395,2020-08-23 09:00:00,2021-08-23 09:00:00,2021-08-23 09:00:00,365,1
1305,2021-08-23 09:00:00,Random Forest,9,2.101934715205027,2.134066614225236,2020-08-23 09:00:00,2021-08-23 09:00:00,2021-08-23 09:00:00,365,1
1306,2021-08-23 09:00:00,Neural Network,9,2.101934715205027,2.2321495279826546,2020-08-23 09:00:00,2021-08-23 09:00:00,2021-08-23 09:00:00,365,1
1307,2021-08-23 09:00:00,Naive,9,2.101934715205027,1.4656401171474007,2020-08-23 09:00:00,2021-08-23 09:00:00,2021-08-23 09:00:00,365,1
1308,2021-08-24 09:00:00,Decision Tree,9,1.9984799185436317,2.0607106150441163,2020-08-24 09:00:00,2021-08-24 09:00:00,2021-08-24 09:00:00,365,1
1309,2021-08-24 09:00:00,Random Forest,9,1.9984799185436317,2.060440939299201,2020-08-24 09:00:00,2021-08-24 09:00:00,2021-08-24 09:00:00,365,1
1310,2021-08-24 09:00:00,Neural Network,9,1.9984799185436317,2.1380472402608834,2020-08-24 09:00:00,2021-08-24 09:00:00,2021-08-24 09:00:00,365,1
1311,2021-08-24 09:00:00,Naive,9,1.9984799185436317,2.101934715205027,2020-08-24 09:00:00,2021-08-24 09:00:00,2021-08-24 09:00:00,365,1
1312,2021-08-25 09:00:00,Decision Tree,9,1.8114347111979456,1.9045600194864065,2020-08-25 09:00:00,2021-08-25 09:00:00,2021-08-25 09:00:00,365,1
1313,2021-08-25 09:00:00,Random Forest,9,1.8114347111979456,1.8784027252596631,2020-08-25 09:00:00,2021-08-25 09:00:00,2021-08-25 09:00:00,365,1
1314,2021-08-25 09:00:00,Neural Network,9,1.8114347111979456,1.8768026267453908,2020-08-25 09:00:00,2021-08-25 09:00:00,2021-08-25 09:00:00,365,1
1315,2021-08-25 09:00:00,Naive,9,1.8114347111979456,1.9984799185436317,2020-08-25 09:00:00,2021-08-25 09:00:00,2021-08-25 09:00:00,365,1
1316,2021-08-26 09:00:00,Decision Tree,9,2.0772060197558173,2.1216299457953336,2020-08-26 09:00:00,2021-08-26 09:00:00,2021-08-26 09:00:00,365,1
1317,2021-08-26 09:00:00,Random Forest,9,2.0772060197558173,2.114411450027682,2020-08-26 09:00:00,2021-08-26 09:00:00,2021-08-26 09:00:00,365,1
1318,2021-08-26 09:00:00,Neural Network,9,2.0772060197558173,2.189948001426067,2020-08-26 09:00:00,2021-08-26 09:00:00,2021-08-26 09:00:00,365,1
1319,2021-08-26 09:00:00,Naive,9,2.0772060197558173,1.8114347111979456,2020-08-26 09:00:00,2021-08-26 09:00:00,2021-08-26 09:00:00,365,1
1320,2021-08-27 09:00:00,Decision Tree,9,2.0156173111298465,2.115283670646831,2020-08-27 09:00:00,2021-08-27 09:00:00,2021-08-27 09:00:00,365,1
1321,2021-08-27 09:00:00,Random Forest,9,2.0156173111298465,2.0940687056016203,2020-08-27 09:00:00,2021-08-27 09:00:00,2021-08-27 09:00:00,365,1
1322,2021-08-27 09:00:00,Neural Network,9,2.0156173111298465,2.2413215430449704,2020-08-27 09:00:00,2021-08-27 09:00:00,2021-08-27 09:00:00,365,1
1323,2021-08-27 09:00:00,Naive,9,2.0156173111298465,2.0772060197558173,2020-08-27 09:00:00,2021-08-27 09:00:00,2021-08-27 09:00:00,365,1
1324,2021-08-28 09:00:00,Decision Tree,9,1.7414156808757744,1.7636229310466198,2020-08-28 09:00:00,2021-08-28 09:00:00,2021-08-28 09:00:00,365,1
1325,2021-08-28 09:00:00,Random Forest,9,1.7414156808757744,1.785187522646135,2020-08-28 09:00:00,2021-08-28 09:00:00,2021-08-28 09:00:00,365,1
1326,2021-08-28 09:00:00,Neural Network,9,1.7414156808757744,1.835416121899938,2020-08-28 09:00:00,2021-08-28 09:00:00,2021-08-28 09:00:00,365,1
1327,2021-08-28 09:00:00,Naive,9,1.7414156808757744,2.0156173111298465,2020-08-28 09:00:00,2021-08-28 09:00:00,2021-08-28 09:00:00,365,1
1328,2021-08-29 09:00:00,Decision Tree,9,1.524919849276286,1.7480209684561419,2020-08-29 09:00:00,2021-08-29 09:00:00,2021-08-29 09:00:00,365,1
1329,2021-08-29 09:00:00,Random Forest,9,1.524919849276286,1.712441837968487,2020-08-29 09:00:00,2021-08-29 09:00:00,2021-08-29 09:00:00,365,1
1330,2021-08-29 09:00:00,Neural Network,9,1.524919849276286,1.573185732079795,2020-08-29 09:00:00,2021-08-29 09:00:00,2021-08-29 09:00:00,365,1
1331,2021-08-29 09:00:00,Naive,9,1.524919849276286,1.7414156808757744,2020-08-29 09:00:00,2021-08-29 09:00:00,2021-08-29 09:00:00,365,1
1332,2021-08-30 09:00:00,Decision Tree,9,2.2914796344448547,2.0943576565078303,2020-08-30 09:00:00,2021-08-30 09:00:00,2021-08-30 09:00:00,365,1
1333,2021-08-30 09:00:00,Random Forest,9,2.2914796344448547,2.1433090816090625,2020-08-30 09:00:00,2021-08-30 09:00:00,2021-08-30 09:00:00,365,1
1334,2021-08-30 09:00:00,Neural Network,9,2.2914796344448547,2.535100277626468,2020-08-30 09:00:00,2021-08-30 09:00:00,2021-08-30 09:00:00,365,1
1335,2021-08-30 09:00:00,Naive,9,2.2914796344448547,1.524919849276286,2020-08-30 09:00:00,2021-08-30 09:00:00,2021-08-30 09:00:00,365,1
1336,2021-08-31 09:00:00,Decision Tree,9,2.3164206525776305,2.1056981474668155,2020-08-31 09:00:00,2021-08-31 09:00:00,2021-08-31 09:00:00,365,1
1337,2021-08-31 09:00:00,Random Forest,9,2.3164206525776305,2.1772644808885278,2020-08-31 09:00:00,2021-08-31 09:00:00,2021-08-31 09:00:00,365,1
1338,2021-08-31 09:00:00,Neural Network,9,2.3164206525776305,2.4843787513716995,2020-08-31 09:00:00,2021-08-31 09:00:00,2021-08-31 09:00:00,365,1
1339,2021-08-31 09:00:00,Naive,9,2.3164206525776305,2.2914796344448547,2020-08-31 09:00:00,2021-08-31 09:00:00,2021-08-31 09:00:00,365,1
1340,2021-09-01 09:00:00,Decision Tree,9,2.253607841136703,2.2439257000264243,2020-09-01 09:00:00,2021-09-01 09:00:00,2021-09-01 09:00:00,365,1
1341,2021-09-01 09:00:00,Random Forest,9,2.253607841136703,2.1962631790475773,2020-09-01 09:00:00,2021-09-01 09:00:00,2021-09-01 09:00:00,365,1
1342,2021-09-01 09:00:00,Neural Network,9,2.253607841136703,2.4274288408622056,2020-09-01 09:00:00,2021-09-01 09:00:00,2021-09-01 09:00:00,365,1
1343,2021-09-01 09:00:00,Naive,9,2.253607841136703,2.3164206525776305,2020-09-01 09:00:00,2021-09-01 09:00:00,2021-09-01 09:00:00,365,1
1344,2021-09-02 09:00:00,Decision Tree,9,2.259279253568468,2.2455393902114706,2020-09-02 09:00:00,2021-09-02 09:00:00,2021-09-02 09:00:00,365,1
1345,2021-09-02 09:00:00,Random Forest,9,2.259279253568468,2.244420101217779,2020-09-02 09:00:00,2021-09-02 09:00:00,2021-09-02 09:00:00,365,1
1346,2021-09-02 09:00:00,Neural Network,9,2.259279253568468,2.4857054193792827,2020-09-02 09:00:00,2021-09-02 09:00:00,2021-09-02 09:00:00,365,1
1347,2021-09-02 09:00:00,Naive,9,2.259279253568468,2.253607841136703,2020-09-02 09:00:00,2021-09-02 09:00:00,2021-09-02 09:00:00,365,1
1348,2021-09-03 09:00:00,Decision Tree,9,2.1720501988334227,2.2789345889940256,2020-09-03 09:00:00,2021-09-03 09:00:00,2021-09-03 09:00:00,365,1
1349,2021-09-03 09:00:00,Random Forest,9,2.1720501988334227,2.236973014418014,2020-09-03 09:00:00,2021-09-03 09:00:00,2021-09-03 09:00:00,365,1
1350,2021-09-03 09:00:00,Neural Network,9,2.1720501988334227,2.2854166338124604,2020-09-03 09:00:00,2021-09-03 09:00:00,2021-09-03 09:00:00,365,1
1351,2021-09-03 09:00:00,Naive,9,2.1720501988334227,2.259279253568468,2020-09-03 09:00:00,2021-09-03 09:00:00,2021-09-03 09:00:00,365,1
1352,2021-09-04 09:00:00,Decision Tree,9,2.0807071046058727,2.238070724208839,2020-09-04 09:00:00,2021-09-04 09:00:00,2021-09-04 09:00:00,365,1
1353,2021-09-04 09:00:00,Random Forest,9,2.0807071046058727,2.1681473136648055,2020-09-04 09:00:00,2021-09-04 09:00:00,2021-09-04 09:00:00,365,1
1354,2021-09-04 09:00:00,Neural Network,9,2.0807071046058727,2.031899800488347,2020-09-04 09:00:00,2021-09-04 09:00:00,2021-09-04 09:00:00,365,1
1355,2021-09-04 09:00:00,Naive,9,2.0807071046058727,2.1720501988334227,2020-09-04 09:00:00,2021-09-04 09:00:00,2021-09-04 09:00:00,365,1
1356,2021-09-05 09:00:00,Decision Tree,9,1.7199400354062604,1.7480209684561419,2020-09-05 09:00:00,2021-09-05 09:00:00,2021-09-05 09:00:00,365,1
1357,2021-09-05 09:00:00,Random Forest,9,1.7199400354062604,1.7683339820880009,2020-09-05 09:00:00,2021-09-05 09:00:00,2021-09-05 09:00:00,365,1
1358,2021-09-05 09:00:00,Neural Network,9,1.7199400354062604,1.7785303213382568,2020-09-05 09:00:00,2021-09-05 09:00:00,2021-09-05 09:00:00,365,1
1359,2021-09-05 09:00:00,Naive,9,1.7199400354062604,2.0807071046058727,2020-09-05 09:00:00,2021-09-05 09:00:00,2021-09-05 09:00:00,365,1
1360,2021-09-06 09:00:00,Decision Tree,9,2.329240060759266,2.220585877586288,2020-09-06 09:00:00,2021-09-06 09:00:00,2021-09-06 09:00:00,365,1
1361,2021-09-06 09:00:00,Random Forest,9,2.329240060759266,2.2518827387405738,2020-09-06 09:00:00,2021-09-06 09:00:00,2021-09-06 09:00:00,365,1
1362,2021-09-06 09:00:00,Neural Network,9,2.329240060759266,2.5818125958785716,2020-09-06 09:00:00,2021-09-06 09:00:00,2021-09-06 09:00:00,365,1
1363,2021-09-06 09:00:00,Naive,9,2.329240060759266,1.7199400354062604,2020-09-06 09:00:00,2021-09-06 09:00:00,2021-09-06 09:00:00,365,1
1364,2021-09-07 09:00:00,Decision Tree,9,2.353764177706277,2.266119601375098,2020-09-07 09:00:00,2021-09-07 09:00:00,2021-09-07 09:00:00,365,1
1365,2021-09-07 09:00:00,Random Forest,9,2.353764177706277,2.281850890564379,2020-09-07 09:00:00,2021-09-07 09:00:00,2021-09-07 09:00:00,365,1
1366,2021-09-07 09:00:00,Neural Network,9,2.353764177706277,2.5643744263387056,2020-09-07 09:00:00,2021-09-07 09:00:00,2021-09-07 09:00:00,365,1
1367,2021-09-07 09:00:00,Naive,9,2.353764177706277,2.329240060759266,2020-09-07 09:00:00,2021-09-07 09:00:00,2021-09-07 09:00:00,365,1
1368,2021-09-08 09:00:00,Decision Tree,9,2.304000993416604,2.302462397149669,2020-09-08 09:00:00,2021-09-08 09:00:00,2021-09-08 09:00:00,365,1
1369,2021-09-08 09:00:00,Random Forest,9,2.304000993416604,2.2989058851876467,2020-09-08 09:00:00,2021-09-08 09:00:00,2021-09-08 09:00:00,365,1
1370,2021-09-08 09:00:00,Neural Network,9,2.304000993416604,2.5166708608453217,2020-09-08 09:00:00,2021-09-08 09:00:00,2021-09-08 09:00:00,365,1
1371,2021-09-08 09:00:00,Naive,9,2.304000993416604,2.353764177706277,2020-09-08 09:00:00,2021-09-08 09:00:00,2021-09-08 09:00:00,365,1
1372,2021-09-09 09:00:00,Decision Tree,9,2.3681896462982337,2.3027188298608245,2020-09-09 09:00:00,2021-09-09 09:00:00,2021-09-09 09:00:00,365,1
1373,2021-09-09 09:00:00,Random Forest,9,2.3681896462982337,2.321636869964931,2020-09-09 09:00:00,2021-09-09 09:00:00,2021-09-09 09:00:00,365,1
1374,2021-09-09 09:00:00,Neural Network,9,2.3681896462982337,2.5153792385243294,2020-09-09 09:00:00,2021-09-09 09:00:00,2021-09-09 09:00:00,365,1
1375,2021-09-09 09:00:00,Naive,9,2.3681896462982337,2.304000993416604,2020-09-09 09:00:00,2021-09-09 09:00:00,2021-09-09 09:00:00,365,1
1376,2021-09-10 09:00:00,Decision Tree,9,2.4675579979717135,2.318264003021689,2020-09-10 09:00:00,2021-09-10 09:00:00,2021-09-10 09:00:00,365,1
1377,2021-09-10 09:00:00,Random Forest,9,2.4675579979717135,2.3338516144416235,2020-09-10 09:00:00,2021-09-10 09:00:00,2021-09-10 09:00:00,365,1
1378,2021-09-10 09:00:00,Neural Network,9,2.4675579979717135,2.6900293776539073,2020-09-10 09:00:00,2021-09-10 09:00:00,2021-09-10 09:00:00,365,1
1379,2021-09-10 09:00:00,Naive,9,2.4675579979717135,2.3681896462982337,2020-09-10 09:00:00,2021-09-10 09:00:00,2021-09-10 09:00:00,365,1
1380,2021-09-11 09:00:00,Decision Tree,9,2.361260188079808,2.394365687653248,2020-09-11 09:00:00,2021-09-11 09:00:00,2021-09-11 09:00:00,365,1
1381,2021-09-11 09:00:00,Random Forest,9,2.361260188079808,2.3079693478249927,2020-09-11 09:00:00,2021-09-11 09:00:00,2021-09-11 09:00:00,365,1
1382,2021-09-11 09:00:00,Neural Network,9,2.361260188079808,2.268988673927547,2020-09-11 09:00:00,2021-09-11 09:00:00,2021-09-11 09:00:00,365,1
1383,2021-09-11 09:00:00,Naive,9,2.361260188079808,2.4675579979717135,2020-09-11 09:00:00,2021-09-11 09:00:00,2021-09-11 09:00:00,365,1
1384,2021-09-12 09:00:00,Decision Tree,9,1.9268237115687084,2.028013580848154,2020-09-12 09:00:00,2021-09-12 09:00:00,2021-09-12 09:00:00,365,1
1385,2021-09-12 09:00:00,Random Forest,9,1.9268237115687084,2.071496150386034,2020-09-12 09:00:00,2021-09-12 09:00:00,2021-09-12 09:00:00,365,1
1386,2021-09-12 09:00:00,Neural Network,9,1.9268237115687084,1.9313553861607566,2020-09-12 09:00:00,2021-09-12 09:00:00,2021-09-12 09:00:00,365,1
1387,2021-09-12 09:00:00,Naive,9,1.9268237115687084,2.361260188079808,2020-09-12 09:00:00,2021-09-12 09:00:00,2021-09-12 09:00:00,365,1
1388,2021-09-13 09:00:00,Decision Tree,9,2.4614524618263927,2.2998113285676176,2020-09-13 09:00:00,2021-09-13 09:00:00,2021-09-13 09:00:00,365,1
1389,2021-09-13 09:00:00,Random Forest,9,2.4614524618263927,2.369177829738619,2020-09-13 09:00:00,2021-09-13 09:00:00,2021-09-13 09:00:00,365,1
1390,2021-09-13 09:00:00,Neural Network,9,2.4614524618263927,2.63380654586365,2020-09-13 09:00:00,2021-09-13 09:00:00,2021-09-13 09:00:00,365,1
1391,2021-09-13 09:00:00,Naive,9,2.4614524618263927,1.9268237115687084,2020-09-13 09:00:00,2021-09-13 09:00:00,2021-09-13 09:00:00,365,1
1392,2021-09-14 09:00:00,Decision Tree,9,2.5050929441610377,2.3304329427135673,2020-09-14 09:00:00,2021-09-14 09:00:00,2021-09-14 09:00:00,365,1
1393,2021-09-14 09:00:00,Random Forest,9,2.5050929441610377,2.3595910931647275,2020-09-14 09:00:00,2021-09-14 09:00:00,2021-09-14 09:00:00,365,1
1394,2021-09-14 09:00:00,Neural Network,9,2.5050929441610377,2.654827533620843,2020-09-14 09:00:00,2021-09-14 09:00:00,2021-09-14 09:00:00,365,1
1395,2021-09-14 09:00:00,Naive,9,2.5050929441610377,2.4614524618263927,2020-09-14 09:00:00,2021-09-14 09:00:00,2021-09-14 09:00:00,365,1
1396,2021-09-15 09:00:00,Decision Tree,9,2.706669062155734,2.4837754208377336,2020-09-15 09:00:00,2021-09-15 09:00:00,2021-09-15 09:00:00,365,1
1397,2021-09-15 09:00:00,Random Forest,9,2.706669062155734,2.4594856184208584,2020-09-15 09:00:00,2021-09-15 09:00:00,2021-09-15 09:00:00,365,1
1398,2021-09-15 09:00:00,Neural Network,9,2.706669062155734,2.9198164624081286,2020-09-15 09:00:00,2021-09-15 09:00:00,2021-09-15 09:00:00,365,1
1399,2021-09-15 09:00:00,Naive,9,2.706669062155734,2.5050929441610377,2020-09-15 09:00:00,2021-09-15 09:00:00,2021-09-15 09:00:00,365,1
1400,2021-09-16 09:00:00,Decision Tree,9,2.72086355101422,2.551471304009234,2020-09-16 09:00:00,2021-09-16 09:00:00,2021-09-16 09:00:00,365,1
1401,2021-09-16 09:00:00,Random Forest,9,2.72086355101422,2.5885411044704982,2020-09-16 09:00:00,2021-09-16 09:00:00,2021-09-16 09:00:00,365,1
1402,2021-09-16 09:00:00,Neural Network,9,2.72086355101422,2.9744246877674505,2020-09-16 09:00:00,2021-09-16 09:00:00,2021-09-16 09:00:00,365,1
1403,2021-09-16 09:00:00,Naive,9,2.72086355101422,2.706669062155734,2020-09-16 09:00:00,2021-09-16 09:00:00,2021-09-16 09:00:00,365,1
1404,2021-09-17 09:00:00,Decision Tree,9,2.642325116561374,2.624891178670823,2020-09-17 09:00:00,2021-09-17 09:00:00,2021-09-17 09:00:00,365,1
1405,2021-09-17 09:00:00,Random Forest,9,2.642325116561374,2.586050727470716,2020-09-17 09:00:00,2021-09-17 09:00:00,2021-09-17 09:00:00,365,1
1406,2021-09-17 09:00:00,Neural Network,9,2.642325116561374,2.776865873943171,2020-09-17 09:00:00,2021-09-17 09:00:00,2021-09-17 09:00:00,365,1
1407,2021-09-17 09:00:00,Naive,9,2.642325116561374,2.72086355101422,2020-09-17 09:00:00,2021-09-17 09:00:00,2021-09-17 09:00:00,365,1
1408,2021-09-18 09:00:00,Decision Tree,9,2.4250179669082303,2.3563325972377447,2020-09-18 09:00:00,2021-09-18 09:00:00,2021-09-18 09:00:00,365,1
1409,2021-09-18 09:00:00,Random Forest,9,2.4250179669082303,2.4346274245151722,2020-09-18 09:00:00,2021-09-18 09:00:00,2021-09-18 09:00:00,365,1
1410,2021-09-18 09:00:00,Neural Network,9,2.4250179669082303,2.3680440532660807,2020-09-18 09:00:00,2021-09-18 09:00:00,2021-09-18 09:00:00,365,1
1411,2021-09-18 09:00:00,Naive,9,2.4250179669082303,2.642325116561374,2020-09-18 09:00:00,2021-09-18 09:00:00,2021-09-18 09:00:00,365,1
1412,2021-09-19 09:00:00,Decision Tree,9,1.4820863418116361,1.743340812947828,2020-09-19 09:00:00,2021-09-19 09:00:00,2021-09-19 09:00:00,365,1
1413,2021-09-19 09:00:00,Random Forest,9,1.4820863418116361,1.6984857799286546,2020-09-19 09:00:00,2021-09-19 09:00:00,2021-09-19 09:00:00,365,1
1414,2021-09-19 09:00:00,Neural Network,9,1.4820863418116361,1.7943574122482748,2020-09-19 09:00:00,2021-09-19 09:00:00,2021-09-19 09:00:00,365,1
1415,2021-09-19 09:00:00,Naive,9,1.4820863418116361,2.4250179669082303,2020-09-19 09:00:00,2021-09-19 09:00:00,2021-09-19 09:00:00,365,1
1416,2021-09-20 09:00:00,Decision Tree,9,2.6107079846115306,2.65233761315089,2020-09-20 09:00:00,2021-09-20 09:00:00,2021-09-20 09:00:00,365,1
1417,2021-09-20 09:00:00,Random Forest,9,2.6107079846115306,2.5326180641593807,2020-09-20 09:00:00,2021-09-20 09:00:00,2021-09-20 09:00:00,365,1
1418,2021-09-20 09:00:00,Neural Network,9,2.6107079846115306,2.600972508226886,2020-09-20 09:00:00,2021-09-20 09:00:00,2021-09-20 09:00:00,365,1
1419,2021-09-20 09:00:00,Naive,9,2.6107079846115306,1.4820863418116361,2020-09-20 09:00:00,2021-09-20 09:00:00,2021-09-20 09:00:00,365,1
1420,2021-09-21 09:00:00,Decision Tree,9,2.5850849004285426,2.625355570646717,2020-09-21 09:00:00,2021-09-21 09:00:00,2021-09-21 09:00:00,365,1
1421,2021-09-21 09:00:00,Random Forest,9,2.5850849004285426,2.5769828703503013,2020-09-21 09:00:00,2021-09-21 09:00:00,2021-09-21 09:00:00,365,1
1422,2021-09-21 09:00:00,Neural Network,9,2.5850849004285426,2.6073211630919206,2020-09-21 09:00:00,2021-09-21 09:00:00,2021-09-21 09:00:00,365,1
1423,2021-09-21 09:00:00,Naive,9,2.5850849004285426,2.6107079846115306,2020-09-21 09:00:00,2021-09-21 09:00:00,2021-09-21 09:00:00,365,1
1424,2021-09-22 09:00:00,Decision Tree,9,2.640763322168955,2.6203217368694447,2020-09-22 09:00:00,2021-09-22 09:00:00,2021-09-22 09:00:00,365,1
1425,2021-09-22 09:00:00,Random Forest,9,2.640763322168955,2.6238850714054323,2020-09-22 09:00:00,2021-09-22 09:00:00,2021-09-22 09:00:00,365,1
1426,2021-09-22 09:00:00,Neural Network,9,2.640763322168955,2.7252684904554494,2020-09-22 09:00:00,2021-09-22 09:00:00,2021-09-22 09:00:00,365,1
1427,2021-09-22 09:00:00,Naive,9,2.640763322168955,2.5850849004285426,2020-09-22 09:00:00,2021-09-22 09:00:00,2021-09-22 09:00:00,365,1
1428,2021-09-23 09:00:00,Decision Tree,9,1.722498260804989,1.827024218635564,2020-09-23 09:00:00,2021-09-23 09:00:00,2021-09-23 09:00:00,365,1
1429,2021-09-23 09:00:00,Random Forest,9,1.722498260804989,1.8686033166257592,2020-09-23 09:00:00,2021-09-23 09:00:00,2021-09-23 09:00:00,365,1
1430,2021-09-23 09:00:00,Neural Network,9,1.722498260804989,2.089552082778728,2020-09-23 09:00:00,2021-09-23 09:00:00,2021-09-23 09:00:00,365,1
1431,2021-09-23 09:00:00,Naive,9,1.722498260804989,2.640763322168955,2020-09-23 09:00:00,2021-09-23 09:00:00,2021-09-23 09:00:00,365,1
1432,2021-09-24 09:00:00,Decision Tree,9,2.3580758822250356,2.6225930241249453,2020-09-24 09:00:00,2021-09-24 09:00:00,2021-09-24 09:00:00,365,1
1433,2021-09-24 09:00:00,Random Forest,9,2.3580758822250356,2.5250185596816497,2020-09-24 09:00:00,2021-09-24 09:00:00,2021-09-24 09:00:00,365,1
1434,2021-09-24 09:00:00,Neural Network,9,2.3580758822250356,2.3566794332433862,2020-09-24 09:00:00,2021-09-24 09:00:00,2021-09-24 09:00:00,365,1
1435,2021-09-24 09:00:00,Naive,9,2.3580758822250356,1.722498260804989,2020-09-24 09:00:00,2021-09-24 09:00:00,2021-09-24 09:00:00,365,1
1436,2021-09-25 09:00:00,Decision Tree,9,2.0868773290277067,2.066193838315001,2020-09-25 09:00:00,2021-09-25 09:00:00,2021-09-25 09:00:00,365,1
1437,2021-09-25 09:00:00,Random Forest,9,2.0868773290277067,2.1646662943023305,2020-09-25 09:00:00,2021-09-25 09:00:00,2021-09-25 09:00:00,365,1
1438,2021-09-25 09:00:00,Neural Network,9,2.0868773290277067,2.001071439256281,2020-09-25 09:00:00,2021-09-25 09:00:00,2021-09-25 09:00:00,365,1
1439,2021-09-25 09:00:00,Naive,9,2.0868773290277067,2.3580758822250356,2020-09-25 09:00:00,2021-09-25 09:00:00,2021-09-25 09:00:00,365,1
1440,2021-09-26 09:00:00,Decision Tree,9,1.9880267368320255,2.0696410867671187,2020-09-26 09:00:00,2021-09-26 09:00:00,2021-09-26 09:00:00,365,1
1441,2021-09-26 09:00:00,Random Forest,9,1.9880267368320255,2.1030391014928207,2020-09-26 09:00:00,2021-09-26 09:00:00,2021-09-26 09:00:00,365,1
1442,2021-09-26 09:00:00,Neural Network,9,1.9880267368320255,1.9985938676105106,2020-09-26 09:00:00,2021-09-26 09:00:00,2021-09-26 09:00:00,365,1
1443,2021-09-26 09:00:00,Naive,9,1.9880267368320255,2.0868773290277067,2020-09-26 09:00:00,2021-09-26 09:00:00,2021-09-26 09:00:00,365,1
1444,2021-09-27 09:00:00,Decision Tree,9,2.596225227508589,2.680967610478853,2020-09-27 09:00:00,2021-09-27 09:00:00,2021-09-27 09:00:00,365,1
1445,2021-09-27 09:00:00,Random Forest,9,2.596225227508589,2.6001961746954,2020-09-27 09:00:00,2021-09-27 09:00:00,2021-09-27 09:00:00,365,1
1446,2021-09-27 09:00:00,Neural Network,9,2.596225227508589,2.641602526408262,2020-09-27 09:00:00,2021-09-27 09:00:00,2021-09-27 09:00:00,365,1
1447,2021-09-27 09:00:00,Naive,9,2.596225227508589,1.9880267368320255,2020-09-27 09:00:00,2021-09-27 09:00:00,2021-09-27 09:00:00,365,1
1448,2021-09-28 09:00:00,Decision Tree,9,2.6416179793533505,2.6668438799838086,2020-09-28 09:00:00,2021-09-28 09:00:00,2021-09-28 09:00:00,365,1
1449,2021-09-28 09:00:00,Random Forest,9,2.6416179793533505,2.6305525999123156,2020-09-28 09:00:00,2021-09-28 09:00:00,2021-09-28 09:00:00,365,1
1450,2021-09-28 09:00:00,Neural Network,9,2.6416179793533505,2.675409142583782,2020-09-28 09:00:00,2021-09-28 09:00:00,2021-09-28 09:00:00,365,1
1451,2021-09-28 09:00:00,Naive,9,2.6416179793533505,2.596225227508589,2020-09-28 09:00:00,2021-09-28 09:00:00,2021-09-28 09:00:00,365,1
1452,2021-09-29 09:00:00,Decision Tree,9,2.6885017416148287,2.663240179893744,2020-09-29 09:00:00,2021-09-29 09:00:00,2021-09-29 09:00:00,365,1
1453,2021-09-29 09:00:00,Random Forest,9,2.6885017416148287,2.675848459842439,2020-09-29 09:00:00,2021-09-29 09:00:00,2021-09-29 09:00:00,365,1
1454,2021-09-29 09:00:00,Neural Network,9,2.6885017416148287,2.6658318884637393,2020-09-29 09:00:00,2021-09-29 09:00:00,2021-09-29 09:00:00,365,1
1455,2021-09-29 09:00:00,Naive,9,2.6885017416148287,2.6416179793533505,2020-09-29 09:00:00,2021-09-29 09:00:00,2021-09-29 09:00:00,365,1
1456,2021-09-30 09:00:00,Decision Tree,9,2.106600627756714,2.0579818939192482,2020-09-30 09:00:00,2021-09-30 09:00:00,2021-09-30 09:00:00,365,1
1457,2021-09-30 09:00:00,Random Forest,9,2.106600627756714,2.1545518347145802,2020-09-30 09:00:00,2021-09-30 09:00:00,2021-09-30 09:00:00,365,1
1458,2021-09-30 09:00:00,Neural Network,9,2.106600627756714,2.307992695581749,2020-09-30 09:00:00,2021-09-30 09:00:00,2021-09-30 09:00:00,365,1
1459,2021-09-30 09:00:00,Naive,9,2.106600627756714,2.6885017416148287,2020-09-30 09:00:00,2021-09-30 09:00:00,2021-09-30 09:00:00,365,1
