,timestamp,model,hour,y_true,y_pred,train_start,train_end,test_day,train_rows,test_rows
0,2020-10-01 10:00:00,Decision Tree,10,0.7904495756477949,0.7892566900255508,2019-10-01 10:00:00,2020-10-01 10:00:00,2020-10-01 10:00:00,366,1
1,2020-10-01 10:00:00,Random Forest,10,0.7904495756477949,0.7890527040753886,2019-10-01 10:00:00,2020-10-01 10:00:00,2020-10-01 10:00:00,366,1
2,2020-10-01 10:00:00,Neural Network,10,0.7904495756477949,0.6770588538707197,2019-10-01 10:00:00,2020-10-01 10:00:00,2020-10-01 10:00:00,366,1
3,2020-10-01 10:00:00,Naive,10,0.7904495756477949,1.092961121715309,2019-10-01 10:00:00,2020-10-01 10:00:00,2020-10-01 10:00:00,366,1
4,2020-10-02 10:00:00,Decision Tree,10,0.8180119557232554,0.792690319878212,2019-10-02 10:00:00,2020-10-02 10:00:00,2020-10-02 10:00:00,366,1
5,2020-10-02 10:00:00,Random Forest,10,0.8180119557232554,0.7946161069344801,2019-10-02 10:00:00,2020-10-02 10:00:00,2020-10-02 10:00:00,366,1
6,2020-10-02 10:00:00,Neural Network,10,0.8180119557232554,0.857153160238624,2019-10-02 10:00:00,2020-10-02 10:00:00,2020-10-02 10:00:00,366,1
7,2020-10-02 10:00:00,Naive,10,0.8180119557232554,0.7904495756477949,2019-10-02 10:00:00,2020-10-02 10:00:00,2020-10-02 10:00:00,366,1
8,2020-10-03 10:00:00,Decision Tree,10,-1.1158536451689056,-1.1066595451334849,2019-10-03 10:00:00,2020-10-03 10:00:00,2020-10-03 10:00:00,366,1
9,2020-10-03 10:00:00,Random Forest,10,-1.1158536451689056,-1.1117648466828463,2019-10-03 10:00:00,2020-10-03 10:00:00,2020-10-03 10:00:00,366,1
10,2020-10-03 10:00:00,Neural Network,10,-1.1158536451689056,-0.819461903084081,2019-10-03 10:00:00,2020-10-03 10:00:00,2020-10-03 10:00:00,366,1
11,2020-10-03 10:00:00,Naive,10,-1.1158536451689056,0.8180119557232554,2019-10-03 10:00:00,2020-10-03 10:00:00,2020-10-03 10:00:00,366,1
12,2020-10-04 10:00:00,Decision Tree,10,-1.6805157522518277,-1.6329898414313502,2019-10-04 10:00:00,2020-10-04 10:00:00,2020-10-04 10:00:00,366,1
13,2020-10-04 10:00:00,Random Forest,10,-1.6805157522518277,-1.6629089080065407,2019-10-04 10:00:00,2020-10-04 10:00:00,2020-10-04 10:00:00,366,1
14,2020-10-04 10:00:00,Neural Network,10,-1.6805157522518277,-1.5159902858482952,2019-10-04 10:00:00,2020-10-04 10:00:00,2020-10-04 10:00:00,366,1
15,2020-10-04 10:00:00,Naive,10,-1.6805157522518277,-1.1158536451689056,2019-10-04 10:00:00,2020-10-04 10:00:00,2020-10-04 10:00:00,366,1
16,2020-10-05 10:00:00,Decision Tree,10,0.37870607183953664,0.37999878287522487,2019-10-05 10:00:00,2020-10-05 10:00:00,2020-10-05 10:00:00,366,1
17,2020-10-05 10:00:00,Random Forest,10,0.37870607183953664,0.37005901386009704,2019-10-05 10:00:00,2020-10-05 10:00:00,2020-10-05 10:00:00,366,1
18,2020-10-05 10:00:00,Neural Network,10,0.37870607183953664,0.2682528486989497,2019-10-05 10:00:00,2020-10-05 10:00:00,2020-10-05 10:00:00,366,1
19,2020-10-05 10:00:00,Naive,10,0.37870607183953664,-1.6805157522518277,2019-10-05 10:00:00,2020-10-05 10:00:00,2020-10-05 10:00:00,366,1
20,2020-10-06 10:00:00,Decision Tree,10,0.11833852453725258,0.13852067973253746,2019-10-06 10:00:00,2020-10-06 10:00:00,2020-10-06 10:00:00,366,1
21,2020-10-06 10:00:00,Random Forest,10,0.11833852453725258,0.11723595123152902,2019-10-06 10:00:00,2020-10-06 10:00:00,2020-10-06 10:00:00,366,1
22,2020-10-06 10:00:00,Neural Network,10,0.11833852453725258,-0.04985264637715295,2019-10-06 10:00:00,2020-10-06 10:00:00,2020-10-06 10:00:00,366,1
23,2020-10-06 10:00:00,Naive,10,0.11833852453725258,0.37870607183953664,2019-10-06 10:00:00,2020-10-06 10:00:00,2020-10-06 10:00:00,366,1
24,2020-10-07 10:00:00,Decision Tree,10,0.6962844744571278,0.6604201715553387,2019-10-07 10:00:00,2020-10-07 10:00:00,2020-10-07 10:00:00,366,1
25,2020-10-07 10:00:00,Random Forest,10,0.6962844744571278,0.6799208271408769,2019-10-07 10:00:00,2020-10-07 10:00:00,2020-10-07 10:00:00,366,1
26,2020-10-07 10:00:00,Neural Network,10,0.6962844744571278,0.661777884185065,2019-10-07 10:00:00,2020-10-07 10:00:00,2020-10-07 10:00:00,366,1
27,2020-10-07 10:00:00,Naive,10,0.6962844744571278,0.11833852453725258,2019-10-07 10:00:00,2020-10-07 10:00:00,2020-10-07 10:00:00,366,1
28,2020-10-08 10:00:00,Decision Tree,10,0.1988493120434296,0.17838090986924038,2019-10-08 10:00:00,2020-10-08 10:00:00,2020-10-08 10:00:00,366,1
29,2020-10-08 10:00:00,Random Forest,10,0.1988493120434296,0.1909737560118388,2019-10-08 10:00:00,2020-10-08 10:00:00,2020-10-08 10:00:00,366,1
30,2020-10-08 10:00:00,Neural Network,10,0.1988493120434296,0.10723164040251792,2019-10-08 10:00:00,2020-10-08 10:00:00,2020-10-08 10:00:00,366,1
31,2020-10-08 10:00:00,Naive,10,0.1988493120434296,0.6962844744571278,2019-10-08 10:00:00,2020-10-08 10:00:00,2020-10-08 10:00:00,366,1
32,2020-10-09 10:00:00,Decision Tree,10,0.9280873639549817,0.9075109960822851,2019-10-09 10:00:00,2020-10-09 10:00:00,2020-10-09 10:00:00,366,1
33,2020-10-09 10:00:00,Random Forest,10,0.9280873639549817,0.9078240614658095,2019-10-09 10:00:00,2020-10-09 10:00:00,2020-10-09 10:00:00,366,1
34,2020-10-09 10:00:00,Neural Network,10,0.9280873639549817,0.9960168888447468,2019-10-09 10:00:00,2020-10-09 10:00:00,2020-10-09 10:00:00,366,1
35,2020-10-09 10:00:00,Naive,10,0.9280873639549817,0.1988493120434296,2019-10-09 10:00:00,2020-10-09 10:00:00,2020-10-09 10:00:00,366,1
36,2020-10-10 10:00:00,Decision Tree,10,-0.4069570087022159,-0.4191545698027092,2019-10-10 10:00:00,2020-10-10 10:00:00,2020-10-10 10:00:00,366,1
37,2020-10-10 10:00:00,Random Forest,10,-0.4069570087022159,-0.4114507041791082,2019-10-10 10:00:00,2020-10-10 10:00:00,2020-10-10 10:00:00,366,1
38,2020-10-10 10:00:00,Neural Network,10,-0.4069570087022159,-0.35540954623231774,2019-10-10 10:00:00,2020-10-10 10:00:00,2020-10-10 10:00:00,366,1
39,2020-10-10 10:00:00,Naive,10,-0.4069570087022159,0.9280873639549817,2019-10-10 10:00:00,2020-10-10 10:00:00,2020-10-10 10:00:00,366,1
40,2020-10-11 10:00:00,Decision Tree,10,-0.310393518334924,-0.3124680315649248,2019-10-11 10:00:00,2020-10-11 10:00:00,2020-10-11 10:00:00,366,1
41,2020-10-11 10:00:00,Random Forest,10,-0.310393518334924,-0.2983372307588006,2019-10-11 10:00:00,2020-10-11 10:00:00,2020-10-11 10:00:00,366,1
42,2020-10-11 10:00:00,Neural Network,10,-0.310393518334924,-0.14767831025822575,2019-10-11 10:00:00,2020-10-11 10:00:00,2020-10-11 10:00:00,366,1
43,2020-10-11 10:00:00,Naive,10,-0.310393518334924,-0.4069570087022159,2019-10-11 10:00:00,2020-10-11 10:00:00,2020-10-11 10:00:00,366,1
44,2020-10-12 10:00:00,Decision Tree,10,1.1168601992401939,1.0635137431849502,2019-10-12 10:00:00,2020-10-12 10:00:00,2020-10-12 10:00:00,366,1
45,2020-10-12 10:00:00,Random Forest,10,1.1168601992401939,1.0883904169358005,2019-10-12 10:00:00,2020-10-12 10:00:00,2020-10-12 10:00:00,366,1
46,2020-10-12 10:00:00,Neural Network,10,1.1168601992401939,1.0728047708622153,2019-10-12 10:00:00,2020-10-12 10:00:00,2020-10-12 10:00:00,366,1
47,2020-10-12 10:00:00,Naive,10,1.1168601992401939,-0.310393518334924,2019-10-12 10:00:00,2020-10-12 10:00:00,2020-10-12 10:00:00,366,1
48,2020-10-13 10:00:00,Decision Tree,10,1.101370826722317,1.0635137431849502,2019-10-13 10:00:00,2020-10-13 10:00:00,2020-10-13 10:00:00,366,1
49,2020-10-13 10:00:00,Random Forest,10,1.101370826722317,1.0800654556227156,2019-10-13 10:00:00,2020-10-13 10:00:00,2020-10-13 10:00:00,366,1
50,2020-10-13 10:00:00,Neural Network,10,1.101370826722317,1.0808652084582968,2019-10-13 10:00:00,2020-10-13 10:00:00,2020-10-13 10:00:00,366,1
51,2020-10-13 10:00:00,Naive,10,1.101370826722317,1.1168601992401939,2019-10-13 10:00:00,2020-10-13 10:00:00,2020-10-13 10:00:00,366,1
52,2020-10-14 10:00:00,Decision Tree,10,0.05519968015130784,0.04105383623796288,2019-10-14 10:00:00,2020-10-14 10:00:00,2020-10-14 10:00:00,366,1
53,2020-10-14 10:00:00,Random Forest,10,0.05519968015130784,0.04777305033184409,2019-10-14 10:00:00,2020-10-14 10:00:00,2020-10-14 10:00:00,366,1
54,2020-10-14 10:00:00,Neural Network,10,0.05519968015130784,-0.07623386646651129,2019-10-14 10:00:00,2020-10-14 10:00:00,2020-10-14 10:00:00,366,1
55,2020-10-14 10:00:00,Naive,10,0.05519968015130784,1.101370826722317,2019-10-14 10:00:00,2020-10-14 10:00:00,2020-10-14 10:00:00,366,1
56,2020-10-15 10:00:00,Decision Tree,10,0.6487391337760484,0.6246457424903891,2019-10-15 10:00:00,2020-10-15 10:00:00,2020-10-15 10:00:00,366,1
57,2020-10-15 10:00:00,Random Forest,10,0.6487391337760484,0.6241578371957798,2019-10-15 10:00:00,2020-10-15 10:00:00,2020-10-15 10:00:00,366,1
58,2020-10-15 10:00:00,Neural Network,10,0.6487391337760484,0.5587572306978326,2019-10-15 10:00:00,2020-10-15 10:00:00,2020-10-15 10:00:00,366,1
59,2020-10-15 10:00:00,Naive,10,0.6487391337760484,0.05519968015130784,2019-10-15 10:00:00,2020-10-15 10:00:00,2020-10-15 10:00:00,366,1
60,2020-10-16 10:00:00,Decision Tree,10,1.1832242008301377,1.1265036816693288,2019-10-16 10:00:00,2020-10-16 10:00:00,2020-10-16 10:00:00,366,1
61,2020-10-16 10:00:00,Random Forest,10,1.1832242008301377,1.1554090198482505,2019-10-16 10:00:00,2020-10-16 10:00:00,2020-10-16 10:00:00,366,1
62,2020-10-16 10:00:00,Neural Network,10,1.1832242008301377,1.202326783623771,2019-10-16 10:00:00,2020-10-16 10:00:00,2020-10-16 10:00:00,366,1
63,2020-10-16 10:00:00,Naive,10,1.1832242008301377,0.6487391337760484,2019-10-16 10:00:00,2020-10-16 10:00:00,2020-10-16 10:00:00,366,1
64,2020-10-17 10:00:00,Decision Tree,10,0.666396330220999,0.6264527387356214,2019-10-17 10:00:00,2020-10-17 10:00:00,2020-10-17 10:00:00,366,1
65,2020-10-17 10:00:00,Random Forest,10,0.666396330220999,0.6387019500812088,2019-10-17 10:00:00,2020-10-17 10:00:00,2020-10-17 10:00:00,366,1
66,2020-10-17 10:00:00,Neural Network,10,0.666396330220999,0.8079977439700533,2019-10-17 10:00:00,2020-10-17 10:00:00,2020-10-17 10:00:00,366,1
67,2020-10-17 10:00:00,Naive,10,0.666396330220999,1.1832242008301377,2019-10-17 10:00:00,2020-10-17 10:00:00,2020-10-17 10:00:00,366,1
68,2020-10-18 10:00:00,Decision Tree,10,-0.7729101959605328,-0.7582855250374743,2019-10-18 10:00:00,2020-10-18 10:00:00,2020-10-18 10:00:00,366,1
69,2020-10-18 10:00:00,Random Forest,10,-0.7729101959605328,-0.7599814472929245,2019-10-18 10:00:00,2020-10-18 10:00:00,2020-10-18 10:00:00,366,1
70,2020-10-18 10:00:00,Neural Network,10,-0.7729101959605328,-0.7576961073753407,2019-10-18 10:00:00,2020-10-18 10:00:00,2020-10-18 10:00:00,366,1
71,2020-10-18 10:00:00,Naive,10,-0.7729101959605328,0.666396330220999,2019-10-18 10:00:00,2020-10-18 10:00:00,2020-10-18 10:00:00,366,1
72,2020-10-19 10:00:00,Decision Tree,10,1.0245913911184041,1.0118979119314016,2019-10-19 10:00:00,2020-10-19 10:00:00,2020-10-19 10:00:00,366,1
73,2020-10-19 10:00:00,Random Forest,10,1.0245913911184041,1.0034480986125505,2019-10-19 10:00:00,2020-10-19 10:00:00,2020-10-19 10:00:00,366,1
74,2020-10-19 10:00:00,Neural Network,10,1.0245913911184041,0.9510356437689245,2019-10-19 10:00:00,2020-10-19 10:00:00,2020-10-19 10:00:00,366,1
75,2020-10-19 10:00:00,Naive,10,1.0245913911184041,-0.7729101959605328,2019-10-19 10:00:00,2020-10-19 10:00:00,2020-10-19 10:00:00,366,1
76,2020-10-20 10:00:00,Decision Tree,10,-0.0512778401034249,-0.04870183720003903,2019-10-20 10:00:00,2020-10-20 10:00:00,2020-10-20 10:00:00,366,1
77,2020-10-20 10:00:00,Random Forest,10,-0.0512778401034249,-0.06489884240750265,2019-10-20 10:00:00,2020-10-20 10:00:00,2020-10-20 10:00:00,366,1
78,2020-10-20 10:00:00,Neural Network,10,-0.0512778401034249,0.08192860813985847,2019-10-20 10:00:00,2020-10-20 10:00:00,2020-10-20 10:00:00,366,1
79,2020-10-20 10:00:00,Naive,10,-0.0512778401034249,1.0245913911184041,2019-10-20 10:00:00,2020-10-20 10:00:00,2020-10-20 10:00:00,366,1
80,2020-10-21 10:00:00,Decision Tree,10,0.562292360772986,0.5292402880593259,2019-10-21 10:00:00,2020-10-21 10:00:00,2020-10-21 10:00:00,366,1
81,2020-10-21 10:00:00,Random Forest,10,0.562292360772986,0.5236507659489626,2019-10-21 10:00:00,2020-10-21 10:00:00,2020-10-21 10:00:00,366,1
82,2020-10-21 10:00:00,Neural Network,10,0.562292360772986,0.5244238344316885,2019-10-21 10:00:00,2020-10-21 10:00:00,2020-10-21 10:00:00,366,1
83,2020-10-21 10:00:00,Naive,10,0.562292360772986,-0.0512778401034249,2019-10-21 10:00:00,2020-10-21 10:00:00,2020-10-21 10:00:00,366,1
84,2020-10-22 10:00:00,Decision Tree,10,0.4488306214200576,0.40718354376371363,2019-10-22 10:00:00,2020-10-22 10:00:00,2020-10-22 10:00:00,366,1
85,2020-10-22 10:00:00,Random Forest,10,0.4488306214200576,0.41290392295848827,2019-10-22 10:00:00,2020-10-22 10:00:00,2020-10-22 10:00:00,366,1
86,2020-10-22 10:00:00,Neural Network,10,0.4488306214200576,0.20807307221099633,2019-10-22 10:00:00,2020-10-22 10:00:00,2020-10-22 10:00:00,366,1
87,2020-10-22 10:00:00,Naive,10,0.4488306214200576,0.562292360772986,2019-10-22 10:00:00,2020-10-22 10:00:00,2020-10-22 10:00:00,366,1
88,2020-10-23 10:00:00,Decision Tree,10,1.2135775921028291,1.1220389995478857,2019-10-23 10:00:00,2020-10-23 10:00:00,2020-10-23 10:00:00,366,1
89,2020-10-23 10:00:00,Random Forest,10,1.2135775921028291,1.1687893025241696,2019-10-23 10:00:00,2020-10-23 10:00:00,2020-10-23 10:00:00,366,1
90,2020-10-23 10:00:00,Neural Network,10,1.2135775921028291,1.156838557324433,2019-10-23 10:00:00,2020-10-23 10:00:00,2020-10-23 10:00:00,366,1
91,2020-10-23 10:00:00,Naive,10,1.2135775921028291,0.4488306214200576,2019-10-23 10:00:00,2020-10-23 10:00:00,2020-10-23 10:00:00,366,1
92,2020-10-24 10:00:00,Decision Tree,10,0.33562785874623086,0.30460292267628,2019-10-24 10:00:00,2020-10-24 10:00:00,2020-10-24 10:00:00,366,1
93,2020-10-24 10:00:00,Random Forest,10,0.33562785874623086,0.3011474055112116,2019-10-24 10:00:00,2020-10-24 10:00:00,2020-10-24 10:00:00,366,1
94,2020-10-24 10:00:00,Neural Network,10,0.33562785874623086,0.006620952740929831,2019-10-24 10:00:00,2020-10-24 10:00:00,2020-10-24 10:00:00,366,1
95,2020-10-24 10:00:00,Naive,10,0.33562785874623086,1.2135775921028291,2019-10-24 10:00:00,2020-10-24 10:00:00,2020-10-24 10:00:00,366,1
96,2020-10-25 10:00:00,Decision Tree,10,-1.685287053090441,-1.6436840555305325,2019-10-25 10:00:00,2020-10-25 10:00:00,2020-10-25 10:00:00,366,1
97,2020-10-25 10:00:00,Random Forest,10,-1.685287053090441,-1.6589930782699176,2019-10-25 10:00:00,2020-10-25 10:00:00,2020-10-25 10:00:00,366,1
98,2020-10-25 10:00:00,Neural Network,10,-1.685287053090441,-1.5784854391511216,2019-10-25 10:00:00,2020-10-25 10:00:00,2020-10-25 10:00:00,366,1
99,2020-10-25 10:00:00,Naive,10,-1.685287053090441,0.33562785874623086,2019-10-25 10:00:00,2020-10-25 10:00:00,2020-10-25 10:00:00,366,1
100,2020-10-26 10:00:00,Decision Tree,10,0.832104502804393,0.7860400485908544,2019-10-26 10:00:00,2020-10-26 10:00:00,2020-10-26 10:00:00,366,1
101,2020-10-26 10:00:00,Random Forest,10,0.832104502804393,0.7844281660249323,2019-10-26 10:00:00,2020-10-26 10:00:00,2020-10-26 10:00:00,366,1
102,2020-10-26 10:00:00,Neural Network,10,0.832104502804393,0.9785894142663618,2019-10-26 10:00:00,2020-10-26 10:00:00,2020-10-26 10:00:00,366,1
103,2020-10-26 10:00:00,Naive,10,0.832104502804393,-1.685287053090441,2019-10-26 10:00:00,2020-10-26 10:00:00,2020-10-26 10:00:00,366,1
104,2020-10-27 10:00:00,Decision Tree,10,0.04867784368622554,0.022688524842467007,2019-10-27 10:00:00,2020-10-27 10:00:00,2020-10-27 10:00:00,366,1
105,2020-10-27 10:00:00,Random Forest,10,0.04867784368622554,0.019694788352686537,2019-10-27 10:00:00,2020-10-27 10:00:00,2020-10-27 10:00:00,366,1
106,2020-10-27 10:00:00,Neural Network,10,0.04867784368622554,0.21848990570547105,2019-10-27 10:00:00,2020-10-27 10:00:00,2020-10-27 10:00:00,366,1
107,2020-10-27 10:00:00,Naive,10,0.04867784368622554,0.832104502804393,2019-10-27 10:00:00,2020-10-27 10:00:00,2020-10-27 10:00:00,366,1
108,2020-10-28 10:00:00,Decision Tree,10,0.41064473785416755,0.35338504333074594,2019-10-28 10:00:00,2020-10-28 10:00:00,2020-10-28 10:00:00,366,1
109,2020-10-28 10:00:00,Random Forest,10,0.41064473785416755,0.37065129134436686,2019-10-28 10:00:00,2020-10-28 10:00:00,2020-10-28 10:00:00,366,1
110,2020-10-28 10:00:00,Neural Network,10,0.41064473785416755,0.2587028496818605,2019-10-28 10:00:00,2020-10-28 10:00:00,2020-10-28 10:00:00,366,1
111,2020-10-28 10:00:00,Naive,10,0.41064473785416755,0.04867784368622554,2019-10-28 10:00:00,2020-10-28 10:00:00,2020-10-28 10:00:00,366,1
112,2020-10-29 10:00:00,Decision Tree,10,-0.19571685828167365,-0.21277944278798439,2019-10-29 10:00:00,2020-10-29 10:00:00,2020-10-29 10:00:00,366,1
113,2020-10-29 10:00:00,Random Forest,10,-0.19571685828167365,-0.213621049851609,2019-10-29 10:00:00,2020-10-29 10:00:00,2020-10-29 10:00:00,366,1
114,2020-10-29 10:00:00,Neural Network,10,-0.19571685828167365,-0.11343727219967446,2019-10-29 10:00:00,2020-10-29 10:00:00,2020-10-29 10:00:00,366,1
115,2020-10-29 10:00:00,Naive,10,-0.19571685828167365,0.41064473785416755,2019-10-29 10:00:00,2020-10-29 10:00:00,2020-10-29 10:00:00,366,1
116,2020-10-30 10:00:00,Decision Tree,10,-0.21280270336477553,-0.25607899729594774,2019-10-30 10:00:00,2020-10-30 10:00:00,2020-10-30 10:00:00,366,1
117,2020-10-30 10:00:00,Random Forest,10,-0.21280270336477553,-0.20670885075828746,2019-10-30 10:00:00,2020-10-30 10:00:00,2020-10-30 10:00:00,366,1
118,2020-10-30 10:00:00,Neural Network,10,-0.21280270336477553,-0.11027150008717404,2019-10-30 10:00:00,2020-10-30 10:00:00,2020-10-30 10:00:00,366,1
119,2020-10-30 10:00:00,Naive,10,-0.21280270336477553,-0.19571685828167365,2019-10-30 10:00:00,2020-10-30 10:00:00,2020-10-30 10:00:00,366,1
120,2020-10-31 10:00:00,Decision Tree,10,0.06536741318252151,0.0243518861957752,2019-10-31 10:00:00,2020-10-31 10:00:00,2020-10-31 10:00:00,366,1
121,2020-10-31 10:00:00,Random Forest,10,0.06536741318252151,0.03604892727716009,2019-10-31 10:00:00,2020-10-31 10:00:00,2020-10-31 10:00:00,366,1
122,2020-10-31 10:00:00,Neural Network,10,0.06536741318252151,0.28425155030981547,2019-10-31 10:00:00,2020-10-31 10:00:00,2020-10-31 10:00:00,366,1
123,2020-10-31 10:00:00,Naive,10,0.06536741318252151,-0.21280270336477553,2019-10-31 10:00:00,2020-10-31 10:00:00,2020-10-31 10:00:00,366,1
124,2020-11-01 10:00:00,Decision Tree,10,-0.6609252820040795,-0.6503888900064384,2019-11-01 10:00:00,2020-11-01 10:00:00,2020-11-01 10:00:00,366,1
125,2020-11-01 10:00:00,Random Forest,10,-0.6609252820040795,-0.6485493739476392,2019-11-01 10:00:00,2020-11-01 10:00:00,2020-11-01 10:00:00,366,1
126,2020-11-01 10:00:00,Neural Network,10,-0.6609252820040795,-0.8465586251971219,2019-11-01 10:00:00,2020-11-01 10:00:00,2020-11-01 10:00:00,366,1
127,2020-11-01 10:00:00,Naive,10,-0.6609252820040795,0.06536741318252151,2019-11-01 10:00:00,2020-11-01 10:00:00,2020-11-01 10:00:00,366,1
128,2020-11-02 10:00:00,Decision Tree,10,-0.40043421799347884,-0.4128081428203027,2019-11-02 10:00:00,2020-11-02 10:00:00,2020-11-02 10:00:00,366,1
129,2020-11-02 10:00:00,Random Forest,10,-0.40043421799347884,-0.41704558130285224,2019-11-02 10:00:00,2020-11-02 10:00:00,2020-11-02 10:00:00,366,1
130,2020-11-02 10:00:00,Neural Network,10,-0.40043421799347884,-0.40522310228715186,2019-11-02 10:00:00,2020-11-02 10:00:00,2020-11-02 10:00:00,366,1
131,2020-11-02 10:00:00,Naive,10,-0.40043421799347884,-0.6609252820040795,2019-11-02 10:00:00,2020-11-02 10:00:00,2020-11-02 10:00:00,366,1
132,2020-11-03 10:00:00,Decision Tree,10,0.14598323058628207,0.07536894032922513,2019-11-03 10:00:00,2020-11-03 10:00:00,2020-11-03 10:00:00,366,1
133,2020-11-03 10:00:00,Random Forest,10,0.14598323058628207,0.10071579948904776,2019-11-03 10:00:00,2020-11-03 10:00:00,2020-11-03 10:00:00,366,1
134,2020-11-03 10:00:00,Neural Network,10,0.14598323058628207,0.4436296930730974,2019-11-03 10:00:00,2020-11-03 10:00:00,2020-11-03 10:00:00,366,1
135,2020-11-03 10:00:00,Naive,10,0.14598323058628207,-0.40043421799347884,2019-11-03 10:00:00,2020-11-03 10:00:00,2020-11-03 10:00:00,366,1
136,2020-11-04 10:00:00,Decision Tree,10,0.21837626560366166,0.1900203937863838,2019-11-04 10:00:00,2020-11-04 10:00:00,2020-11-04 10:00:00,366,1
137,2020-11-04 10:00:00,Random Forest,10,0.21837626560366166,0.1579309832626233,2019-11-04 10:00:00,2020-11-04 10:00:00,2020-11-04 10:00:00,366,1
138,2020-11-04 10:00:00,Neural Network,10,0.21837626560366166,0.4785007368758562,2019-11-04 10:00:00,2020-11-04 10:00:00,2020-11-04 10:00:00,366,1
139,2020-11-04 10:00:00,Naive,10,0.21837626560366166,0.14598323058628207,2019-11-04 10:00:00,2020-11-04 10:00:00,2020-11-04 10:00:00,366,1
140,2020-11-05 10:00:00,Decision Tree,10,0.35957714307234584,0.30954860374221027,2019-11-05 10:00:00,2020-11-05 10:00:00,2020-11-05 10:00:00,366,1
141,2020-11-05 10:00:00,Random Forest,10,0.35957714307234584,0.32220772816496157,2019-11-05 10:00:00,2020-11-05 10:00:00,2020-11-05 10:00:00,366,1
142,2020-11-05 10:00:00,Neural Network,10,0.35957714307234584,0.49100295713759207,2019-11-05 10:00:00,2020-11-05 10:00:00,2020-11-05 10:00:00,366,1
143,2020-11-05 10:00:00,Naive,10,0.35957714307234584,0.21837626560366166,2019-11-05 10:00:00,2020-11-05 10:00:00,2020-11-05 10:00:00,366,1
144,2020-11-06 10:00:00,Decision Tree,10,0.6514599832889377,0.6264527387356214,2019-11-06 10:00:00,2020-11-06 10:00:00,2020-11-06 10:00:00,366,1
145,2020-11-06 10:00:00,Random Forest,10,0.6514599832889377,0.5952810621539667,2019-11-06 10:00:00,2020-11-06 10:00:00,2020-11-06 10:00:00,366,1
146,2020-11-06 10:00:00,Neural Network,10,0.6514599832889377,0.7737046107586646,2019-11-06 10:00:00,2020-11-06 10:00:00,2020-11-06 10:00:00,366,1
147,2020-11-06 10:00:00,Naive,10,0.6514599832889377,0.35957714307234584,2019-11-06 10:00:00,2020-11-06 10:00:00,2020-11-06 10:00:00,366,1
148,2020-11-07 10:00:00,Decision Tree,10,-0.24570939331405933,-0.27470278149452076,2019-11-07 10:00:00,2020-11-07 10:00:00,2020-11-07 10:00:00,366,1
149,2020-11-07 10:00:00,Random Forest,10,-0.24570939331405933,-0.272999840038964,2019-11-07 10:00:00,2020-11-07 10:00:00,2020-11-07 10:00:00,366,1
150,2020-11-07 10:00:00,Neural Network,10,-0.24570939331405933,0.042786792366048765,2019-11-07 10:00:00,2020-11-07 10:00:00,2020-11-07 10:00:00,366,1
151,2020-11-07 10:00:00,Naive,10,-0.24570939331405933,0.6514599832889377,2019-11-07 10:00:00,2020-11-07 10:00:00,2020-11-07 10:00:00,366,1
152,2020-11-08 10:00:00,Decision Tree,10,-0.21177649858181466,-0.27056086889731196,2019-11-08 10:00:00,2020-11-08 10:00:00,2020-11-08 10:00:00,366,1
153,2020-11-08 10:00:00,Random Forest,10,-0.21177649858181466,-0.24651915329644036,2019-11-08 10:00:00,2020-11-08 10:00:00,2020-11-08 10:00:00,366,1
154,2020-11-08 10:00:00,Neural Network,10,-0.21177649858181466,0.04301049845021285,2019-11-08 10:00:00,2020-11-08 10:00:00,2020-11-08 10:00:00,366,1
155,2020-11-08 10:00:00,Naive,10,-0.21177649858181466,-0.24570939331405933,2019-11-08 10:00:00,2020-11-08 10:00:00,2020-11-08 10:00:00,366,1
156,2020-11-09 10:00:00,Decision Tree,10,0.7504567127926329,0.6936586080322966,2019-11-09 10:00:00,2020-11-09 10:00:00,2020-11-09 10:00:00,366,1
157,2020-11-09 10:00:00,Random Forest,10,0.7504567127926329,0.6780951762999905,2019-11-09 10:00:00,2020-11-09 10:00:00,2020-11-09 10:00:00,366,1
158,2020-11-09 10:00:00,Neural Network,10,0.7504567127926329,0.9228551032575719,2019-11-09 10:00:00,2020-11-09 10:00:00,2020-11-09 10:00:00,366,1
159,2020-11-09 10:00:00,Naive,10,0.7504567127926329,-0.21177649858181466,2019-11-09 10:00:00,2020-11-09 10:00:00,2020-11-09 10:00:00,366,1
160,2020-11-10 10:00:00,Decision Tree,10,1.0707026537371978,1.007106268336979,2019-11-10 10:00:00,2020-11-10 10:00:00,2020-11-10 10:00:00,366,1
161,2020-11-10 10:00:00,Random Forest,10,1.0707026537371978,1.020885767295799,2019-11-10 10:00:00,2020-11-10 10:00:00,2020-11-10 10:00:00,366,1
162,2020-11-10 10:00:00,Neural Network,10,1.0707026537371978,1.171175409315192,2019-11-10 10:00:00,2020-11-10 10:00:00,2020-11-10 10:00:00,366,1
163,2020-11-10 10:00:00,Naive,10,1.0707026537371978,0.7504567127926329,2019-11-10 10:00:00,2020-11-10 10:00:00,2020-11-10 10:00:00,366,1
164,2020-11-11 10:00:00,Decision Tree,10,0.9271929785365308,0.8835954141317188,2019-11-11 10:00:00,2020-11-11 10:00:00,2020-11-11 10:00:00,366,1
165,2020-11-11 10:00:00,Random Forest,10,0.9271929785365308,0.8612100478420761,2019-11-11 10:00:00,2020-11-11 10:00:00,2020-11-11 10:00:00,366,1
166,2020-11-11 10:00:00,Neural Network,10,0.9271929785365308,1.0619240194349497,2019-11-11 10:00:00,2020-11-11 10:00:00,2020-11-11 10:00:00,366,1
167,2020-11-11 10:00:00,Naive,10,0.9271929785365308,1.0707026537371978,2019-11-11 10:00:00,2020-11-11 10:00:00,2020-11-11 10:00:00,366,1
168,2020-11-12 10:00:00,Decision Tree,10,0.6099717375738164,0.5527879183961593,2019-11-12 10:00:00,2020-11-12 10:00:00,2020-11-12 10:00:00,366,1
169,2020-11-12 10:00:00,Random Forest,10,0.6099717375738164,0.5492812658873053,2019-11-12 10:00:00,2020-11-12 10:00:00,2020-11-12 10:00:00,366,1
170,2020-11-12 10:00:00,Neural Network,10,0.6099717375738164,0.5878957847853635,2019-11-12 10:00:00,2020-11-12 10:00:00,2020-11-12 10:00:00,366,1
171,2020-11-12 10:00:00,Naive,10,0.6099717375738164,0.9271929785365308,2019-11-12 10:00:00,2020-11-12 10:00:00,2020-11-12 10:00:00,366,1
172,2020-11-13 10:00:00,Decision Tree,10,0.6621233103745587,0.6306206128278409,2019-11-13 10:00:00,2020-11-13 10:00:00,2020-11-13 10:00:00,366,1
173,2020-11-13 10:00:00,Random Forest,10,0.6621233103745587,0.625069260743643,2019-11-13 10:00:00,2020-11-13 10:00:00,2020-11-13 10:00:00,366,1
174,2020-11-13 10:00:00,Neural Network,10,0.6621233103745587,0.6530525286055608,2019-11-13 10:00:00,2020-11-13 10:00:00,2020-11-13 10:00:00,366,1
175,2020-11-13 10:00:00,Naive,10,0.6621233103745587,0.6099717375738164,2019-11-13 10:00:00,2020-11-13 10:00:00,2020-11-13 10:00:00,366,1
176,2020-11-14 10:00:00,Decision Tree,10,0.42049556180845815,0.34685845310219965,2019-11-14 10:00:00,2020-11-14 10:00:00,2020-11-14 10:00:00,366,1
177,2020-11-14 10:00:00,Random Forest,10,0.42049556180845815,0.35178947659771154,2019-11-14 10:00:00,2020-11-14 10:00:00,2020-11-14 10:00:00,366,1
178,2020-11-14 10:00:00,Neural Network,10,0.42049556180845815,0.5230105736099212,2019-11-14 10:00:00,2020-11-14 10:00:00,2020-11-14 10:00:00,366,1
179,2020-11-14 10:00:00,Naive,10,0.42049556180845815,0.6621233103745587,2019-11-14 10:00:00,2020-11-14 10:00:00,2020-11-14 10:00:00,366,1
180,2020-11-15 10:00:00,Decision Tree,10,-1.3222298084847095,-1.2744147117229905,2019-11-15 10:00:00,2020-11-15 10:00:00,2020-11-15 10:00:00,366,1
181,2020-11-15 10:00:00,Random Forest,10,-1.3222298084847095,-1.2962885073425428,2019-11-15 10:00:00,2020-11-15 10:00:00,2020-11-15 10:00:00,366,1
182,2020-11-15 10:00:00,Neural Network,10,-1.3222298084847095,-1.1885986103368542,2019-11-15 10:00:00,2020-11-15 10:00:00,2020-11-15 10:00:00,366,1
183,2020-11-15 10:00:00,Naive,10,-1.3222298084847095,0.42049556180845815,2019-11-15 10:00:00,2020-11-15 10:00:00,2020-11-15 10:00:00,366,1
184,2020-11-16 10:00:00,Decision Tree,10,-0.02211264901876692,-0.06296524131196747,2019-11-16 10:00:00,2020-11-16 10:00:00,2020-11-16 10:00:00,366,1
185,2020-11-16 10:00:00,Random Forest,10,-0.02211264901876692,-0.07260573996139627,2019-11-16 10:00:00,2020-11-16 10:00:00,2020-11-16 10:00:00,366,1
186,2020-11-16 10:00:00,Neural Network,10,-0.02211264901876692,0.02152517366871673,2019-11-16 10:00:00,2020-11-16 10:00:00,2020-11-16 10:00:00,366,1
187,2020-11-16 10:00:00,Naive,10,-0.02211264901876692,-1.3222298084847095,2019-11-16 10:00:00,2020-11-16 10:00:00,2020-11-16 10:00:00,366,1
188,2020-11-17 10:00:00,Decision Tree,10,0.4269700583741391,0.3835618623008447,2019-11-17 10:00:00,2020-11-17 10:00:00,2020-11-17 10:00:00,366,1
189,2020-11-17 10:00:00,Random Forest,10,0.4269700583741391,0.37683772287690165,2019-11-17 10:00:00,2020-11-17 10:00:00,2020-11-17 10:00:00,366,1
190,2020-11-17 10:00:00,Neural Network,10,0.4269700583741391,0.34705240304668017,2019-11-17 10:00:00,2020-11-17 10:00:00,2020-11-17 10:00:00,366,1
191,2020-11-17 10:00:00,Naive,10,0.4269700583741391,-0.02211264901876692,2019-11-17 10:00:00,2020-11-17 10:00:00,2020-11-17 10:00:00,366,1
192,2020-11-18 10:00:00,Decision Tree,10,0.5969401388783101,0.5149596879144314,2019-11-18 10:00:00,2020-11-18 10:00:00,2020-11-18 10:00:00,366,1
193,2020-11-18 10:00:00,Random Forest,10,0.5969401388783101,0.5232205430477331,2019-11-18 10:00:00,2020-11-18 10:00:00,2020-11-18 10:00:00,366,1
194,2020-11-18 10:00:00,Neural Network,10,0.5969401388783101,0.37609963525063933,2019-11-18 10:00:00,2020-11-18 10:00:00,2020-11-18 10:00:00,366,1
195,2020-11-18 10:00:00,Naive,10,0.5969401388783101,0.4269700583741391,2019-11-18 10:00:00,2020-11-18 10:00:00,2020-11-18 10:00:00,366,1
196,2020-11-19 10:00:00,Decision Tree,10,-0.3840071042676839,-0.4113652419149457,2019-11-19 10:00:00,2020-11-19 10:00:00,2020-11-19 10:00:00,366,1
197,2020-11-19 10:00:00,Random Forest,10,-0.3840071042676839,-0.4084111533325618,2019-11-19 10:00:00,2020-11-19 10:00:00,2020-11-19 10:00:00,366,1
198,2020-11-19 10:00:00,Neural Network,10,-0.3840071042676839,-0.2538558277449278,2019-11-19 10:00:00,2020-11-19 10:00:00,2020-11-19 10:00:00,366,1
199,2020-11-19 10:00:00,Naive,10,-0.3840071042676839,0.5969401388783101,2019-11-19 10:00:00,2020-11-19 10:00:00,2020-11-19 10:00:00,366,1
200,2020-11-20 10:00:00,Decision Tree,10,0.8437967588629203,0.7327495252886761,2019-11-20 10:00:00,2020-11-20 10:00:00,2020-11-20 10:00:00,366,1
201,2020-11-20 10:00:00,Random Forest,10,0.8437967588629203,0.7695870645016093,2019-11-20 10:00:00,2020-11-20 10:00:00,2020-11-20 10:00:00,366,1
202,2020-11-20 10:00:00,Neural Network,10,0.8437967588629203,0.7405342058009537,2019-11-20 10:00:00,2020-11-20 10:00:00,2020-11-20 10:00:00,366,1
203,2020-11-20 10:00:00,Naive,10,0.8437967588629203,-0.3840071042676839,2019-11-20 10:00:00,2020-11-20 10:00:00,2020-11-20 10:00:00,366,1
204,2020-11-21 10:00:00,Decision Tree,10,-0.5209149927055539,-0.5453934828687724,2019-11-21 10:00:00,2020-11-21 10:00:00,2020-11-21 10:00:00,366,1
205,2020-11-21 10:00:00,Random Forest,10,-0.5209149927055539,-0.5505214287044882,2019-11-21 10:00:00,2020-11-21 10:00:00,2020-11-21 10:00:00,366,1
206,2020-11-21 10:00:00,Neural Network,10,-0.5209149927055539,-0.5764186167968073,2019-11-21 10:00:00,2020-11-21 10:00:00,2020-11-21 10:00:00,366,1
207,2020-11-21 10:00:00,Naive,10,-0.5209149927055539,0.8437967588629203,2019-11-21 10:00:00,2020-11-21 10:00:00,2020-11-21 10:00:00,366,1
208,2020-11-22 10:00:00,Decision Tree,10,-0.5840161313523045,-0.6262730351653695,2019-11-22 10:00:00,2020-11-22 10:00:00,2020-11-22 10:00:00,366,1
209,2020-11-22 10:00:00,Random Forest,10,-0.5840161313523045,-0.6000718919649086,2019-11-22 10:00:00,2020-11-22 10:00:00,2020-11-22 10:00:00,366,1
210,2020-11-22 10:00:00,Neural Network,10,-0.5840161313523045,-0.5969998285793774,2019-11-22 10:00:00,2020-11-22 10:00:00,2020-11-22 10:00:00,366,1
211,2020-11-22 10:00:00,Naive,10,-0.5840161313523045,-0.5209149927055539,2019-11-22 10:00:00,2020-11-22 10:00:00,2020-11-22 10:00:00,366,1
212,2020-11-23 10:00:00,Decision Tree,10,0.7339265824047883,0.6585776890128647,2019-11-23 10:00:00,2020-11-23 10:00:00,2020-11-23 10:00:00,366,1
213,2020-11-23 10:00:00,Random Forest,10,0.7339265824047883,0.645867603267634,2019-11-23 10:00:00,2020-11-23 10:00:00,2020-11-23 10:00:00,366,1
214,2020-11-23 10:00:00,Neural Network,10,0.7339265824047883,0.7091364050463751,2019-11-23 10:00:00,2020-11-23 10:00:00,2020-11-23 10:00:00,366,1
215,2020-11-23 10:00:00,Naive,10,0.7339265824047883,-0.5840161313523045,2019-11-23 10:00:00,2020-11-23 10:00:00,2020-11-23 10:00:00,366,1
216,2020-11-24 10:00:00,Decision Tree,10,0.6618617323273123,0.5591201591190738,2019-11-24 10:00:00,2020-11-24 10:00:00,2020-11-24 10:00:00,366,1
217,2020-11-24 10:00:00,Random Forest,10,0.6618617323273123,0.5688361067102761,2019-11-24 10:00:00,2020-11-24 10:00:00,2020-11-24 10:00:00,366,1
218,2020-11-24 10:00:00,Neural Network,10,0.6618617323273123,0.6991640321103723,2019-11-24 10:00:00,2020-11-24 10:00:00,2020-11-24 10:00:00,366,1
219,2020-11-24 10:00:00,Naive,10,0.6618617323273123,0.7339265824047883,2019-11-24 10:00:00,2020-11-24 10:00:00,2020-11-24 10:00:00,366,1
220,2020-11-25 10:00:00,Decision Tree,10,1.0247669310817928,0.8903043552351193,2019-11-25 10:00:00,2020-11-25 10:00:00,2020-11-25 10:00:00,366,1
221,2020-11-25 10:00:00,Random Forest,10,1.0247669310817928,0.9207010475407772,2019-11-25 10:00:00,2020-11-25 10:00:00,2020-11-25 10:00:00,366,1
222,2020-11-25 10:00:00,Neural Network,10,1.0247669310817928,0.8687780121903852,2019-11-25 10:00:00,2020-11-25 10:00:00,2020-11-25 10:00:00,366,1
223,2020-11-25 10:00:00,Naive,10,1.0247669310817928,0.6618617323273123,2019-11-25 10:00:00,2020-11-25 10:00:00,2020-11-25 10:00:00,366,1
224,2020-11-26 10:00:00,Decision Tree,10,1.3293596782369184,1.1401265568474725,2019-11-26 10:00:00,2020-11-26 10:00:00,2020-11-26 10:00:00,366,1
225,2020-11-26 10:00:00,Random Forest,10,1.3293596782369184,1.2277252975056638,2019-11-26 10:00:00,2020-11-26 10:00:00,2020-11-26 10:00:00,366,1
226,2020-11-26 10:00:00,Neural Network,10,1.3293596782369184,1.3464409186588915,2019-11-26 10:00:00,2020-11-26 10:00:00,2020-11-26 10:00:00,366,1
227,2020-11-26 10:00:00,Naive,10,1.3293596782369184,1.0247669310817928,2019-11-26 10:00:00,2020-11-26 10:00:00,2020-11-26 10:00:00,366,1
228,2020-11-27 10:00:00,Decision Tree,10,1.8861015847994873,1.3893666351679683,2019-11-27 10:00:00,2020-11-27 10:00:00,2020-11-27 10:00:00,366,1
229,2020-11-27 10:00:00,Random Forest,10,1.8861015847994873,1.4449691152463047,2019-11-27 10:00:00,2020-11-27 10:00:00,2020-11-27 10:00:00,366,1
230,2020-11-27 10:00:00,Neural Network,10,1.8861015847994873,2.2542693509255365,2019-11-27 10:00:00,2020-11-27 10:00:00,2020-11-27 10:00:00,366,1
231,2020-11-27 10:00:00,Naive,10,1.8861015847994873,1.3293596782369184,2019-11-27 10:00:00,2020-11-27 10:00:00,2020-11-27 10:00:00,366,1
232,2020-11-28 10:00:00,Decision Tree,10,0.9791249245987793,0.8903043552351193,2019-11-28 10:00:00,2020-11-28 10:00:00,2020-11-28 10:00:00,366,1
233,2020-11-28 10:00:00,Random Forest,10,0.9791249245987793,0.900397169840973,2019-11-28 10:00:00,2020-11-28 10:00:00,2020-11-28 10:00:00,366,1
234,2020-11-28 10:00:00,Neural Network,10,0.9791249245987793,0.9398533060712261,2019-11-28 10:00:00,2020-11-28 10:00:00,2020-11-28 10:00:00,366,1
235,2020-11-28 10:00:00,Naive,10,0.9791249245987793,1.8861015847994873,2019-11-28 10:00:00,2020-11-28 10:00:00,2020-11-28 10:00:00,366,1
236,2020-11-29 10:00:00,Decision Tree,10,0.6930631630589961,0.6351209981916577,2019-11-29 10:00:00,2020-11-29 10:00:00,2020-11-29 10:00:00,366,1
237,2020-11-29 10:00:00,Random Forest,10,0.6930631630589961,0.635047361713765,2019-11-29 10:00:00,2020-11-29 10:00:00,2020-11-29 10:00:00,366,1
238,2020-11-29 10:00:00,Neural Network,10,0.6930631630589961,0.48889566650337474,2019-11-29 10:00:00,2020-11-29 10:00:00,2020-11-29 10:00:00,366,1
239,2020-11-29 10:00:00,Naive,10,0.6930631630589961,0.9791249245987793,2019-11-29 10:00:00,2020-11-29 10:00:00,2020-11-29 10:00:00,366,1
240,2020-11-30 10:00:00,Decision Tree,10,1.4537494597795801,1.3044162036770834,2019-11-30 10:00:00,2020-11-30 10:00:00,2020-11-30 10:00:00,366,1
241,2020-11-30 10:00:00,Random Forest,10,1.4537494597795801,1.3577341711350388,2019-11-30 10:00:00,2020-11-30 10:00:00,2020-11-30 10:00:00,366,1
242,2020-11-30 10:00:00,Neural Network,10,1.4537494597795801,1.4069987488854814,2019-11-30 10:00:00,2020-11-30 10:00:00,2020-11-30 10:00:00,366,1
243,2020-11-30 10:00:00,Naive,10,1.4537494597795801,0.6930631630589961,2019-11-30 10:00:00,2020-11-30 10:00:00,2020-11-30 10:00:00,366,1
244,2020-12-01 10:00:00,Decision Tree,10,1.525601382559365,1.553678290450894,2019-12-01 10:00:00,2020-12-01 10:00:00,2020-12-01 10:00:00,366,1
245,2020-12-01 10:00:00,Random Forest,10,1.525601382559365,1.4458478638697514,2019-12-01 10:00:00,2020-12-01 10:00:00,2020-12-01 10:00:00,366,1
246,2020-12-01 10:00:00,Neural Network,10,1.525601382559365,1.5612117858555423,2019-12-01 10:00:00,2020-12-01 10:00:00,2020-12-01 10:00:00,366,1
247,2020-12-01 10:00:00,Naive,10,1.525601382559365,1.4537494597795801,2019-12-01 10:00:00,2020-12-01 10:00:00,2020-12-01 10:00:00,366,1
248,2020-12-02 10:00:00,Decision Tree,10,2.290381548749452,1.5998739595474343,2019-12-02 10:00:00,2020-12-02 10:00:00,2020-12-02 10:00:00,366,1
249,2020-12-02 10:00:00,Random Forest,10,2.290381548749452,1.6245876492495976,2019-12-02 10:00:00,2020-12-02 10:00:00,2020-12-02 10:00:00,366,1
250,2020-12-02 10:00:00,Neural Network,10,2.290381548749452,3.0112410312262257,2019-12-02 10:00:00,2020-12-02 10:00:00,2020-12-02 10:00:00,366,1
251,2020-12-02 10:00:00,Naive,10,2.290381548749452,1.525601382559365,2019-12-02 10:00:00,2020-12-02 10:00:00,2020-12-02 10:00:00,366,1
252,2020-12-03 10:00:00,Decision Tree,10,1.4607414888241965,1.6422565842517725,2019-12-03 10:00:00,2020-12-03 10:00:00,2020-12-03 10:00:00,366,1
253,2020-12-03 10:00:00,Random Forest,10,1.4607414888241965,1.4235013593888226,2019-12-03 10:00:00,2020-12-03 10:00:00,2020-12-03 10:00:00,366,1
254,2020-12-03 10:00:00,Neural Network,10,1.4607414888241965,1.2733147551250754,2019-12-03 10:00:00,2020-12-03 10:00:00,2020-12-03 10:00:00,366,1
255,2020-12-03 10:00:00,Naive,10,1.4607414888241965,2.290381548749452,2019-12-03 10:00:00,2020-12-03 10:00:00,2020-12-03 10:00:00,366,1
256,2020-12-04 10:00:00,Decision Tree,10,0.16430275555640214,0.06592990112632038,2019-12-04 10:00:00,2020-12-04 10:00:00,2020-12-04 10:00:00,366,1
257,2020-12-04 10:00:00,Random Forest,10,0.16430275555640214,0.10095241214603419,2019-12-04 10:00:00,2020-12-04 10:00:00,2020-12-04 10:00:00,366,1
258,2020-12-04 10:00:00,Neural Network,10,0.16430275555640214,0.25956468003504596,2019-12-04 10:00:00,2020-12-04 10:00:00,2020-12-04 10:00:00,366,1
259,2020-12-04 10:00:00,Naive,10,0.16430275555640214,1.4607414888241965,2019-12-04 10:00:00,2020-12-04 10:00:00,2020-12-04 10:00:00,366,1
260,2020-12-05 10:00:00,Decision Tree,10,1.0820608117083415,1.0187144180719836,2019-12-05 10:00:00,2020-12-05 10:00:00,2020-12-05 10:00:00,366,1
261,2020-12-05 10:00:00,Random Forest,10,1.0820608117083415,1.0126775528599352,2019-12-05 10:00:00,2020-12-05 10:00:00,2020-12-05 10:00:00,366,1
262,2020-12-05 10:00:00,Neural Network,10,1.0820608117083415,0.9988706408032376,2019-12-05 10:00:00,2020-12-05 10:00:00,2020-12-05 10:00:00,366,1
263,2020-12-05 10:00:00,Naive,10,1.0820608117083415,0.16430275555640214,2019-12-05 10:00:00,2020-12-05 10:00:00,2020-12-05 10:00:00,366,1
264,2020-12-06 10:00:00,Decision Tree,10,0.9676678036652726,0.9014069264055767,2019-12-06 10:00:00,2020-12-06 10:00:00,2020-12-06 10:00:00,366,1
265,2020-12-06 10:00:00,Random Forest,10,0.9676678036652726,0.906262272566194,2019-12-06 10:00:00,2020-12-06 10:00:00,2020-12-06 10:00:00,366,1
266,2020-12-06 10:00:00,Neural Network,10,0.9676678036652726,0.9391481375403,2019-12-06 10:00:00,2020-12-06 10:00:00,2020-12-06 10:00:00,366,1
267,2020-12-06 10:00:00,Naive,10,0.9676678036652726,1.0820608117083415,2019-12-06 10:00:00,2020-12-06 10:00:00,2020-12-06 10:00:00,366,1
268,2020-12-07 10:00:00,Decision Tree,10,0.26531168946001354,0.20448350224460532,2019-12-07 10:00:00,2020-12-07 10:00:00,2020-12-07 10:00:00,366,1
269,2020-12-07 10:00:00,Random Forest,10,0.26531168946001354,0.20476263319744736,2019-12-07 10:00:00,2020-12-07 10:00:00,2020-12-07 10:00:00,366,1
270,2020-12-07 10:00:00,Neural Network,10,0.26531168946001354,0.45083219257579576,2019-12-07 10:00:00,2020-12-07 10:00:00,2020-12-07 10:00:00,366,1
271,2020-12-07 10:00:00,Naive,10,0.26531168946001354,0.9676678036652726,2019-12-07 10:00:00,2020-12-07 10:00:00,2020-12-07 10:00:00,366,1
272,2020-12-08 10:00:00,Decision Tree,10,1.7612398767099349,1.7528299927854518,2019-12-08 10:00:00,2020-12-08 10:00:00,2020-12-08 10:00:00,366,1
273,2020-12-08 10:00:00,Random Forest,10,1.7612398767099349,1.6567817238395468,2019-12-08 10:00:00,2020-12-08 10:00:00,2020-12-08 10:00:00,366,1
274,2020-12-08 10:00:00,Neural Network,10,1.7612398767099349,1.842522291580059,2019-12-08 10:00:00,2020-12-08 10:00:00,2020-12-08 10:00:00,366,1
275,2020-12-08 10:00:00,Naive,10,1.7612398767099349,0.26531168946001354,2019-12-08 10:00:00,2020-12-08 10:00:00,2020-12-08 10:00:00,366,1
276,2020-12-09 10:00:00,Decision Tree,10,2.375702823274327,1.8062056450158,2019-12-09 10:00:00,2020-12-09 10:00:00,2020-12-09 10:00:00,366,1
277,2020-12-09 10:00:00,Random Forest,10,2.375702823274327,1.828530014614693,2019-12-09 10:00:00,2020-12-09 10:00:00,2020-12-09 10:00:00,366,1
278,2020-12-09 10:00:00,Neural Network,10,2.375702823274327,2.9141440817670423,2019-12-09 10:00:00,2020-12-09 10:00:00,2020-12-09 10:00:00,366,1
279,2020-12-09 10:00:00,Naive,10,2.375702823274327,1.7612398767099349,2019-12-09 10:00:00,2020-12-09 10:00:00,2020-12-09 10:00:00,366,1
280,2020-12-10 10:00:00,Decision Tree,10,2.1750906768092046,1.977998904881789,2019-12-10 10:00:00,2020-12-10 10:00:00,2020-12-10 10:00:00,366,1
281,2020-12-10 10:00:00,Random Forest,10,2.1750906768092046,2.0867364384186398,2019-12-10 10:00:00,2020-12-10 10:00:00,2020-12-10 10:00:00,366,1
282,2020-12-10 10:00:00,Neural Network,10,2.1750906768092046,2.504662853688485,2019-12-10 10:00:00,2020-12-10 10:00:00,2020-12-10 10:00:00,366,1
283,2020-12-10 10:00:00,Naive,10,2.1750906768092046,2.375702823274327,2019-12-10 10:00:00,2020-12-10 10:00:00,2020-12-10 10:00:00,366,1
284,2020-12-11 10:00:00,Decision Tree,10,1.2261674725747984,1.134954436798254,2019-12-11 10:00:00,2020-12-11 10:00:00,2020-12-11 10:00:00,366,1
285,2020-12-11 10:00:00,Random Forest,10,1.2261674725747984,1.1241087523151996,2019-12-11 10:00:00,2020-12-11 10:00:00,2020-12-11 10:00:00,366,1
286,2020-12-11 10:00:00,Neural Network,10,1.2261674725747984,0.8907726879714553,2019-12-11 10:00:00,2020-12-11 10:00:00,2020-12-11 10:00:00,366,1
287,2020-12-11 10:00:00,Naive,10,1.2261674725747984,2.1750906768092046,2019-12-11 10:00:00,2020-12-11 10:00:00,2020-12-11 10:00:00,366,1
288,2020-12-12 10:00:00,Decision Tree,10,1.0561641937442023,0.943955715625533,2019-12-12 10:00:00,2020-12-12 10:00:00,2020-12-12 10:00:00,366,1
289,2020-12-12 10:00:00,Random Forest,10,1.0561641937442023,1.0126623149024419,2019-12-12 10:00:00,2020-12-12 10:00:00,2020-12-12 10:00:00,366,1
290,2020-12-12 10:00:00,Neural Network,10,1.0561641937442023,1.032304462551617,2019-12-12 10:00:00,2020-12-12 10:00:00,2020-12-12 10:00:00,366,1
291,2020-12-12 10:00:00,Naive,10,1.0561641937442023,1.2261674725747984,2019-12-12 10:00:00,2020-12-12 10:00:00,2020-12-12 10:00:00,366,1
292,2020-12-13 10:00:00,Decision Tree,10,0.8748371556321733,0.8250725443381918,2019-12-13 10:00:00,2020-12-13 10:00:00,2020-12-13 10:00:00,366,1
293,2020-12-13 10:00:00,Random Forest,10,0.8748371556321733,0.7915177517697601,2019-12-13 10:00:00,2020-12-13 10:00:00,2020-12-13 10:00:00,366,1
294,2020-12-13 10:00:00,Neural Network,10,0.8748371556321733,0.8520830305333408,2019-12-13 10:00:00,2020-12-13 10:00:00,2020-12-13 10:00:00,366,1
295,2020-12-13 10:00:00,Naive,10,0.8748371556321733,1.0561641937442023,2019-12-13 10:00:00,2020-12-13 10:00:00,2020-12-13 10:00:00,366,1
296,2020-12-14 10:00:00,Decision Tree,10,0.5887116868912005,0.5662480793510024,2019-12-14 10:00:00,2020-12-14 10:00:00,2020-12-14 10:00:00,366,1
297,2020-12-14 10:00:00,Random Forest,10,0.5887116868912005,0.5164655207824415,2019-12-14 10:00:00,2020-12-14 10:00:00,2020-12-14 10:00:00,366,1
298,2020-12-14 10:00:00,Neural Network,10,0.5887116868912005,0.6409800156758132,2019-12-14 10:00:00,2020-12-14 10:00:00,2020-12-14 10:00:00,366,1
299,2020-12-14 10:00:00,Naive,10,0.5887116868912005,0.8748371556321733,2019-12-14 10:00:00,2020-12-14 10:00:00,2020-12-14 10:00:00,366,1
300,2020-12-15 10:00:00,Decision Tree,10,1.3232465247709808,1.5134035345434529,2019-12-15 10:00:00,2020-12-15 10:00:00,2020-12-15 10:00:00,366,1
301,2020-12-15 10:00:00,Random Forest,10,1.3232465247709808,1.2826168001045937,2019-12-15 10:00:00,2020-12-15 10:00:00,2020-12-15 10:00:00,366,1
302,2020-12-15 10:00:00,Neural Network,10,1.3232465247709808,1.206996662533792,2019-12-15 10:00:00,2020-12-15 10:00:00,2020-12-15 10:00:00,366,1
303,2020-12-15 10:00:00,Naive,10,1.3232465247709808,0.5887116868912005,2019-12-15 10:00:00,2020-12-15 10:00:00,2020-12-15 10:00:00,366,1
304,2020-12-16 10:00:00,Decision Tree,10,1.3595138759275436,1.3093456094275842,2019-12-16 10:00:00,2020-12-16 10:00:00,2020-12-16 10:00:00,366,1
305,2020-12-16 10:00:00,Random Forest,10,1.3595138759275436,1.3104354256756963,2019-12-16 10:00:00,2020-12-16 10:00:00,2020-12-16 10:00:00,366,1
306,2020-12-16 10:00:00,Neural Network,10,1.3595138759275436,1.2606685094427772,2019-12-16 10:00:00,2020-12-16 10:00:00,2020-12-16 10:00:00,366,1
307,2020-12-16 10:00:00,Naive,10,1.3595138759275436,1.3232465247709808,2019-12-16 10:00:00,2020-12-16 10:00:00,2020-12-16 10:00:00,366,1
308,2020-12-17 10:00:00,Decision Tree,10,0.6889867545852996,0.67393860506452,2019-12-17 10:00:00,2020-12-17 10:00:00,2020-12-17 10:00:00,366,1
309,2020-12-17 10:00:00,Random Forest,10,0.6889867545852996,0.6503300358346206,2019-12-17 10:00:00,2020-12-17 10:00:00,2020-12-17 10:00:00,366,1
310,2020-12-17 10:00:00,Neural Network,10,0.6889867545852996,0.5526535284000603,2019-12-17 10:00:00,2020-12-17 10:00:00,2020-12-17 10:00:00,366,1
311,2020-12-17 10:00:00,Naive,10,0.6889867545852996,1.3595138759275436,2019-12-17 10:00:00,2020-12-17 10:00:00,2020-12-17 10:00:00,366,1
312,2020-12-18 10:00:00,Decision Tree,10,0.8942151823287922,0.8312931207499394,2019-12-18 10:00:00,2020-12-18 10:00:00,2020-12-18 10:00:00,366,1
313,2020-12-18 10:00:00,Random Forest,10,0.8942151823287922,0.8271999509205035,2019-12-18 10:00:00,2020-12-18 10:00:00,2020-12-18 10:00:00,366,1
314,2020-12-18 10:00:00,Neural Network,10,0.8942151823287922,0.6536987486973094,2019-12-18 10:00:00,2020-12-18 10:00:00,2020-12-18 10:00:00,366,1
315,2020-12-18 10:00:00,Naive,10,0.8942151823287922,0.6889867545852996,2019-12-18 10:00:00,2020-12-18 10:00:00,2020-12-18 10:00:00,366,1
316,2020-12-19 10:00:00,Decision Tree,10,-0.3122198652251246,-0.37252273912699924,2019-12-19 10:00:00,2020-12-19 10:00:00,2020-12-19 10:00:00,366,1
317,2020-12-19 10:00:00,Random Forest,10,-0.3122198652251246,-0.36413372837782904,2019-12-19 10:00:00,2020-12-19 10:00:00,2020-12-19 10:00:00,366,1
318,2020-12-19 10:00:00,Neural Network,10,-0.3122198652251246,-0.06423938588114392,2019-12-19 10:00:00,2020-12-19 10:00:00,2020-12-19 10:00:00,366,1
319,2020-12-19 10:00:00,Naive,10,-0.3122198652251246,0.8942151823287922,2019-12-19 10:00:00,2020-12-19 10:00:00,2020-12-19 10:00:00,366,1
320,2020-12-20 10:00:00,Decision Tree,10,0.5982577280421821,0.5722579467420679,2019-12-20 10:00:00,2020-12-20 10:00:00,2020-12-20 10:00:00,366,1
321,2020-12-20 10:00:00,Random Forest,10,0.5982577280421821,0.554120925601647,2019-12-20 10:00:00,2020-12-20 10:00:00,2020-12-20 10:00:00,366,1
322,2020-12-20 10:00:00,Neural Network,10,0.5982577280421821,0.5993111293919406,2019-12-20 10:00:00,2020-12-20 10:00:00,2020-12-20 10:00:00,366,1
323,2020-12-20 10:00:00,Naive,10,0.5982577280421821,-0.3122198652251246,2019-12-20 10:00:00,2020-12-20 10:00:00,2020-12-20 10:00:00,366,1
324,2020-12-21 10:00:00,Decision Tree,10,1.147981890437836,1.0318392629937736,2019-12-21 10:00:00,2020-12-21 10:00:00,2020-12-21 10:00:00,366,1
325,2020-12-21 10:00:00,Random Forest,10,1.147981890437836,1.0396772318475238,2019-12-21 10:00:00,2020-12-21 10:00:00,2020-12-21 10:00:00,366,1
326,2020-12-21 10:00:00,Neural Network,10,1.147981890437836,1.035007345584055,2019-12-21 10:00:00,2020-12-21 10:00:00,2020-12-21 10:00:00,366,1
327,2020-12-21 10:00:00,Naive,10,1.147981890437836,0.5982577280421821,2019-12-21 10:00:00,2020-12-21 10:00:00,2020-12-21 10:00:00,366,1
328,2020-12-22 10:00:00,Decision Tree,10,-0.532235913919024,-0.5418965557025983,2019-12-22 10:00:00,2020-12-22 10:00:00,2020-12-22 10:00:00,366,1
329,2020-12-22 10:00:00,Random Forest,10,-0.532235913919024,-0.5360722022785638,2019-12-22 10:00:00,2020-12-22 10:00:00,2020-12-22 10:00:00,366,1
330,2020-12-22 10:00:00,Neural Network,10,-0.532235913919024,-0.24202122744849786,2019-12-22 10:00:00,2020-12-22 10:00:00,2020-12-22 10:00:00,366,1
331,2020-12-22 10:00:00,Naive,10,-0.532235913919024,1.147981890437836,2019-12-22 10:00:00,2020-12-22 10:00:00,2020-12-22 10:00:00,366,1
332,2020-12-23 10:00:00,Decision Tree,10,1.1624940325271442,1.177562271037159,2019-12-23 10:00:00,2020-12-23 10:00:00,2020-12-23 10:00:00,366,1
333,2020-12-23 10:00:00,Random Forest,10,1.1624940325271442,1.1034115455435067,2019-12-23 10:00:00,2020-12-23 10:00:00,2020-12-23 10:00:00,366,1
334,2020-12-23 10:00:00,Neural Network,10,1.1624940325271442,1.0779730583566425,2019-12-23 10:00:00,2020-12-23 10:00:00,2020-12-23 10:00:00,366,1
335,2020-12-23 10:00:00,Naive,10,1.1624940325271442,-0.532235913919024,2019-12-23 10:00:00,2020-12-23 10:00:00,2020-12-23 10:00:00,366,1
336,2020-12-24 10:00:00,Decision Tree,10,-0.10002781095478273,-0.14855524355588912,2019-12-24 10:00:00,2020-12-24 10:00:00,2020-12-24 10:00:00,366,1
337,2020-12-24 10:00:00,Random Forest,10,-0.10002781095478273,-0.1515240649729837,2019-12-24 10:00:00,2020-12-24 10:00:00,2020-12-24 10:00:00,366,1
338,2020-12-24 10:00:00,Neural Network,10,-0.10002781095478273,-0.17299170981534695,2019-12-24 10:00:00,2020-12-24 10:00:00,2020-12-24 10:00:00,366,1
339,2020-12-24 10:00:00,Naive,10,-0.10002781095478273,1.1624940325271442,2019-12-24 10:00:00,2020-12-24 10:00:00,2020-12-24 10:00:00,366,1
340,2020-12-25 10:00:00,Decision Tree,10,0.33552379251167097,0.2799012044786616,2019-12-25 10:00:00,2020-12-25 10:00:00,2020-12-25 10:00:00,366,1
341,2020-12-25 10:00:00,Random Forest,10,0.33552379251167097,0.24826055704701114,2019-12-25 10:00:00,2020-12-25 10:00:00,2020-12-25 10:00:00,366,1
342,2020-12-25 10:00:00,Neural Network,10,0.33552379251167097,-0.9515406650625569,2019-12-25 10:00:00,2020-12-25 10:00:00,2020-12-25 10:00:00,366,1
343,2020-12-25 10:00:00,Naive,10,0.33552379251167097,-0.10002781095478273,2019-12-25 10:00:00,2020-12-25 10:00:00,2020-12-25 10:00:00,366,1
344,2020-12-26 10:00:00,Decision Tree,10,-0.5302221657666385,-0.5406889754796516,2019-12-26 10:00:00,2020-12-26 10:00:00,2020-12-26 10:00:00,366,1
345,2020-12-26 10:00:00,Random Forest,10,-0.5302221657666385,-0.5304651477022341,2019-12-26 10:00:00,2020-12-26 10:00:00,2020-12-26 10:00:00,366,1
346,2020-12-26 10:00:00,Neural Network,10,-0.5302221657666385,-0.4079733493868576,2019-12-26 10:00:00,2020-12-26 10:00:00,2020-12-26 10:00:00,366,1
347,2020-12-26 10:00:00,Naive,10,-0.5302221657666385,0.33552379251167097,2019-12-26 10:00:00,2020-12-26 10:00:00,2020-12-26 10:00:00,366,1
348,2020-12-27 10:00:00,Decision Tree,10,-2.147748358508466,-2.128770809528869,2019-12-27 10:00:00,2020-12-27 10:00:00,2020-12-27 10:00:00,366,1
349,2020-12-27 10:00:00,Random Forest,10,-2.147748358508466,-2.1294494091864684,2019-12-27 10:00:00,2020-12-27 10:00:00,2020-12-27 10:00:00,366,1
350,2020-12-27 10:00:00,Neural Network,10,-2.147748358508466,-1.976782425308803,2019-12-27 10:00:00,2020-12-27 10:00:00,2020-12-27 10:00:00,366,1
351,2020-12-27 10:00:00,Naive,10,-2.147748358508466,-0.5302221657666385,2019-12-27 10:00:00,2020-12-27 10:00:00,2020-12-27 10:00:00,366,1
352,2020-12-28 10:00:00,Decision Tree,10,1.0360754679849322,0.9285110426609035,2019-12-28 10:00:00,2020-12-28 10:00:00,2020-12-28 10:00:00,366,1
353,2020-12-28 10:00:00,Random Forest,10,1.0360754679849322,0.9538735174615933,2019-12-28 10:00:00,2020-12-28 10:00:00,2020-12-28 10:00:00,366,1
354,2020-12-28 10:00:00,Neural Network,10,1.0360754679849322,0.7421819549172763,2019-12-28 10:00:00,2020-12-28 10:00:00,2020-12-28 10:00:00,366,1
355,2020-12-28 10:00:00,Naive,10,1.0360754679849322,-2.147748358508466,2019-12-28 10:00:00,2020-12-28 10:00:00,2020-12-28 10:00:00,366,1
356,2020-12-29 10:00:00,Decision Tree,10,1.039012863555563,1.029060032857415,2019-12-29 10:00:00,2020-12-29 10:00:00,2020-12-29 10:00:00,366,1
357,2020-12-29 10:00:00,Random Forest,10,1.039012863555563,1.0307266814155056,2019-12-29 10:00:00,2020-12-29 10:00:00,2020-12-29 10:00:00,366,1
358,2020-12-29 10:00:00,Neural Network,10,1.039012863555563,0.8092850987427705,2019-12-29 10:00:00,2020-12-29 10:00:00,2020-12-29 10:00:00,366,1
359,2020-12-29 10:00:00,Naive,10,1.039012863555563,1.0360754679849322,2019-12-29 10:00:00,2020-12-29 10:00:00,2020-12-29 10:00:00,366,1
360,2020-12-30 10:00:00,Decision Tree,10,1.1426812081012687,1.0568031981460475,2019-12-30 10:00:00,2020-12-30 10:00:00,2020-12-30 10:00:00,366,1
361,2020-12-30 10:00:00,Random Forest,10,1.1426812081012687,1.0723204642534119,2019-12-30 10:00:00,2020-12-30 10:00:00,2020-12-30 10:00:00,366,1
362,2020-12-30 10:00:00,Neural Network,10,1.1426812081012687,0.9357718942454976,2019-12-30 10:00:00,2020-12-30 10:00:00,2020-12-30 10:00:00,366,1
363,2020-12-30 10:00:00,Naive,10,1.1426812081012687,1.039012863555563,2019-12-30 10:00:00,2020-12-30 10:00:00,2020-12-30 10:00:00,366,1
364,2020-12-31 10:00:00,Decision Tree,10,0.5897196357951748,0.44667088352152173,2019-12-31 10:00:00,2020-12-31 10:00:00,2020-12-31 10:00:00,366,1
365,2020-12-31 10:00:00,Random Forest,10,0.5897196357951748,0.51155785900734,2019-12-31 10:00:00,2020-12-31 10:00:00,2020-12-31 10:00:00,366,1
366,2020-12-31 10:00:00,Neural Network,10,0.5897196357951748,0.5010903545224354,2019-12-31 10:00:00,2020-12-31 10:00:00,2020-12-31 10:00:00,366,1
367,2020-12-31 10:00:00,Naive,10,0.5897196357951748,1.1426812081012687,2019-12-31 10:00:00,2020-12-31 10:00:00,2020-12-31 10:00:00,366,1
368,2021-01-01 10:00:00,Decision Tree,10,0.7011326567063264,0.6335072283657897,2020-01-01 10:00:00,2021-01-01 10:00:00,2021-01-01 10:00:00,366,1
369,2021-01-01 10:00:00,Random Forest,10,0.7011326567063264,0.6314886689573396,2020-01-01 10:00:00,2021-01-01 10:00:00,2021-01-01 10:00:00,366,1
370,2021-01-01 10:00:00,Neural Network,10,0.7011326567063264,0.3224403468095124,2020-01-01 10:00:00,2021-01-01 10:00:00,2021-01-01 10:00:00,366,1
371,2021-01-01 10:00:00,Naive,10,0.7011326567063264,0.5897196357951748,2020-01-01 10:00:00,2021-01-01 10:00:00,2021-01-01 10:00:00,366,1
372,2021-01-02 10:00:00,Decision Tree,10,1.0775307112022479,1.0568031981460475,2020-01-02 10:00:00,2021-01-02 10:00:00,2021-01-02 10:00:00,366,1
373,2021-01-02 10:00:00,Random Forest,10,1.0775307112022479,1.0317548153843807,2020-01-02 10:00:00,2021-01-02 10:00:00,2021-01-02 10:00:00,366,1
374,2021-01-02 10:00:00,Neural Network,10,1.0775307112022479,1.549927370437525,2020-01-02 10:00:00,2021-01-02 10:00:00,2021-01-02 10:00:00,366,1
375,2021-01-02 10:00:00,Naive,10,1.0775307112022479,0.7011326567063264,2020-01-02 10:00:00,2021-01-02 10:00:00,2021-01-02 10:00:00,366,1
376,2021-01-03 10:00:00,Decision Tree,10,0.13877153213502866,0.05382604115824909,2020-01-03 10:00:00,2021-01-03 10:00:00,2021-01-03 10:00:00,366,1
377,2021-01-03 10:00:00,Random Forest,10,0.13877153213502866,0.05736236788319831,2020-01-03 10:00:00,2021-01-03 10:00:00,2021-01-03 10:00:00,366,1
378,2021-01-03 10:00:00,Neural Network,10,0.13877153213502866,0.7120143571307224,2020-01-03 10:00:00,2021-01-03 10:00:00,2021-01-03 10:00:00,366,1
379,2021-01-03 10:00:00,Naive,10,0.13877153213502866,1.0775307112022479,2020-01-03 10:00:00,2021-01-03 10:00:00,2021-01-03 10:00:00,366,1
380,2021-01-04 10:00:00,Decision Tree,10,1.302258492990056,1.1793543994290023,2020-01-04 10:00:00,2021-01-04 10:00:00,2021-01-04 10:00:00,366,1
381,2021-01-04 10:00:00,Random Forest,10,1.302258492990056,1.25559487492556,2020-01-04 10:00:00,2021-01-04 10:00:00,2021-01-04 10:00:00,366,1
382,2021-01-04 10:00:00,Neural Network,10,1.302258492990056,0.5139187905948104,2020-01-04 10:00:00,2021-01-04 10:00:00,2021-01-04 10:00:00,366,1
383,2021-01-04 10:00:00,Naive,10,1.302258492990056,0.13877153213502866,2020-01-04 10:00:00,2021-01-04 10:00:00,2021-01-04 10:00:00,366,1
384,2021-01-05 10:00:00,Decision Tree,10,1.6047882051734434,1.4889015756127768,2020-01-05 10:00:00,2021-01-05 10:00:00,2021-01-05 10:00:00,366,1
385,2021-01-05 10:00:00,Random Forest,10,1.6047882051734434,1.5854325815027677,2020-01-05 10:00:00,2021-01-05 10:00:00,2021-01-05 10:00:00,366,1
386,2021-01-05 10:00:00,Neural Network,10,1.6047882051734434,1.228092332770597,2020-01-05 10:00:00,2021-01-05 10:00:00,2021-01-05 10:00:00,366,1
387,2021-01-05 10:00:00,Naive,10,1.6047882051734434,1.302258492990056,2020-01-05 10:00:00,2021-01-05 10:00:00,2021-01-05 10:00:00,366,1
388,2021-01-06 10:00:00,Decision Tree,10,1.1683822178734191,1.1103314532182607,2020-01-06 10:00:00,2021-01-06 10:00:00,2021-01-06 10:00:00,366,1
389,2021-01-06 10:00:00,Random Forest,10,1.1683822178734191,1.1450352665450827,2020-01-06 10:00:00,2021-01-06 10:00:00,2021-01-06 10:00:00,366,1
390,2021-01-06 10:00:00,Neural Network,10,1.1683822178734191,1.3701251279410538,2020-01-06 10:00:00,2021-01-06 10:00:00,2021-01-06 10:00:00,366,1
391,2021-01-06 10:00:00,Naive,10,1.1683822178734191,1.6047882051734434,2020-01-06 10:00:00,2021-01-06 10:00:00,2021-01-06 10:00:00,366,1
392,2021-01-07 10:00:00,Decision Tree,10,2.0607072272471627,2.0977033020684814,2020-01-07 10:00:00,2021-01-07 10:00:00,2021-01-07 10:00:00,366,1
393,2021-01-07 10:00:00,Random Forest,10,2.0607072272471627,1.9945151483031809,2020-01-07 10:00:00,2021-01-07 10:00:00,2021-01-07 10:00:00,366,1
394,2021-01-07 10:00:00,Neural Network,10,2.0607072272471627,1.5634854493657473,2020-01-07 10:00:00,2021-01-07 10:00:00,2021-01-07 10:00:00,366,1
395,2021-01-07 10:00:00,Naive,10,2.0607072272471627,1.1683822178734191,2020-01-07 10:00:00,2021-01-07 10:00:00,2021-01-07 10:00:00,366,1
396,2021-01-08 10:00:00,Decision Tree,10,2.4546733469733284,2.157596772175927,2020-01-08 10:00:00,2021-01-08 10:00:00,2021-01-08 10:00:00,366,1
397,2021-01-08 10:00:00,Random Forest,10,2.4546733469733284,2.1228489831357775,2020-01-08 10:00:00,2021-01-08 10:00:00,2021-01-08 10:00:00,366,1
398,2021-01-08 10:00:00,Neural Network,10,2.4546733469733284,2.047228949861149,2020-01-08 10:00:00,2021-01-08 10:00:00,2021-01-08 10:00:00,366,1
399,2021-01-08 10:00:00,Naive,10,2.4546733469733284,2.0607072272471627,2020-01-08 10:00:00,2021-01-08 10:00:00,2021-01-08 10:00:00,366,1
400,2021-01-09 10:00:00,Decision Tree,10,1.65216254061071,1.6236282685172214,2020-01-09 10:00:00,2021-01-09 10:00:00,2021-01-09 10:00:00,366,1
401,2021-01-09 10:00:00,Random Forest,10,1.65216254061071,1.5767194547987227,2020-01-09 10:00:00,2021-01-09 10:00:00,2021-01-09 10:00:00,366,1
402,2021-01-09 10:00:00,Neural Network,10,1.65216254061071,1.7451888308508945,2020-01-09 10:00:00,2021-01-09 10:00:00,2021-01-09 10:00:00,366,1
403,2021-01-09 10:00:00,Naive,10,1.65216254061071,2.4546733469733284,2020-01-09 10:00:00,2021-01-09 10:00:00,2021-01-09 10:00:00,366,1
404,2021-01-10 10:00:00,Decision Tree,10,1.1526976379800398,1.1777869449210618,2020-01-10 10:00:00,2021-01-10 10:00:00,2021-01-10 10:00:00,366,1
405,2021-01-10 10:00:00,Random Forest,10,1.1526976379800398,1.153138797884064,2020-01-10 10:00:00,2021-01-10 10:00:00,2021-01-10 10:00:00,366,1
406,2021-01-10 10:00:00,Neural Network,10,1.1526976379800398,1.4772400624493476,2020-01-10 10:00:00,2021-01-10 10:00:00,2021-01-10 10:00:00,366,1
407,2021-01-10 10:00:00,Naive,10,1.1526976379800398,1.65216254061071,2020-01-10 10:00:00,2021-01-10 10:00:00,2021-01-10 10:00:00,366,1
408,2021-01-11 10:00:00,Decision Tree,10,1.24902604448481,1.1746507815534342,2020-01-11 10:00:00,2021-01-11 10:00:00,2021-01-11 10:00:00,366,1
409,2021-01-11 10:00:00,Random Forest,10,1.24902604448481,1.212779822098039,2020-01-11 10:00:00,2021-01-11 10:00:00,2021-01-11 10:00:00,366,1
410,2021-01-11 10:00:00,Neural Network,10,1.24902604448481,0.8005280203558889,2020-01-11 10:00:00,2021-01-11 10:00:00,2021-01-11 10:00:00,366,1
411,2021-01-11 10:00:00,Naive,10,1.24902604448481,1.1526976379800398,2020-01-11 10:00:00,2021-01-11 10:00:00,2021-01-11 10:00:00,366,1
412,2021-01-12 10:00:00,Decision Tree,10,1.271786624624676,1.1829146996569202,2020-01-12 10:00:00,2021-01-12 10:00:00,2021-01-12 10:00:00,366,1
413,2021-01-12 10:00:00,Random Forest,10,1.271786624624676,1.238735800601576,2020-01-12 10:00:00,2021-01-12 10:00:00,2021-01-12 10:00:00,366,1
414,2021-01-12 10:00:00,Neural Network,10,1.271786624624676,0.8754547747984764,2020-01-12 10:00:00,2021-01-12 10:00:00,2021-01-12 10:00:00,366,1
415,2021-01-12 10:00:00,Naive,10,1.271786624624676,1.24902604448481,2020-01-12 10:00:00,2021-01-12 10:00:00,2021-01-12 10:00:00,366,1
416,2021-01-13 10:00:00,Decision Tree,10,0.772318272879147,0.641232616946013,2020-01-13 10:00:00,2021-01-13 10:00:00,2021-01-13 10:00:00,366,1
417,2021-01-13 10:00:00,Random Forest,10,0.772318272879147,0.658850864836226,2020-01-13 10:00:00,2021-01-13 10:00:00,2021-01-13 10:00:00,366,1
418,2021-01-13 10:00:00,Neural Network,10,0.772318272879147,0.31117243962347235,2020-01-13 10:00:00,2021-01-13 10:00:00,2021-01-13 10:00:00,366,1
419,2021-01-13 10:00:00,Naive,10,0.772318272879147,1.271786624624676,2020-01-13 10:00:00,2021-01-13 10:00:00,2021-01-13 10:00:00,366,1
420,2021-01-14 10:00:00,Decision Tree,10,2.144282044530419,2.271311124610695,2020-01-14 10:00:00,2021-01-14 10:00:00,2021-01-14 10:00:00,366,1
421,2021-01-14 10:00:00,Random Forest,10,2.144282044530419,2.192133713342996,2020-01-14 10:00:00,2021-01-14 10:00:00,2021-01-14 10:00:00,366,1
422,2021-01-14 10:00:00,Neural Network,10,2.144282044530419,1.8620034552042852,2020-01-14 10:00:00,2021-01-14 10:00:00,2021-01-14 10:00:00,366,1
423,2021-01-14 10:00:00,Naive,10,2.144282044530419,0.772318272879147,2020-01-14 10:00:00,2021-01-14 10:00:00,2021-01-14 10:00:00,366,1
424,2021-01-15 10:00:00,Decision Tree,10,2.1628845566723576,2.250139611263982,2020-01-15 10:00:00,2021-01-15 10:00:00,2021-01-15 10:00:00,366,1
425,2021-01-15 10:00:00,Random Forest,10,2.1628845566723576,2.152478031587248,2020-01-15 10:00:00,2021-01-15 10:00:00,2021-01-15 10:00:00,366,1
426,2021-01-15 10:00:00,Neural Network,10,2.1628845566723576,2.1522798922670936,2020-01-15 10:00:00,2021-01-15 10:00:00,2021-01-15 10:00:00,366,1
427,2021-01-15 10:00:00,Naive,10,2.1628845566723576,2.144282044530419,2020-01-15 10:00:00,2021-01-15 10:00:00,2021-01-15 10:00:00,366,1
428,2021-01-16 10:00:00,Decision Tree,10,1.5317425266445726,1.5617031597869728,2020-01-16 10:00:00,2021-01-16 10:00:00,2021-01-16 10:00:00,366,1
429,2021-01-16 10:00:00,Random Forest,10,1.5317425266445726,1.532319806008906,2020-01-16 10:00:00,2021-01-16 10:00:00,2021-01-16 10:00:00,366,1
430,2021-01-16 10:00:00,Neural Network,10,1.5317425266445726,1.4982156851481245,2020-01-16 10:00:00,2021-01-16 10:00:00,2021-01-16 10:00:00,366,1
431,2021-01-16 10:00:00,Naive,10,1.5317425266445726,2.1628845566723576,2020-01-16 10:00:00,2021-01-16 10:00:00,2021-01-16 10:00:00,366,1
432,2021-01-17 10:00:00,Decision Tree,10,1.2703562705136597,1.2287563869234503,2020-01-17 10:00:00,2021-01-17 10:00:00,2021-01-17 10:00:00,366,1
433,2021-01-17 10:00:00,Random Forest,10,1.2703562705136597,1.2437996285579178,2020-01-17 10:00:00,2021-01-17 10:00:00,2021-01-17 10:00:00,366,1
434,2021-01-17 10:00:00,Neural Network,10,1.2703562705136597,1.3928696448228066,2020-01-17 10:00:00,2021-01-17 10:00:00,2021-01-17 10:00:00,366,1
435,2021-01-17 10:00:00,Naive,10,1.2703562705136597,1.5317425266445726,2020-01-17 10:00:00,2021-01-17 10:00:00,2021-01-17 10:00:00,366,1
436,2021-01-18 10:00:00,Decision Tree,10,1.7663285331560117,2.1456737428628525,2020-01-18 10:00:00,2021-01-18 10:00:00,2021-01-18 10:00:00,366,1
437,2021-01-18 10:00:00,Random Forest,10,1.7663285331560117,1.7586131193464496,2020-01-18 10:00:00,2021-01-18 10:00:00,2021-01-18 10:00:00,366,1
438,2021-01-18 10:00:00,Neural Network,10,1.7663285331560117,1.365112528221953,2020-01-18 10:00:00,2021-01-18 10:00:00,2021-01-18 10:00:00,366,1
439,2021-01-18 10:00:00,Naive,10,1.7663285331560117,1.2703562705136597,2020-01-18 10:00:00,2021-01-18 10:00:00,2021-01-18 10:00:00,366,1
440,2021-01-19 10:00:00,Decision Tree,10,1.1084255592495404,1.0602577836554141,2020-01-19 10:00:00,2021-01-19 10:00:00,2021-01-19 10:00:00,366,1
441,2021-01-19 10:00:00,Random Forest,10,1.1084255592495404,1.0581233047646783,2020-01-19 10:00:00,2021-01-19 10:00:00,2021-01-19 10:00:00,366,1
442,2021-01-19 10:00:00,Neural Network,10,1.1084255592495404,0.7418799537018738,2020-01-19 10:00:00,2021-01-19 10:00:00,2021-01-19 10:00:00,366,1
443,2021-01-19 10:00:00,Naive,10,1.1084255592495404,1.7663285331560117,2020-01-19 10:00:00,2021-01-19 10:00:00,2021-01-19 10:00:00,366,1
444,2021-01-20 10:00:00,Decision Tree,10,0.21241275521616473,0.10923697267472225,2020-01-20 10:00:00,2021-01-20 10:00:00,2021-01-20 10:00:00,366,1
445,2021-01-20 10:00:00,Random Forest,10,0.21241275521616473,0.12848653230815732,2020-01-20 10:00:00,2021-01-20 10:00:00,2021-01-20 10:00:00,366,1
446,2021-01-20 10:00:00,Neural Network,10,0.21241275521616473,0.22459974688479697,2020-01-20 10:00:00,2021-01-20 10:00:00,2021-01-20 10:00:00,366,1
447,2021-01-20 10:00:00,Naive,10,0.21241275521616473,1.1084255592495404,2020-01-20 10:00:00,2021-01-20 10:00:00,2021-01-20 10:00:00,366,1
448,2021-01-21 10:00:00,Decision Tree,10,-0.17031485990635603,-0.2106941878799267,2020-01-21 10:00:00,2021-01-21 10:00:00,2021-01-21 10:00:00,366,1
449,2021-01-21 10:00:00,Random Forest,10,-0.17031485990635603,-0.20782823004793574,2020-01-21 10:00:00,2021-01-21 10:00:00,2021-01-21 10:00:00,366,1
450,2021-01-21 10:00:00,Neural Network,10,-0.17031485990635603,-0.2413100299154553,2020-01-21 10:00:00,2021-01-21 10:00:00,2021-01-21 10:00:00,366,1
451,2021-01-21 10:00:00,Naive,10,-0.17031485990635603,0.21241275521616473,2020-01-21 10:00:00,2021-01-21 10:00:00,2021-01-21 10:00:00,366,1
452,2021-01-22 10:00:00,Decision Tree,10,0.816984000990673,0.7038051011061591,2020-01-22 10:00:00,2021-01-22 10:00:00,2021-01-22 10:00:00,366,1
453,2021-01-22 10:00:00,Random Forest,10,0.816984000990673,0.7208940757232959,2020-01-22 10:00:00,2021-01-22 10:00:00,2021-01-22 10:00:00,366,1
454,2021-01-22 10:00:00,Neural Network,10,0.816984000990673,0.6036362550495263,2020-01-22 10:00:00,2021-01-22 10:00:00,2021-01-22 10:00:00,366,1
455,2021-01-22 10:00:00,Naive,10,0.816984000990673,-0.17031485990635603,2020-01-22 10:00:00,2021-01-22 10:00:00,2021-01-22 10:00:00,366,1
456,2021-01-23 10:00:00,Decision Tree,10,1.3407037802701598,1.3095811655703582,2020-01-23 10:00:00,2021-01-23 10:00:00,2021-01-23 10:00:00,366,1
457,2021-01-23 10:00:00,Random Forest,10,1.3407037802701598,1.269393736003426,2020-01-23 10:00:00,2021-01-23 10:00:00,2021-01-23 10:00:00,366,1
458,2021-01-23 10:00:00,Neural Network,10,1.3407037802701598,1.2934192303362648,2020-01-23 10:00:00,2021-01-23 10:00:00,2021-01-23 10:00:00,366,1
459,2021-01-23 10:00:00,Naive,10,1.3407037802701598,0.816984000990673,2020-01-23 10:00:00,2021-01-23 10:00:00,2021-01-23 10:00:00,366,1
460,2021-01-24 10:00:00,Decision Tree,10,1.1313049246841544,1.067138894454575,2020-01-24 10:00:00,2021-01-24 10:00:00,2021-01-24 10:00:00,366,1
461,2021-01-24 10:00:00,Random Forest,10,1.1313049246841544,1.0793944984778632,2020-01-24 10:00:00,2021-01-24 10:00:00,2021-01-24 10:00:00,366,1
462,2021-01-24 10:00:00,Neural Network,10,1.1313049246841544,1.3094081854813582,2020-01-24 10:00:00,2021-01-24 10:00:00,2021-01-24 10:00:00,366,1
463,2021-01-24 10:00:00,Naive,10,1.1313049246841544,1.3407037802701598,2020-01-24 10:00:00,2021-01-24 10:00:00,2021-01-24 10:00:00,366,1
464,2021-01-25 10:00:00,Decision Tree,10,1.8453114633355847,1.9237318532886032,2020-01-25 10:00:00,2021-01-25 10:00:00,2021-01-25 10:00:00,366,1
465,2021-01-25 10:00:00,Random Forest,10,1.8453114633355847,1.8199959438523903,2020-01-25 10:00:00,2021-01-25 10:00:00,2021-01-25 10:00:00,366,1
466,2021-01-25 10:00:00,Neural Network,10,1.8453114633355847,1.6773486976956447,2020-01-25 10:00:00,2021-01-25 10:00:00,2021-01-25 10:00:00,366,1
467,2021-01-25 10:00:00,Naive,10,1.8453114633355847,1.1313049246841544,2020-01-25 10:00:00,2021-01-25 10:00:00,2021-01-25 10:00:00,366,1
468,2021-01-26 10:00:00,Decision Tree,10,1.8201293175018531,1.8639377370496362,2020-01-26 10:00:00,2021-01-26 10:00:00,2021-01-26 10:00:00,366,1
469,2021-01-26 10:00:00,Random Forest,10,1.8201293175018531,1.8331248344945663,2020-01-26 10:00:00,2021-01-26 10:00:00,2021-01-26 10:00:00,366,1
470,2021-01-26 10:00:00,Neural Network,10,1.8201293175018531,1.777820833706482,2020-01-26 10:00:00,2021-01-26 10:00:00,2021-01-26 10:00:00,366,1
471,2021-01-26 10:00:00,Naive,10,1.8201293175018531,1.8453114633355847,2020-01-26 10:00:00,2021-01-26 10:00:00,2021-01-26 10:00:00,366,1
472,2021-01-27 10:00:00,Decision Tree,10,1.5874056293955392,1.4977841337789637,2020-01-27 10:00:00,2021-01-27 10:00:00,2021-01-27 10:00:00,366,1
473,2021-01-27 10:00:00,Random Forest,10,1.5874056293955392,1.5864486046555435,2020-01-27 10:00:00,2021-01-27 10:00:00,2021-01-27 10:00:00,366,1
474,2021-01-27 10:00:00,Neural Network,10,1.5874056293955392,1.6353309981759154,2020-01-27 10:00:00,2021-01-27 10:00:00,2021-01-27 10:00:00,366,1
475,2021-01-27 10:00:00,Naive,10,1.5874056293955392,1.8201293175018531,2020-01-27 10:00:00,2021-01-27 10:00:00,2021-01-27 10:00:00,366,1
476,2021-01-28 10:00:00,Decision Tree,10,1.5724092516068047,1.5077420777363608,2020-01-28 10:00:00,2021-01-28 10:00:00,2021-01-28 10:00:00,366,1
477,2021-01-28 10:00:00,Random Forest,10,1.5724092516068047,1.584563108419037,2020-01-28 10:00:00,2021-01-28 10:00:00,2021-01-28 10:00:00,366,1
478,2021-01-28 10:00:00,Neural Network,10,1.5724092516068047,1.6456881007117135,2020-01-28 10:00:00,2021-01-28 10:00:00,2021-01-28 10:00:00,366,1
479,2021-01-28 10:00:00,Naive,10,1.5724092516068047,1.5874056293955392,2020-01-28 10:00:00,2021-01-28 10:00:00,2021-01-28 10:00:00,366,1
480,2021-01-29 10:00:00,Decision Tree,10,1.2813064780684464,1.2356897008551517,2020-01-29 10:00:00,2021-01-29 10:00:00,2021-01-29 10:00:00,366,1
481,2021-01-29 10:00:00,Random Forest,10,1.2813064780684464,1.271128748150715,2020-01-29 10:00:00,2021-01-29 10:00:00,2021-01-29 10:00:00,366,1
482,2021-01-29 10:00:00,Neural Network,10,1.2813064780684464,1.4175380800190156,2020-01-29 10:00:00,2021-01-29 10:00:00,2021-01-29 10:00:00,366,1
483,2021-01-29 10:00:00,Naive,10,1.2813064780684464,1.5724092516068047,2020-01-29 10:00:00,2021-01-29 10:00:00,2021-01-29 10:00:00,366,1
484,2021-01-30 10:00:00,Decision Tree,10,1.3269517886158504,1.3619242414354562,2020-01-30 10:00:00,2021-01-30 10:00:00,2021-01-30 10:00:00,366,1
485,2021-01-30 10:00:00,Random Forest,10,1.3269517886158504,1.304584147870888,2020-01-30 10:00:00,2021-01-30 10:00:00,2021-01-30 10:00:00,366,1
486,2021-01-30 10:00:00,Neural Network,10,1.3269517886158504,1.3656285585854426,2020-01-30 10:00:00,2021-01-30 10:00:00,2021-01-30 10:00:00,366,1
487,2021-01-30 10:00:00,Naive,10,1.3269517886158504,1.2813064780684464,2020-01-30 10:00:00,2021-01-30 10:00:00,2021-01-30 10:00:00,366,1
488,2021-01-31 10:00:00,Decision Tree,10,1.0187289364617051,0.9366263826499676,2020-01-31 10:00:00,2021-01-31 10:00:00,2021-01-31 10:00:00,366,1
489,2021-01-31 10:00:00,Random Forest,10,1.0187289364617051,0.9486356563180778,2020-01-31 10:00:00,2021-01-31 10:00:00,2021-01-31 10:00:00,366,1
490,2021-01-31 10:00:00,Neural Network,10,1.0187289364617051,1.1026976267362982,2020-01-31 10:00:00,2021-01-31 10:00:00,2021-01-31 10:00:00,366,1
491,2021-01-31 10:00:00,Naive,10,1.0187289364617051,1.3269517886158504,2020-01-31 10:00:00,2021-01-31 10:00:00,2021-01-31 10:00:00,366,1
492,2021-02-01 10:00:00,Decision Tree,10,1.5647643800574373,1.5624195962631948,2020-02-01 10:00:00,2021-02-01 10:00:00,2021-02-01 10:00:00,366,1
493,2021-02-01 10:00:00,Random Forest,10,1.5647643800574373,1.568663275316718,2020-02-01 10:00:00,2021-02-01 10:00:00,2021-02-01 10:00:00,366,1
494,2021-02-01 10:00:00,Neural Network,10,1.5647643800574373,1.4940344045007972,2020-02-01 10:00:00,2021-02-01 10:00:00,2021-02-01 10:00:00,366,1
495,2021-02-01 10:00:00,Naive,10,1.5647643800574373,1.0187289364617051,2020-02-01 10:00:00,2021-02-01 10:00:00,2021-02-01 10:00:00,366,1
496,2021-02-02 10:00:00,Decision Tree,10,1.6145540301369974,1.596306001368787,2020-02-02 10:00:00,2021-02-02 10:00:00,2021-02-02 10:00:00,366,1
497,2021-02-02 10:00:00,Random Forest,10,1.6145540301369974,1.5812077491387035,2020-02-02 10:00:00,2021-02-02 10:00:00,2021-02-02 10:00:00,366,1
498,2021-02-02 10:00:00,Neural Network,10,1.6145540301369974,1.5884204121107224,2020-02-02 10:00:00,2021-02-02 10:00:00,2021-02-02 10:00:00,366,1
499,2021-02-02 10:00:00,Naive,10,1.6145540301369974,1.5647643800574373,2020-02-02 10:00:00,2021-02-02 10:00:00,2021-02-02 10:00:00,366,1
500,2021-02-03 10:00:00,Decision Tree,10,1.1725366432567637,1.1548473973839417,2020-02-03 10:00:00,2021-02-03 10:00:00,2021-02-03 10:00:00,366,1
501,2021-02-03 10:00:00,Random Forest,10,1.1725366432567637,1.148874698106485,2020-02-03 10:00:00,2021-02-03 10:00:00,2021-02-03 10:00:00,366,1
502,2021-02-03 10:00:00,Neural Network,10,1.1725366432567637,1.278523466250645,2020-02-03 10:00:00,2021-02-03 10:00:00,2021-02-03 10:00:00,366,1
503,2021-02-03 10:00:00,Naive,10,1.1725366432567637,1.6145540301369974,2020-02-03 10:00:00,2021-02-03 10:00:00,2021-02-03 10:00:00,366,1
504,2021-02-04 10:00:00,Decision Tree,10,1.2115066227522178,1.0957474817371877,2020-02-04 10:00:00,2021-02-04 10:00:00,2021-02-04 10:00:00,366,1
505,2021-02-04 10:00:00,Random Forest,10,1.2115066227522178,1.1323939313148879,2020-02-04 10:00:00,2021-02-04 10:00:00,2021-02-04 10:00:00,366,1
506,2021-02-04 10:00:00,Neural Network,10,1.2115066227522178,1.1826597762887918,2020-02-04 10:00:00,2021-02-04 10:00:00,2021-02-04 10:00:00,366,1
507,2021-02-04 10:00:00,Naive,10,1.2115066227522178,1.1725366432567637,2020-02-04 10:00:00,2021-02-04 10:00:00,2021-02-04 10:00:00,366,1
508,2021-02-05 10:00:00,Decision Tree,10,1.3926279409212203,1.319598637110067,2020-02-05 10:00:00,2021-02-05 10:00:00,2021-02-05 10:00:00,366,1
509,2021-02-05 10:00:00,Random Forest,10,1.3926279409212203,1.3473574261590169,2020-02-05 10:00:00,2021-02-05 10:00:00,2021-02-05 10:00:00,366,1
510,2021-02-05 10:00:00,Neural Network,10,1.3926279409212203,1.3105023349477936,2020-02-05 10:00:00,2021-02-05 10:00:00,2021-02-05 10:00:00,366,1
511,2021-02-05 10:00:00,Naive,10,1.3926279409212203,1.2115066227522178,2020-02-05 10:00:00,2021-02-05 10:00:00,2021-02-05 10:00:00,366,1
512,2021-02-06 10:00:00,Decision Tree,10,0.6063864906970411,0.5156578339295589,2020-02-06 10:00:00,2021-02-06 10:00:00,2021-02-06 10:00:00,366,1
513,2021-02-06 10:00:00,Random Forest,10,0.6063864906970411,0.5522462766332045,2020-02-06 10:00:00,2021-02-06 10:00:00,2021-02-06 10:00:00,366,1
514,2021-02-06 10:00:00,Neural Network,10,0.6063864906970411,-0.053990820657052546,2020-02-06 10:00:00,2021-02-06 10:00:00,2021-02-06 10:00:00,366,1
515,2021-02-06 10:00:00,Naive,10,0.6063864906970411,1.3926279409212203,2020-02-06 10:00:00,2021-02-06 10:00:00,2021-02-06 10:00:00,366,1
516,2021-02-07 10:00:00,Decision Tree,10,-0.4941503085447183,-0.4937457022092362,2020-02-07 10:00:00,2021-02-07 10:00:00,2021-02-07 10:00:00,366,1
517,2021-02-07 10:00:00,Random Forest,10,-0.4941503085447183,-0.5021659310394869,2020-02-07 10:00:00,2021-02-07 10:00:00,2021-02-07 10:00:00,366,1
518,2021-02-07 10:00:00,Neural Network,10,-0.4941503085447183,-0.46613936697915886,2020-02-07 10:00:00,2021-02-07 10:00:00,2021-02-07 10:00:00,366,1
519,2021-02-07 10:00:00,Naive,10,-0.4941503085447183,0.6063864906970411,2020-02-07 10:00:00,2021-02-07 10:00:00,2021-02-07 10:00:00,366,1
520,2021-02-08 10:00:00,Decision Tree,10,1.2539008013892314,1.242206383314194,2020-02-08 10:00:00,2021-02-08 10:00:00,2021-02-08 10:00:00,366,1
521,2021-02-08 10:00:00,Random Forest,10,1.2539008013892314,1.2433545615777872,2020-02-08 10:00:00,2021-02-08 10:00:00,2021-02-08 10:00:00,366,1
522,2021-02-08 10:00:00,Neural Network,10,1.2539008013892314,1.2219720642318235,2020-02-08 10:00:00,2021-02-08 10:00:00,2021-02-08 10:00:00,366,1
523,2021-02-08 10:00:00,Naive,10,1.2539008013892314,-0.4941503085447183,2020-02-08 10:00:00,2021-02-08 10:00:00,2021-02-08 10:00:00,366,1
524,2021-02-09 10:00:00,Decision Tree,10,1.9590188822505437,1.8158221551005744,2020-02-09 10:00:00,2021-02-09 10:00:00,2021-02-09 10:00:00,366,1
525,2021-02-09 10:00:00,Random Forest,10,1.9590188822505437,1.8642075689651825,2020-02-09 10:00:00,2021-02-09 10:00:00,2021-02-09 10:00:00,366,1
526,2021-02-09 10:00:00,Neural Network,10,1.9590188822505437,1.7529856782748918,2020-02-09 10:00:00,2021-02-09 10:00:00,2021-02-09 10:00:00,366,1
527,2021-02-09 10:00:00,Naive,10,1.9590188822505437,1.2539008013892314,2020-02-09 10:00:00,2021-02-09 10:00:00,2021-02-09 10:00:00,366,1
528,2021-02-10 10:00:00,Decision Tree,10,2.2163237657885975,2.2028426383133497,2020-02-10 10:00:00,2021-02-10 10:00:00,2021-02-10 10:00:00,366,1
529,2021-02-10 10:00:00,Random Forest,10,2.2163237657885975,2.1836556202244055,2020-02-10 10:00:00,2021-02-10 10:00:00,2021-02-10 10:00:00,366,1
530,2021-02-10 10:00:00,Neural Network,10,2.2163237657885975,2.059059521054486,2020-02-10 10:00:00,2021-02-10 10:00:00,2021-02-10 10:00:00,366,1
531,2021-02-10 10:00:00,Naive,10,2.2163237657885975,1.9590188822505437,2020-02-10 10:00:00,2021-02-10 10:00:00,2021-02-10 10:00:00,366,1
532,2021-02-11 10:00:00,Decision Tree,10,2.287439003210616,2.204340541366155,2020-02-11 10:00:00,2021-02-11 10:00:00,2021-02-11 10:00:00,366,1
533,2021-02-11 10:00:00,Random Forest,10,2.287439003210616,2.2561740774469152,2020-02-11 10:00:00,2021-02-11 10:00:00,2021-02-11 10:00:00,366,1
534,2021-02-11 10:00:00,Neural Network,10,2.287439003210616,2.235469509810871,2020-02-11 10:00:00,2021-02-11 10:00:00,2021-02-11 10:00:00,366,1
535,2021-02-11 10:00:00,Naive,10,2.287439003210616,2.2163237657885975,2020-02-11 10:00:00,2021-02-11 10:00:00,2021-02-11 10:00:00,366,1
536,2021-02-12 10:00:00,Decision Tree,10,1.8686468040758728,1.839688276292236,2020-02-12 10:00:00,2021-02-12 10:00:00,2021-02-12 10:00:00,366,1
537,2021-02-12 10:00:00,Random Forest,10,1.8686468040758728,1.8834654682666128,2020-02-12 10:00:00,2021-02-12 10:00:00,2021-02-12 10:00:00,366,1
538,2021-02-12 10:00:00,Neural Network,10,1.8686468040758728,1.6459962499608967,2020-02-12 10:00:00,2021-02-12 10:00:00,2021-02-12 10:00:00,366,1
539,2021-02-12 10:00:00,Naive,10,1.8686468040758728,2.287439003210616,2020-02-12 10:00:00,2021-02-12 10:00:00,2021-02-12 10:00:00,366,1
540,2021-02-13 10:00:00,Decision Tree,10,1.4967761101393755,1.4122369266401036,2020-02-13 10:00:00,2021-02-13 10:00:00,2021-02-13 10:00:00,366,1
541,2021-02-13 10:00:00,Random Forest,10,1.4967761101393755,1.4394679762891265,2020-02-13 10:00:00,2021-02-13 10:00:00,2021-02-13 10:00:00,366,1
542,2021-02-13 10:00:00,Neural Network,10,1.4967761101393755,1.4227606819775847,2020-02-13 10:00:00,2021-02-13 10:00:00,2021-02-13 10:00:00,366,1
543,2021-02-13 10:00:00,Naive,10,1.4967761101393755,1.8686468040758728,2020-02-13 10:00:00,2021-02-13 10:00:00,2021-02-13 10:00:00,366,1
544,2021-02-14 10:00:00,Decision Tree,10,0.7646517638780842,0.6487320341237816,2020-02-14 10:00:00,2021-02-14 10:00:00,2021-02-14 10:00:00,366,1
545,2021-02-14 10:00:00,Random Forest,10,0.7646517638780842,0.6791991409489567,2020-02-14 10:00:00,2021-02-14 10:00:00,2021-02-14 10:00:00,366,1
546,2021-02-14 10:00:00,Neural Network,10,0.7646517638780842,0.9397980966514541,2020-02-14 10:00:00,2021-02-14 10:00:00,2021-02-14 10:00:00,366,1
547,2021-02-14 10:00:00,Naive,10,0.7646517638780842,1.4967761101393755,2020-02-14 10:00:00,2021-02-14 10:00:00,2021-02-14 10:00:00,366,1
548,2021-02-15 10:00:00,Decision Tree,10,1.3327609245702925,1.3260236672073777,2020-02-15 10:00:00,2021-02-15 10:00:00,2021-02-15 10:00:00,366,1
549,2021-02-15 10:00:00,Random Forest,10,1.3327609245702925,1.3105673054422518,2020-02-15 10:00:00,2021-02-15 10:00:00,2021-02-15 10:00:00,366,1
550,2021-02-15 10:00:00,Neural Network,10,1.3327609245702925,1.3624671934318766,2020-02-15 10:00:00,2021-02-15 10:00:00,2021-02-15 10:00:00,366,1
551,2021-02-15 10:00:00,Naive,10,1.3327609245702925,0.7646517638780842,2020-02-15 10:00:00,2021-02-15 10:00:00,2021-02-15 10:00:00,366,1
552,2021-02-16 10:00:00,Decision Tree,10,1.5233374494128071,1.5993473394968223,2020-02-16 10:00:00,2021-02-16 10:00:00,2021-02-16 10:00:00,366,1
553,2021-02-16 10:00:00,Random Forest,10,1.5233374494128071,1.5430561629154327,2020-02-16 10:00:00,2021-02-16 10:00:00,2021-02-16 10:00:00,366,1
554,2021-02-16 10:00:00,Neural Network,10,1.5233374494128071,1.5135792369032317,2020-02-16 10:00:00,2021-02-16 10:00:00,2021-02-16 10:00:00,366,1
555,2021-02-16 10:00:00,Naive,10,1.5233374494128071,1.3327609245702925,2020-02-16 10:00:00,2021-02-16 10:00:00,2021-02-16 10:00:00,366,1
556,2021-02-17 10:00:00,Decision Tree,10,1.264954931931887,1.2436681855735736,2020-02-17 10:00:00,2021-02-17 10:00:00,2021-02-17 10:00:00,366,1
557,2021-02-17 10:00:00,Random Forest,10,1.264954931931887,1.2343591433825327,2020-02-17 10:00:00,2021-02-17 10:00:00,2021-02-17 10:00:00,366,1
558,2021-02-17 10:00:00,Neural Network,10,1.264954931931887,1.2414033198254522,2020-02-17 10:00:00,2021-02-17 10:00:00,2021-02-17 10:00:00,366,1
559,2021-02-17 10:00:00,Naive,10,1.264954931931887,1.5233374494128071,2020-02-17 10:00:00,2021-02-17 10:00:00,2021-02-17 10:00:00,366,1
560,2021-02-18 10:00:00,Decision Tree,10,1.0234868779106818,0.9503101416185905,2020-02-18 10:00:00,2021-02-18 10:00:00,2021-02-18 10:00:00,366,1
561,2021-02-18 10:00:00,Random Forest,10,1.0234868779106818,1.0006739154216533,2020-02-18 10:00:00,2021-02-18 10:00:00,2021-02-18 10:00:00,366,1
562,2021-02-18 10:00:00,Neural Network,10,1.0234868779106818,0.9374103017799633,2020-02-18 10:00:00,2021-02-18 10:00:00,2021-02-18 10:00:00,366,1
563,2021-02-18 10:00:00,Naive,10,1.0234868779106818,1.264954931931887,2020-02-18 10:00:00,2021-02-18 10:00:00,2021-02-18 10:00:00,366,1
564,2021-02-19 10:00:00,Decision Tree,10,1.1061284999935137,1.0033074337084127,2020-02-19 10:00:00,2021-02-19 10:00:00,2021-02-19 10:00:00,366,1
565,2021-02-19 10:00:00,Random Forest,10,1.1061284999935137,1.0556813351386964,2020-02-19 10:00:00,2021-02-19 10:00:00,2021-02-19 10:00:00,366,1
566,2021-02-19 10:00:00,Neural Network,10,1.1061284999935137,0.931786918525953,2020-02-19 10:00:00,2021-02-19 10:00:00,2021-02-19 10:00:00,366,1
567,2021-02-19 10:00:00,Naive,10,1.1061284999935137,1.0234868779106818,2020-02-19 10:00:00,2021-02-19 10:00:00,2021-02-19 10:00:00,366,1
568,2021-02-20 10:00:00,Decision Tree,10,-0.13143600312675582,-0.20923549043166956,2020-02-20 10:00:00,2021-02-20 10:00:00,2021-02-20 10:00:00,366,1
569,2021-02-20 10:00:00,Random Forest,10,-0.13143600312675582,-0.16374587620534692,2020-02-20 10:00:00,2021-02-20 10:00:00,2021-02-20 10:00:00,366,1
570,2021-02-20 10:00:00,Neural Network,10,-0.13143600312675582,-0.04869206738172793,2020-02-20 10:00:00,2021-02-20 10:00:00,2021-02-20 10:00:00,366,1
571,2021-02-20 10:00:00,Naive,10,-0.13143600312675582,1.1061284999935137,2020-02-20 10:00:00,2021-02-20 10:00:00,2021-02-20 10:00:00,366,1
572,2021-02-21 10:00:00,Decision Tree,10,-0.28756681250052296,-0.32003611506199314,2020-02-21 10:00:00,2021-02-21 10:00:00,2021-02-21 10:00:00,366,1
573,2021-02-21 10:00:00,Random Forest,10,-0.28756681250052296,-0.30124881570714146,2020-02-21 10:00:00,2021-02-21 10:00:00,2021-02-21 10:00:00,366,1
574,2021-02-21 10:00:00,Neural Network,10,-0.28756681250052296,-0.13249869938886544,2020-02-21 10:00:00,2021-02-21 10:00:00,2021-02-21 10:00:00,366,1
575,2021-02-21 10:00:00,Naive,10,-0.28756681250052296,-0.13143600312675582,2020-02-21 10:00:00,2021-02-21 10:00:00,2021-02-21 10:00:00,366,1
576,2021-02-22 10:00:00,Decision Tree,10,0.8091261801729727,0.7010740662901405,2020-02-22 10:00:00,2021-02-22 10:00:00,2021-02-22 10:00:00,366,1
577,2021-02-22 10:00:00,Random Forest,10,0.8091261801729727,0.7642465580497361,2020-02-22 10:00:00,2021-02-22 10:00:00,2021-02-22 10:00:00,366,1
578,2021-02-22 10:00:00,Neural Network,10,0.8091261801729727,0.73402003184271,2020-02-22 10:00:00,2021-02-22 10:00:00,2021-02-22 10:00:00,366,1
579,2021-02-22 10:00:00,Naive,10,0.8091261801729727,-0.28756681250052296,2020-02-22 10:00:00,2021-02-22 10:00:00,2021-02-22 10:00:00,366,1
580,2021-02-23 10:00:00,Decision Tree,10,0.9692191102968635,0.8463831941881422,2020-02-23 10:00:00,2021-02-23 10:00:00,2021-02-23 10:00:00,366,1
581,2021-02-23 10:00:00,Random Forest,10,0.9692191102968635,0.8631131116622498,2020-02-23 10:00:00,2021-02-23 10:00:00,2021-02-23 10:00:00,366,1
582,2021-02-23 10:00:00,Neural Network,10,0.9692191102968635,0.8399932071409418,2020-02-23 10:00:00,2021-02-23 10:00:00,2021-02-23 10:00:00,366,1
583,2021-02-23 10:00:00,Naive,10,0.9692191102968635,0.8091261801729727,2020-02-23 10:00:00,2021-02-23 10:00:00,2021-02-23 10:00:00,366,1
584,2021-02-24 10:00:00,Decision Tree,10,0.21458654326182341,0.1613433189091665,2020-02-24 10:00:00,2021-02-24 10:00:00,2021-02-24 10:00:00,366,1
585,2021-02-24 10:00:00,Random Forest,10,0.21458654326182341,0.15816772621273195,2020-02-24 10:00:00,2021-02-24 10:00:00,2021-02-24 10:00:00,366,1
586,2021-02-24 10:00:00,Neural Network,10,0.21458654326182341,0.2367248077401351,2020-02-24 10:00:00,2021-02-24 10:00:00,2021-02-24 10:00:00,366,1
587,2021-02-24 10:00:00,Naive,10,0.21458654326182341,0.9692191102968635,2020-02-24 10:00:00,2021-02-24 10:00:00,2021-02-24 10:00:00,366,1
588,2021-02-25 10:00:00,Decision Tree,10,0.5098336480375498,0.4261462309876863,2020-02-25 10:00:00,2021-02-25 10:00:00,2021-02-25 10:00:00,366,1
589,2021-02-25 10:00:00,Random Forest,10,0.5098336480375498,0.4030085959821235,2020-02-25 10:00:00,2021-02-25 10:00:00,2021-02-25 10:00:00,366,1
590,2021-02-25 10:00:00,Neural Network,10,0.5098336480375498,0.39392774796124347,2020-02-25 10:00:00,2021-02-25 10:00:00,2021-02-25 10:00:00,366,1
591,2021-02-25 10:00:00,Naive,10,0.5098336480375498,0.21458654326182341,2020-02-25 10:00:00,2021-02-25 10:00:00,2021-02-25 10:00:00,366,1
592,2021-02-26 10:00:00,Decision Tree,10,1.0055708768167175,0.9607639610888893,2020-02-26 10:00:00,2021-02-26 10:00:00,2021-02-26 10:00:00,366,1
593,2021-02-26 10:00:00,Random Forest,10,1.0055708768167175,0.976591348961437,2020-02-26 10:00:00,2021-02-26 10:00:00,2021-02-26 10:00:00,366,1
594,2021-02-26 10:00:00,Neural Network,10,1.0055708768167175,0.9666301006173401,2020-02-26 10:00:00,2021-02-26 10:00:00,2021-02-26 10:00:00,366,1
595,2021-02-26 10:00:00,Naive,10,1.0055708768167175,0.5098336480375498,2020-02-26 10:00:00,2021-02-26 10:00:00,2021-02-26 10:00:00,366,1
596,2021-02-27 10:00:00,Decision Tree,10,0.7336408110489523,0.6585537965274209,2020-02-27 10:00:00,2021-02-27 10:00:00,2021-02-27 10:00:00,366,1
597,2021-02-27 10:00:00,Random Forest,10,0.7336408110489523,0.6718814272511747,2020-02-27 10:00:00,2021-02-27 10:00:00,2021-02-27 10:00:00,366,1
598,2021-02-27 10:00:00,Neural Network,10,0.7336408110489523,0.9638028567071495,2020-02-27 10:00:00,2021-02-27 10:00:00,2021-02-27 10:00:00,366,1
599,2021-02-27 10:00:00,Naive,10,0.7336408110489523,1.0055708768167175,2020-02-27 10:00:00,2021-02-27 10:00:00,2021-02-27 10:00:00,366,1
600,2021-02-28 10:00:00,Decision Tree,10,0.28054415468358257,0.21352211836395216,2020-02-28 10:00:00,2021-02-28 10:00:00,2021-02-28 10:00:00,366,1
601,2021-02-28 10:00:00,Random Forest,10,0.28054415468358257,0.19698077317190119,2020-02-28 10:00:00,2021-02-28 10:00:00,2021-02-28 10:00:00,366,1
602,2021-02-28 10:00:00,Neural Network,10,0.28054415468358257,0.605938034567358,2020-02-28 10:00:00,2021-02-28 10:00:00,2021-02-28 10:00:00,366,1
603,2021-02-28 10:00:00,Naive,10,0.28054415468358257,0.7336408110489523,2020-02-28 10:00:00,2021-02-28 10:00:00,2021-02-28 10:00:00,366,1
604,2021-03-01 10:00:00,Decision Tree,10,1.0922958743800384,1.0757417418354882,2020-03-01 10:00:00,2021-03-01 10:00:00,2021-03-01 10:00:00,365,1
605,2021-03-01 10:00:00,Random Forest,10,1.0922958743800384,1.0322295143281177,2020-03-01 10:00:00,2021-03-01 10:00:00,2021-03-01 10:00:00,365,1
606,2021-03-01 10:00:00,Neural Network,10,1.0922958743800384,0.8299508877217223,2020-03-01 10:00:00,2021-03-01 10:00:00,2021-03-01 10:00:00,365,1
607,2021-03-01 10:00:00,Naive,10,1.0922958743800384,0.28054415468358257,2020-03-01 10:00:00,2021-03-01 10:00:00,2021-03-01 10:00:00,365,1
608,2021-03-02 10:00:00,Decision Tree,10,1.0261790940017914,0.9663648255548679,2020-03-02 10:00:00,2021-03-02 10:00:00,2021-03-02 10:00:00,365,1
609,2021-03-02 10:00:00,Random Forest,10,1.0261790940017914,0.9720691104557896,2020-03-02 10:00:00,2021-03-02 10:00:00,2021-03-02 10:00:00,365,1
610,2021-03-02 10:00:00,Neural Network,10,1.0261790940017914,0.9037465045908932,2020-03-02 10:00:00,2021-03-02 10:00:00,2021-03-02 10:00:00,365,1
611,2021-03-02 10:00:00,Naive,10,1.0261790940017914,1.0922958743800384,2020-03-02 10:00:00,2021-03-02 10:00:00,2021-03-02 10:00:00,365,1
612,2021-03-03 10:00:00,Decision Tree,10,0.9503456335017014,0.8460934687705159,2020-03-03 10:00:00,2021-03-03 10:00:00,2021-03-03 10:00:00,365,1
613,2021-03-03 10:00:00,Random Forest,10,0.9503456335017014,0.8463724851675334,2020-03-03 10:00:00,2021-03-03 10:00:00,2021-03-03 10:00:00,365,1
614,2021-03-03 10:00:00,Neural Network,10,0.9503456335017014,0.9570579121706242,2020-03-03 10:00:00,2021-03-03 10:00:00,2021-03-03 10:00:00,365,1
615,2021-03-03 10:00:00,Naive,10,0.9503456335017014,1.0261790940017914,2020-03-03 10:00:00,2021-03-03 10:00:00,2021-03-03 10:00:00,365,1
616,2021-03-04 10:00:00,Decision Tree,10,1.4034046538372074,1.426326790556649,2020-03-04 10:00:00,2021-03-04 10:00:00,2021-03-04 10:00:00,365,1
617,2021-03-04 10:00:00,Random Forest,10,1.4034046538372074,1.364421475310611,2020-03-04 10:00:00,2021-03-04 10:00:00,2021-03-04 10:00:00,365,1
618,2021-03-04 10:00:00,Neural Network,10,1.4034046538372074,1.1927544502386525,2020-03-04 10:00:00,2021-03-04 10:00:00,2021-03-04 10:00:00,365,1
619,2021-03-04 10:00:00,Naive,10,1.4034046538372074,0.9503456335017014,2020-03-04 10:00:00,2021-03-04 10:00:00,2021-03-04 10:00:00,365,1
620,2021-03-05 10:00:00,Decision Tree,10,1.4048625515095154,1.3520823381111389,2020-03-05 10:00:00,2021-03-05 10:00:00,2021-03-05 10:00:00,365,1
621,2021-03-05 10:00:00,Random Forest,10,1.4048625515095154,1.3890358356272046,2020-03-05 10:00:00,2021-03-05 10:00:00,2021-03-05 10:00:00,365,1
622,2021-03-05 10:00:00,Neural Network,10,1.4048625515095154,1.1852129458271305,2020-03-05 10:00:00,2021-03-05 10:00:00,2021-03-05 10:00:00,365,1
623,2021-03-05 10:00:00,Naive,10,1.4048625515095154,1.4034046538372074,2020-03-05 10:00:00,2021-03-05 10:00:00,2021-03-05 10:00:00,365,1
624,2021-03-06 10:00:00,Decision Tree,10,0.41882849744636985,0.3586141982649025,2020-03-06 10:00:00,2021-03-06 10:00:00,2021-03-06 10:00:00,365,1
625,2021-03-06 10:00:00,Random Forest,10,0.41882849744636985,0.35978769735031574,2020-03-06 10:00:00,2021-03-06 10:00:00,2021-03-06 10:00:00,365,1
626,2021-03-06 10:00:00,Neural Network,10,0.41882849744636985,0.2830921763523486,2020-03-06 10:00:00,2021-03-06 10:00:00,2021-03-06 10:00:00,365,1
627,2021-03-06 10:00:00,Naive,10,0.41882849744636985,1.4048625515095154,2020-03-06 10:00:00,2021-03-06 10:00:00,2021-03-06 10:00:00,365,1
628,2021-03-07 10:00:00,Decision Tree,10,0.21268818263055464,0.16110307205417695,2020-03-07 10:00:00,2021-03-07 10:00:00,2021-03-07 10:00:00,365,1
629,2021-03-07 10:00:00,Random Forest,10,0.21268818263055464,0.1677278309516214,2020-03-07 10:00:00,2021-03-07 10:00:00,2021-03-07 10:00:00,365,1
630,2021-03-07 10:00:00,Neural Network,10,0.21268818263055464,-0.03373602072798835,2020-03-07 10:00:00,2021-03-07 10:00:00,2021-03-07 10:00:00,365,1
631,2021-03-07 10:00:00,Naive,10,0.21268818263055464,0.41882849744636985,2020-03-07 10:00:00,2021-03-07 10:00:00,2021-03-07 10:00:00,365,1
632,2021-03-08 10:00:00,Decision Tree,10,1.3740219271910372,1.4295305818227244,2020-03-08 10:00:00,2021-03-08 10:00:00,2021-03-08 10:00:00,365,1
633,2021-03-08 10:00:00,Random Forest,10,1.3740219271910372,1.376161808287744,2020-03-08 10:00:00,2021-03-08 10:00:00,2021-03-08 10:00:00,365,1
634,2021-03-08 10:00:00,Neural Network,10,1.3740219271910372,0.9841761893294851,2020-03-08 10:00:00,2021-03-08 10:00:00,2021-03-08 10:00:00,365,1
635,2021-03-08 10:00:00,Naive,10,1.3740219271910372,0.21268818263055464,2020-03-08 10:00:00,2021-03-08 10:00:00,2021-03-08 10:00:00,365,1
636,2021-03-09 10:00:00,Decision Tree,10,1.501658247200361,1.4225919999937637,2020-03-09 10:00:00,2021-03-09 10:00:00,2021-03-09 10:00:00,365,1
637,2021-03-09 10:00:00,Random Forest,10,1.501658247200361,1.4633591016446836,2020-03-09 10:00:00,2021-03-09 10:00:00,2021-03-09 10:00:00,365,1
638,2021-03-09 10:00:00,Neural Network,10,1.501658247200361,1.276487339088966,2020-03-09 10:00:00,2021-03-09 10:00:00,2021-03-09 10:00:00,365,1
639,2021-03-09 10:00:00,Naive,10,1.501658247200361,1.3740219271910372,2020-03-09 10:00:00,2021-03-09 10:00:00,2021-03-09 10:00:00,365,1
640,2021-03-10 10:00:00,Decision Tree,10,1.0112774406452123,1.0315068982026463,2020-03-10 10:00:00,2021-03-10 10:00:00,2021-03-10 10:00:00,365,1
641,2021-03-10 10:00:00,Random Forest,10,1.0112774406452123,1.011199720144012,2020-03-10 10:00:00,2021-03-10 10:00:00,2021-03-10 10:00:00,365,1
642,2021-03-10 10:00:00,Neural Network,10,1.0112774406452123,1.0394352173316552,2020-03-10 10:00:00,2021-03-10 10:00:00,2021-03-10 10:00:00,365,1
643,2021-03-10 10:00:00,Naive,10,1.0112774406452123,1.501658247200361,2020-03-10 10:00:00,2021-03-10 10:00:00,2021-03-10 10:00:00,365,1
644,2021-03-11 10:00:00,Decision Tree,10,0.029221210540504916,-0.018833832230981208,2020-03-11 10:00:00,2021-03-11 10:00:00,2021-03-11 10:00:00,365,1
645,2021-03-11 10:00:00,Random Forest,10,0.029221210540504916,-0.019367269866380307,2020-03-11 10:00:00,2021-03-11 10:00:00,2021-03-11 10:00:00,365,1
646,2021-03-11 10:00:00,Neural Network,10,0.029221210540504916,-0.43090643917035415,2020-03-11 10:00:00,2021-03-11 10:00:00,2021-03-11 10:00:00,365,1
647,2021-03-11 10:00:00,Naive,10,0.029221210540504916,1.0112774406452123,2020-03-11 10:00:00,2021-03-11 10:00:00,2021-03-11 10:00:00,365,1
648,2021-03-12 10:00:00,Decision Tree,10,-1.7265981937228099,-1.6863652797300286,2020-03-12 10:00:00,2021-03-12 10:00:00,2021-03-12 10:00:00,365,1
649,2021-03-12 10:00:00,Random Forest,10,-1.7265981937228099,-1.6567372186363882,2020-03-12 10:00:00,2021-03-12 10:00:00,2021-03-12 10:00:00,365,1
650,2021-03-12 10:00:00,Neural Network,10,-1.7265981937228099,-1.5851844808681934,2020-03-12 10:00:00,2021-03-12 10:00:00,2021-03-12 10:00:00,365,1
651,2021-03-12 10:00:00,Naive,10,-1.7265981937228099,0.029221210540504916,2020-03-12 10:00:00,2021-03-12 10:00:00,2021-03-12 10:00:00,365,1
652,2021-03-13 10:00:00,Decision Tree,10,-1.7263329296642345,-1.707181727459832,2020-03-13 10:00:00,2021-03-13 10:00:00,2021-03-13 10:00:00,365,1
653,2021-03-13 10:00:00,Random Forest,10,-1.7263329296642345,-1.6946098203086075,2020-03-13 10:00:00,2021-03-13 10:00:00,2021-03-13 10:00:00,365,1
654,2021-03-13 10:00:00,Neural Network,10,-1.7263329296642345,-1.4520903713399094,2020-03-13 10:00:00,2021-03-13 10:00:00,2021-03-13 10:00:00,365,1
655,2021-03-13 10:00:00,Naive,10,-1.7263329296642345,-1.7265981937228099,2020-03-13 10:00:00,2021-03-13 10:00:00,2021-03-13 10:00:00,365,1
656,2021-03-14 10:00:00,Decision Tree,10,-1.2670919714213005,-1.1962002415642972,2020-03-14 10:00:00,2021-03-14 10:00:00,2021-03-14 10:00:00,365,1
657,2021-03-14 10:00:00,Random Forest,10,-1.2670919714213005,-1.2087888716990436,2020-03-14 10:00:00,2021-03-14 10:00:00,2021-03-14 10:00:00,365,1
658,2021-03-14 10:00:00,Neural Network,10,-1.2670919714213005,-1.2065902291409156,2020-03-14 10:00:00,2021-03-14 10:00:00,2021-03-14 10:00:00,365,1
659,2021-03-14 10:00:00,Naive,10,-1.2670919714213005,-1.7263329296642345,2020-03-14 10:00:00,2021-03-14 10:00:00,2021-03-14 10:00:00,365,1
660,2021-03-15 10:00:00,Decision Tree,10,1.1960244279114332,1.1654686075612413,2020-03-15 10:00:00,2021-03-15 10:00:00,2021-03-15 10:00:00,365,1
661,2021-03-15 10:00:00,Random Forest,10,1.1960244279114332,1.1456739902653892,2020-03-15 10:00:00,2021-03-15 10:00:00,2021-03-15 10:00:00,365,1
662,2021-03-15 10:00:00,Neural Network,10,1.1960244279114332,0.5584112236064844,2020-03-15 10:00:00,2021-03-15 10:00:00,2021-03-15 10:00:00,365,1
663,2021-03-15 10:00:00,Naive,10,1.1960244279114332,-1.2670919714213005,2020-03-15 10:00:00,2021-03-15 10:00:00,2021-03-15 10:00:00,365,1
664,2021-03-16 10:00:00,Decision Tree,10,1.3871930999715025,1.3868861898773048,2020-03-16 10:00:00,2021-03-16 10:00:00,2021-03-16 10:00:00,365,1
665,2021-03-16 10:00:00,Random Forest,10,1.3871930999715025,1.3948779679433656,2020-03-16 10:00:00,2021-03-16 10:00:00,2021-03-16 10:00:00,365,1
666,2021-03-16 10:00:00,Neural Network,10,1.3871930999715025,1.2062203113483803,2020-03-16 10:00:00,2021-03-16 10:00:00,2021-03-16 10:00:00,365,1
667,2021-03-16 10:00:00,Naive,10,1.3871930999715025,1.1960244279114332,2020-03-16 10:00:00,2021-03-16 10:00:00,2021-03-16 10:00:00,365,1
668,2021-03-17 10:00:00,Decision Tree,10,1.292057426791615,1.31268692076865,2020-03-17 10:00:00,2021-03-17 10:00:00,2021-03-17 10:00:00,365,1
669,2021-03-17 10:00:00,Random Forest,10,1.292057426791615,1.3016138111925009,2020-03-17 10:00:00,2021-03-17 10:00:00,2021-03-17 10:00:00,365,1
670,2021-03-17 10:00:00,Neural Network,10,1.292057426791615,1.114283043843143,2020-03-17 10:00:00,2021-03-17 10:00:00,2021-03-17 10:00:00,365,1
671,2021-03-17 10:00:00,Naive,10,1.292057426791615,1.3871930999715025,2020-03-17 10:00:00,2021-03-17 10:00:00,2021-03-17 10:00:00,365,1
672,2021-03-18 10:00:00,Decision Tree,10,1.6813402633876042,1.5280580314991772,2020-03-18 10:00:00,2021-03-18 10:00:00,2021-03-18 10:00:00,365,1
673,2021-03-18 10:00:00,Random Forest,10,1.6813402633876042,1.574803991917822,2020-03-18 10:00:00,2021-03-18 10:00:00,2021-03-18 10:00:00,365,1
674,2021-03-18 10:00:00,Neural Network,10,1.6813402633876042,1.6282383031339962,2020-03-18 10:00:00,2021-03-18 10:00:00,2021-03-18 10:00:00,365,1
675,2021-03-18 10:00:00,Naive,10,1.6813402633876042,1.292057426791615,2020-03-18 10:00:00,2021-03-18 10:00:00,2021-03-18 10:00:00,365,1
676,2021-03-19 10:00:00,Decision Tree,10,0.9724797861654167,0.9326186580863732,2020-03-19 10:00:00,2021-03-19 10:00:00,2021-03-19 10:00:00,365,1
677,2021-03-19 10:00:00,Random Forest,10,0.9724797861654167,0.9808592302119682,2020-03-19 10:00:00,2021-03-19 10:00:00,2021-03-19 10:00:00,365,1
678,2021-03-19 10:00:00,Neural Network,10,0.9724797861654167,0.8720227116332356,2020-03-19 10:00:00,2021-03-19 10:00:00,2021-03-19 10:00:00,365,1
679,2021-03-19 10:00:00,Naive,10,0.9724797861654167,1.6813402633876042,2020-03-19 10:00:00,2021-03-19 10:00:00,2021-03-19 10:00:00,365,1
680,2021-03-20 10:00:00,Decision Tree,10,0.7904353669426912,0.7663089476126926,2020-03-20 10:00:00,2021-03-20 10:00:00,2021-03-20 10:00:00,365,1
681,2021-03-20 10:00:00,Random Forest,10,0.7904353669426912,0.7465731307961664,2020-03-20 10:00:00,2021-03-20 10:00:00,2021-03-20 10:00:00,365,1
682,2021-03-20 10:00:00,Neural Network,10,0.7904353669426912,0.644149882184599,2020-03-20 10:00:00,2021-03-20 10:00:00,2021-03-20 10:00:00,365,1
683,2021-03-20 10:00:00,Naive,10,0.7904353669426912,0.9724797861654167,2020-03-20 10:00:00,2021-03-20 10:00:00,2021-03-20 10:00:00,365,1
684,2021-03-21 10:00:00,Decision Tree,10,-0.5361445034082909,-0.5395456373667106,2020-03-21 10:00:00,2021-03-21 10:00:00,2021-03-21 10:00:00,365,1
685,2021-03-21 10:00:00,Random Forest,10,-0.5361445034082909,-0.5252212824311384,2020-03-21 10:00:00,2021-03-21 10:00:00,2021-03-21 10:00:00,365,1
686,2021-03-21 10:00:00,Neural Network,10,-0.5361445034082909,-0.5091222317634291,2020-03-21 10:00:00,2021-03-21 10:00:00,2021-03-21 10:00:00,365,1
687,2021-03-21 10:00:00,Naive,10,-0.5361445034082909,0.7904353669426912,2020-03-21 10:00:00,2021-03-21 10:00:00,2021-03-21 10:00:00,365,1
688,2021-03-22 10:00:00,Decision Tree,10,1.5572983518099244,1.5280580314991772,2020-03-22 10:00:00,2021-03-22 10:00:00,2021-03-22 10:00:00,365,1
689,2021-03-22 10:00:00,Random Forest,10,1.5572983518099244,1.53763278382947,2020-03-22 10:00:00,2021-03-22 10:00:00,2021-03-22 10:00:00,365,1
690,2021-03-22 10:00:00,Neural Network,10,1.5572983518099244,1.3946363301634668,2020-03-22 10:00:00,2021-03-22 10:00:00,2021-03-22 10:00:00,365,1
691,2021-03-22 10:00:00,Naive,10,1.5572983518099244,-0.5361445034082909,2020-03-22 10:00:00,2021-03-22 10:00:00,2021-03-22 10:00:00,365,1
692,2021-03-23 10:00:00,Decision Tree,10,1.4889631639673422,1.5322352201149985,2020-03-23 10:00:00,2021-03-23 10:00:00,2021-03-23 10:00:00,365,1
693,2021-03-23 10:00:00,Random Forest,10,1.4889631639673422,1.5149112678416956,2020-03-23 10:00:00,2021-03-23 10:00:00,2021-03-23 10:00:00,365,1
694,2021-03-23 10:00:00,Neural Network,10,1.4889631639673422,1.375766851417336,2020-03-23 10:00:00,2021-03-23 10:00:00,2021-03-23 10:00:00,365,1
695,2021-03-23 10:00:00,Naive,10,1.4889631639673422,1.5572983518099244,2020-03-23 10:00:00,2021-03-23 10:00:00,2021-03-23 10:00:00,365,1
696,2021-03-24 10:00:00,Decision Tree,10,0.5988968357854694,0.6103549190683103,2020-03-24 10:00:00,2021-03-24 10:00:00,2021-03-24 10:00:00,365,1
697,2021-03-24 10:00:00,Random Forest,10,0.5988968357854694,0.5706292159203382,2020-03-24 10:00:00,2021-03-24 10:00:00,2021-03-24 10:00:00,365,1
698,2021-03-24 10:00:00,Neural Network,10,0.5988968357854694,0.6067544012935707,2020-03-24 10:00:00,2021-03-24 10:00:00,2021-03-24 10:00:00,365,1
699,2021-03-24 10:00:00,Naive,10,0.5988968357854694,1.4889631639673422,2020-03-24 10:00:00,2021-03-24 10:00:00,2021-03-24 10:00:00,365,1
700,2021-03-25 10:00:00,Decision Tree,10,1.28718459417638,1.3101082340215207,2020-03-25 10:00:00,2021-03-25 10:00:00,2021-03-25 10:00:00,365,1
701,2021-03-25 10:00:00,Random Forest,10,1.28718459417638,1.303310723642623,2020-03-25 10:00:00,2021-03-25 10:00:00,2021-03-25 10:00:00,365,1
702,2021-03-25 10:00:00,Neural Network,10,1.28718459417638,1.2043855291133552,2020-03-25 10:00:00,2021-03-25 10:00:00,2021-03-25 10:00:00,365,1
703,2021-03-25 10:00:00,Naive,10,1.28718459417638,0.5988968357854694,2020-03-25 10:00:00,2021-03-25 10:00:00,2021-03-25 10:00:00,365,1
704,2021-03-26 10:00:00,Decision Tree,10,0.517526195787396,0.4473541271478146,2020-03-26 10:00:00,2021-03-26 10:00:00,2021-03-26 10:00:00,365,1
705,2021-03-26 10:00:00,Random Forest,10,0.517526195787396,0.5252635086053851,2020-03-26 10:00:00,2021-03-26 10:00:00,2021-03-26 10:00:00,365,1
706,2021-03-26 10:00:00,Neural Network,10,0.517526195787396,0.34152574091370325,2020-03-26 10:00:00,2021-03-26 10:00:00,2021-03-26 10:00:00,365,1
707,2021-03-26 10:00:00,Naive,10,0.517526195787396,1.28718459417638,2020-03-26 10:00:00,2021-03-26 10:00:00,2021-03-26 10:00:00,365,1
708,2021-03-27 10:00:00,Decision Tree,10,-1.563043654517389,-1.5630494661536956,2020-03-27 10:00:00,2021-03-27 10:00:00,2021-03-27 10:00:00,365,1
709,2021-03-27 10:00:00,Random Forest,10,-1.563043654517389,-1.5303175584059958,2020-03-27 10:00:00,2021-03-27 10:00:00,2021-03-27 10:00:00,365,1
710,2021-03-27 10:00:00,Neural Network,10,-1.563043654517389,-1.648108308951742,2020-03-27 10:00:00,2021-03-27 10:00:00,2021-03-27 10:00:00,365,1
711,2021-03-27 10:00:00,Naive,10,-1.563043654517389,0.517526195787396,2020-03-27 10:00:00,2021-03-27 10:00:00,2021-03-27 10:00:00,365,1
712,2021-03-28 10:00:00,Decision Tree,10,-0.9337373917438848,-0.9146109385478969,2020-03-28 10:00:00,2021-03-28 10:00:00,2021-03-28 10:00:00,365,1
713,2021-03-28 10:00:00,Random Forest,10,-0.9337373917438848,-0.9132483939779699,2020-03-28 10:00:00,2021-03-28 10:00:00,2021-03-28 10:00:00,365,1
714,2021-03-28 10:00:00,Neural Network,10,-0.9337373917438848,-0.8884598365833973,2020-03-28 10:00:00,2021-03-28 10:00:00,2021-03-28 10:00:00,365,1
715,2021-03-28 10:00:00,Naive,10,-0.9337373917438848,-1.563043654517389,2020-03-28 10:00:00,2021-03-28 10:00:00,2021-03-28 10:00:00,365,1
716,2021-03-29 10:00:00,Decision Tree,10,0.47729105870103494,0.4698434212838932,2020-03-29 10:00:00,2021-03-29 10:00:00,2021-03-29 10:00:00,365,1
717,2021-03-29 10:00:00,Random Forest,10,0.47729105870103494,0.4536853814834251,2020-03-29 10:00:00,2021-03-29 10:00:00,2021-03-29 10:00:00,365,1
718,2021-03-29 10:00:00,Neural Network,10,0.47729105870103494,0.14317704905112527,2020-03-29 10:00:00,2021-03-29 10:00:00,2021-03-29 10:00:00,365,1
719,2021-03-29 10:00:00,Naive,10,0.47729105870103494,-0.9337373917438848,2020-03-29 10:00:00,2021-03-29 10:00:00,2021-03-29 10:00:00,365,1
720,2021-03-30 10:00:00,Decision Tree,10,1.0710733291635777,0.9865943372625452,2020-03-30 10:00:00,2021-03-30 10:00:00,2021-03-30 10:00:00,365,1
721,2021-03-30 10:00:00,Random Forest,10,1.0710733291635777,1.0398936930717577,2020-03-30 10:00:00,2021-03-30 10:00:00,2021-03-30 10:00:00,365,1
722,2021-03-30 10:00:00,Neural Network,10,1.0710733291635777,0.831284785046185,2020-03-30 10:00:00,2021-03-30 10:00:00,2021-03-30 10:00:00,365,1
723,2021-03-30 10:00:00,Naive,10,1.0710733291635777,0.47729105870103494,2020-03-30 10:00:00,2021-03-30 10:00:00,2021-03-30 10:00:00,365,1
724,2021-03-31 10:00:00,Decision Tree,10,1.232761767808551,1.246033379613386,2020-03-31 10:00:00,2021-03-31 10:00:00,2021-03-31 10:00:00,365,1
725,2021-03-31 10:00:00,Random Forest,10,1.232761767808551,1.2321246525248186,2020-03-31 10:00:00,2021-03-31 10:00:00,2021-03-31 10:00:00,365,1
726,2021-03-31 10:00:00,Neural Network,10,1.232761767808551,1.2228327157013321,2020-03-31 10:00:00,2021-03-31 10:00:00,2021-03-31 10:00:00,365,1
727,2021-03-31 10:00:00,Naive,10,1.232761767808551,1.0710733291635777,2020-03-31 10:00:00,2021-03-31 10:00:00,2021-03-31 10:00:00,365,1
728,2021-04-01 10:00:00,Decision Tree,10,1.1294081870651584,1.1692880851050154,2020-04-01 10:00:00,2021-04-01 10:00:00,2021-04-01 10:00:00,365,1
729,2021-04-01 10:00:00,Random Forest,10,1.1294081870651584,1.1302996843126991,2020-04-01 10:00:00,2021-04-01 10:00:00,2021-04-01 10:00:00,365,1
730,2021-04-01 10:00:00,Neural Network,10,1.1294081870651584,0.711170053621788,2020-04-01 10:00:00,2021-04-01 10:00:00,2021-04-01 10:00:00,365,1
731,2021-04-01 10:00:00,Naive,10,1.1294081870651584,1.232761767808551,2020-04-01 10:00:00,2021-04-01 10:00:00,2021-04-01 10:00:00,365,1
732,2021-04-02 10:00:00,Decision Tree,10,0.674645909435526,0.7297912404675861,2020-04-02 10:00:00,2021-04-02 10:00:00,2021-04-02 10:00:00,365,1
733,2021-04-02 10:00:00,Random Forest,10,0.674645909435526,0.6992087490159368,2020-04-02 10:00:00,2021-04-02 10:00:00,2021-04-02 10:00:00,365,1
734,2021-04-02 10:00:00,Neural Network,10,0.674645909435526,-0.15729410354016687,2020-04-02 10:00:00,2021-04-02 10:00:00,2021-04-02 10:00:00,365,1
735,2021-04-02 10:00:00,Naive,10,0.674645909435526,1.1294081870651584,2020-04-02 10:00:00,2021-04-02 10:00:00,2021-04-02 10:00:00,365,1
736,2021-04-03 10:00:00,Decision Tree,10,0.3856105593307573,0.36184834965827745,2020-04-03 10:00:00,2021-04-03 10:00:00,2021-04-03 10:00:00,365,1
737,2021-04-03 10:00:00,Random Forest,10,0.3856105593307573,0.3873492906259584,2020-04-03 10:00:00,2021-04-03 10:00:00,2021-04-03 10:00:00,365,1
738,2021-04-03 10:00:00,Neural Network,10,0.3856105593307573,0.24070430875522109,2020-04-03 10:00:00,2021-04-03 10:00:00,2021-04-03 10:00:00,365,1
739,2021-04-03 10:00:00,Naive,10,0.3856105593307573,0.674645909435526,2020-04-03 10:00:00,2021-04-03 10:00:00,2021-04-03 10:00:00,365,1
740,2021-04-04 10:00:00,Decision Tree,10,-0.9731043464072039,-0.9636337183322059,2020-04-04 10:00:00,2021-04-04 10:00:00,2021-04-04 10:00:00,365,1
741,2021-04-04 10:00:00,Random Forest,10,-0.9731043464072039,-0.956944956215626,2020-04-04 10:00:00,2021-04-04 10:00:00,2021-04-04 10:00:00,365,1
742,2021-04-04 10:00:00,Neural Network,10,-0.9731043464072039,-0.5385302307064235,2020-04-04 10:00:00,2021-04-04 10:00:00,2021-04-04 10:00:00,365,1
743,2021-04-04 10:00:00,Naive,10,-0.9731043464072039,0.3856105593307573,2020-04-04 10:00:00,2021-04-04 10:00:00,2021-04-04 10:00:00,365,1
744,2021-04-05 10:00:00,Decision Tree,10,-2.1072742631156016,-2.126292206169418,2020-04-05 10:00:00,2021-04-05 10:00:00,2021-04-05 10:00:00,365,1
745,2021-04-05 10:00:00,Random Forest,10,-2.1072742631156016,-2.1153018358144555,2020-04-05 10:00:00,2021-04-05 10:00:00,2021-04-05 10:00:00,365,1
746,2021-04-05 10:00:00,Neural Network,10,-2.1072742631156016,-1.8441973483101628,2020-04-05 10:00:00,2021-04-05 10:00:00,2021-04-05 10:00:00,365,1
747,2021-04-05 10:00:00,Naive,10,-2.1072742631156016,-0.9731043464072039,2020-04-05 10:00:00,2021-04-05 10:00:00,2021-04-05 10:00:00,365,1
748,2021-04-06 10:00:00,Decision Tree,10,-0.12749893621178254,-0.12733242016446855,2020-04-06 10:00:00,2021-04-06 10:00:00,2021-04-06 10:00:00,365,1
749,2021-04-06 10:00:00,Random Forest,10,-0.12749893621178254,-0.13233202497465865,2020-04-06 10:00:00,2021-04-06 10:00:00,2021-04-06 10:00:00,365,1
750,2021-04-06 10:00:00,Neural Network,10,-0.12749893621178254,-0.3639764553161099,2020-04-06 10:00:00,2021-04-06 10:00:00,2021-04-06 10:00:00,365,1
751,2021-04-06 10:00:00,Naive,10,-0.12749893621178254,-2.1072742631156016,2020-04-06 10:00:00,2021-04-06 10:00:00,2021-04-06 10:00:00,365,1
752,2021-04-07 10:00:00,Decision Tree,10,1.1872627562671694,1.2241371930496405,2020-04-07 10:00:00,2021-04-07 10:00:00,2021-04-07 10:00:00,365,1
753,2021-04-07 10:00:00,Random Forest,10,1.1872627562671694,1.2351713971987481,2020-04-07 10:00:00,2021-04-07 10:00:00,2021-04-07 10:00:00,365,1
754,2021-04-07 10:00:00,Neural Network,10,1.1872627562671694,0.8408875120817451,2020-04-07 10:00:00,2021-04-07 10:00:00,2021-04-07 10:00:00,365,1
755,2021-04-07 10:00:00,Naive,10,1.1872627562671694,-0.12749893621178254,2020-04-07 10:00:00,2021-04-07 10:00:00,2021-04-07 10:00:00,365,1
756,2021-04-08 10:00:00,Decision Tree,10,1.3314164478328407,1.386937341559671,2020-04-08 10:00:00,2021-04-08 10:00:00,2021-04-08 10:00:00,365,1
757,2021-04-08 10:00:00,Random Forest,10,1.3314164478328407,1.384567549515986,2020-04-08 10:00:00,2021-04-08 10:00:00,2021-04-08 10:00:00,365,1
758,2021-04-08 10:00:00,Neural Network,10,1.3314164478328407,1.0958856359112625,2020-04-08 10:00:00,2021-04-08 10:00:00,2021-04-08 10:00:00,365,1
759,2021-04-08 10:00:00,Naive,10,1.3314164478328407,1.1872627562671694,2020-04-08 10:00:00,2021-04-08 10:00:00,2021-04-08 10:00:00,365,1
760,2021-04-09 10:00:00,Decision Tree,10,0.5768537847983052,0.6087180500279045,2020-04-09 10:00:00,2021-04-09 10:00:00,2021-04-09 10:00:00,365,1
761,2021-04-09 10:00:00,Random Forest,10,0.5768537847983052,0.5834661730594791,2020-04-09 10:00:00,2021-04-09 10:00:00,2021-04-09 10:00:00,365,1
762,2021-04-09 10:00:00,Neural Network,10,0.5768537847983052,0.12013735161325897,2020-04-09 10:00:00,2021-04-09 10:00:00,2021-04-09 10:00:00,365,1
763,2021-04-09 10:00:00,Naive,10,0.5768537847983052,1.3314164478328407,2020-04-09 10:00:00,2021-04-09 10:00:00,2021-04-09 10:00:00,365,1
764,2021-04-10 10:00:00,Decision Tree,10,1.4903934545597324,1.5322352201149985,2020-04-10 10:00:00,2021-04-10 10:00:00,2021-04-10 10:00:00,365,1
765,2021-04-10 10:00:00,Random Forest,10,1.4903934545597324,1.5398393123325609,2020-04-10 10:00:00,2021-04-10 10:00:00,2021-04-10 10:00:00,365,1
766,2021-04-10 10:00:00,Neural Network,10,1.4903934545597324,1.1158384758432451,2020-04-10 10:00:00,2021-04-10 10:00:00,2021-04-10 10:00:00,365,1
767,2021-04-10 10:00:00,Naive,10,1.4903934545597324,0.5768537847983052,2020-04-10 10:00:00,2021-04-10 10:00:00,2021-04-10 10:00:00,365,1
768,2021-04-11 10:00:00,Decision Tree,10,0.6917845764807564,0.7292778827896071,2020-04-11 10:00:00,2021-04-11 10:00:00,2021-04-11 10:00:00,365,1
769,2021-04-11 10:00:00,Random Forest,10,0.6917845764807564,0.6976424964551154,2020-04-11 10:00:00,2021-04-11 10:00:00,2021-04-11 10:00:00,365,1
770,2021-04-11 10:00:00,Neural Network,10,0.6917845764807564,0.34461384659428423,2020-04-11 10:00:00,2021-04-11 10:00:00,2021-04-11 10:00:00,365,1
771,2021-04-11 10:00:00,Naive,10,0.6917845764807564,1.4903934545597324,2020-04-11 10:00:00,2021-04-11 10:00:00,2021-04-11 10:00:00,365,1
772,2021-04-12 10:00:00,Decision Tree,10,1.5288055415220743,1.5419459124491364,2020-04-12 10:00:00,2021-04-12 10:00:00,2021-04-12 10:00:00,365,1
773,2021-04-12 10:00:00,Random Forest,10,1.5288055415220743,1.546544426121368,2020-04-12 10:00:00,2021-04-12 10:00:00,2021-04-12 10:00:00,365,1
774,2021-04-12 10:00:00,Neural Network,10,1.5288055415220743,1.4758345025171928,2020-04-12 10:00:00,2021-04-12 10:00:00,2021-04-12 10:00:00,365,1
775,2021-04-12 10:00:00,Naive,10,1.5288055415220743,0.6917845764807564,2020-04-12 10:00:00,2021-04-12 10:00:00,2021-04-12 10:00:00,365,1
776,2021-04-13 10:00:00,Decision Tree,10,0.6811141386176776,0.7230289984047987,2020-04-13 10:00:00,2021-04-13 10:00:00,2021-04-13 10:00:00,365,1
777,2021-04-13 10:00:00,Random Forest,10,0.6811141386176776,0.6745020061447058,2020-04-13 10:00:00,2021-04-13 10:00:00,2021-04-13 10:00:00,365,1
778,2021-04-13 10:00:00,Neural Network,10,0.6811141386176776,0.7362000800540514,2020-04-13 10:00:00,2021-04-13 10:00:00,2021-04-13 10:00:00,365,1
779,2021-04-13 10:00:00,Naive,10,0.6811141386176776,1.5288055415220743,2020-04-13 10:00:00,2021-04-13 10:00:00,2021-04-13 10:00:00,365,1
780,2021-04-14 10:00:00,Decision Tree,10,1.4250184862108852,1.4592424762101723,2020-04-14 10:00:00,2021-04-14 10:00:00,2021-04-14 10:00:00,365,1
781,2021-04-14 10:00:00,Random Forest,10,1.4250184862108852,1.4635859318237812,2020-04-14 10:00:00,2021-04-14 10:00:00,2021-04-14 10:00:00,365,1
782,2021-04-14 10:00:00,Neural Network,10,1.4250184862108852,1.4496038782591858,2020-04-14 10:00:00,2021-04-14 10:00:00,2021-04-14 10:00:00,365,1
783,2021-04-14 10:00:00,Naive,10,1.4250184862108852,0.6811141386176776,2020-04-14 10:00:00,2021-04-14 10:00:00,2021-04-14 10:00:00,365,1
784,2021-04-15 10:00:00,Decision Tree,10,1.5288730429363542,1.5272050596540883,2020-04-15 10:00:00,2021-04-15 10:00:00,2021-04-15 10:00:00,365,1
785,2021-04-15 10:00:00,Random Forest,10,1.5288730429363542,1.5324357097163304,2020-04-15 10:00:00,2021-04-15 10:00:00,2021-04-15 10:00:00,365,1
786,2021-04-15 10:00:00,Neural Network,10,1.5288730429363542,1.6267133918112582,2020-04-15 10:00:00,2021-04-15 10:00:00,2021-04-15 10:00:00,365,1
787,2021-04-15 10:00:00,Naive,10,1.5288730429363542,1.4250184862108852,2020-04-15 10:00:00,2021-04-15 10:00:00,2021-04-15 10:00:00,365,1
788,2021-04-16 10:00:00,Decision Tree,10,1.4573025883476067,1.5347676450249195,2020-04-16 10:00:00,2021-04-16 10:00:00,2021-04-16 10:00:00,365,1
789,2021-04-16 10:00:00,Random Forest,10,1.4573025883476067,1.5217624094948523,2020-04-16 10:00:00,2021-04-16 10:00:00,2021-04-16 10:00:00,365,1
790,2021-04-16 10:00:00,Neural Network,10,1.4573025883476067,1.3537733418020699,2020-04-16 10:00:00,2021-04-16 10:00:00,2021-04-16 10:00:00,365,1
791,2021-04-16 10:00:00,Naive,10,1.4573025883476067,1.5288730429363542,2020-04-16 10:00:00,2021-04-16 10:00:00,2021-04-16 10:00:00,365,1
792,2021-04-17 10:00:00,Decision Tree,10,1.287123522284583,1.3075611629276163,2020-04-17 10:00:00,2021-04-17 10:00:00,2021-04-17 10:00:00,365,1
793,2021-04-17 10:00:00,Random Forest,10,1.287123522284583,1.2945273222402718,2020-04-17 10:00:00,2021-04-17 10:00:00,2021-04-17 10:00:00,365,1
794,2021-04-17 10:00:00,Neural Network,10,1.287123522284583,1.1359443674538228,2020-04-17 10:00:00,2021-04-17 10:00:00,2021-04-17 10:00:00,365,1
795,2021-04-17 10:00:00,Naive,10,1.287123522284583,1.4573025883476067,2020-04-17 10:00:00,2021-04-17 10:00:00,2021-04-17 10:00:00,365,1
796,2021-04-18 10:00:00,Decision Tree,10,1.3273608021374907,1.379005785312981,2020-04-18 10:00:00,2021-04-18 10:00:00,2021-04-18 10:00:00,365,1
797,2021-04-18 10:00:00,Random Forest,10,1.3273608021374907,1.3815527683979894,2020-04-18 10:00:00,2021-04-18 10:00:00,2021-04-18 10:00:00,365,1
798,2021-04-18 10:00:00,Neural Network,10,1.3273608021374907,1.1223566830155514,2020-04-18 10:00:00,2021-04-18 10:00:00,2021-04-18 10:00:00,365,1
799,2021-04-18 10:00:00,Naive,10,1.3273608021374907,1.287123522284583,2020-04-18 10:00:00,2021-04-18 10:00:00,2021-04-18 10:00:00,365,1
800,2021-04-19 10:00:00,Decision Tree,10,2.062371309834512,2.2408316659172742,2020-04-19 10:00:00,2021-04-19 10:00:00,2021-04-19 10:00:00,365,1
801,2021-04-19 10:00:00,Random Forest,10,2.062371309834512,2.1876768546784,2020-04-19 10:00:00,2021-04-19 10:00:00,2021-04-19 10:00:00,365,1
802,2021-04-19 10:00:00,Neural Network,10,2.062371309834512,2.158862785315671,2020-04-19 10:00:00,2021-04-19 10:00:00,2021-04-19 10:00:00,365,1
803,2021-04-19 10:00:00,Naive,10,2.062371309834512,1.3273608021374907,2020-04-19 10:00:00,2021-04-19 10:00:00,2021-04-19 10:00:00,365,1
804,2021-04-20 10:00:00,Decision Tree,10,1.622442631275025,1.8235145906521117,2020-04-20 10:00:00,2021-04-20 10:00:00,2021-04-20 10:00:00,365,1
805,2021-04-20 10:00:00,Random Forest,10,1.622442631275025,1.6296871327254805,2020-04-20 10:00:00,2021-04-20 10:00:00,2021-04-20 10:00:00,365,1
806,2021-04-20 10:00:00,Neural Network,10,1.622442631275025,1.6892367202687109,2020-04-20 10:00:00,2021-04-20 10:00:00,2021-04-20 10:00:00,365,1
807,2021-04-20 10:00:00,Naive,10,1.622442631275025,2.062371309834512,2020-04-20 10:00:00,2021-04-20 10:00:00,2021-04-20 10:00:00,365,1
808,2021-04-21 10:00:00,Decision Tree,10,0.976663517701895,0.9917356985477394,2020-04-21 10:00:00,2021-04-21 10:00:00,2021-04-21 10:00:00,365,1
809,2021-04-21 10:00:00,Random Forest,10,0.976663517701895,1.02695609981727,2020-04-21 10:00:00,2021-04-21 10:00:00,2021-04-21 10:00:00,365,1
810,2021-04-21 10:00:00,Neural Network,10,0.976663517701895,0.860221247720627,2020-04-21 10:00:00,2021-04-21 10:00:00,2021-04-21 10:00:00,365,1
811,2021-04-21 10:00:00,Naive,10,0.976663517701895,1.622442631275025,2020-04-21 10:00:00,2021-04-21 10:00:00,2021-04-21 10:00:00,365,1
812,2021-04-22 10:00:00,Decision Tree,10,-0.01943447615967064,-0.012826951884545443,2020-04-22 10:00:00,2021-04-22 10:00:00,2021-04-22 10:00:00,365,1
813,2021-04-22 10:00:00,Random Forest,10,-0.01943447615967064,-0.017585535031086275,2020-04-22 10:00:00,2021-04-22 10:00:00,2021-04-22 10:00:00,365,1
814,2021-04-22 10:00:00,Neural Network,10,-0.01943447615967064,-0.07345054001452467,2020-04-22 10:00:00,2021-04-22 10:00:00,2021-04-22 10:00:00,365,1
815,2021-04-22 10:00:00,Naive,10,-0.01943447615967064,0.976663517701895,2020-04-22 10:00:00,2021-04-22 10:00:00,2021-04-22 10:00:00,365,1
816,2021-04-23 10:00:00,Decision Tree,10,1.0954854187103253,1.1648569853228092,2020-04-23 10:00:00,2021-04-23 10:00:00,2021-04-23 10:00:00,365,1
817,2021-04-23 10:00:00,Random Forest,10,1.0954854187103253,1.1284701600967373,2020-04-23 10:00:00,2021-04-23 10:00:00,2021-04-23 10:00:00,365,1
818,2021-04-23 10:00:00,Neural Network,10,1.0954854187103253,0.704098688838884,2020-04-23 10:00:00,2021-04-23 10:00:00,2021-04-23 10:00:00,365,1
819,2021-04-23 10:00:00,Naive,10,1.0954854187103253,-0.01943447615967064,2020-04-23 10:00:00,2021-04-23 10:00:00,2021-04-23 10:00:00,365,1
820,2021-04-24 10:00:00,Decision Tree,10,0.8881339415222355,0.9376012990962536,2020-04-24 10:00:00,2021-04-24 10:00:00,2021-04-24 10:00:00,365,1
821,2021-04-24 10:00:00,Random Forest,10,0.8881339415222355,0.9137385816921733,2020-04-24 10:00:00,2021-04-24 10:00:00,2021-04-24 10:00:00,365,1
822,2021-04-24 10:00:00,Neural Network,10,0.8881339415222355,0.6641430431936397,2020-04-24 10:00:00,2021-04-24 10:00:00,2021-04-24 10:00:00,365,1
823,2021-04-24 10:00:00,Naive,10,0.8881339415222355,1.0954854187103253,2020-04-24 10:00:00,2021-04-24 10:00:00,2021-04-24 10:00:00,365,1
824,2021-04-25 10:00:00,Decision Tree,10,-1.0771170718061793,-1.0112225007400757,2020-04-25 10:00:00,2021-04-25 10:00:00,2021-04-25 10:00:00,365,1
825,2021-04-25 10:00:00,Random Forest,10,-1.0771170718061793,-1.0432772103489114,2020-04-25 10:00:00,2021-04-25 10:00:00,2021-04-25 10:00:00,365,1
826,2021-04-25 10:00:00,Neural Network,10,-1.0771170718061793,-0.6805374870605738,2020-04-25 10:00:00,2021-04-25 10:00:00,2021-04-25 10:00:00,365,1
827,2021-04-25 10:00:00,Naive,10,-1.0771170718061793,0.8881339415222355,2020-04-25 10:00:00,2021-04-25 10:00:00,2021-04-25 10:00:00,365,1
828,2021-04-26 10:00:00,Decision Tree,10,1.0087595474988622,1.1018456374941648,2020-04-26 10:00:00,2021-04-26 10:00:00,2021-04-26 10:00:00,365,1
829,2021-04-26 10:00:00,Random Forest,10,1.0087595474988622,1.0429851411748665,2020-04-26 10:00:00,2021-04-26 10:00:00,2021-04-26 10:00:00,365,1
830,2021-04-26 10:00:00,Neural Network,10,1.0087595474988622,0.9829785132092814,2020-04-26 10:00:00,2021-04-26 10:00:00,2021-04-26 10:00:00,365,1
831,2021-04-26 10:00:00,Naive,10,1.0087595474988622,-1.0771170718061793,2020-04-26 10:00:00,2021-04-26 10:00:00,2021-04-26 10:00:00,365,1
832,2021-04-27 10:00:00,Decision Tree,10,0.9286916537025792,0.9912559497122251,2020-04-27 10:00:00,2021-04-27 10:00:00,2021-04-27 10:00:00,365,1
833,2021-04-27 10:00:00,Random Forest,10,0.9286916537025792,0.9908576655240487,2020-04-27 10:00:00,2021-04-27 10:00:00,2021-04-27 10:00:00,365,1
834,2021-04-27 10:00:00,Neural Network,10,0.9286916537025792,0.8962064283405264,2020-04-27 10:00:00,2021-04-27 10:00:00,2021-04-27 10:00:00,365,1
835,2021-04-27 10:00:00,Naive,10,0.9286916537025792,1.0087595474988622,2020-04-27 10:00:00,2021-04-27 10:00:00,2021-04-27 10:00:00,365,1
836,2021-04-28 10:00:00,Decision Tree,10,1.0866444855274926,1.0925513363476267,2020-04-28 10:00:00,2021-04-28 10:00:00,2021-04-28 10:00:00,365,1
837,2021-04-28 10:00:00,Random Forest,10,1.0866444855274926,1.084653715175974,2020-04-28 10:00:00,2021-04-28 10:00:00,2021-04-28 10:00:00,365,1
838,2021-04-28 10:00:00,Neural Network,10,1.0866444855274926,1.2066807492326408,2020-04-28 10:00:00,2021-04-28 10:00:00,2021-04-28 10:00:00,365,1
839,2021-04-28 10:00:00,Naive,10,1.0866444855274926,0.9286916537025792,2020-04-28 10:00:00,2021-04-28 10:00:00,2021-04-28 10:00:00,365,1
840,2021-04-29 10:00:00,Decision Tree,10,1.4363654102089345,1.4540762079441936,2020-04-29 10:00:00,2021-04-29 10:00:00,2021-04-29 10:00:00,365,1
841,2021-04-29 10:00:00,Random Forest,10,1.4363654102089345,1.5061646739147803,2020-04-29 10:00:00,2021-04-29 10:00:00,2021-04-29 10:00:00,365,1
842,2021-04-29 10:00:00,Neural Network,10,1.4363654102089345,1.3403188176104697,2020-04-29 10:00:00,2021-04-29 10:00:00,2021-04-29 10:00:00,365,1
843,2021-04-29 10:00:00,Naive,10,1.4363654102089345,1.0866444855274926,2020-04-29 10:00:00,2021-04-29 10:00:00,2021-04-29 10:00:00,365,1
844,2021-04-30 10:00:00,Decision Tree,10,1.77504163648133,1.8438252088327551,2020-04-30 10:00:00,2021-04-30 10:00:00,2021-04-30 10:00:00,365,1
845,2021-04-30 10:00:00,Random Forest,10,1.77504163648133,1.8782645174633694,2020-04-30 10:00:00,2021-04-30 10:00:00,2021-04-30 10:00:00,365,1
846,2021-04-30 10:00:00,Neural Network,10,1.77504163648133,1.8008996078708508,2020-04-30 10:00:00,2021-04-30 10:00:00,2021-04-30 10:00:00,365,1
847,2021-04-30 10:00:00,Naive,10,1.77504163648133,1.4363654102089345,2020-04-30 10:00:00,2021-04-30 10:00:00,2021-04-30 10:00:00,365,1
848,2021-05-01 10:00:00,Decision Tree,10,1.0889443802015253,1.09181297999511,2020-05-01 10:00:00,2021-05-01 10:00:00,2021-05-01 10:00:00,365,1
849,2021-05-01 10:00:00,Random Forest,10,1.0889443802015253,1.080480280592622,2020-05-01 10:00:00,2021-05-01 10:00:00,2021-05-01 10:00:00,365,1
850,2021-05-01 10:00:00,Neural Network,10,1.0889443802015253,0.2133231058896348,2020-05-01 10:00:00,2021-05-01 10:00:00,2021-05-01 10:00:00,365,1
851,2021-05-01 10:00:00,Naive,10,1.0889443802015253,1.77504163648133,2020-05-01 10:00:00,2021-05-01 10:00:00,2021-05-01 10:00:00,365,1
852,2021-05-02 10:00:00,Decision Tree,10,0.6639646618753955,0.7218021346571605,2020-05-02 10:00:00,2021-05-02 10:00:00,2021-05-02 10:00:00,365,1
853,2021-05-02 10:00:00,Random Forest,10,0.6639646618753955,0.7051664247953333,2020-05-02 10:00:00,2021-05-02 10:00:00,2021-05-02 10:00:00,365,1
854,2021-05-02 10:00:00,Neural Network,10,0.6639646618753955,0.349153374606131,2020-05-02 10:00:00,2021-05-02 10:00:00,2021-05-02 10:00:00,365,1
855,2021-05-02 10:00:00,Naive,10,0.6639646618753955,1.0889443802015253,2020-05-02 10:00:00,2021-05-02 10:00:00,2021-05-02 10:00:00,365,1
856,2021-05-03 10:00:00,Decision Tree,10,1.325912689989956,1.372550162416045,2020-05-03 10:00:00,2021-05-03 10:00:00,2021-05-03 10:00:00,365,1
857,2021-05-03 10:00:00,Random Forest,10,1.325912689989956,1.3852613975071553,2020-05-03 10:00:00,2021-05-03 10:00:00,2021-05-03 10:00:00,365,1
858,2021-05-03 10:00:00,Neural Network,10,1.325912689989956,0.992862872166426,2020-05-03 10:00:00,2021-05-03 10:00:00,2021-05-03 10:00:00,365,1
859,2021-05-03 10:00:00,Naive,10,1.325912689989956,0.6639646618753955,2020-05-03 10:00:00,2021-05-03 10:00:00,2021-05-03 10:00:00,365,1
860,2021-05-04 10:00:00,Decision Tree,10,-0.025172735217351118,0.0003552643949809797,2020-05-04 10:00:00,2021-05-04 10:00:00,2021-05-04 10:00:00,365,1
861,2021-05-04 10:00:00,Random Forest,10,-0.025172735217351118,-0.023615147031323645,2020-05-04 10:00:00,2021-05-04 10:00:00,2021-05-04 10:00:00,365,1
862,2021-05-04 10:00:00,Neural Network,10,-0.025172735217351118,-0.5715153962672895,2020-05-04 10:00:00,2021-05-04 10:00:00,2021-05-04 10:00:00,365,1
863,2021-05-04 10:00:00,Naive,10,-0.025172735217351118,1.325912689989956,2020-05-04 10:00:00,2021-05-04 10:00:00,2021-05-04 10:00:00,365,1
864,2021-05-05 10:00:00,Decision Tree,10,0.6007330906637087,0.6573072002012277,2020-05-05 10:00:00,2021-05-05 10:00:00,2021-05-05 10:00:00,365,1
865,2021-05-05 10:00:00,Random Forest,10,0.6007330906637087,0.6706960878967076,2020-05-05 10:00:00,2021-05-05 10:00:00,2021-05-05 10:00:00,365,1
866,2021-05-05 10:00:00,Neural Network,10,0.6007330906637087,0.3618608600141148,2020-05-05 10:00:00,2021-05-05 10:00:00,2021-05-05 10:00:00,365,1
867,2021-05-05 10:00:00,Naive,10,0.6007330906637087,-0.025172735217351118,2020-05-05 10:00:00,2021-05-05 10:00:00,2021-05-05 10:00:00,365,1
868,2021-05-06 10:00:00,Decision Tree,10,1.0879087938747454,1.0914942466847117,2020-05-06 10:00:00,2021-05-06 10:00:00,2021-05-06 10:00:00,365,1
869,2021-05-06 10:00:00,Random Forest,10,1.0879087938747454,1.1255045523734224,2020-05-06 10:00:00,2021-05-06 10:00:00,2021-05-06 10:00:00,365,1
870,2021-05-06 10:00:00,Neural Network,10,1.0879087938747454,1.0115400852750804,2020-05-06 10:00:00,2021-05-06 10:00:00,2021-05-06 10:00:00,365,1
871,2021-05-06 10:00:00,Naive,10,1.0879087938747454,0.6007330906637087,2020-05-06 10:00:00,2021-05-06 10:00:00,2021-05-06 10:00:00,365,1
872,2021-05-07 10:00:00,Decision Tree,10,1.8086008426989615,1.8352272622888273,2020-05-07 10:00:00,2021-05-07 10:00:00,2021-05-07 10:00:00,365,1
873,2021-05-07 10:00:00,Random Forest,10,1.8086008426989615,1.8820419207563963,2020-05-07 10:00:00,2021-05-07 10:00:00,2021-05-07 10:00:00,365,1
874,2021-05-07 10:00:00,Neural Network,10,1.8086008426989615,1.7297454890397377,2020-05-07 10:00:00,2021-05-07 10:00:00,2021-05-07 10:00:00,365,1
875,2021-05-07 10:00:00,Naive,10,1.8086008426989615,1.0879087938747454,2020-05-07 10:00:00,2021-05-07 10:00:00,2021-05-07 10:00:00,365,1
876,2021-05-08 10:00:00,Decision Tree,10,0.594523619618796,0.6821216051866493,2020-05-08 10:00:00,2021-05-08 10:00:00,2021-05-08 10:00:00,365,1
877,2021-05-08 10:00:00,Random Forest,10,0.594523619618796,0.6496031256550636,2020-05-08 10:00:00,2021-05-08 10:00:00,2021-05-08 10:00:00,365,1
878,2021-05-08 10:00:00,Neural Network,10,0.594523619618796,0.23075997727090483,2020-05-08 10:00:00,2021-05-08 10:00:00,2021-05-08 10:00:00,365,1
879,2021-05-08 10:00:00,Naive,10,0.594523619618796,1.8086008426989615,2020-05-08 10:00:00,2021-05-08 10:00:00,2021-05-08 10:00:00,365,1
880,2021-05-09 10:00:00,Decision Tree,10,-1.7643392976737275,-2.116962275585851,2020-05-09 10:00:00,2021-05-09 10:00:00,2021-05-09 10:00:00,365,1
881,2021-05-09 10:00:00,Random Forest,10,-1.7643392976737275,-1.6914525146325392,2020-05-09 10:00:00,2021-05-09 10:00:00,2021-05-09 10:00:00,365,1
882,2021-05-09 10:00:00,Neural Network,10,-1.7643392976737275,-1.8161203358429825,2020-05-09 10:00:00,2021-05-09 10:00:00,2021-05-09 10:00:00,365,1
883,2021-05-09 10:00:00,Naive,10,-1.7643392976737275,0.594523619618796,2020-05-09 10:00:00,2021-05-09 10:00:00,2021-05-09 10:00:00,365,1
884,2021-05-10 10:00:00,Decision Tree,10,0.9000435085140267,0.9192098527482304,2020-05-10 10:00:00,2021-05-10 10:00:00,2021-05-10 10:00:00,365,1
885,2021-05-10 10:00:00,Random Forest,10,0.9000435085140267,0.9672412904723766,2020-05-10 10:00:00,2021-05-10 10:00:00,2021-05-10 10:00:00,365,1
886,2021-05-10 10:00:00,Neural Network,10,0.9000435085140267,0.8660846736809867,2020-05-10 10:00:00,2021-05-10 10:00:00,2021-05-10 10:00:00,365,1
887,2021-05-10 10:00:00,Naive,10,0.9000435085140267,-1.7643392976737275,2020-05-10 10:00:00,2021-05-10 10:00:00,2021-05-10 10:00:00,365,1
888,2021-05-11 10:00:00,Decision Tree,10,1.8154290591258806,1.8322687712232866,2020-05-11 10:00:00,2021-05-11 10:00:00,2021-05-11 10:00:00,365,1
889,2021-05-11 10:00:00,Random Forest,10,1.8154290591258806,1.8908008866109003,2020-05-11 10:00:00,2021-05-11 10:00:00,2021-05-11 10:00:00,365,1
890,2021-05-11 10:00:00,Neural Network,10,1.8154290591258806,1.9033268139345307,2020-05-11 10:00:00,2021-05-11 10:00:00,2021-05-11 10:00:00,365,1
891,2021-05-11 10:00:00,Naive,10,1.8154290591258806,0.9000435085140267,2020-05-11 10:00:00,2021-05-11 10:00:00,2021-05-11 10:00:00,365,1
892,2021-05-12 10:00:00,Decision Tree,10,1.7297527684919167,1.8092825999631188,2020-05-12 10:00:00,2021-05-12 10:00:00,2021-05-12 10:00:00,365,1
893,2021-05-12 10:00:00,Random Forest,10,1.7297527684919167,1.8141894307952282,2020-05-12 10:00:00,2021-05-12 10:00:00,2021-05-12 10:00:00,365,1
894,2021-05-12 10:00:00,Neural Network,10,1.7297527684919167,1.7886510711575385,2020-05-12 10:00:00,2021-05-12 10:00:00,2021-05-12 10:00:00,365,1
895,2021-05-12 10:00:00,Naive,10,1.7297527684919167,1.8154290591258806,2020-05-12 10:00:00,2021-05-12 10:00:00,2021-05-12 10:00:00,365,1
896,2021-05-13 10:00:00,Decision Tree,10,1.2950404527168256,1.3673682210353681,2020-05-13 10:00:00,2021-05-13 10:00:00,2021-05-13 10:00:00,365,1
897,2021-05-13 10:00:00,Random Forest,10,1.2950404527168256,1.3497989863555488,2020-05-13 10:00:00,2021-05-13 10:00:00,2021-05-13 10:00:00,365,1
898,2021-05-13 10:00:00,Neural Network,10,1.2950404527168256,0.9690627492593986,2020-05-13 10:00:00,2021-05-13 10:00:00,2021-05-13 10:00:00,365,1
899,2021-05-13 10:00:00,Naive,10,1.2950404527168256,1.7297527684919167,2020-05-13 10:00:00,2021-05-13 10:00:00,2021-05-13 10:00:00,365,1
900,2021-05-14 10:00:00,Decision Tree,10,1.5799596995298808,1.5464409139888138,2020-05-14 10:00:00,2021-05-14 10:00:00,2021-05-14 10:00:00,365,1
901,2021-05-14 10:00:00,Random Forest,10,1.5799596995298808,1.612616215891927,2020-05-14 10:00:00,2021-05-14 10:00:00,2021-05-14 10:00:00,365,1
902,2021-05-14 10:00:00,Neural Network,10,1.5799596995298808,1.313348692847093,2020-05-14 10:00:00,2021-05-14 10:00:00,2021-05-14 10:00:00,365,1
903,2021-05-14 10:00:00,Naive,10,1.5799596995298808,1.2950404527168256,2020-05-14 10:00:00,2021-05-14 10:00:00,2021-05-14 10:00:00,365,1
904,2021-05-15 10:00:00,Decision Tree,10,1.1042942897567993,1.2085987579166972,2020-05-15 10:00:00,2021-05-15 10:00:00,2021-05-15 10:00:00,365,1
905,2021-05-15 10:00:00,Random Forest,10,1.1042942897567993,1.2005410025737158,2020-05-15 10:00:00,2021-05-15 10:00:00,2021-05-15 10:00:00,365,1
906,2021-05-15 10:00:00,Neural Network,10,1.1042942897567993,1.0671702991879277,2020-05-15 10:00:00,2021-05-15 10:00:00,2021-05-15 10:00:00,365,1
907,2021-05-15 10:00:00,Naive,10,1.1042942897567993,1.5799596995298808,2020-05-15 10:00:00,2021-05-15 10:00:00,2021-05-15 10:00:00,365,1
908,2021-05-16 10:00:00,Decision Tree,10,-0.7423161181314311,-0.7934405138517321,2020-05-16 10:00:00,2021-05-16 10:00:00,2021-05-16 10:00:00,365,1
909,2021-05-16 10:00:00,Random Forest,10,-0.7423161181314311,-0.7550081028719693,2020-05-16 10:00:00,2021-05-16 10:00:00,2021-05-16 10:00:00,365,1
910,2021-05-16 10:00:00,Neural Network,10,-0.7423161181314311,-0.28027187564045564,2020-05-16 10:00:00,2021-05-16 10:00:00,2021-05-16 10:00:00,365,1
911,2021-05-16 10:00:00,Naive,10,-0.7423161181314311,1.1042942897567993,2020-05-16 10:00:00,2021-05-16 10:00:00,2021-05-16 10:00:00,365,1
912,2021-05-17 10:00:00,Decision Tree,10,1.8579163970808348,1.8521398015720125,2020-05-17 10:00:00,2021-05-17 10:00:00,2021-05-17 10:00:00,365,1
913,2021-05-17 10:00:00,Random Forest,10,1.8579163970808348,1.8824241145506855,2020-05-17 10:00:00,2021-05-17 10:00:00,2021-05-17 10:00:00,365,1
914,2021-05-17 10:00:00,Neural Network,10,1.8579163970808348,2.0228393490006846,2020-05-17 10:00:00,2021-05-17 10:00:00,2021-05-17 10:00:00,365,1
915,2021-05-17 10:00:00,Naive,10,1.8579163970808348,-0.7423161181314311,2020-05-17 10:00:00,2021-05-17 10:00:00,2021-05-17 10:00:00,365,1
916,2021-05-18 10:00:00,Decision Tree,10,1.8640547803606415,1.8654133531911417,2020-05-18 10:00:00,2021-05-18 10:00:00,2021-05-18 10:00:00,365,1
917,2021-05-18 10:00:00,Random Forest,10,1.8640547803606415,1.8870270907351978,2020-05-18 10:00:00,2021-05-18 10:00:00,2021-05-18 10:00:00,365,1
918,2021-05-18 10:00:00,Neural Network,10,1.8640547803606415,1.98288526326,2020-05-18 10:00:00,2021-05-18 10:00:00,2021-05-18 10:00:00,365,1
919,2021-05-18 10:00:00,Naive,10,1.8640547803606415,1.8579163970808348,2020-05-18 10:00:00,2021-05-18 10:00:00,2021-05-18 10:00:00,365,1
920,2021-05-19 10:00:00,Decision Tree,10,1.9043507121938394,2.1210671630187314,2020-05-19 10:00:00,2021-05-19 10:00:00,2021-05-19 10:00:00,365,1
921,2021-05-19 10:00:00,Random Forest,10,1.9043507121938394,2.015991049617548,2020-05-19 10:00:00,2021-05-19 10:00:00,2021-05-19 10:00:00,365,1
922,2021-05-19 10:00:00,Neural Network,10,1.9043507121938394,2.023239774836412,2020-05-19 10:00:00,2021-05-19 10:00:00,2021-05-19 10:00:00,365,1
923,2021-05-19 10:00:00,Naive,10,1.9043507121938394,1.8640547803606415,2020-05-19 10:00:00,2021-05-19 10:00:00,2021-05-19 10:00:00,365,1
924,2021-05-20 10:00:00,Decision Tree,10,1.6453372867736413,1.7952071999646435,2020-05-20 10:00:00,2021-05-20 10:00:00,2021-05-20 10:00:00,365,1
925,2021-05-20 10:00:00,Random Forest,10,1.6453372867736413,1.7737858797597483,2020-05-20 10:00:00,2021-05-20 10:00:00,2021-05-20 10:00:00,365,1
926,2021-05-20 10:00:00,Neural Network,10,1.6453372867736413,1.7049207583115014,2020-05-20 10:00:00,2021-05-20 10:00:00,2021-05-20 10:00:00,365,1
927,2021-05-20 10:00:00,Naive,10,1.6453372867736413,1.9043507121938394,2020-05-20 10:00:00,2021-05-20 10:00:00,2021-05-20 10:00:00,365,1
928,2021-05-21 10:00:00,Decision Tree,10,0.09303861304755423,0.1264170646118982,2020-05-21 10:00:00,2021-05-21 10:00:00,2021-05-21 10:00:00,365,1
929,2021-05-21 10:00:00,Random Forest,10,0.09303861304755423,0.15544512296775437,2020-05-21 10:00:00,2021-05-21 10:00:00,2021-05-21 10:00:00,365,1
930,2021-05-21 10:00:00,Neural Network,10,0.09303861304755423,0.05517453048098375,2020-05-21 10:00:00,2021-05-21 10:00:00,2021-05-21 10:00:00,365,1
931,2021-05-21 10:00:00,Naive,10,0.09303861304755423,1.6453372867736413,2020-05-21 10:00:00,2021-05-21 10:00:00,2021-05-21 10:00:00,365,1
932,2021-05-22 10:00:00,Decision Tree,10,-2.250976798882966,-2.1337269846702314,2020-05-22 10:00:00,2021-05-22 10:00:00,2021-05-22 10:00:00,365,1
933,2021-05-22 10:00:00,Random Forest,10,-2.250976798882966,-2.174995020034348,2020-05-22 10:00:00,2021-05-22 10:00:00,2021-05-22 10:00:00,365,1
934,2021-05-22 10:00:00,Neural Network,10,-2.250976798882966,-2.2256217747618434,2020-05-22 10:00:00,2021-05-22 10:00:00,2021-05-22 10:00:00,365,1
935,2021-05-22 10:00:00,Naive,10,-2.250976798882966,0.09303861304755423,2020-05-22 10:00:00,2021-05-22 10:00:00,2021-05-22 10:00:00,365,1
936,2021-05-23 10:00:00,Decision Tree,10,-1.438490132615602,-1.5700179539609078,2020-05-23 10:00:00,2021-05-23 10:00:00,2021-05-23 10:00:00,365,1
937,2021-05-23 10:00:00,Random Forest,10,-1.438490132615602,-1.542682870308081,2020-05-23 10:00:00,2021-05-23 10:00:00,2021-05-23 10:00:00,365,1
938,2021-05-23 10:00:00,Neural Network,10,-1.438490132615602,-1.269743832502744,2020-05-23 10:00:00,2021-05-23 10:00:00,2021-05-23 10:00:00,365,1
939,2021-05-23 10:00:00,Naive,10,-1.438490132615602,-2.250976798882966,2020-05-23 10:00:00,2021-05-23 10:00:00,2021-05-23 10:00:00,365,1
940,2021-05-24 10:00:00,Decision Tree,10,-1.6098737630624504,-1.7055412980245208,2020-05-24 10:00:00,2021-05-24 10:00:00,2021-05-24 10:00:00,365,1
941,2021-05-24 10:00:00,Random Forest,10,-1.6098737630624504,-1.6914806591655969,2020-05-24 10:00:00,2021-05-24 10:00:00,2021-05-24 10:00:00,365,1
942,2021-05-24 10:00:00,Neural Network,10,-1.6098737630624504,-1.8560582276401478,2020-05-24 10:00:00,2021-05-24 10:00:00,2021-05-24 10:00:00,365,1
943,2021-05-24 10:00:00,Naive,10,-1.6098737630624504,-1.438490132615602,2020-05-24 10:00:00,2021-05-24 10:00:00,2021-05-24 10:00:00,365,1
944,2021-05-25 10:00:00,Decision Tree,10,1.4436485352481938,1.525215015154186,2020-05-25 10:00:00,2021-05-25 10:00:00,2021-05-25 10:00:00,365,1
945,2021-05-25 10:00:00,Random Forest,10,1.4436485352481938,1.5358691776082198,2020-05-25 10:00:00,2021-05-25 10:00:00,2021-05-25 10:00:00,365,1
946,2021-05-25 10:00:00,Neural Network,10,1.4436485352481938,1.4880737567189788,2020-05-25 10:00:00,2021-05-25 10:00:00,2021-05-25 10:00:00,365,1
947,2021-05-25 10:00:00,Naive,10,1.4436485352481938,-1.6098737630624504,2020-05-25 10:00:00,2021-05-25 10:00:00,2021-05-25 10:00:00,365,1
948,2021-05-26 10:00:00,Decision Tree,10,1.5232588212927844,1.5233467677797448,2020-05-26 10:00:00,2021-05-26 10:00:00,2021-05-26 10:00:00,365,1
949,2021-05-26 10:00:00,Random Forest,10,1.5232588212927844,1.5826702910371961,2020-05-26 10:00:00,2021-05-26 10:00:00,2021-05-26 10:00:00,365,1
950,2021-05-26 10:00:00,Neural Network,10,1.5232588212927844,1.585263893207298,2020-05-26 10:00:00,2021-05-26 10:00:00,2021-05-26 10:00:00,365,1
951,2021-05-26 10:00:00,Naive,10,1.5232588212927844,1.4436485352481938,2020-05-26 10:00:00,2021-05-26 10:00:00,2021-05-26 10:00:00,365,1
952,2021-05-27 10:00:00,Decision Tree,10,1.7747865323625083,1.8599067443408213,2020-05-27 10:00:00,2021-05-27 10:00:00,2021-05-27 10:00:00,365,1
953,2021-05-27 10:00:00,Random Forest,10,1.7747865323625083,1.823422877372887,2020-05-27 10:00:00,2021-05-27 10:00:00,2021-05-27 10:00:00,365,1
954,2021-05-27 10:00:00,Neural Network,10,1.7747865323625083,1.9022824384279815,2020-05-27 10:00:00,2021-05-27 10:00:00,2021-05-27 10:00:00,365,1
955,2021-05-27 10:00:00,Naive,10,1.7747865323625083,1.5232588212927844,2020-05-27 10:00:00,2021-05-27 10:00:00,2021-05-27 10:00:00,365,1
956,2021-05-28 10:00:00,Decision Tree,10,1.7926674250557015,1.8801539662023479,2020-05-28 10:00:00,2021-05-28 10:00:00,2021-05-28 10:00:00,365,1
957,2021-05-28 10:00:00,Random Forest,10,1.7926674250557015,1.853945361445381,2020-05-28 10:00:00,2021-05-28 10:00:00,2021-05-28 10:00:00,365,1
958,2021-05-28 10:00:00,Neural Network,10,1.7926674250557015,1.8782854547754162,2020-05-28 10:00:00,2021-05-28 10:00:00,2021-05-28 10:00:00,365,1
959,2021-05-28 10:00:00,Naive,10,1.7926674250557015,1.7747865323625083,2020-05-28 10:00:00,2021-05-28 10:00:00,2021-05-28 10:00:00,365,1
960,2021-05-29 10:00:00,Decision Tree,10,1.182591438596666,1.285368917558944,2020-05-29 10:00:00,2021-05-29 10:00:00,2021-05-29 10:00:00,365,1
961,2021-05-29 10:00:00,Random Forest,10,1.182591438596666,1.2891267381009448,2020-05-29 10:00:00,2021-05-29 10:00:00,2021-05-29 10:00:00,365,1
962,2021-05-29 10:00:00,Neural Network,10,1.182591438596666,1.0666328279963837,2020-05-29 10:00:00,2021-05-29 10:00:00,2021-05-29 10:00:00,365,1
963,2021-05-29 10:00:00,Naive,10,1.182591438596666,1.7926674250557015,2020-05-29 10:00:00,2021-05-29 10:00:00,2021-05-29 10:00:00,365,1
964,2021-05-30 10:00:00,Decision Tree,10,-1.040215691486672,-1.066595372716771,2020-05-30 10:00:00,2021-05-30 10:00:00,2021-05-30 10:00:00,365,1
965,2021-05-30 10:00:00,Random Forest,10,-1.040215691486672,-1.0739540365511269,2020-05-30 10:00:00,2021-05-30 10:00:00,2021-05-30 10:00:00,365,1
966,2021-05-30 10:00:00,Neural Network,10,-1.040215691486672,-0.5334298966679882,2020-05-30 10:00:00,2021-05-30 10:00:00,2021-05-30 10:00:00,365,1
967,2021-05-30 10:00:00,Naive,10,-1.040215691486672,1.182591438596666,2020-05-30 10:00:00,2021-05-30 10:00:00,2021-05-30 10:00:00,365,1
968,2021-05-31 10:00:00,Decision Tree,10,1.3477421942442427,1.4518623582272858,2020-05-31 10:00:00,2021-05-31 10:00:00,2021-05-31 10:00:00,365,1
969,2021-05-31 10:00:00,Random Forest,10,1.3477421942442427,1.4407537622176434,2020-05-31 10:00:00,2021-05-31 10:00:00,2021-05-31 10:00:00,365,1
970,2021-05-31 10:00:00,Neural Network,10,1.3477421942442427,1.4500743832772915,2020-05-31 10:00:00,2021-05-31 10:00:00,2021-05-31 10:00:00,365,1
971,2021-05-31 10:00:00,Naive,10,1.3477421942442427,-1.040215691486672,2020-05-31 10:00:00,2021-05-31 10:00:00,2021-05-31 10:00:00,365,1
972,2021-06-01 10:00:00,Decision Tree,10,1.3931271691519922,1.5233342039958928,2020-06-01 10:00:00,2021-06-01 10:00:00,2021-06-01 10:00:00,365,1
973,2021-06-01 10:00:00,Random Forest,10,1.3931271691519922,1.4962142478832732,2020-06-01 10:00:00,2021-06-01 10:00:00,2021-06-01 10:00:00,365,1
974,2021-06-01 10:00:00,Neural Network,10,1.3931271691519922,1.5223376123186285,2020-06-01 10:00:00,2021-06-01 10:00:00,2021-06-01 10:00:00,365,1
975,2021-06-01 10:00:00,Naive,10,1.3931271691519922,1.3477421942442427,2020-06-01 10:00:00,2021-06-01 10:00:00,2021-06-01 10:00:00,365,1
976,2021-06-02 10:00:00,Decision Tree,10,1.3084776689738482,1.4090179526519397,2020-06-02 10:00:00,2021-06-02 10:00:00,2021-06-02 10:00:00,365,1
977,2021-06-02 10:00:00,Random Forest,10,1.3084776689738482,1.3930119492396218,2020-06-02 10:00:00,2021-06-02 10:00:00,2021-06-02 10:00:00,365,1
978,2021-06-02 10:00:00,Neural Network,10,1.3084776689738482,1.2134495423472007,2020-06-02 10:00:00,2021-06-02 10:00:00,2021-06-02 10:00:00,365,1
979,2021-06-02 10:00:00,Naive,10,1.3084776689738482,1.3931271691519922,2020-06-02 10:00:00,2021-06-02 10:00:00,2021-06-02 10:00:00,365,1
980,2021-06-03 10:00:00,Decision Tree,10,0.983809270195433,1.100912309185543,2020-06-03 10:00:00,2021-06-03 10:00:00,2021-06-03 10:00:00,365,1
981,2021-06-03 10:00:00,Random Forest,10,0.983809270195433,1.0994022803576495,2020-06-03 10:00:00,2021-06-03 10:00:00,2021-06-03 10:00:00,365,1
982,2021-06-03 10:00:00,Neural Network,10,0.983809270195433,0.6768175508965697,2020-06-03 10:00:00,2021-06-03 10:00:00,2021-06-03 10:00:00,365,1
983,2021-06-03 10:00:00,Naive,10,0.983809270195433,1.3084776689738482,2020-06-03 10:00:00,2021-06-03 10:00:00,2021-06-03 10:00:00,365,1
984,2021-06-04 10:00:00,Decision Tree,10,1.667930492244199,1.7613498743281568,2020-06-04 10:00:00,2021-06-04 10:00:00,2021-06-04 10:00:00,365,1
985,2021-06-04 10:00:00,Random Forest,10,1.667930492244199,1.804892913162009,2020-06-04 10:00:00,2021-06-04 10:00:00,2021-06-04 10:00:00,365,1
986,2021-06-04 10:00:00,Neural Network,10,1.667930492244199,1.754853161936218,2020-06-04 10:00:00,2021-06-04 10:00:00,2021-06-04 10:00:00,365,1
987,2021-06-04 10:00:00,Naive,10,1.667930492244199,0.983809270195433,2020-06-04 10:00:00,2021-06-04 10:00:00,2021-06-04 10:00:00,365,1
988,2021-06-05 10:00:00,Decision Tree,10,1.129490259100805,1.2247016682775105,2020-06-05 10:00:00,2021-06-05 10:00:00,2021-06-05 10:00:00,365,1
989,2021-06-05 10:00:00,Random Forest,10,1.129490259100805,1.2298214435790542,2020-06-05 10:00:00,2021-06-05 10:00:00,2021-06-05 10:00:00,365,1
990,2021-06-05 10:00:00,Neural Network,10,1.129490259100805,1.0406045496375755,2020-06-05 10:00:00,2021-06-05 10:00:00,2021-06-05 10:00:00,365,1
991,2021-06-05 10:00:00,Naive,10,1.129490259100805,1.667930492244199,2020-06-05 10:00:00,2021-06-05 10:00:00,2021-06-05 10:00:00,365,1
992,2021-06-06 10:00:00,Decision Tree,10,1.1267660915664426,1.2141226228134323,2020-06-06 10:00:00,2021-06-06 10:00:00,2021-06-06 10:00:00,365,1
993,2021-06-06 10:00:00,Random Forest,10,1.1267660915664426,1.1906086299244958,2020-06-06 10:00:00,2021-06-06 10:00:00,2021-06-06 10:00:00,365,1
994,2021-06-06 10:00:00,Neural Network,10,1.1267660915664426,1.0544423062843618,2020-06-06 10:00:00,2021-06-06 10:00:00,2021-06-06 10:00:00,365,1
995,2021-06-06 10:00:00,Naive,10,1.1267660915664426,1.129490259100805,2020-06-06 10:00:00,2021-06-06 10:00:00,2021-06-06 10:00:00,365,1
996,2021-06-07 10:00:00,Decision Tree,10,1.812162532005559,1.8801539662023479,2020-06-07 10:00:00,2021-06-07 10:00:00,2021-06-07 10:00:00,365,1
997,2021-06-07 10:00:00,Random Forest,10,1.812162532005559,1.82202561642715,2020-06-07 10:00:00,2021-06-07 10:00:00,2021-06-07 10:00:00,365,1
998,2021-06-07 10:00:00,Neural Network,10,1.812162532005559,1.8390572156793068,2020-06-07 10:00:00,2021-06-07 10:00:00,2021-06-07 10:00:00,365,1
999,2021-06-07 10:00:00,Naive,10,1.812162532005559,1.1267660915664426,2020-06-07 10:00:00,2021-06-07 10:00:00,2021-06-07 10:00:00,365,1
1000,2021-06-08 10:00:00,Decision Tree,10,1.7569848135458799,1.8189077563293792,2020-06-08 10:00:00,2021-06-08 10:00:00,2021-06-08 10:00:00,365,1
1001,2021-06-08 10:00:00,Random Forest,10,1.7569848135458799,1.821078754507868,2020-06-08 10:00:00,2021-06-08 10:00:00,2021-06-08 10:00:00,365,1
1002,2021-06-08 10:00:00,Neural Network,10,1.7569848135458799,1.9410661678330319,2020-06-08 10:00:00,2021-06-08 10:00:00,2021-06-08 10:00:00,365,1
1003,2021-06-08 10:00:00,Naive,10,1.7569848135458799,1.812162532005559,2020-06-08 10:00:00,2021-06-08 10:00:00,2021-06-08 10:00:00,365,1
1004,2021-06-09 10:00:00,Decision Tree,10,1.6847511679095604,1.7314913522101218,2020-06-09 10:00:00,2021-06-09 10:00:00,2021-06-09 10:00:00,365,1
1005,2021-06-09 10:00:00,Random Forest,10,1.6847511679095604,1.7687717539796537,2020-06-09 10:00:00,2021-06-09 10:00:00,2021-06-09 10:00:00,365,1
1006,2021-06-09 10:00:00,Neural Network,10,1.6847511679095604,1.9286704557212007,2020-06-09 10:00:00,2021-06-09 10:00:00,2021-06-09 10:00:00,365,1
1007,2021-06-09 10:00:00,Naive,10,1.6847511679095604,1.7569848135458799,2020-06-09 10:00:00,2021-06-09 10:00:00,2021-06-09 10:00:00,365,1
1008,2021-06-10 10:00:00,Decision Tree,10,1.6232104701814372,1.7095342371057964,2020-06-10 10:00:00,2021-06-10 10:00:00,2021-06-10 10:00:00,365,1
1009,2021-06-10 10:00:00,Random Forest,10,1.6232104701814372,1.705586655545457,2020-06-10 10:00:00,2021-06-10 10:00:00,2021-06-10 10:00:00,365,1
1010,2021-06-10 10:00:00,Neural Network,10,1.6232104701814372,1.797682647840951,2020-06-10 10:00:00,2021-06-10 10:00:00,2021-06-10 10:00:00,365,1
1011,2021-06-10 10:00:00,Naive,10,1.6232104701814372,1.6847511679095604,2020-06-10 10:00:00,2021-06-10 10:00:00,2021-06-10 10:00:00,365,1
1012,2021-06-11 10:00:00,Decision Tree,10,1.6796254238476342,1.6951469426184034,2020-06-11 10:00:00,2021-06-11 10:00:00,2021-06-11 10:00:00,365,1
1013,2021-06-11 10:00:00,Random Forest,10,1.6796254238476342,1.7184945689833164,2020-06-11 10:00:00,2021-06-11 10:00:00,2021-06-11 10:00:00,365,1
1014,2021-06-11 10:00:00,Neural Network,10,1.6796254238476342,1.6537215020037448,2020-06-11 10:00:00,2021-06-11 10:00:00,2021-06-11 10:00:00,365,1
1015,2021-06-11 10:00:00,Naive,10,1.6796254238476342,1.6232104701814372,2020-06-11 10:00:00,2021-06-11 10:00:00,2021-06-11 10:00:00,365,1
1016,2021-06-12 10:00:00,Decision Tree,10,0.720137515833374,0.8274143993037981,2020-06-12 10:00:00,2021-06-12 10:00:00,2021-06-12 10:00:00,365,1
1017,2021-06-12 10:00:00,Random Forest,10,0.720137515833374,0.7994479265214116,2020-06-12 10:00:00,2021-06-12 10:00:00,2021-06-12 10:00:00,365,1
1018,2021-06-12 10:00:00,Neural Network,10,0.720137515833374,0.43798081824127966,2020-06-12 10:00:00,2021-06-12 10:00:00,2021-06-12 10:00:00,365,1
1019,2021-06-12 10:00:00,Naive,10,0.720137515833374,1.6796254238476342,2020-06-12 10:00:00,2021-06-12 10:00:00,2021-06-12 10:00:00,365,1
1020,2021-06-13 10:00:00,Decision Tree,10,-1.5909060174908112,-1.685721538358353,2020-06-13 10:00:00,2021-06-13 10:00:00,2021-06-13 10:00:00,365,1
1021,2021-06-13 10:00:00,Random Forest,10,-1.5909060174908112,-1.7232319048359102,2020-06-13 10:00:00,2021-06-13 10:00:00,2021-06-13 10:00:00,365,1
1022,2021-06-13 10:00:00,Neural Network,10,-1.5909060174908112,-1.4508869751130473,2020-06-13 10:00:00,2021-06-13 10:00:00,2021-06-13 10:00:00,365,1
1023,2021-06-13 10:00:00,Naive,10,-1.5909060174908112,0.720137515833374,2020-06-13 10:00:00,2021-06-13 10:00:00,2021-06-13 10:00:00,365,1
1024,2021-06-14 10:00:00,Decision Tree,10,1.4659116122844207,1.5637932733835633,2020-06-14 10:00:00,2021-06-14 10:00:00,2021-06-14 10:00:00,365,1
1025,2021-06-14 10:00:00,Random Forest,10,1.4659116122844207,1.5202512190625148,2020-06-14 10:00:00,2021-06-14 10:00:00,2021-06-14 10:00:00,365,1
1026,2021-06-14 10:00:00,Neural Network,10,1.4659116122844207,1.5100233384070019,2020-06-14 10:00:00,2021-06-14 10:00:00,2021-06-14 10:00:00,365,1
1027,2021-06-14 10:00:00,Naive,10,1.4659116122844207,-1.5909060174908112,2020-06-14 10:00:00,2021-06-14 10:00:00,2021-06-14 10:00:00,365,1
1028,2021-06-15 10:00:00,Decision Tree,10,1.8203225692401228,1.6929295827940076,2020-06-15 10:00:00,2021-06-15 10:00:00,2021-06-15 10:00:00,365,1
1029,2021-06-15 10:00:00,Random Forest,10,1.8203225692401228,1.846991751111805,2020-06-15 10:00:00,2021-06-15 10:00:00,2021-06-15 10:00:00,365,1
1030,2021-06-15 10:00:00,Neural Network,10,1.8203225692401228,1.9959334600106828,2020-06-15 10:00:00,2021-06-15 10:00:00,2021-06-15 10:00:00,365,1
1031,2021-06-15 10:00:00,Naive,10,1.8203225692401228,1.4659116122844207,2020-06-15 10:00:00,2021-06-15 10:00:00,2021-06-15 10:00:00,365,1
1032,2021-06-16 10:00:00,Decision Tree,10,1.8177305006224376,1.705630477873655,2020-06-16 10:00:00,2021-06-16 10:00:00,2021-06-16 10:00:00,365,1
1033,2021-06-16 10:00:00,Random Forest,10,1.8177305006224376,1.7990985563722113,2020-06-16 10:00:00,2021-06-16 10:00:00,2021-06-16 10:00:00,365,1
1034,2021-06-16 10:00:00,Neural Network,10,1.8177305006224376,1.943796047574913,2020-06-16 10:00:00,2021-06-16 10:00:00,2021-06-16 10:00:00,365,1
1035,2021-06-16 10:00:00,Naive,10,1.8177305006224376,1.8203225692401228,2020-06-16 10:00:00,2021-06-16 10:00:00,2021-06-16 10:00:00,365,1
1036,2021-06-17 10:00:00,Decision Tree,10,1.689819020311947,1.718086035956853,2020-06-17 10:00:00,2021-06-17 10:00:00,2021-06-17 10:00:00,365,1
1037,2021-06-17 10:00:00,Random Forest,10,1.689819020311947,1.7645891240497091,2020-06-17 10:00:00,2021-06-17 10:00:00,2021-06-17 10:00:00,365,1
1038,2021-06-17 10:00:00,Neural Network,10,1.689819020311947,1.765877635291725,2020-06-17 10:00:00,2021-06-17 10:00:00,2021-06-17 10:00:00,365,1
1039,2021-06-17 10:00:00,Naive,10,1.689819020311947,1.8177305006224376,2020-06-17 10:00:00,2021-06-17 10:00:00,2021-06-17 10:00:00,365,1
1040,2021-06-18 10:00:00,Decision Tree,10,1.8118183794207792,1.6611845386717718,2020-06-18 10:00:00,2021-06-18 10:00:00,2021-06-18 10:00:00,365,1
1041,2021-06-18 10:00:00,Random Forest,10,1.8118183794207792,1.7934175202048728,2020-06-18 10:00:00,2021-06-18 10:00:00,2021-06-18 10:00:00,365,1
1042,2021-06-18 10:00:00,Neural Network,10,1.8118183794207792,1.925673464799544,2020-06-18 10:00:00,2021-06-18 10:00:00,2021-06-18 10:00:00,365,1
1043,2021-06-18 10:00:00,Naive,10,1.8118183794207792,1.689819020311947,2020-06-18 10:00:00,2021-06-18 10:00:00,2021-06-18 10:00:00,365,1
1044,2021-06-19 10:00:00,Decision Tree,10,1.1105837189325858,1.2759353012245271,2020-06-19 10:00:00,2021-06-19 10:00:00,2021-06-19 10:00:00,365,1
1045,2021-06-19 10:00:00,Random Forest,10,1.1105837189325858,1.2242677710915373,2020-06-19 10:00:00,2021-06-19 10:00:00,2021-06-19 10:00:00,365,1
1046,2021-06-19 10:00:00,Neural Network,10,1.1105837189325858,1.0516910554157568,2020-06-19 10:00:00,2021-06-19 10:00:00,2021-06-19 10:00:00,365,1
1047,2021-06-19 10:00:00,Naive,10,1.1105837189325858,1.8118183794207792,2020-06-19 10:00:00,2021-06-19 10:00:00,2021-06-19 10:00:00,365,1
1048,2021-06-20 10:00:00,Decision Tree,10,0.7591434390728019,0.916808868613119,2020-06-20 10:00:00,2021-06-20 10:00:00,2021-06-20 10:00:00,365,1
1049,2021-06-20 10:00:00,Random Forest,10,0.7591434390728019,0.911850052803866,2020-06-20 10:00:00,2021-06-20 10:00:00,2021-06-20 10:00:00,365,1
1050,2021-06-20 10:00:00,Neural Network,10,0.7591434390728019,0.8147386358287134,2020-06-20 10:00:00,2021-06-20 10:00:00,2021-06-20 10:00:00,365,1
1051,2021-06-20 10:00:00,Naive,10,0.7591434390728019,1.1105837189325858,2020-06-20 10:00:00,2021-06-20 10:00:00,2021-06-20 10:00:00,365,1
1052,2021-06-21 10:00:00,Decision Tree,10,1.844903786985844,2.1210671630187314,2020-06-21 10:00:00,2021-06-21 10:00:00,2021-06-21 10:00:00,365,1
1053,2021-06-21 10:00:00,Random Forest,10,1.844903786985844,2.0244461721247555,2020-06-21 10:00:00,2021-06-21 10:00:00,2021-06-21 10:00:00,365,1
1054,2021-06-21 10:00:00,Neural Network,10,1.844903786985844,2.0221120784454945,2020-06-21 10:00:00,2021-06-21 10:00:00,2021-06-21 10:00:00,365,1
1055,2021-06-21 10:00:00,Naive,10,1.844903786985844,0.7591434390728019,2020-06-21 10:00:00,2021-06-21 10:00:00,2021-06-21 10:00:00,365,1
1056,2021-06-22 10:00:00,Decision Tree,10,1.928128150364212,2.2410165639825355,2020-06-22 10:00:00,2021-06-22 10:00:00,2021-06-22 10:00:00,365,1
1057,2021-06-22 10:00:00,Random Forest,10,1.928128150364212,2.154638969360682,2020-06-22 10:00:00,2021-06-22 10:00:00,2021-06-22 10:00:00,365,1
1058,2021-06-22 10:00:00,Neural Network,10,1.928128150364212,2.0497816082078018,2020-06-22 10:00:00,2021-06-22 10:00:00,2021-06-22 10:00:00,365,1
1059,2021-06-22 10:00:00,Naive,10,1.928128150364212,1.844903786985844,2020-06-22 10:00:00,2021-06-22 10:00:00,2021-06-22 10:00:00,365,1
1060,2021-06-23 10:00:00,Decision Tree,10,1.9661703761118978,2.3249040975992643,2020-06-23 10:00:00,2021-06-23 10:00:00,2021-06-23 10:00:00,365,1
1061,2021-06-23 10:00:00,Random Forest,10,1.9661703761118978,2.126536699404184,2020-06-23 10:00:00,2021-06-23 10:00:00,2021-06-23 10:00:00,365,1
1062,2021-06-23 10:00:00,Neural Network,10,1.9661703761118978,1.2393918069992615,2020-06-23 10:00:00,2021-06-23 10:00:00,2021-06-23 10:00:00,365,1
1063,2021-06-23 10:00:00,Naive,10,1.9661703761118978,1.928128150364212,2020-06-23 10:00:00,2021-06-23 10:00:00,2021-06-23 10:00:00,365,1
1064,2021-06-24 10:00:00,Decision Tree,10,2.071712732550654,2.3249040975992643,2020-06-24 10:00:00,2021-06-24 10:00:00,2021-06-24 10:00:00,365,1
1065,2021-06-24 10:00:00,Random Forest,10,2.071712732550654,2.1867077751327706,2020-06-24 10:00:00,2021-06-24 10:00:00,2021-06-24 10:00:00,365,1
1066,2021-06-24 10:00:00,Neural Network,10,2.071712732550654,2.171991941576806,2020-06-24 10:00:00,2021-06-24 10:00:00,2021-06-24 10:00:00,365,1
1067,2021-06-24 10:00:00,Naive,10,2.071712732550654,1.9661703761118978,2020-06-24 10:00:00,2021-06-24 10:00:00,2021-06-24 10:00:00,365,1
1068,2021-06-25 10:00:00,Decision Tree,10,1.9573366893605586,2.0406946491340965,2020-06-25 10:00:00,2021-06-25 10:00:00,2021-06-25 10:00:00,365,1
1069,2021-06-25 10:00:00,Random Forest,10,1.9573366893605586,2.039703207358657,2020-06-25 10:00:00,2021-06-25 10:00:00,2021-06-25 10:00:00,365,1
1070,2021-06-25 10:00:00,Neural Network,10,1.9573366893605586,2.056712994541113,2020-06-25 10:00:00,2021-06-25 10:00:00,2021-06-25 10:00:00,365,1
1071,2021-06-25 10:00:00,Naive,10,1.9573366893605586,2.071712732550654,2020-06-25 10:00:00,2021-06-25 10:00:00,2021-06-25 10:00:00,365,1
1072,2021-06-26 10:00:00,Decision Tree,10,1.5955485246158287,1.6651123102114032,2020-06-26 10:00:00,2021-06-26 10:00:00,2021-06-26 10:00:00,365,1
1073,2021-06-26 10:00:00,Random Forest,10,1.5955485246158287,1.6662057081706771,2020-06-26 10:00:00,2021-06-26 10:00:00,2021-06-26 10:00:00,365,1
1074,2021-06-26 10:00:00,Neural Network,10,1.5955485246158287,1.4794518281191578,2020-06-26 10:00:00,2021-06-26 10:00:00,2021-06-26 10:00:00,365,1
1075,2021-06-26 10:00:00,Naive,10,1.5955485246158287,1.9573366893605586,2020-06-26 10:00:00,2021-06-26 10:00:00,2021-06-26 10:00:00,365,1
1076,2021-06-27 10:00:00,Decision Tree,10,0.8677695024763351,0.9951407679392006,2020-06-27 10:00:00,2021-06-27 10:00:00,2021-06-27 10:00:00,365,1
1077,2021-06-27 10:00:00,Random Forest,10,0.8677695024763351,1.015150144031048,2020-06-27 10:00:00,2021-06-27 10:00:00,2021-06-27 10:00:00,365,1
1078,2021-06-27 10:00:00,Neural Network,10,0.8677695024763351,0.9368990946961715,2020-06-27 10:00:00,2021-06-27 10:00:00,2021-06-27 10:00:00,365,1
1079,2021-06-27 10:00:00,Naive,10,0.8677695024763351,1.5955485246158287,2020-06-27 10:00:00,2021-06-27 10:00:00,2021-06-27 10:00:00,365,1
1080,2021-06-28 10:00:00,Decision Tree,10,1.8944952442842826,1.997143851644367,2020-06-28 10:00:00,2021-06-28 10:00:00,2021-06-28 10:00:00,365,1
1081,2021-06-28 10:00:00,Random Forest,10,1.8944952442842826,1.9730045628857344,2020-06-28 10:00:00,2021-06-28 10:00:00,2021-06-28 10:00:00,365,1
1082,2021-06-28 10:00:00,Neural Network,10,1.8944952442842826,2.0539529556912557,2020-06-28 10:00:00,2021-06-28 10:00:00,2021-06-28 10:00:00,365,1
1083,2021-06-28 10:00:00,Naive,10,1.8944952442842826,0.8677695024763351,2020-06-28 10:00:00,2021-06-28 10:00:00,2021-06-28 10:00:00,365,1
1084,2021-06-29 10:00:00,Decision Tree,10,2.051628309134413,1.9800357504176864,2020-06-29 10:00:00,2021-06-29 10:00:00,2021-06-29 10:00:00,365,1
1085,2021-06-29 10:00:00,Random Forest,10,2.051628309134413,2.0306169804980896,2020-06-29 10:00:00,2021-06-29 10:00:00,2021-06-29 10:00:00,365,1
1086,2021-06-29 10:00:00,Neural Network,10,2.051628309134413,2.1661718274615556,2020-06-29 10:00:00,2021-06-29 10:00:00,2021-06-29 10:00:00,365,1
1087,2021-06-29 10:00:00,Naive,10,2.051628309134413,1.8944952442842826,2020-06-29 10:00:00,2021-06-29 10:00:00,2021-06-29 10:00:00,365,1
1088,2021-06-30 10:00:00,Decision Tree,10,2.17509939775378,1.9902632588057902,2020-06-30 10:00:00,2021-06-30 10:00:00,2021-06-30 10:00:00,365,1
1089,2021-06-30 10:00:00,Random Forest,10,2.17509939775378,2.0891638973829734,2020-06-30 10:00:00,2021-06-30 10:00:00,2021-06-30 10:00:00,365,1
1090,2021-06-30 10:00:00,Neural Network,10,2.17509939775378,2.334631419304671,2020-06-30 10:00:00,2021-06-30 10:00:00,2021-06-30 10:00:00,365,1
1091,2021-06-30 10:00:00,Naive,10,2.17509939775378,2.051628309134413,2020-06-30 10:00:00,2021-06-30 10:00:00,2021-06-30 10:00:00,365,1
1092,2021-07-01 10:00:00,Decision Tree,10,1.9805723015400643,2.253541907084676,2020-07-01 10:00:00,2021-07-01 10:00:00,2021-07-01 10:00:00,365,1
1093,2021-07-01 10:00:00,Random Forest,10,1.9805723015400643,2.1221885651719967,2020-07-01 10:00:00,2021-07-01 10:00:00,2021-07-01 10:00:00,365,1
1094,2021-07-01 10:00:00,Neural Network,10,1.9805723015400643,2.021845887290083,2020-07-01 10:00:00,2021-07-01 10:00:00,2021-07-01 10:00:00,365,1
1095,2021-07-01 10:00:00,Naive,10,1.9805723015400643,2.17509939775378,2020-07-01 10:00:00,2021-07-01 10:00:00,2021-07-01 10:00:00,365,1
1096,2021-07-02 10:00:00,Decision Tree,10,2.0955486614793126,1.93706517337613,2020-07-02 10:00:00,2021-07-02 10:00:00,2021-07-02 10:00:00,365,1
1097,2021-07-02 10:00:00,Random Forest,10,2.0955486614793126,2.066193073098108,2020-07-02 10:00:00,2021-07-02 10:00:00,2021-07-02 10:00:00,365,1
1098,2021-07-02 10:00:00,Neural Network,10,2.0955486614793126,2.0791429206546566,2020-07-02 10:00:00,2021-07-02 10:00:00,2021-07-02 10:00:00,365,1
1099,2021-07-02 10:00:00,Naive,10,2.0955486614793126,1.9805723015400643,2020-07-02 10:00:00,2021-07-02 10:00:00,2021-07-02 10:00:00,365,1
1100,2021-07-03 10:00:00,Decision Tree,10,1.5483111415089381,1.6673492860076615,2020-07-03 10:00:00,2021-07-03 10:00:00,2021-07-03 10:00:00,365,1
1101,2021-07-03 10:00:00,Random Forest,10,1.5483111415089381,1.6453545606705933,2020-07-03 10:00:00,2021-07-03 10:00:00,2021-07-03 10:00:00,365,1
1102,2021-07-03 10:00:00,Neural Network,10,1.5483111415089381,1.3569005498163589,2020-07-03 10:00:00,2021-07-03 10:00:00,2021-07-03 10:00:00,365,1
1103,2021-07-03 10:00:00,Naive,10,1.5483111415089381,2.0955486614793126,2020-07-03 10:00:00,2021-07-03 10:00:00,2021-07-03 10:00:00,365,1
1104,2021-07-04 10:00:00,Decision Tree,10,1.5732141560025323,1.7393741284373057,2020-07-04 10:00:00,2021-07-04 10:00:00,2021-07-04 10:00:00,365,1
1105,2021-07-04 10:00:00,Random Forest,10,1.5732141560025323,1.629617611072709,2020-07-04 10:00:00,2021-07-04 10:00:00,2021-07-04 10:00:00,365,1
1106,2021-07-04 10:00:00,Neural Network,10,1.5732141560025323,1.5542976046680888,2020-07-04 10:00:00,2021-07-04 10:00:00,2021-07-04 10:00:00,365,1
1107,2021-07-04 10:00:00,Naive,10,1.5732141560025323,1.5483111415089381,2020-07-04 10:00:00,2021-07-04 10:00:00,2021-07-04 10:00:00,365,1
1108,2021-07-05 10:00:00,Decision Tree,10,2.059086291197717,2.074912280491645,2020-07-05 10:00:00,2021-07-05 10:00:00,2021-07-05 10:00:00,365,1
1109,2021-07-05 10:00:00,Random Forest,10,2.059086291197717,2.0783344918829374,2020-07-05 10:00:00,2021-07-05 10:00:00,2021-07-05 10:00:00,365,1
1110,2021-07-05 10:00:00,Neural Network,10,2.059086291197717,2.0964998051887376,2020-07-05 10:00:00,2021-07-05 10:00:00,2021-07-05 10:00:00,365,1
1111,2021-07-05 10:00:00,Naive,10,2.059086291197717,1.5732141560025323,2020-07-05 10:00:00,2021-07-05 10:00:00,2021-07-05 10:00:00,365,1
1112,2021-07-06 10:00:00,Decision Tree,10,1.598322336010704,1.6628529224199753,2020-07-06 10:00:00,2021-07-06 10:00:00,2021-07-06 10:00:00,365,1
1113,2021-07-06 10:00:00,Random Forest,10,1.598322336010704,1.7185536720570274,2020-07-06 10:00:00,2021-07-06 10:00:00,2021-07-06 10:00:00,365,1
1114,2021-07-06 10:00:00,Neural Network,10,1.598322336010704,1.6325023760243331,2020-07-06 10:00:00,2021-07-06 10:00:00,2021-07-06 10:00:00,365,1
1115,2021-07-06 10:00:00,Naive,10,1.598322336010704,2.059086291197717,2020-07-06 10:00:00,2021-07-06 10:00:00,2021-07-06 10:00:00,365,1
1116,2021-07-07 10:00:00,Decision Tree,10,2.0373807239020896,2.0906150784231756,2020-07-07 10:00:00,2021-07-07 10:00:00,2021-07-07 10:00:00,365,1
1117,2021-07-07 10:00:00,Random Forest,10,2.0373807239020896,2.065644897278154,2020-07-07 10:00:00,2021-07-07 10:00:00,2021-07-07 10:00:00,365,1
1118,2021-07-07 10:00:00,Neural Network,10,2.0373807239020896,2.154396906710854,2020-07-07 10:00:00,2021-07-07 10:00:00,2021-07-07 10:00:00,365,1
1119,2021-07-07 10:00:00,Naive,10,2.0373807239020896,1.598322336010704,2020-07-07 10:00:00,2021-07-07 10:00:00,2021-07-07 10:00:00,365,1
1120,2021-07-08 10:00:00,Decision Tree,10,2.1720863118804776,2.0817426860029946,2020-07-08 10:00:00,2021-07-08 10:00:00,2021-07-08 10:00:00,365,1
1121,2021-07-08 10:00:00,Random Forest,10,2.1720863118804776,2.10455206724925,2020-07-08 10:00:00,2021-07-08 10:00:00,2021-07-08 10:00:00,365,1
1122,2021-07-08 10:00:00,Neural Network,10,2.1720863118804776,2.295009485563057,2020-07-08 10:00:00,2021-07-08 10:00:00,2021-07-08 10:00:00,365,1
1123,2021-07-08 10:00:00,Naive,10,2.1720863118804776,2.0373807239020896,2020-07-08 10:00:00,2021-07-08 10:00:00,2021-07-08 10:00:00,365,1
1124,2021-07-09 10:00:00,Decision Tree,10,2.104465150204964,2.094648918271206,2020-07-09 10:00:00,2021-07-09 10:00:00,2021-07-09 10:00:00,365,1
1125,2021-07-09 10:00:00,Random Forest,10,2.104465150204964,2.151277351721822,2020-07-09 10:00:00,2021-07-09 10:00:00,2021-07-09 10:00:00,365,1
1126,2021-07-09 10:00:00,Neural Network,10,2.104465150204964,2.1690232744636875,2020-07-09 10:00:00,2021-07-09 10:00:00,2021-07-09 10:00:00,365,1
1127,2021-07-09 10:00:00,Naive,10,2.104465150204964,2.1720863118804776,2020-07-09 10:00:00,2021-07-09 10:00:00,2021-07-09 10:00:00,365,1
1128,2021-07-10 10:00:00,Decision Tree,10,1.5322164492937604,1.5955740750953784,2020-07-10 10:00:00,2021-07-10 10:00:00,2021-07-10 10:00:00,365,1
1129,2021-07-10 10:00:00,Random Forest,10,1.5322164492937604,1.5934639978937808,2020-07-10 10:00:00,2021-07-10 10:00:00,2021-07-10 10:00:00,365,1
1130,2021-07-10 10:00:00,Neural Network,10,1.5322164492937604,1.455354424066416,2020-07-10 10:00:00,2021-07-10 10:00:00,2021-07-10 10:00:00,365,1
1131,2021-07-10 10:00:00,Naive,10,1.5322164492937604,2.104465150204964,2020-07-10 10:00:00,2021-07-10 10:00:00,2021-07-10 10:00:00,365,1
1132,2021-07-11 10:00:00,Decision Tree,10,1.4432649620598133,1.5712620511602742,2020-07-11 10:00:00,2021-07-11 10:00:00,2021-07-11 10:00:00,365,1
1133,2021-07-11 10:00:00,Random Forest,10,1.4432649620598133,1.580102378670995,2020-07-11 10:00:00,2021-07-11 10:00:00,2021-07-11 10:00:00,365,1
1134,2021-07-11 10:00:00,Neural Network,10,1.4432649620598133,1.2804466806394719,2020-07-11 10:00:00,2021-07-11 10:00:00,2021-07-11 10:00:00,365,1
1135,2021-07-11 10:00:00,Naive,10,1.4432649620598133,1.5322164492937604,2020-07-11 10:00:00,2021-07-11 10:00:00,2021-07-11 10:00:00,365,1
1136,2021-07-12 10:00:00,Decision Tree,10,1.9531989977505908,1.9648456785825879,2020-07-12 10:00:00,2021-07-12 10:00:00,2021-07-12 10:00:00,365,1
1137,2021-07-12 10:00:00,Random Forest,10,1.9531989977505908,1.9646243792976046,2020-07-12 10:00:00,2021-07-12 10:00:00,2021-07-12 10:00:00,365,1
1138,2021-07-12 10:00:00,Neural Network,10,1.9531989977505908,2.135238004221066,2020-07-12 10:00:00,2021-07-12 10:00:00,2021-07-12 10:00:00,365,1
1139,2021-07-12 10:00:00,Naive,10,1.9531989977505908,1.4432649620598133,2020-07-12 10:00:00,2021-07-12 10:00:00,2021-07-12 10:00:00,365,1
1140,2021-07-13 10:00:00,Decision Tree,10,2.054224133350455,2.095875947262926,2020-07-13 10:00:00,2021-07-13 10:00:00,2021-07-13 10:00:00,365,1
1141,2021-07-13 10:00:00,Random Forest,10,2.054224133350455,2.057968245368083,2020-07-13 10:00:00,2021-07-13 10:00:00,2021-07-13 10:00:00,365,1
1142,2021-07-13 10:00:00,Neural Network,10,2.054224133350455,2.276975803215079,2020-07-13 10:00:00,2021-07-13 10:00:00,2021-07-13 10:00:00,365,1
1143,2021-07-13 10:00:00,Naive,10,2.054224133350455,1.9531989977505908,2020-07-13 10:00:00,2021-07-13 10:00:00,2021-07-13 10:00:00,365,1
1144,2021-07-14 10:00:00,Decision Tree,10,2.0634451219543015,2.091247967939318,2020-07-14 10:00:00,2021-07-14 10:00:00,2021-07-14 10:00:00,365,1
1145,2021-07-14 10:00:00,Random Forest,10,2.0634451219543015,2.115683863873079,2020-07-14 10:00:00,2021-07-14 10:00:00,2021-07-14 10:00:00,365,1
1146,2021-07-14 10:00:00,Neural Network,10,2.0634451219543015,2.1444043455020942,2020-07-14 10:00:00,2021-07-14 10:00:00,2021-07-14 10:00:00,365,1
1147,2021-07-14 10:00:00,Naive,10,2.0634451219543015,2.054224133350455,2020-07-14 10:00:00,2021-07-14 10:00:00,2021-07-14 10:00:00,365,1
1148,2021-07-15 10:00:00,Decision Tree,10,2.0279982798508525,2.054806438027066,2020-07-15 10:00:00,2021-07-15 10:00:00,2021-07-15 10:00:00,365,1
1149,2021-07-15 10:00:00,Random Forest,10,2.0279982798508525,2.0528989062587724,2020-07-15 10:00:00,2021-07-15 10:00:00,2021-07-15 10:00:00,365,1
1150,2021-07-15 10:00:00,Neural Network,10,2.0279982798508525,2.1577908536048493,2020-07-15 10:00:00,2021-07-15 10:00:00,2021-07-15 10:00:00,365,1
1151,2021-07-15 10:00:00,Naive,10,2.0279982798508525,2.0634451219543015,2020-07-15 10:00:00,2021-07-15 10:00:00,2021-07-15 10:00:00,365,1
1152,2021-07-16 10:00:00,Decision Tree,10,1.8988796875448026,1.9631818670351595,2020-07-16 10:00:00,2021-07-16 10:00:00,2021-07-16 10:00:00,365,1
1153,2021-07-16 10:00:00,Random Forest,10,1.8988796875448026,1.9695744776842183,2020-07-16 10:00:00,2021-07-16 10:00:00,2021-07-16 10:00:00,365,1
1154,2021-07-16 10:00:00,Neural Network,10,1.8988796875448026,1.8981075822344957,2020-07-16 10:00:00,2021-07-16 10:00:00,2021-07-16 10:00:00,365,1
1155,2021-07-16 10:00:00,Naive,10,1.8988796875448026,2.0279982798508525,2020-07-16 10:00:00,2021-07-16 10:00:00,2021-07-16 10:00:00,365,1
1156,2021-07-17 10:00:00,Decision Tree,10,1.3966538621780749,1.4953059671310955,2020-07-17 10:00:00,2021-07-17 10:00:00,2021-07-17 10:00:00,365,1
1157,2021-07-17 10:00:00,Random Forest,10,1.3966538621780749,1.5184335230369894,2020-07-17 10:00:00,2021-07-17 10:00:00,2021-07-17 10:00:00,365,1
1158,2021-07-17 10:00:00,Neural Network,10,1.3966538621780749,1.3780963557068544,2020-07-17 10:00:00,2021-07-17 10:00:00,2021-07-17 10:00:00,365,1
1159,2021-07-17 10:00:00,Naive,10,1.3966538621780749,1.8988796875448026,2020-07-17 10:00:00,2021-07-17 10:00:00,2021-07-17 10:00:00,365,1
1160,2021-07-18 10:00:00,Decision Tree,10,-0.13553307638498183,-0.012243928785561636,2020-07-18 10:00:00,2021-07-18 10:00:00,2021-07-18 10:00:00,365,1
1161,2021-07-18 10:00:00,Random Forest,10,-0.13553307638498183,-0.03527517688293677,2020-07-18 10:00:00,2021-07-18 10:00:00,2021-07-18 10:00:00,365,1
1162,2021-07-18 10:00:00,Neural Network,10,-0.13553307638498183,-0.06287078977085436,2020-07-18 10:00:00,2021-07-18 10:00:00,2021-07-18 10:00:00,365,1
1163,2021-07-18 10:00:00,Naive,10,-0.13553307638498183,1.3966538621780749,2020-07-18 10:00:00,2021-07-18 10:00:00,2021-07-18 10:00:00,365,1
1164,2021-07-19 10:00:00,Decision Tree,10,1.9220886294273105,1.955144094598865,2020-07-19 10:00:00,2021-07-19 10:00:00,2021-07-19 10:00:00,365,1
1165,2021-07-19 10:00:00,Random Forest,10,1.9220886294273105,1.947686650964119,2020-07-19 10:00:00,2021-07-19 10:00:00,2021-07-19 10:00:00,365,1
1166,2021-07-19 10:00:00,Neural Network,10,1.9220886294273105,1.9765921394087353,2020-07-19 10:00:00,2021-07-19 10:00:00,2021-07-19 10:00:00,365,1
1167,2021-07-19 10:00:00,Naive,10,1.9220886294273105,-0.13553307638498183,2020-07-19 10:00:00,2021-07-19 10:00:00,2021-07-19 10:00:00,365,1
1168,2021-07-20 10:00:00,Decision Tree,10,1.882171425426379,1.951471265135359,2020-07-20 10:00:00,2021-07-20 10:00:00,2021-07-20 10:00:00,365,1
1169,2021-07-20 10:00:00,Random Forest,10,1.882171425426379,1.9229056664615087,2020-07-20 10:00:00,2021-07-20 10:00:00,2021-07-20 10:00:00,365,1
1170,2021-07-20 10:00:00,Neural Network,10,1.882171425426379,1.9605470751273915,2020-07-20 10:00:00,2021-07-20 10:00:00,2021-07-20 10:00:00,365,1
1171,2021-07-20 10:00:00,Naive,10,1.882171425426379,1.9220886294273105,2020-07-20 10:00:00,2021-07-20 10:00:00,2021-07-20 10:00:00,365,1
1172,2021-07-21 10:00:00,Decision Tree,10,1.7690954432121706,1.7815571180328114,2020-07-21 10:00:00,2021-07-21 10:00:00,2021-07-21 10:00:00,365,1
1173,2021-07-21 10:00:00,Random Forest,10,1.7690954432121706,1.8649060646073143,2020-07-21 10:00:00,2021-07-21 10:00:00,2021-07-21 10:00:00,365,1
1174,2021-07-21 10:00:00,Neural Network,10,1.7690954432121706,1.8827766804771386,2020-07-21 10:00:00,2021-07-21 10:00:00,2021-07-21 10:00:00,365,1
1175,2021-07-21 10:00:00,Naive,10,1.7690954432121706,1.882171425426379,2020-07-21 10:00:00,2021-07-21 10:00:00,2021-07-21 10:00:00,365,1
1176,2021-07-22 10:00:00,Decision Tree,10,1.7848268244677992,1.77977687877272,2020-07-22 10:00:00,2021-07-22 10:00:00,2021-07-22 10:00:00,365,1
1177,2021-07-22 10:00:00,Random Forest,10,1.7848268244677992,1.8207114684058645,2020-07-22 10:00:00,2021-07-22 10:00:00,2021-07-22 10:00:00,365,1
1178,2021-07-22 10:00:00,Neural Network,10,1.7848268244677992,1.8786574961517657,2020-07-22 10:00:00,2021-07-22 10:00:00,2021-07-22 10:00:00,365,1
1179,2021-07-22 10:00:00,Naive,10,1.7848268244677992,1.7690954432121706,2020-07-22 10:00:00,2021-07-22 10:00:00,2021-07-22 10:00:00,365,1
1180,2021-07-23 10:00:00,Decision Tree,10,1.8726201151809787,1.9667145234683683,2020-07-23 10:00:00,2021-07-23 10:00:00,2021-07-23 10:00:00,365,1
1181,2021-07-23 10:00:00,Random Forest,10,1.8726201151809787,1.9196521908047304,2020-07-23 10:00:00,2021-07-23 10:00:00,2021-07-23 10:00:00,365,1
1182,2021-07-23 10:00:00,Neural Network,10,1.8726201151809787,1.9365885438188086,2020-07-23 10:00:00,2021-07-23 10:00:00,2021-07-23 10:00:00,365,1
1183,2021-07-23 10:00:00,Naive,10,1.8726201151809787,1.7848268244677992,2020-07-23 10:00:00,2021-07-23 10:00:00,2021-07-23 10:00:00,365,1
1184,2021-07-24 10:00:00,Decision Tree,10,1.516684639439336,1.5695225214863526,2020-07-24 10:00:00,2021-07-24 10:00:00,2021-07-24 10:00:00,365,1
1185,2021-07-24 10:00:00,Random Forest,10,1.516684639439336,1.5864896479943935,2020-07-24 10:00:00,2021-07-24 10:00:00,2021-07-24 10:00:00,365,1
1186,2021-07-24 10:00:00,Neural Network,10,1.516684639439336,1.4155761316448938,2020-07-24 10:00:00,2021-07-24 10:00:00,2021-07-24 10:00:00,365,1
1187,2021-07-24 10:00:00,Naive,10,1.516684639439336,1.8726201151809787,2020-07-24 10:00:00,2021-07-24 10:00:00,2021-07-24 10:00:00,365,1
1188,2021-07-25 10:00:00,Decision Tree,10,0.6168423245384618,0.7604138911434255,2020-07-25 10:00:00,2021-07-25 10:00:00,2021-07-25 10:00:00,365,1
1189,2021-07-25 10:00:00,Random Forest,10,0.6168423245384618,0.7894044896280573,2020-07-25 10:00:00,2021-07-25 10:00:00,2021-07-25 10:00:00,365,1
1190,2021-07-25 10:00:00,Neural Network,10,0.6168423245384618,0.6349928277059259,2020-07-25 10:00:00,2021-07-25 10:00:00,2021-07-25 10:00:00,365,1
1191,2021-07-25 10:00:00,Naive,10,0.6168423245384618,1.516684639439336,2020-07-25 10:00:00,2021-07-25 10:00:00,2021-07-25 10:00:00,365,1
1192,2021-07-26 10:00:00,Decision Tree,10,1.8464723521712616,1.9655764191260081,2020-07-26 10:00:00,2021-07-26 10:00:00,2021-07-26 10:00:00,365,1
1193,2021-07-26 10:00:00,Random Forest,10,1.8464723521712616,1.9056490544592395,2020-07-26 10:00:00,2021-07-26 10:00:00,2021-07-26 10:00:00,365,1
1194,2021-07-26 10:00:00,Neural Network,10,1.8464723521712616,1.9553707998789513,2020-07-26 10:00:00,2021-07-26 10:00:00,2021-07-26 10:00:00,365,1
1195,2021-07-26 10:00:00,Naive,10,1.8464723521712616,0.6168423245384618,2020-07-26 10:00:00,2021-07-26 10:00:00,2021-07-26 10:00:00,365,1
1196,2021-07-27 10:00:00,Decision Tree,10,1.6979212381516795,1.762577726708671,2020-07-27 10:00:00,2021-07-27 10:00:00,2021-07-27 10:00:00,365,1
1197,2021-07-27 10:00:00,Random Forest,10,1.6979212381516795,1.7979067208957538,2020-07-27 10:00:00,2021-07-27 10:00:00,2021-07-27 10:00:00,365,1
1198,2021-07-27 10:00:00,Neural Network,10,1.6979212381516795,1.8239698703046292,2020-07-27 10:00:00,2021-07-27 10:00:00,2021-07-27 10:00:00,365,1
1199,2021-07-27 10:00:00,Naive,10,1.6979212381516795,1.8464723521712616,2020-07-27 10:00:00,2021-07-27 10:00:00,2021-07-27 10:00:00,365,1
1200,2021-07-28 10:00:00,Decision Tree,10,1.7134926895823206,1.830052467897758,2020-07-28 10:00:00,2021-07-28 10:00:00,2021-07-28 10:00:00,365,1
1201,2021-07-28 10:00:00,Random Forest,10,1.7134926895823206,1.7993885137751504,2020-07-28 10:00:00,2021-07-28 10:00:00,2021-07-28 10:00:00,365,1
1202,2021-07-28 10:00:00,Neural Network,10,1.7134926895823206,1.8093544066321647,2020-07-28 10:00:00,2021-07-28 10:00:00,2021-07-28 10:00:00,365,1
1203,2021-07-28 10:00:00,Naive,10,1.7134926895823206,1.6979212381516795,2020-07-28 10:00:00,2021-07-28 10:00:00,2021-07-28 10:00:00,365,1
1204,2021-07-29 10:00:00,Decision Tree,10,-1.243753637876948,-1.1908224756179633,2020-07-29 10:00:00,2021-07-29 10:00:00,2021-07-29 10:00:00,365,1
1205,2021-07-29 10:00:00,Random Forest,10,-1.243753637876948,-1.328857071506447,2020-07-29 10:00:00,2021-07-29 10:00:00,2021-07-29 10:00:00,365,1
1206,2021-07-29 10:00:00,Neural Network,10,-1.243753637876948,-1.1861854379363572,2020-07-29 10:00:00,2021-07-29 10:00:00,2021-07-29 10:00:00,365,1
1207,2021-07-29 10:00:00,Naive,10,-1.243753637876948,1.7134926895823206,2020-07-29 10:00:00,2021-07-29 10:00:00,2021-07-29 10:00:00,365,1
1208,2021-07-30 10:00:00,Decision Tree,10,0.908144630905413,1.1473388528927335,2020-07-30 10:00:00,2021-07-30 10:00:00,2021-07-30 10:00:00,365,1
1209,2021-07-30 10:00:00,Random Forest,10,0.908144630905413,1.1474360993367487,2020-07-30 10:00:00,2021-07-30 10:00:00,2021-07-30 10:00:00,365,1
1210,2021-07-30 10:00:00,Neural Network,10,0.908144630905413,0.986893450505587,2020-07-30 10:00:00,2021-07-30 10:00:00,2021-07-30 10:00:00,365,1
1211,2021-07-30 10:00:00,Naive,10,0.908144630905413,-1.243753637876948,2020-07-30 10:00:00,2021-07-30 10:00:00,2021-07-30 10:00:00,365,1
1212,2021-07-31 10:00:00,Decision Tree,10,-1.5057606194117057,-1.6090758944115657,2020-07-31 10:00:00,2021-07-31 10:00:00,2021-07-31 10:00:00,365,1
1213,2021-07-31 10:00:00,Random Forest,10,-1.5057606194117057,-1.6951187090754607,2020-07-31 10:00:00,2021-07-31 10:00:00,2021-07-31 10:00:00,365,1
1214,2021-07-31 10:00:00,Neural Network,10,-1.5057606194117057,-1.7501092858680638,2020-07-31 10:00:00,2021-07-31 10:00:00,2021-07-31 10:00:00,365,1
1215,2021-07-31 10:00:00,Naive,10,-1.5057606194117057,0.908144630905413,2020-07-31 10:00:00,2021-07-31 10:00:00,2021-07-31 10:00:00,365,1
1216,2021-08-01 10:00:00,Decision Tree,10,1.01904957423652,1.3176416123301924,2020-08-01 10:00:00,2021-08-01 10:00:00,2021-08-01 10:00:00,365,1
1217,2021-08-01 10:00:00,Random Forest,10,1.01904957423652,1.2811322625203494,2020-08-01 10:00:00,2021-08-01 10:00:00,2021-08-01 10:00:00,365,1
1218,2021-08-01 10:00:00,Neural Network,10,1.01904957423652,1.1712993243813963,2020-08-01 10:00:00,2021-08-01 10:00:00,2021-08-01 10:00:00,365,1
1219,2021-08-01 10:00:00,Naive,10,1.01904957423652,-1.5057606194117057,2020-08-01 10:00:00,2021-08-01 10:00:00,2021-08-01 10:00:00,365,1
1220,2021-08-02 10:00:00,Decision Tree,10,1.6609227402736442,1.7463289373253368,2020-08-02 10:00:00,2021-08-02 10:00:00,2021-08-02 10:00:00,365,1
1221,2021-08-02 10:00:00,Random Forest,10,1.6609227402736442,1.7338414275727332,2020-08-02 10:00:00,2021-08-02 10:00:00,2021-08-02 10:00:00,365,1
1222,2021-08-02 10:00:00,Neural Network,10,1.6609227402736442,1.6435650195306506,2020-08-02 10:00:00,2021-08-02 10:00:00,2021-08-02 10:00:00,365,1
1223,2021-08-02 10:00:00,Naive,10,1.6609227402736442,1.01904957423652,2020-08-02 10:00:00,2021-08-02 10:00:00,2021-08-02 10:00:00,365,1
1224,2021-08-03 10:00:00,Decision Tree,10,1.902647160761955,1.9655764191260081,2020-08-03 10:00:00,2021-08-03 10:00:00,2021-08-03 10:00:00,365,1
1225,2021-08-03 10:00:00,Random Forest,10,1.902647160761955,1.9280320212462458,2020-08-03 10:00:00,2021-08-03 10:00:00,2021-08-03 10:00:00,365,1
1226,2021-08-03 10:00:00,Neural Network,10,1.902647160761955,2.01676523329885,2020-08-03 10:00:00,2021-08-03 10:00:00,2021-08-03 10:00:00,365,1
1227,2021-08-03 10:00:00,Naive,10,1.902647160761955,1.6609227402736442,2020-08-03 10:00:00,2021-08-03 10:00:00,2021-08-03 10:00:00,365,1
1228,2021-08-04 10:00:00,Decision Tree,10,2.114874620874288,2.122128928654567,2020-08-04 10:00:00,2021-08-04 10:00:00,2021-08-04 10:00:00,365,1
1229,2021-08-04 10:00:00,Random Forest,10,2.114874620874288,2.1002434038529536,2020-08-04 10:00:00,2021-08-04 10:00:00,2021-08-04 10:00:00,365,1
1230,2021-08-04 10:00:00,Neural Network,10,2.114874620874288,2.2399710632770358,2020-08-04 10:00:00,2021-08-04 10:00:00,2021-08-04 10:00:00,365,1
1231,2021-08-04 10:00:00,Naive,10,2.114874620874288,1.902647160761955,2020-08-04 10:00:00,2021-08-04 10:00:00,2021-08-04 10:00:00,365,1
1232,2021-08-05 10:00:00,Decision Tree,10,2.0778475928297793,2.120919877357854,2020-08-05 10:00:00,2021-08-05 10:00:00,2021-08-05 10:00:00,365,1
1233,2021-08-05 10:00:00,Random Forest,10,2.0778475928297793,2.1107715566562906,2020-08-05 10:00:00,2021-08-05 10:00:00,2021-08-05 10:00:00,365,1
1234,2021-08-05 10:00:00,Neural Network,10,2.0778475928297793,2.187114281284351,2020-08-05 10:00:00,2021-08-05 10:00:00,2021-08-05 10:00:00,365,1
1235,2021-08-05 10:00:00,Naive,10,2.0778475928297793,2.114874620874288,2020-08-05 10:00:00,2021-08-05 10:00:00,2021-08-05 10:00:00,365,1
1236,2021-08-06 10:00:00,Decision Tree,10,1.5358107689229819,1.7356531626938752,2020-08-06 10:00:00,2021-08-06 10:00:00,2021-08-06 10:00:00,365,1
1237,2021-08-06 10:00:00,Random Forest,10,1.5358107689229819,1.6892015353393914,2020-08-06 10:00:00,2021-08-06 10:00:00,2021-08-06 10:00:00,365,1
1238,2021-08-06 10:00:00,Neural Network,10,1.5358107689229819,1.6125094849700097,2020-08-06 10:00:00,2021-08-06 10:00:00,2021-08-06 10:00:00,365,1
1239,2021-08-06 10:00:00,Naive,10,1.5358107689229819,2.0778475928297793,2020-08-06 10:00:00,2021-08-06 10:00:00,2021-08-06 10:00:00,365,1
1240,2021-08-07 10:00:00,Decision Tree,10,0.8929830884028813,1.1231808173176763,2020-08-07 10:00:00,2021-08-07 10:00:00,2021-08-07 10:00:00,365,1
1241,2021-08-07 10:00:00,Random Forest,10,0.8929830884028813,1.059803366858717,2020-08-07 10:00:00,2021-08-07 10:00:00,2021-08-07 10:00:00,365,1
1242,2021-08-07 10:00:00,Neural Network,10,0.8929830884028813,0.8915052955369126,2020-08-07 10:00:00,2021-08-07 10:00:00,2021-08-07 10:00:00,365,1
1243,2021-08-07 10:00:00,Naive,10,0.8929830884028813,1.5358107689229819,2020-08-07 10:00:00,2021-08-07 10:00:00,2021-08-07 10:00:00,365,1
1244,2021-08-08 10:00:00,Decision Tree,10,-1.7101694328809796,-1.9901708940865177,2020-08-08 10:00:00,2021-08-08 10:00:00,2021-08-08 10:00:00,365,1
1245,2021-08-08 10:00:00,Random Forest,10,-1.7101694328809796,-1.7521911729578226,2020-08-08 10:00:00,2021-08-08 10:00:00,2021-08-08 10:00:00,365,1
1246,2021-08-08 10:00:00,Neural Network,10,-1.7101694328809796,-1.8894523836310373,2020-08-08 10:00:00,2021-08-08 10:00:00,2021-08-08 10:00:00,365,1
1247,2021-08-08 10:00:00,Naive,10,-1.7101694328809796,0.8929830884028813,2020-08-08 10:00:00,2021-08-08 10:00:00,2021-08-08 10:00:00,365,1
1248,2021-08-09 10:00:00,Decision Tree,10,1.2114290065328128,1.541072843327385,2020-08-09 10:00:00,2021-08-09 10:00:00,2021-08-09 10:00:00,365,1
1249,2021-08-09 10:00:00,Random Forest,10,1.2114290065328128,1.4601830779342024,2020-08-09 10:00:00,2021-08-09 10:00:00,2021-08-09 10:00:00,365,1
1250,2021-08-09 10:00:00,Neural Network,10,1.2114290065328128,1.2470308767937384,2020-08-09 10:00:00,2021-08-09 10:00:00,2021-08-09 10:00:00,365,1
1251,2021-08-09 10:00:00,Naive,10,1.2114290065328128,-1.7101694328809796,2020-08-09 10:00:00,2021-08-09 10:00:00,2021-08-09 10:00:00,365,1
1252,2021-08-10 10:00:00,Decision Tree,10,1.9081930932367621,1.9565865250740002,2020-08-10 10:00:00,2021-08-10 10:00:00,2021-08-10 10:00:00,365,1
1253,2021-08-10 10:00:00,Random Forest,10,1.9081930932367621,1.9445560599903395,2020-08-10 10:00:00,2021-08-10 10:00:00,2021-08-10 10:00:00,365,1
1254,2021-08-10 10:00:00,Neural Network,10,1.9081930932367621,1.9013897411027565,2020-08-10 10:00:00,2021-08-10 10:00:00,2021-08-10 10:00:00,365,1
1255,2021-08-10 10:00:00,Naive,10,1.9081930932367621,1.2114290065328128,2020-08-10 10:00:00,2021-08-10 10:00:00,2021-08-10 10:00:00,365,1
1256,2021-08-11 10:00:00,Decision Tree,10,1.8336378707939398,1.897034265353938,2020-08-11 10:00:00,2021-08-11 10:00:00,2021-08-11 10:00:00,365,1
1257,2021-08-11 10:00:00,Random Forest,10,1.8336378707939398,1.8810074905723935,2020-08-11 10:00:00,2021-08-11 10:00:00,2021-08-11 10:00:00,365,1
1258,2021-08-11 10:00:00,Neural Network,10,1.8336378707939398,1.9031469385613415,2020-08-11 10:00:00,2021-08-11 10:00:00,2021-08-11 10:00:00,365,1
1259,2021-08-11 10:00:00,Naive,10,1.8336378707939398,1.9081930932367621,2020-08-11 10:00:00,2021-08-11 10:00:00,2021-08-11 10:00:00,365,1
1260,2021-08-12 10:00:00,Decision Tree,10,1.985600341932056,2.116483617795323,2020-08-12 10:00:00,2021-08-12 10:00:00,2021-08-12 10:00:00,365,1
1261,2021-08-12 10:00:00,Random Forest,10,1.985600341932056,2.0203894686812447,2020-08-12 10:00:00,2021-08-12 10:00:00,2021-08-12 10:00:00,365,1
1262,2021-08-12 10:00:00,Neural Network,10,1.985600341932056,2.1076361772310626,2020-08-12 10:00:00,2021-08-12 10:00:00,2021-08-12 10:00:00,365,1
1263,2021-08-12 10:00:00,Naive,10,1.985600341932056,1.8336378707939398,2020-08-12 10:00:00,2021-08-12 10:00:00,2021-08-12 10:00:00,365,1
1264,2021-08-13 10:00:00,Decision Tree,10,1.9400475846733156,2.0496249550390946,2020-08-13 10:00:00,2021-08-13 10:00:00,2021-08-13 10:00:00,365,1
1265,2021-08-13 10:00:00,Random Forest,10,1.9400475846733156,1.9944916440203022,2020-08-13 10:00:00,2021-08-13 10:00:00,2021-08-13 10:00:00,365,1
1266,2021-08-13 10:00:00,Neural Network,10,1.9400475846733156,2.050845312333597,2020-08-13 10:00:00,2021-08-13 10:00:00,2021-08-13 10:00:00,365,1
1267,2021-08-13 10:00:00,Naive,10,1.9400475846733156,1.985600341932056,2020-08-13 10:00:00,2021-08-13 10:00:00,2021-08-13 10:00:00,365,1
1268,2021-08-14 10:00:00,Decision Tree,10,1.1238525556237617,1.3266202261694897,2020-08-14 10:00:00,2021-08-14 10:00:00,2021-08-14 10:00:00,365,1
1269,2021-08-14 10:00:00,Random Forest,10,1.1238525556237617,1.322620355645042,2020-08-14 10:00:00,2021-08-14 10:00:00,2021-08-14 10:00:00,365,1
1270,2021-08-14 10:00:00,Neural Network,10,1.1238525556237617,1.2214874458281249,2020-08-14 10:00:00,2021-08-14 10:00:00,2021-08-14 10:00:00,365,1
1271,2021-08-14 10:00:00,Naive,10,1.1238525556237617,1.9400475846733156,2020-08-14 10:00:00,2021-08-14 10:00:00,2021-08-14 10:00:00,365,1
1272,2021-08-15 10:00:00,Decision Tree,10,0.7663985298949128,1.0115054208087684,2020-08-15 10:00:00,2021-08-15 10:00:00,2021-08-15 10:00:00,365,1
1273,2021-08-15 10:00:00,Random Forest,10,0.7663985298949128,0.9771435232148646,2020-08-15 10:00:00,2021-08-15 10:00:00,2021-08-15 10:00:00,365,1
1274,2021-08-15 10:00:00,Neural Network,10,0.7663985298949128,0.13036069416168306,2020-08-15 10:00:00,2021-08-15 10:00:00,2021-08-15 10:00:00,365,1
1275,2021-08-15 10:00:00,Naive,10,0.7663985298949128,1.1238525556237617,2020-08-15 10:00:00,2021-08-15 10:00:00,2021-08-15 10:00:00,365,1
1276,2021-08-16 10:00:00,Decision Tree,10,1.310071816932947,1.500074965294472,2020-08-16 10:00:00,2021-08-16 10:00:00,2021-08-16 10:00:00,365,1
1277,2021-08-16 10:00:00,Random Forest,10,1.310071816932947,1.45981384036052,2020-08-16 10:00:00,2021-08-16 10:00:00,2021-08-16 10:00:00,365,1
1278,2021-08-16 10:00:00,Neural Network,10,1.310071816932947,1.4385581650910533,2020-08-16 10:00:00,2021-08-16 10:00:00,2021-08-16 10:00:00,365,1
1279,2021-08-16 10:00:00,Naive,10,1.310071816932947,0.7663985298949128,2020-08-16 10:00:00,2021-08-16 10:00:00,2021-08-16 10:00:00,365,1
1280,2021-08-17 10:00:00,Decision Tree,10,0.43780209758531946,0.6725235929677078,2020-08-17 10:00:00,2021-08-17 10:00:00,2021-08-17 10:00:00,365,1
1281,2021-08-17 10:00:00,Random Forest,10,0.43780209758531946,0.6906511000390548,2020-08-17 10:00:00,2021-08-17 10:00:00,2021-08-17 10:00:00,365,1
1282,2021-08-17 10:00:00,Neural Network,10,0.43780209758531946,0.3558310072196558,2020-08-17 10:00:00,2021-08-17 10:00:00,2021-08-17 10:00:00,365,1
1283,2021-08-17 10:00:00,Naive,10,0.43780209758531946,1.310071816932947,2020-08-17 10:00:00,2021-08-17 10:00:00,2021-08-17 10:00:00,365,1
1284,2021-08-18 10:00:00,Decision Tree,10,1.8752868413554487,1.9960073520467518,2020-08-18 10:00:00,2021-08-18 10:00:00,2021-08-18 10:00:00,365,1
1285,2021-08-18 10:00:00,Random Forest,10,1.8752868413554487,2.0113208624098315,2020-08-18 10:00:00,2021-08-18 10:00:00,2021-08-18 10:00:00,365,1
1286,2021-08-18 10:00:00,Neural Network,10,1.8752868413554487,2.448763637461124,2020-08-18 10:00:00,2021-08-18 10:00:00,2021-08-18 10:00:00,365,1
1287,2021-08-18 10:00:00,Naive,10,1.8752868413554487,0.43780209758531946,2020-08-18 10:00:00,2021-08-18 10:00:00,2021-08-18 10:00:00,365,1
1288,2021-08-19 10:00:00,Decision Tree,10,1.746291731781246,1.8658794015713682,2020-08-19 10:00:00,2021-08-19 10:00:00,2021-08-19 10:00:00,365,1
1289,2021-08-19 10:00:00,Random Forest,10,1.746291731781246,1.9223084856983306,2020-08-19 10:00:00,2021-08-19 10:00:00,2021-08-19 10:00:00,365,1
1290,2021-08-19 10:00:00,Neural Network,10,1.746291731781246,1.7911034459213822,2020-08-19 10:00:00,2021-08-19 10:00:00,2021-08-19 10:00:00,365,1
1291,2021-08-19 10:00:00,Naive,10,1.746291731781246,1.8752868413554487,2020-08-19 10:00:00,2021-08-19 10:00:00,2021-08-19 10:00:00,365,1
1292,2021-08-20 10:00:00,Decision Tree,10,2.016943229852043,2.1206706090585254,2020-08-20 10:00:00,2021-08-20 10:00:00,2021-08-20 10:00:00,365,1
1293,2021-08-20 10:00:00,Random Forest,10,2.016943229852043,2.0653405845780926,2020-08-20 10:00:00,2021-08-20 10:00:00,2021-08-20 10:00:00,365,1
1294,2021-08-20 10:00:00,Neural Network,10,2.016943229852043,2.0716731438616898,2020-08-20 10:00:00,2021-08-20 10:00:00,2021-08-20 10:00:00,365,1
1295,2021-08-20 10:00:00,Naive,10,2.016943229852043,1.746291731781246,2020-08-20 10:00:00,2021-08-20 10:00:00,2021-08-20 10:00:00,365,1
1296,2021-08-21 10:00:00,Decision Tree,10,1.5841220901496615,1.7356531626938752,2020-08-21 10:00:00,2021-08-21 10:00:00,2021-08-21 10:00:00,365,1
1297,2021-08-21 10:00:00,Random Forest,10,1.5841220901496615,1.7316656708293756,2020-08-21 10:00:00,2021-08-21 10:00:00,2021-08-21 10:00:00,365,1
1298,2021-08-21 10:00:00,Neural Network,10,1.5841220901496615,1.565796315710852,2020-08-21 10:00:00,2021-08-21 10:00:00,2021-08-21 10:00:00,365,1
1299,2021-08-21 10:00:00,Naive,10,1.5841220901496615,2.016943229852043,2020-08-21 10:00:00,2021-08-21 10:00:00,2021-08-21 10:00:00,365,1
1300,2021-08-22 10:00:00,Decision Tree,10,1.4495700547149606,1.7952071999646433,2020-08-22 10:00:00,2021-08-22 10:00:00,2021-08-22 10:00:00,365,1
1301,2021-08-22 10:00:00,Random Forest,10,1.4495700547149606,1.58768798073495,2020-08-22 10:00:00,2021-08-22 10:00:00,2021-08-22 10:00:00,365,1
1302,2021-08-22 10:00:00,Neural Network,10,1.4495700547149606,1.518560917354645,2020-08-22 10:00:00,2021-08-22 10:00:00,2021-08-22 10:00:00,365,1
1303,2021-08-22 10:00:00,Naive,10,1.4495700547149606,1.5841220901496615,2020-08-22 10:00:00,2021-08-22 10:00:00,2021-08-22 10:00:00,365,1
1304,2021-08-23 10:00:00,Decision Tree,10,2.005070271184062,2.023229301841055,2020-08-23 10:00:00,2021-08-23 10:00:00,2021-08-23 10:00:00,365,1
1305,2021-08-23 10:00:00,Random Forest,10,2.005070271184062,2.044470671965006,2020-08-23 10:00:00,2021-08-23 10:00:00,2021-08-23 10:00:00,365,1
1306,2021-08-23 10:00:00,Neural Network,10,2.005070271184062,2.096962437075746,2020-08-23 10:00:00,2021-08-23 10:00:00,2021-08-23 10:00:00,365,1
1307,2021-08-23 10:00:00,Naive,10,2.005070271184062,1.4495700547149606,2020-08-23 10:00:00,2021-08-23 10:00:00,2021-08-23 10:00:00,365,1
1308,2021-08-24 10:00:00,Decision Tree,10,1.9106015530787666,1.9951319414984656,2020-08-24 10:00:00,2021-08-24 10:00:00,2021-08-24 10:00:00,365,1
1309,2021-08-24 10:00:00,Random Forest,10,1.9106015530787666,1.995022578931543,2020-08-24 10:00:00,2021-08-24 10:00:00,2021-08-24 10:00:00,365,1
1310,2021-08-24 10:00:00,Neural Network,10,1.9106015530787666,2.0591447784771217,2020-08-24 10:00:00,2021-08-24 10:00:00,2021-08-24 10:00:00,365,1
1311,2021-08-24 10:00:00,Naive,10,1.9106015530787666,2.005070271184062,2020-08-24 10:00:00,2021-08-24 10:00:00,2021-08-24 10:00:00,365,1
1312,2021-08-25 10:00:00,Decision Tree,10,1.6151369303380094,1.718816376855629,2020-08-25 10:00:00,2021-08-25 10:00:00,2021-08-25 10:00:00,365,1
1313,2021-08-25 10:00:00,Random Forest,10,1.6151369303380094,1.7188387361821673,2020-08-25 10:00:00,2021-08-25 10:00:00,2021-08-25 10:00:00,365,1
1314,2021-08-25 10:00:00,Neural Network,10,1.6151369303380094,1.7254554580167323,2020-08-25 10:00:00,2021-08-25 10:00:00,2021-08-25 10:00:00,365,1
1315,2021-08-25 10:00:00,Naive,10,1.6151369303380094,1.9106015530787666,2020-08-25 10:00:00,2021-08-25 10:00:00,2021-08-25 10:00:00,365,1
1316,2021-08-26 10:00:00,Decision Tree,10,1.9513474139939255,1.9810435434285159,2020-08-26 10:00:00,2021-08-26 10:00:00,2021-08-26 10:00:00,365,1
1317,2021-08-26 10:00:00,Random Forest,10,1.9513474139939255,2.004785074884467,2020-08-26 10:00:00,2021-08-26 10:00:00,2021-08-26 10:00:00,365,1
1318,2021-08-26 10:00:00,Neural Network,10,1.9513474139939255,2.0773412519282624,2020-08-26 10:00:00,2021-08-26 10:00:00,2021-08-26 10:00:00,365,1
1319,2021-08-26 10:00:00,Naive,10,1.9513474139939255,1.6151369303380094,2020-08-26 10:00:00,2021-08-26 10:00:00,2021-08-26 10:00:00,365,1
1320,2021-08-27 10:00:00,Decision Tree,10,1.956908436734019,1.9768012392235743,2020-08-27 10:00:00,2021-08-27 10:00:00,2021-08-27 10:00:00,365,1
1321,2021-08-27 10:00:00,Random Forest,10,1.956908436734019,1.9860913094772747,2020-08-27 10:00:00,2021-08-27 10:00:00,2021-08-27 10:00:00,365,1
1322,2021-08-27 10:00:00,Neural Network,10,1.956908436734019,2.2579068151601245,2020-08-27 10:00:00,2021-08-27 10:00:00,2021-08-27 10:00:00,365,1
1323,2021-08-27 10:00:00,Naive,10,1.956908436734019,1.9513474139939255,2020-08-27 10:00:00,2021-08-27 10:00:00,2021-08-27 10:00:00,365,1
1324,2021-08-28 10:00:00,Decision Tree,10,1.6757809623707092,1.6717002549622868,2020-08-28 10:00:00,2021-08-28 10:00:00,2021-08-28 10:00:00,365,1
1325,2021-08-28 10:00:00,Random Forest,10,1.6757809623707092,1.728111846186199,2020-08-28 10:00:00,2021-08-28 10:00:00,2021-08-28 10:00:00,365,1
1326,2021-08-28 10:00:00,Neural Network,10,1.6757809623707092,1.7847055388185296,2020-08-28 10:00:00,2021-08-28 10:00:00,2021-08-28 10:00:00,365,1
1327,2021-08-28 10:00:00,Naive,10,1.6757809623707092,1.956908436734019,2020-08-28 10:00:00,2021-08-28 10:00:00,2021-08-28 10:00:00,365,1
1328,2021-08-29 10:00:00,Decision Tree,10,1.523398898460689,1.6498910825428688,2020-08-29 10:00:00,2021-08-29 10:00:00,2021-08-29 10:00:00,365,1
1329,2021-08-29 10:00:00,Random Forest,10,1.523398898460689,1.6454421783539113,2020-08-29 10:00:00,2021-08-29 10:00:00,2021-08-29 10:00:00,365,1
1330,2021-08-29 10:00:00,Neural Network,10,1.523398898460689,1.6137704326955906,2020-08-29 10:00:00,2021-08-29 10:00:00,2021-08-29 10:00:00,365,1
1331,2021-08-29 10:00:00,Naive,10,1.523398898460689,1.6757809623707092,2020-08-29 10:00:00,2021-08-29 10:00:00,2021-08-29 10:00:00,365,1
1332,2021-08-30 10:00:00,Decision Tree,10,2.244686572375581,1.9743146389123798,2020-08-30 10:00:00,2021-08-30 10:00:00,2021-08-30 10:00:00,365,1
1333,2021-08-30 10:00:00,Random Forest,10,2.244686572375581,2.033892360542731,2020-08-30 10:00:00,2021-08-30 10:00:00,2021-08-30 10:00:00,365,1
1334,2021-08-30 10:00:00,Neural Network,10,2.244686572375581,2.460707746458711,2020-08-30 10:00:00,2021-08-30 10:00:00,2021-08-30 10:00:00,365,1
1335,2021-08-30 10:00:00,Naive,10,2.244686572375581,1.523398898460689,2020-08-30 10:00:00,2021-08-30 10:00:00,2021-08-30 10:00:00,365,1
1336,2021-08-31 10:00:00,Decision Tree,10,2.2018410638064934,1.9743146389123798,2020-08-31 10:00:00,2021-08-31 10:00:00,2021-08-31 10:00:00,365,1
1337,2021-08-31 10:00:00,Random Forest,10,2.2018410638064934,2.052011032341025,2020-08-31 10:00:00,2021-08-31 10:00:00,2021-08-31 10:00:00,365,1
1338,2021-08-31 10:00:00,Neural Network,10,2.2018410638064934,2.340045723197999,2020-08-31 10:00:00,2021-08-31 10:00:00,2021-08-31 10:00:00,365,1
1339,2021-08-31 10:00:00,Naive,10,2.2018410638064934,2.244686572375581,2020-08-31 10:00:00,2021-08-31 10:00:00,2021-08-31 10:00:00,365,1
1340,2021-09-01 10:00:00,Decision Tree,10,2.103302456231367,2.141035689558297,2020-09-01 10:00:00,2021-09-01 10:00:00,2021-09-01 10:00:00,365,1
1341,2021-09-01 10:00:00,Random Forest,10,2.103302456231367,2.0662783531166404,2020-09-01 10:00:00,2021-09-01 10:00:00,2021-09-01 10:00:00,365,1
1342,2021-09-01 10:00:00,Neural Network,10,2.103302456231367,2.2538617991312515,2020-09-01 10:00:00,2021-09-01 10:00:00,2021-09-01 10:00:00,365,1
1343,2021-09-01 10:00:00,Naive,10,2.103302456231367,2.2018410638064934,2020-09-01 10:00:00,2021-09-01 10:00:00,2021-09-01 10:00:00,365,1
1344,2021-09-02 10:00:00,Decision Tree,10,2.1241287458395934,2.1356452276544498,2020-09-02 10:00:00,2021-09-02 10:00:00,2021-09-02 10:00:00,365,1
1345,2021-09-02 10:00:00,Random Forest,10,2.1241287458395934,2.0948699855218527,2020-09-02 10:00:00,2021-09-02 10:00:00,2021-09-02 10:00:00,365,1
1346,2021-09-02 10:00:00,Neural Network,10,2.1241287458395934,2.352954839534335,2020-09-02 10:00:00,2021-09-02 10:00:00,2021-09-02 10:00:00,365,1
1347,2021-09-02 10:00:00,Naive,10,2.1241287458395934,2.103302456231367,2020-09-02 10:00:00,2021-09-02 10:00:00,2021-09-02 10:00:00,365,1
1348,2021-09-03 10:00:00,Decision Tree,10,1.9942209284700914,1.966645547349741,2020-09-03 10:00:00,2021-09-03 10:00:00,2021-09-03 10:00:00,365,1
1349,2021-09-03 10:00:00,Random Forest,10,1.9942209284700914,2.0496663451864516,2020-09-03 10:00:00,2021-09-03 10:00:00,2021-09-03 10:00:00,365,1
1350,2021-09-03 10:00:00,Neural Network,10,1.9942209284700914,2.114395315213256,2020-09-03 10:00:00,2021-09-03 10:00:00,2021-09-03 10:00:00,365,1
1351,2021-09-03 10:00:00,Naive,10,1.9942209284700914,2.1241287458395934,2020-09-03 10:00:00,2021-09-03 10:00:00,2021-09-03 10:00:00,365,1
1352,2021-09-04 10:00:00,Decision Tree,10,1.7865582773041941,1.9146112856443906,2020-09-04 10:00:00,2021-09-04 10:00:00,2021-09-04 10:00:00,365,1
1353,2021-09-04 10:00:00,Random Forest,10,1.7865582773041941,1.8985576879858357,2020-09-04 10:00:00,2021-09-04 10:00:00,2021-09-04 10:00:00,365,1
1354,2021-09-04 10:00:00,Neural Network,10,1.7865582773041941,1.784752789195089,2020-09-04 10:00:00,2021-09-04 10:00:00,2021-09-04 10:00:00,365,1
1355,2021-09-04 10:00:00,Naive,10,1.7865582773041941,1.9942209284700914,2020-09-04 10:00:00,2021-09-04 10:00:00,2021-09-04 10:00:00,365,1
1356,2021-09-05 10:00:00,Decision Tree,10,1.658683037618508,1.8299935628943182,2020-09-05 10:00:00,2021-09-05 10:00:00,2021-09-05 10:00:00,365,1
1357,2021-09-05 10:00:00,Random Forest,10,1.658683037618508,1.7602042059898246,2020-09-05 10:00:00,2021-09-05 10:00:00,2021-09-05 10:00:00,365,1
1358,2021-09-05 10:00:00,Neural Network,10,1.658683037618508,1.7878514543779949,2020-09-05 10:00:00,2021-09-05 10:00:00,2021-09-05 10:00:00,365,1
1359,2021-09-05 10:00:00,Naive,10,1.658683037618508,1.7865582773041941,2020-09-05 10:00:00,2021-09-05 10:00:00,2021-09-05 10:00:00,365,1
1360,2021-09-06 10:00:00,Decision Tree,10,2.212832018254344,2.1342056674275924,2020-09-06 10:00:00,2021-09-06 10:00:00,2021-09-06 10:00:00,365,1
1361,2021-09-06 10:00:00,Random Forest,10,2.212832018254344,2.10414089510035,2020-09-06 10:00:00,2021-09-06 10:00:00,2021-09-06 10:00:00,365,1
1362,2021-09-06 10:00:00,Neural Network,10,2.212832018254344,2.497531826502262,2020-09-06 10:00:00,2021-09-06 10:00:00,2021-09-06 10:00:00,365,1
1363,2021-09-06 10:00:00,Naive,10,2.212832018254344,1.658683037618508,2020-09-06 10:00:00,2021-09-06 10:00:00,2021-09-06 10:00:00,365,1
1364,2021-09-07 10:00:00,Decision Tree,10,2.274757133378084,2.142941928630565,2020-09-07 10:00:00,2021-09-07 10:00:00,2021-09-07 10:00:00,365,1
1365,2021-09-07 10:00:00,Random Forest,10,2.274757133378084,2.155757306050099,2020-09-07 10:00:00,2021-09-07 10:00:00,2021-09-07 10:00:00,365,1
1366,2021-09-07 10:00:00,Neural Network,10,2.274757133378084,2.5490200604578748,2020-09-07 10:00:00,2021-09-07 10:00:00,2021-09-07 10:00:00,365,1
1367,2021-09-07 10:00:00,Naive,10,2.274757133378084,2.212832018254344,2020-09-07 10:00:00,2021-09-07 10:00:00,2021-09-07 10:00:00,365,1
1368,2021-09-08 10:00:00,Decision Tree,10,2.156386187633452,2.1618632600942456,2020-09-08 10:00:00,2021-09-08 10:00:00,2021-09-08 10:00:00,365,1
1369,2021-09-08 10:00:00,Random Forest,10,2.156386187633452,2.1735054600607873,2020-09-08 10:00:00,2021-09-08 10:00:00,2021-09-08 10:00:00,365,1
1370,2021-09-08 10:00:00,Neural Network,10,2.156386187633452,2.3247573578528913,2020-09-08 10:00:00,2021-09-08 10:00:00,2021-09-08 10:00:00,365,1
1371,2021-09-08 10:00:00,Naive,10,2.156386187633452,2.274757133378084,2020-09-08 10:00:00,2021-09-08 10:00:00,2021-09-08 10:00:00,365,1
1372,2021-09-09 10:00:00,Decision Tree,10,2.2974002112980307,2.1939890297823936,2020-09-09 10:00:00,2021-09-09 10:00:00,2021-09-09 10:00:00,365,1
1373,2021-09-09 10:00:00,Random Forest,10,2.2974002112980307,2.1836261342571937,2020-09-09 10:00:00,2021-09-09 10:00:00,2021-09-09 10:00:00,365,1
1374,2021-09-09 10:00:00,Neural Network,10,2.2974002112980307,2.495978645290568,2020-09-09 10:00:00,2021-09-09 10:00:00,2021-09-09 10:00:00,365,1
1375,2021-09-09 10:00:00,Naive,10,2.2974002112980307,2.156386187633452,2020-09-09 10:00:00,2021-09-09 10:00:00,2021-09-09 10:00:00,365,1
1376,2021-09-10 10:00:00,Decision Tree,10,2.4029826990379304,2.2286433228740807,2020-09-10 10:00:00,2021-09-10 10:00:00,2021-09-10 10:00:00,365,1
1377,2021-09-10 10:00:00,Random Forest,10,2.4029826990379304,2.2371378615387187,2020-09-10 10:00:00,2021-09-10 10:00:00,2021-09-10 10:00:00,365,1
1378,2021-09-10 10:00:00,Neural Network,10,2.4029826990379304,2.420697869534434,2020-09-10 10:00:00,2021-09-10 10:00:00,2021-09-10 10:00:00,365,1
1379,2021-09-10 10:00:00,Naive,10,2.4029826990379304,2.2974002112980307,2020-09-10 10:00:00,2021-09-10 10:00:00,2021-09-10 10:00:00,365,1
1380,2021-09-11 10:00:00,Decision Tree,10,2.3261248637789165,2.1879749175818928,2020-09-11 10:00:00,2021-09-11 10:00:00,2021-09-11 10:00:00,365,1
1381,2021-09-11 10:00:00,Random Forest,10,2.3261248637789165,2.186915924494668,2020-09-11 10:00:00,2021-09-11 10:00:00,2021-09-11 10:00:00,365,1
1382,2021-09-11 10:00:00,Neural Network,10,2.3261248637789165,2.382927754366586,2020-09-11 10:00:00,2021-09-11 10:00:00,2021-09-11 10:00:00,365,1
1383,2021-09-11 10:00:00,Naive,10,2.3261248637789165,2.4029826990379304,2020-09-11 10:00:00,2021-09-11 10:00:00,2021-09-11 10:00:00,365,1
1384,2021-09-12 10:00:00,Decision Tree,10,1.8496568453001727,1.9489010660824164,2020-09-12 10:00:00,2021-09-12 10:00:00,2021-09-12 10:00:00,365,1
1385,2021-09-12 10:00:00,Random Forest,10,1.8496568453001727,1.9675983926573282,2020-09-12 10:00:00,2021-09-12 10:00:00,2021-09-12 10:00:00,365,1
1386,2021-09-12 10:00:00,Neural Network,10,1.8496568453001727,1.849472804011154,2020-09-12 10:00:00,2021-09-12 10:00:00,2021-09-12 10:00:00,365,1
1387,2021-09-12 10:00:00,Naive,10,1.8496568453001727,2.3261248637789165,2020-09-12 10:00:00,2021-09-12 10:00:00,2021-09-12 10:00:00,365,1
1388,2021-09-13 10:00:00,Decision Tree,10,2.3823373980050304,2.282145884225115,2020-09-13 10:00:00,2021-09-13 10:00:00,2021-09-13 10:00:00,365,1
1389,2021-09-13 10:00:00,Random Forest,10,2.3823373980050304,2.28210425999691,2020-09-13 10:00:00,2021-09-13 10:00:00,2021-09-13 10:00:00,365,1
1390,2021-09-13 10:00:00,Neural Network,10,2.3823373980050304,2.6129800489792494,2020-09-13 10:00:00,2021-09-13 10:00:00,2021-09-13 10:00:00,365,1
1391,2021-09-13 10:00:00,Naive,10,2.3823373980050304,1.8496568453001727,2020-09-13 10:00:00,2021-09-13 10:00:00,2021-09-13 10:00:00,365,1
1392,2021-09-14 10:00:00,Decision Tree,10,2.4151935646207106,2.1654810677273724,2020-09-14 10:00:00,2021-09-14 10:00:00,2021-09-14 10:00:00,365,1
1393,2021-09-14 10:00:00,Random Forest,10,2.4151935646207106,2.256916401241939,2020-09-14 10:00:00,2021-09-14 10:00:00,2021-09-14 10:00:00,365,1
1394,2021-09-14 10:00:00,Neural Network,10,2.4151935646207106,2.5601352403889397,2020-09-14 10:00:00,2021-09-14 10:00:00,2021-09-14 10:00:00,365,1
1395,2021-09-14 10:00:00,Naive,10,2.4151935646207106,2.3823373980050304,2020-09-14 10:00:00,2021-09-14 10:00:00,2021-09-14 10:00:00,365,1
1396,2021-09-15 10:00:00,Decision Tree,10,2.680856175387958,2.3648077473481237,2020-09-15 10:00:00,2021-09-15 10:00:00,2021-09-15 10:00:00,365,1
1397,2021-09-15 10:00:00,Random Forest,10,2.680856175387958,2.3441186164628793,2020-09-15 10:00:00,2021-09-15 10:00:00,2021-09-15 10:00:00,365,1
1398,2021-09-15 10:00:00,Neural Network,10,2.680856175387958,3.0542839909711352,2020-09-15 10:00:00,2021-09-15 10:00:00,2021-09-15 10:00:00,365,1
1399,2021-09-15 10:00:00,Naive,10,2.680856175387958,2.4151935646207106,2020-09-15 10:00:00,2021-09-15 10:00:00,2021-09-15 10:00:00,365,1
1400,2021-09-16 10:00:00,Decision Tree,10,2.673291900187788,2.4414989401661087,2020-09-16 10:00:00,2021-09-16 10:00:00,2021-09-16 10:00:00,365,1
1401,2021-09-16 10:00:00,Random Forest,10,2.673291900187788,2.4687246981963353,2020-09-16 10:00:00,2021-09-16 10:00:00,2021-09-16 10:00:00,365,1
1402,2021-09-16 10:00:00,Neural Network,10,2.673291900187788,2.9792111445544527,2020-09-16 10:00:00,2021-09-16 10:00:00,2021-09-16 10:00:00,365,1
1403,2021-09-16 10:00:00,Naive,10,2.673291900187788,2.680856175387958,2020-09-16 10:00:00,2021-09-16 10:00:00,2021-09-16 10:00:00,365,1
1404,2021-09-17 10:00:00,Decision Tree,10,2.588850598137023,2.5109323474478833,2020-09-17 10:00:00,2021-09-17 10:00:00,2021-09-17 10:00:00,365,1
1405,2021-09-17 10:00:00,Random Forest,10,2.588850598137023,2.502773938846226,2020-09-17 10:00:00,2021-09-17 10:00:00,2021-09-17 10:00:00,365,1
1406,2021-09-17 10:00:00,Neural Network,10,2.588850598137023,2.687932146532198,2020-09-17 10:00:00,2021-09-17 10:00:00,2021-09-17 10:00:00,365,1
1407,2021-09-17 10:00:00,Naive,10,2.588850598137023,2.673291900187788,2020-09-17 10:00:00,2021-09-17 10:00:00,2021-09-17 10:00:00,365,1
1408,2021-09-18 10:00:00,Decision Tree,10,2.2151703389471016,2.3050612357671287,2020-09-18 10:00:00,2021-09-18 10:00:00,2021-09-18 10:00:00,365,1
1409,2021-09-18 10:00:00,Random Forest,10,2.2151703389471016,2.2400297291101587,2020-09-18 10:00:00,2021-09-18 10:00:00,2021-09-18 10:00:00,365,1
1410,2021-09-18 10:00:00,Neural Network,10,2.2151703389471016,2.148657571507552,2020-09-18 10:00:00,2021-09-18 10:00:00,2021-09-18 10:00:00,365,1
1411,2021-09-18 10:00:00,Naive,10,2.2151703389471016,2.588850598137023,2020-09-18 10:00:00,2021-09-18 10:00:00,2021-09-18 10:00:00,365,1
1412,2021-09-19 10:00:00,Decision Tree,10,1.4242571126337438,1.5692040337985873,2020-09-19 10:00:00,2021-09-19 10:00:00,2021-09-19 10:00:00,365,1
1413,2021-09-19 10:00:00,Random Forest,10,1.4242571126337438,1.5717363780601648,2020-09-19 10:00:00,2021-09-19 10:00:00,2021-09-19 10:00:00,365,1
1414,2021-09-19 10:00:00,Neural Network,10,1.4242571126337438,1.7226096800147852,2020-09-19 10:00:00,2021-09-19 10:00:00,2021-09-19 10:00:00,365,1
1415,2021-09-19 10:00:00,Naive,10,1.4242571126337438,2.2151703389471016,2020-09-19 10:00:00,2021-09-19 10:00:00,2021-09-19 10:00:00,365,1
1416,2021-09-20 10:00:00,Decision Tree,10,2.557605907118773,2.5522349874742822,2020-09-20 10:00:00,2021-09-20 10:00:00,2021-09-20 10:00:00,365,1
1417,2021-09-20 10:00:00,Random Forest,10,2.557605907118773,2.5048929576496173,2020-09-20 10:00:00,2021-09-20 10:00:00,2021-09-20 10:00:00,365,1
1418,2021-09-20 10:00:00,Neural Network,10,2.557605907118773,2.68860867992659,2020-09-20 10:00:00,2021-09-20 10:00:00,2021-09-20 10:00:00,365,1
1419,2021-09-20 10:00:00,Naive,10,2.557605907118773,1.4242571126337438,2020-09-20 10:00:00,2021-09-20 10:00:00,2021-09-20 10:00:00,365,1
1420,2021-09-21 10:00:00,Decision Tree,10,2.4558081163271654,2.5831596290904506,2020-09-21 10:00:00,2021-09-21 10:00:00,2021-09-21 10:00:00,365,1
1421,2021-09-21 10:00:00,Random Forest,10,2.4558081163271654,2.441736730146513,2020-09-21 10:00:00,2021-09-21 10:00:00,2021-09-21 10:00:00,365,1
1422,2021-09-21 10:00:00,Neural Network,10,2.4558081163271654,2.4821071934539805,2020-09-21 10:00:00,2021-09-21 10:00:00,2021-09-21 10:00:00,365,1
1423,2021-09-21 10:00:00,Naive,10,2.4558081163271654,2.557605907118773,2020-09-21 10:00:00,2021-09-21 10:00:00,2021-09-21 10:00:00,365,1
1424,2021-09-22 10:00:00,Decision Tree,10,2.5322135820854643,2.5912825394317416,2020-09-22 10:00:00,2021-09-22 10:00:00,2021-09-22 10:00:00,365,1
1425,2021-09-22 10:00:00,Random Forest,10,2.5322135820854643,2.5598458448485095,2020-09-22 10:00:00,2021-09-22 10:00:00,2021-09-22 10:00:00,365,1
1426,2021-09-22 10:00:00,Neural Network,10,2.5322135820854643,2.5910084380363547,2020-09-22 10:00:00,2021-09-22 10:00:00,2021-09-22 10:00:00,365,1
1427,2021-09-22 10:00:00,Naive,10,2.5322135820854643,2.4558081163271654,2020-09-22 10:00:00,2021-09-22 10:00:00,2021-09-22 10:00:00,365,1
1428,2021-09-23 10:00:00,Decision Tree,10,1.1147939539925862,1.405508332989767,2020-09-23 10:00:00,2021-09-23 10:00:00,2021-09-23 10:00:00,365,1
1429,2021-09-23 10:00:00,Random Forest,10,1.1147939539925862,1.4378881522008808,2020-09-23 10:00:00,2021-09-23 10:00:00,2021-09-23 10:00:00,365,1
1430,2021-09-23 10:00:00,Neural Network,10,1.1147939539925862,1.2310616262292977,2020-09-23 10:00:00,2021-09-23 10:00:00,2021-09-23 10:00:00,365,1
1431,2021-09-23 10:00:00,Naive,10,1.1147939539925862,2.5322135820854643,2020-09-23 10:00:00,2021-09-23 10:00:00,2021-09-23 10:00:00,365,1
1432,2021-09-24 10:00:00,Decision Tree,10,2.2441392318023756,2.3649434266351235,2020-09-24 10:00:00,2021-09-24 10:00:00,2021-09-24 10:00:00,365,1
1433,2021-09-24 10:00:00,Random Forest,10,2.2441392318023756,2.320924040903143,2020-09-24 10:00:00,2021-09-24 10:00:00,2021-09-24 10:00:00,365,1
1434,2021-09-24 10:00:00,Neural Network,10,2.2441392318023756,2.307314529452445,2020-09-24 10:00:00,2021-09-24 10:00:00,2021-09-24 10:00:00,365,1
1435,2021-09-24 10:00:00,Naive,10,2.2441392318023756,1.1147939539925862,2020-09-24 10:00:00,2021-09-24 10:00:00,2021-09-24 10:00:00,365,1
1436,2021-09-25 10:00:00,Decision Tree,10,1.9123107442375202,2.0622744283824535,2020-09-25 10:00:00,2021-09-25 10:00:00,2021-09-25 10:00:00,365,1
1437,2021-09-25 10:00:00,Random Forest,10,1.9123107442375202,2.0209810576957867,2020-09-25 10:00:00,2021-09-25 10:00:00,2021-09-25 10:00:00,365,1
1438,2021-09-25 10:00:00,Neural Network,10,1.9123107442375202,1.854933717774577,2020-09-25 10:00:00,2021-09-25 10:00:00,2021-09-25 10:00:00,365,1
1439,2021-09-25 10:00:00,Naive,10,1.9123107442375202,2.2441392318023756,2020-09-25 10:00:00,2021-09-25 10:00:00,2021-09-25 10:00:00,365,1
1440,2021-09-26 10:00:00,Decision Tree,10,1.9459020570360817,2.16257771793339,2020-09-26 10:00:00,2021-09-26 10:00:00,2021-09-26 10:00:00,365,1
1441,2021-09-26 10:00:00,Random Forest,10,1.9459020570360817,2.096919610905625,2020-09-26 10:00:00,2021-09-26 10:00:00,2021-09-26 10:00:00,365,1
1442,2021-09-26 10:00:00,Neural Network,10,1.9459020570360817,2.0313608058329398,2020-09-26 10:00:00,2021-09-26 10:00:00,2021-09-26 10:00:00,365,1
1443,2021-09-26 10:00:00,Naive,10,1.9459020570360817,1.9123107442375202,2020-09-26 10:00:00,2021-09-26 10:00:00,2021-09-26 10:00:00,365,1
1444,2021-09-27 10:00:00,Decision Tree,10,2.532167261204137,2.606563632583401,2020-09-27 10:00:00,2021-09-27 10:00:00,2021-09-27 10:00:00,365,1
1445,2021-09-27 10:00:00,Random Forest,10,2.532167261204137,2.5611407698803865,2020-09-27 10:00:00,2021-09-27 10:00:00,2021-09-27 10:00:00,365,1
1446,2021-09-27 10:00:00,Neural Network,10,2.532167261204137,2.6430443968565167,2020-09-27 10:00:00,2021-09-27 10:00:00,2021-09-27 10:00:00,365,1
1447,2021-09-27 10:00:00,Naive,10,2.532167261204137,1.9459020570360817,2020-09-27 10:00:00,2021-09-27 10:00:00,2021-09-27 10:00:00,365,1
1448,2021-09-28 10:00:00,Decision Tree,10,2.545294519895174,2.594164237353524,2020-09-28 10:00:00,2021-09-28 10:00:00,2021-09-28 10:00:00,365,1
1449,2021-09-28 10:00:00,Random Forest,10,2.545294519895174,2.5572609853817947,2020-09-28 10:00:00,2021-09-28 10:00:00,2021-09-28 10:00:00,365,1
1450,2021-09-28 10:00:00,Neural Network,10,2.545294519895174,2.604903747602932,2020-09-28 10:00:00,2021-09-28 10:00:00,2021-09-28 10:00:00,365,1
1451,2021-09-28 10:00:00,Naive,10,2.545294519895174,2.532167261204137,2020-09-28 10:00:00,2021-09-28 10:00:00,2021-09-28 10:00:00,365,1
1452,2021-09-29 10:00:00,Decision Tree,10,2.6109761364461743,2.5871828491451887,2020-09-29 10:00:00,2021-09-29 10:00:00,2021-09-29 10:00:00,365,1
1453,2021-09-29 10:00:00,Random Forest,10,2.6109761364461743,2.623207050128168,2020-09-29 10:00:00,2021-09-29 10:00:00,2021-09-29 10:00:00,365,1
1454,2021-09-29 10:00:00,Neural Network,10,2.6109761364461743,2.611313293742107,2020-09-29 10:00:00,2021-09-29 10:00:00,2021-09-29 10:00:00,365,1
1455,2021-09-29 10:00:00,Naive,10,2.6109761364461743,2.545294519895174,2020-09-29 10:00:00,2021-09-29 10:00:00,2021-09-29 10:00:00,365,1
1456,2021-09-30 10:00:00,Decision Tree,10,1.792167873256339,1.9450849021782146,2020-09-30 10:00:00,2021-09-30 10:00:00,2021-09-30 10:00:00,365,1
1457,2021-09-30 10:00:00,Random Forest,10,1.792167873256339,1.9299458166264651,2020-09-30 10:00:00,2021-09-30 10:00:00,2021-09-30 10:00:00,365,1
1458,2021-09-30 10:00:00,Neural Network,10,1.792167873256339,2.0305922263195884,2020-09-30 10:00:00,2021-09-30 10:00:00,2021-09-30 10:00:00,365,1
1459,2021-09-30 10:00:00,Naive,10,1.792167873256339,2.6109761364461743,2020-09-30 10:00:00,2021-09-30 10:00:00,2021-09-30 10:00:00,365,1
