,timestamp,model,hour,y_true,y_pred,train_start,train_end,test_day,train_rows,test_rows
0,2020-10-02 01:00:00,Decision Tree,1,-0.22343159962121384,-0.21046875245730318,2019-10-02 01:00:00,2020-10-02 01:00:00,2020-10-02 01:00:00,367,1
1,2020-10-02 01:00:00,Random Forest,1,-0.22343159962121384,-0.22286361681703595,2019-10-02 01:00:00,2020-10-02 01:00:00,2020-10-02 01:00:00,367,1
2,2020-10-02 01:00:00,Neural Network,1,-0.22343159962121384,-0.2191617184291576,2019-10-02 01:00:00,2020-10-02 01:00:00,2020-10-02 01:00:00,367,1
3,2020-10-02 01:00:00,Naive,1,-0.22343159962121384,-0.14802812000356544,2019-10-02 01:00:00,2020-10-02 01:00:00,2020-10-02 01:00:00,367,1
4,2020-10-03 01:00:00,Decision Tree,1,-1.6539836103100634,-1.6314853936256317,2019-10-03 01:00:00,2020-10-03 01:00:00,2020-10-03 01:00:00,367,1
5,2020-10-03 01:00:00,Random Forest,1,-1.6539836103100634,-1.6789775182475786,2019-10-03 01:00:00,2020-10-03 01:00:00,2020-10-03 01:00:00,367,1
6,2020-10-03 01:00:00,Neural Network,1,-1.6539836103100634,-1.2702195319262581,2019-10-03 01:00:00,2020-10-03 01:00:00,2020-10-03 01:00:00,367,1
7,2020-10-03 01:00:00,Naive,1,-1.6539836103100634,-0.22343159962121384,2019-10-03 01:00:00,2020-10-03 01:00:00,2020-10-03 01:00:00,367,1
8,2020-10-04 01:00:00,Decision Tree,1,-1.0673557091199033,-1.0550849487200449,2019-10-04 01:00:00,2020-10-04 01:00:00,2020-10-04 01:00:00,367,1
9,2020-10-04 01:00:00,Random Forest,1,-1.0673557091199033,-1.062908561517936,2019-10-04 01:00:00,2020-10-04 01:00:00,2020-10-04 01:00:00,367,1
10,2020-10-04 01:00:00,Neural Network,1,-1.0673557091199033,-0.9087467639915753,2019-10-04 01:00:00,2020-10-04 01:00:00,2020-10-04 01:00:00,367,1
11,2020-10-04 01:00:00,Naive,1,-1.0673557091199033,-1.6539836103100634,2019-10-04 01:00:00,2020-10-04 01:00:00,2020-10-04 01:00:00,367,1
12,2020-10-05 01:00:00,Decision Tree,1,-1.2971144303902031,-1.3196850805581537,2019-10-05 01:00:00,2020-10-05 01:00:00,2020-10-05 01:00:00,367,1
13,2020-10-05 01:00:00,Random Forest,1,-1.2971144303902031,-1.2986399499585268,2019-10-05 01:00:00,2020-10-05 01:00:00,2020-10-05 01:00:00,367,1
14,2020-10-05 01:00:00,Neural Network,1,-1.2971144303902031,-1.3466422313648834,2019-10-05 01:00:00,2020-10-05 01:00:00,2020-10-05 01:00:00,367,1
15,2020-10-05 01:00:00,Naive,1,-1.2971144303902031,-1.0673557091199033,2019-10-05 01:00:00,2020-10-05 01:00:00,2020-10-05 01:00:00,367,1
16,2020-10-06 01:00:00,Decision Tree,1,-0.646708149605684,-0.6558213209115555,2019-10-06 01:00:00,2020-10-06 01:00:00,2020-10-06 01:00:00,367,1
17,2020-10-06 01:00:00,Random Forest,1,-0.646708149605684,-0.644869231017381,2019-10-06 01:00:00,2020-10-06 01:00:00,2020-10-06 01:00:00,367,1
18,2020-10-06 01:00:00,Neural Network,1,-0.646708149605684,-0.6630879279926373,2019-10-06 01:00:00,2020-10-06 01:00:00,2020-10-06 01:00:00,367,1
19,2020-10-06 01:00:00,Naive,1,-0.646708149605684,-1.2971144303902031,2019-10-06 01:00:00,2020-10-06 01:00:00,2020-10-06 01:00:00,367,1
20,2020-10-07 01:00:00,Decision Tree,1,-0.6105401634143518,-0.5955652446870362,2019-10-07 01:00:00,2020-10-07 01:00:00,2020-10-07 01:00:00,367,1
21,2020-10-07 01:00:00,Random Forest,1,-0.6105401634143518,-0.6123147115913504,2019-10-07 01:00:00,2020-10-07 01:00:00,2020-10-07 01:00:00,367,1
22,2020-10-07 01:00:00,Neural Network,1,-0.6105401634143518,-0.6513384424453341,2019-10-07 01:00:00,2020-10-07 01:00:00,2020-10-07 01:00:00,367,1
23,2020-10-07 01:00:00,Naive,1,-0.6105401634143518,-0.646708149605684,2019-10-07 01:00:00,2020-10-07 01:00:00,2020-10-07 01:00:00,367,1
24,2020-10-08 01:00:00,Decision Tree,1,-0.6817549728371758,-0.6849395078876452,2019-10-08 01:00:00,2020-10-08 01:00:00,2020-10-08 01:00:00,367,1
25,2020-10-08 01:00:00,Random Forest,1,-0.6817549728371758,-0.6803563875856107,2019-10-08 01:00:00,2020-10-08 01:00:00,2020-10-08 01:00:00,367,1
26,2020-10-08 01:00:00,Neural Network,1,-0.6817549728371758,-0.7588828065903961,2019-10-08 01:00:00,2020-10-08 01:00:00,2020-10-08 01:00:00,367,1
27,2020-10-08 01:00:00,Naive,1,-0.6817549728371758,-0.6105401634143518,2019-10-08 01:00:00,2020-10-08 01:00:00,2020-10-08 01:00:00,367,1
28,2020-10-09 01:00:00,Decision Tree,1,-0.8212597857112441,-0.8301154260389741,2019-10-09 01:00:00,2020-10-09 01:00:00,2020-10-09 01:00:00,367,1
29,2020-10-09 01:00:00,Random Forest,1,-0.8212597857112441,-0.823106146141425,2019-10-09 01:00:00,2020-10-09 01:00:00,2020-10-09 01:00:00,367,1
30,2020-10-09 01:00:00,Neural Network,1,-0.8212597857112441,-0.9121212176820315,2019-10-09 01:00:00,2020-10-09 01:00:00,2020-10-09 01:00:00,367,1
31,2020-10-09 01:00:00,Naive,1,-0.8212597857112441,-0.6817549728371758,2019-10-09 01:00:00,2020-10-09 01:00:00,2020-10-09 01:00:00,367,1
32,2020-10-10 01:00:00,Decision Tree,1,-0.25896522671471006,-0.26743099337381543,2019-10-10 01:00:00,2020-10-10 01:00:00,2020-10-10 01:00:00,367,1
33,2020-10-10 01:00:00,Random Forest,1,-0.25896522671471006,-0.26608874655144626,2019-10-10 01:00:00,2020-10-10 01:00:00,2020-10-10 01:00:00,367,1
34,2020-10-10 01:00:00,Neural Network,1,-0.25896522671471006,-0.3496130508779359,2019-10-10 01:00:00,2020-10-10 01:00:00,2020-10-10 01:00:00,367,1
35,2020-10-10 01:00:00,Naive,1,-0.25896522671471006,-0.8212597857112441,2019-10-10 01:00:00,2020-10-10 01:00:00,2020-10-10 01:00:00,367,1
36,2020-10-11 01:00:00,Decision Tree,1,-0.6471817377547097,-0.6543024590272436,2019-10-11 01:00:00,2020-10-11 01:00:00,2020-10-11 01:00:00,367,1
37,2020-10-11 01:00:00,Random Forest,1,-0.6471817377547097,-0.6437369118728141,2019-10-11 01:00:00,2020-10-11 01:00:00,2020-10-11 01:00:00,367,1
38,2020-10-11 01:00:00,Neural Network,1,-0.6471817377547097,-0.5345683205328434,2019-10-11 01:00:00,2020-10-11 01:00:00,2020-10-11 01:00:00,367,1
39,2020-10-11 01:00:00,Naive,1,-0.6471817377547097,-0.25896522671471006,2019-10-11 01:00:00,2020-10-11 01:00:00,2020-10-11 01:00:00,367,1
40,2020-10-12 01:00:00,Decision Tree,1,-0.4770401868249878,-0.4702251611822945,2019-10-12 01:00:00,2020-10-12 01:00:00,2020-10-12 01:00:00,367,1
41,2020-10-12 01:00:00,Random Forest,1,-0.4770401868249878,-0.47746104779108817,2019-10-12 01:00:00,2020-10-12 01:00:00,2020-10-12 01:00:00,367,1
42,2020-10-12 01:00:00,Neural Network,1,-0.4770401868249878,-0.4171770268839718,2019-10-12 01:00:00,2020-10-12 01:00:00,2020-10-12 01:00:00,367,1
43,2020-10-12 01:00:00,Naive,1,-0.4770401868249878,-0.6471817377547097,2019-10-12 01:00:00,2020-10-12 01:00:00,2020-10-12 01:00:00,367,1
44,2020-10-13 01:00:00,Decision Tree,1,-0.2651809042716566,-0.26602003226396453,2019-10-13 01:00:00,2020-10-13 01:00:00,2020-10-13 01:00:00,367,1
45,2020-10-13 01:00:00,Random Forest,1,-0.2651809042716566,-0.2661083328820658,2019-10-13 01:00:00,2020-10-13 01:00:00,2020-10-13 01:00:00,367,1
46,2020-10-13 01:00:00,Neural Network,1,-0.2651809042716566,-0.12643448149580494,2019-10-13 01:00:00,2020-10-13 01:00:00,2020-10-13 01:00:00,367,1
47,2020-10-13 01:00:00,Naive,1,-0.2651809042716566,-0.4770401868249878,2019-10-13 01:00:00,2020-10-13 01:00:00,2020-10-13 01:00:00,367,1
48,2020-10-14 01:00:00,Decision Tree,1,-0.32592171330239206,-0.3371331966194652,2019-10-14 01:00:00,2020-10-14 01:00:00,2020-10-14 01:00:00,367,1
49,2020-10-14 01:00:00,Random Forest,1,-0.32592171330239206,-0.32872967045774537,2019-10-14 01:00:00,2020-10-14 01:00:00,2020-10-14 01:00:00,367,1
50,2020-10-14 01:00:00,Neural Network,1,-0.32592171330239206,-0.32643808043500444,2019-10-14 01:00:00,2020-10-14 01:00:00,2020-10-14 01:00:00,367,1
51,2020-10-14 01:00:00,Naive,1,-0.32592171330239206,-0.2651809042716566,2019-10-14 01:00:00,2020-10-14 01:00:00,2020-10-14 01:00:00,367,1
52,2020-10-15 01:00:00,Decision Tree,1,-0.5726536597545969,-0.5700212514077572,2019-10-15 01:00:00,2020-10-15 01:00:00,2020-10-15 01:00:00,367,1
53,2020-10-15 01:00:00,Random Forest,1,-0.5726536597545969,-0.5714313613091094,2019-10-15 01:00:00,2020-10-15 01:00:00,2020-10-15 01:00:00,367,1
54,2020-10-15 01:00:00,Neural Network,1,-0.5726536597545969,-0.6107206491444762,2019-10-15 01:00:00,2020-10-15 01:00:00,2020-10-15 01:00:00,367,1
55,2020-10-15 01:00:00,Naive,1,-0.5726536597545969,-0.32592171330239206,2019-10-15 01:00:00,2020-10-15 01:00:00,2020-10-15 01:00:00,367,1
56,2020-10-16 01:00:00,Decision Tree,1,-0.11217969496860142,-0.10213348403326968,2019-10-16 01:00:00,2020-10-16 01:00:00,2020-10-16 01:00:00,367,1
57,2020-10-16 01:00:00,Random Forest,1,-0.11217969496860142,-0.12387392823894063,2019-10-16 01:00:00,2020-10-16 01:00:00,2020-10-16 01:00:00,367,1
58,2020-10-16 01:00:00,Neural Network,1,-0.11217969496860142,-0.1523284456117272,2019-10-16 01:00:00,2020-10-16 01:00:00,2020-10-16 01:00:00,367,1
59,2020-10-16 01:00:00,Naive,1,-0.11217969496860142,-0.5726536597545969,2019-10-16 01:00:00,2020-10-16 01:00:00,2020-10-16 01:00:00,367,1
60,2020-10-17 01:00:00,Decision Tree,1,0.11099119630139372,0.08772299246834589,2019-10-17 01:00:00,2020-10-17 01:00:00,2020-10-17 01:00:00,367,1
61,2020-10-17 01:00:00,Random Forest,1,0.11099119630139372,0.09498140061622498,2019-10-17 01:00:00,2020-10-17 01:00:00,2020-10-17 01:00:00,367,1
62,2020-10-17 01:00:00,Neural Network,1,0.11099119630139372,0.09686962580716574,2019-10-17 01:00:00,2020-10-17 01:00:00,2020-10-17 01:00:00,367,1
63,2020-10-17 01:00:00,Naive,1,0.11099119630139372,-0.11217969496860142,2019-10-17 01:00:00,2020-10-17 01:00:00,2020-10-17 01:00:00,367,1
64,2020-10-18 01:00:00,Decision Tree,1,-0.3337147096674891,-0.3323371457057903,2019-10-18 01:00:00,2020-10-18 01:00:00,2020-10-18 01:00:00,367,1
65,2020-10-18 01:00:00,Random Forest,1,-0.3337147096674891,-0.3315418220266027,2019-10-18 01:00:00,2020-10-18 01:00:00,2020-10-18 01:00:00,367,1
66,2020-10-18 01:00:00,Neural Network,1,-0.3337147096674891,-0.24586245677541146,2019-10-18 01:00:00,2020-10-18 01:00:00,2020-10-18 01:00:00,367,1
67,2020-10-18 01:00:00,Naive,1,-0.3337147096674891,0.11099119630139372,2019-10-18 01:00:00,2020-10-18 01:00:00,2020-10-18 01:00:00,367,1
68,2020-10-19 01:00:00,Decision Tree,1,-0.08421177660296582,-0.10380785252249163,2019-10-19 01:00:00,2020-10-19 01:00:00,2020-10-19 01:00:00,367,1
69,2020-10-19 01:00:00,Random Forest,1,-0.08421177660296582,-0.0975892918296655,2019-10-19 01:00:00,2020-10-19 01:00:00,2020-10-19 01:00:00,367,1
70,2020-10-19 01:00:00,Neural Network,1,-0.08421177660296582,-0.10473377694609953,2019-10-19 01:00:00,2020-10-19 01:00:00,2020-10-19 01:00:00,367,1
71,2020-10-19 01:00:00,Naive,1,-0.08421177660296582,-0.3337147096674891,2019-10-19 01:00:00,2020-10-19 01:00:00,2020-10-19 01:00:00,367,1
72,2020-10-20 01:00:00,Decision Tree,1,-0.47668114259552313,-0.4709823862537049,2019-10-20 01:00:00,2020-10-20 01:00:00,2020-10-20 01:00:00,367,1
73,2020-10-20 01:00:00,Random Forest,1,-0.47668114259552313,-0.4747835651405225,2019-10-20 01:00:00,2020-10-20 01:00:00,2020-10-20 01:00:00,367,1
74,2020-10-20 01:00:00,Neural Network,1,-0.47668114259552313,-0.4721845873058541,2019-10-20 01:00:00,2020-10-20 01:00:00,2020-10-20 01:00:00,367,1
75,2020-10-20 01:00:00,Naive,1,-0.47668114259552313,-0.08421177660296582,2019-10-20 01:00:00,2020-10-20 01:00:00,2020-10-20 01:00:00,367,1
76,2020-10-21 01:00:00,Decision Tree,1,-0.5246002742049566,-0.5147469295018029,2019-10-21 01:00:00,2020-10-21 01:00:00,2020-10-21 01:00:00,367,1
77,2020-10-21 01:00:00,Random Forest,1,-0.5246002742049566,-0.5161317900991348,2019-10-21 01:00:00,2020-10-21 01:00:00,2020-10-21 01:00:00,367,1
78,2020-10-21 01:00:00,Neural Network,1,-0.5246002742049566,-0.5406202953732544,2019-10-21 01:00:00,2020-10-21 01:00:00,2020-10-21 01:00:00,367,1
79,2020-10-21 01:00:00,Naive,1,-0.5246002742049566,-0.47668114259552313,2019-10-21 01:00:00,2020-10-21 01:00:00,2020-10-21 01:00:00,367,1
80,2020-10-22 01:00:00,Decision Tree,1,-1.6551008657856423,-1.632195647947937,2019-10-22 01:00:00,2020-10-22 01:00:00,2020-10-22 01:00:00,367,1
81,2020-10-22 01:00:00,Random Forest,1,-1.6551008657856423,-1.6256021417190794,2019-10-22 01:00:00,2020-10-22 01:00:00,2020-10-22 01:00:00,367,1
82,2020-10-22 01:00:00,Neural Network,1,-1.6551008657856423,-1.6016493635669913,2019-10-22 01:00:00,2020-10-22 01:00:00,2020-10-22 01:00:00,367,1
83,2020-10-22 01:00:00,Naive,1,-1.6551008657856423,-0.5246002742049566,2019-10-22 01:00:00,2020-10-22 01:00:00,2020-10-22 01:00:00,367,1
84,2020-10-23 01:00:00,Decision Tree,1,-0.4092652920893231,-0.4014569416426091,2019-10-23 01:00:00,2020-10-23 01:00:00,2020-10-23 01:00:00,367,1
85,2020-10-23 01:00:00,Random Forest,1,-0.4092652920893231,-0.4128911785362464,2019-10-23 01:00:00,2020-10-23 01:00:00,2020-10-23 01:00:00,367,1
86,2020-10-23 01:00:00,Neural Network,1,-0.4092652920893231,-0.5003780895661478,2019-10-23 01:00:00,2020-10-23 01:00:00,2020-10-23 01:00:00,367,1
87,2020-10-23 01:00:00,Naive,1,-0.4092652920893231,-1.6551008657856423,2019-10-23 01:00:00,2020-10-23 01:00:00,2020-10-23 01:00:00,367,1
88,2020-10-24 01:00:00,Decision Tree,1,-0.2795020103310147,-0.28955718723263774,2019-10-24 01:00:00,2020-10-24 01:00:00,2020-10-24 01:00:00,367,1
89,2020-10-24 01:00:00,Random Forest,1,-0.2795020103310147,-0.2887970153181578,2019-10-24 01:00:00,2020-10-24 01:00:00,2020-10-24 01:00:00,367,1
90,2020-10-24 01:00:00,Neural Network,1,-0.2795020103310147,-0.4155368027871735,2019-10-24 01:00:00,2020-10-24 01:00:00,2020-10-24 01:00:00,367,1
91,2020-10-24 01:00:00,Naive,1,-0.2795020103310147,-0.4092652920893231,2019-10-24 01:00:00,2020-10-24 01:00:00,2020-10-24 01:00:00,367,1
92,2020-10-25 01:00:00,Decision Tree,1,-1.6821594000315567,-1.652482017016963,2019-10-25 01:00:00,2020-10-25 01:00:00,2020-10-25 01:00:00,367,1
93,2020-10-25 01:00:00,Random Forest,1,-1.6821594000315567,-1.654983184921658,2019-10-25 01:00:00,2020-10-25 01:00:00,2020-10-25 01:00:00,367,1
94,2020-10-25 01:00:00,Neural Network,1,-1.6821594000315567,-1.6059389223263376,2019-10-25 01:00:00,2020-10-25 01:00:00,2020-10-25 01:00:00,367,1
95,2020-10-25 01:00:00,Naive,1,-1.6821594000315567,-0.2795020103310147,2019-10-25 01:00:00,2020-10-25 01:00:00,2020-10-25 01:00:00,367,1
96,2020-10-26 01:00:00,Decision Tree,1,-0.9321210469834247,-0.9251182011274933,2019-10-26 01:00:00,2020-10-26 01:00:00,2020-10-26 01:00:00,367,1
97,2020-10-26 01:00:00,Random Forest,1,-0.9321210469834247,-0.9166328204613614,2019-10-26 01:00:00,2020-10-26 01:00:00,2020-10-26 01:00:00,367,1
98,2020-10-26 01:00:00,Neural Network,1,-0.9321210469834247,-0.8849306825225403,2019-10-26 01:00:00,2020-10-26 01:00:00,2020-10-26 01:00:00,367,1
99,2020-10-26 01:00:00,Naive,1,-0.9321210469834247,-1.6821594000315567,2019-10-26 01:00:00,2020-10-26 01:00:00,2020-10-26 01:00:00,367,1
100,2020-10-27 01:00:00,Decision Tree,1,-0.5396214864893866,-0.5358485343004038,2019-10-27 01:00:00,2020-10-27 01:00:00,2020-10-27 01:00:00,367,1
101,2020-10-27 01:00:00,Random Forest,1,-0.5396214864893866,-0.5440700693592443,2019-10-27 01:00:00,2020-10-27 01:00:00,2020-10-27 01:00:00,367,1
102,2020-10-27 01:00:00,Neural Network,1,-0.5396214864893866,-0.5487414204941752,2019-10-27 01:00:00,2020-10-27 01:00:00,2020-10-27 01:00:00,367,1
103,2020-10-27 01:00:00,Naive,1,-0.5396214864893866,-0.9321210469834247,2019-10-27 01:00:00,2020-10-27 01:00:00,2020-10-27 01:00:00,367,1
104,2020-10-28 01:00:00,Decision Tree,1,-1.6224846235011914,-1.6027926473472085,2019-10-28 01:00:00,2020-10-28 01:00:00,2020-10-28 01:00:00,367,1
105,2020-10-28 01:00:00,Random Forest,1,-1.6224846235011914,-1.5973264148058188,2019-10-28 01:00:00,2020-10-28 01:00:00,2020-10-28 01:00:00,367,1
106,2020-10-28 01:00:00,Neural Network,1,-1.6224846235011914,-1.5405828761894451,2019-10-28 01:00:00,2020-10-28 01:00:00,2020-10-28 01:00:00,367,1
107,2020-10-28 01:00:00,Naive,1,-1.6224846235011914,-0.5396214864893866,2019-10-28 01:00:00,2020-10-28 01:00:00,2020-10-28 01:00:00,367,1
108,2020-10-29 01:00:00,Decision Tree,1,-0.8344326333412238,-0.8297034113641174,2019-10-29 01:00:00,2020-10-29 01:00:00,2020-10-29 01:00:00,367,1
109,2020-10-29 01:00:00,Random Forest,1,-0.8344326333412238,-0.8227027737373601,2019-10-29 01:00:00,2020-10-29 01:00:00,2020-10-29 01:00:00,367,1
110,2020-10-29 01:00:00,Neural Network,1,-0.8344326333412238,-0.8997241386220314,2019-10-29 01:00:00,2020-10-29 01:00:00,2020-10-29 01:00:00,367,1
111,2020-10-29 01:00:00,Naive,1,-0.8344326333412238,-1.6224846235011914,2019-10-29 01:00:00,2020-10-29 01:00:00,2020-10-29 01:00:00,367,1
112,2020-10-30 01:00:00,Decision Tree,1,-1.1753444977543035,-1.1615450805563028,2019-10-30 01:00:00,2020-10-30 01:00:00,2020-10-30 01:00:00,367,1
113,2020-10-30 01:00:00,Random Forest,1,-1.1753444977543035,-1.1581874155892031,2019-10-30 01:00:00,2020-10-30 01:00:00,2020-10-30 01:00:00,367,1
114,2020-10-30 01:00:00,Neural Network,1,-1.1753444977543035,-1.0507146888445034,2019-10-30 01:00:00,2020-10-30 01:00:00,2020-10-30 01:00:00,367,1
115,2020-10-30 01:00:00,Naive,1,-1.1753444977543035,-0.8344326333412238,2019-10-30 01:00:00,2020-10-30 01:00:00,2020-10-30 01:00:00,367,1
116,2020-10-31 01:00:00,Decision Tree,1,-0.3007125381816,-0.3300185727527192,2019-10-31 01:00:00,2020-10-31 01:00:00,2020-10-31 01:00:00,367,1
117,2020-10-31 01:00:00,Random Forest,1,-0.3007125381816,-0.3243113147124495,2019-10-31 01:00:00,2020-10-31 01:00:00,2020-10-31 01:00:00,367,1
118,2020-10-31 01:00:00,Neural Network,1,-0.3007125381816,-0.4039568782027893,2019-10-31 01:00:00,2020-10-31 01:00:00,2020-10-31 01:00:00,367,1
119,2020-10-31 01:00:00,Naive,1,-0.3007125381816,-1.1753444977543035,2019-10-31 01:00:00,2020-10-31 01:00:00,2020-10-31 01:00:00,367,1
120,2020-11-01 01:00:00,Decision Tree,1,-0.812499685314623,-0.7989640217319701,2019-11-01 01:00:00,2020-11-01 01:00:00,2020-11-01 01:00:00,367,1
121,2020-11-01 01:00:00,Random Forest,1,-0.812499685314623,-0.810146683468226,2019-11-01 01:00:00,2020-11-01 01:00:00,2020-11-01 01:00:00,367,1
122,2020-11-01 01:00:00,Neural Network,1,-0.812499685314623,-0.5858300095419356,2019-11-01 01:00:00,2020-11-01 01:00:00,2020-11-01 01:00:00,367,1
123,2020-11-01 01:00:00,Naive,1,-0.812499685314623,-0.3007125381816,2019-11-01 01:00:00,2020-11-01 01:00:00,2020-11-01 01:00:00,367,1
124,2020-11-02 01:00:00,Decision Tree,1,-1.6785425482017127,-1.6603214862318345,2019-11-02 01:00:00,2020-11-02 01:00:00,2020-11-02 01:00:00,367,1
125,2020-11-02 01:00:00,Random Forest,1,-1.6785425482017127,-1.697073680982054,2019-11-02 01:00:00,2020-11-02 01:00:00,2020-11-02 01:00:00,367,1
126,2020-11-02 01:00:00,Neural Network,1,-1.6785425482017127,-1.7406596711593298,2019-11-02 01:00:00,2020-11-02 01:00:00,2020-11-02 01:00:00,367,1
127,2020-11-02 01:00:00,Naive,1,-1.6785425482017127,-0.812499685314623,2019-11-02 01:00:00,2020-11-02 01:00:00,2020-11-02 01:00:00,367,1
128,2020-11-03 01:00:00,Decision Tree,1,-0.8035009167817685,-0.797212001652646,2019-11-03 01:00:00,2020-11-03 01:00:00,2020-11-03 01:00:00,367,1
129,2020-11-03 01:00:00,Random Forest,1,-0.8035009167817685,-0.805239611263568,2019-11-03 01:00:00,2020-11-03 01:00:00,2020-11-03 01:00:00,367,1
130,2020-11-03 01:00:00,Neural Network,1,-0.8035009167817685,-0.7544636547575306,2019-11-03 01:00:00,2020-11-03 01:00:00,2020-11-03 01:00:00,367,1
131,2020-11-03 01:00:00,Naive,1,-0.8035009167817685,-1.6785425482017127,2019-11-03 01:00:00,2020-11-03 01:00:00,2020-11-03 01:00:00,367,1
132,2020-11-04 01:00:00,Decision Tree,1,-0.5695767599923677,-0.5713823798514099,2019-11-04 01:00:00,2020-11-04 01:00:00,2020-11-04 01:00:00,367,1
133,2020-11-04 01:00:00,Random Forest,1,-0.5695767599923677,-0.5824293252368453,2019-11-04 01:00:00,2020-11-04 01:00:00,2020-11-04 01:00:00,367,1
134,2020-11-04 01:00:00,Neural Network,1,-0.5695767599923677,-0.5305308314071927,2019-11-04 01:00:00,2020-11-04 01:00:00,2020-11-04 01:00:00,367,1
135,2020-11-04 01:00:00,Naive,1,-0.5695767599923677,-0.8035009167817685,2019-11-04 01:00:00,2020-11-04 01:00:00,2020-11-04 01:00:00,367,1
136,2020-11-05 01:00:00,Decision Tree,1,-0.2542692642327387,-0.28969470898855515,2019-11-05 01:00:00,2020-11-05 01:00:00,2020-11-05 01:00:00,367,1
137,2020-11-05 01:00:00,Random Forest,1,-0.2542692642327387,-0.2831890732092315,2019-11-05 01:00:00,2020-11-05 01:00:00,2020-11-05 01:00:00,367,1
138,2020-11-05 01:00:00,Neural Network,1,-0.2542692642327387,-0.2512828530306138,2019-11-05 01:00:00,2020-11-05 01:00:00,2020-11-05 01:00:00,367,1
139,2020-11-05 01:00:00,Naive,1,-0.2542692642327387,-0.5695767599923677,2019-11-05 01:00:00,2020-11-05 01:00:00,2020-11-05 01:00:00,367,1
140,2020-11-06 01:00:00,Decision Tree,1,-0.2437747940239767,-0.2648609758611898,2019-11-06 01:00:00,2020-11-06 01:00:00,2020-11-06 01:00:00,367,1
141,2020-11-06 01:00:00,Random Forest,1,-0.2437747940239767,-0.2641303980611736,2019-11-06 01:00:00,2020-11-06 01:00:00,2020-11-06 01:00:00,367,1
142,2020-11-06 01:00:00,Neural Network,1,-0.2437747940239767,-0.21843157704640292,2019-11-06 01:00:00,2020-11-06 01:00:00,2020-11-06 01:00:00,367,1
143,2020-11-06 01:00:00,Naive,1,-0.2437747940239767,-0.2542692642327387,2019-11-06 01:00:00,2020-11-06 01:00:00,2020-11-06 01:00:00,367,1
144,2020-11-07 01:00:00,Decision Tree,1,-0.2774639364869104,-0.2909396208811953,2019-11-07 01:00:00,2020-11-07 01:00:00,2020-11-07 01:00:00,367,1
145,2020-11-07 01:00:00,Random Forest,1,-0.2774639364869104,-0.2977146883075784,2019-11-07 01:00:00,2020-11-07 01:00:00,2020-11-07 01:00:00,367,1
146,2020-11-07 01:00:00,Neural Network,1,-0.2774639364869104,-0.23519806052999698,2019-11-07 01:00:00,2020-11-07 01:00:00,2020-11-07 01:00:00,367,1
147,2020-11-07 01:00:00,Naive,1,-0.2774639364869104,-0.2437747940239767,2019-11-07 01:00:00,2020-11-07 01:00:00,2020-11-07 01:00:00,367,1
148,2020-11-08 01:00:00,Decision Tree,1,-0.2714989932041672,-0.28925516033190973,2019-11-08 01:00:00,2020-11-08 01:00:00,2020-11-08 01:00:00,367,1
149,2020-11-08 01:00:00,Random Forest,1,-0.2714989932041672,-0.2912745519164444,2019-11-08 01:00:00,2020-11-08 01:00:00,2020-11-08 01:00:00,367,1
150,2020-11-08 01:00:00,Neural Network,1,-0.2714989932041672,-0.25343110046383366,2019-11-08 01:00:00,2020-11-08 01:00:00,2020-11-08 01:00:00,367,1
151,2020-11-08 01:00:00,Naive,1,-0.2714989932041672,-0.2774639364869104,2019-11-08 01:00:00,2020-11-08 01:00:00,2020-11-08 01:00:00,367,1
152,2020-11-09 01:00:00,Decision Tree,1,-0.24443116508115748,-0.2579513873794185,2019-11-09 01:00:00,2020-11-09 01:00:00,2020-11-09 01:00:00,367,1
153,2020-11-09 01:00:00,Random Forest,1,-0.24443116508115748,-0.2635026407504237,2019-11-09 01:00:00,2020-11-09 01:00:00,2020-11-09 01:00:00,367,1
154,2020-11-09 01:00:00,Neural Network,1,-0.24443116508115748,-0.15026063266293244,2019-11-09 01:00:00,2020-11-09 01:00:00,2020-11-09 01:00:00,367,1
155,2020-11-09 01:00:00,Naive,1,-0.24443116508115748,-0.2714989932041672,2019-11-09 01:00:00,2020-11-09 01:00:00,2020-11-09 01:00:00,367,1
156,2020-11-10 01:00:00,Decision Tree,1,-0.13391042731077216,-0.1594160127750435,2019-11-10 01:00:00,2020-11-10 01:00:00,2020-11-10 01:00:00,367,1
157,2020-11-10 01:00:00,Random Forest,1,-0.13391042731077216,-0.1692427572806251,2019-11-10 01:00:00,2020-11-10 01:00:00,2020-11-10 01:00:00,367,1
158,2020-11-10 01:00:00,Neural Network,1,-0.13391042731077216,-0.08518643648562774,2019-11-10 01:00:00,2020-11-10 01:00:00,2020-11-10 01:00:00,367,1
159,2020-11-10 01:00:00,Naive,1,-0.13391042731077216,-0.24443116508115748,2019-11-10 01:00:00,2020-11-10 01:00:00,2020-11-10 01:00:00,367,1
160,2020-11-11 01:00:00,Decision Tree,1,0.17972419199839446,0.11327470574415416,2019-11-11 01:00:00,2020-11-11 01:00:00,2020-11-11 01:00:00,367,1
161,2020-11-11 01:00:00,Random Forest,1,0.17972419199839446,0.12960731795723593,2019-11-11 01:00:00,2020-11-11 01:00:00,2020-11-11 01:00:00,367,1
162,2020-11-11 01:00:00,Neural Network,1,0.17972419199839446,0.17862001274342187,2019-11-11 01:00:00,2020-11-11 01:00:00,2020-11-11 01:00:00,367,1
163,2020-11-11 01:00:00,Naive,1,0.17972419199839446,-0.13391042731077216,2019-11-11 01:00:00,2020-11-11 01:00:00,2020-11-11 01:00:00,367,1
164,2020-11-12 01:00:00,Decision Tree,1,-0.17693884842846325,-0.21477540679201512,2019-11-12 01:00:00,2020-11-12 01:00:00,2020-11-12 01:00:00,367,1
165,2020-11-12 01:00:00,Random Forest,1,-0.17693884842846325,-0.21828962597581433,2019-11-12 01:00:00,2020-11-12 01:00:00,2020-11-12 01:00:00,367,1
166,2020-11-12 01:00:00,Neural Network,1,-0.17693884842846325,-0.18499561258125574,2019-11-12 01:00:00,2020-11-12 01:00:00,2020-11-12 01:00:00,367,1
167,2020-11-12 01:00:00,Naive,1,-0.17693884842846325,0.17972419199839446,2019-11-12 01:00:00,2020-11-12 01:00:00,2020-11-12 01:00:00,367,1
168,2020-11-13 01:00:00,Decision Tree,1,-0.29037235998338684,-0.33502857401330904,2019-11-13 01:00:00,2020-11-13 01:00:00,2020-11-13 01:00:00,367,1
169,2020-11-13 01:00:00,Random Forest,1,-0.29037235998338684,-0.32286919428216765,2019-11-13 01:00:00,2020-11-13 01:00:00,2020-11-13 01:00:00,367,1
170,2020-11-13 01:00:00,Neural Network,1,-0.29037235998338684,-0.2873147188114752,2019-11-13 01:00:00,2020-11-13 01:00:00,2020-11-13 01:00:00,367,1
171,2020-11-13 01:00:00,Naive,1,-0.29037235998338684,-0.17693884842846325,2019-11-13 01:00:00,2020-11-13 01:00:00,2020-11-13 01:00:00,367,1
172,2020-11-14 01:00:00,Decision Tree,1,0.010291775406627323,-0.038368836295439544,2019-11-14 01:00:00,2020-11-14 01:00:00,2020-11-14 01:00:00,367,1
173,2020-11-14 01:00:00,Random Forest,1,0.010291775406627323,-0.044495588934150836,2019-11-14 01:00:00,2020-11-14 01:00:00,2020-11-14 01:00:00,367,1
174,2020-11-14 01:00:00,Neural Network,1,0.010291775406627323,-0.16201002942549958,2019-11-14 01:00:00,2020-11-14 01:00:00,2020-11-14 01:00:00,367,1
175,2020-11-14 01:00:00,Naive,1,0.010291775406627323,-0.29037235998338684,2019-11-14 01:00:00,2020-11-14 01:00:00,2020-11-14 01:00:00,367,1
176,2020-11-15 01:00:00,Decision Tree,1,-1.617969425307528,-1.601111084889092,2019-11-15 01:00:00,2020-11-15 01:00:00,2020-11-15 01:00:00,367,1
177,2020-11-15 01:00:00,Random Forest,1,-1.617969425307528,-1.6054630193454058,2019-11-15 01:00:00,2020-11-15 01:00:00,2020-11-15 01:00:00,367,1
178,2020-11-15 01:00:00,Neural Network,1,-1.617969425307528,-1.4342948098963824,2019-11-15 01:00:00,2020-11-15 01:00:00,2020-11-15 01:00:00,367,1
179,2020-11-15 01:00:00,Naive,1,-1.617969425307528,0.010291775406627323,2019-11-15 01:00:00,2020-11-15 01:00:00,2020-11-15 01:00:00,367,1
180,2020-11-16 01:00:00,Decision Tree,1,-1.6847732409663776,-1.6658404543717211,2019-11-16 01:00:00,2020-11-16 01:00:00,2020-11-16 01:00:00,367,1
181,2020-11-16 01:00:00,Random Forest,1,-1.6847732409663776,-1.6649654926613204,2019-11-16 01:00:00,2020-11-16 01:00:00,2020-11-16 01:00:00,367,1
182,2020-11-16 01:00:00,Neural Network,1,-1.6847732409663776,-1.6262162668375955,2019-11-16 01:00:00,2020-11-16 01:00:00,2020-11-16 01:00:00,367,1
183,2020-11-16 01:00:00,Naive,1,-1.6847732409663776,-1.617969425307528,2019-11-16 01:00:00,2020-11-16 01:00:00,2020-11-16 01:00:00,367,1
184,2020-11-17 01:00:00,Decision Tree,1,-0.24130965029920767,-0.2533242708648479,2019-11-17 01:00:00,2020-11-17 01:00:00,2020-11-17 01:00:00,367,1
185,2020-11-17 01:00:00,Random Forest,1,-0.24130965029920767,-0.26454616665714925,2019-11-17 01:00:00,2020-11-17 01:00:00,2020-11-17 01:00:00,367,1
186,2020-11-17 01:00:00,Neural Network,1,-0.24130965029920767,-0.3556918767628044,2019-11-17 01:00:00,2020-11-17 01:00:00,2020-11-17 01:00:00,367,1
187,2020-11-17 01:00:00,Naive,1,-0.24130965029920767,-1.6847732409663776,2019-11-17 01:00:00,2020-11-17 01:00:00,2020-11-17 01:00:00,367,1
188,2020-11-18 01:00:00,Decision Tree,1,-0.26562512110698155,-0.28363650198683504,2019-11-18 01:00:00,2020-11-18 01:00:00,2020-11-18 01:00:00,367,1
189,2020-11-18 01:00:00,Random Forest,1,-0.26562512110698155,-0.28578476748756987,2019-11-18 01:00:00,2020-11-18 01:00:00,2020-11-18 01:00:00,367,1
190,2020-11-18 01:00:00,Neural Network,1,-0.26562512110698155,-0.3570126726748297,2019-11-18 01:00:00,2020-11-18 01:00:00,2020-11-18 01:00:00,367,1
191,2020-11-18 01:00:00,Naive,1,-0.26562512110698155,-0.24130965029920767,2019-11-18 01:00:00,2020-11-18 01:00:00,2020-11-18 01:00:00,367,1
192,2020-11-19 01:00:00,Decision Tree,1,-1.6874082938415493,-1.6689959188041639,2019-11-19 01:00:00,2020-11-19 01:00:00,2020-11-19 01:00:00,367,1
193,2020-11-19 01:00:00,Random Forest,1,-1.6874082938415493,-1.6668867441768966,2019-11-19 01:00:00,2020-11-19 01:00:00,2020-11-19 01:00:00,367,1
194,2020-11-19 01:00:00,Neural Network,1,-1.6874082938415493,-1.564161920151093,2019-11-19 01:00:00,2020-11-19 01:00:00,2020-11-19 01:00:00,367,1
195,2020-11-19 01:00:00,Naive,1,-1.6874082938415493,-0.26562512110698155,2019-11-19 01:00:00,2020-11-19 01:00:00,2020-11-19 01:00:00,367,1
196,2020-11-20 01:00:00,Decision Tree,1,-0.20557096876117395,-0.25132183410390785,2019-11-20 01:00:00,2020-11-20 01:00:00,2020-11-20 01:00:00,367,1
197,2020-11-20 01:00:00,Random Forest,1,-0.20557096876117395,-0.2525055230189529,2019-11-20 01:00:00,2020-11-20 01:00:00,2020-11-20 01:00:00,367,1
198,2020-11-20 01:00:00,Neural Network,1,-0.20557096876117395,-0.3455694163534861,2019-11-20 01:00:00,2020-11-20 01:00:00,2020-11-20 01:00:00,367,1
199,2020-11-20 01:00:00,Naive,1,-0.20557096876117395,-1.6874082938415493,2019-11-20 01:00:00,2020-11-20 01:00:00,2020-11-20 01:00:00,367,1
200,2020-11-21 01:00:00,Decision Tree,1,-0.17598149023477178,-0.22587712459412831,2019-11-21 01:00:00,2020-11-21 01:00:00,2020-11-21 01:00:00,367,1
201,2020-11-21 01:00:00,Random Forest,1,-0.17598149023477178,-0.21270262066644527,2019-11-21 01:00:00,2020-11-21 01:00:00,2020-11-21 01:00:00,367,1
202,2020-11-21 01:00:00,Neural Network,1,-0.17598149023477178,-0.22533176767642427,2019-11-21 01:00:00,2020-11-21 01:00:00,2020-11-21 01:00:00,367,1
203,2020-11-21 01:00:00,Naive,1,-0.17598149023477178,-0.20557096876117395,2019-11-21 01:00:00,2020-11-21 01:00:00,2020-11-21 01:00:00,367,1
204,2020-11-22 01:00:00,Decision Tree,1,-0.8009468803262383,-0.7982601541741663,2019-11-22 01:00:00,2020-11-22 01:00:00,2020-11-22 01:00:00,367,1
205,2020-11-22 01:00:00,Random Forest,1,-0.8009468803262383,-0.8052052146650167,2019-11-22 01:00:00,2020-11-22 01:00:00,2020-11-22 01:00:00,367,1
206,2020-11-22 01:00:00,Neural Network,1,-0.8009468803262383,-0.7696363458074063,2019-11-22 01:00:00,2020-11-22 01:00:00,2020-11-22 01:00:00,367,1
207,2020-11-22 01:00:00,Naive,1,-0.8009468803262383,-0.17598149023477178,2019-11-22 01:00:00,2020-11-22 01:00:00,2020-11-22 01:00:00,367,1
208,2020-11-23 01:00:00,Decision Tree,1,-0.18366545692994699,-0.1953950348268584,2019-11-23 01:00:00,2020-11-23 01:00:00,2020-11-23 01:00:00,367,1
209,2020-11-23 01:00:00,Random Forest,1,-0.18366545692994699,-0.20472588794883906,2019-11-23 01:00:00,2020-11-23 01:00:00,2020-11-23 01:00:00,367,1
210,2020-11-23 01:00:00,Neural Network,1,-0.18366545692994699,-0.30795993370929975,2019-11-23 01:00:00,2020-11-23 01:00:00,2020-11-23 01:00:00,367,1
211,2020-11-23 01:00:00,Naive,1,-0.18366545692994699,-0.8009468803262383,2019-11-23 01:00:00,2020-11-23 01:00:00,2020-11-23 01:00:00,367,1
212,2020-11-24 01:00:00,Decision Tree,1,-0.12273554005575793,-0.15577235770871906,2019-11-24 01:00:00,2020-11-24 01:00:00,2020-11-24 01:00:00,367,1
213,2020-11-24 01:00:00,Random Forest,1,-0.12273554005575793,-0.15056248184037369,2019-11-24 01:00:00,2020-11-24 01:00:00,2020-11-24 01:00:00,367,1
214,2020-11-24 01:00:00,Neural Network,1,-0.12273554005575793,-0.2589587780044401,2019-11-24 01:00:00,2020-11-24 01:00:00,2020-11-24 01:00:00,367,1
215,2020-11-24 01:00:00,Naive,1,-0.12273554005575793,-0.18366545692994699,2019-11-24 01:00:00,2020-11-24 01:00:00,2020-11-24 01:00:00,367,1
216,2020-11-25 01:00:00,Decision Tree,1,-0.031541108422312586,-0.0820607260308624,2019-11-25 01:00:00,2020-11-25 01:00:00,2020-11-25 01:00:00,367,1
217,2020-11-25 01:00:00,Random Forest,1,-0.031541108422312586,-0.08590362360416098,2019-11-25 01:00:00,2020-11-25 01:00:00,2020-11-25 01:00:00,367,1
218,2020-11-25 01:00:00,Neural Network,1,-0.031541108422312586,-0.17084679113156498,2019-11-25 01:00:00,2020-11-25 01:00:00,2020-11-25 01:00:00,367,1
219,2020-11-25 01:00:00,Naive,1,-0.031541108422312586,-0.12273554005575793,2019-11-25 01:00:00,2020-11-25 01:00:00,2020-11-25 01:00:00,367,1
220,2020-11-26 01:00:00,Decision Tree,1,0.15594537149700577,0.06704181424103337,2019-11-26 01:00:00,2020-11-26 01:00:00,2020-11-26 01:00:00,367,1
221,2020-11-26 01:00:00,Random Forest,1,0.15594537149700577,0.07597827579620955,2019-11-26 01:00:00,2020-11-26 01:00:00,2020-11-26 01:00:00,367,1
222,2020-11-26 01:00:00,Neural Network,1,0.15594537149700577,0.04781824160861614,2019-11-26 01:00:00,2020-11-26 01:00:00,2020-11-26 01:00:00,367,1
223,2020-11-26 01:00:00,Naive,1,0.15594537149700577,-0.031541108422312586,2019-11-26 01:00:00,2020-11-26 01:00:00,2020-11-26 01:00:00,367,1
224,2020-11-27 01:00:00,Decision Tree,1,0.6724033661954786,0.4346681369989643,2019-11-27 01:00:00,2020-11-27 01:00:00,2020-11-27 01:00:00,367,1
225,2020-11-27 01:00:00,Random Forest,1,0.6724033661954786,0.44143112585162697,2019-11-27 01:00:00,2020-11-27 01:00:00,2020-11-27 01:00:00,367,1
226,2020-11-27 01:00:00,Neural Network,1,0.6724033661954786,0.577774476569876,2019-11-27 01:00:00,2020-11-27 01:00:00,2020-11-27 01:00:00,367,1
227,2020-11-27 01:00:00,Naive,1,0.6724033661954786,0.15594537149700577,2019-11-27 01:00:00,2020-11-27 01:00:00,2020-11-27 01:00:00,367,1
228,2020-11-28 01:00:00,Decision Tree,1,0.7399829865437955,0.4742906751983833,2019-11-28 01:00:00,2020-11-28 01:00:00,2020-11-28 01:00:00,367,1
229,2020-11-28 01:00:00,Random Forest,1,0.7399829865437955,0.5291580417182288,2019-11-28 01:00:00,2020-11-28 01:00:00,2020-11-28 01:00:00,367,1
230,2020-11-28 01:00:00,Neural Network,1,0.7399829865437955,0.6678104088405648,2019-11-28 01:00:00,2020-11-28 01:00:00,2020-11-28 01:00:00,367,1
231,2020-11-28 01:00:00,Naive,1,0.7399829865437955,0.6724033661954786,2019-11-28 01:00:00,2020-11-28 01:00:00,2020-11-28 01:00:00,367,1
232,2020-11-29 01:00:00,Decision Tree,1,0.1818512778262568,0.08803625670129134,2019-11-29 01:00:00,2020-11-29 01:00:00,2020-11-29 01:00:00,367,1
233,2020-11-29 01:00:00,Random Forest,1,0.1818512778262568,0.11104210009834477,2019-11-29 01:00:00,2020-11-29 01:00:00,2020-11-29 01:00:00,367,1
234,2020-11-29 01:00:00,Neural Network,1,0.1818512778262568,0.06503328145057696,2019-11-29 01:00:00,2020-11-29 01:00:00,2020-11-29 01:00:00,367,1
235,2020-11-29 01:00:00,Naive,1,0.1818512778262568,0.7399829865437955,2019-11-29 01:00:00,2020-11-29 01:00:00,2020-11-29 01:00:00,367,1
236,2020-11-30 01:00:00,Decision Tree,1,0.5628598066504656,0.5854784837221583,2019-11-30 01:00:00,2020-11-30 01:00:00,2020-11-30 01:00:00,367,1
237,2020-11-30 01:00:00,Random Forest,1,0.5628598066504656,0.5039465931500345,2019-11-30 01:00:00,2020-11-30 01:00:00,2020-11-30 01:00:00,367,1
238,2020-11-30 01:00:00,Neural Network,1,0.5628598066504656,0.409636487878854,2019-11-30 01:00:00,2020-11-30 01:00:00,2020-11-30 01:00:00,367,1
239,2020-11-30 01:00:00,Naive,1,0.5628598066504656,0.1818512778262568,2019-11-30 01:00:00,2020-11-30 01:00:00,2020-11-30 01:00:00,367,1
240,2020-12-01 01:00:00,Decision Tree,1,-0.0926663853175108,-0.12905465275769096,2019-12-01 01:00:00,2020-12-01 01:00:00,2020-12-01 01:00:00,367,1
241,2020-12-01 01:00:00,Random Forest,1,-0.0926663853175108,-0.135510215101259,2019-12-01 01:00:00,2020-12-01 01:00:00,2020-12-01 01:00:00,367,1
242,2020-12-01 01:00:00,Neural Network,1,-0.0926663853175108,-0.19680841634820745,2019-12-01 01:00:00,2020-12-01 01:00:00,2020-12-01 01:00:00,367,1
243,2020-12-01 01:00:00,Naive,1,-0.0926663853175108,0.5628598066504656,2019-12-01 01:00:00,2020-12-01 01:00:00,2020-12-01 01:00:00,367,1
244,2020-12-02 01:00:00,Decision Tree,1,0.7597752108451863,0.6213306466728474,2019-12-02 01:00:00,2020-12-02 01:00:00,2020-12-02 01:00:00,367,1
245,2020-12-02 01:00:00,Random Forest,1,0.7597752108451863,0.6383287207957239,2019-12-02 01:00:00,2020-12-02 01:00:00,2020-12-02 01:00:00,367,1
246,2020-12-02 01:00:00,Neural Network,1,0.7597752108451863,0.7627364607800142,2019-12-02 01:00:00,2020-12-02 01:00:00,2020-12-02 01:00:00,367,1
247,2020-12-02 01:00:00,Naive,1,0.7597752108451863,-0.0926663853175108,2019-12-02 01:00:00,2020-12-02 01:00:00,2020-12-02 01:00:00,367,1
248,2020-12-03 01:00:00,Decision Tree,1,0.43871666835611806,0.31137305506442037,2019-12-03 01:00:00,2020-12-03 01:00:00,2020-12-03 01:00:00,367,1
249,2020-12-03 01:00:00,Random Forest,1,0.43871666835611806,0.3478453289137728,2019-12-03 01:00:00,2020-12-03 01:00:00,2020-12-03 01:00:00,367,1
250,2020-12-03 01:00:00,Neural Network,1,0.43871666835611806,0.22509625369809472,2019-12-03 01:00:00,2020-12-03 01:00:00,2020-12-03 01:00:00,367,1
251,2020-12-03 01:00:00,Naive,1,0.43871666835611806,0.7597752108451863,2019-12-03 01:00:00,2020-12-03 01:00:00,2020-12-03 01:00:00,367,1
252,2020-12-04 01:00:00,Decision Tree,1,-0.49031755959201967,-0.516423222923895,2019-12-04 01:00:00,2020-12-04 01:00:00,2020-12-04 01:00:00,367,1
253,2020-12-04 01:00:00,Random Forest,1,-0.49031755959201967,-0.5130969478721582,2019-12-04 01:00:00,2020-12-04 01:00:00,2020-12-04 01:00:00,367,1
254,2020-12-04 01:00:00,Neural Network,1,-0.49031755959201967,-0.5209974238762287,2019-12-04 01:00:00,2020-12-04 01:00:00,2020-12-04 01:00:00,367,1
255,2020-12-04 01:00:00,Naive,1,-0.49031755959201967,0.43871666835611806,2019-12-04 01:00:00,2020-12-04 01:00:00,2020-12-04 01:00:00,367,1
256,2020-12-05 01:00:00,Decision Tree,1,0.2555258241970566,0.14685403978538383,2019-12-05 01:00:00,2020-12-05 01:00:00,2020-12-05 01:00:00,367,1
257,2020-12-05 01:00:00,Random Forest,1,0.2555258241970566,0.1744643403700192,2019-12-05 01:00:00,2020-12-05 01:00:00,2020-12-05 01:00:00,367,1
258,2020-12-05 01:00:00,Neural Network,1,0.2555258241970566,0.14662128518051964,2019-12-05 01:00:00,2020-12-05 01:00:00,2020-12-05 01:00:00,367,1
259,2020-12-05 01:00:00,Naive,1,0.2555258241970566,-0.49031755959201967,2019-12-05 01:00:00,2020-12-05 01:00:00,2020-12-05 01:00:00,367,1
260,2020-12-06 01:00:00,Decision Tree,1,0.26531168946001343,0.26590334830234197,2019-12-06 01:00:00,2020-12-06 01:00:00,2020-12-06 01:00:00,367,1
261,2020-12-06 01:00:00,Random Forest,1,0.26531168946001343,0.2176663268989968,2019-12-06 01:00:00,2020-12-06 01:00:00,2020-12-06 01:00:00,367,1
262,2020-12-06 01:00:00,Neural Network,1,0.26531168946001343,0.29061102543441175,2019-12-06 01:00:00,2020-12-06 01:00:00,2020-12-06 01:00:00,367,1
263,2020-12-06 01:00:00,Naive,1,0.26531168946001343,0.2555258241970566,2019-12-06 01:00:00,2020-12-06 01:00:00,2020-12-06 01:00:00,367,1
264,2020-12-07 01:00:00,Decision Tree,1,-0.2168259999451765,-0.25132183410390785,2019-12-07 01:00:00,2020-12-07 01:00:00,2020-12-07 01:00:00,367,1
265,2020-12-07 01:00:00,Random Forest,1,-0.2168259999451765,-0.25217022466963773,2019-12-07 01:00:00,2020-12-07 01:00:00,2020-12-07 01:00:00,367,1
266,2020-12-07 01:00:00,Neural Network,1,-0.2168259999451765,-0.19663592539724173,2019-12-07 01:00:00,2020-12-07 01:00:00,2020-12-07 01:00:00,367,1
267,2020-12-07 01:00:00,Naive,1,-0.2168259999451765,0.26531168946001343,2019-12-07 01:00:00,2020-12-07 01:00:00,2020-12-07 01:00:00,367,1
268,2020-12-08 01:00:00,Decision Tree,1,0.314942141683092,0.26581882561058073,2019-12-08 01:00:00,2020-12-08 01:00:00,2020-12-08 01:00:00,367,1
269,2020-12-08 01:00:00,Random Forest,1,0.314942141683092,0.2535479593833953,2019-12-08 01:00:00,2020-12-08 01:00:00,2020-12-08 01:00:00,367,1
270,2020-12-08 01:00:00,Neural Network,1,0.314942141683092,0.3262181940803135,2019-12-08 01:00:00,2020-12-08 01:00:00,2020-12-08 01:00:00,367,1
271,2020-12-08 01:00:00,Naive,1,0.314942141683092,-0.2168259999451765,2019-12-08 01:00:00,2020-12-08 01:00:00,2020-12-08 01:00:00,367,1
272,2020-12-09 01:00:00,Decision Tree,1,0.4403591967334228,0.3493746084160031,2019-12-09 01:00:00,2020-12-09 01:00:00,2020-12-09 01:00:00,367,1
273,2020-12-09 01:00:00,Random Forest,1,0.4403591967334228,0.42338229372120556,2019-12-09 01:00:00,2020-12-09 01:00:00,2020-12-09 01:00:00,367,1
274,2020-12-09 01:00:00,Neural Network,1,0.4403591967334228,0.4593617314516738,2019-12-09 01:00:00,2020-12-09 01:00:00,2020-12-09 01:00:00,367,1
275,2020-12-09 01:00:00,Naive,1,0.4403591967334228,0.314942141683092,2019-12-09 01:00:00,2020-12-09 01:00:00,2020-12-09 01:00:00,367,1
276,2020-12-10 01:00:00,Decision Tree,1,0.22297794163045587,0.14523106659132587,2019-12-10 01:00:00,2020-12-10 01:00:00,2020-12-10 01:00:00,367,1
277,2020-12-10 01:00:00,Random Forest,1,0.22297794163045587,0.1592041067564664,2019-12-10 01:00:00,2020-12-10 01:00:00,2020-12-10 01:00:00,367,1
278,2020-12-10 01:00:00,Neural Network,1,0.22297794163045587,0.3283627824604589,2019-12-10 01:00:00,2020-12-10 01:00:00,2020-12-10 01:00:00,367,1
279,2020-12-10 01:00:00,Naive,1,0.22297794163045587,0.4403591967334228,2019-12-10 01:00:00,2020-12-10 01:00:00,2020-12-10 01:00:00,367,1
280,2020-12-11 01:00:00,Decision Tree,1,0.11023066239923877,0.09622099733322907,2019-12-11 01:00:00,2020-12-11 01:00:00,2020-12-11 01:00:00,367,1
281,2020-12-11 01:00:00,Random Forest,1,0.11023066239923877,0.09373868044447668,2019-12-11 01:00:00,2020-12-11 01:00:00,2020-12-11 01:00:00,367,1
282,2020-12-11 01:00:00,Neural Network,1,0.11023066239923877,0.15276667047839343,2019-12-11 01:00:00,2020-12-11 01:00:00,2020-12-11 01:00:00,367,1
283,2020-12-11 01:00:00,Naive,1,0.11023066239923877,0.22297794163045587,2019-12-11 01:00:00,2020-12-11 01:00:00,2020-12-11 01:00:00,367,1
284,2020-12-12 01:00:00,Decision Tree,1,0.15384433153321336,0.1477485400044579,2019-12-12 01:00:00,2020-12-12 01:00:00,2020-12-12 01:00:00,367,1
285,2020-12-12 01:00:00,Random Forest,1,0.15384433153321336,0.1260095016450252,2019-12-12 01:00:00,2020-12-12 01:00:00,2020-12-12 01:00:00,367,1
286,2020-12-12 01:00:00,Neural Network,1,0.15384433153321336,0.07909241714148973,2019-12-12 01:00:00,2020-12-12 01:00:00,2020-12-12 01:00:00,367,1
287,2020-12-12 01:00:00,Naive,1,0.15384433153321336,0.11023066239923877,2019-12-12 01:00:00,2020-12-12 01:00:00,2020-12-12 01:00:00,367,1
288,2020-12-13 01:00:00,Decision Tree,1,0.3950968593967138,0.3842018952219729,2019-12-13 01:00:00,2020-12-13 01:00:00,2020-12-13 01:00:00,367,1
289,2020-12-13 01:00:00,Random Forest,1,0.3950968593967138,0.313994348996176,2019-12-13 01:00:00,2020-12-13 01:00:00,2020-12-13 01:00:00,367,1
290,2020-12-13 01:00:00,Neural Network,1,0.3950968593967138,0.30662878122861237,2019-12-13 01:00:00,2020-12-13 01:00:00,2020-12-13 01:00:00,367,1
291,2020-12-13 01:00:00,Naive,1,0.3950968593967138,0.15384433153321336,2019-12-13 01:00:00,2020-12-13 01:00:00,2020-12-13 01:00:00,367,1
292,2020-12-14 01:00:00,Decision Tree,1,-0.23092036852904962,-0.25132183410390785,2019-12-14 01:00:00,2020-12-14 01:00:00,2020-12-14 01:00:00,367,1
293,2020-12-14 01:00:00,Random Forest,1,-0.23092036852904962,-0.2482315259113092,2019-12-14 01:00:00,2020-12-14 01:00:00,2020-12-14 01:00:00,367,1
294,2020-12-14 01:00:00,Neural Network,1,-0.23092036852904962,-0.24157851767846428,2019-12-14 01:00:00,2020-12-14 01:00:00,2020-12-14 01:00:00,367,1
295,2020-12-14 01:00:00,Naive,1,-0.23092036852904962,0.3950968593967138,2019-12-14 01:00:00,2020-12-14 01:00:00,2020-12-14 01:00:00,367,1
296,2020-12-15 01:00:00,Decision Tree,1,0.09761930670168906,0.15631916705082186,2019-12-15 01:00:00,2020-12-15 01:00:00,2020-12-15 01:00:00,367,1
297,2020-12-15 01:00:00,Random Forest,1,0.09761930670168906,0.1136071456203931,2019-12-15 01:00:00,2020-12-15 01:00:00,2020-12-15 01:00:00,367,1
298,2020-12-15 01:00:00,Neural Network,1,0.09761930670168906,-0.013782955727512203,2019-12-15 01:00:00,2020-12-15 01:00:00,2020-12-15 01:00:00,367,1
299,2020-12-15 01:00:00,Naive,1,0.09761930670168906,-0.23092036852904962,2019-12-15 01:00:00,2020-12-15 01:00:00,2020-12-15 01:00:00,367,1
300,2020-12-16 01:00:00,Decision Tree,1,0.4890087867317766,0.3860177225844297,2019-12-16 01:00:00,2020-12-16 01:00:00,2020-12-16 01:00:00,367,1
301,2020-12-16 01:00:00,Random Forest,1,0.4890087867317766,0.4189424526859537,2019-12-16 01:00:00,2020-12-16 01:00:00,2020-12-16 01:00:00,367,1
302,2020-12-16 01:00:00,Neural Network,1,0.4890087867317766,0.3675920264815178,2019-12-16 01:00:00,2020-12-16 01:00:00,2020-12-16 01:00:00,367,1
303,2020-12-16 01:00:00,Naive,1,0.4890087867317766,0.09761930670168906,2019-12-16 01:00:00,2020-12-16 01:00:00,2020-12-16 01:00:00,367,1
304,2020-12-17 01:00:00,Decision Tree,1,-0.09272895268192438,-0.12298994151766092,2019-12-17 01:00:00,2020-12-17 01:00:00,2020-12-17 01:00:00,367,1
305,2020-12-17 01:00:00,Random Forest,1,-0.09272895268192438,-0.12352625741103018,2019-12-17 01:00:00,2020-12-17 01:00:00,2020-12-17 01:00:00,367,1
306,2020-12-17 01:00:00,Neural Network,1,-0.09272895268192438,-0.1928539201590797,2019-12-17 01:00:00,2020-12-17 01:00:00,2020-12-17 01:00:00,367,1
307,2020-12-17 01:00:00,Naive,1,-0.09272895268192438,0.4890087867317766,2019-12-17 01:00:00,2020-12-17 01:00:00,2020-12-17 01:00:00,367,1
308,2020-12-18 01:00:00,Decision Tree,1,0.11078477818923033,0.14653585699263302,2019-12-18 01:00:00,2020-12-18 01:00:00,2020-12-18 01:00:00,367,1
309,2020-12-18 01:00:00,Random Forest,1,0.11078477818923033,0.08443466214925895,2019-12-18 01:00:00,2020-12-18 01:00:00,2020-12-18 01:00:00,367,1
310,2020-12-18 01:00:00,Neural Network,1,0.11078477818923033,-0.001781330218817101,2019-12-18 01:00:00,2020-12-18 01:00:00,2020-12-18 01:00:00,367,1
311,2020-12-18 01:00:00,Naive,1,0.11078477818923033,-0.09272895268192438,2019-12-18 01:00:00,2020-12-18 01:00:00,2020-12-18 01:00:00,367,1
312,2020-12-19 01:00:00,Decision Tree,1,-0.09108355219931655,-0.11866694311255568,2019-12-19 01:00:00,2020-12-19 01:00:00,2020-12-19 01:00:00,367,1
313,2020-12-19 01:00:00,Random Forest,1,-0.09108355219931655,-0.10968490809675636,2019-12-19 01:00:00,2020-12-19 01:00:00,2020-12-19 01:00:00,367,1
314,2020-12-19 01:00:00,Neural Network,1,-0.09108355219931655,-0.11737700620469682,2019-12-19 01:00:00,2020-12-19 01:00:00,2020-12-19 01:00:00,367,1
315,2020-12-19 01:00:00,Naive,1,-0.09108355219931655,0.11078477818923033,2019-12-19 01:00:00,2020-12-19 01:00:00,2020-12-19 01:00:00,367,1
316,2020-12-20 01:00:00,Decision Tree,1,-0.2646993176671212,-0.29064773594181526,2019-12-20 01:00:00,2020-12-20 01:00:00,2020-12-20 01:00:00,367,1
317,2020-12-20 01:00:00,Random Forest,1,-0.2646993176671212,-0.2785373167586134,2019-12-20 01:00:00,2020-12-20 01:00:00,2020-12-20 01:00:00,367,1
318,2020-12-20 01:00:00,Neural Network,1,-0.2646993176671212,-0.18322045049521096,2019-12-20 01:00:00,2020-12-20 01:00:00,2020-12-20 01:00:00,367,1
319,2020-12-20 01:00:00,Naive,1,-0.2646993176671212,-0.09108355219931655,2019-12-20 01:00:00,2020-12-20 01:00:00,2020-12-20 01:00:00,367,1
320,2020-12-21 01:00:00,Decision Tree,1,-0.03145570104506661,-0.07294675281707307,2019-12-21 01:00:00,2020-12-21 01:00:00,2020-12-21 01:00:00,367,1
321,2020-12-21 01:00:00,Random Forest,1,-0.03145570104506661,-0.06452594416940144,2019-12-21 01:00:00,2020-12-21 01:00:00,2020-12-21 01:00:00,367,1
322,2020-12-21 01:00:00,Neural Network,1,-0.03145570104506661,-0.1189763737591718,2019-12-21 01:00:00,2020-12-21 01:00:00,2020-12-21 01:00:00,367,1
323,2020-12-21 01:00:00,Naive,1,-0.03145570104506661,-0.2646993176671212,2019-12-21 01:00:00,2020-12-21 01:00:00,2020-12-21 01:00:00,367,1
324,2020-12-22 01:00:00,Decision Tree,1,-1.7212769860198973,-1.7014017833162882,2019-12-22 01:00:00,2020-12-22 01:00:00,2020-12-22 01:00:00,367,1
325,2020-12-22 01:00:00,Random Forest,1,-1.7212769860198973,-1.6766937737257808,2019-12-22 01:00:00,2020-12-22 01:00:00,2020-12-22 01:00:00,367,1
326,2020-12-22 01:00:00,Neural Network,1,-1.7212769860198973,-1.6100837984522305,2019-12-22 01:00:00,2020-12-22 01:00:00,2020-12-22 01:00:00,367,1
327,2020-12-22 01:00:00,Naive,1,-1.7212769860198973,-0.03145570104506661,2019-12-22 01:00:00,2020-12-22 01:00:00,2020-12-22 01:00:00,367,1
328,2020-12-23 01:00:00,Decision Tree,1,-0.07665877099784923,-0.1058651031257662,2019-12-23 01:00:00,2020-12-23 01:00:00,2020-12-23 01:00:00,367,1
329,2020-12-23 01:00:00,Random Forest,1,-0.07665877099784923,-0.10116301396176737,2019-12-23 01:00:00,2020-12-23 01:00:00,2020-12-23 01:00:00,367,1
330,2020-12-23 01:00:00,Neural Network,1,-0.07665877099784923,-0.07568386560964124,2019-12-23 01:00:00,2020-12-23 01:00:00,2020-12-23 01:00:00,367,1
331,2020-12-23 01:00:00,Naive,1,-0.07665877099784923,-1.7212769860198973,2019-12-23 01:00:00,2020-12-23 01:00:00,2020-12-23 01:00:00,367,1
332,2020-12-24 01:00:00,Decision Tree,1,-1.5905483500805209,-1.5264755215272805,2019-12-24 01:00:00,2020-12-24 01:00:00,2020-12-24 01:00:00,367,1
333,2020-12-24 01:00:00,Random Forest,1,-1.5905483500805209,-1.5344629930998925,2019-12-24 01:00:00,2020-12-24 01:00:00,2020-12-24 01:00:00,367,1
334,2020-12-24 01:00:00,Neural Network,1,-1.5905483500805209,-1.5181325144781939,2019-12-24 01:00:00,2020-12-24 01:00:00,2020-12-24 01:00:00,367,1
335,2020-12-24 01:00:00,Naive,1,-1.5905483500805209,-0.07665877099784923,2019-12-24 01:00:00,2020-12-24 01:00:00,2020-12-24 01:00:00,367,1
336,2020-12-25 01:00:00,Decision Tree,1,-0.8579747565201867,-0.8384728923757429,2019-12-25 01:00:00,2020-12-25 01:00:00,2020-12-25 01:00:00,367,1
337,2020-12-25 01:00:00,Random Forest,1,-0.8579747565201867,-0.8341243795523287,2019-12-25 01:00:00,2020-12-25 01:00:00,2020-12-25 01:00:00,367,1
338,2020-12-25 01:00:00,Neural Network,1,-0.8579747565201867,-0.953269951491213,2019-12-25 01:00:00,2020-12-25 01:00:00,2020-12-25 01:00:00,367,1
339,2020-12-25 01:00:00,Naive,1,-0.8579747565201867,-1.5905483500805209,2019-12-25 01:00:00,2020-12-25 01:00:00,2020-12-25 01:00:00,367,1
340,2020-12-26 01:00:00,Decision Tree,1,-0.3709322297347008,-0.38230482200712995,2019-12-26 01:00:00,2020-12-26 01:00:00,2020-12-26 01:00:00,367,1
341,2020-12-26 01:00:00,Random Forest,1,-0.3709322297347008,-0.4022183319460825,2019-12-26 01:00:00,2020-12-26 01:00:00,2020-12-26 01:00:00,367,1
342,2020-12-26 01:00:00,Neural Network,1,-0.3709322297347008,-0.462956370705786,2019-12-26 01:00:00,2020-12-26 01:00:00,2020-12-26 01:00:00,367,1
343,2020-12-26 01:00:00,Naive,1,-0.3709322297347008,-0.8579747565201867,2019-12-26 01:00:00,2020-12-26 01:00:00,2020-12-26 01:00:00,367,1
344,2020-12-27 01:00:00,Decision Tree,1,-2.0078992773334585,-1.936180691001835,2019-12-27 01:00:00,2020-12-27 01:00:00,2020-12-27 01:00:00,367,1
345,2020-12-27 01:00:00,Random Forest,1,-2.0078992773334585,-1.9217570955411472,2019-12-27 01:00:00,2020-12-27 01:00:00,2020-12-27 01:00:00,367,1
346,2020-12-27 01:00:00,Neural Network,1,-2.0078992773334585,-1.9283662573669427,2019-12-27 01:00:00,2020-12-27 01:00:00,2020-12-27 01:00:00,367,1
347,2020-12-27 01:00:00,Naive,1,-2.0078992773334585,-0.3709322297347008,2019-12-27 01:00:00,2020-12-27 01:00:00,2020-12-27 01:00:00,367,1
348,2020-12-28 01:00:00,Decision Tree,1,-1.64041187259766,-1.6035341872495044,2019-12-28 01:00:00,2020-12-28 01:00:00,2020-12-28 01:00:00,367,1
349,2020-12-28 01:00:00,Random Forest,1,-1.64041187259766,-1.6022249886058877,2019-12-28 01:00:00,2020-12-28 01:00:00,2020-12-28 01:00:00,367,1
350,2020-12-28 01:00:00,Neural Network,1,-1.64041187259766,-1.406221136077125,2019-12-28 01:00:00,2020-12-28 01:00:00,2020-12-28 01:00:00,367,1
351,2020-12-28 01:00:00,Naive,1,-1.64041187259766,-2.0078992773334585,2019-12-28 01:00:00,2020-12-28 01:00:00,2020-12-28 01:00:00,367,1
352,2020-12-29 01:00:00,Decision Tree,1,0.31951742906493436,0.37625333629166896,2019-12-29 01:00:00,2020-12-29 01:00:00,2020-12-29 01:00:00,367,1
353,2020-12-29 01:00:00,Random Forest,1,0.31951742906493436,0.2731117908729458,2019-12-29 01:00:00,2020-12-29 01:00:00,2020-12-29 01:00:00,367,1
354,2020-12-29 01:00:00,Neural Network,1,0.31951742906493436,0.06169373376059606,2019-12-29 01:00:00,2020-12-29 01:00:00,2020-12-29 01:00:00,367,1
355,2020-12-29 01:00:00,Naive,1,0.31951742906493436,-1.64041187259766,2019-12-29 01:00:00,2020-12-29 01:00:00,2020-12-29 01:00:00,367,1
356,2020-12-30 01:00:00,Decision Tree,1,0.06904492164720857,-0.04482904109122294,2019-12-30 01:00:00,2020-12-30 01:00:00,2020-12-30 01:00:00,367,1
357,2020-12-30 01:00:00,Random Forest,1,0.06904492164720857,0.03190491820379577,2019-12-30 01:00:00,2020-12-30 01:00:00,2020-12-30 01:00:00,367,1
358,2020-12-30 01:00:00,Neural Network,1,0.06904492164720857,-0.11131579767794209,2019-12-30 01:00:00,2020-12-30 01:00:00,2020-12-30 01:00:00,367,1
359,2020-12-30 01:00:00,Naive,1,0.06904492164720857,0.31951742906493436,2019-12-30 01:00:00,2020-12-30 01:00:00,2020-12-30 01:00:00,367,1
360,2020-12-31 01:00:00,Decision Tree,1,-0.008459874406583794,-0.04482904109122293,2019-12-31 01:00:00,2020-12-31 01:00:00,2020-12-31 01:00:00,367,1
361,2020-12-31 01:00:00,Random Forest,1,-0.008459874406583794,-0.05919251832676156,2019-12-31 01:00:00,2020-12-31 01:00:00,2020-12-31 01:00:00,367,1
362,2020-12-31 01:00:00,Neural Network,1,-0.008459874406583794,-0.07614549403525506,2019-12-31 01:00:00,2020-12-31 01:00:00,2020-12-31 01:00:00,367,1
363,2020-12-31 01:00:00,Naive,1,-0.008459874406583794,0.06904492164720857,2019-12-31 01:00:00,2020-12-31 01:00:00,2020-12-31 01:00:00,367,1
364,2021-01-01 01:00:00,Decision Tree,1,0.8854445335434075,0.6444047407015706,2020-01-01 01:00:00,2021-01-01 01:00:00,2021-01-01 01:00:00,367,1
365,2021-01-01 01:00:00,Random Forest,1,0.8854445335434075,0.6704259914666848,2020-01-01 01:00:00,2021-01-01 01:00:00,2021-01-01 01:00:00,367,1
366,2021-01-01 01:00:00,Neural Network,1,0.8854445335434075,0.5754385495630007,2020-01-01 01:00:00,2021-01-01 01:00:00,2021-01-01 01:00:00,367,1
367,2021-01-01 01:00:00,Naive,1,0.8854445335434075,-0.008459874406583794,2020-01-01 01:00:00,2021-01-01 01:00:00,2021-01-01 01:00:00,367,1
368,2021-01-02 01:00:00,Decision Tree,1,0.5349140126632367,0.46447039165082643,2020-01-02 01:00:00,2021-01-02 01:00:00,2021-01-02 01:00:00,367,1
369,2021-01-02 01:00:00,Random Forest,1,0.5349140126632367,0.5007278493249468,2020-01-02 01:00:00,2021-01-02 01:00:00,2021-01-02 01:00:00,367,1
370,2021-01-02 01:00:00,Neural Network,1,0.5349140126632367,1.2658759770022023,2020-01-02 01:00:00,2021-01-02 01:00:00,2021-01-02 01:00:00,367,1
371,2021-01-02 01:00:00,Naive,1,0.5349140126632367,0.8854445335434075,2020-01-02 01:00:00,2021-01-02 01:00:00,2021-01-02 01:00:00,367,1
372,2021-01-03 01:00:00,Decision Tree,1,0.5731717159767932,0.47453376608117076,2020-01-03 01:00:00,2021-01-03 01:00:00,2021-01-03 01:00:00,367,1
373,2021-01-03 01:00:00,Random Forest,1,0.5731717159767932,0.5251152335869655,2020-01-03 01:00:00,2021-01-03 01:00:00,2021-01-03 01:00:00,367,1
374,2021-01-03 01:00:00,Neural Network,1,0.5731717159767932,0.5007885424835743,2020-01-03 01:00:00,2021-01-03 01:00:00,2021-01-03 01:00:00,367,1
375,2021-01-03 01:00:00,Naive,1,0.5731717159767932,0.5349140126632367,2020-01-03 01:00:00,2021-01-03 01:00:00,2021-01-03 01:00:00,367,1
376,2021-01-04 01:00:00,Decision Tree,1,-0.7305867912457031,-0.7162802715876397,2020-01-04 01:00:00,2021-01-04 01:00:00,2021-01-04 01:00:00,367,1
377,2021-01-04 01:00:00,Random Forest,1,-0.7305867912457031,-0.7197626565098706,2020-01-04 01:00:00,2021-01-04 01:00:00,2021-01-04 01:00:00,367,1
378,2021-01-04 01:00:00,Neural Network,1,-0.7305867912457031,-0.08266677449514459,2020-01-04 01:00:00,2021-01-04 01:00:00,2021-01-04 01:00:00,367,1
379,2021-01-04 01:00:00,Naive,1,-0.7305867912457031,0.5731717159767932,2020-01-04 01:00:00,2021-01-04 01:00:00,2021-01-04 01:00:00,367,1
380,2021-01-05 01:00:00,Decision Tree,1,0.37167708675860955,0.325685635328603,2020-01-05 01:00:00,2021-01-05 01:00:00,2021-01-05 01:00:00,367,1
381,2021-01-05 01:00:00,Random Forest,1,0.37167708675860955,0.31423550010828816,2020-01-05 01:00:00,2021-01-05 01:00:00,2021-01-05 01:00:00,367,1
382,2021-01-05 01:00:00,Neural Network,1,0.37167708675860955,-0.25484642391701234,2020-01-05 01:00:00,2021-01-05 01:00:00,2021-01-05 01:00:00,367,1
383,2021-01-05 01:00:00,Naive,1,0.37167708675860955,-0.7305867912457031,2020-01-05 01:00:00,2021-01-05 01:00:00,2021-01-05 01:00:00,367,1
384,2021-01-06 01:00:00,Decision Tree,1,0.5710502024201706,0.4868635098181236,2020-01-06 01:00:00,2021-01-06 01:00:00,2021-01-06 01:00:00,367,1
385,2021-01-06 01:00:00,Random Forest,1,0.5710502024201706,0.5580475567826172,2020-01-06 01:00:00,2021-01-06 01:00:00,2021-01-06 01:00:00,367,1
386,2021-01-06 01:00:00,Neural Network,1,0.5710502024201706,0.27382595166892454,2020-01-06 01:00:00,2021-01-06 01:00:00,2021-01-06 01:00:00,367,1
387,2021-01-06 01:00:00,Naive,1,0.5710502024201706,0.37167708675860955,2020-01-06 01:00:00,2021-01-06 01:00:00,2021-01-06 01:00:00,367,1
388,2021-01-07 01:00:00,Decision Tree,1,0.9917876495211634,0.7433468543132419,2020-01-07 01:00:00,2021-01-07 01:00:00,2021-01-07 01:00:00,367,1
389,2021-01-07 01:00:00,Random Forest,1,0.9917876495211634,0.7426787968417039,2020-01-07 01:00:00,2021-01-07 01:00:00,2021-01-07 01:00:00,367,1
390,2021-01-07 01:00:00,Neural Network,1,0.9917876495211634,0.7000264626932884,2020-01-07 01:00:00,2021-01-07 01:00:00,2021-01-07 01:00:00,367,1
391,2021-01-07 01:00:00,Naive,1,0.9917876495211634,0.5710502024201706,2020-01-07 01:00:00,2021-01-07 01:00:00,2021-01-07 01:00:00,367,1
392,2021-01-08 01:00:00,Decision Tree,1,0.8985810261455557,0.7847536535145622,2020-01-08 01:00:00,2021-01-08 01:00:00,2021-01-08 01:00:00,367,1
393,2021-01-08 01:00:00,Random Forest,1,0.8985810261455557,0.8397697950902713,2020-01-08 01:00:00,2021-01-08 01:00:00,2021-01-08 01:00:00,367,1
394,2021-01-08 01:00:00,Neural Network,1,0.8985810261455557,0.8498892000098345,2020-01-08 01:00:00,2021-01-08 01:00:00,2021-01-08 01:00:00,367,1
395,2021-01-08 01:00:00,Naive,1,0.8985810261455557,0.9917876495211634,2020-01-08 01:00:00,2021-01-08 01:00:00,2021-01-08 01:00:00,367,1
396,2021-01-09 01:00:00,Decision Tree,1,1.0964100736116529,0.8224499301729082,2020-01-09 01:00:00,2021-01-09 01:00:00,2021-01-09 01:00:00,367,1
397,2021-01-09 01:00:00,Random Forest,1,1.0964100736116529,0.8753651488810708,2020-01-09 01:00:00,2021-01-09 01:00:00,2021-01-09 01:00:00,367,1
398,2021-01-09 01:00:00,Neural Network,1,1.0964100736116529,0.9794508026994008,2020-01-09 01:00:00,2021-01-09 01:00:00,2021-01-09 01:00:00,367,1
399,2021-01-09 01:00:00,Naive,1,1.0964100736116529,0.8985810261455557,2020-01-09 01:00:00,2021-01-09 01:00:00,2021-01-09 01:00:00,367,1
400,2021-01-10 01:00:00,Decision Tree,1,1.0682334548396781,0.8615870935213005,2020-01-10 01:00:00,2021-01-10 01:00:00,2021-01-10 01:00:00,367,1
401,2021-01-10 01:00:00,Random Forest,1,1.0682334548396781,0.9359356292912158,2020-01-10 01:00:00,2021-01-10 01:00:00,2021-01-10 01:00:00,367,1
402,2021-01-10 01:00:00,Neural Network,1,1.0682334548396781,0.9376416872579001,2020-01-10 01:00:00,2021-01-10 01:00:00,2021-01-10 01:00:00,367,1
403,2021-01-10 01:00:00,Naive,1,1.0682334548396781,1.0964100736116529,2020-01-10 01:00:00,2021-01-10 01:00:00,2021-01-10 01:00:00,367,1
404,2021-01-11 01:00:00,Decision Tree,1,0.6840163769435069,0.6612143145310192,2020-01-11 01:00:00,2021-01-11 01:00:00,2021-01-11 01:00:00,367,1
405,2021-01-11 01:00:00,Random Forest,1,0.6840163769435069,0.7375695731212221,2020-01-11 01:00:00,2021-01-11 01:00:00,2021-01-11 01:00:00,367,1
406,2021-01-11 01:00:00,Neural Network,1,0.6840163769435069,0.35651056137726134,2020-01-11 01:00:00,2021-01-11 01:00:00,2021-01-11 01:00:00,367,1
407,2021-01-11 01:00:00,Naive,1,0.6840163769435069,1.0682334548396781,2020-01-11 01:00:00,2021-01-11 01:00:00,2021-01-11 01:00:00,367,1
408,2021-01-12 01:00:00,Decision Tree,1,-1.190517256367,-1.1556305022655033,2020-01-12 01:00:00,2021-01-12 01:00:00,2021-01-12 01:00:00,367,1
409,2021-01-12 01:00:00,Random Forest,1,-1.190517256367,-1.1636152846481607,2020-01-12 01:00:00,2021-01-12 01:00:00,2021-01-12 01:00:00,367,1
410,2021-01-12 01:00:00,Neural Network,1,-1.190517256367,-1.3469380785045348,2020-01-12 01:00:00,2021-01-12 01:00:00,2021-01-12 01:00:00,367,1
411,2021-01-12 01:00:00,Naive,1,-1.190517256367,0.6840163769435069,2020-01-12 01:00:00,2021-01-12 01:00:00,2021-01-12 01:00:00,367,1
412,2021-01-13 01:00:00,Decision Tree,1,-0.13403291085354888,-0.2101723681895548,2020-01-13 01:00:00,2021-01-13 01:00:00,2021-01-13 01:00:00,367,1
413,2021-01-13 01:00:00,Random Forest,1,-0.13403291085354888,-0.1833015242600248,2020-01-13 01:00:00,2021-01-13 01:00:00,2021-01-13 01:00:00,367,1
414,2021-01-13 01:00:00,Neural Network,1,-0.13403291085354888,-0.5396087370709508,2020-01-13 01:00:00,2021-01-13 01:00:00,2021-01-13 01:00:00,367,1
415,2021-01-13 01:00:00,Naive,1,-0.13403291085354888,-1.190517256367,2020-01-13 01:00:00,2021-01-13 01:00:00,2021-01-13 01:00:00,367,1
416,2021-01-14 01:00:00,Decision Tree,1,0.1311187335173087,0.11421767435601121,2020-01-14 01:00:00,2021-01-14 01:00:00,2021-01-14 01:00:00,367,1
417,2021-01-14 01:00:00,Random Forest,1,0.1311187335173087,0.1175737421093884,2020-01-14 01:00:00,2021-01-14 01:00:00,2021-01-14 01:00:00,367,1
418,2021-01-14 01:00:00,Neural Network,1,0.1311187335173087,-0.18735890823199708,2020-01-14 01:00:00,2021-01-14 01:00:00,2021-01-14 01:00:00,367,1
419,2021-01-14 01:00:00,Naive,1,0.1311187335173087,-0.13403291085354888,2020-01-14 01:00:00,2021-01-14 01:00:00,2021-01-14 01:00:00,367,1
420,2021-01-15 01:00:00,Decision Tree,1,0.9090872393265137,0.9880913475322914,2020-01-15 01:00:00,2021-01-15 01:00:00,2021-01-15 01:00:00,367,1
421,2021-01-15 01:00:00,Random Forest,1,0.9090872393265137,0.9313404844946329,2020-01-15 01:00:00,2021-01-15 01:00:00,2021-01-15 01:00:00,367,1
422,2021-01-15 01:00:00,Neural Network,1,0.9090872393265137,0.939641327800886,2020-01-15 01:00:00,2021-01-15 01:00:00,2021-01-15 01:00:00,367,1
423,2021-01-15 01:00:00,Naive,1,0.9090872393265137,0.1311187335173087,2020-01-15 01:00:00,2021-01-15 01:00:00,2021-01-15 01:00:00,367,1
424,2021-01-16 01:00:00,Decision Tree,1,1.237091331867642,0.9749239961646619,2020-01-16 01:00:00,2021-01-16 01:00:00,2021-01-16 01:00:00,367,1
425,2021-01-16 01:00:00,Random Forest,1,1.237091331867642,0.9924914484669447,2020-01-16 01:00:00,2021-01-16 01:00:00,2021-01-16 01:00:00,367,1
426,2021-01-16 01:00:00,Neural Network,1,1.237091331867642,1.1449789804784487,2020-01-16 01:00:00,2021-01-16 01:00:00,2021-01-16 01:00:00,367,1
427,2021-01-16 01:00:00,Naive,1,1.237091331867642,0.9090872393265137,2020-01-16 01:00:00,2021-01-16 01:00:00,2021-01-16 01:00:00,367,1
428,2021-01-17 01:00:00,Decision Tree,1,0.8561628736268242,1.0123764726936593,2020-01-17 01:00:00,2021-01-17 01:00:00,2021-01-17 01:00:00,367,1
429,2021-01-17 01:00:00,Random Forest,1,0.8561628736268242,0.9139238573981601,2020-01-17 01:00:00,2021-01-17 01:00:00,2021-01-17 01:00:00,367,1
430,2021-01-17 01:00:00,Neural Network,1,0.8561628736268242,0.7774674892014765,2020-01-17 01:00:00,2021-01-17 01:00:00,2021-01-17 01:00:00,367,1
431,2021-01-17 01:00:00,Naive,1,0.8561628736268242,1.237091331867642,2020-01-17 01:00:00,2021-01-17 01:00:00,2021-01-17 01:00:00,367,1
432,2021-01-18 01:00:00,Decision Tree,1,0.867228547086051,0.9928497728103046,2020-01-18 01:00:00,2021-01-18 01:00:00,2021-01-18 01:00:00,367,1
433,2021-01-18 01:00:00,Random Forest,1,0.867228547086051,0.8838306387514422,2020-01-18 01:00:00,2021-01-18 01:00:00,2021-01-18 01:00:00,367,1
434,2021-01-18 01:00:00,Neural Network,1,0.867228547086051,0.6639126225876156,2020-01-18 01:00:00,2021-01-18 01:00:00,2021-01-18 01:00:00,367,1
435,2021-01-18 01:00:00,Naive,1,0.867228547086051,0.8561628736268242,2020-01-18 01:00:00,2021-01-18 01:00:00,2021-01-18 01:00:00,367,1
436,2021-01-19 01:00:00,Decision Tree,1,0.05399475885880566,0.11663211137905372,2020-01-19 01:00:00,2021-01-19 01:00:00,2021-01-19 01:00:00,367,1
437,2021-01-19 01:00:00,Random Forest,1,0.05399475885880566,0.06466308437293401,2020-01-19 01:00:00,2021-01-19 01:00:00,2021-01-19 01:00:00,367,1
438,2021-01-19 01:00:00,Neural Network,1,0.05399475885880566,-0.006821191239297364,2020-01-19 01:00:00,2021-01-19 01:00:00,2021-01-19 01:00:00,367,1
439,2021-01-19 01:00:00,Naive,1,0.05399475885880566,0.867228547086051,2020-01-19 01:00:00,2021-01-19 01:00:00,2021-01-19 01:00:00,367,1
440,2021-01-20 01:00:00,Decision Tree,1,-0.5065274549391446,-0.5108136882438159,2020-01-20 01:00:00,2021-01-20 01:00:00,2021-01-20 01:00:00,367,1
441,2021-01-20 01:00:00,Random Forest,1,-0.5065274549391446,-0.512722081510599,2020-01-20 01:00:00,2021-01-20 01:00:00,2021-01-20 01:00:00,367,1
442,2021-01-20 01:00:00,Neural Network,1,-0.5065274549391446,-0.4403692800565315,2020-01-20 01:00:00,2021-01-20 01:00:00,2021-01-20 01:00:00,367,1
443,2021-01-20 01:00:00,Naive,1,-0.5065274549391446,0.05399475885880566,2020-01-20 01:00:00,2021-01-20 01:00:00,2021-01-20 01:00:00,367,1
444,2021-01-21 01:00:00,Decision Tree,1,-1.035841796264599,-0.9998279007634501,2020-01-21 01:00:00,2021-01-21 01:00:00,2021-01-21 01:00:00,367,1
445,2021-01-21 01:00:00,Random Forest,1,-1.035841796264599,-0.995294922863926,2020-01-21 01:00:00,2021-01-21 01:00:00,2021-01-21 01:00:00,367,1
446,2021-01-21 01:00:00,Neural Network,1,-1.035841796264599,-0.6755022833203975,2020-01-21 01:00:00,2021-01-21 01:00:00,2021-01-21 01:00:00,367,1
447,2021-01-21 01:00:00,Naive,1,-1.035841796264599,-0.5065274549391446,2020-01-21 01:00:00,2021-01-21 01:00:00,2021-01-21 01:00:00,367,1
448,2021-01-22 01:00:00,Decision Tree,1,-1.2750796582158985,-1.20207193087055,2020-01-22 01:00:00,2021-01-22 01:00:00,2021-01-22 01:00:00,367,1
449,2021-01-22 01:00:00,Random Forest,1,-1.2750796582158985,-1.2204434887607567,2020-01-22 01:00:00,2021-01-22 01:00:00,2021-01-22 01:00:00,367,1
450,2021-01-22 01:00:00,Neural Network,1,-1.2750796582158985,-0.9534027279971151,2020-01-22 01:00:00,2021-01-22 01:00:00,2021-01-22 01:00:00,367,1
451,2021-01-22 01:00:00,Naive,1,-1.2750796582158985,-1.035841796264599,2020-01-22 01:00:00,2021-01-22 01:00:00,2021-01-22 01:00:00,367,1
452,2021-01-23 01:00:00,Decision Tree,1,0.5992181517404083,0.5428549274493644,2020-01-23 01:00:00,2021-01-23 01:00:00,2021-01-23 01:00:00,367,1
453,2021-01-23 01:00:00,Random Forest,1,0.5992181517404083,0.5693717934290702,2020-01-23 01:00:00,2021-01-23 01:00:00,2021-01-23 01:00:00,367,1
454,2021-01-23 01:00:00,Neural Network,1,0.5992181517404083,0.6449161884214026,2020-01-23 01:00:00,2021-01-23 01:00:00,2021-01-23 01:00:00,367,1
455,2021-01-23 01:00:00,Naive,1,0.5992181517404083,-1.2750796582158985,2020-01-23 01:00:00,2021-01-23 01:00:00,2021-01-23 01:00:00,367,1
456,2021-01-24 01:00:00,Decision Tree,1,0.41323430717491755,0.3312856412894698,2020-01-24 01:00:00,2021-01-24 01:00:00,2021-01-24 01:00:00,367,1
457,2021-01-24 01:00:00,Random Forest,1,0.41323430717491755,0.3553591813483707,2020-01-24 01:00:00,2021-01-24 01:00:00,2021-01-24 01:00:00,367,1
458,2021-01-24 01:00:00,Neural Network,1,0.41323430717491755,0.9918789068303574,2020-01-24 01:00:00,2021-01-24 01:00:00,2021-01-24 01:00:00,367,1
459,2021-01-24 01:00:00,Naive,1,0.41323430717491755,0.5992181517404083,2020-01-24 01:00:00,2021-01-24 01:00:00,2021-01-24 01:00:00,367,1
460,2021-01-25 01:00:00,Decision Tree,1,0.5800881381223741,0.5522487981645384,2020-01-25 01:00:00,2021-01-25 01:00:00,2021-01-25 01:00:00,367,1
461,2021-01-25 01:00:00,Random Forest,1,0.5800881381223741,0.5634907195614404,2020-01-25 01:00:00,2021-01-25 01:00:00,2021-01-25 01:00:00,367,1
462,2021-01-25 01:00:00,Neural Network,1,0.5800881381223741,0.6674430257378398,2020-01-25 01:00:00,2021-01-25 01:00:00,2021-01-25 01:00:00,367,1
463,2021-01-25 01:00:00,Naive,1,0.5800881381223741,0.41323430717491755,2020-01-25 01:00:00,2021-01-25 01:00:00,2021-01-25 01:00:00,367,1
464,2021-01-26 01:00:00,Decision Tree,1,0.9611542934776157,0.9788918588409431,2020-01-26 01:00:00,2021-01-26 01:00:00,2021-01-26 01:00:00,367,1
465,2021-01-26 01:00:00,Random Forest,1,0.9611542934776157,0.9592232313602883,2020-01-26 01:00:00,2021-01-26 01:00:00,2021-01-26 01:00:00,367,1
466,2021-01-26 01:00:00,Neural Network,1,0.9611542934776157,0.837632701955848,2020-01-26 01:00:00,2021-01-26 01:00:00,2021-01-26 01:00:00,367,1
467,2021-01-26 01:00:00,Naive,1,0.9611542934776157,0.5800881381223741,2020-01-26 01:00:00,2021-01-26 01:00:00,2021-01-26 01:00:00,367,1
468,2021-01-27 01:00:00,Decision Tree,1,0.6977818049925878,0.7030612229932617,2020-01-27 01:00:00,2021-01-27 01:00:00,2021-01-27 01:00:00,367,1
469,2021-01-27 01:00:00,Random Forest,1,0.6977818049925878,0.7151148621004847,2020-01-27 01:00:00,2021-01-27 01:00:00,2021-01-27 01:00:00,367,1
470,2021-01-27 01:00:00,Neural Network,1,0.6977818049925878,0.6497822565003031,2020-01-27 01:00:00,2021-01-27 01:00:00,2021-01-27 01:00:00,367,1
471,2021-01-27 01:00:00,Naive,1,0.6977818049925878,0.9611542934776157,2020-01-27 01:00:00,2021-01-27 01:00:00,2021-01-27 01:00:00,367,1
472,2021-01-28 01:00:00,Decision Tree,1,0.6953088247898146,0.7021813199931494,2020-01-28 01:00:00,2021-01-28 01:00:00,2021-01-28 01:00:00,367,1
473,2021-01-28 01:00:00,Random Forest,1,0.6953088247898146,0.7355640684449161,2020-01-28 01:00:00,2021-01-28 01:00:00,2021-01-28 01:00:00,367,1
474,2021-01-28 01:00:00,Neural Network,1,0.6953088247898146,0.8405880061620936,2020-01-28 01:00:00,2021-01-28 01:00:00,2021-01-28 01:00:00,367,1
475,2021-01-28 01:00:00,Naive,1,0.6953088247898146,0.6977818049925878,2020-01-28 01:00:00,2021-01-28 01:00:00,2021-01-28 01:00:00,367,1
476,2021-01-29 01:00:00,Decision Tree,1,0.3527298070757129,0.2636705275050854,2020-01-29 01:00:00,2021-01-29 01:00:00,2021-01-29 01:00:00,367,1
477,2021-01-29 01:00:00,Random Forest,1,0.3527298070757129,0.32141973338077,2020-01-29 01:00:00,2021-01-29 01:00:00,2021-01-29 01:00:00,367,1
478,2021-01-29 01:00:00,Neural Network,1,0.3527298070757129,0.5159076721087077,2020-01-29 01:00:00,2021-01-29 01:00:00,2021-01-29 01:00:00,367,1
479,2021-01-29 01:00:00,Naive,1,0.3527298070757129,0.6953088247898146,2020-01-29 01:00:00,2021-01-29 01:00:00,2021-01-29 01:00:00,367,1
480,2021-01-30 01:00:00,Decision Tree,1,0.3208577301609487,0.2748029374514138,2020-01-30 01:00:00,2021-01-30 01:00:00,2021-01-30 01:00:00,367,1
481,2021-01-30 01:00:00,Random Forest,1,0.3208577301609487,0.3167006229737201,2020-01-30 01:00:00,2021-01-30 01:00:00,2021-01-30 01:00:00,367,1
482,2021-01-30 01:00:00,Neural Network,1,0.3208577301609487,0.41367559880660176,2020-01-30 01:00:00,2021-01-30 01:00:00,2021-01-30 01:00:00,367,1
483,2021-01-30 01:00:00,Naive,1,0.3208577301609487,0.3527298070757129,2020-01-30 01:00:00,2021-01-30 01:00:00,2021-01-30 01:00:00,367,1
484,2021-01-31 01:00:00,Decision Tree,1,0.43420668555022573,0.3876272161800132,2020-01-31 01:00:00,2021-01-31 01:00:00,2021-01-31 01:00:00,367,1
485,2021-01-31 01:00:00,Random Forest,1,0.43420668555022573,0.36752087451337034,2020-01-31 01:00:00,2021-01-31 01:00:00,2021-01-31 01:00:00,367,1
486,2021-01-31 01:00:00,Neural Network,1,0.43420668555022573,0.6965724389673201,2020-01-31 01:00:00,2021-01-31 01:00:00,2021-01-31 01:00:00,367,1
487,2021-01-31 01:00:00,Naive,1,0.43420668555022573,0.3208577301609487,2020-01-31 01:00:00,2021-01-31 01:00:00,2021-01-31 01:00:00,367,1
488,2021-02-01 01:00:00,Decision Tree,1,0.36407635427304996,0.27992013664136217,2020-02-01 01:00:00,2021-02-01 01:00:00,2021-02-01 01:00:00,367,1
489,2021-02-01 01:00:00,Random Forest,1,0.36407635427304996,0.3283321779247148,2020-02-01 01:00:00,2021-02-01 01:00:00,2021-02-01 01:00:00,367,1
490,2021-02-01 01:00:00,Neural Network,1,0.36407635427304996,0.45840798772147573,2020-02-01 01:00:00,2021-02-01 01:00:00,2021-02-01 01:00:00,367,1
491,2021-02-01 01:00:00,Naive,1,0.36407635427304996,0.43420668555022573,2020-02-01 01:00:00,2021-02-01 01:00:00,2021-02-01 01:00:00,367,1
492,2021-02-02 01:00:00,Decision Tree,1,0.7047689459648517,0.7011995349641015,2020-02-02 01:00:00,2021-02-02 01:00:00,2021-02-02 01:00:00,367,1
493,2021-02-02 01:00:00,Random Forest,1,0.7047689459648517,0.7060466909464921,2020-02-02 01:00:00,2021-02-02 01:00:00,2021-02-02 01:00:00,367,1
494,2021-02-02 01:00:00,Neural Network,1,0.7047689459648517,0.8730703551449132,2020-02-02 01:00:00,2021-02-02 01:00:00,2021-02-02 01:00:00,367,1
495,2021-02-02 01:00:00,Naive,1,0.7047689459648517,0.36407635427304996,2020-02-02 01:00:00,2021-02-02 01:00:00,2021-02-02 01:00:00,367,1
496,2021-02-03 01:00:00,Decision Tree,1,-0.2902923559452379,-0.29224833936718475,2020-02-03 01:00:00,2021-02-03 01:00:00,2021-02-03 01:00:00,367,1
497,2021-02-03 01:00:00,Random Forest,1,-0.2902923559452379,-0.295361724943564,2020-02-03 01:00:00,2021-02-03 01:00:00,2021-02-03 01:00:00,367,1
498,2021-02-03 01:00:00,Neural Network,1,-0.2902923559452379,0.02132604320947795,2020-02-03 01:00:00,2021-02-03 01:00:00,2021-02-03 01:00:00,367,1
499,2021-02-03 01:00:00,Naive,1,-0.2902923559452379,0.7047689459648517,2020-02-03 01:00:00,2021-02-03 01:00:00,2021-02-03 01:00:00,367,1
500,2021-02-04 01:00:00,Decision Tree,1,-0.13986859596333528,-0.22103440395705104,2020-02-04 01:00:00,2021-02-04 01:00:00,2021-02-04 01:00:00,367,1
501,2021-02-04 01:00:00,Random Forest,1,-0.13986859596333528,-0.19350049095239963,2020-02-04 01:00:00,2021-02-04 01:00:00,2021-02-04 01:00:00,367,1
502,2021-02-04 01:00:00,Neural Network,1,-0.13986859596333528,-0.30663404684794027,2020-02-04 01:00:00,2021-02-04 01:00:00,2021-02-04 01:00:00,367,1
503,2021-02-04 01:00:00,Naive,1,-0.13986859596333528,-0.2902923559452379,2020-02-04 01:00:00,2021-02-04 01:00:00,2021-02-04 01:00:00,367,1
504,2021-02-05 01:00:00,Decision Tree,1,0.639344043646036,0.5478237142301726,2020-02-05 01:00:00,2021-02-05 01:00:00,2021-02-05 01:00:00,367,1
505,2021-02-05 01:00:00,Random Forest,1,0.639344043646036,0.620808005733665,2020-02-05 01:00:00,2021-02-05 01:00:00,2021-02-05 01:00:00,367,1
506,2021-02-05 01:00:00,Neural Network,1,0.639344043646036,0.5621782505878852,2020-02-05 01:00:00,2021-02-05 01:00:00,2021-02-05 01:00:00,367,1
507,2021-02-05 01:00:00,Naive,1,0.639344043646036,-0.13986859596333528,2020-02-05 01:00:00,2021-02-05 01:00:00,2021-02-05 01:00:00,367,1
508,2021-02-06 01:00:00,Decision Tree,1,0.29103642493457194,0.25290575762978645,2020-02-06 01:00:00,2021-02-06 01:00:00,2021-02-06 01:00:00,367,1
509,2021-02-06 01:00:00,Random Forest,1,0.29103642493457194,0.2630098665040221,2020-02-06 01:00:00,2021-02-06 01:00:00,2021-02-06 01:00:00,367,1
510,2021-02-06 01:00:00,Neural Network,1,0.29103642493457194,0.08364061487370655,2020-02-06 01:00:00,2021-02-06 01:00:00,2021-02-06 01:00:00,367,1
511,2021-02-06 01:00:00,Naive,1,0.29103642493457194,0.639344043646036,2020-02-06 01:00:00,2021-02-06 01:00:00,2021-02-06 01:00:00,367,1
512,2021-02-07 01:00:00,Decision Tree,1,-1.7718999593526619,-1.6992737167197587,2020-02-07 01:00:00,2021-02-07 01:00:00,2021-02-07 01:00:00,367,1
513,2021-02-07 01:00:00,Random Forest,1,-1.7718999593526619,-1.727590252010636,2020-02-07 01:00:00,2021-02-07 01:00:00,2021-02-07 01:00:00,367,1
514,2021-02-07 01:00:00,Neural Network,1,-1.7718999593526619,-1.1781137402101178,2020-02-07 01:00:00,2021-02-07 01:00:00,2021-02-07 01:00:00,367,1
515,2021-02-07 01:00:00,Naive,1,-1.7718999593526619,0.29103642493457194,2020-02-07 01:00:00,2021-02-07 01:00:00,2021-02-07 01:00:00,367,1
516,2021-02-08 01:00:00,Decision Tree,1,-1.600268046898468,-1.546565830549542,2020-02-08 01:00:00,2021-02-08 01:00:00,2021-02-08 01:00:00,367,1
517,2021-02-08 01:00:00,Random Forest,1,-1.600268046898468,-1.5372700490650282,2020-02-08 01:00:00,2021-02-08 01:00:00,2021-02-08 01:00:00,367,1
518,2021-02-08 01:00:00,Neural Network,1,-1.600268046898468,-1.3688785903889527,2020-02-08 01:00:00,2021-02-08 01:00:00,2021-02-08 01:00:00,367,1
519,2021-02-08 01:00:00,Naive,1,-1.600268046898468,-1.7718999593526619,2020-02-08 01:00:00,2021-02-08 01:00:00,2021-02-08 01:00:00,367,1
520,2021-02-09 01:00:00,Decision Tree,1,0.8217677300027858,0.6947233038177333,2020-02-09 01:00:00,2021-02-09 01:00:00,2021-02-09 01:00:00,367,1
521,2021-02-09 01:00:00,Random Forest,1,0.8217677300027858,0.7540506188496414,2020-02-09 01:00:00,2021-02-09 01:00:00,2021-02-09 01:00:00,367,1
522,2021-02-09 01:00:00,Neural Network,1,0.8217677300027858,0.5921216585454129,2020-02-09 01:00:00,2021-02-09 01:00:00,2021-02-09 01:00:00,367,1
523,2021-02-09 01:00:00,Naive,1,0.8217677300027858,-1.600268046898468,2020-02-09 01:00:00,2021-02-09 01:00:00,2021-02-09 01:00:00,367,1
524,2021-02-10 01:00:00,Decision Tree,1,0.9577070920589597,1.0709353606635506,2020-02-10 01:00:00,2021-02-10 01:00:00,2021-02-10 01:00:00,367,1
525,2021-02-10 01:00:00,Random Forest,1,0.9577070920589597,0.9864847147314011,2020-02-10 01:00:00,2021-02-10 01:00:00,2021-02-10 01:00:00,367,1
526,2021-02-10 01:00:00,Neural Network,1,0.9577070920589597,0.8954360346507771,2020-02-10 01:00:00,2021-02-10 01:00:00,2021-02-10 01:00:00,367,1
527,2021-02-10 01:00:00,Naive,1,0.9577070920589597,0.8217677300027858,2020-02-10 01:00:00,2021-02-10 01:00:00,2021-02-10 01:00:00,367,1
528,2021-02-11 01:00:00,Decision Tree,1,1.1301457907689672,1.0709353606635506,2020-02-11 01:00:00,2021-02-11 01:00:00,2021-02-11 01:00:00,367,1
529,2021-02-11 01:00:00,Random Forest,1,1.1301457907689672,1.0542220375778402,2020-02-11 01:00:00,2021-02-11 01:00:00,2021-02-11 01:00:00,367,1
530,2021-02-11 01:00:00,Neural Network,1,1.1301457907689672,1.0822169996809317,2020-02-11 01:00:00,2021-02-11 01:00:00,2021-02-11 01:00:00,367,1
531,2021-02-11 01:00:00,Naive,1,1.1301457907689672,0.9577070920589597,2020-02-11 01:00:00,2021-02-11 01:00:00,2021-02-11 01:00:00,367,1
532,2021-02-12 01:00:00,Decision Tree,1,0.931738534325956,0.9050522293235611,2020-02-12 01:00:00,2021-02-12 01:00:00,2021-02-12 01:00:00,367,1
533,2021-02-12 01:00:00,Random Forest,1,0.931738534325956,0.9233679654447936,2020-02-12 01:00:00,2021-02-12 01:00:00,2021-02-12 01:00:00,367,1
534,2021-02-12 01:00:00,Neural Network,1,0.931738534325956,0.938377346637135,2020-02-12 01:00:00,2021-02-12 01:00:00,2021-02-12 01:00:00,367,1
535,2021-02-12 01:00:00,Naive,1,0.931738534325956,1.1301457907689672,2020-02-12 01:00:00,2021-02-12 01:00:00,2021-02-12 01:00:00,367,1
536,2021-02-13 01:00:00,Decision Tree,1,0.8240000131302464,0.7370846095589922,2020-02-13 01:00:00,2021-02-13 01:00:00,2021-02-13 01:00:00,367,1
537,2021-02-13 01:00:00,Random Forest,1,0.8240000131302464,0.8396502306124419,2020-02-13 01:00:00,2021-02-13 01:00:00,2021-02-13 01:00:00,367,1
538,2021-02-13 01:00:00,Neural Network,1,0.8240000131302464,0.9184278048289739,2020-02-13 01:00:00,2021-02-13 01:00:00,2021-02-13 01:00:00,367,1
539,2021-02-13 01:00:00,Naive,1,0.8240000131302464,0.931738534325956,2020-02-13 01:00:00,2021-02-13 01:00:00,2021-02-13 01:00:00,367,1
540,2021-02-14 01:00:00,Decision Tree,1,0.6721670352636396,0.690515192725153,2020-02-14 01:00:00,2021-02-14 01:00:00,2021-02-14 01:00:00,367,1
541,2021-02-14 01:00:00,Random Forest,1,0.6721670352636396,0.68702961024681,2020-02-14 01:00:00,2021-02-14 01:00:00,2021-02-14 01:00:00,367,1
542,2021-02-14 01:00:00,Neural Network,1,0.6721670352636396,0.667549330721546,2020-02-14 01:00:00,2021-02-14 01:00:00,2021-02-14 01:00:00,367,1
543,2021-02-14 01:00:00,Naive,1,0.6721670352636396,0.8240000131302464,2020-02-14 01:00:00,2021-02-14 01:00:00,2021-02-14 01:00:00,367,1
544,2021-02-15 01:00:00,Decision Tree,1,0.14780287954332547,0.1202557273526924,2020-02-15 01:00:00,2021-02-15 01:00:00,2021-02-15 01:00:00,367,1
545,2021-02-15 01:00:00,Random Forest,1,0.14780287954332547,0.12576158134857038,2020-02-15 01:00:00,2021-02-15 01:00:00,2021-02-15 01:00:00,367,1
546,2021-02-15 01:00:00,Neural Network,1,0.14780287954332547,0.007760453924594235,2020-02-15 01:00:00,2021-02-15 01:00:00,2021-02-15 01:00:00,367,1
547,2021-02-15 01:00:00,Naive,1,0.14780287954332547,0.6721670352636396,2020-02-15 01:00:00,2021-02-15 01:00:00,2021-02-15 01:00:00,367,1
548,2021-02-16 01:00:00,Decision Tree,1,0.6507342526272077,0.6806891125747693,2020-02-16 01:00:00,2021-02-16 01:00:00,2021-02-16 01:00:00,367,1
549,2021-02-16 01:00:00,Random Forest,1,0.6507342526272077,0.6709279643121507,2020-02-16 01:00:00,2021-02-16 01:00:00,2021-02-16 01:00:00,367,1
550,2021-02-16 01:00:00,Neural Network,1,0.6507342526272077,0.643662176923095,2020-02-16 01:00:00,2021-02-16 01:00:00,2021-02-16 01:00:00,367,1
551,2021-02-16 01:00:00,Naive,1,0.6507342526272077,0.14780287954332547,2020-02-16 01:00:00,2021-02-16 01:00:00,2021-02-16 01:00:00,367,1
552,2021-02-17 01:00:00,Decision Tree,1,0.45580994988483053,0.3928027127767035,2020-02-17 01:00:00,2021-02-17 01:00:00,2021-02-17 01:00:00,367,1
553,2021-02-17 01:00:00,Random Forest,1,0.45580994988483053,0.42300075304237417,2020-02-17 01:00:00,2021-02-17 01:00:00,2021-02-17 01:00:00,367,1
554,2021-02-17 01:00:00,Neural Network,1,0.45580994988483053,0.1712219617747296,2020-02-17 01:00:00,2021-02-17 01:00:00,2021-02-17 01:00:00,367,1
555,2021-02-17 01:00:00,Naive,1,0.45580994988483053,0.6507342526272077,2020-02-17 01:00:00,2021-02-17 01:00:00,2021-02-17 01:00:00,367,1
556,2021-02-18 01:00:00,Decision Tree,1,0.431283407476123,0.42634382280926164,2020-02-18 01:00:00,2021-02-18 01:00:00,2021-02-18 01:00:00,367,1
557,2021-02-18 01:00:00,Random Forest,1,0.431283407476123,0.4035117341895844,2020-02-18 01:00:00,2021-02-18 01:00:00,2021-02-18 01:00:00,367,1
558,2021-02-18 01:00:00,Neural Network,1,0.431283407476123,0.40526450057803876,2020-02-18 01:00:00,2021-02-18 01:00:00,2021-02-18 01:00:00,367,1
559,2021-02-18 01:00:00,Naive,1,0.431283407476123,0.45580994988483053,2020-02-18 01:00:00,2021-02-18 01:00:00,2021-02-18 01:00:00,367,1
560,2021-02-19 01:00:00,Decision Tree,1,0.13678375971947737,0.11766900721315092,2020-02-19 01:00:00,2021-02-19 01:00:00,2021-02-19 01:00:00,367,1
561,2021-02-19 01:00:00,Random Forest,1,0.13678375971947737,0.12366532509848999,2020-02-19 01:00:00,2021-02-19 01:00:00,2021-02-19 01:00:00,367,1
562,2021-02-19 01:00:00,Neural Network,1,0.13678375971947737,-0.05166747240342634,2020-02-19 01:00:00,2021-02-19 01:00:00,2021-02-19 01:00:00,367,1
563,2021-02-19 01:00:00,Naive,1,0.13678375971947737,0.431283407476123,2020-02-19 01:00:00,2021-02-19 01:00:00,2021-02-19 01:00:00,367,1
564,2021-02-20 01:00:00,Decision Tree,1,0.1854795437335411,0.11979286860274274,2020-02-20 01:00:00,2021-02-20 01:00:00,2021-02-20 01:00:00,367,1
565,2021-02-20 01:00:00,Random Forest,1,0.1854795437335411,0.14279430970453932,2020-02-20 01:00:00,2021-02-20 01:00:00,2021-02-20 01:00:00,367,1
566,2021-02-20 01:00:00,Neural Network,1,0.1854795437335411,0.2928125297160814,2020-02-20 01:00:00,2021-02-20 01:00:00,2021-02-20 01:00:00,367,1
567,2021-02-20 01:00:00,Naive,1,0.1854795437335411,0.13678375971947737,2020-02-20 01:00:00,2021-02-20 01:00:00,2021-02-20 01:00:00,367,1
568,2021-02-21 01:00:00,Decision Tree,1,-1.1437305101327448,-1.1089825502815842,2020-02-21 01:00:00,2021-02-21 01:00:00,2021-02-21 01:00:00,367,1
569,2021-02-21 01:00:00,Random Forest,1,-1.1437305101327448,-1.1000691444765767,2020-02-21 01:00:00,2021-02-21 01:00:00,2021-02-21 01:00:00,367,1
570,2021-02-21 01:00:00,Neural Network,1,-1.1437305101327448,-1.0308608138777666,2020-02-21 01:00:00,2021-02-21 01:00:00,2021-02-21 01:00:00,367,1
571,2021-02-21 01:00:00,Naive,1,-1.1437305101327448,0.1854795437335411,2020-02-21 01:00:00,2021-02-21 01:00:00,2021-02-21 01:00:00,367,1
572,2021-02-22 01:00:00,Decision Tree,1,0.3190842015119652,0.32376575917927547,2020-02-22 01:00:00,2021-02-22 01:00:00,2021-02-22 01:00:00,367,1
573,2021-02-22 01:00:00,Random Forest,1,0.3190842015119652,0.32615357423365055,2020-02-22 01:00:00,2021-02-22 01:00:00,2021-02-22 01:00:00,367,1
574,2021-02-22 01:00:00,Neural Network,1,0.3190842015119652,0.31715548827789863,2020-02-22 01:00:00,2021-02-22 01:00:00,2021-02-22 01:00:00,367,1
575,2021-02-22 01:00:00,Naive,1,0.3190842015119652,-1.1437305101327448,2020-02-22 01:00:00,2021-02-22 01:00:00,2021-02-22 01:00:00,367,1
576,2021-02-23 01:00:00,Decision Tree,1,0.37061772954733607,0.4358807059250823,2020-02-23 01:00:00,2021-02-23 01:00:00,2021-02-23 01:00:00,367,1
577,2021-02-23 01:00:00,Random Forest,1,0.37061772954733607,0.36546360226678554,2020-02-23 01:00:00,2021-02-23 01:00:00,2021-02-23 01:00:00,367,1
578,2021-02-23 01:00:00,Neural Network,1,0.37061772954733607,0.40752206412106373,2020-02-23 01:00:00,2021-02-23 01:00:00,2021-02-23 01:00:00,367,1
579,2021-02-23 01:00:00,Naive,1,0.37061772954733607,0.3190842015119652,2020-02-23 01:00:00,2021-02-23 01:00:00,2021-02-23 01:00:00,367,1
580,2021-02-24 01:00:00,Decision Tree,1,-0.9772779421716344,-0.9389897501927941,2020-02-24 01:00:00,2021-02-24 01:00:00,2021-02-24 01:00:00,367,1
581,2021-02-24 01:00:00,Random Forest,1,-0.9772779421716344,-0.9440048011696931,2020-02-24 01:00:00,2021-02-24 01:00:00,2021-02-24 01:00:00,367,1
582,2021-02-24 01:00:00,Neural Network,1,-0.9772779421716344,-0.7307859241516088,2020-02-24 01:00:00,2021-02-24 01:00:00,2021-02-24 01:00:00,367,1
583,2021-02-24 01:00:00,Naive,1,-0.9772779421716344,0.37061772954733607,2020-02-24 01:00:00,2021-02-24 01:00:00,2021-02-24 01:00:00,367,1
584,2021-02-25 01:00:00,Decision Tree,1,-0.009228932973527114,-0.034184339104658075,2020-02-25 01:00:00,2021-02-25 01:00:00,2021-02-25 01:00:00,367,1
585,2021-02-25 01:00:00,Random Forest,1,-0.009228932973527114,-0.055544107582231245,2020-02-25 01:00:00,2021-02-25 01:00:00,2021-02-25 01:00:00,367,1
586,2021-02-25 01:00:00,Neural Network,1,-0.009228932973527114,0.11885742278319666,2020-02-25 01:00:00,2021-02-25 01:00:00,2021-02-25 01:00:00,367,1
587,2021-02-25 01:00:00,Naive,1,-0.009228932973527114,-0.9772779421716344,2020-02-25 01:00:00,2021-02-25 01:00:00,2021-02-25 01:00:00,367,1
588,2021-02-26 01:00:00,Decision Tree,1,0.488167288036296,0.425003543195458,2020-02-26 01:00:00,2021-02-26 01:00:00,2021-02-26 01:00:00,367,1
589,2021-02-26 01:00:00,Random Forest,1,0.488167288036296,0.4441771919641162,2020-02-26 01:00:00,2021-02-26 01:00:00,2021-02-26 01:00:00,367,1
590,2021-02-26 01:00:00,Neural Network,1,0.488167288036296,0.49666211605698773,2020-02-26 01:00:00,2021-02-26 01:00:00,2021-02-26 01:00:00,367,1
591,2021-02-26 01:00:00,Naive,1,0.488167288036296,-0.009228932973527114,2020-02-26 01:00:00,2021-02-26 01:00:00,2021-02-26 01:00:00,367,1
592,2021-02-27 01:00:00,Decision Tree,1,0.3966682502797252,0.425003543195458,2020-02-27 01:00:00,2021-02-27 01:00:00,2021-02-27 01:00:00,367,1
593,2021-02-27 01:00:00,Random Forest,1,0.3966682502797252,0.38552398717900344,2020-02-27 01:00:00,2021-02-27 01:00:00,2021-02-27 01:00:00,367,1
594,2021-02-27 01:00:00,Neural Network,1,0.3966682502797252,0.474535970012124,2020-02-27 01:00:00,2021-02-27 01:00:00,2021-02-27 01:00:00,367,1
595,2021-02-27 01:00:00,Naive,1,0.3966682502797252,0.488167288036296,2020-02-27 01:00:00,2021-02-27 01:00:00,2021-02-27 01:00:00,367,1
596,2021-02-28 01:00:00,Decision Tree,1,0.36805783796077424,0.42095564420749626,2020-02-28 01:00:00,2021-02-28 01:00:00,2021-02-28 01:00:00,367,1
597,2021-02-28 01:00:00,Random Forest,1,0.36805783796077424,0.37758509541675056,2020-02-28 01:00:00,2021-02-28 01:00:00,2021-02-28 01:00:00,367,1
598,2021-02-28 01:00:00,Neural Network,1,0.36805783796077424,0.5425754998374391,2020-02-28 01:00:00,2021-02-28 01:00:00,2021-02-28 01:00:00,367,1
599,2021-02-28 01:00:00,Naive,1,0.36805783796077424,0.3966682502797252,2020-02-28 01:00:00,2021-02-28 01:00:00,2021-02-28 01:00:00,367,1
600,2021-03-01 01:00:00,Decision Tree,1,0.429653372696011,0.38009718201569886,2020-03-01 01:00:00,2021-03-01 01:00:00,2021-03-01 01:00:00,366,1
601,2021-03-01 01:00:00,Random Forest,1,0.429653372696011,0.38620047061516,2020-03-01 01:00:00,2021-03-01 01:00:00,2021-03-01 01:00:00,366,1
602,2021-03-01 01:00:00,Neural Network,1,0.429653372696011,0.33196936270871663,2020-03-01 01:00:00,2021-03-01 01:00:00,2021-03-01 01:00:00,366,1
603,2021-03-01 01:00:00,Naive,1,0.429653372696011,0.36805783796077424,2020-03-01 01:00:00,2021-03-01 01:00:00,2021-03-01 01:00:00,366,1
604,2021-03-02 01:00:00,Decision Tree,1,0.6262186116559895,0.6769447550813242,2020-03-02 01:00:00,2021-03-02 01:00:00,2021-03-02 01:00:00,366,1
605,2021-03-02 01:00:00,Random Forest,1,0.6262186116559895,0.6536667371607938,2020-03-02 01:00:00,2021-03-02 01:00:00,2021-03-02 01:00:00,366,1
606,2021-03-02 01:00:00,Neural Network,1,0.6262186116559895,0.6366660115594439,2020-03-02 01:00:00,2021-03-02 01:00:00,2021-03-02 01:00:00,366,1
607,2021-03-02 01:00:00,Naive,1,0.6262186116559895,0.429653372696011,2020-03-02 01:00:00,2021-03-02 01:00:00,2021-03-02 01:00:00,366,1
608,2021-03-03 01:00:00,Decision Tree,1,0.6776861298762646,0.7611241449465769,2020-03-03 01:00:00,2021-03-03 01:00:00,2021-03-03 01:00:00,366,1
609,2021-03-03 01:00:00,Random Forest,1,0.6776861298762646,0.6996446963491104,2020-03-03 01:00:00,2021-03-03 01:00:00,2021-03-03 01:00:00,366,1
610,2021-03-03 01:00:00,Neural Network,1,0.6776861298762646,0.7567061928267944,2020-03-03 01:00:00,2021-03-03 01:00:00,2021-03-03 01:00:00,366,1
611,2021-03-03 01:00:00,Naive,1,0.6776861298762646,0.6262186116559895,2020-03-03 01:00:00,2021-03-03 01:00:00,2021-03-03 01:00:00,366,1
612,2021-03-04 01:00:00,Decision Tree,1,0.762660918241712,0.7609308229920712,2020-03-04 01:00:00,2021-03-04 01:00:00,2021-03-04 01:00:00,366,1
613,2021-03-04 01:00:00,Random Forest,1,0.762660918241712,0.7161336622885196,2020-03-04 01:00:00,2021-03-04 01:00:00,2021-03-04 01:00:00,366,1
614,2021-03-04 01:00:00,Neural Network,1,0.762660918241712,0.6442265696237042,2020-03-04 01:00:00,2021-03-04 01:00:00,2021-03-04 01:00:00,366,1
615,2021-03-04 01:00:00,Naive,1,0.762660918241712,0.6776861298762646,2020-03-04 01:00:00,2021-03-04 01:00:00,2021-03-04 01:00:00,366,1
616,2021-03-05 01:00:00,Decision Tree,1,0.6443790256035782,0.6532300146138275,2020-03-05 01:00:00,2021-03-05 01:00:00,2021-03-05 01:00:00,366,1
617,2021-03-05 01:00:00,Random Forest,1,0.6443790256035782,0.6480013728917503,2020-03-05 01:00:00,2021-03-05 01:00:00,2021-03-05 01:00:00,366,1
618,2021-03-05 01:00:00,Neural Network,1,0.6443790256035782,0.6436315294002057,2020-03-05 01:00:00,2021-03-05 01:00:00,2021-03-05 01:00:00,366,1
619,2021-03-05 01:00:00,Naive,1,0.6443790256035782,0.762660918241712,2020-03-05 01:00:00,2021-03-05 01:00:00,2021-03-05 01:00:00,366,1
620,2021-03-06 01:00:00,Decision Tree,1,0.741059907270564,0.7612191722003446,2020-03-06 01:00:00,2021-03-06 01:00:00,2021-03-06 01:00:00,366,1
621,2021-03-06 01:00:00,Random Forest,1,0.741059907270564,0.7320115498967324,2020-03-06 01:00:00,2021-03-06 01:00:00,2021-03-06 01:00:00,366,1
622,2021-03-06 01:00:00,Neural Network,1,0.741059907270564,0.6865180727632394,2020-03-06 01:00:00,2021-03-06 01:00:00,2021-03-06 01:00:00,366,1
623,2021-03-06 01:00:00,Naive,1,0.741059907270564,0.6443790256035782,2020-03-06 01:00:00,2021-03-06 01:00:00,2021-03-06 01:00:00,366,1
624,2021-03-07 01:00:00,Decision Tree,1,0.47524864521595545,0.41896316544839496,2020-03-07 01:00:00,2021-03-07 01:00:00,2021-03-07 01:00:00,366,1
625,2021-03-07 01:00:00,Random Forest,1,0.47524864521595545,0.4393513572556919,2020-03-07 01:00:00,2021-03-07 01:00:00,2021-03-07 01:00:00,366,1
626,2021-03-07 01:00:00,Neural Network,1,0.47524864521595545,0.527035549517312,2020-03-07 01:00:00,2021-03-07 01:00:00,2021-03-07 01:00:00,366,1
627,2021-03-07 01:00:00,Naive,1,0.47524864521595545,0.741059907270564,2020-03-07 01:00:00,2021-03-07 01:00:00,2021-03-07 01:00:00,366,1
628,2021-03-08 01:00:00,Decision Tree,1,0.7177544726649916,0.758339277210376,2020-03-08 01:00:00,2021-03-08 01:00:00,2021-03-08 01:00:00,366,1
629,2021-03-08 01:00:00,Random Forest,1,0.7177544726649916,0.7131766033134345,2020-03-08 01:00:00,2021-03-08 01:00:00,2021-03-08 01:00:00,366,1
630,2021-03-08 01:00:00,Neural Network,1,0.7177544726649916,0.5657795924563447,2020-03-08 01:00:00,2021-03-08 01:00:00,2021-03-08 01:00:00,366,1
631,2021-03-08 01:00:00,Naive,1,0.7177544726649916,0.47524864521595545,2020-03-08 01:00:00,2021-03-08 01:00:00,2021-03-08 01:00:00,366,1
632,2021-03-09 01:00:00,Decision Tree,1,0.7857892939550133,0.7532661766422029,2020-03-09 01:00:00,2021-03-09 01:00:00,2021-03-09 01:00:00,366,1
633,2021-03-09 01:00:00,Random Forest,1,0.7857892939550133,0.7652992939685571,2020-03-09 01:00:00,2021-03-09 01:00:00,2021-03-09 01:00:00,366,1
634,2021-03-09 01:00:00,Neural Network,1,0.7857892939550133,0.70157380059613,2020-03-09 01:00:00,2021-03-09 01:00:00,2021-03-09 01:00:00,366,1
635,2021-03-09 01:00:00,Naive,1,0.7857892939550133,0.7177544726649916,2020-03-09 01:00:00,2021-03-09 01:00:00,2021-03-09 01:00:00,366,1
636,2021-03-10 01:00:00,Decision Tree,1,1.1111716339727338,1.104733660121821,2020-03-10 01:00:00,2021-03-10 01:00:00,2021-03-10 01:00:00,366,1
637,2021-03-10 01:00:00,Random Forest,1,1.1111716339727338,1.1038901143965074,2020-03-10 01:00:00,2021-03-10 01:00:00,2021-03-10 01:00:00,366,1
638,2021-03-10 01:00:00,Neural Network,1,1.1111716339727338,1.0515082504469575,2020-03-10 01:00:00,2021-03-10 01:00:00,2021-03-10 01:00:00,366,1
639,2021-03-10 01:00:00,Naive,1,1.1111716339727338,0.7857892939550133,2020-03-10 01:00:00,2021-03-10 01:00:00,2021-03-10 01:00:00,366,1
640,2021-03-11 01:00:00,Decision Tree,1,-1.725802203328772,-1.6451019980938644,2020-03-11 01:00:00,2021-03-11 01:00:00,2021-03-11 01:00:00,366,1
641,2021-03-11 01:00:00,Random Forest,1,-1.725802203328772,-1.658087650768732,2020-03-11 01:00:00,2021-03-11 01:00:00,2021-03-11 01:00:00,366,1
642,2021-03-11 01:00:00,Neural Network,1,-1.725802203328772,-1.7438989091241477,2020-03-11 01:00:00,2021-03-11 01:00:00,2021-03-11 01:00:00,366,1
643,2021-03-11 01:00:00,Naive,1,-1.725802203328772,1.1111716339727338,2020-03-11 01:00:00,2021-03-11 01:00:00,2021-03-11 01:00:00,366,1
644,2021-03-12 01:00:00,Decision Tree,1,-1.2014168595393597,-1.1980869581000921,2020-03-12 01:00:00,2021-03-12 01:00:00,2021-03-12 01:00:00,366,1
645,2021-03-12 01:00:00,Random Forest,1,-1.2014168595393597,-1.1770355536437653,2020-03-12 01:00:00,2021-03-12 01:00:00,2021-03-12 01:00:00,366,1
646,2021-03-12 01:00:00,Neural Network,1,-1.2014168595393597,-1.2568060777444223,2020-03-12 01:00:00,2021-03-12 01:00:00,2021-03-12 01:00:00,366,1
647,2021-03-12 01:00:00,Naive,1,-1.2014168595393597,-1.725802203328772,2020-03-12 01:00:00,2021-03-12 01:00:00,2021-03-12 01:00:00,366,1
648,2021-03-13 01:00:00,Decision Tree,1,-0.7611228522104321,-0.717509605941922,2020-03-13 01:00:00,2021-03-13 01:00:00,2021-03-13 01:00:00,366,1
649,2021-03-13 01:00:00,Random Forest,1,-0.7611228522104321,-0.7348792012904661,2020-03-13 01:00:00,2021-03-13 01:00:00,2021-03-13 01:00:00,366,1
650,2021-03-13 01:00:00,Neural Network,1,-0.7611228522104321,-0.9054534820711991,2020-03-13 01:00:00,2021-03-13 01:00:00,2021-03-13 01:00:00,366,1
651,2021-03-13 01:00:00,Naive,1,-0.7611228522104321,-1.2014168595393597,2020-03-13 01:00:00,2021-03-13 01:00:00,2021-03-13 01:00:00,366,1
652,2021-03-14 01:00:00,Decision Tree,1,-1.801170452339692,-1.7786713201557511,2020-03-14 01:00:00,2021-03-14 01:00:00,2021-03-14 01:00:00,366,1
653,2021-03-14 01:00:00,Random Forest,1,-1.801170452339692,-1.7907794335381182,2020-03-14 01:00:00,2021-03-14 01:00:00,2021-03-14 01:00:00,366,1
654,2021-03-14 01:00:00,Neural Network,1,-1.801170452339692,-2.0386803229184207,2020-03-14 01:00:00,2021-03-14 01:00:00,2021-03-14 01:00:00,366,1
655,2021-03-14 01:00:00,Naive,1,-1.801170452339692,-0.7611228522104321,2020-03-14 01:00:00,2021-03-14 01:00:00,2021-03-14 01:00:00,366,1
656,2021-03-15 01:00:00,Decision Tree,1,0.11928572733554843,0.14564470795146425,2020-03-15 01:00:00,2021-03-15 01:00:00,2021-03-15 01:00:00,366,1
657,2021-03-15 01:00:00,Random Forest,1,0.11928572733554843,0.10777918217253574,2020-03-15 01:00:00,2021-03-15 01:00:00,2021-03-15 01:00:00,366,1
658,2021-03-15 01:00:00,Neural Network,1,0.11928572733554843,-0.22381172519267994,2020-03-15 01:00:00,2021-03-15 01:00:00,2021-03-15 01:00:00,366,1
659,2021-03-15 01:00:00,Naive,1,0.11928572733554843,-1.801170452339692,2020-03-15 01:00:00,2021-03-15 01:00:00,2021-03-15 01:00:00,366,1
660,2021-03-16 01:00:00,Decision Tree,1,0.6631681865985879,0.6886609081270839,2020-03-16 01:00:00,2021-03-16 01:00:00,2021-03-16 01:00:00,366,1
661,2021-03-16 01:00:00,Random Forest,1,0.6631681865985879,0.6792030786565468,2020-03-16 01:00:00,2021-03-16 01:00:00,2021-03-16 01:00:00,366,1
662,2021-03-16 01:00:00,Neural Network,1,0.6631681865985879,0.6031218880159699,2020-03-16 01:00:00,2021-03-16 01:00:00,2021-03-16 01:00:00,366,1
663,2021-03-16 01:00:00,Naive,1,0.6631681865985879,0.11928572733554843,2020-03-16 01:00:00,2021-03-16 01:00:00,2021-03-16 01:00:00,366,1
664,2021-03-17 01:00:00,Decision Tree,1,0.7019265008052402,0.7568798563436263,2020-03-17 01:00:00,2021-03-17 01:00:00,2021-03-17 01:00:00,366,1
665,2021-03-17 01:00:00,Random Forest,1,0.7019265008052402,0.7227410078347717,2020-03-17 01:00:00,2021-03-17 01:00:00,2021-03-17 01:00:00,366,1
666,2021-03-17 01:00:00,Neural Network,1,0.7019265008052402,0.5919367255588633,2020-03-17 01:00:00,2021-03-17 01:00:00,2021-03-17 01:00:00,366,1
667,2021-03-17 01:00:00,Naive,1,0.7019265008052402,0.6631681865985879,2020-03-17 01:00:00,2021-03-17 01:00:00,2021-03-17 01:00:00,366,1
668,2021-03-18 01:00:00,Decision Tree,1,0.9296107683498398,0.9176546432346719,2020-03-18 01:00:00,2021-03-18 01:00:00,2021-03-18 01:00:00,366,1
669,2021-03-18 01:00:00,Random Forest,1,0.9296107683498398,0.9661985103212377,2020-03-18 01:00:00,2021-03-18 01:00:00,2021-03-18 01:00:00,366,1
670,2021-03-18 01:00:00,Neural Network,1,0.9296107683498398,0.9322879337648429,2020-03-18 01:00:00,2021-03-18 01:00:00,2021-03-18 01:00:00,366,1
671,2021-03-18 01:00:00,Naive,1,0.9296107683498398,0.7019265008052402,2020-03-18 01:00:00,2021-03-18 01:00:00,2021-03-18 01:00:00,366,1
672,2021-03-19 01:00:00,Decision Tree,1,1.2367241790826482,1.128610457012135,2020-03-19 01:00:00,2021-03-19 01:00:00,2021-03-19 01:00:00,366,1
673,2021-03-19 01:00:00,Random Forest,1,1.2367241790826482,1.1163716712598928,2020-03-19 01:00:00,2021-03-19 01:00:00,2021-03-19 01:00:00,366,1
674,2021-03-19 01:00:00,Neural Network,1,1.2367241790826482,1.2056688895628704,2020-03-19 01:00:00,2021-03-19 01:00:00,2021-03-19 01:00:00,366,1
675,2021-03-19 01:00:00,Naive,1,1.2367241790826482,0.9296107683498398,2020-03-19 01:00:00,2021-03-19 01:00:00,2021-03-19 01:00:00,366,1
676,2021-03-20 01:00:00,Decision Tree,1,1.2140269052955068,1.1466294106905537,2020-03-20 01:00:00,2021-03-20 01:00:00,2021-03-20 01:00:00,366,1
677,2021-03-20 01:00:00,Random Forest,1,1.2140269052955068,1.167316029708008,2020-03-20 01:00:00,2021-03-20 01:00:00,2021-03-20 01:00:00,366,1
678,2021-03-20 01:00:00,Neural Network,1,1.2140269052955068,1.1198354137009368,2020-03-20 01:00:00,2021-03-20 01:00:00,2021-03-20 01:00:00,366,1
679,2021-03-20 01:00:00,Naive,1,1.2140269052955068,1.2367241790826482,2020-03-20 01:00:00,2021-03-20 01:00:00,2021-03-20 01:00:00,366,1
680,2021-03-21 01:00:00,Decision Tree,1,-0.4791644097720943,-0.48009565961928036,2020-03-21 01:00:00,2021-03-21 01:00:00,2021-03-21 01:00:00,366,1
681,2021-03-21 01:00:00,Random Forest,1,-0.4791644097720943,-0.4753641642513429,2020-03-21 01:00:00,2021-03-21 01:00:00,2021-03-21 01:00:00,366,1
682,2021-03-21 01:00:00,Neural Network,1,-0.4791644097720943,-0.5363806000724078,2020-03-21 01:00:00,2021-03-21 01:00:00,2021-03-21 01:00:00,366,1
683,2021-03-21 01:00:00,Naive,1,-0.4791644097720943,1.2140269052955068,2020-03-21 01:00:00,2021-03-21 01:00:00,2021-03-21 01:00:00,366,1
684,2021-03-22 01:00:00,Decision Tree,1,0.8812273616783829,0.8560076571020496,2020-03-22 01:00:00,2021-03-22 01:00:00,2021-03-22 01:00:00,366,1
685,2021-03-22 01:00:00,Random Forest,1,0.8812273616783829,0.9023069186951079,2020-03-22 01:00:00,2021-03-22 01:00:00,2021-03-22 01:00:00,366,1
686,2021-03-22 01:00:00,Neural Network,1,0.8812273616783829,0.774984932126606,2020-03-22 01:00:00,2021-03-22 01:00:00,2021-03-22 01:00:00,366,1
687,2021-03-22 01:00:00,Naive,1,0.8812273616783829,-0.4791644097720943,2020-03-22 01:00:00,2021-03-22 01:00:00,2021-03-22 01:00:00,366,1
688,2021-03-23 01:00:00,Decision Tree,1,1.125809096850414,1.1562576242055471,2020-03-23 01:00:00,2021-03-23 01:00:00,2021-03-23 01:00:00,366,1
689,2021-03-23 01:00:00,Random Forest,1,1.125809096850414,1.1360088089974893,2020-03-23 01:00:00,2021-03-23 01:00:00,2021-03-23 01:00:00,366,1
690,2021-03-23 01:00:00,Neural Network,1,1.125809096850414,1.0726657808091722,2020-03-23 01:00:00,2021-03-23 01:00:00,2021-03-23 01:00:00,366,1
691,2021-03-23 01:00:00,Naive,1,1.125809096850414,0.8812273616783829,2020-03-23 01:00:00,2021-03-23 01:00:00,2021-03-23 01:00:00,366,1
692,2021-03-24 01:00:00,Decision Tree,1,0.800692987448051,0.8309896915601842,2020-03-24 01:00:00,2021-03-24 01:00:00,2021-03-24 01:00:00,366,1
693,2021-03-24 01:00:00,Random Forest,1,0.800692987448051,0.8281761416823104,2020-03-24 01:00:00,2021-03-24 01:00:00,2021-03-24 01:00:00,366,1
694,2021-03-24 01:00:00,Neural Network,1,0.800692987448051,0.7348212524402924,2020-03-24 01:00:00,2021-03-24 01:00:00,2021-03-24 01:00:00,366,1
695,2021-03-24 01:00:00,Naive,1,0.800692987448051,1.125809096850414,2020-03-24 01:00:00,2021-03-24 01:00:00,2021-03-24 01:00:00,366,1
696,2021-03-25 01:00:00,Decision Tree,1,0.9522681627055315,0.9273709442697106,2020-03-25 01:00:00,2021-03-25 01:00:00,2021-03-25 01:00:00,366,1
697,2021-03-25 01:00:00,Random Forest,1,0.9522681627055315,0.9635555251099261,2020-03-25 01:00:00,2021-03-25 01:00:00,2021-03-25 01:00:00,366,1
698,2021-03-25 01:00:00,Neural Network,1,0.9522681627055315,0.9269871796373571,2020-03-25 01:00:00,2021-03-25 01:00:00,2021-03-25 01:00:00,366,1
699,2021-03-25 01:00:00,Naive,1,0.9522681627055315,0.800692987448051,2020-03-25 01:00:00,2021-03-25 01:00:00,2021-03-25 01:00:00,366,1
700,2021-03-26 01:00:00,Decision Tree,1,0.9345424652636718,0.9585055932226221,2020-03-26 01:00:00,2021-03-26 01:00:00,2021-03-26 01:00:00,366,1
701,2021-03-26 01:00:00,Random Forest,1,0.9345424652636718,0.9442240930238732,2020-03-26 01:00:00,2021-03-26 01:00:00,2021-03-26 01:00:00,366,1
702,2021-03-26 01:00:00,Neural Network,1,0.9345424652636718,0.8198463613112104,2020-03-26 01:00:00,2021-03-26 01:00:00,2021-03-26 01:00:00,366,1
703,2021-03-26 01:00:00,Naive,1,0.9345424652636718,0.9522681627055315,2020-03-26 01:00:00,2021-03-26 01:00:00,2021-03-26 01:00:00,366,1
704,2021-03-27 01:00:00,Decision Tree,1,0.17979036125893147,0.1558141159346095,2020-03-27 01:00:00,2021-03-27 01:00:00,2021-03-27 01:00:00,366,1
705,2021-03-27 01:00:00,Random Forest,1,0.17979036125893147,0.15220144605022934,2020-03-27 01:00:00,2021-03-27 01:00:00,2021-03-27 01:00:00,366,1
706,2021-03-27 01:00:00,Neural Network,1,0.17979036125893147,-0.027183165343328097,2020-03-27 01:00:00,2021-03-27 01:00:00,2021-03-27 01:00:00,366,1
707,2021-03-27 01:00:00,Naive,1,0.17979036125893147,0.9345424652636718,2020-03-27 01:00:00,2021-03-27 01:00:00,2021-03-27 01:00:00,366,1
708,2021-03-28 01:00:00,Decision Tree,1,0.21958335410728066,0.23597302421291685,2020-03-28 01:00:00,2021-03-28 01:00:00,2021-03-28 01:00:00,366,2
709,2021-03-28 02:00:00,Decision Tree,1,0.21958335410728066,0.23597302421291685,2020-03-28 01:00:00,2021-03-28 01:00:00,2021-03-28 01:00:00,366,2
710,2021-03-28 01:00:00,Random Forest,1,0.21958335410728066,0.2532057981793164,2020-03-28 01:00:00,2021-03-28 01:00:00,2021-03-28 01:00:00,366,2
711,2021-03-28 02:00:00,Random Forest,1,0.21958335410728066,0.2532057981793164,2020-03-28 01:00:00,2021-03-28 01:00:00,2021-03-28 01:00:00,366,2
712,2021-03-28 01:00:00,Neural Network,1,0.21958335410728066,0.23462650475058727,2020-03-28 01:00:00,2021-03-28 01:00:00,2021-03-28 01:00:00,366,2
713,2021-03-28 02:00:00,Neural Network,1,0.21958335410728066,0.23462650475058727,2020-03-28 01:00:00,2021-03-28 01:00:00,2021-03-28 01:00:00,366,2
714,2021-03-28 01:00:00,Naive,1,0.21958335410728066,0.17979036125893147,2020-03-28 01:00:00,2021-03-28 01:00:00,2021-03-28 01:00:00,366,2
715,2021-03-28 02:00:00,Naive,1,0.21958335410728066,0.17979036125893147,2020-03-28 01:00:00,2021-03-28 01:00:00,2021-03-28 01:00:00,366,2
716,2021-03-29 01:00:00,Decision Tree,1,-0.8381699920456855,-0.8105676685653632,2020-03-29 01:00:00,2021-03-29 01:00:00,2021-03-29 01:00:00,367,1
717,2021-03-29 01:00:00,Random Forest,1,-0.8381699920456855,-0.8180963680185789,2020-03-29 01:00:00,2021-03-29 01:00:00,2021-03-29 01:00:00,367,1
718,2021-03-29 01:00:00,Neural Network,1,-0.8381699920456855,-0.8540485857907991,2020-03-29 01:00:00,2021-03-29 01:00:00,2021-03-29 01:00:00,367,1
719,2021-03-29 01:00:00,Naive,1,-0.8381699920456855,0.21958335410728066,2020-03-29 01:00:00,2021-03-29 01:00:00,2021-03-29 01:00:00,367,1
720,2021-03-30 01:00:00,Decision Tree,1,0.7369710301408406,0.7325214394679198,2020-03-30 01:00:00,2021-03-30 01:00:00,2021-03-30 01:00:00,366,1
721,2021-03-30 01:00:00,Random Forest,1,0.7369710301408406,0.7290268167952174,2020-03-30 01:00:00,2021-03-30 01:00:00,2021-03-30 01:00:00,366,1
722,2021-03-30 01:00:00,Neural Network,1,0.7369710301408406,0.6791869735602238,2020-03-30 01:00:00,2021-03-30 01:00:00,2021-03-30 01:00:00,366,1
723,2021-03-30 01:00:00,Naive,1,0.7369710301408406,-0.8381699920456855,2020-03-30 01:00:00,2021-03-30 01:00:00,2021-03-30 01:00:00,366,1
724,2021-03-31 01:00:00,Decision Tree,1,0.9742082645362311,0.9512584236718198,2020-03-31 01:00:00,2021-03-31 01:00:00,2021-03-31 01:00:00,366,1
725,2021-03-31 01:00:00,Random Forest,1,0.9742082645362311,0.9590456826010706,2020-03-31 01:00:00,2021-03-31 01:00:00,2021-03-31 01:00:00,366,1
726,2021-03-31 01:00:00,Neural Network,1,0.9742082645362311,0.8480411030283772,2020-03-31 01:00:00,2021-03-31 01:00:00,2021-03-31 01:00:00,366,1
727,2021-03-31 01:00:00,Naive,1,0.9742082645362311,0.7369710301408406,2020-03-31 01:00:00,2021-03-31 01:00:00,2021-03-31 01:00:00,366,1
728,2021-04-01 01:00:00,Decision Tree,1,0.8076271630481586,0.860465812443091,2020-04-01 01:00:00,2021-04-01 01:00:00,2021-04-01 01:00:00,366,1
729,2021-04-01 01:00:00,Random Forest,1,0.8076271630481586,0.8585672117013547,2020-04-01 01:00:00,2021-04-01 01:00:00,2021-04-01 01:00:00,366,1
730,2021-04-01 01:00:00,Neural Network,1,0.8076271630481586,0.6420319355411733,2020-04-01 01:00:00,2021-04-01 01:00:00,2021-04-01 01:00:00,366,1
731,2021-04-01 01:00:00,Naive,1,0.8076271630481586,0.9742082645362311,2020-04-01 01:00:00,2021-04-01 01:00:00,2021-04-01 01:00:00,366,1
732,2021-04-02 01:00:00,Decision Tree,1,0.9082403011214684,0.9541271537798712,2020-04-02 01:00:00,2021-04-02 01:00:00,2021-04-02 01:00:00,366,1
733,2021-04-02 01:00:00,Random Forest,1,0.9082403011214684,0.9456299794324488,2020-04-02 01:00:00,2021-04-02 01:00:00,2021-04-02 01:00:00,366,1
734,2021-04-02 01:00:00,Neural Network,1,0.9082403011214684,0.6441818204407717,2020-04-02 01:00:00,2021-04-02 01:00:00,2021-04-02 01:00:00,366,1
735,2021-04-02 01:00:00,Naive,1,0.9082403011214684,0.8076271630481586,2020-04-02 01:00:00,2021-04-02 01:00:00,2021-04-02 01:00:00,366,1
736,2021-04-03 01:00:00,Decision Tree,1,0.19599256992222064,0.2318756066865078,2020-04-03 01:00:00,2021-04-03 01:00:00,2021-04-03 01:00:00,366,1
737,2021-04-03 01:00:00,Random Forest,1,0.19599256992222064,0.2148800494005502,2020-04-03 01:00:00,2021-04-03 01:00:00,2021-04-03 01:00:00,366,1
738,2021-04-03 01:00:00,Neural Network,1,0.19599256992222064,0.07741397638031439,2020-04-03 01:00:00,2021-04-03 01:00:00,2021-04-03 01:00:00,366,1
739,2021-04-03 01:00:00,Naive,1,0.19599256992222064,0.9082403011214684,2020-04-03 01:00:00,2021-04-03 01:00:00,2021-04-03 01:00:00,366,1
740,2021-04-04 01:00:00,Decision Tree,1,0.4181689707005833,0.4252171076447906,2020-04-04 01:00:00,2021-04-04 01:00:00,2021-04-04 01:00:00,366,1
741,2021-04-04 01:00:00,Random Forest,1,0.4181689707005833,0.43099429381304255,2020-04-04 01:00:00,2021-04-04 01:00:00,2021-04-04 01:00:00,366,1
742,2021-04-04 01:00:00,Neural Network,1,0.4181689707005833,0.3038912564544513,2020-04-04 01:00:00,2021-04-04 01:00:00,2021-04-04 01:00:00,366,1
743,2021-04-04 01:00:00,Naive,1,0.4181689707005833,0.19599256992222064,2020-04-04 01:00:00,2021-04-04 01:00:00,2021-04-04 01:00:00,366,1
744,2021-04-05 01:00:00,Decision Tree,1,-1.9304970444496106,-1.682229431994537,2020-04-05 01:00:00,2021-04-05 01:00:00,2021-04-05 01:00:00,366,1
745,2021-04-05 01:00:00,Random Forest,1,-1.9304970444496106,-1.7652193635698301,2020-04-05 01:00:00,2021-04-05 01:00:00,2021-04-05 01:00:00,366,1
746,2021-04-05 01:00:00,Neural Network,1,-1.9304970444496106,-1.8061370393630576,2020-04-05 01:00:00,2021-04-05 01:00:00,2021-04-05 01:00:00,366,1
747,2021-04-05 01:00:00,Naive,1,-1.9304970444496106,0.4181689707005833,2020-04-05 01:00:00,2021-04-05 01:00:00,2021-04-05 01:00:00,366,1
748,2021-04-06 01:00:00,Decision Tree,1,-1.2491223861966305,-1.2630998229358603,2020-04-06 01:00:00,2021-04-06 01:00:00,2021-04-06 01:00:00,366,1
749,2021-04-06 01:00:00,Random Forest,1,-1.2491223861966305,-1.2467355538812293,2020-04-06 01:00:00,2021-04-06 01:00:00,2021-04-06 01:00:00,366,1
750,2021-04-06 01:00:00,Neural Network,1,-1.2491223861966305,-1.412682193440674,2020-04-06 01:00:00,2021-04-06 01:00:00,2021-04-06 01:00:00,366,1
751,2021-04-06 01:00:00,Naive,1,-1.2491223861966305,-1.9304970444496106,2020-04-06 01:00:00,2021-04-06 01:00:00,2021-04-06 01:00:00,366,1
752,2021-04-07 01:00:00,Decision Tree,1,0.7164912436270261,0.7310475285922046,2020-04-07 01:00:00,2021-04-07 01:00:00,2021-04-07 01:00:00,366,1
753,2021-04-07 01:00:00,Random Forest,1,0.7164912436270261,0.7332508988041494,2020-04-07 01:00:00,2021-04-07 01:00:00,2021-04-07 01:00:00,366,1
754,2021-04-07 01:00:00,Neural Network,1,0.7164912436270261,0.7226962692739587,2020-04-07 01:00:00,2021-04-07 01:00:00,2021-04-07 01:00:00,366,1
755,2021-04-07 01:00:00,Naive,1,0.7164912436270261,-1.2491223861966305,2020-04-07 01:00:00,2021-04-07 01:00:00,2021-04-07 01:00:00,366,1
756,2021-04-08 01:00:00,Decision Tree,1,0.3299439590905873,0.3765156627497102,2020-04-08 01:00:00,2021-04-08 01:00:00,2021-04-08 01:00:00,366,1
757,2021-04-08 01:00:00,Random Forest,1,0.3299439590905873,0.37053123259103987,2020-04-08 01:00:00,2021-04-08 01:00:00,2021-04-08 01:00:00,366,1
758,2021-04-08 01:00:00,Neural Network,1,0.3299439590905873,0.24199249231928965,2020-04-08 01:00:00,2021-04-08 01:00:00,2021-04-08 01:00:00,366,1
759,2021-04-08 01:00:00,Naive,1,0.3299439590905873,0.7164912436270261,2020-04-08 01:00:00,2021-04-08 01:00:00,2021-04-08 01:00:00,366,1
760,2021-04-09 01:00:00,Decision Tree,1,0.4406279578241298,0.5273501017164135,2020-04-09 01:00:00,2021-04-09 01:00:00,2021-04-09 01:00:00,366,1
761,2021-04-09 01:00:00,Random Forest,1,0.4406279578241298,0.4856218657607792,2020-04-09 01:00:00,2021-04-09 01:00:00,2021-04-09 01:00:00,366,1
762,2021-04-09 01:00:00,Neural Network,1,0.4406279578241298,0.33857103507043906,2020-04-09 01:00:00,2021-04-09 01:00:00,2021-04-09 01:00:00,366,1
763,2021-04-09 01:00:00,Naive,1,0.4406279578241298,0.3299439590905873,2020-04-09 01:00:00,2021-04-09 01:00:00,2021-04-09 01:00:00,366,1
764,2021-04-10 01:00:00,Decision Tree,1,1.3818755432352336,1.1524515582861554,2020-04-10 01:00:00,2021-04-10 01:00:00,2021-04-10 01:00:00,366,1
765,2021-04-10 01:00:00,Random Forest,1,1.3818755432352336,1.1870785448624568,2020-04-10 01:00:00,2021-04-10 01:00:00,2021-04-10 01:00:00,366,1
766,2021-04-10 01:00:00,Neural Network,1,1.3818755432352336,1.157061151233873,2020-04-10 01:00:00,2021-04-10 01:00:00,2021-04-10 01:00:00,366,1
767,2021-04-10 01:00:00,Naive,1,1.3818755432352336,0.4406279578241298,2020-04-10 01:00:00,2021-04-10 01:00:00,2021-04-10 01:00:00,366,1
768,2021-04-11 01:00:00,Decision Tree,1,0.7156008915729205,0.7308670673010665,2020-04-11 01:00:00,2021-04-11 01:00:00,2021-04-11 01:00:00,366,1
769,2021-04-11 01:00:00,Random Forest,1,0.7156008915729205,0.7260635805064595,2020-04-11 01:00:00,2021-04-11 01:00:00,2021-04-11 01:00:00,366,1
770,2021-04-11 01:00:00,Neural Network,1,0.7156008915729205,0.589903593998734,2020-04-11 01:00:00,2021-04-11 01:00:00,2021-04-11 01:00:00,366,1
771,2021-04-11 01:00:00,Naive,1,0.7156008915729205,1.3818755432352336,2020-04-11 01:00:00,2021-04-11 01:00:00,2021-04-11 01:00:00,366,1
772,2021-04-12 01:00:00,Decision Tree,1,0.8658440313152174,0.9375887513788488,2020-04-12 01:00:00,2021-04-12 01:00:00,2021-04-12 01:00:00,366,1
773,2021-04-12 01:00:00,Random Forest,1,0.8658440313152174,0.9224227579417099,2020-04-12 01:00:00,2021-04-12 01:00:00,2021-04-12 01:00:00,366,1
774,2021-04-12 01:00:00,Neural Network,1,0.8658440313152174,0.6424144046695115,2020-04-12 01:00:00,2021-04-12 01:00:00,2021-04-12 01:00:00,366,1
775,2021-04-12 01:00:00,Naive,1,0.8658440313152174,0.7156008915729205,2020-04-12 01:00:00,2021-04-12 01:00:00,2021-04-12 01:00:00,366,1
776,2021-04-13 01:00:00,Decision Tree,1,1.0043982793468864,1.1779431121693864,2020-04-13 01:00:00,2021-04-13 01:00:00,2021-04-13 01:00:00,366,1
777,2021-04-13 01:00:00,Random Forest,1,1.0043982793468864,1.1007630424346986,2020-04-13 01:00:00,2021-04-13 01:00:00,2021-04-13 01:00:00,366,1
778,2021-04-13 01:00:00,Neural Network,1,1.0043982793468864,0.9999510840102288,2020-04-13 01:00:00,2021-04-13 01:00:00,2021-04-13 01:00:00,366,1
779,2021-04-13 01:00:00,Naive,1,1.0043982793468864,0.8658440313152174,2020-04-13 01:00:00,2021-04-13 01:00:00,2021-04-13 01:00:00,366,1
780,2021-04-14 01:00:00,Decision Tree,1,1.0737036257480688,1.1916568193355996,2020-04-14 01:00:00,2021-04-14 01:00:00,2021-04-14 01:00:00,366,1
781,2021-04-14 01:00:00,Random Forest,1,1.0737036257480688,1.1338170656373803,2020-04-14 01:00:00,2021-04-14 01:00:00,2021-04-14 01:00:00,366,1
782,2021-04-14 01:00:00,Neural Network,1,1.0737036257480688,1.1097491874017231,2020-04-14 01:00:00,2021-04-14 01:00:00,2021-04-14 01:00:00,366,1
783,2021-04-14 01:00:00,Naive,1,1.0737036257480688,1.0043982793468864,2020-04-14 01:00:00,2021-04-14 01:00:00,2021-04-14 01:00:00,366,1
784,2021-04-15 01:00:00,Decision Tree,1,1.2528362896777843,1.239105411266289,2020-04-15 01:00:00,2021-04-15 01:00:00,2021-04-15 01:00:00,366,1
785,2021-04-15 01:00:00,Random Forest,1,1.2528362896777843,1.2338595595020512,2020-04-15 01:00:00,2021-04-15 01:00:00,2021-04-15 01:00:00,366,1
786,2021-04-15 01:00:00,Neural Network,1,1.2528362896777843,1.325702633179663,2020-04-15 01:00:00,2021-04-15 01:00:00,2021-04-15 01:00:00,366,1
787,2021-04-15 01:00:00,Naive,1,1.2528362896777843,1.0737036257480688,2020-04-15 01:00:00,2021-04-15 01:00:00,2021-04-15 01:00:00,366,1
788,2021-04-16 01:00:00,Decision Tree,1,1.0288378960825064,1.1074480441903674,2020-04-16 01:00:00,2021-04-16 01:00:00,2021-04-16 01:00:00,366,1
789,2021-04-16 01:00:00,Random Forest,1,1.0288378960825064,1.0953516966424588,2020-04-16 01:00:00,2021-04-16 01:00:00,2021-04-16 01:00:00,366,1
790,2021-04-16 01:00:00,Neural Network,1,1.0288378960825064,1.0305389073968243,2020-04-16 01:00:00,2021-04-16 01:00:00,2021-04-16 01:00:00,366,1
791,2021-04-16 01:00:00,Naive,1,1.0288378960825064,1.2528362896777843,2020-04-16 01:00:00,2021-04-16 01:00:00,2021-04-16 01:00:00,366,1
792,2021-04-17 01:00:00,Decision Tree,1,1.1613337003307616,1.1959315996109998,2020-04-17 01:00:00,2021-04-17 01:00:00,2021-04-17 01:00:00,366,1
793,2021-04-17 01:00:00,Random Forest,1,1.1613337003307616,1.2431944320700816,2020-04-17 01:00:00,2021-04-17 01:00:00,2021-04-17 01:00:00,366,1
794,2021-04-17 01:00:00,Neural Network,1,1.1613337003307616,1.2124163506086392,2020-04-17 01:00:00,2021-04-17 01:00:00,2021-04-17 01:00:00,366,1
795,2021-04-17 01:00:00,Naive,1,1.1613337003307616,1.0288378960825064,2020-04-17 01:00:00,2021-04-17 01:00:00,2021-04-17 01:00:00,366,1
796,2021-04-18 01:00:00,Decision Tree,1,1.4643188568513077,1.264510849831763,2020-04-18 01:00:00,2021-04-18 01:00:00,2021-04-18 01:00:00,366,1
797,2021-04-18 01:00:00,Random Forest,1,1.4643188568513077,1.275215231904178,2020-04-18 01:00:00,2021-04-18 01:00:00,2021-04-18 01:00:00,366,1
798,2021-04-18 01:00:00,Neural Network,1,1.4643188568513077,1.5181496073209397,2020-04-18 01:00:00,2021-04-18 01:00:00,2021-04-18 01:00:00,366,1
799,2021-04-18 01:00:00,Naive,1,1.4643188568513077,1.1613337003307616,2020-04-18 01:00:00,2021-04-18 01:00:00,2021-04-18 01:00:00,366,1
800,2021-04-19 01:00:00,Decision Tree,1,1.2572172312335337,1.2978121843350203,2020-04-19 01:00:00,2021-04-19 01:00:00,2021-04-19 01:00:00,366,1
801,2021-04-19 01:00:00,Random Forest,1,1.2572172312335337,1.2859583081317716,2020-04-19 01:00:00,2021-04-19 01:00:00,2021-04-19 01:00:00,366,1
802,2021-04-19 01:00:00,Neural Network,1,1.2572172312335337,1.094700799375766,2020-04-19 01:00:00,2021-04-19 01:00:00,2021-04-19 01:00:00,366,1
803,2021-04-19 01:00:00,Naive,1,1.2572172312335337,1.4643188568513077,2020-04-19 01:00:00,2021-04-19 01:00:00,2021-04-19 01:00:00,366,1
804,2021-04-20 01:00:00,Decision Tree,1,1.4138552157942577,1.2756780046968021,2020-04-20 01:00:00,2021-04-20 01:00:00,2021-04-20 01:00:00,366,1
805,2021-04-20 01:00:00,Random Forest,1,1.4138552157942577,1.3089999739703277,2020-04-20 01:00:00,2021-04-20 01:00:00,2021-04-20 01:00:00,366,1
806,2021-04-20 01:00:00,Neural Network,1,1.4138552157942577,1.5381956297085195,2020-04-20 01:00:00,2021-04-20 01:00:00,2021-04-20 01:00:00,366,1
807,2021-04-20 01:00:00,Naive,1,1.4138552157942577,1.2572172312335337,2020-04-20 01:00:00,2021-04-20 01:00:00,2021-04-20 01:00:00,366,1
808,2021-04-21 01:00:00,Decision Tree,1,1.4256598715078186,1.2910310281520754,2020-04-21 01:00:00,2021-04-21 01:00:00,2021-04-21 01:00:00,366,1
809,2021-04-21 01:00:00,Random Forest,1,1.4256598715078186,1.3752645415352762,2020-04-21 01:00:00,2021-04-21 01:00:00,2021-04-21 01:00:00,366,1
810,2021-04-21 01:00:00,Neural Network,1,1.4256598715078186,1.5752117341449037,2020-04-21 01:00:00,2021-04-21 01:00:00,2021-04-21 01:00:00,366,1
811,2021-04-21 01:00:00,Naive,1,1.4256598715078186,1.4138552157942577,2020-04-21 01:00:00,2021-04-21 01:00:00,2021-04-21 01:00:00,366,1
812,2021-04-22 01:00:00,Decision Tree,1,0.7200520003756515,0.8160066768685131,2020-04-22 01:00:00,2021-04-22 01:00:00,2021-04-22 01:00:00,366,1
813,2021-04-22 01:00:00,Random Forest,1,0.7200520003756515,0.783129989395081,2020-04-22 01:00:00,2021-04-22 01:00:00,2021-04-22 01:00:00,366,1
814,2021-04-22 01:00:00,Neural Network,1,0.7200520003756515,0.8167311504412037,2020-04-22 01:00:00,2021-04-22 01:00:00,2021-04-22 01:00:00,366,1
815,2021-04-22 01:00:00,Naive,1,0.7200520003756515,1.4256598715078186,2020-04-22 01:00:00,2021-04-22 01:00:00,2021-04-22 01:00:00,366,1
816,2021-04-23 01:00:00,Decision Tree,1,1.258062043983744,1.3204006027273036,2020-04-23 01:00:00,2021-04-23 01:00:00,2021-04-23 01:00:00,366,1
817,2021-04-23 01:00:00,Random Forest,1,1.258062043983744,1.2454708538608488,2020-04-23 01:00:00,2021-04-23 01:00:00,2021-04-23 01:00:00,366,1
818,2021-04-23 01:00:00,Neural Network,1,1.258062043983744,1.2277317873815425,2020-04-23 01:00:00,2021-04-23 01:00:00,2021-04-23 01:00:00,366,1
819,2021-04-23 01:00:00,Naive,1,1.258062043983744,0.7200520003756515,2020-04-23 01:00:00,2021-04-23 01:00:00,2021-04-23 01:00:00,366,1
820,2021-04-24 01:00:00,Decision Tree,1,1.4657845038302257,1.3887543062744723,2020-04-24 01:00:00,2021-04-24 01:00:00,2021-04-24 01:00:00,366,1
821,2021-04-24 01:00:00,Random Forest,1,1.4657845038302257,1.4012484629454611,2020-04-24 01:00:00,2021-04-24 01:00:00,2021-04-24 01:00:00,366,1
822,2021-04-24 01:00:00,Neural Network,1,1.4657845038302257,1.3676118996026385,2020-04-24 01:00:00,2021-04-24 01:00:00,2021-04-24 01:00:00,366,1
823,2021-04-24 01:00:00,Naive,1,1.4657845038302257,1.258062043983744,2020-04-24 01:00:00,2021-04-24 01:00:00,2021-04-24 01:00:00,366,1
824,2021-04-25 01:00:00,Decision Tree,1,0.8109318208723085,0.8845687898491881,2020-04-25 01:00:00,2021-04-25 01:00:00,2021-04-25 01:00:00,366,1
825,2021-04-25 01:00:00,Random Forest,1,0.8109318208723085,0.8828937297032974,2020-04-25 01:00:00,2021-04-25 01:00:00,2021-04-25 01:00:00,366,1
826,2021-04-25 01:00:00,Neural Network,1,0.8109318208723085,0.7004880746205633,2020-04-25 01:00:00,2021-04-25 01:00:00,2021-04-25 01:00:00,366,1
827,2021-04-25 01:00:00,Naive,1,0.8109318208723085,1.4657845038302257,2020-04-25 01:00:00,2021-04-25 01:00:00,2021-04-25 01:00:00,366,1
828,2021-04-26 01:00:00,Decision Tree,1,0.9421907324627392,0.9490286145956041,2020-04-26 01:00:00,2021-04-26 01:00:00,2021-04-26 01:00:00,366,1
829,2021-04-26 01:00:00,Random Forest,1,0.9421907324627392,0.9951342001881157,2020-04-26 01:00:00,2021-04-26 01:00:00,2021-04-26 01:00:00,366,1
830,2021-04-26 01:00:00,Neural Network,1,0.9421907324627392,0.654142406862403,2020-04-26 01:00:00,2021-04-26 01:00:00,2021-04-26 01:00:00,366,1
831,2021-04-26 01:00:00,Naive,1,0.9421907324627392,0.8109318208723085,2020-04-26 01:00:00,2021-04-26 01:00:00,2021-04-26 01:00:00,366,1
832,2021-04-27 01:00:00,Decision Tree,1,0.9807933294317602,1.0798387314026134,2020-04-27 01:00:00,2021-04-27 01:00:00,2021-04-27 01:00:00,366,1
833,2021-04-27 01:00:00,Random Forest,1,0.9807933294317602,1.0364028812574944,2020-04-27 01:00:00,2021-04-27 01:00:00,2021-04-27 01:00:00,366,1
834,2021-04-27 01:00:00,Neural Network,1,0.9807933294317602,0.9356527873181015,2020-04-27 01:00:00,2021-04-27 01:00:00,2021-04-27 01:00:00,366,1
835,2021-04-27 01:00:00,Naive,1,0.9807933294317602,0.9421907324627392,2020-04-27 01:00:00,2021-04-27 01:00:00,2021-04-27 01:00:00,366,1
836,2021-04-28 01:00:00,Decision Tree,1,1.0823363034046292,1.120432769534189,2020-04-28 01:00:00,2021-04-28 01:00:00,2021-04-28 01:00:00,366,1
837,2021-04-28 01:00:00,Random Forest,1,1.0823363034046292,1.084847711196523,2020-04-28 01:00:00,2021-04-28 01:00:00,2021-04-28 01:00:00,366,1
838,2021-04-28 01:00:00,Neural Network,1,1.0823363034046292,1.073409368577816,2020-04-28 01:00:00,2021-04-28 01:00:00,2021-04-28 01:00:00,366,1
839,2021-04-28 01:00:00,Naive,1,1.0823363034046292,0.9807933294317602,2020-04-28 01:00:00,2021-04-28 01:00:00,2021-04-28 01:00:00,366,1
840,2021-04-29 01:00:00,Decision Tree,1,1.0363488723797476,1.0340138868027702,2020-04-29 01:00:00,2021-04-29 01:00:00,2021-04-29 01:00:00,366,1
841,2021-04-29 01:00:00,Random Forest,1,1.0363488723797476,1.0750993462856078,2020-04-29 01:00:00,2021-04-29 01:00:00,2021-04-29 01:00:00,366,1
842,2021-04-29 01:00:00,Neural Network,1,1.0363488723797476,1.0145584668554737,2020-04-29 01:00:00,2021-04-29 01:00:00,2021-04-29 01:00:00,366,1
843,2021-04-29 01:00:00,Naive,1,1.0363488723797476,1.0823363034046292,2020-04-29 01:00:00,2021-04-29 01:00:00,2021-04-29 01:00:00,366,1
844,2021-04-30 01:00:00,Decision Tree,1,1.1830980936794802,1.2426596635234766,2020-04-30 01:00:00,2021-04-30 01:00:00,2021-04-30 01:00:00,366,1
845,2021-04-30 01:00:00,Random Forest,1,1.1830980936794802,1.2436072339645812,2020-04-30 01:00:00,2021-04-30 01:00:00,2021-04-30 01:00:00,366,1
846,2021-04-30 01:00:00,Neural Network,1,1.1830980936794802,1.2693930447117645,2020-04-30 01:00:00,2021-04-30 01:00:00,2021-04-30 01:00:00,366,1
847,2021-04-30 01:00:00,Naive,1,1.1830980936794802,1.0363488723797476,2020-04-30 01:00:00,2021-04-30 01:00:00,2021-04-30 01:00:00,366,1
848,2021-05-01 01:00:00,Decision Tree,1,1.4501755442973692,1.4302987982437687,2020-05-01 01:00:00,2021-05-01 01:00:00,2021-05-01 01:00:00,366,1
849,2021-05-01 01:00:00,Random Forest,1,1.4501755442973692,1.4362686667237154,2020-05-01 01:00:00,2021-05-01 01:00:00,2021-05-01 01:00:00,366,1
850,2021-05-01 01:00:00,Neural Network,1,1.4501755442973692,1.807307707497742,2020-05-01 01:00:00,2021-05-01 01:00:00,2021-05-01 01:00:00,366,1
851,2021-05-01 01:00:00,Naive,1,1.4501755442973692,1.1830980936794802,2020-05-01 01:00:00,2021-05-01 01:00:00,2021-05-01 01:00:00,366,1
852,2021-05-02 01:00:00,Decision Tree,1,0.9697604825033925,1.1009122792985857,2020-05-02 01:00:00,2021-05-02 01:00:00,2021-05-02 01:00:00,366,1
853,2021-05-02 01:00:00,Random Forest,1,0.9697604825033925,1.0326066793598825,2020-05-02 01:00:00,2021-05-02 01:00:00,2021-05-02 01:00:00,366,1
854,2021-05-02 01:00:00,Neural Network,1,0.9697604825033925,0.7893219585101705,2020-05-02 01:00:00,2021-05-02 01:00:00,2021-05-02 01:00:00,366,1
855,2021-05-02 01:00:00,Naive,1,0.9697604825033925,1.4501755442973692,2020-05-02 01:00:00,2021-05-02 01:00:00,2021-05-02 01:00:00,366,1
856,2021-05-03 01:00:00,Decision Tree,1,0.9976606861386106,1.0251683984138558,2020-05-03 01:00:00,2021-05-03 01:00:00,2021-05-03 01:00:00,366,1
857,2021-05-03 01:00:00,Random Forest,1,0.9976606861386106,1.04532710710932,2020-05-03 01:00:00,2021-05-03 01:00:00,2021-05-03 01:00:00,366,1
858,2021-05-03 01:00:00,Neural Network,1,0.9976606861386106,0.8239882821844619,2020-05-03 01:00:00,2021-05-03 01:00:00,2021-05-03 01:00:00,366,1
859,2021-05-03 01:00:00,Naive,1,0.9976606861386106,0.9697604825033925,2020-05-03 01:00:00,2021-05-03 01:00:00,2021-05-03 01:00:00,366,1
860,2021-05-04 01:00:00,Decision Tree,1,0.12485302575211121,0.15581411593460945,2020-05-04 01:00:00,2021-05-04 01:00:00,2021-05-04 01:00:00,366,1
861,2021-05-04 01:00:00,Random Forest,1,0.12485302575211121,0.14688438477738458,2020-05-04 01:00:00,2021-05-04 01:00:00,2021-05-04 01:00:00,366,1
862,2021-05-04 01:00:00,Neural Network,1,0.12485302575211121,-0.1201539130985163,2020-05-04 01:00:00,2021-05-04 01:00:00,2021-05-04 01:00:00,366,1
863,2021-05-04 01:00:00,Naive,1,0.12485302575211121,0.9976606861386106,2020-05-04 01:00:00,2021-05-04 01:00:00,2021-05-04 01:00:00,366,1
864,2021-05-05 01:00:00,Decision Tree,1,-0.8481037637988686,-0.8713193072715896,2020-05-05 01:00:00,2021-05-05 01:00:00,2021-05-05 01:00:00,366,1
865,2021-05-05 01:00:00,Random Forest,1,-0.8481037637988686,-0.8545505393852225,2020-05-05 01:00:00,2021-05-05 01:00:00,2021-05-05 01:00:00,366,1
866,2021-05-05 01:00:00,Neural Network,1,-0.8481037637988686,-0.9500275422686222,2020-05-05 01:00:00,2021-05-05 01:00:00,2021-05-05 01:00:00,366,1
867,2021-05-05 01:00:00,Naive,1,-0.8481037637988686,0.12485302575211121,2020-05-05 01:00:00,2021-05-05 01:00:00,2021-05-05 01:00:00,366,1
868,2021-05-06 01:00:00,Decision Tree,1,0.8083621631162391,0.8302987296421644,2020-05-06 01:00:00,2021-05-06 01:00:00,2021-05-06 01:00:00,366,1
869,2021-05-06 01:00:00,Random Forest,1,0.8083621631162391,0.8869380559871064,2020-05-06 01:00:00,2021-05-06 01:00:00,2021-05-06 01:00:00,366,1
870,2021-05-06 01:00:00,Neural Network,1,0.8083621631162391,0.7180897097576359,2020-05-06 01:00:00,2021-05-06 01:00:00,2021-05-06 01:00:00,366,1
871,2021-05-06 01:00:00,Naive,1,0.8083621631162391,-0.8481037637988686,2020-05-06 01:00:00,2021-05-06 01:00:00,2021-05-06 01:00:00,366,1
872,2021-05-07 01:00:00,Decision Tree,1,1.5618256732454345,1.433611589252702,2020-05-07 01:00:00,2021-05-07 01:00:00,2021-05-07 01:00:00,366,1
873,2021-05-07 01:00:00,Random Forest,1,1.5618256732454345,1.41703953170216,2020-05-07 01:00:00,2021-05-07 01:00:00,2021-05-07 01:00:00,366,1
874,2021-05-07 01:00:00,Neural Network,1,1.5618256732454345,1.594536337678816,2020-05-07 01:00:00,2021-05-07 01:00:00,2021-05-07 01:00:00,366,1
875,2021-05-07 01:00:00,Naive,1,1.5618256732454345,0.8083621631162391,2020-05-07 01:00:00,2021-05-07 01:00:00,2021-05-07 01:00:00,366,1
876,2021-05-08 01:00:00,Decision Tree,1,1.2824573973679865,1.4519278869659493,2020-05-08 01:00:00,2021-05-08 01:00:00,2021-05-08 01:00:00,366,1
877,2021-05-08 01:00:00,Random Forest,1,1.2824573973679865,1.3660944908224655,2020-05-08 01:00:00,2021-05-08 01:00:00,2021-05-08 01:00:00,366,1
878,2021-05-08 01:00:00,Neural Network,1,1.2824573973679865,1.2259808586513397,2020-05-08 01:00:00,2021-05-08 01:00:00,2021-05-08 01:00:00,366,1
879,2021-05-08 01:00:00,Naive,1,1.2824573973679865,1.5618256732454345,2020-05-08 01:00:00,2021-05-08 01:00:00,2021-05-08 01:00:00,366,1
880,2021-05-09 01:00:00,Decision Tree,1,-1.456685755414547,-1.5153819662368817,2020-05-09 01:00:00,2021-05-09 01:00:00,2021-05-09 01:00:00,366,1
881,2021-05-09 01:00:00,Random Forest,1,-1.456685755414547,-1.5068039126514392,2020-05-09 01:00:00,2021-05-09 01:00:00,2021-05-09 01:00:00,366,1
882,2021-05-09 01:00:00,Neural Network,1,-1.456685755414547,-1.5077510723253542,2020-05-09 01:00:00,2021-05-09 01:00:00,2021-05-09 01:00:00,366,1
883,2021-05-09 01:00:00,Naive,1,-1.456685755414547,1.2824573973679865,2020-05-09 01:00:00,2021-05-09 01:00:00,2021-05-09 01:00:00,366,1
884,2021-05-10 01:00:00,Decision Tree,1,0.40894112333284444,0.4905885477557648,2020-05-10 01:00:00,2021-05-10 01:00:00,2021-05-10 01:00:00,366,1
885,2021-05-10 01:00:00,Random Forest,1,0.40894112333284444,0.48151476259878545,2020-05-10 01:00:00,2021-05-10 01:00:00,2021-05-10 01:00:00,366,1
886,2021-05-10 01:00:00,Neural Network,1,0.40894112333284444,0.10990010335840797,2020-05-10 01:00:00,2021-05-10 01:00:00,2021-05-10 01:00:00,366,1
887,2021-05-10 01:00:00,Naive,1,0.40894112333284444,-1.456685755414547,2020-05-10 01:00:00,2021-05-10 01:00:00,2021-05-10 01:00:00,366,1
888,2021-05-11 01:00:00,Decision Tree,1,1.4384228024657832,1.4519278869659495,2020-05-11 01:00:00,2021-05-11 01:00:00,2021-05-11 01:00:00,366,1
889,2021-05-11 01:00:00,Random Forest,1,1.4384228024657832,1.4694511519011406,2020-05-11 01:00:00,2021-05-11 01:00:00,2021-05-11 01:00:00,366,1
890,2021-05-11 01:00:00,Neural Network,1,1.4384228024657832,1.4009244589459675,2020-05-11 01:00:00,2021-05-11 01:00:00,2021-05-11 01:00:00,366,1
891,2021-05-11 01:00:00,Naive,1,1.4384228024657832,0.40894112333284444,2020-05-11 01:00:00,2021-05-11 01:00:00,2021-05-11 01:00:00,366,1
892,2021-05-12 01:00:00,Decision Tree,1,1.207039625861793,1.231427463613232,2020-05-12 01:00:00,2021-05-12 01:00:00,2021-05-12 01:00:00,366,1
893,2021-05-12 01:00:00,Random Forest,1,1.207039625861793,1.25246411877699,2020-05-12 01:00:00,2021-05-12 01:00:00,2021-05-12 01:00:00,366,1
894,2021-05-12 01:00:00,Neural Network,1,1.207039625861793,1.1889700589645686,2020-05-12 01:00:00,2021-05-12 01:00:00,2021-05-12 01:00:00,366,1
895,2021-05-12 01:00:00,Naive,1,1.207039625861793,1.4384228024657832,2020-05-12 01:00:00,2021-05-12 01:00:00,2021-05-12 01:00:00,366,1
896,2021-05-13 01:00:00,Decision Tree,1,1.3779923649575891,1.4502397514034286,2020-05-13 01:00:00,2021-05-13 01:00:00,2021-05-13 01:00:00,366,1
897,2021-05-13 01:00:00,Random Forest,1,1.3779923649575891,1.4406589133014789,2020-05-13 01:00:00,2021-05-13 01:00:00,2021-05-13 01:00:00,366,1
898,2021-05-13 01:00:00,Neural Network,1,1.3779923649575891,1.3413855341228713,2020-05-13 01:00:00,2021-05-13 01:00:00,2021-05-13 01:00:00,366,1
899,2021-05-13 01:00:00,Naive,1,1.3779923649575891,1.207039625861793,2020-05-13 01:00:00,2021-05-13 01:00:00,2021-05-13 01:00:00,366,1
900,2021-05-14 01:00:00,Decision Tree,1,1.5525282802016354,1.4422122640205575,2020-05-14 01:00:00,2021-05-14 01:00:00,2021-05-14 01:00:00,366,1
901,2021-05-14 01:00:00,Random Forest,1,1.5525282802016354,1.468761102847596,2020-05-14 01:00:00,2021-05-14 01:00:00,2021-05-14 01:00:00,366,1
902,2021-05-14 01:00:00,Neural Network,1,1.5525282802016354,1.482602639549935,2020-05-14 01:00:00,2021-05-14 01:00:00,2021-05-14 01:00:00,366,1
903,2021-05-14 01:00:00,Naive,1,1.5525282802016354,1.3779923649575891,2020-05-14 01:00:00,2021-05-14 01:00:00,2021-05-14 01:00:00,366,1
904,2021-05-15 01:00:00,Decision Tree,1,1.4860491655398618,1.4937473608080896,2020-05-15 01:00:00,2021-05-15 01:00:00,2021-05-15 01:00:00,366,1
905,2021-05-15 01:00:00,Random Forest,1,1.4860491655398618,1.4789455754548422,2020-05-15 01:00:00,2021-05-15 01:00:00,2021-05-15 01:00:00,366,1
906,2021-05-15 01:00:00,Neural Network,1,1.4860491655398618,1.4018111033157008,2020-05-15 01:00:00,2021-05-15 01:00:00,2021-05-15 01:00:00,366,1
907,2021-05-15 01:00:00,Naive,1,1.4860491655398618,1.5525282802016354,2020-05-15 01:00:00,2021-05-15 01:00:00,2021-05-15 01:00:00,366,1
908,2021-05-16 01:00:00,Decision Tree,1,0.7215163803593768,0.8220501534512131,2020-05-16 01:00:00,2021-05-16 01:00:00,2021-05-16 01:00:00,366,1
909,2021-05-16 01:00:00,Random Forest,1,0.7215163803593768,0.8278950075749477,2020-05-16 01:00:00,2021-05-16 01:00:00,2021-05-16 01:00:00,366,1
910,2021-05-16 01:00:00,Neural Network,1,0.7215163803593768,0.637162143286917,2020-05-16 01:00:00,2021-05-16 01:00:00,2021-05-16 01:00:00,366,1
911,2021-05-16 01:00:00,Naive,1,0.7215163803593768,1.4860491655398618,2020-05-16 01:00:00,2021-05-16 01:00:00,2021-05-16 01:00:00,366,1
912,2021-05-17 01:00:00,Decision Tree,1,0.9858262885117522,1.1029784319221887,2020-05-17 01:00:00,2021-05-17 01:00:00,2021-05-17 01:00:00,366,1
913,2021-05-17 01:00:00,Random Forest,1,0.9858262885117522,1.070964220815098,2020-05-17 01:00:00,2021-05-17 01:00:00,2021-05-17 01:00:00,366,1
914,2021-05-17 01:00:00,Neural Network,1,0.9858262885117522,1.0148473882743856,2020-05-17 01:00:00,2021-05-17 01:00:00,2021-05-17 01:00:00,366,1
915,2021-05-17 01:00:00,Naive,1,0.9858262885117522,0.7215163803593768,2020-05-17 01:00:00,2021-05-17 01:00:00,2021-05-17 01:00:00,366,1
916,2021-05-18 01:00:00,Decision Tree,1,1.3303442142340158,1.4127403704692414,2020-05-18 01:00:00,2021-05-18 01:00:00,2021-05-18 01:00:00,366,1
917,2021-05-18 01:00:00,Random Forest,1,1.3303442142340158,1.4207731091250562,2020-05-18 01:00:00,2021-05-18 01:00:00,2021-05-18 01:00:00,366,1
918,2021-05-18 01:00:00,Neural Network,1,1.3303442142340158,1.3905112891536116,2020-05-18 01:00:00,2021-05-18 01:00:00,2021-05-18 01:00:00,366,1
919,2021-05-18 01:00:00,Naive,1,1.3303442142340158,0.9858262885117522,2020-05-18 01:00:00,2021-05-18 01:00:00,2021-05-18 01:00:00,366,1
920,2021-05-19 01:00:00,Decision Tree,1,1.4371540963043687,1.488443546633088,2020-05-19 01:00:00,2021-05-19 01:00:00,2021-05-19 01:00:00,366,1
921,2021-05-19 01:00:00,Random Forest,1,1.4371540963043687,1.4478684013275094,2020-05-19 01:00:00,2021-05-19 01:00:00,2021-05-19 01:00:00,366,1
922,2021-05-19 01:00:00,Neural Network,1,1.4371540963043687,1.476063171224537,2020-05-19 01:00:00,2021-05-19 01:00:00,2021-05-19 01:00:00,366,1
923,2021-05-19 01:00:00,Naive,1,1.4371540963043687,1.3303442142340158,2020-05-19 01:00:00,2021-05-19 01:00:00,2021-05-19 01:00:00,366,1
924,2021-05-20 01:00:00,Decision Tree,1,1.3132458804290887,1.385945441945783,2020-05-20 01:00:00,2021-05-20 01:00:00,2021-05-20 01:00:00,366,1
925,2021-05-20 01:00:00,Random Forest,1,1.3132458804290887,1.3672578157952993,2020-05-20 01:00:00,2021-05-20 01:00:00,2021-05-20 01:00:00,366,1
926,2021-05-20 01:00:00,Neural Network,1,1.3132458804290887,1.3105400815282477,2020-05-20 01:00:00,2021-05-20 01:00:00,2021-05-20 01:00:00,366,1
927,2021-05-20 01:00:00,Naive,1,1.3132458804290887,1.4371540963043687,2020-05-20 01:00:00,2021-05-20 01:00:00,2021-05-20 01:00:00,366,1
928,2021-05-21 01:00:00,Decision Tree,1,-0.8068553555675713,-0.840849825875407,2020-05-21 01:00:00,2021-05-21 01:00:00,2021-05-21 01:00:00,366,1
929,2021-05-21 01:00:00,Random Forest,1,-0.8068553555675713,-0.8310716301845976,2020-05-21 01:00:00,2021-05-21 01:00:00,2021-05-21 01:00:00,366,1
930,2021-05-21 01:00:00,Neural Network,1,-0.8068553555675713,-0.764761428823213,2020-05-21 01:00:00,2021-05-21 01:00:00,2021-05-21 01:00:00,366,1
931,2021-05-21 01:00:00,Naive,1,-0.8068553555675713,1.3132458804290887,2020-05-21 01:00:00,2021-05-21 01:00:00,2021-05-21 01:00:00,366,1
932,2021-05-22 01:00:00,Decision Tree,1,-1.5138812507665915,-1.5055992644331593,2020-05-22 01:00:00,2021-05-22 01:00:00,2021-05-22 01:00:00,366,1
933,2021-05-22 01:00:00,Random Forest,1,-1.5138812507665915,-1.5818132427447744,2020-05-22 01:00:00,2021-05-22 01:00:00,2021-05-22 01:00:00,366,1
934,2021-05-22 01:00:00,Neural Network,1,-1.5138812507665915,-1.5029637809251644,2020-05-22 01:00:00,2021-05-22 01:00:00,2021-05-22 01:00:00,366,1
935,2021-05-22 01:00:00,Naive,1,-1.5138812507665915,-0.8068553555675713,2020-05-22 01:00:00,2021-05-22 01:00:00,2021-05-22 01:00:00,366,1
936,2021-05-23 01:00:00,Decision Tree,1,-1.1327340020012768,-1.1700169495224348,2020-05-23 01:00:00,2021-05-23 01:00:00,2021-05-23 01:00:00,366,1
937,2021-05-23 01:00:00,Random Forest,1,-1.1327340020012768,-1.1694084527998745,2020-05-23 01:00:00,2021-05-23 01:00:00,2021-05-23 01:00:00,366,1
938,2021-05-23 01:00:00,Neural Network,1,-1.1327340020012768,-0.9836738900533454,2020-05-23 01:00:00,2021-05-23 01:00:00,2021-05-23 01:00:00,366,1
939,2021-05-23 01:00:00,Naive,1,-1.1327340020012768,-1.5138812507665915,2020-05-23 01:00:00,2021-05-23 01:00:00,2021-05-23 01:00:00,366,1
940,2021-05-24 01:00:00,Decision Tree,1,-0.6570420051684506,-0.6843386987155733,2020-05-24 01:00:00,2021-05-24 01:00:00,2021-05-24 01:00:00,366,1
941,2021-05-24 01:00:00,Random Forest,1,-0.6570420051684506,-0.6795324159515278,2020-05-24 01:00:00,2021-05-24 01:00:00,2021-05-24 01:00:00,366,1
942,2021-05-24 01:00:00,Neural Network,1,-0.6570420051684506,-1.1176791721084753,2020-05-24 01:00:00,2021-05-24 01:00:00,2021-05-24 01:00:00,366,1
943,2021-05-24 01:00:00,Naive,1,-0.6570420051684506,-1.1327340020012768,2020-05-24 01:00:00,2021-05-24 01:00:00,2021-05-24 01:00:00,366,1
944,2021-05-25 01:00:00,Decision Tree,1,0.7686674938466481,0.8658383403854595,2020-05-25 01:00:00,2021-05-25 01:00:00,2021-05-25 01:00:00,366,1
945,2021-05-25 01:00:00,Random Forest,1,0.7686674938466481,0.8481072891337069,2020-05-25 01:00:00,2021-05-25 01:00:00,2021-05-25 01:00:00,366,1
946,2021-05-25 01:00:00,Neural Network,1,0.7686674938466481,0.8268586171286204,2020-05-25 01:00:00,2021-05-25 01:00:00,2021-05-25 01:00:00,366,1
947,2021-05-25 01:00:00,Naive,1,0.7686674938466481,-0.6570420051684506,2020-05-25 01:00:00,2021-05-25 01:00:00,2021-05-25 01:00:00,366,1
948,2021-05-26 01:00:00,Decision Tree,1,1.0421824489129847,1.1029784319221887,2020-05-26 01:00:00,2021-05-26 01:00:00,2021-05-26 01:00:00,366,1
949,2021-05-26 01:00:00,Random Forest,1,1.0421824489129847,1.0990721538669423,2020-05-26 01:00:00,2021-05-26 01:00:00,2021-05-26 01:00:00,366,1
950,2021-05-26 01:00:00,Neural Network,1,1.0421824489129847,1.16116759109492,2020-05-26 01:00:00,2021-05-26 01:00:00,2021-05-26 01:00:00,366,1
951,2021-05-26 01:00:00,Naive,1,1.0421824489129847,0.7686674938466481,2020-05-26 01:00:00,2021-05-26 01:00:00,2021-05-26 01:00:00,366,1
952,2021-05-27 01:00:00,Decision Tree,1,1.1752277791208288,1.2365058997833465,2020-05-27 01:00:00,2021-05-27 01:00:00,2021-05-27 01:00:00,366,1
953,2021-05-27 01:00:00,Random Forest,1,1.1752277791208288,1.2301319854993877,2020-05-27 01:00:00,2021-05-27 01:00:00,2021-05-27 01:00:00,366,1
954,2021-05-27 01:00:00,Neural Network,1,1.1752277791208288,1.3978093740921476,2020-05-27 01:00:00,2021-05-27 01:00:00,2021-05-27 01:00:00,366,1
955,2021-05-27 01:00:00,Naive,1,1.1752277791208288,1.0421824489129847,2020-05-27 01:00:00,2021-05-27 01:00:00,2021-05-27 01:00:00,366,1
956,2021-05-28 01:00:00,Decision Tree,1,1.3419972502264883,1.3738288483596672,2020-05-28 01:00:00,2021-05-28 01:00:00,2021-05-28 01:00:00,366,1
957,2021-05-28 01:00:00,Random Forest,1,1.3419972502264883,1.4090011397851432,2020-05-28 01:00:00,2021-05-28 01:00:00,2021-05-28 01:00:00,366,1
958,2021-05-28 01:00:00,Neural Network,1,1.3419972502264883,1.4177351883743163,2020-05-28 01:00:00,2021-05-28 01:00:00,2021-05-28 01:00:00,366,1
959,2021-05-28 01:00:00,Naive,1,1.3419972502264883,1.1752277791208288,2020-05-28 01:00:00,2021-05-28 01:00:00,2021-05-28 01:00:00,366,1
960,2021-05-29 01:00:00,Decision Tree,1,1.5027350377037247,1.4820323653419982,2020-05-29 01:00:00,2021-05-29 01:00:00,2021-05-29 01:00:00,366,1
961,2021-05-29 01:00:00,Random Forest,1,1.5027350377037247,1.512801922639541,2020-05-29 01:00:00,2021-05-29 01:00:00,2021-05-29 01:00:00,366,1
962,2021-05-29 01:00:00,Neural Network,1,1.5027350377037247,1.6541586372093273,2020-05-29 01:00:00,2021-05-29 01:00:00,2021-05-29 01:00:00,366,1
963,2021-05-29 01:00:00,Naive,1,1.5027350377037247,1.3419972502264883,2020-05-29 01:00:00,2021-05-29 01:00:00,2021-05-29 01:00:00,366,1
964,2021-05-30 01:00:00,Decision Tree,1,1.0460362376587808,1.028870919869545,2020-05-30 01:00:00,2021-05-30 01:00:00,2021-05-30 01:00:00,366,1
965,2021-05-30 01:00:00,Random Forest,1,1.0460362376587808,1.1114420333295532,2020-05-30 01:00:00,2021-05-30 01:00:00,2021-05-30 01:00:00,366,1
966,2021-05-30 01:00:00,Neural Network,1,1.0460362376587808,0.9195554665491528,2020-05-30 01:00:00,2021-05-30 01:00:00,2021-05-30 01:00:00,366,1
967,2021-05-30 01:00:00,Naive,1,1.0460362376587808,1.5027350377037247,2020-05-30 01:00:00,2021-05-30 01:00:00,2021-05-30 01:00:00,366,1
968,2021-05-31 01:00:00,Decision Tree,1,1.1333268009296047,1.2064548420512078,2020-05-31 01:00:00,2021-05-31 01:00:00,2021-05-31 01:00:00,366,1
969,2021-05-31 01:00:00,Random Forest,1,1.1333268009296047,1.2268581886701222,2020-05-31 01:00:00,2021-05-31 01:00:00,2021-05-31 01:00:00,366,1
970,2021-05-31 01:00:00,Neural Network,1,1.1333268009296047,1.0519687400065147,2020-05-31 01:00:00,2021-05-31 01:00:00,2021-05-31 01:00:00,366,1
971,2021-05-31 01:00:00,Naive,1,1.1333268009296047,1.0460362376587808,2020-05-31 01:00:00,2021-05-31 01:00:00,2021-05-31 01:00:00,366,1
972,2021-06-01 01:00:00,Decision Tree,1,1.19093789052878,1.2388067278742783,2020-06-01 01:00:00,2021-06-01 01:00:00,2021-06-01 01:00:00,366,1
973,2021-06-01 01:00:00,Random Forest,1,1.19093789052878,1.2333106013733752,2020-06-01 01:00:00,2021-06-01 01:00:00,2021-06-01 01:00:00,366,1
974,2021-06-01 01:00:00,Neural Network,1,1.19093789052878,1.1791979617528177,2020-06-01 01:00:00,2021-06-01 01:00:00,2021-06-01 01:00:00,366,1
975,2021-06-01 01:00:00,Naive,1,1.19093789052878,1.1333268009296047,2020-06-01 01:00:00,2021-06-01 01:00:00,2021-06-01 01:00:00,366,1
976,2021-06-02 01:00:00,Decision Tree,1,1.2724964122973312,1.3692814771977844,2020-06-02 01:00:00,2021-06-02 01:00:00,2021-06-02 01:00:00,366,1
977,2021-06-02 01:00:00,Random Forest,1,1.2724964122973312,1.3364264686866774,2020-06-02 01:00:00,2021-06-02 01:00:00,2021-06-02 01:00:00,366,1
978,2021-06-02 01:00:00,Neural Network,1,1.2724964122973312,1.2889456096403344,2020-06-02 01:00:00,2021-06-02 01:00:00,2021-06-02 01:00:00,366,1
979,2021-06-02 01:00:00,Naive,1,1.2724964122973312,1.19093789052878,2020-06-02 01:00:00,2021-06-02 01:00:00,2021-06-02 01:00:00,366,1
980,2021-06-03 01:00:00,Decision Tree,1,0.9898160983926432,1.0317318061677507,2020-06-03 01:00:00,2021-06-03 01:00:00,2021-06-03 01:00:00,366,1
981,2021-06-03 01:00:00,Random Forest,1,0.9898160983926432,1.05411604184938,2020-06-03 01:00:00,2021-06-03 01:00:00,2021-06-03 01:00:00,366,1
982,2021-06-03 01:00:00,Neural Network,1,0.9898160983926432,1.0610211449206868,2020-06-03 01:00:00,2021-06-03 01:00:00,2021-06-03 01:00:00,366,1
983,2021-06-03 01:00:00,Naive,1,0.9898160983926432,1.2724964122973312,2020-06-03 01:00:00,2021-06-03 01:00:00,2021-06-03 01:00:00,366,1
984,2021-06-04 01:00:00,Decision Tree,1,1.3157556923096727,1.422275801241355,2020-06-04 01:00:00,2021-06-04 01:00:00,2021-06-04 01:00:00,366,1
985,2021-06-04 01:00:00,Random Forest,1,1.3157556923096727,1.3833060002073012,2020-06-04 01:00:00,2021-06-04 01:00:00,2021-06-04 01:00:00,366,1
986,2021-06-04 01:00:00,Neural Network,1,1.3157556923096727,1.3774762532486444,2020-06-04 01:00:00,2021-06-04 01:00:00,2021-06-04 01:00:00,366,1
987,2021-06-04 01:00:00,Naive,1,1.3157556923096727,0.9898160983926432,2020-06-04 01:00:00,2021-06-04 01:00:00,2021-06-04 01:00:00,366,1
988,2021-06-05 01:00:00,Decision Tree,1,1.3863095267202585,1.484332662271079,2020-06-05 01:00:00,2021-06-05 01:00:00,2021-06-05 01:00:00,366,1
989,2021-06-05 01:00:00,Random Forest,1,1.3863095267202585,1.457709480091772,2020-06-05 01:00:00,2021-06-05 01:00:00,2021-06-05 01:00:00,366,1
990,2021-06-05 01:00:00,Neural Network,1,1.3863095267202585,1.3912172328371504,2020-06-05 01:00:00,2021-06-05 01:00:00,2021-06-05 01:00:00,366,1
991,2021-06-05 01:00:00,Naive,1,1.3863095267202585,1.3157556923096727,2020-06-05 01:00:00,2021-06-05 01:00:00,2021-06-05 01:00:00,366,1
992,2021-06-06 01:00:00,Decision Tree,1,1.138891076251578,1.1870037049192845,2020-06-06 01:00:00,2021-06-06 01:00:00,2021-06-06 01:00:00,366,1
993,2021-06-06 01:00:00,Random Forest,1,1.138891076251578,1.1945007512969295,2020-06-06 01:00:00,2021-06-06 01:00:00,2021-06-06 01:00:00,366,1
994,2021-06-06 01:00:00,Neural Network,1,1.138891076251578,1.1035094224188997,2020-06-06 01:00:00,2021-06-06 01:00:00,2021-06-06 01:00:00,366,1
995,2021-06-06 01:00:00,Naive,1,1.138891076251578,1.3863095267202585,2020-06-06 01:00:00,2021-06-06 01:00:00,2021-06-06 01:00:00,366,1
996,2021-06-07 01:00:00,Decision Tree,1,1.2138899893724737,1.3160838895127314,2020-06-07 01:00:00,2021-06-07 01:00:00,2021-06-07 01:00:00,366,1
997,2021-06-07 01:00:00,Random Forest,1,1.2138899893724737,1.2804551550329812,2020-06-07 01:00:00,2021-06-07 01:00:00,2021-06-07 01:00:00,366,1
998,2021-06-07 01:00:00,Neural Network,1,1.2138899893724737,1.0583132104873731,2020-06-07 01:00:00,2021-06-07 01:00:00,2021-06-07 01:00:00,366,1
999,2021-06-07 01:00:00,Naive,1,1.2138899893724737,1.138891076251578,2020-06-07 01:00:00,2021-06-07 01:00:00,2021-06-07 01:00:00,366,1
1000,2021-06-08 01:00:00,Decision Tree,1,1.3447397492840802,1.4410022468329888,2020-06-08 01:00:00,2021-06-08 01:00:00,2021-06-08 01:00:00,366,1
1001,2021-06-08 01:00:00,Random Forest,1,1.3447397492840802,1.441031262394327,2020-06-08 01:00:00,2021-06-08 01:00:00,2021-06-08 01:00:00,366,1
1002,2021-06-08 01:00:00,Neural Network,1,1.3447397492840802,1.460691346814722,2020-06-08 01:00:00,2021-06-08 01:00:00,2021-06-08 01:00:00,366,1
1003,2021-06-08 01:00:00,Naive,1,1.3447397492840802,1.2138899893724737,2020-06-08 01:00:00,2021-06-08 01:00:00,2021-06-08 01:00:00,366,1
1004,2021-06-09 01:00:00,Decision Tree,1,1.4006327909632372,1.4756649589231847,2020-06-09 01:00:00,2021-06-09 01:00:00,2021-06-09 01:00:00,366,1
1005,2021-06-09 01:00:00,Random Forest,1,1.4006327909632372,1.4367560103345223,2020-06-09 01:00:00,2021-06-09 01:00:00,2021-06-09 01:00:00,366,1
1006,2021-06-09 01:00:00,Neural Network,1,1.4006327909632372,1.573986667834444,2020-06-09 01:00:00,2021-06-09 01:00:00,2021-06-09 01:00:00,366,1
1007,2021-06-09 01:00:00,Naive,1,1.4006327909632372,1.3447397492840802,2020-06-09 01:00:00,2021-06-09 01:00:00,2021-06-09 01:00:00,366,1
1008,2021-06-10 01:00:00,Decision Tree,1,1.579720650717792,1.4354013991977916,2020-06-10 01:00:00,2021-06-10 01:00:00,2021-06-10 01:00:00,366,1
1009,2021-06-10 01:00:00,Random Forest,1,1.579720650717792,1.5048077937626454,2020-06-10 01:00:00,2021-06-10 01:00:00,2021-06-10 01:00:00,366,1
1010,2021-06-10 01:00:00,Neural Network,1,1.579720650717792,1.8123530960636196,2020-06-10 01:00:00,2021-06-10 01:00:00,2021-06-10 01:00:00,366,1
1011,2021-06-10 01:00:00,Naive,1,1.579720650717792,1.4006327909632372,2020-06-10 01:00:00,2021-06-10 01:00:00,2021-06-10 01:00:00,366,1
1012,2021-06-11 01:00:00,Decision Tree,1,1.6309962547502679,1.5365717614816898,2020-06-11 01:00:00,2021-06-11 01:00:00,2021-06-11 01:00:00,366,1
1013,2021-06-11 01:00:00,Random Forest,1,1.6309962547502679,1.5377997029541426,2020-06-11 01:00:00,2021-06-11 01:00:00,2021-06-11 01:00:00,366,1
1014,2021-06-11 01:00:00,Neural Network,1,1.6309962547502679,1.8757743245281815,2020-06-11 01:00:00,2021-06-11 01:00:00,2021-06-11 01:00:00,366,1
1015,2021-06-11 01:00:00,Naive,1,1.6309962547502679,1.579720650717792,2020-06-11 01:00:00,2021-06-11 01:00:00,2021-06-11 01:00:00,366,1
1016,2021-06-12 01:00:00,Decision Tree,1,1.519698978219797,1.5523091770264525,2020-06-12 01:00:00,2021-06-12 01:00:00,2021-06-12 01:00:00,366,1
1017,2021-06-12 01:00:00,Random Forest,1,1.519698978219797,1.5462747043824256,2020-06-12 01:00:00,2021-06-12 01:00:00,2021-06-12 01:00:00,366,1
1018,2021-06-12 01:00:00,Neural Network,1,1.519698978219797,1.5755174870785884,2020-06-12 01:00:00,2021-06-12 01:00:00,2021-06-12 01:00:00,366,1
1019,2021-06-12 01:00:00,Naive,1,1.519698978219797,1.6309962547502679,2020-06-12 01:00:00,2021-06-12 01:00:00,2021-06-12 01:00:00,366,1
1020,2021-06-13 01:00:00,Decision Tree,1,-1.3007417768081355,-1.1967723703827735,2020-06-13 01:00:00,2021-06-13 01:00:00,2021-06-13 01:00:00,366,1
1021,2021-06-13 01:00:00,Random Forest,1,-1.3007417768081355,-1.323063461143551,2020-06-13 01:00:00,2021-06-13 01:00:00,2021-06-13 01:00:00,366,1
1022,2021-06-13 01:00:00,Neural Network,1,-1.3007417768081355,-1.0862973054054061,2020-06-13 01:00:00,2021-06-13 01:00:00,2021-06-13 01:00:00,366,1
1023,2021-06-13 01:00:00,Naive,1,-1.3007417768081355,1.519698978219797,2020-06-13 01:00:00,2021-06-13 01:00:00,2021-06-13 01:00:00,366,1
1024,2021-06-14 01:00:00,Decision Tree,1,1.2852280797179352,1.3750520789591651,2020-06-14 01:00:00,2021-06-14 01:00:00,2021-06-14 01:00:00,366,1
1025,2021-06-14 01:00:00,Random Forest,1,1.2852280797179352,1.3468486670909565,2020-06-14 01:00:00,2021-06-14 01:00:00,2021-06-14 01:00:00,366,1
1026,2021-06-14 01:00:00,Neural Network,1,1.2852280797179352,1.2421008355724683,2020-06-14 01:00:00,2021-06-14 01:00:00,2021-06-14 01:00:00,366,1
1027,2021-06-14 01:00:00,Naive,1,1.2852280797179352,-1.3007417768081355,2020-06-14 01:00:00,2021-06-14 01:00:00,2021-06-14 01:00:00,366,1
1028,2021-06-15 01:00:00,Decision Tree,1,1.5348031582035369,1.5579174791397754,2020-06-15 01:00:00,2021-06-15 01:00:00,2021-06-15 01:00:00,366,1
1029,2021-06-15 01:00:00,Random Forest,1,1.5348031582035369,1.545450696612107,2020-06-15 01:00:00,2021-06-15 01:00:00,2021-06-15 01:00:00,366,1
1030,2021-06-15 01:00:00,Neural Network,1,1.5348031582035369,1.6604622319234614,2020-06-15 01:00:00,2021-06-15 01:00:00,2021-06-15 01:00:00,366,1
1031,2021-06-15 01:00:00,Naive,1,1.5348031582035369,1.2852280797179352,2020-06-15 01:00:00,2021-06-15 01:00:00,2021-06-15 01:00:00,366,1
1032,2021-06-16 01:00:00,Decision Tree,1,1.5121909010031669,1.554615433291741,2020-06-16 01:00:00,2021-06-16 01:00:00,2021-06-16 01:00:00,366,1
1033,2021-06-16 01:00:00,Random Forest,1,1.5121909010031669,1.5643510782908534,2020-06-16 01:00:00,2021-06-16 01:00:00,2021-06-16 01:00:00,366,1
1034,2021-06-16 01:00:00,Neural Network,1,1.5121909010031669,1.7675937834912607,2020-06-16 01:00:00,2021-06-16 01:00:00,2021-06-16 01:00:00,366,1
1035,2021-06-16 01:00:00,Naive,1,1.5121909010031669,1.5348031582035369,2020-06-16 01:00:00,2021-06-16 01:00:00,2021-06-16 01:00:00,366,1
1036,2021-06-17 01:00:00,Decision Tree,1,1.3730124317699082,1.4335308130142868,2020-06-17 01:00:00,2021-06-17 01:00:00,2021-06-17 01:00:00,366,1
1037,2021-06-17 01:00:00,Random Forest,1,1.3730124317699082,1.4121907775697478,2020-06-17 01:00:00,2021-06-17 01:00:00,2021-06-17 01:00:00,366,1
1038,2021-06-17 01:00:00,Neural Network,1,1.3730124317699082,1.5301258355072147,2020-06-17 01:00:00,2021-06-17 01:00:00,2021-06-17 01:00:00,366,1
1039,2021-06-17 01:00:00,Naive,1,1.3730124317699082,1.5121909010031669,2020-06-17 01:00:00,2021-06-17 01:00:00,2021-06-17 01:00:00,366,1
1040,2021-06-18 01:00:00,Decision Tree,1,1.4824843030151096,1.5422831221761353,2020-06-18 01:00:00,2021-06-18 01:00:00,2021-06-18 01:00:00,366,1
1041,2021-06-18 01:00:00,Random Forest,1,1.4824843030151096,1.5519335061854265,2020-06-18 01:00:00,2021-06-18 01:00:00,2021-06-18 01:00:00,366,1
1042,2021-06-18 01:00:00,Neural Network,1,1.4824843030151096,1.5668838299039571,2020-06-18 01:00:00,2021-06-18 01:00:00,2021-06-18 01:00:00,366,1
1043,2021-06-18 01:00:00,Naive,1,1.4824843030151096,1.3730124317699082,2020-06-18 01:00:00,2021-06-18 01:00:00,2021-06-18 01:00:00,366,1
1044,2021-06-19 01:00:00,Decision Tree,1,1.5899238184763989,1.515112777035988,2020-06-19 01:00:00,2021-06-19 01:00:00,2021-06-19 01:00:00,366,1
1045,2021-06-19 01:00:00,Random Forest,1,1.5899238184763989,1.5319911379620375,2020-06-19 01:00:00,2021-06-19 01:00:00,2021-06-19 01:00:00,366,1
1046,2021-06-19 01:00:00,Neural Network,1,1.5899238184763989,1.676072132078328,2020-06-19 01:00:00,2021-06-19 01:00:00,2021-06-19 01:00:00,366,1
1047,2021-06-19 01:00:00,Naive,1,1.5899238184763989,1.4824843030151096,2020-06-19 01:00:00,2021-06-19 01:00:00,2021-06-19 01:00:00,366,1
1048,2021-06-20 01:00:00,Decision Tree,1,1.3857267832765663,1.517553572987594,2020-06-20 01:00:00,2021-06-20 01:00:00,2021-06-20 01:00:00,366,1
1049,2021-06-20 01:00:00,Random Forest,1,1.3857267832765663,1.45787449567702,2020-06-20 01:00:00,2021-06-20 01:00:00,2021-06-20 01:00:00,366,1
1050,2021-06-20 01:00:00,Neural Network,1,1.3857267832765663,1.3341709741826282,2020-06-20 01:00:00,2021-06-20 01:00:00,2021-06-20 01:00:00,366,1
1051,2021-06-20 01:00:00,Naive,1,1.3857267832765663,1.5899238184763989,2020-06-20 01:00:00,2021-06-20 01:00:00,2021-06-20 01:00:00,366,1
1052,2021-06-21 01:00:00,Decision Tree,1,1.2635474702933658,1.331849786030503,2020-06-21 01:00:00,2021-06-21 01:00:00,2021-06-21 01:00:00,366,1
1053,2021-06-21 01:00:00,Random Forest,1,1.2635474702933658,1.3169020746995541,2020-06-21 01:00:00,2021-06-21 01:00:00,2021-06-21 01:00:00,366,1
1054,2021-06-21 01:00:00,Neural Network,1,1.2635474702933658,1.3057422880556833,2020-06-21 01:00:00,2021-06-21 01:00:00,2021-06-21 01:00:00,366,1
1055,2021-06-21 01:00:00,Naive,1,1.2635474702933658,1.3857267832765663,2020-06-21 01:00:00,2021-06-21 01:00:00,2021-06-21 01:00:00,366,1
1056,2021-06-22 01:00:00,Decision Tree,1,1.425012070869105,1.5238544544771402,2020-06-22 01:00:00,2021-06-22 01:00:00,2021-06-22 01:00:00,366,1
1057,2021-06-22 01:00:00,Random Forest,1,1.425012070869105,1.5108586690407146,2020-06-22 01:00:00,2021-06-22 01:00:00,2021-06-22 01:00:00,366,1
1058,2021-06-22 01:00:00,Neural Network,1,1.425012070869105,1.4839843523655252,2020-06-22 01:00:00,2021-06-22 01:00:00,2021-06-22 01:00:00,366,1
1059,2021-06-22 01:00:00,Naive,1,1.425012070869105,1.2635474702933658,2020-06-22 01:00:00,2021-06-22 01:00:00,2021-06-22 01:00:00,366,1
1060,2021-06-23 01:00:00,Decision Tree,1,1.5331942821708784,1.5695269566302323,2020-06-23 01:00:00,2021-06-23 01:00:00,2021-06-23 01:00:00,366,1
1061,2021-06-23 01:00:00,Random Forest,1,1.5331942821708784,1.564137235481891,2020-06-23 01:00:00,2021-06-23 01:00:00,2021-06-23 01:00:00,366,1
1062,2021-06-23 01:00:00,Neural Network,1,1.5331942821708784,1.3322375688632475,2020-06-23 01:00:00,2021-06-23 01:00:00,2021-06-23 01:00:00,366,1
1063,2021-06-23 01:00:00,Naive,1,1.5331942821708784,1.425012070869105,2020-06-23 01:00:00,2021-06-23 01:00:00,2021-06-23 01:00:00,366,1
1064,2021-06-24 01:00:00,Decision Tree,1,1.6919504515772965,1.5737276328637748,2020-06-24 01:00:00,2021-06-24 01:00:00,2021-06-24 01:00:00,366,1
1065,2021-06-24 01:00:00,Random Forest,1,1.6919504515772965,1.5839868808672615,2020-06-24 01:00:00,2021-06-24 01:00:00,2021-06-24 01:00:00,366,1
1066,2021-06-24 01:00:00,Neural Network,1,1.6919504515772965,2.0510289124345604,2020-06-24 01:00:00,2021-06-24 01:00:00,2021-06-24 01:00:00,366,1
1067,2021-06-24 01:00:00,Naive,1,1.6919504515772965,1.5331942821708784,2020-06-24 01:00:00,2021-06-24 01:00:00,2021-06-24 01:00:00,366,1
1068,2021-06-25 01:00:00,Decision Tree,1,1.6970573909758795,1.6051570915385267,2020-06-25 01:00:00,2021-06-25 01:00:00,2021-06-25 01:00:00,366,1
1069,2021-06-25 01:00:00,Random Forest,1,1.6970573909758795,1.625988732425594,2020-06-25 01:00:00,2021-06-25 01:00:00,2021-06-25 01:00:00,366,1
1070,2021-06-25 01:00:00,Neural Network,1,1.6970573909758795,1.9981706321318258,2020-06-25 01:00:00,2021-06-25 01:00:00,2021-06-25 01:00:00,366,1
1071,2021-06-25 01:00:00,Naive,1,1.6970573909758795,1.6919504515772965,2020-06-25 01:00:00,2021-06-25 01:00:00,2021-06-25 01:00:00,366,1
1072,2021-06-26 01:00:00,Decision Tree,1,1.7948114459803544,1.637929713299527,2020-06-26 01:00:00,2021-06-26 01:00:00,2021-06-26 01:00:00,366,1
1073,2021-06-26 01:00:00,Random Forest,1,1.7948114459803544,1.6381483566339696,2020-06-26 01:00:00,2021-06-26 01:00:00,2021-06-26 01:00:00,366,1
1074,2021-06-26 01:00:00,Neural Network,1,1.7948114459803544,2.08365822318561,2020-06-26 01:00:00,2021-06-26 01:00:00,2021-06-26 01:00:00,366,1
1075,2021-06-26 01:00:00,Naive,1,1.7948114459803544,1.6970573909758795,2020-06-26 01:00:00,2021-06-26 01:00:00,2021-06-26 01:00:00,366,1
1076,2021-06-27 01:00:00,Decision Tree,1,1.4872442574429938,1.534555778347169,2020-06-27 01:00:00,2021-06-27 01:00:00,2021-06-27 01:00:00,366,1
1077,2021-06-27 01:00:00,Random Forest,1,1.4872442574429938,1.5460109259817205,2020-06-27 01:00:00,2021-06-27 01:00:00,2021-06-27 01:00:00,366,1
1078,2021-06-27 01:00:00,Neural Network,1,1.4872442574429938,1.586706314728851,2020-06-27 01:00:00,2021-06-27 01:00:00,2021-06-27 01:00:00,366,1
1079,2021-06-27 01:00:00,Naive,1,1.4872442574429938,1.7948114459803544,2020-06-27 01:00:00,2021-06-27 01:00:00,2021-06-27 01:00:00,366,1
1080,2021-06-28 01:00:00,Decision Tree,1,1.547209960525087,1.5292989426911496,2020-06-28 01:00:00,2021-06-28 01:00:00,2021-06-28 01:00:00,366,1
1081,2021-06-28 01:00:00,Random Forest,1,1.547209960525087,1.5680480085585087,2020-06-28 01:00:00,2021-06-28 01:00:00,2021-06-28 01:00:00,366,1
1082,2021-06-28 01:00:00,Neural Network,1,1.547209960525087,1.6096482082450834,2020-06-28 01:00:00,2021-06-28 01:00:00,2021-06-28 01:00:00,366,1
1083,2021-06-28 01:00:00,Naive,1,1.547209960525087,1.4872442574429938,2020-06-28 01:00:00,2021-06-28 01:00:00,2021-06-28 01:00:00,366,1
1084,2021-06-29 01:00:00,Decision Tree,1,1.6172329809750507,1.6809478723520392,2020-06-29 01:00:00,2021-06-29 01:00:00,2021-06-29 01:00:00,366,1
1085,2021-06-29 01:00:00,Random Forest,1,1.6172329809750507,1.6161464275552497,2020-06-29 01:00:00,2021-06-29 01:00:00,2021-06-29 01:00:00,366,1
1086,2021-06-29 01:00:00,Neural Network,1,1.6172329809750507,1.7456720002152841,2020-06-29 01:00:00,2021-06-29 01:00:00,2021-06-29 01:00:00,366,1
1087,2021-06-29 01:00:00,Naive,1,1.6172329809750507,1.547209960525087,2020-06-29 01:00:00,2021-06-29 01:00:00,2021-06-29 01:00:00,366,1
1088,2021-06-30 01:00:00,Decision Tree,1,1.6783942711719049,1.6864097048517699,2020-06-30 01:00:00,2021-06-30 01:00:00,2021-06-30 01:00:00,366,1
1089,2021-06-30 01:00:00,Random Forest,1,1.6783942711719049,1.673943469679992,2020-06-30 01:00:00,2021-06-30 01:00:00,2021-06-30 01:00:00,366,1
1090,2021-06-30 01:00:00,Neural Network,1,1.6783942711719049,1.7208650374025583,2020-06-30 01:00:00,2021-06-30 01:00:00,2021-06-30 01:00:00,366,1
1091,2021-06-30 01:00:00,Naive,1,1.6783942711719049,1.6172329809750507,2020-06-30 01:00:00,2021-06-30 01:00:00,2021-06-30 01:00:00,366,1
1092,2021-07-01 01:00:00,Decision Tree,1,1.6027035096298377,1.6850737992384592,2020-07-01 01:00:00,2021-07-01 01:00:00,2021-07-01 01:00:00,366,1
1093,2021-07-01 01:00:00,Random Forest,1,1.6027035096298377,1.626352913002074,2020-07-01 01:00:00,2021-07-01 01:00:00,2021-07-01 01:00:00,366,1
1094,2021-07-01 01:00:00,Neural Network,1,1.6027035096298377,1.68043558683253,2020-07-01 01:00:00,2021-07-01 01:00:00,2021-07-01 01:00:00,366,1
1095,2021-07-01 01:00:00,Naive,1,1.6027035096298377,1.6783942711719049,2020-07-01 01:00:00,2021-07-01 01:00:00,2021-07-01 01:00:00,366,1
1096,2021-07-02 01:00:00,Decision Tree,1,1.8028278878842052,1.673306615008656,2020-07-02 01:00:00,2021-07-02 01:00:00,2021-07-02 01:00:00,366,1
1097,2021-07-02 01:00:00,Random Forest,1,1.8028278878842052,1.6935178525970997,2020-07-02 01:00:00,2021-07-02 01:00:00,2021-07-02 01:00:00,366,1
1098,2021-07-02 01:00:00,Neural Network,1,1.8028278878842052,1.9910491030951716,2020-07-02 01:00:00,2021-07-02 01:00:00,2021-07-02 01:00:00,366,1
1099,2021-07-02 01:00:00,Naive,1,1.8028278878842052,1.6027035096298377,2020-07-02 01:00:00,2021-07-02 01:00:00,2021-07-02 01:00:00,366,1
1100,2021-07-03 01:00:00,Decision Tree,1,1.7782996497502002,1.7330082895179282,2020-07-03 01:00:00,2021-07-03 01:00:00,2021-07-03 01:00:00,366,1
1101,2021-07-03 01:00:00,Random Forest,1,1.7782996497502002,1.7460134714902005,2020-07-03 01:00:00,2021-07-03 01:00:00,2021-07-03 01:00:00,366,1
1102,2021-07-03 01:00:00,Neural Network,1,1.7782996497502002,2.005059227343197,2020-07-03 01:00:00,2021-07-03 01:00:00,2021-07-03 01:00:00,366,1
1103,2021-07-03 01:00:00,Naive,1,1.7782996497502002,1.8028278878842052,2020-07-03 01:00:00,2021-07-03 01:00:00,2021-07-03 01:00:00,366,1
1104,2021-07-04 01:00:00,Decision Tree,1,1.8204949033411522,1.7405568495566401,2020-07-04 01:00:00,2021-07-04 01:00:00,2021-07-04 01:00:00,366,1
1105,2021-07-04 01:00:00,Random Forest,1,1.8204949033411522,1.7632822181701335,2020-07-04 01:00:00,2021-07-04 01:00:00,2021-07-04 01:00:00,366,1
1106,2021-07-04 01:00:00,Neural Network,1,1.8204949033411522,2.071136084225104,2020-07-04 01:00:00,2021-07-04 01:00:00,2021-07-04 01:00:00,366,1
1107,2021-07-04 01:00:00,Naive,1,1.8204949033411522,1.7782996497502002,2020-07-04 01:00:00,2021-07-04 01:00:00,2021-07-04 01:00:00,366,1
1108,2021-07-05 01:00:00,Decision Tree,1,1.56817191573714,1.6065973494637629,2020-07-05 01:00:00,2021-07-05 01:00:00,2021-07-05 01:00:00,366,1
1109,2021-07-05 01:00:00,Random Forest,1,1.56817191573714,1.6268998519313624,2020-07-05 01:00:00,2021-07-05 01:00:00,2021-07-05 01:00:00,366,1
1110,2021-07-05 01:00:00,Neural Network,1,1.56817191573714,1.6256463286885128,2020-07-05 01:00:00,2021-07-05 01:00:00,2021-07-05 01:00:00,366,1
1111,2021-07-05 01:00:00,Naive,1,1.56817191573714,1.8204949033411522,2020-07-05 01:00:00,2021-07-05 01:00:00,2021-07-05 01:00:00,366,1
1112,2021-07-06 01:00:00,Decision Tree,1,1.6280707286284835,1.6256247431882707,2020-07-06 01:00:00,2021-07-06 01:00:00,2021-07-06 01:00:00,366,1
1113,2021-07-06 01:00:00,Random Forest,1,1.6280707286284835,1.713282280053988,2020-07-06 01:00:00,2021-07-06 01:00:00,2021-07-06 01:00:00,366,1
1114,2021-07-06 01:00:00,Neural Network,1,1.6280707286284835,1.761707773750362,2020-07-06 01:00:00,2021-07-06 01:00:00,2021-07-06 01:00:00,366,1
1115,2021-07-06 01:00:00,Naive,1,1.6280707286284835,1.56817191573714,2020-07-06 01:00:00,2021-07-06 01:00:00,2021-07-06 01:00:00,366,1
1116,2021-07-07 01:00:00,Decision Tree,1,1.5535288995962993,1.6259304913682975,2020-07-07 01:00:00,2021-07-07 01:00:00,2021-07-07 01:00:00,366,1
1117,2021-07-07 01:00:00,Random Forest,1,1.5535288995962993,1.6015741943058364,2020-07-07 01:00:00,2021-07-07 01:00:00,2021-07-07 01:00:00,366,1
1118,2021-07-07 01:00:00,Neural Network,1,1.5535288995962993,1.7415850810670754,2020-07-07 01:00:00,2021-07-07 01:00:00,2021-07-07 01:00:00,366,1
1119,2021-07-07 01:00:00,Naive,1,1.5535288995962993,1.6280707286284835,2020-07-07 01:00:00,2021-07-07 01:00:00,2021-07-07 01:00:00,366,1
1120,2021-07-08 01:00:00,Decision Tree,1,1.7268232287084853,1.7786982555863582,2020-07-08 01:00:00,2021-07-08 01:00:00,2021-07-08 01:00:00,366,1
1121,2021-07-08 01:00:00,Random Forest,1,1.7268232287084853,1.7455281193850722,2020-07-08 01:00:00,2021-07-08 01:00:00,2021-07-08 01:00:00,366,1
1122,2021-07-08 01:00:00,Neural Network,1,1.7268232287084853,1.8927975051957784,2020-07-08 01:00:00,2021-07-08 01:00:00,2021-07-08 01:00:00,366,1
1123,2021-07-08 01:00:00,Naive,1,1.7268232287084853,1.5535288995962993,2020-07-08 01:00:00,2021-07-08 01:00:00,2021-07-08 01:00:00,366,1
1124,2021-07-09 01:00:00,Decision Tree,1,1.6137656874162931,1.6086277973706729,2020-07-09 01:00:00,2021-07-09 01:00:00,2021-07-09 01:00:00,366,1
1125,2021-07-09 01:00:00,Random Forest,1,1.6137656874162931,1.6580624998164772,2020-07-09 01:00:00,2021-07-09 01:00:00,2021-07-09 01:00:00,366,1
1126,2021-07-09 01:00:00,Neural Network,1,1.6137656874162931,1.7788935973843698,2020-07-09 01:00:00,2021-07-09 01:00:00,2021-07-09 01:00:00,366,1
1127,2021-07-09 01:00:00,Naive,1,1.6137656874162931,1.7268232287084853,2020-07-09 01:00:00,2021-07-09 01:00:00,2021-07-09 01:00:00,366,1
1128,2021-07-10 01:00:00,Decision Tree,1,1.672856787912732,1.7588949940310818,2020-07-10 01:00:00,2021-07-10 01:00:00,2021-07-10 01:00:00,366,1
1129,2021-07-10 01:00:00,Random Forest,1,1.672856787912732,1.7318099642837674,2020-07-10 01:00:00,2021-07-10 01:00:00,2021-07-10 01:00:00,366,1
1130,2021-07-10 01:00:00,Neural Network,1,1.672856787912732,1.8096501419517435,2020-07-10 01:00:00,2021-07-10 01:00:00,2021-07-10 01:00:00,366,1
1131,2021-07-10 01:00:00,Naive,1,1.672856787912732,1.6137656874162931,2020-07-10 01:00:00,2021-07-10 01:00:00,2021-07-10 01:00:00,366,1
1132,2021-07-11 01:00:00,Decision Tree,1,1.633051084245173,1.6736659260532594,2020-07-11 01:00:00,2021-07-11 01:00:00,2021-07-11 01:00:00,366,1
1133,2021-07-11 01:00:00,Random Forest,1,1.633051084245173,1.7023710529854994,2020-07-11 01:00:00,2021-07-11 01:00:00,2021-07-11 01:00:00,366,1
1134,2021-07-11 01:00:00,Neural Network,1,1.633051084245173,1.832945331150016,2020-07-11 01:00:00,2021-07-11 01:00:00,2021-07-11 01:00:00,366,1
1135,2021-07-11 01:00:00,Naive,1,1.633051084245173,1.672856787912732,2020-07-11 01:00:00,2021-07-11 01:00:00,2021-07-11 01:00:00,366,1
1136,2021-07-12 01:00:00,Decision Tree,1,1.5611872151059656,1.6005492244012214,2020-07-12 01:00:00,2021-07-12 01:00:00,2021-07-12 01:00:00,366,1
1137,2021-07-12 01:00:00,Random Forest,1,1.5611872151059656,1.6056386527691846,2020-07-12 01:00:00,2021-07-12 01:00:00,2021-07-12 01:00:00,366,1
1138,2021-07-12 01:00:00,Neural Network,1,1.5611872151059656,1.5537794960540585,2020-07-12 01:00:00,2021-07-12 01:00:00,2021-07-12 01:00:00,366,1
1139,2021-07-12 01:00:00,Naive,1,1.5611872151059656,1.633051084245173,2020-07-12 01:00:00,2021-07-12 01:00:00,2021-07-12 01:00:00,366,1
1140,2021-07-13 01:00:00,Decision Tree,1,1.7215224535628955,1.7481402182662882,2020-07-13 01:00:00,2021-07-13 01:00:00,2021-07-13 01:00:00,366,1
1141,2021-07-13 01:00:00,Random Forest,1,1.7215224535628955,1.7423819734153156,2020-07-13 01:00:00,2021-07-13 01:00:00,2021-07-13 01:00:00,366,1
1142,2021-07-13 01:00:00,Neural Network,1,1.7215224535628955,1.8554272353939363,2020-07-13 01:00:00,2021-07-13 01:00:00,2021-07-13 01:00:00,366,1
1143,2021-07-13 01:00:00,Naive,1,1.7215224535628955,1.5611872151059656,2020-07-13 01:00:00,2021-07-13 01:00:00,2021-07-13 01:00:00,366,1
1144,2021-07-14 01:00:00,Decision Tree,1,1.5358866703288714,1.634688055711738,2020-07-14 01:00:00,2021-07-14 01:00:00,2021-07-14 01:00:00,366,1
1145,2021-07-14 01:00:00,Random Forest,1,1.5358866703288714,1.589191984764241,2020-07-14 01:00:00,2021-07-14 01:00:00,2021-07-14 01:00:00,366,1
1146,2021-07-14 01:00:00,Neural Network,1,1.5358866703288714,1.6295961298545532,2020-07-14 01:00:00,2021-07-14 01:00:00,2021-07-14 01:00:00,366,1
1147,2021-07-14 01:00:00,Naive,1,1.5358866703288714,1.7215224535628955,2020-07-14 01:00:00,2021-07-14 01:00:00,2021-07-14 01:00:00,366,1
1148,2021-07-15 01:00:00,Decision Tree,1,1.570544982263921,1.6540474228628517,2020-07-15 01:00:00,2021-07-15 01:00:00,2021-07-15 01:00:00,366,1
1149,2021-07-15 01:00:00,Random Forest,1,1.570544982263921,1.6082367545895235,2020-07-15 01:00:00,2021-07-15 01:00:00,2021-07-15 01:00:00,366,1
1150,2021-07-15 01:00:00,Neural Network,1,1.570544982263921,1.6462411478959877,2020-07-15 01:00:00,2021-07-15 01:00:00,2021-07-15 01:00:00,366,1
1151,2021-07-15 01:00:00,Naive,1,1.570544982263921,1.5358866703288714,2020-07-15 01:00:00,2021-07-15 01:00:00,2021-07-15 01:00:00,366,1
1152,2021-07-16 01:00:00,Decision Tree,1,1.5224251373549536,1.5947778431676434,2020-07-16 01:00:00,2021-07-16 01:00:00,2021-07-16 01:00:00,366,1
1153,2021-07-16 01:00:00,Random Forest,1,1.5224251373549536,1.581705615920984,2020-07-16 01:00:00,2021-07-16 01:00:00,2021-07-16 01:00:00,366,1
1154,2021-07-16 01:00:00,Neural Network,1,1.5224251373549536,1.5786896961347956,2020-07-16 01:00:00,2021-07-16 01:00:00,2021-07-16 01:00:00,366,1
1155,2021-07-16 01:00:00,Naive,1,1.5224251373549536,1.570544982263921,2020-07-16 01:00:00,2021-07-16 01:00:00,2021-07-16 01:00:00,366,1
1156,2021-07-17 01:00:00,Decision Tree,1,1.3941961710675004,1.5229962291878192,2020-07-17 01:00:00,2021-07-17 01:00:00,2021-07-17 01:00:00,366,1
1157,2021-07-17 01:00:00,Random Forest,1,1.3941961710675004,1.5158027453712333,2020-07-17 01:00:00,2021-07-17 01:00:00,2021-07-17 01:00:00,366,1
1158,2021-07-17 01:00:00,Neural Network,1,1.3941961710675004,1.502105658200121,2020-07-17 01:00:00,2021-07-17 01:00:00,2021-07-17 01:00:00,366,1
1159,2021-07-17 01:00:00,Naive,1,1.3941961710675004,1.5224251373549536,2020-07-17 01:00:00,2021-07-17 01:00:00,2021-07-17 01:00:00,366,1
1160,2021-07-18 01:00:00,Decision Tree,1,0.9200761228461267,1.1583754900624506,2020-07-18 01:00:00,2021-07-18 01:00:00,2021-07-18 01:00:00,366,1
1161,2021-07-18 01:00:00,Random Forest,1,0.9200761228461267,1.161151434723005,2020-07-18 01:00:00,2021-07-18 01:00:00,2021-07-18 01:00:00,366,1
1162,2021-07-18 01:00:00,Neural Network,1,0.9200761228461267,1.014024707368348,2020-07-18 01:00:00,2021-07-18 01:00:00,2021-07-18 01:00:00,366,1
1163,2021-07-18 01:00:00,Naive,1,0.9200761228461267,1.3941961710675004,2020-07-18 01:00:00,2021-07-18 01:00:00,2021-07-18 01:00:00,366,1
1164,2021-07-19 01:00:00,Decision Tree,1,1.312481526560199,1.3859055588138591,2020-07-19 01:00:00,2021-07-19 01:00:00,2021-07-19 01:00:00,366,1
1165,2021-07-19 01:00:00,Random Forest,1,1.312481526560199,1.4020734810904845,2020-07-19 01:00:00,2021-07-19 01:00:00,2021-07-19 01:00:00,366,1
1166,2021-07-19 01:00:00,Neural Network,1,1.312481526560199,1.363631431717572,2020-07-19 01:00:00,2021-07-19 01:00:00,2021-07-19 01:00:00,366,1
1167,2021-07-19 01:00:00,Naive,1,1.312481526560199,0.9200761228461267,2020-07-19 01:00:00,2021-07-19 01:00:00,2021-07-19 01:00:00,366,1
1168,2021-07-20 01:00:00,Decision Tree,1,1.6580197856404073,1.7451826888548,2020-07-20 01:00:00,2021-07-20 01:00:00,2021-07-20 01:00:00,366,1
1169,2021-07-20 01:00:00,Random Forest,1,1.6580197856404073,1.6968660684951928,2020-07-20 01:00:00,2021-07-20 01:00:00,2021-07-20 01:00:00,366,1
1170,2021-07-20 01:00:00,Neural Network,1,1.6580197856404073,1.790299119273631,2020-07-20 01:00:00,2021-07-20 01:00:00,2021-07-20 01:00:00,366,1
1171,2021-07-20 01:00:00,Naive,1,1.6580197856404073,1.312481526560199,2020-07-20 01:00:00,2021-07-20 01:00:00,2021-07-20 01:00:00,366,1
1172,2021-07-21 01:00:00,Decision Tree,1,1.5838121601072395,1.6235099557834707,2020-07-21 01:00:00,2021-07-21 01:00:00,2021-07-21 01:00:00,366,1
1173,2021-07-21 01:00:00,Random Forest,1,1.5838121601072395,1.6250893820759238,2020-07-21 01:00:00,2021-07-21 01:00:00,2021-07-21 01:00:00,366,1
1174,2021-07-21 01:00:00,Neural Network,1,1.5838121601072395,1.67996626737772,2020-07-21 01:00:00,2021-07-21 01:00:00,2021-07-21 01:00:00,366,1
1175,2021-07-21 01:00:00,Naive,1,1.5838121601072395,1.6580197856404073,2020-07-21 01:00:00,2021-07-21 01:00:00,2021-07-21 01:00:00,366,1
1176,2021-07-22 01:00:00,Decision Tree,1,1.561640154776171,1.5592069042881411,2020-07-22 01:00:00,2021-07-22 01:00:00,2021-07-22 01:00:00,366,1
1177,2021-07-22 01:00:00,Random Forest,1,1.561640154776171,1.5973032297263132,2020-07-22 01:00:00,2021-07-22 01:00:00,2021-07-22 01:00:00,366,1
1178,2021-07-22 01:00:00,Neural Network,1,1.561640154776171,1.7358310732896973,2020-07-22 01:00:00,2021-07-22 01:00:00,2021-07-22 01:00:00,366,1
1179,2021-07-22 01:00:00,Naive,1,1.561640154776171,1.5838121601072395,2020-07-22 01:00:00,2021-07-22 01:00:00,2021-07-22 01:00:00,366,1
1180,2021-07-23 01:00:00,Decision Tree,1,1.622230059019857,1.68934152896296,2020-07-23 01:00:00,2021-07-23 01:00:00,2021-07-23 01:00:00,366,1
1181,2021-07-23 01:00:00,Random Forest,1,1.622230059019857,1.6828292066763593,2020-07-23 01:00:00,2021-07-23 01:00:00,2021-07-23 01:00:00,366,1
1182,2021-07-23 01:00:00,Neural Network,1,1.622230059019857,1.6838472596306868,2020-07-23 01:00:00,2021-07-23 01:00:00,2021-07-23 01:00:00,366,1
1183,2021-07-23 01:00:00,Naive,1,1.622230059019857,1.561640154776171,2020-07-23 01:00:00,2021-07-23 01:00:00,2021-07-23 01:00:00,366,1
1184,2021-07-24 01:00:00,Decision Tree,1,1.6284124547232046,1.6647942615061786,2020-07-24 01:00:00,2021-07-24 01:00:00,2021-07-24 01:00:00,366,1
1185,2021-07-24 01:00:00,Random Forest,1,1.6284124547232046,1.6592261802336705,2020-07-24 01:00:00,2021-07-24 01:00:00,2021-07-24 01:00:00,366,1
1186,2021-07-24 01:00:00,Neural Network,1,1.6284124547232046,1.574397461387618,2020-07-24 01:00:00,2021-07-24 01:00:00,2021-07-24 01:00:00,366,1
1187,2021-07-24 01:00:00,Naive,1,1.6284124547232046,1.622230059019857,2020-07-24 01:00:00,2021-07-24 01:00:00,2021-07-24 01:00:00,366,1
1188,2021-07-25 01:00:00,Decision Tree,1,0.8412580953404045,1.0194660139324851,2020-07-25 01:00:00,2021-07-25 01:00:00,2021-07-25 01:00:00,366,1
1189,2021-07-25 01:00:00,Random Forest,1,0.8412580953404045,0.9987715857690531,2020-07-25 01:00:00,2021-07-25 01:00:00,2021-07-25 01:00:00,366,1
1190,2021-07-25 01:00:00,Neural Network,1,0.8412580953404045,0.8229679651425139,2020-07-25 01:00:00,2021-07-25 01:00:00,2021-07-25 01:00:00,366,1
1191,2021-07-25 01:00:00,Naive,1,0.8412580953404045,1.6284124547232046,2020-07-25 01:00:00,2021-07-25 01:00:00,2021-07-25 01:00:00,366,1
1192,2021-07-26 01:00:00,Decision Tree,1,1.441824468462162,1.5252212179667488,2020-07-26 01:00:00,2021-07-26 01:00:00,2021-07-26 01:00:00,366,1
1193,2021-07-26 01:00:00,Random Forest,1,1.441824468462162,1.539621871323846,2020-07-26 01:00:00,2021-07-26 01:00:00,2021-07-26 01:00:00,366,1
1194,2021-07-26 01:00:00,Neural Network,1,1.441824468462162,1.4897196851320398,2020-07-26 01:00:00,2021-07-26 01:00:00,2021-07-26 01:00:00,366,1
1195,2021-07-26 01:00:00,Naive,1,1.441824468462162,0.8412580953404045,2020-07-26 01:00:00,2021-07-26 01:00:00,2021-07-26 01:00:00,366,1
1196,2021-07-27 01:00:00,Decision Tree,1,1.5040145821560518,1.5528577336697917,2020-07-27 01:00:00,2021-07-27 01:00:00,2021-07-27 01:00:00,366,1
1197,2021-07-27 01:00:00,Random Forest,1,1.5040145821560518,1.5661290638609096,2020-07-27 01:00:00,2021-07-27 01:00:00,2021-07-27 01:00:00,366,1
1198,2021-07-27 01:00:00,Neural Network,1,1.5040145821560518,1.64150501437827,2020-07-27 01:00:00,2021-07-27 01:00:00,2021-07-27 01:00:00,366,1
1199,2021-07-27 01:00:00,Naive,1,1.5040145821560518,1.441824468462162,2020-07-27 01:00:00,2021-07-27 01:00:00,2021-07-27 01:00:00,366,1
1200,2021-07-28 01:00:00,Decision Tree,1,1.5021423839079406,1.5410763754811958,2020-07-28 01:00:00,2021-07-28 01:00:00,2021-07-28 01:00:00,366,1
1201,2021-07-28 01:00:00,Random Forest,1,1.5021423839079406,1.553212505123456,2020-07-28 01:00:00,2021-07-28 01:00:00,2021-07-28 01:00:00,366,1
1202,2021-07-28 01:00:00,Neural Network,1,1.5021423839079406,1.5153335329883535,2020-07-28 01:00:00,2021-07-28 01:00:00,2021-07-28 01:00:00,366,1
1203,2021-07-28 01:00:00,Naive,1,1.5021423839079406,1.5040145821560518,2020-07-28 01:00:00,2021-07-28 01:00:00,2021-07-28 01:00:00,366,1
1204,2021-07-29 01:00:00,Decision Tree,1,0.6463840094957497,0.9355732653302903,2020-07-29 01:00:00,2021-07-29 01:00:00,2021-07-29 01:00:00,366,1
1205,2021-07-29 01:00:00,Random Forest,1,0.6463840094957497,0.9492231458950725,2020-07-29 01:00:00,2021-07-29 01:00:00,2021-07-29 01:00:00,366,1
1206,2021-07-29 01:00:00,Neural Network,1,0.6463840094957497,0.7195942582647701,2020-07-29 01:00:00,2021-07-29 01:00:00,2021-07-29 01:00:00,366,1
1207,2021-07-29 01:00:00,Naive,1,0.6463840094957497,1.5021423839079406,2020-07-29 01:00:00,2021-07-29 01:00:00,2021-07-29 01:00:00,366,1
1208,2021-07-30 01:00:00,Decision Tree,1,0.7747818066605996,1.0292118466952016,2020-07-30 01:00:00,2021-07-30 01:00:00,2021-07-30 01:00:00,366,1
1209,2021-07-30 01:00:00,Random Forest,1,0.7747818066605996,0.9883248209532798,2020-07-30 01:00:00,2021-07-30 01:00:00,2021-07-30 01:00:00,366,1
1210,2021-07-30 01:00:00,Neural Network,1,0.7747818066605996,0.9348985199258035,2020-07-30 01:00:00,2021-07-30 01:00:00,2021-07-30 01:00:00,366,1
1211,2021-07-30 01:00:00,Naive,1,0.7747818066605996,0.6463840094957497,2020-07-30 01:00:00,2021-07-30 01:00:00,2021-07-30 01:00:00,366,1
1212,2021-07-31 01:00:00,Decision Tree,1,0.8023194783098618,0.8491821772294234,2020-07-31 01:00:00,2021-07-31 01:00:00,2021-07-31 01:00:00,366,1
1213,2021-07-31 01:00:00,Random Forest,1,0.8023194783098618,0.9244800109819138,2020-07-31 01:00:00,2021-07-31 01:00:00,2021-07-31 01:00:00,366,1
1214,2021-07-31 01:00:00,Neural Network,1,0.8023194783098618,0.8383541026154444,2020-07-31 01:00:00,2021-07-31 01:00:00,2021-07-31 01:00:00,366,1
1215,2021-07-31 01:00:00,Naive,1,0.8023194783098618,0.7747818066605996,2020-07-31 01:00:00,2021-07-31 01:00:00,2021-07-31 01:00:00,366,1
1216,2021-08-01 01:00:00,Decision Tree,1,0.6104267348587972,0.8101139356636736,2020-08-01 01:00:00,2021-08-01 01:00:00,2021-08-01 01:00:00,366,1
1217,2021-08-01 01:00:00,Random Forest,1,0.6104267348587972,0.8061739445690854,2020-08-01 01:00:00,2021-08-01 01:00:00,2021-08-01 01:00:00,366,1
1218,2021-08-01 01:00:00,Neural Network,1,0.6104267348587972,0.6371463897057696,2020-08-01 01:00:00,2021-08-01 01:00:00,2021-08-01 01:00:00,366,1
1219,2021-08-01 01:00:00,Naive,1,0.6104267348587972,0.8023194783098618,2020-08-01 01:00:00,2021-08-01 01:00:00,2021-08-01 01:00:00,366,1
1220,2021-08-02 01:00:00,Decision Tree,1,0.9005170868455495,1.129995835303225,2020-08-02 01:00:00,2021-08-02 01:00:00,2021-08-02 01:00:00,366,1
1221,2021-08-02 01:00:00,Random Forest,1,0.9005170868455495,1.1002943796894082,2020-08-02 01:00:00,2021-08-02 01:00:00,2021-08-02 01:00:00,366,1
1222,2021-08-02 01:00:00,Neural Network,1,0.9005170868455495,1.0894482138274064,2020-08-02 01:00:00,2021-08-02 01:00:00,2021-08-02 01:00:00,366,1
1223,2021-08-02 01:00:00,Naive,1,0.9005170868455495,0.6104267348587972,2020-08-02 01:00:00,2021-08-02 01:00:00,2021-08-02 01:00:00,366,1
1224,2021-08-03 01:00:00,Decision Tree,1,1.56473542548527,1.5923696773628702,2020-08-03 01:00:00,2021-08-03 01:00:00,2021-08-03 01:00:00,366,1
1225,2021-08-03 01:00:00,Random Forest,1,1.56473542548527,1.5998495346193442,2020-08-03 01:00:00,2021-08-03 01:00:00,2021-08-03 01:00:00,366,1
1226,2021-08-03 01:00:00,Neural Network,1,1.56473542548527,1.6182990763040335,2020-08-03 01:00:00,2021-08-03 01:00:00,2021-08-03 01:00:00,366,1
1227,2021-08-03 01:00:00,Naive,1,1.56473542548527,0.9005170868455495,2020-08-03 01:00:00,2021-08-03 01:00:00,2021-08-03 01:00:00,366,1
1228,2021-08-04 01:00:00,Decision Tree,1,1.5984791647560017,1.660246535658307,2020-08-04 01:00:00,2021-08-04 01:00:00,2021-08-04 01:00:00,366,1
1229,2021-08-04 01:00:00,Random Forest,1,1.5984791647560017,1.6434711028933393,2020-08-04 01:00:00,2021-08-04 01:00:00,2021-08-04 01:00:00,366,1
1230,2021-08-04 01:00:00,Neural Network,1,1.5984791647560017,1.759231291607279,2020-08-04 01:00:00,2021-08-04 01:00:00,2021-08-04 01:00:00,366,1
1231,2021-08-04 01:00:00,Naive,1,1.5984791647560017,1.56473542548527,2020-08-04 01:00:00,2021-08-04 01:00:00,2021-08-04 01:00:00,366,1
1232,2021-08-05 01:00:00,Decision Tree,1,1.6135437708259746,1.6533834944469397,2020-08-05 01:00:00,2021-08-05 01:00:00,2021-08-05 01:00:00,366,1
1233,2021-08-05 01:00:00,Random Forest,1,1.6135437708259746,1.6435864175769515,2020-08-05 01:00:00,2021-08-05 01:00:00,2021-08-05 01:00:00,366,1
1234,2021-08-05 01:00:00,Neural Network,1,1.6135437708259746,1.7910797059704309,2020-08-05 01:00:00,2021-08-05 01:00:00,2021-08-05 01:00:00,366,1
1235,2021-08-05 01:00:00,Naive,1,1.6135437708259746,1.5984791647560017,2020-08-05 01:00:00,2021-08-05 01:00:00,2021-08-05 01:00:00,366,1
1236,2021-08-06 01:00:00,Decision Tree,1,1.1553790479077424,1.3671504680957083,2020-08-06 01:00:00,2021-08-06 01:00:00,2021-08-06 01:00:00,366,1
1237,2021-08-06 01:00:00,Random Forest,1,1.1553790479077424,1.358167391191496,2020-08-06 01:00:00,2021-08-06 01:00:00,2021-08-06 01:00:00,366,1
1238,2021-08-06 01:00:00,Neural Network,1,1.1553790479077424,1.1850761914631784,2020-08-06 01:00:00,2021-08-06 01:00:00,2021-08-06 01:00:00,366,1
1239,2021-08-06 01:00:00,Naive,1,1.1553790479077424,1.6135437708259746,2020-08-06 01:00:00,2021-08-06 01:00:00,2021-08-06 01:00:00,366,1
1240,2021-08-07 01:00:00,Decision Tree,1,1.0018020822604703,1.1916815084904349,2020-08-07 01:00:00,2021-08-07 01:00:00,2021-08-07 01:00:00,366,1
1241,2021-08-07 01:00:00,Random Forest,1,1.0018020822604703,1.1514296800273416,2020-08-07 01:00:00,2021-08-07 01:00:00,2021-08-07 01:00:00,366,1
1242,2021-08-07 01:00:00,Neural Network,1,1.0018020822604703,1.048785104268485,2020-08-07 01:00:00,2021-08-07 01:00:00,2021-08-07 01:00:00,366,1
1243,2021-08-07 01:00:00,Naive,1,1.0018020822604703,1.1553790479077424,2020-08-07 01:00:00,2021-08-07 01:00:00,2021-08-07 01:00:00,366,1
1244,2021-08-08 01:00:00,Decision Tree,1,-1.4649064931016458,-1.6379900795004168,2020-08-08 01:00:00,2021-08-08 01:00:00,2021-08-08 01:00:00,366,1
1245,2021-08-08 01:00:00,Random Forest,1,-1.4649064931016458,-1.6391386059761255,2020-08-08 01:00:00,2021-08-08 01:00:00,2021-08-08 01:00:00,366,1
1246,2021-08-08 01:00:00,Neural Network,1,-1.4649064931016458,-1.1371312210042575,2020-08-08 01:00:00,2021-08-08 01:00:00,2021-08-08 01:00:00,366,1
1247,2021-08-08 01:00:00,Naive,1,-1.4649064931016458,1.0018020822604703,2020-08-08 01:00:00,2021-08-08 01:00:00,2021-08-08 01:00:00,366,1
1248,2021-08-09 01:00:00,Decision Tree,1,0.06834115343576025,0.3224900609247538,2020-08-09 01:00:00,2021-08-09 01:00:00,2021-08-09 01:00:00,366,1
1249,2021-08-09 01:00:00,Random Forest,1,0.06834115343576025,0.28597110659978436,2020-08-09 01:00:00,2021-08-09 01:00:00,2021-08-09 01:00:00,366,1
1250,2021-08-09 01:00:00,Neural Network,1,0.06834115343576025,-0.08735560747662274,2020-08-09 01:00:00,2021-08-09 01:00:00,2021-08-09 01:00:00,366,1
1251,2021-08-09 01:00:00,Naive,1,0.06834115343576025,-1.4649064931016458,2020-08-09 01:00:00,2021-08-09 01:00:00,2021-08-09 01:00:00,366,1
1252,2021-08-10 01:00:00,Decision Tree,1,1.3662341814460313,1.4718555041826147,2020-08-10 01:00:00,2021-08-10 01:00:00,2021-08-10 01:00:00,366,1
1253,2021-08-10 01:00:00,Random Forest,1,1.3662341814460313,1.4766463845851094,2020-08-10 01:00:00,2021-08-10 01:00:00,2021-08-10 01:00:00,366,1
1254,2021-08-10 01:00:00,Neural Network,1,1.3662341814460313,1.3215578726743544,2020-08-10 01:00:00,2021-08-10 01:00:00,2021-08-10 01:00:00,366,1
1255,2021-08-10 01:00:00,Naive,1,1.3662341814460313,0.06834115343576025,2020-08-10 01:00:00,2021-08-10 01:00:00,2021-08-10 01:00:00,366,1
1256,2021-08-11 01:00:00,Decision Tree,1,1.6879259875880495,1.7741299282045484,2020-08-11 01:00:00,2021-08-11 01:00:00,2021-08-11 01:00:00,366,1
1257,2021-08-11 01:00:00,Random Forest,1,1.6879259875880495,1.7775825522227664,2020-08-11 01:00:00,2021-08-11 01:00:00,2021-08-11 01:00:00,366,1
1258,2021-08-11 01:00:00,Neural Network,1,1.6879259875880495,1.8808808792810328,2020-08-11 01:00:00,2021-08-11 01:00:00,2021-08-11 01:00:00,366,1
1259,2021-08-11 01:00:00,Naive,1,1.6879259875880495,1.3662341814460313,2020-08-11 01:00:00,2021-08-11 01:00:00,2021-08-11 01:00:00,366,1
1260,2021-08-12 01:00:00,Decision Tree,1,1.8070184858994618,1.761815079545049,2020-08-12 01:00:00,2021-08-12 01:00:00,2021-08-12 01:00:00,366,1
1261,2021-08-12 01:00:00,Random Forest,1,1.8070184858994618,1.750573757018377,2020-08-12 01:00:00,2021-08-12 01:00:00,2021-08-12 01:00:00,366,1
1262,2021-08-12 01:00:00,Neural Network,1,1.8070184858994618,2.0338595153065078,2020-08-12 01:00:00,2021-08-12 01:00:00,2021-08-12 01:00:00,366,1
1263,2021-08-12 01:00:00,Naive,1,1.8070184858994618,1.6879259875880495,2020-08-12 01:00:00,2021-08-12 01:00:00,2021-08-12 01:00:00,366,1
1264,2021-08-13 01:00:00,Decision Tree,1,1.6849124289953925,1.7674655053393507,2020-08-13 01:00:00,2021-08-13 01:00:00,2021-08-13 01:00:00,366,1
1265,2021-08-13 01:00:00,Random Forest,1,1.6849124289953925,1.7712075135324035,2020-08-13 01:00:00,2021-08-13 01:00:00,2021-08-13 01:00:00,366,1
1266,2021-08-13 01:00:00,Neural Network,1,1.6849124289953925,1.8002702416364924,2020-08-13 01:00:00,2021-08-13 01:00:00,2021-08-13 01:00:00,366,1
1267,2021-08-13 01:00:00,Naive,1,1.6849124289953925,1.8070184858994618,2020-08-13 01:00:00,2021-08-13 01:00:00,2021-08-13 01:00:00,366,1
1268,2021-08-14 01:00:00,Decision Tree,1,1.4680752176917444,1.5854483722226955,2020-08-14 01:00:00,2021-08-14 01:00:00,2021-08-14 01:00:00,366,1
1269,2021-08-14 01:00:00,Random Forest,1,1.4680752176917444,1.5385443028167194,2020-08-14 01:00:00,2021-08-14 01:00:00,2021-08-14 01:00:00,366,1
1270,2021-08-14 01:00:00,Neural Network,1,1.4680752176917444,1.562505606339888,2020-08-14 01:00:00,2021-08-14 01:00:00,2021-08-14 01:00:00,366,1
1271,2021-08-14 01:00:00,Naive,1,1.4680752176917444,1.6849124289953925,2020-08-14 01:00:00,2021-08-14 01:00:00,2021-08-14 01:00:00,366,1
1272,2021-08-15 01:00:00,Decision Tree,1,1.3150539972080457,1.4586528388405418,2020-08-15 01:00:00,2021-08-15 01:00:00,2021-08-15 01:00:00,366,1
1273,2021-08-15 01:00:00,Random Forest,1,1.3150539972080457,1.4384185095699946,2020-08-15 01:00:00,2021-08-15 01:00:00,2021-08-15 01:00:00,366,1
1274,2021-08-15 01:00:00,Neural Network,1,1.3150539972080457,1.398884417920553,2020-08-15 01:00:00,2021-08-15 01:00:00,2021-08-15 01:00:00,366,1
1275,2021-08-15 01:00:00,Naive,1,1.3150539972080457,1.4680752176917444,2020-08-15 01:00:00,2021-08-15 01:00:00,2021-08-15 01:00:00,366,1
1276,2021-08-16 01:00:00,Decision Tree,1,1.1704922702376572,1.3547385319116685,2020-08-16 01:00:00,2021-08-16 01:00:00,2021-08-16 01:00:00,366,1
1277,2021-08-16 01:00:00,Random Forest,1,1.1704922702376572,1.328527169646806,2020-08-16 01:00:00,2021-08-16 01:00:00,2021-08-16 01:00:00,366,1
1278,2021-08-16 01:00:00,Neural Network,1,1.1704922702376572,1.2644815592724656,2020-08-16 01:00:00,2021-08-16 01:00:00,2021-08-16 01:00:00,366,1
1279,2021-08-16 01:00:00,Naive,1,1.1704922702376572,1.3150539972080457,2020-08-16 01:00:00,2021-08-16 01:00:00,2021-08-16 01:00:00,366,1
1280,2021-08-17 01:00:00,Decision Tree,1,0.5957369315886782,0.8142227665830487,2020-08-17 01:00:00,2021-08-17 01:00:00,2021-08-17 01:00:00,366,1
1281,2021-08-17 01:00:00,Random Forest,1,0.5957369315886782,0.7539089496514538,2020-08-17 01:00:00,2021-08-17 01:00:00,2021-08-17 01:00:00,366,1
1282,2021-08-17 01:00:00,Neural Network,1,0.5957369315886782,0.672008748184442,2020-08-17 01:00:00,2021-08-17 01:00:00,2021-08-17 01:00:00,366,1
1283,2021-08-17 01:00:00,Naive,1,0.5957369315886782,1.1704922702376572,2020-08-17 01:00:00,2021-08-17 01:00:00,2021-08-17 01:00:00,366,1
1284,2021-08-18 01:00:00,Decision Tree,1,1.0193728188504176,1.0273028294649105,2020-08-18 01:00:00,2021-08-18 01:00:00,2021-08-18 01:00:00,366,1
1285,2021-08-18 01:00:00,Random Forest,1,1.0193728188504176,1.1290147421048147,2020-08-18 01:00:00,2021-08-18 01:00:00,2021-08-18 01:00:00,366,1
1286,2021-08-18 01:00:00,Neural Network,1,1.0193728188504176,0.9829584830232303,2020-08-18 01:00:00,2021-08-18 01:00:00,2021-08-18 01:00:00,366,1
1287,2021-08-18 01:00:00,Naive,1,1.0193728188504176,0.5957369315886782,2020-08-18 01:00:00,2021-08-18 01:00:00,2021-08-18 01:00:00,366,1
1288,2021-08-19 01:00:00,Decision Tree,1,1.148739372352593,1.2621425296655777,2020-08-19 01:00:00,2021-08-19 01:00:00,2021-08-19 01:00:00,366,1
1289,2021-08-19 01:00:00,Random Forest,1,1.148739372352593,1.240366373458283,2020-08-19 01:00:00,2021-08-19 01:00:00,2021-08-19 01:00:00,366,1
1290,2021-08-19 01:00:00,Neural Network,1,1.148739372352593,1.502594209531781,2020-08-19 01:00:00,2021-08-19 01:00:00,2021-08-19 01:00:00,366,1
1291,2021-08-19 01:00:00,Naive,1,1.148739372352593,1.0193728188504176,2020-08-19 01:00:00,2021-08-19 01:00:00,2021-08-19 01:00:00,366,1
1292,2021-08-20 01:00:00,Decision Tree,1,1.6740346160010573,1.758292941301133,2020-08-20 01:00:00,2021-08-20 01:00:00,2021-08-20 01:00:00,366,1
1293,2021-08-20 01:00:00,Random Forest,1,1.6740346160010573,1.756374364461581,2020-08-20 01:00:00,2021-08-20 01:00:00,2021-08-20 01:00:00,366,1
1294,2021-08-20 01:00:00,Neural Network,1,1.6740346160010573,1.8278783818707847,2020-08-20 01:00:00,2021-08-20 01:00:00,2021-08-20 01:00:00,366,1
1295,2021-08-20 01:00:00,Naive,1,1.6740346160010573,1.148739372352593,2020-08-20 01:00:00,2021-08-20 01:00:00,2021-08-20 01:00:00,366,1
1296,2021-08-21 01:00:00,Decision Tree,1,1.8330449284013364,1.7777100945118434,2020-08-21 01:00:00,2021-08-21 01:00:00,2021-08-21 01:00:00,366,1
1297,2021-08-21 01:00:00,Random Forest,1,1.8330449284013364,1.7720110580404769,2020-08-21 01:00:00,2021-08-21 01:00:00,2021-08-21 01:00:00,366,1
1298,2021-08-21 01:00:00,Neural Network,1,1.8330449284013364,2.1197588371770633,2020-08-21 01:00:00,2021-08-21 01:00:00,2021-08-21 01:00:00,366,1
1299,2021-08-21 01:00:00,Naive,1,1.8330449284013364,1.6740346160010573,2020-08-21 01:00:00,2021-08-21 01:00:00,2021-08-21 01:00:00,366,1
1300,2021-08-22 01:00:00,Decision Tree,1,1.5129498561342298,1.6292686524926174,2020-08-22 01:00:00,2021-08-22 01:00:00,2021-08-22 01:00:00,366,1
1301,2021-08-22 01:00:00,Random Forest,1,1.5129498561342298,1.6351511120749525,2020-08-22 01:00:00,2021-08-22 01:00:00,2021-08-22 01:00:00,366,1
1302,2021-08-22 01:00:00,Neural Network,1,1.5129498561342298,1.6452392435032486,2020-08-22 01:00:00,2021-08-22 01:00:00,2021-08-22 01:00:00,366,1
1303,2021-08-22 01:00:00,Naive,1,1.5129498561342298,1.8330449284013364,2020-08-22 01:00:00,2021-08-22 01:00:00,2021-08-22 01:00:00,366,1
1304,2021-08-23 01:00:00,Decision Tree,1,1.4393403529513797,1.4113018847095105,2020-08-23 01:00:00,2021-08-23 01:00:00,2021-08-23 01:00:00,366,1
1305,2021-08-23 01:00:00,Random Forest,1,1.4393403529513797,1.4827916704549922,2020-08-23 01:00:00,2021-08-23 01:00:00,2021-08-23 01:00:00,366,1
1306,2021-08-23 01:00:00,Neural Network,1,1.4393403529513797,1.488264712691525,2020-08-23 01:00:00,2021-08-23 01:00:00,2021-08-23 01:00:00,366,1
1307,2021-08-23 01:00:00,Naive,1,1.4393403529513797,1.5129498561342298,2020-08-23 01:00:00,2021-08-23 01:00:00,2021-08-23 01:00:00,366,1
1308,2021-08-24 01:00:00,Decision Tree,1,1.497170106818053,1.5335872563249413,2020-08-24 01:00:00,2021-08-24 01:00:00,2021-08-24 01:00:00,366,1
1309,2021-08-24 01:00:00,Random Forest,1,1.497170106818053,1.5650096934747855,2020-08-24 01:00:00,2021-08-24 01:00:00,2021-08-24 01:00:00,366,1
1310,2021-08-24 01:00:00,Neural Network,1,1.497170106818053,1.537331078656833,2020-08-24 01:00:00,2021-08-24 01:00:00,2021-08-24 01:00:00,366,1
1311,2021-08-24 01:00:00,Naive,1,1.497170106818053,1.4393403529513797,2020-08-24 01:00:00,2021-08-24 01:00:00,2021-08-24 01:00:00,366,1
1312,2021-08-25 01:00:00,Decision Tree,1,1.5578788560239345,1.669530391677069,2020-08-25 01:00:00,2021-08-25 01:00:00,2021-08-25 01:00:00,366,1
1313,2021-08-25 01:00:00,Random Forest,1,1.5578788560239345,1.644645144577981,2020-08-25 01:00:00,2021-08-25 01:00:00,2021-08-25 01:00:00,366,1
1314,2021-08-25 01:00:00,Neural Network,1,1.5578788560239345,1.6811836761397478,2020-08-25 01:00:00,2021-08-25 01:00:00,2021-08-25 01:00:00,366,1
1315,2021-08-25 01:00:00,Naive,1,1.5578788560239345,1.497170106818053,2020-08-25 01:00:00,2021-08-25 01:00:00,2021-08-25 01:00:00,366,1
1316,2021-08-26 01:00:00,Decision Tree,1,1.3009812412870896,1.3965799840729403,2020-08-26 01:00:00,2021-08-26 01:00:00,2021-08-26 01:00:00,366,1
1317,2021-08-26 01:00:00,Random Forest,1,1.3009812412870896,1.4031096348036571,2020-08-26 01:00:00,2021-08-26 01:00:00,2021-08-26 01:00:00,366,1
1318,2021-08-26 01:00:00,Neural Network,1,1.3009812412870896,1.7218559473350283,2020-08-26 01:00:00,2021-08-26 01:00:00,2021-08-26 01:00:00,366,1
1319,2021-08-26 01:00:00,Naive,1,1.3009812412870896,1.5578788560239345,2020-08-26 01:00:00,2021-08-26 01:00:00,2021-08-26 01:00:00,366,1
1320,2021-08-27 01:00:00,Decision Tree,1,1.5305191111095988,1.669530391677069,2020-08-27 01:00:00,2021-08-27 01:00:00,2021-08-27 01:00:00,366,1
1321,2021-08-27 01:00:00,Random Forest,1,1.5305191111095988,1.6257760735026505,2020-08-27 01:00:00,2021-08-27 01:00:00,2021-08-27 01:00:00,366,1
1322,2021-08-27 01:00:00,Neural Network,1,1.5305191111095988,1.730403147719422,2020-08-27 01:00:00,2021-08-27 01:00:00,2021-08-27 01:00:00,366,1
1323,2021-08-27 01:00:00,Naive,1,1.5305191111095988,1.3009812412870896,2020-08-27 01:00:00,2021-08-27 01:00:00,2021-08-27 01:00:00,366,1
1324,2021-08-28 01:00:00,Decision Tree,1,1.5412701922181091,1.6035329097951074,2020-08-28 01:00:00,2021-08-28 01:00:00,2021-08-28 01:00:00,366,1
1325,2021-08-28 01:00:00,Random Forest,1,1.5412701922181091,1.5722788264267453,2020-08-28 01:00:00,2021-08-28 01:00:00,2021-08-28 01:00:00,366,1
1326,2021-08-28 01:00:00,Neural Network,1,1.5412701922181091,1.8247490195341924,2020-08-28 01:00:00,2021-08-28 01:00:00,2021-08-28 01:00:00,366,1
1327,2021-08-28 01:00:00,Naive,1,1.5412701922181091,1.5305191111095988,2020-08-28 01:00:00,2021-08-28 01:00:00,2021-08-28 01:00:00,366,1
1328,2021-08-29 01:00:00,Decision Tree,1,1.3577082159347968,1.575483470150837,2020-08-29 01:00:00,2021-08-29 01:00:00,2021-08-29 01:00:00,366,1
1329,2021-08-29 01:00:00,Random Forest,1,1.3577082159347968,1.4855896451257318,2020-08-29 01:00:00,2021-08-29 01:00:00,2021-08-29 01:00:00,366,1
1330,2021-08-29 01:00:00,Neural Network,1,1.3577082159347968,1.596979113535732,2020-08-29 01:00:00,2021-08-29 01:00:00,2021-08-29 01:00:00,366,1
1331,2021-08-29 01:00:00,Naive,1,1.3577082159347968,1.5412701922181091,2020-08-29 01:00:00,2021-08-29 01:00:00,2021-08-29 01:00:00,366,1
1332,2021-08-30 01:00:00,Decision Tree,1,1.4691989170583415,1.3773699110837982,2020-08-30 01:00:00,2021-08-30 01:00:00,2021-08-30 01:00:00,366,1
1333,2021-08-30 01:00:00,Random Forest,1,1.4691989170583415,1.4588925183082477,2020-08-30 01:00:00,2021-08-30 01:00:00,2021-08-30 01:00:00,366,1
1334,2021-08-30 01:00:00,Neural Network,1,1.4691989170583415,1.56794343141573,2020-08-30 01:00:00,2021-08-30 01:00:00,2021-08-30 01:00:00,366,1
1335,2021-08-30 01:00:00,Naive,1,1.4691989170583415,1.3577082159347968,2020-08-30 01:00:00,2021-08-30 01:00:00,2021-08-30 01:00:00,366,1
1336,2021-08-31 01:00:00,Decision Tree,1,1.7003693929556902,1.7249205039636335,2020-08-31 01:00:00,2021-08-31 01:00:00,2021-08-31 01:00:00,366,1
1337,2021-08-31 01:00:00,Random Forest,1,1.7003693929556902,1.7053754905354783,2020-08-31 01:00:00,2021-08-31 01:00:00,2021-08-31 01:00:00,366,1
1338,2021-08-31 01:00:00,Neural Network,1,1.7003693929556902,1.808364096712542,2020-08-31 01:00:00,2021-08-31 01:00:00,2021-08-31 01:00:00,366,1
1339,2021-08-31 01:00:00,Naive,1,1.7003693929556902,1.4691989170583415,2020-08-31 01:00:00,2021-08-31 01:00:00,2021-08-31 01:00:00,366,1
1340,2021-09-01 01:00:00,Decision Tree,1,1.7498713665402994,1.7214132023910698,2020-09-01 01:00:00,2021-09-01 01:00:00,2021-09-01 01:00:00,366,1
1341,2021-09-01 01:00:00,Random Forest,1,1.7498713665402994,1.7018305864542829,2020-09-01 01:00:00,2021-09-01 01:00:00,2021-09-01 01:00:00,366,1
1342,2021-09-01 01:00:00,Neural Network,1,1.7498713665402994,1.8627209503596034,2020-09-01 01:00:00,2021-09-01 01:00:00,2021-09-01 01:00:00,366,1
1343,2021-09-01 01:00:00,Naive,1,1.7498713665402994,1.7003693929556902,2020-09-01 01:00:00,2021-09-01 01:00:00,2021-09-01 01:00:00,366,1
1344,2021-09-02 01:00:00,Decision Tree,1,1.8133775022415406,1.7249704729097237,2020-09-02 01:00:00,2021-09-02 01:00:00,2021-09-02 01:00:00,366,1
1345,2021-09-02 01:00:00,Random Forest,1,1.8133775022415406,1.7352932298284687,2020-09-02 01:00:00,2021-09-02 01:00:00,2021-09-02 01:00:00,366,1
1346,2021-09-02 01:00:00,Neural Network,1,1.8133775022415406,2.0785947207165694,2020-09-02 01:00:00,2021-09-02 01:00:00,2021-09-02 01:00:00,366,1
1347,2021-09-02 01:00:00,Naive,1,1.8133775022415406,1.7498713665402994,2020-09-02 01:00:00,2021-09-02 01:00:00,2021-09-02 01:00:00,366,1
1348,2021-09-03 01:00:00,Decision Tree,1,1.8078725921500352,1.7790928230097063,2020-09-03 01:00:00,2021-09-03 01:00:00,2021-09-03 01:00:00,366,1
1349,2021-09-03 01:00:00,Random Forest,1,1.8078725921500352,1.7774373159170989,2020-09-03 01:00:00,2021-09-03 01:00:00,2021-09-03 01:00:00,366,1
1350,2021-09-03 01:00:00,Neural Network,1,1.8078725921500352,1.9770820476426807,2020-09-03 01:00:00,2021-09-03 01:00:00,2021-09-03 01:00:00,366,1
1351,2021-09-03 01:00:00,Naive,1,1.8078725921500352,1.8133775022415406,2020-09-03 01:00:00,2021-09-03 01:00:00,2021-09-03 01:00:00,366,1
1352,2021-09-04 01:00:00,Decision Tree,1,1.9461983893924997,1.7166997741525525,2020-09-04 01:00:00,2021-09-04 01:00:00,2021-09-04 01:00:00,366,1
1353,2021-09-04 01:00:00,Random Forest,1,1.9461983893924997,1.7626088055545013,2020-09-04 01:00:00,2021-09-04 01:00:00,2021-09-04 01:00:00,366,1
1354,2021-09-04 01:00:00,Neural Network,1,1.9461983893924997,2.28246883313151,2020-09-04 01:00:00,2021-09-04 01:00:00,2021-09-04 01:00:00,366,1
1355,2021-09-04 01:00:00,Naive,1,1.9461983893924997,1.8078725921500352,2020-09-04 01:00:00,2021-09-04 01:00:00,2021-09-04 01:00:00,366,1
1356,2021-09-05 01:00:00,Decision Tree,1,1.85048187143892,1.8370112713569298,2020-09-05 01:00:00,2021-09-05 01:00:00,2021-09-05 01:00:00,366,1
1357,2021-09-05 01:00:00,Random Forest,1,1.85048187143892,1.8217052539777028,2020-09-05 01:00:00,2021-09-05 01:00:00,2021-09-05 01:00:00,366,1
1358,2021-09-05 01:00:00,Neural Network,1,1.85048187143892,1.950526233819896,2020-09-05 01:00:00,2021-09-05 01:00:00,2021-09-05 01:00:00,366,1
1359,2021-09-05 01:00:00,Naive,1,1.85048187143892,1.9461983893924997,2020-09-05 01:00:00,2021-09-05 01:00:00,2021-09-05 01:00:00,366,1
1360,2021-09-06 01:00:00,Decision Tree,1,1.919183574539215,1.8501950567248664,2020-09-06 01:00:00,2021-09-06 01:00:00,2021-09-06 01:00:00,366,1
1361,2021-09-06 01:00:00,Random Forest,1,1.919183574539215,1.8230971443588586,2020-09-06 01:00:00,2021-09-06 01:00:00,2021-09-06 01:00:00,366,1
1362,2021-09-06 01:00:00,Neural Network,1,1.919183574539215,2.1094785222088253,2020-09-06 01:00:00,2021-09-06 01:00:00,2021-09-06 01:00:00,366,1
1363,2021-09-06 01:00:00,Naive,1,1.919183574539215,1.85048187143892,2020-09-06 01:00:00,2021-09-06 01:00:00,2021-09-06 01:00:00,366,1
1364,2021-09-07 01:00:00,Decision Tree,1,2.0124757263820836,1.8616931430272576,2020-09-07 01:00:00,2021-09-07 01:00:00,2021-09-07 01:00:00,366,1
1365,2021-09-07 01:00:00,Random Forest,1,2.0124757263820836,1.8549119967733732,2020-09-07 01:00:00,2021-09-07 01:00:00,2021-09-07 01:00:00,366,1
1366,2021-09-07 01:00:00,Neural Network,1,2.0124757263820836,2.4083983705309646,2020-09-07 01:00:00,2021-09-07 01:00:00,2021-09-07 01:00:00,366,1
1367,2021-09-07 01:00:00,Naive,1,2.0124757263820836,1.919183574539215,2020-09-07 01:00:00,2021-09-07 01:00:00,2021-09-07 01:00:00,366,1
1368,2021-09-08 01:00:00,Decision Tree,1,1.9793318732548584,1.908343412798852,2020-09-08 01:00:00,2021-09-08 01:00:00,2021-09-08 01:00:00,366,1
1369,2021-09-08 01:00:00,Random Forest,1,1.9793318732548584,1.9136942257631422,2020-09-08 01:00:00,2021-09-08 01:00:00,2021-09-08 01:00:00,366,1
1370,2021-09-08 01:00:00,Neural Network,1,1.9793318732548584,2.1742741267616226,2020-09-08 01:00:00,2021-09-08 01:00:00,2021-09-08 01:00:00,366,1
1371,2021-09-08 01:00:00,Naive,1,1.9793318732548584,2.0124757263820836,2020-09-08 01:00:00,2021-09-08 01:00:00,2021-09-08 01:00:00,366,1
1372,2021-09-09 01:00:00,Decision Tree,1,1.944788860854494,1.9415342870015153,2020-09-09 01:00:00,2021-09-09 01:00:00,2021-09-09 01:00:00,366,1
1373,2021-09-09 01:00:00,Random Forest,1,1.944788860854494,1.9419999062991034,2020-09-09 01:00:00,2021-09-09 01:00:00,2021-09-09 01:00:00,366,1
1374,2021-09-09 01:00:00,Neural Network,1,1.944788860854494,2.1724777247483966,2020-09-09 01:00:00,2021-09-09 01:00:00,2021-09-09 01:00:00,366,1
1375,2021-09-09 01:00:00,Naive,1,1.944788860854494,1.9793318732548584,2020-09-09 01:00:00,2021-09-09 01:00:00,2021-09-09 01:00:00,366,1
1376,2021-09-10 01:00:00,Decision Tree,1,2.0310088017793992,1.9603956848846302,2020-09-10 01:00:00,2021-09-10 01:00:00,2021-09-10 01:00:00,366,1
1377,2021-09-10 01:00:00,Random Forest,1,2.0310088017793992,1.955188942562686,2020-09-10 01:00:00,2021-09-10 01:00:00,2021-09-10 01:00:00,366,1
1378,2021-09-10 01:00:00,Neural Network,1,2.0310088017793992,2.2605536644388917,2020-09-10 01:00:00,2021-09-10 01:00:00,2021-09-10 01:00:00,366,1
1379,2021-09-10 01:00:00,Naive,1,2.0310088017793992,1.944788860854494,2020-09-10 01:00:00,2021-09-10 01:00:00,2021-09-10 01:00:00,366,1
1380,2021-09-11 01:00:00,Decision Tree,1,2.2082866241054004,1.9721645377004249,2020-09-11 01:00:00,2021-09-11 01:00:00,2021-09-11 01:00:00,366,1
1381,2021-09-11 01:00:00,Random Forest,1,2.2082866241054004,1.9641917847385582,2020-09-11 01:00:00,2021-09-11 01:00:00,2021-09-11 01:00:00,366,1
1382,2021-09-11 01:00:00,Neural Network,1,2.2082866241054004,2.3640896966128007,2020-09-11 01:00:00,2021-09-11 01:00:00,2021-09-11 01:00:00,366,1
1383,2021-09-11 01:00:00,Naive,1,2.2082866241054004,2.0310088017793992,2020-09-11 01:00:00,2021-09-11 01:00:00,2021-09-11 01:00:00,366,1
1384,2021-09-12 01:00:00,Decision Tree,1,1.8068520263424204,1.817867967766214,2020-09-12 01:00:00,2021-09-12 01:00:00,2021-09-12 01:00:00,366,1
1385,2021-09-12 01:00:00,Random Forest,1,1.8068520263424204,1.8179118992356167,2020-09-12 01:00:00,2021-09-12 01:00:00,2021-09-12 01:00:00,366,1
1386,2021-09-12 01:00:00,Neural Network,1,1.8068520263424204,1.8355448965936425,2020-09-12 01:00:00,2021-09-12 01:00:00,2021-09-12 01:00:00,366,1
1387,2021-09-12 01:00:00,Naive,1,1.8068520263424204,2.2082866241054004,2020-09-12 01:00:00,2021-09-12 01:00:00,2021-09-12 01:00:00,366,1
1388,2021-09-13 01:00:00,Decision Tree,1,1.9380744481122758,2.0058962643297074,2020-09-13 01:00:00,2021-09-13 01:00:00,2021-09-13 01:00:00,366,1
1389,2021-09-13 01:00:00,Random Forest,1,1.9380744481122758,1.9614200958647954,2020-09-13 01:00:00,2021-09-13 01:00:00,2021-09-13 01:00:00,366,1
1390,2021-09-13 01:00:00,Neural Network,1,1.9380744481122758,1.965879986075834,2020-09-13 01:00:00,2021-09-13 01:00:00,2021-09-13 01:00:00,366,1
1391,2021-09-13 01:00:00,Naive,1,1.9380744481122758,1.8068520263424204,2020-09-13 01:00:00,2021-09-13 01:00:00,2021-09-13 01:00:00,366,1
1392,2021-09-14 01:00:00,Decision Tree,1,2.1053256834388274,1.9810922410954603,2020-09-14 01:00:00,2021-09-14 01:00:00,2021-09-14 01:00:00,366,1
1393,2021-09-14 01:00:00,Random Forest,1,2.1053256834388274,2.0559348767601895,2020-09-14 01:00:00,2021-09-14 01:00:00,2021-09-14 01:00:00,366,1
1394,2021-09-14 01:00:00,Neural Network,1,2.1053256834388274,2.3688786597143157,2020-09-14 01:00:00,2021-09-14 01:00:00,2021-09-14 01:00:00,366,1
1395,2021-09-14 01:00:00,Naive,1,2.1053256834388274,1.9380744481122758,2020-09-14 01:00:00,2021-09-14 01:00:00,2021-09-14 01:00:00,366,1
1396,2021-09-15 01:00:00,Decision Tree,1,2.2326937964912865,2.0094082202065615,2020-09-15 01:00:00,2021-09-15 01:00:00,2021-09-15 01:00:00,366,1
1397,2021-09-15 01:00:00,Random Forest,1,2.2326937964912865,2.07896518112796,2020-09-15 01:00:00,2021-09-15 01:00:00,2021-09-15 01:00:00,366,1
1398,2021-09-15 01:00:00,Neural Network,1,2.2326937964912865,2.391677670565079,2020-09-15 01:00:00,2021-09-15 01:00:00,2021-09-15 01:00:00,366,1
1399,2021-09-15 01:00:00,Naive,1,2.2326937964912865,2.1053256834388274,2020-09-15 01:00:00,2021-09-15 01:00:00,2021-09-15 01:00:00,366,1
1400,2021-09-16 01:00:00,Decision Tree,1,2.187531328873673,2.117958126439399,2020-09-16 01:00:00,2021-09-16 01:00:00,2021-09-16 01:00:00,366,1
1401,2021-09-16 01:00:00,Random Forest,1,2.187531328873673,2.141295391278264,2020-09-16 01:00:00,2021-09-16 01:00:00,2021-09-16 01:00:00,366,1
1402,2021-09-16 01:00:00,Neural Network,1,2.187531328873673,2.350477980662443,2020-09-16 01:00:00,2021-09-16 01:00:00,2021-09-16 01:00:00,366,1
1403,2021-09-16 01:00:00,Naive,1,2.187531328873673,2.2326937964912865,2020-09-16 01:00:00,2021-09-16 01:00:00,2021-09-16 01:00:00,366,1
1404,2021-09-17 01:00:00,Decision Tree,1,2.138260972791809,2.1529692469377175,2020-09-17 01:00:00,2021-09-17 01:00:00,2021-09-17 01:00:00,366,1
1405,2021-09-17 01:00:00,Random Forest,1,2.138260972791809,2.1553073655499033,2020-09-17 01:00:00,2021-09-17 01:00:00,2021-09-17 01:00:00,366,1
1406,2021-09-17 01:00:00,Neural Network,1,2.138260972791809,2.095331408466242,2020-09-17 01:00:00,2021-09-17 01:00:00,2021-09-17 01:00:00,366,1
1407,2021-09-17 01:00:00,Naive,1,2.138260972791809,2.187531328873673,2020-09-17 01:00:00,2021-09-17 01:00:00,2021-09-17 01:00:00,366,1
1408,2021-09-18 01:00:00,Decision Tree,1,2.1914004237208555,2.1744196811401992,2020-09-18 01:00:00,2021-09-18 01:00:00,2021-09-18 01:00:00,366,1
1409,2021-09-18 01:00:00,Random Forest,1,2.1914004237208555,2.162374534976614,2020-09-18 01:00:00,2021-09-18 01:00:00,2021-09-18 01:00:00,366,1
1410,2021-09-18 01:00:00,Neural Network,1,2.1914004237208555,2.3443795528670917,2020-09-18 01:00:00,2021-09-18 01:00:00,2021-09-18 01:00:00,366,1
1411,2021-09-18 01:00:00,Naive,1,2.1914004237208555,2.138260972791809,2020-09-18 01:00:00,2021-09-18 01:00:00,2021-09-18 01:00:00,366,1
1412,2021-09-19 01:00:00,Decision Tree,1,1.4216063648798398,1.5683382189867239,2020-09-19 01:00:00,2021-09-19 01:00:00,2021-09-19 01:00:00,366,1
1413,2021-09-19 01:00:00,Random Forest,1,1.4216063648798398,1.5457440207425963,2020-09-19 01:00:00,2021-09-19 01:00:00,2021-09-19 01:00:00,366,1
1414,2021-09-19 01:00:00,Neural Network,1,1.4216063648798398,1.5598278599444781,2020-09-19 01:00:00,2021-09-19 01:00:00,2021-09-19 01:00:00,366,1
1415,2021-09-19 01:00:00,Naive,1,1.4216063648798398,2.1914004237208555,2020-09-19 01:00:00,2021-09-19 01:00:00,2021-09-19 01:00:00,366,1
1416,2021-09-20 01:00:00,Decision Tree,1,1.7238672027569397,1.838468749185578,2020-09-20 01:00:00,2021-09-20 01:00:00,2021-09-20 01:00:00,366,1
1417,2021-09-20 01:00:00,Random Forest,1,1.7238672027569397,1.7887335101468484,2020-09-20 01:00:00,2021-09-20 01:00:00,2021-09-20 01:00:00,366,1
1418,2021-09-20 01:00:00,Neural Network,1,1.7238672027569397,1.7111224601055837,2020-09-20 01:00:00,2021-09-20 01:00:00,2021-09-20 01:00:00,366,1
1419,2021-09-20 01:00:00,Naive,1,1.7238672027569397,1.4216063648798398,2020-09-20 01:00:00,2021-09-20 01:00:00,2021-09-20 01:00:00,366,1
1420,2021-09-21 01:00:00,Decision Tree,1,2.1514851303071105,2.1772498049036417,2020-09-21 01:00:00,2021-09-21 01:00:00,2021-09-21 01:00:00,366,1
1421,2021-09-21 01:00:00,Random Forest,1,2.1514851303071105,2.1558013344460263,2020-09-21 01:00:00,2021-09-21 01:00:00,2021-09-21 01:00:00,366,1
1422,2021-09-21 01:00:00,Neural Network,1,2.1514851303071105,2.334016248364369,2020-09-21 01:00:00,2021-09-21 01:00:00,2021-09-21 01:00:00,366,1
1423,2021-09-21 01:00:00,Naive,1,2.1514851303071105,1.7238672027569397,2020-09-21 01:00:00,2021-09-21 01:00:00,2021-09-21 01:00:00,366,1
1424,2021-09-22 01:00:00,Decision Tree,1,1.7961764875858957,1.919745428867481,2020-09-22 01:00:00,2021-09-22 01:00:00,2021-09-22 01:00:00,366,1
1425,2021-09-22 01:00:00,Random Forest,1,1.7961764875858957,1.8163792819111038,2020-09-22 01:00:00,2021-09-22 01:00:00,2021-09-22 01:00:00,366,1
1426,2021-09-22 01:00:00,Neural Network,1,1.7961764875858957,1.8316443588659541,2020-09-22 01:00:00,2021-09-22 01:00:00,2021-09-22 01:00:00,366,1
1427,2021-09-22 01:00:00,Naive,1,1.7961764875858957,2.1514851303071105,2020-09-22 01:00:00,2021-09-22 01:00:00,2021-09-22 01:00:00,366,1
1428,2021-09-23 01:00:00,Decision Tree,1,1.731251784546855,1.703496832472905,2020-09-23 01:00:00,2021-09-23 01:00:00,2021-09-23 01:00:00,366,1
1429,2021-09-23 01:00:00,Random Forest,1,1.731251784546855,1.7871106345779788,2020-09-23 01:00:00,2021-09-23 01:00:00,2021-09-23 01:00:00,366,1
1430,2021-09-23 01:00:00,Neural Network,1,1.731251784546855,1.8927362200390458,2020-09-23 01:00:00,2021-09-23 01:00:00,2021-09-23 01:00:00,366,1
1431,2021-09-23 01:00:00,Naive,1,1.731251784546855,1.7961764875858957,2020-09-23 01:00:00,2021-09-23 01:00:00,2021-09-23 01:00:00,366,1
1432,2021-09-24 01:00:00,Decision Tree,1,0.774043362979095,1.0937241114825798,2020-09-24 01:00:00,2021-09-24 01:00:00,2021-09-24 01:00:00,366,1
1433,2021-09-24 01:00:00,Random Forest,1,0.774043362979095,1.0389328151727744,2020-09-24 01:00:00,2021-09-24 01:00:00,2021-09-24 01:00:00,366,1
1434,2021-09-24 01:00:00,Neural Network,1,0.774043362979095,0.8216952090311498,2020-09-24 01:00:00,2021-09-24 01:00:00,2021-09-24 01:00:00,366,1
1435,2021-09-24 01:00:00,Naive,1,0.774043362979095,1.731251784546855,2020-09-24 01:00:00,2021-09-24 01:00:00,2021-09-24 01:00:00,366,1
1436,2021-09-25 01:00:00,Decision Tree,1,1.8298947610381762,1.8174053303087057,2020-09-25 01:00:00,2021-09-25 01:00:00,2021-09-25 01:00:00,366,1
1437,2021-09-25 01:00:00,Random Forest,1,1.8298947610381762,1.9161273449980472,2020-09-25 01:00:00,2021-09-25 01:00:00,2021-09-25 01:00:00,366,1
1438,2021-09-25 01:00:00,Neural Network,1,1.8298947610381762,1.6972759902149175,2020-09-25 01:00:00,2021-09-25 01:00:00,2021-09-25 01:00:00,366,1
1439,2021-09-25 01:00:00,Naive,1,1.8298947610381762,0.774043362979095,2020-09-25 01:00:00,2021-09-25 01:00:00,2021-09-25 01:00:00,366,1
1440,2021-09-26 01:00:00,Decision Tree,1,2.10409560169884,2.053280611529396,2020-09-26 01:00:00,2021-09-26 01:00:00,2021-09-26 01:00:00,366,1
1441,2021-09-26 01:00:00,Random Forest,1,2.10409560169884,2.1486892326069333,2020-09-26 01:00:00,2021-09-26 01:00:00,2021-09-26 01:00:00,366,1
1442,2021-09-26 01:00:00,Neural Network,1,2.10409560169884,2.1218786840344803,2020-09-26 01:00:00,2021-09-26 01:00:00,2021-09-26 01:00:00,366,1
1443,2021-09-26 01:00:00,Naive,1,2.10409560169884,1.8298947610381762,2020-09-26 01:00:00,2021-09-26 01:00:00,2021-09-26 01:00:00,366,1
1444,2021-09-27 01:00:00,Decision Tree,1,1.9398476235984272,2.0464475373108018,2020-09-27 01:00:00,2021-09-27 01:00:00,2021-09-27 01:00:00,366,1
1445,2021-09-27 01:00:00,Random Forest,1,1.9398476235984272,2.002283529877546,2020-09-27 01:00:00,2021-09-27 01:00:00,2021-09-27 01:00:00,366,1
1446,2021-09-27 01:00:00,Neural Network,1,1.9398476235984272,1.9097386467929331,2020-09-27 01:00:00,2021-09-27 01:00:00,2021-09-27 01:00:00,366,1
1447,2021-09-27 01:00:00,Naive,1,1.9398476235984272,2.10409560169884,2020-09-27 01:00:00,2021-09-27 01:00:00,2021-09-27 01:00:00,366,1
1448,2021-09-28 01:00:00,Decision Tree,1,1.7620537602349693,1.7047275961045576,2020-09-28 01:00:00,2021-09-28 01:00:00,2021-09-28 01:00:00,366,1
1449,2021-09-28 01:00:00,Random Forest,1,1.7620537602349693,1.7615418638831586,2020-09-28 01:00:00,2021-09-28 01:00:00,2021-09-28 01:00:00,366,1
1450,2021-09-28 01:00:00,Neural Network,1,1.7620537602349693,1.7323012306285848,2020-09-28 01:00:00,2021-09-28 01:00:00,2021-09-28 01:00:00,366,1
1451,2021-09-28 01:00:00,Naive,1,1.7620537602349693,1.9398476235984272,2020-09-28 01:00:00,2021-09-28 01:00:00,2021-09-28 01:00:00,366,1
1452,2021-09-29 01:00:00,Decision Tree,1,1.9201074426700169,1.9702465319105766,2020-09-29 01:00:00,2021-09-29 01:00:00,2021-09-29 01:00:00,366,1
1453,2021-09-29 01:00:00,Random Forest,1,1.9201074426700169,1.9617169424635645,2020-09-29 01:00:00,2021-09-29 01:00:00,2021-09-29 01:00:00,366,1
1454,2021-09-29 01:00:00,Neural Network,1,1.9201074426700169,1.873044041482311,2020-09-29 01:00:00,2021-09-29 01:00:00,2021-09-29 01:00:00,366,1
1455,2021-09-29 01:00:00,Naive,1,1.9201074426700169,1.7620537602349693,2020-09-29 01:00:00,2021-09-29 01:00:00,2021-09-29 01:00:00,366,1
1456,2021-09-30 01:00:00,Decision Tree,1,1.0051637035241843,1.2046772481018588,2020-09-30 01:00:00,2021-09-30 01:00:00,2021-09-30 01:00:00,366,1
1457,2021-09-30 01:00:00,Random Forest,1,1.0051637035241843,1.2153249928603282,2020-09-30 01:00:00,2021-09-30 01:00:00,2021-09-30 01:00:00,366,1
1458,2021-09-30 01:00:00,Neural Network,1,1.0051637035241843,1.2009883498616598,2020-09-30 01:00:00,2021-09-30 01:00:00,2021-09-30 01:00:00,366,1
1459,2021-09-30 01:00:00,Naive,1,1.0051637035241843,1.9201074426700169,2020-09-30 01:00:00,2021-09-30 01:00:00,2021-09-30 01:00:00,366,1
