,timestamp,model,hour,y_true,y_pred,train_start,train_end,test_day,train_rows,test_rows
0,2020-10-01 11:00:00,Decision Tree,11,0.2855688516963014,0.3035596704958288,2019-10-01 11:00:00,2020-10-01 11:00:00,2020-10-01 11:00:00,366,1
1,2020-10-01 11:00:00,Random Forest,11,0.2855688516963014,0.2917165580327923,2019-10-01 11:00:00,2020-10-01 11:00:00,2020-10-01 11:00:00,366,1
2,2020-10-01 11:00:00,Neural Network,11,0.2855688516963014,0.2808085561706974,2019-10-01 11:00:00,2020-10-01 11:00:00,2020-10-01 11:00:00,366,1
3,2020-10-01 11:00:00,Naive,11,0.2855688516963014,0.9665727084690845,2019-10-01 11:00:00,2020-10-01 11:00:00,2020-10-01 11:00:00,366,1
4,2020-10-02 11:00:00,Decision Tree,11,0.6969063257343269,0.6788616607275775,2019-10-02 11:00:00,2020-10-02 11:00:00,2020-10-02 11:00:00,366,1
5,2020-10-02 11:00:00,Random Forest,11,0.6969063257343269,0.6984870607154825,2019-10-02 11:00:00,2020-10-02 11:00:00,2020-10-02 11:00:00,366,1
6,2020-10-02 11:00:00,Neural Network,11,0.6969063257343269,0.7128731433729085,2019-10-02 11:00:00,2020-10-02 11:00:00,2020-10-02 11:00:00,366,1
7,2020-10-02 11:00:00,Naive,11,0.6969063257343269,0.2855688516963014,2019-10-02 11:00:00,2020-10-02 11:00:00,2020-10-02 11:00:00,366,1
8,2020-10-03 11:00:00,Decision Tree,11,-0.7900520228555541,-0.8064973474410811,2019-10-03 11:00:00,2020-10-03 11:00:00,2020-10-03 11:00:00,366,1
9,2020-10-03 11:00:00,Random Forest,11,-0.7900520228555541,-0.7953167283423853,2019-10-03 11:00:00,2020-10-03 11:00:00,2020-10-03 11:00:00,366,1
10,2020-10-03 11:00:00,Neural Network,11,-0.7900520228555541,-0.6468892152133544,2019-10-03 11:00:00,2020-10-03 11:00:00,2020-10-03 11:00:00,366,1
11,2020-10-03 11:00:00,Naive,11,-0.7900520228555541,0.6969063257343269,2019-10-03 11:00:00,2020-10-03 11:00:00,2020-10-03 11:00:00,366,1
12,2020-10-04 11:00:00,Decision Tree,11,-1.88542174744616,-1.7857432040043602,2019-10-04 11:00:00,2020-10-04 11:00:00,2020-10-04 11:00:00,366,1
13,2020-10-04 11:00:00,Random Forest,11,-1.88542174744616,-1.849708787032572,2019-10-04 11:00:00,2020-10-04 11:00:00,2020-10-04 11:00:00,366,1
14,2020-10-04 11:00:00,Neural Network,11,-1.88542174744616,-1.8217698062835044,2019-10-04 11:00:00,2020-10-04 11:00:00,2020-10-04 11:00:00,366,1
15,2020-10-04 11:00:00,Naive,11,-1.88542174744616,-0.7900520228555541,2019-10-04 11:00:00,2020-10-04 11:00:00,2020-10-04 11:00:00,366,1
16,2020-10-05 11:00:00,Decision Tree,11,0.17274999132640342,0.16106196356019006,2019-10-05 11:00:00,2020-10-05 11:00:00,2020-10-05 11:00:00,366,1
17,2020-10-05 11:00:00,Random Forest,11,0.17274999132640342,0.1669914308125031,2019-10-05 11:00:00,2020-10-05 11:00:00,2020-10-05 11:00:00,366,1
18,2020-10-05 11:00:00,Neural Network,11,0.17274999132640342,0.019711017871154535,2019-10-05 11:00:00,2020-10-05 11:00:00,2020-10-05 11:00:00,366,1
19,2020-10-05 11:00:00,Naive,11,0.17274999132640342,-1.88542174744616,2019-10-05 11:00:00,2020-10-05 11:00:00,2020-10-05 11:00:00,366,1
20,2020-10-06 11:00:00,Decision Tree,11,0.016843925902736413,-0.013920318269620934,2019-10-06 11:00:00,2020-10-06 11:00:00,2020-10-06 11:00:00,366,1
21,2020-10-06 11:00:00,Random Forest,11,0.016843925902736413,0.005129064162243806,2019-10-06 11:00:00,2020-10-06 11:00:00,2020-10-06 11:00:00,366,1
22,2020-10-06 11:00:00,Neural Network,11,0.016843925902736413,-0.21695318228461524,2019-10-06 11:00:00,2020-10-06 11:00:00,2020-10-06 11:00:00,366,1
23,2020-10-06 11:00:00,Naive,11,0.016843925902736413,0.17274999132640342,2019-10-06 11:00:00,2020-10-06 11:00:00,2020-10-06 11:00:00,366,1
24,2020-10-07 11:00:00,Decision Tree,11,0.5862072418426539,0.5847594929697573,2019-10-07 11:00:00,2020-10-07 11:00:00,2020-10-07 11:00:00,366,1
25,2020-10-07 11:00:00,Random Forest,11,0.5862072418426539,0.562128132063227,2019-10-07 11:00:00,2020-10-07 11:00:00,2020-10-07 11:00:00,366,1
26,2020-10-07 11:00:00,Neural Network,11,0.5862072418426539,0.5517321920692023,2019-10-07 11:00:00,2020-10-07 11:00:00,2020-10-07 11:00:00,366,1
27,2020-10-07 11:00:00,Naive,11,0.5862072418426539,0.016843925902736413,2019-10-07 11:00:00,2020-10-07 11:00:00,2020-10-07 11:00:00,366,1
28,2020-10-08 11:00:00,Decision Tree,11,-0.22847565373843307,-0.24212961523612325,2019-10-08 11:00:00,2020-10-08 11:00:00,2020-10-08 11:00:00,366,1
29,2020-10-08 11:00:00,Random Forest,11,-0.22847565373843307,-0.2356592294363695,2019-10-08 11:00:00,2020-10-08 11:00:00,2020-10-08 11:00:00,366,1
30,2020-10-08 11:00:00,Neural Network,11,-0.22847565373843307,-0.24073176793641976,2019-10-08 11:00:00,2020-10-08 11:00:00,2020-10-08 11:00:00,366,1
31,2020-10-08 11:00:00,Naive,11,-0.22847565373843307,0.5862072418426539,2019-10-08 11:00:00,2020-10-08 11:00:00,2020-10-08 11:00:00,366,1
32,2020-10-09 11:00:00,Decision Tree,11,0.7644957554746432,0.7516543095136444,2019-10-09 11:00:00,2020-10-09 11:00:00,2020-10-09 11:00:00,366,1
33,2020-10-09 11:00:00,Random Forest,11,0.7644957554746432,0.7532865589860741,2019-10-09 11:00:00,2020-10-09 11:00:00,2020-10-09 11:00:00,366,1
34,2020-10-09 11:00:00,Neural Network,11,0.7644957554746432,0.7959332478021683,2019-10-09 11:00:00,2020-10-09 11:00:00,2020-10-09 11:00:00,366,1
35,2020-10-09 11:00:00,Naive,11,0.7644957554746432,-0.22847565373843307,2019-10-09 11:00:00,2020-10-09 11:00:00,2020-10-09 11:00:00,366,1
36,2020-10-10 11:00:00,Decision Tree,11,-0.36218542319304065,-0.3743602323040646,2019-10-10 11:00:00,2020-10-10 11:00:00,2020-10-10 11:00:00,366,1
37,2020-10-10 11:00:00,Random Forest,11,-0.36218542319304065,-0.35884184668301067,2019-10-10 11:00:00,2020-10-10 11:00:00,2020-10-10 11:00:00,366,1
38,2020-10-10 11:00:00,Neural Network,11,-0.36218542319304065,-0.35907124448742267,2019-10-10 11:00:00,2020-10-10 11:00:00,2020-10-10 11:00:00,366,1
39,2020-10-10 11:00:00,Naive,11,-0.36218542319304065,0.7644957554746432,2019-10-10 11:00:00,2020-10-10 11:00:00,2020-10-10 11:00:00,366,1
40,2020-10-11 11:00:00,Decision Tree,11,-0.16196434057466064,-0.20063899062110097,2019-10-11 11:00:00,2020-10-11 11:00:00,2020-10-11 11:00:00,366,1
41,2020-10-11 11:00:00,Random Forest,11,-0.16196434057466064,-0.18613261866470812,2019-10-11 11:00:00,2020-10-11 11:00:00,2020-10-11 11:00:00,366,1
42,2020-10-11 11:00:00,Neural Network,11,-0.16196434057466064,-0.011241171530986194,2019-10-11 11:00:00,2020-10-11 11:00:00,2020-10-11 11:00:00,366,1
43,2020-10-11 11:00:00,Naive,11,-0.16196434057466064,-0.36218542319304065,2019-10-11 11:00:00,2020-10-11 11:00:00,2020-10-11 11:00:00,366,1
44,2020-10-12 11:00:00,Decision Tree,11,0.9997576685049441,1.0684906627406285,2019-10-12 11:00:00,2020-10-12 11:00:00,2020-10-12 11:00:00,366,1
45,2020-10-12 11:00:00,Random Forest,11,0.9997576685049441,0.9655475720109103,2019-10-12 11:00:00,2020-10-12 11:00:00,2020-10-12 11:00:00,366,1
46,2020-10-12 11:00:00,Neural Network,11,0.9997576685049441,0.9845795113684055,2019-10-12 11:00:00,2020-10-12 11:00:00,2020-10-12 11:00:00,366,1
47,2020-10-12 11:00:00,Naive,11,0.9997576685049441,-0.16196434057466064,2019-10-12 11:00:00,2020-10-12 11:00:00,2020-10-12 11:00:00,366,1
48,2020-10-13 11:00:00,Decision Tree,11,0.9488557910258821,0.9137069411009685,2019-10-13 11:00:00,2020-10-13 11:00:00,2020-10-13 11:00:00,366,1
49,2020-10-13 11:00:00,Random Forest,11,0.9488557910258821,0.9249710916786775,2019-10-13 11:00:00,2020-10-13 11:00:00,2020-10-13 11:00:00,366,1
50,2020-10-13 11:00:00,Neural Network,11,0.9488557910258821,0.9458427326558188,2019-10-13 11:00:00,2020-10-13 11:00:00,2020-10-13 11:00:00,366,1
51,2020-10-13 11:00:00,Naive,11,0.9488557910258821,0.9997576685049441,2019-10-13 11:00:00,2020-10-13 11:00:00,2020-10-13 11:00:00,366,1
52,2020-10-14 11:00:00,Decision Tree,11,-0.06658036580460389,-0.08259753567241251,2019-10-14 11:00:00,2020-10-14 11:00:00,2020-10-14 11:00:00,366,1
53,2020-10-14 11:00:00,Random Forest,11,-0.06658036580460389,-0.07636390681103317,2019-10-14 11:00:00,2020-10-14 11:00:00,2020-10-14 11:00:00,366,1
54,2020-10-14 11:00:00,Neural Network,11,-0.06658036580460389,-0.2540761514112395,2019-10-14 11:00:00,2020-10-14 11:00:00,2020-10-14 11:00:00,366,1
55,2020-10-14 11:00:00,Naive,11,-0.06658036580460389,0.9488557910258821,2019-10-14 11:00:00,2020-10-14 11:00:00,2020-10-14 11:00:00,366,1
56,2020-10-15 11:00:00,Decision Tree,11,0.7817422003041093,0.7530884563903615,2019-10-15 11:00:00,2020-10-15 11:00:00,2020-10-15 11:00:00,366,1
57,2020-10-15 11:00:00,Random Forest,11,0.7817422003041093,0.7597597443315139,2019-10-15 11:00:00,2020-10-15 11:00:00,2020-10-15 11:00:00,366,1
58,2020-10-15 11:00:00,Neural Network,11,0.7817422003041093,0.559691078221432,2019-10-15 11:00:00,2020-10-15 11:00:00,2020-10-15 11:00:00,366,1
59,2020-10-15 11:00:00,Naive,11,0.7817422003041093,-0.06658036580460389,2019-10-15 11:00:00,2020-10-15 11:00:00,2020-10-15 11:00:00,366,1
60,2020-10-16 11:00:00,Decision Tree,11,1.0255951140871657,1.0479417164628577,2019-10-16 11:00:00,2020-10-16 11:00:00,2020-10-16 11:00:00,366,1
61,2020-10-16 11:00:00,Random Forest,11,1.0255951140871657,0.9941567548300781,2019-10-16 11:00:00,2020-10-16 11:00:00,2020-10-16 11:00:00,366,1
62,2020-10-16 11:00:00,Neural Network,11,1.0255951140871657,1.0918178382943748,2019-10-16 11:00:00,2020-10-16 11:00:00,2020-10-16 11:00:00,366,1
63,2020-10-16 11:00:00,Naive,11,1.0255951140871657,0.7817422003041093,2019-10-16 11:00:00,2020-10-16 11:00:00,2020-10-16 11:00:00,366,1
64,2020-10-17 11:00:00,Decision Tree,11,0.5213870824356329,0.514058483528711,2019-10-17 11:00:00,2020-10-17 11:00:00,2020-10-17 11:00:00,366,1
65,2020-10-17 11:00:00,Random Forest,11,0.5213870824356329,0.5202749445923929,2019-10-17 11:00:00,2020-10-17 11:00:00,2020-10-17 11:00:00,366,1
66,2020-10-17 11:00:00,Neural Network,11,0.5213870824356329,0.7242538697459785,2019-10-17 11:00:00,2020-10-17 11:00:00,2020-10-17 11:00:00,366,1
67,2020-10-17 11:00:00,Naive,11,0.5213870824356329,1.0255951140871657,2019-10-17 11:00:00,2020-10-17 11:00:00,2020-10-17 11:00:00,366,1
68,2020-10-18 11:00:00,Decision Tree,11,-0.6423474683419379,-0.6661695865947753,2019-10-18 11:00:00,2020-10-18 11:00:00,2020-10-18 11:00:00,366,1
69,2020-10-18 11:00:00,Random Forest,11,-0.6423474683419379,-0.6451012254593897,2019-10-18 11:00:00,2020-10-18 11:00:00,2020-10-18 11:00:00,366,1
70,2020-10-18 11:00:00,Neural Network,11,-0.6423474683419379,-0.5984009361116573,2019-10-18 11:00:00,2020-10-18 11:00:00,2020-10-18 11:00:00,366,1
71,2020-10-18 11:00:00,Naive,11,-0.6423474683419379,0.5213870824356329,2019-10-18 11:00:00,2020-10-18 11:00:00,2020-10-18 11:00:00,366,1
72,2020-10-19 11:00:00,Decision Tree,11,0.8723187923335597,0.8277859650481604,2019-10-19 11:00:00,2020-10-19 11:00:00,2020-10-19 11:00:00,366,1
73,2020-10-19 11:00:00,Random Forest,11,0.8723187923335597,0.8411060126823745,2019-10-19 11:00:00,2020-10-19 11:00:00,2020-10-19 11:00:00,366,1
74,2020-10-19 11:00:00,Neural Network,11,0.8723187923335597,0.8278431193956073,2019-10-19 11:00:00,2020-10-19 11:00:00,2020-10-19 11:00:00,366,1
75,2020-10-19 11:00:00,Naive,11,0.8723187923335597,-0.6423474683419379,2019-10-19 11:00:00,2020-10-19 11:00:00,2020-10-19 11:00:00,366,1
76,2020-10-20 11:00:00,Decision Tree,11,-0.2823588021717751,-0.3044921102779356,2019-10-20 11:00:00,2020-10-20 11:00:00,2020-10-20 11:00:00,366,1
77,2020-10-20 11:00:00,Random Forest,11,-0.2823588021717751,-0.2922108467228958,2019-10-20 11:00:00,2020-10-20 11:00:00,2020-10-20 11:00:00,366,1
78,2020-10-20 11:00:00,Neural Network,11,-0.2823588021717751,-0.10182516381112725,2019-10-20 11:00:00,2020-10-20 11:00:00,2020-10-20 11:00:00,366,1
79,2020-10-20 11:00:00,Naive,11,-0.2823588021717751,0.8723187923335597,2019-10-20 11:00:00,2020-10-20 11:00:00,2020-10-20 11:00:00,366,1
80,2020-10-21 11:00:00,Decision Tree,11,0.4286932419897078,0.39477155399378455,2019-10-21 11:00:00,2020-10-21 11:00:00,2020-10-21 11:00:00,366,1
81,2020-10-21 11:00:00,Random Forest,11,0.4286932419897078,0.39791599723788373,2019-10-21 11:00:00,2020-10-21 11:00:00,2020-10-21 11:00:00,366,1
82,2020-10-21 11:00:00,Neural Network,11,0.4286932419897078,0.3671819162095055,2019-10-21 11:00:00,2020-10-21 11:00:00,2020-10-21 11:00:00,366,1
83,2020-10-21 11:00:00,Naive,11,0.4286932419897078,-0.2823588021717751,2019-10-21 11:00:00,2020-10-21 11:00:00,2020-10-21 11:00:00,366,1
84,2020-10-22 11:00:00,Decision Tree,11,-0.30959915892300705,-0.30172544676466556,2019-10-22 11:00:00,2020-10-22 11:00:00,2020-10-22 11:00:00,366,1
85,2020-10-22 11:00:00,Random Forest,11,-0.30959915892300705,-0.3169652570560183,2019-10-22 11:00:00,2020-10-22 11:00:00,2020-10-22 11:00:00,366,1
86,2020-10-22 11:00:00,Neural Network,11,-0.30959915892300705,-0.2638851272791967,2019-10-22 11:00:00,2020-10-22 11:00:00,2020-10-22 11:00:00,366,1
87,2020-10-22 11:00:00,Naive,11,-0.30959915892300705,0.4286932419897078,2019-10-22 11:00:00,2020-10-22 11:00:00,2020-10-22 11:00:00,366,1
88,2020-10-23 11:00:00,Decision Tree,11,1.099954431349454,1.1169598536942174,2019-10-23 11:00:00,2020-10-23 11:00:00,2020-10-23 11:00:00,366,1
89,2020-10-23 11:00:00,Random Forest,11,1.099954431349454,1.0413137281270453,2019-10-23 11:00:00,2020-10-23 11:00:00,2020-10-23 11:00:00,366,1
90,2020-10-23 11:00:00,Neural Network,11,1.099954431349454,1.0381160503363636,2019-10-23 11:00:00,2020-10-23 11:00:00,2020-10-23 11:00:00,366,1
91,2020-10-23 11:00:00,Naive,11,1.099954431349454,-0.30959915892300705,2019-10-23 11:00:00,2020-10-23 11:00:00,2020-10-23 11:00:00,366,1
92,2020-10-24 11:00:00,Decision Tree,11,0.026134449364959404,-0.013323677523407311,2019-10-24 11:00:00,2020-10-24 11:00:00,2020-10-24 11:00:00,366,1
93,2020-10-24 11:00:00,Random Forest,11,0.026134449364959404,-0.0005667210098334971,2019-10-24 11:00:00,2020-10-24 11:00:00,2020-10-24 11:00:00,366,1
94,2020-10-24 11:00:00,Neural Network,11,0.026134449364959404,-0.26556061185356017,2019-10-24 11:00:00,2020-10-24 11:00:00,2020-10-24 11:00:00,366,1
95,2020-10-24 11:00:00,Naive,11,0.026134449364959404,1.099954431349454,2019-10-24 11:00:00,2020-10-24 11:00:00,2020-10-24 11:00:00,366,1
96,2020-10-25 11:00:00,Decision Tree,11,-1.6098274017311194,-1.6105346423689986,2019-10-25 11:00:00,2020-10-25 11:00:00,2020-10-25 11:00:00,366,1
97,2020-10-25 11:00:00,Random Forest,11,-1.6098274017311194,-1.5900925773372159,2019-10-25 11:00:00,2020-10-25 11:00:00,2020-10-25 11:00:00,366,1
98,2020-10-25 11:00:00,Neural Network,11,-1.6098274017311194,-1.460892380412154,2019-10-25 11:00:00,2020-10-25 11:00:00,2020-10-25 11:00:00,366,1
99,2020-10-25 11:00:00,Naive,11,-1.6098274017311194,0.026134449364959404,2019-10-25 11:00:00,2020-10-25 11:00:00,2020-10-25 11:00:00,366,1
100,2020-10-26 11:00:00,Decision Tree,11,0.8326356649336006,0.7689601708848764,2019-10-26 11:00:00,2020-10-26 11:00:00,2020-10-26 11:00:00,366,1
101,2020-10-26 11:00:00,Random Forest,11,0.8326356649336006,0.7872712053929093,2019-10-26 11:00:00,2020-10-26 11:00:00,2020-10-26 11:00:00,366,1
102,2020-10-26 11:00:00,Neural Network,11,0.8326356649336006,0.8774705998775572,2019-10-26 11:00:00,2020-10-26 11:00:00,2020-10-26 11:00:00,366,1
103,2020-10-26 11:00:00,Naive,11,0.8326356649336006,-1.6098274017311194,2019-10-26 11:00:00,2020-10-26 11:00:00,2020-10-26 11:00:00,366,1
104,2020-10-27 11:00:00,Decision Tree,11,-0.16711690581236832,-0.20063899062110097,2019-10-27 11:00:00,2020-10-27 11:00:00,2020-10-27 11:00:00,366,1
105,2020-10-27 11:00:00,Random Forest,11,-0.16711690581236832,-0.19586764704926915,2019-10-27 11:00:00,2020-10-27 11:00:00,2020-10-27 11:00:00,366,1
106,2020-10-27 11:00:00,Neural Network,11,-0.16711690581236832,-0.11341306066377191,2019-10-27 11:00:00,2020-10-27 11:00:00,2020-10-27 11:00:00,366,1
107,2020-10-27 11:00:00,Naive,11,-0.16711690581236832,0.8326356649336006,2019-10-27 11:00:00,2020-10-27 11:00:00,2020-10-27 11:00:00,366,1
108,2020-10-28 11:00:00,Decision Tree,11,0.27489742837950504,0.2314811147850738,2019-10-28 11:00:00,2020-10-28 11:00:00,2020-10-28 11:00:00,366,1
109,2020-10-28 11:00:00,Random Forest,11,0.27489742837950504,0.2460868551074509,2019-10-28 11:00:00,2020-10-28 11:00:00,2020-10-28 11:00:00,366,1
110,2020-10-28 11:00:00,Neural Network,11,0.27489742837950504,0.04899641619935108,2019-10-28 11:00:00,2020-10-28 11:00:00,2020-10-28 11:00:00,366,1
111,2020-10-28 11:00:00,Naive,11,0.27489742837950504,-0.16711690581236832,2019-10-28 11:00:00,2020-10-28 11:00:00,2020-10-28 11:00:00,366,1
112,2020-10-29 11:00:00,Decision Tree,11,-0.41198352817816675,-0.4271361504936711,2019-10-29 11:00:00,2020-10-29 11:00:00,2020-10-29 11:00:00,366,1
113,2020-10-29 11:00:00,Random Forest,11,-0.41198352817816675,-0.42482663441881097,2019-10-29 11:00:00,2020-10-29 11:00:00,2020-10-29 11:00:00,366,1
114,2020-10-29 11:00:00,Neural Network,11,-0.41198352817816675,-0.3595626353666158,2019-10-29 11:00:00,2020-10-29 11:00:00,2020-10-29 11:00:00,366,1
115,2020-10-29 11:00:00,Naive,11,-0.41198352817816675,0.27489742837950504,2019-10-29 11:00:00,2020-10-29 11:00:00,2020-10-29 11:00:00,366,1
116,2020-10-30 11:00:00,Decision Tree,11,-0.02834226099249595,-0.061330289284592644,2019-10-30 11:00:00,2020-10-30 11:00:00,2020-10-30 11:00:00,366,1
117,2020-10-30 11:00:00,Random Forest,11,-0.02834226099249595,-0.05883580954922827,2019-10-30 11:00:00,2020-10-30 11:00:00,2020-10-30 11:00:00,366,1
118,2020-10-30 11:00:00,Neural Network,11,-0.02834226099249595,-0.21245297379588518,2019-10-30 11:00:00,2020-10-30 11:00:00,2020-10-30 11:00:00,366,1
119,2020-10-30 11:00:00,Naive,11,-0.02834226099249595,-0.41198352817816675,2019-10-30 11:00:00,2020-10-30 11:00:00,2020-10-30 11:00:00,366,1
120,2020-10-31 11:00:00,Decision Tree,11,-0.10953097358746838,-0.11816763466884218,2019-10-31 11:00:00,2020-10-31 11:00:00,2020-10-31 11:00:00,366,1
121,2020-10-31 11:00:00,Random Forest,11,-0.10953097358746838,-0.13112946193977504,2019-10-31 11:00:00,2020-10-31 11:00:00,2020-10-31 11:00:00,366,1
122,2020-10-31 11:00:00,Neural Network,11,-0.10953097358746838,0.15166105200848784,2019-10-31 11:00:00,2020-10-31 11:00:00,2020-10-31 11:00:00,366,1
123,2020-10-31 11:00:00,Naive,11,-0.10953097358746838,-0.02834226099249595,2019-10-31 11:00:00,2020-10-31 11:00:00,2020-10-31 11:00:00,366,1
124,2020-11-01 11:00:00,Decision Tree,11,-0.6030987696310354,-0.6067507066906037,2019-11-01 11:00:00,2020-11-01 11:00:00,2020-11-01 11:00:00,366,1
125,2020-11-01 11:00:00,Random Forest,11,-0.6030987696310354,-0.6026307824635816,2019-11-01 11:00:00,2020-11-01 11:00:00,2020-11-01 11:00:00,366,1
126,2020-11-01 11:00:00,Neural Network,11,-0.6030987696310354,-0.8093604025996871,2019-11-01 11:00:00,2020-11-01 11:00:00,2020-11-01 11:00:00,366,1
127,2020-11-01 11:00:00,Naive,11,-0.6030987696310354,-0.10953097358746838,2019-11-01 11:00:00,2020-11-01 11:00:00,2020-11-01 11:00:00,366,1
128,2020-11-02 11:00:00,Decision Tree,11,-0.5859808129989514,-0.606142050514009,2019-11-02 11:00:00,2020-11-02 11:00:00,2020-11-02 11:00:00,366,1
129,2020-11-02 11:00:00,Random Forest,11,-0.5859808129989514,-0.6012041309981927,2019-11-02 11:00:00,2020-11-02 11:00:00,2020-11-02 11:00:00,366,1
130,2020-11-02 11:00:00,Neural Network,11,-0.5859808129989514,-0.43713744061080057,2019-11-02 11:00:00,2020-11-02 11:00:00,2020-11-02 11:00:00,366,1
131,2020-11-02 11:00:00,Naive,11,-0.5859808129989514,-0.6030987696310354,2019-11-02 11:00:00,2020-11-02 11:00:00,2020-11-02 11:00:00,366,1
132,2020-11-03 11:00:00,Decision Tree,11,0.06305572916060032,0.035813495973416945,2019-11-03 11:00:00,2020-11-03 11:00:00,2020-11-03 11:00:00,366,1
133,2020-11-03 11:00:00,Random Forest,11,0.06305572916060032,0.03032400584159974,2019-11-03 11:00:00,2020-11-03 11:00:00,2020-11-03 11:00:00,366,1
134,2020-11-03 11:00:00,Neural Network,11,0.06305572916060032,0.4000038910058896,2019-11-03 11:00:00,2020-11-03 11:00:00,2020-11-03 11:00:00,366,1
135,2020-11-03 11:00:00,Naive,11,0.06305572916060032,-0.5859808129989514,2019-11-03 11:00:00,2020-11-03 11:00:00,2020-11-03 11:00:00,366,1
136,2020-11-04 11:00:00,Decision Tree,11,0.20276805175111862,0.1788716434517663,2019-11-04 11:00:00,2020-11-04 11:00:00,2020-11-04 11:00:00,366,1
137,2020-11-04 11:00:00,Random Forest,11,0.20276805175111862,0.1512703934898488,2019-11-04 11:00:00,2020-11-04 11:00:00,2020-11-04 11:00:00,366,1
138,2020-11-04 11:00:00,Neural Network,11,0.20276805175111862,0.41123040180132686,2019-11-04 11:00:00,2020-11-04 11:00:00,2020-11-04 11:00:00,366,1
139,2020-11-04 11:00:00,Naive,11,0.20276805175111862,0.06305572916060032,2019-11-04 11:00:00,2020-11-04 11:00:00,2020-11-04 11:00:00,366,1
140,2020-11-05 11:00:00,Decision Tree,11,-0.07109197864819079,-0.11087578430550021,2019-11-05 11:00:00,2020-11-05 11:00:00,2020-11-05 11:00:00,366,1
141,2020-11-05 11:00:00,Random Forest,11,-0.07109197864819079,-0.11111817887817203,2019-11-05 11:00:00,2020-11-05 11:00:00,2020-11-05 11:00:00,366,1
142,2020-11-05 11:00:00,Neural Network,11,-0.07109197864819079,0.06797389205105048,2019-11-05 11:00:00,2020-11-05 11:00:00,2020-11-05 11:00:00,366,1
143,2020-11-05 11:00:00,Naive,11,-0.07109197864819079,0.20276805175111862,2019-11-05 11:00:00,2020-11-05 11:00:00,2020-11-05 11:00:00,366,1
144,2020-11-06 11:00:00,Decision Tree,11,0.540685357339639,0.521884358736242,2019-11-06 11:00:00,2020-11-06 11:00:00,2020-11-06 11:00:00,366,1
145,2020-11-06 11:00:00,Random Forest,11,0.540685357339639,0.5172675249967711,2019-11-06 11:00:00,2020-11-06 11:00:00,2020-11-06 11:00:00,366,1
146,2020-11-06 11:00:00,Neural Network,11,0.540685357339639,0.6254944039754411,2019-11-06 11:00:00,2020-11-06 11:00:00,2020-11-06 11:00:00,366,1
147,2020-11-06 11:00:00,Naive,11,0.540685357339639,-0.07109197864819079,2019-11-06 11:00:00,2020-11-06 11:00:00,2020-11-06 11:00:00,366,1
148,2020-11-07 11:00:00,Decision Tree,11,-0.2704298654292475,-0.302600303671148,2019-11-07 11:00:00,2020-11-07 11:00:00,2020-11-07 11:00:00,366,1
149,2020-11-07 11:00:00,Random Forest,11,-0.2704298654292475,-0.3061702001785051,2019-11-07 11:00:00,2020-11-07 11:00:00,2020-11-07 11:00:00,366,1
150,2020-11-07 11:00:00,Neural Network,11,-0.2704298654292475,-0.0273867524112561,2019-11-07 11:00:00,2020-11-07 11:00:00,2020-11-07 11:00:00,366,1
151,2020-11-07 11:00:00,Naive,11,-0.2704298654292475,0.540685357339639,2019-11-07 11:00:00,2020-11-07 11:00:00,2020-11-07 11:00:00,366,1
152,2020-11-08 11:00:00,Decision Tree,11,-0.1368131802108232,-0.14975373190746497,2019-11-08 11:00:00,2020-11-08 11:00:00,2020-11-08 11:00:00,366,1
153,2020-11-08 11:00:00,Random Forest,11,-0.1368131802108232,-0.1690093853435293,2019-11-08 11:00:00,2020-11-08 11:00:00,2020-11-08 11:00:00,366,1
154,2020-11-08 11:00:00,Neural Network,11,-0.1368131802108232,-0.001369658383889194,2019-11-08 11:00:00,2020-11-08 11:00:00,2020-11-08 11:00:00,366,1
155,2020-11-08 11:00:00,Naive,11,-0.1368131802108232,-0.2704298654292475,2019-11-08 11:00:00,2020-11-08 11:00:00,2020-11-08 11:00:00,366,1
156,2020-11-09 11:00:00,Decision Tree,11,0.7287497707472296,0.6418726329527168,2019-11-09 11:00:00,2020-11-09 11:00:00,2020-11-09 11:00:00,366,1
157,2020-11-09 11:00:00,Random Forest,11,0.7287497707472296,0.6397106446142402,2019-11-09 11:00:00,2020-11-09 11:00:00,2020-11-09 11:00:00,366,1
158,2020-11-09 11:00:00,Neural Network,11,0.7287497707472296,0.789027032991803,2019-11-09 11:00:00,2020-11-09 11:00:00,2020-11-09 11:00:00,366,1
159,2020-11-09 11:00:00,Naive,11,0.7287497707472296,-0.1368131802108232,2019-11-09 11:00:00,2020-11-09 11:00:00,2020-11-09 11:00:00,366,1
160,2020-11-10 11:00:00,Decision Tree,11,1.0443167088969114,1.0478525063735131,2019-11-10 11:00:00,2020-11-10 11:00:00,2020-11-10 11:00:00,366,1
161,2020-11-10 11:00:00,Random Forest,11,1.0443167088969114,0.9993904053124606,2019-11-10 11:00:00,2020-11-10 11:00:00,2020-11-10 11:00:00,366,1
162,2020-11-10 11:00:00,Neural Network,11,1.0443167088969114,1.0481367770691445,2019-11-10 11:00:00,2020-11-10 11:00:00,2020-11-10 11:00:00,366,1
163,2020-11-10 11:00:00,Naive,11,1.0443167088969114,0.7287497707472296,2019-11-10 11:00:00,2020-11-10 11:00:00,2020-11-10 11:00:00,366,1
164,2020-11-11 11:00:00,Decision Tree,11,0.9485481500701598,0.8682065868333245,2019-11-11 11:00:00,2020-11-11 11:00:00,2020-11-11 11:00:00,366,1
165,2020-11-11 11:00:00,Random Forest,11,0.9485481500701598,0.8837596442657691,2019-11-11 11:00:00,2020-11-11 11:00:00,2020-11-11 11:00:00,366,1
166,2020-11-11 11:00:00,Neural Network,11,0.9485481500701598,1.057425529643118,2019-11-11 11:00:00,2020-11-11 11:00:00,2020-11-11 11:00:00,366,1
167,2020-11-11 11:00:00,Naive,11,0.9485481500701598,1.0443167088969114,2019-11-11 11:00:00,2020-11-11 11:00:00,2020-11-11 11:00:00,366,1
168,2020-11-12 11:00:00,Decision Tree,11,0.4993970966780563,0.4168389750126839,2019-11-12 11:00:00,2020-11-12 11:00:00,2020-11-12 11:00:00,366,1
169,2020-11-12 11:00:00,Random Forest,11,0.4993970966780563,0.4256070167007149,2019-11-12 11:00:00,2020-11-12 11:00:00,2020-11-12 11:00:00,366,1
170,2020-11-12 11:00:00,Neural Network,11,0.4993970966780563,0.4872162353075463,2019-11-12 11:00:00,2020-11-12 11:00:00,2020-11-12 11:00:00,366,1
171,2020-11-12 11:00:00,Naive,11,0.4993970966780563,0.9485481500701598,2019-11-12 11:00:00,2020-11-12 11:00:00,2020-11-12 11:00:00,366,1
172,2020-11-13 11:00:00,Decision Tree,11,0.6380243707756545,0.5795631512067855,2019-11-13 11:00:00,2020-11-13 11:00:00,2020-11-13 11:00:00,366,1
173,2020-11-13 11:00:00,Random Forest,11,0.6380243707756545,0.5806674771464442,2019-11-13 11:00:00,2020-11-13 11:00:00,2020-11-13 11:00:00,366,1
174,2020-11-13 11:00:00,Neural Network,11,0.6380243707756545,0.5533809203486071,2019-11-13 11:00:00,2020-11-13 11:00:00,2020-11-13 11:00:00,366,1
175,2020-11-13 11:00:00,Naive,11,0.6380243707756545,0.4993970966780563,2019-11-13 11:00:00,2020-11-13 11:00:00,2020-11-13 11:00:00,366,1
176,2020-11-14 11:00:00,Decision Tree,11,0.4652811908850247,0.41504516981114936,2019-11-14 11:00:00,2020-11-14 11:00:00,2020-11-14 11:00:00,366,1
177,2020-11-14 11:00:00,Random Forest,11,0.4652811908850247,0.40538443586031175,2019-11-14 11:00:00,2020-11-14 11:00:00,2020-11-14 11:00:00,366,1
178,2020-11-14 11:00:00,Neural Network,11,0.4652811908850247,0.5047160631749509,2019-11-14 11:00:00,2020-11-14 11:00:00,2020-11-14 11:00:00,366,1
179,2020-11-14 11:00:00,Naive,11,0.4652811908850247,0.6380243707756545,2019-11-14 11:00:00,2020-11-14 11:00:00,2020-11-14 11:00:00,366,1
180,2020-11-15 11:00:00,Decision Tree,11,-1.2369963975386118,-1.2117688632431418,2019-11-15 11:00:00,2020-11-15 11:00:00,2020-11-15 11:00:00,366,1
181,2020-11-15 11:00:00,Random Forest,11,-1.2369963975386118,-1.197988022019059,2019-11-15 11:00:00,2020-11-15 11:00:00,2020-11-15 11:00:00,366,1
182,2020-11-15 11:00:00,Neural Network,11,-1.2369963975386118,-1.0348327498824006,2019-11-15 11:00:00,2020-11-15 11:00:00,2020-11-15 11:00:00,366,1
183,2020-11-15 11:00:00,Naive,11,-1.2369963975386118,0.4652811908850247,2019-11-15 11:00:00,2020-11-15 11:00:00,2020-11-15 11:00:00,366,1
184,2020-11-16 11:00:00,Decision Tree,11,-0.32591616925873307,-0.35225457972267754,2019-11-16 11:00:00,2020-11-16 11:00:00,2020-11-16 11:00:00,366,1
185,2020-11-16 11:00:00,Random Forest,11,-0.32591616925873307,-0.3606336155960742,2019-11-16 11:00:00,2020-11-16 11:00:00,2020-11-16 11:00:00,366,1
186,2020-11-16 11:00:00,Neural Network,11,-0.32591616925873307,-0.23156050534864467,2019-11-16 11:00:00,2020-11-16 11:00:00,2020-11-16 11:00:00,366,1
187,2020-11-16 11:00:00,Naive,11,-0.32591616925873307,-1.2369963975386118,2019-11-16 11:00:00,2020-11-16 11:00:00,2020-11-16 11:00:00,366,1
188,2020-11-17 11:00:00,Decision Tree,11,0.44984044732736667,0.36883786608369623,2019-11-17 11:00:00,2020-11-17 11:00:00,2020-11-17 11:00:00,366,1
189,2020-11-17 11:00:00,Random Forest,11,0.44984044732736667,0.378708832477823,2019-11-17 11:00:00,2020-11-17 11:00:00,2020-11-17 11:00:00,366,1
190,2020-11-17 11:00:00,Neural Network,11,0.44984044732736667,0.20113997681789414,2019-11-17 11:00:00,2020-11-17 11:00:00,2020-11-17 11:00:00,366,1
191,2020-11-17 11:00:00,Naive,11,0.44984044732736667,-0.32591616925873307,2019-11-17 11:00:00,2020-11-17 11:00:00,2020-11-17 11:00:00,366,1
192,2020-11-18 11:00:00,Decision Tree,11,0.48496722758230176,0.42341783999012855,2019-11-18 11:00:00,2020-11-18 11:00:00,2020-11-18 11:00:00,366,1
193,2020-11-18 11:00:00,Random Forest,11,0.48496722758230176,0.42261726263982186,2019-11-18 11:00:00,2020-11-18 11:00:00,2020-11-18 11:00:00,366,1
194,2020-11-18 11:00:00,Neural Network,11,0.48496722758230176,0.08869818032476112,2019-11-18 11:00:00,2020-11-18 11:00:00,2020-11-18 11:00:00,366,1
195,2020-11-18 11:00:00,Naive,11,0.48496722758230176,0.44984044732736667,2019-11-18 11:00:00,2020-11-18 11:00:00,2020-11-18 11:00:00,366,1
196,2020-11-19 11:00:00,Decision Tree,11,-0.2495043245315739,-0.29300757588759624,2019-11-19 11:00:00,2020-11-19 11:00:00,2020-11-19 11:00:00,366,1
197,2020-11-19 11:00:00,Random Forest,11,-0.2495043245315739,-0.2894378360183655,2019-11-19 11:00:00,2020-11-19 11:00:00,2020-11-19 11:00:00,366,1
198,2020-11-19 11:00:00,Neural Network,11,-0.2495043245315739,-0.3298841673135937,2019-11-19 11:00:00,2020-11-19 11:00:00,2020-11-19 11:00:00,366,1
199,2020-11-19 11:00:00,Naive,11,-0.2495043245315739,0.48496722758230176,2019-11-19 11:00:00,2020-11-19 11:00:00,2020-11-19 11:00:00,366,1
200,2020-11-20 11:00:00,Decision Tree,11,0.837318960333234,0.7575812171552022,2019-11-20 11:00:00,2020-11-20 11:00:00,2020-11-20 11:00:00,366,1
201,2020-11-20 11:00:00,Random Forest,11,0.837318960333234,0.7647418670169246,2019-11-20 11:00:00,2020-11-20 11:00:00,2020-11-20 11:00:00,366,1
202,2020-11-20 11:00:00,Neural Network,11,0.837318960333234,0.7494901095268302,2019-11-20 11:00:00,2020-11-20 11:00:00,2020-11-20 11:00:00,366,1
203,2020-11-20 11:00:00,Naive,11,0.837318960333234,-0.2495043245315739,2019-11-20 11:00:00,2020-11-20 11:00:00,2020-11-20 11:00:00,366,1
204,2020-11-21 11:00:00,Decision Tree,11,-0.6721494498420371,-0.6627664268443699,2019-11-21 11:00:00,2020-11-21 11:00:00,2020-11-21 11:00:00,366,1
205,2020-11-21 11:00:00,Random Forest,11,-0.6721494498420371,-0.6805963281111973,2019-11-21 11:00:00,2020-11-21 11:00:00,2020-11-21 11:00:00,366,1
206,2020-11-21 11:00:00,Neural Network,11,-0.6721494498420371,-0.7331140762953934,2019-11-21 11:00:00,2020-11-21 11:00:00,2020-11-21 11:00:00,366,1
207,2020-11-21 11:00:00,Naive,11,-0.6721494498420371,0.837318960333234,2019-11-21 11:00:00,2020-11-21 11:00:00,2020-11-21 11:00:00,366,1
208,2020-11-22 11:00:00,Decision Tree,11,-0.4690766987370974,-0.5193774377632724,2019-11-22 11:00:00,2020-11-22 11:00:00,2020-11-22 11:00:00,366,1
209,2020-11-22 11:00:00,Random Forest,11,-0.4690766987370974,-0.4817164360849613,2019-11-22 11:00:00,2020-11-22 11:00:00,2020-11-22 11:00:00,366,1
210,2020-11-22 11:00:00,Neural Network,11,-0.4690766987370974,-0.45345968846496815,2019-11-22 11:00:00,2020-11-22 11:00:00,2020-11-22 11:00:00,366,1
211,2020-11-22 11:00:00,Naive,11,-0.4690766987370974,-0.6721494498420371,2019-11-22 11:00:00,2020-11-22 11:00:00,2020-11-22 11:00:00,366,1
212,2020-11-23 11:00:00,Decision Tree,11,0.42594525980600006,0.3504527974886298,2019-11-23 11:00:00,2020-11-23 11:00:00,2020-11-23 11:00:00,366,1
213,2020-11-23 11:00:00,Random Forest,11,0.42594525980600006,0.3390031641679387,2019-11-23 11:00:00,2020-11-23 11:00:00,2020-11-23 11:00:00,366,1
214,2020-11-23 11:00:00,Neural Network,11,0.42594525980600006,0.5438489825419934,2019-11-23 11:00:00,2020-11-23 11:00:00,2020-11-23 11:00:00,366,1
215,2020-11-23 11:00:00,Naive,11,0.42594525980600006,-0.4690766987370974,2019-11-23 11:00:00,2020-11-23 11:00:00,2020-11-23 11:00:00,366,1
216,2020-11-24 11:00:00,Decision Tree,11,0.6538953089026822,0.5893093488165766,2019-11-24 11:00:00,2020-11-24 11:00:00,2020-11-24 11:00:00,366,1
217,2020-11-24 11:00:00,Random Forest,11,0.6538953089026822,0.5969586199773562,2019-11-24 11:00:00,2020-11-24 11:00:00,2020-11-24 11:00:00,366,1
218,2020-11-24 11:00:00,Neural Network,11,0.6538953089026822,0.5974830389113359,2019-11-24 11:00:00,2020-11-24 11:00:00,2020-11-24 11:00:00,366,1
219,2020-11-24 11:00:00,Naive,11,0.6538953089026822,0.42594525980600006,2019-11-24 11:00:00,2020-11-24 11:00:00,2020-11-24 11:00:00,366,1
220,2020-11-25 11:00:00,Decision Tree,11,1.007942501266206,0.8764218085139511,2019-11-25 11:00:00,2020-11-25 11:00:00,2020-11-25 11:00:00,366,1
221,2020-11-25 11:00:00,Random Forest,11,1.007942501266206,0.9340586242333294,2019-11-25 11:00:00,2020-11-25 11:00:00,2020-11-25 11:00:00,366,1
222,2020-11-25 11:00:00,Neural Network,11,1.007942501266206,0.8944629701326845,2019-11-25 11:00:00,2020-11-25 11:00:00,2020-11-25 11:00:00,366,1
223,2020-11-25 11:00:00,Naive,11,1.007942501266206,0.6538953089026822,2019-11-25 11:00:00,2020-11-25 11:00:00,2020-11-25 11:00:00,366,1
224,2020-11-26 11:00:00,Decision Tree,11,1.351486821329301,1.3047274657926409,2019-11-26 11:00:00,2020-11-26 11:00:00,2020-11-26 11:00:00,366,1
225,2020-11-26 11:00:00,Random Forest,11,1.351486821329301,1.2620008077365712,2019-11-26 11:00:00,2020-11-26 11:00:00,2020-11-26 11:00:00,366,1
226,2020-11-26 11:00:00,Neural Network,11,1.351486821329301,1.3922363170863392,2019-11-26 11:00:00,2020-11-26 11:00:00,2020-11-26 11:00:00,366,1
227,2020-11-26 11:00:00,Naive,11,1.351486821329301,1.007942501266206,2019-11-26 11:00:00,2020-11-26 11:00:00,2020-11-26 11:00:00,366,1
228,2020-11-27 11:00:00,Decision Tree,11,1.8158740397629525,1.3105723852347233,2019-11-27 11:00:00,2020-11-27 11:00:00,2020-11-27 11:00:00,366,1
229,2020-11-27 11:00:00,Random Forest,11,1.8158740397629525,1.3933585293878572,2019-11-27 11:00:00,2020-11-27 11:00:00,2020-11-27 11:00:00,366,1
230,2020-11-27 11:00:00,Neural Network,11,1.8158740397629525,2.2025751142706698,2019-11-27 11:00:00,2020-11-27 11:00:00,2020-11-27 11:00:00,366,1
231,2020-11-27 11:00:00,Naive,11,1.8158740397629525,1.351486821329301,2019-11-27 11:00:00,2020-11-27 11:00:00,2020-11-27 11:00:00,366,1
232,2020-11-28 11:00:00,Decision Tree,11,0.9114625925675102,0.8401930495247119,2019-11-28 11:00:00,2020-11-28 11:00:00,2020-11-28 11:00:00,366,1
233,2020-11-28 11:00:00,Random Forest,11,0.9114625925675102,0.8113359286844817,2019-11-28 11:00:00,2020-11-28 11:00:00,2020-11-28 11:00:00,366,1
234,2020-11-28 11:00:00,Neural Network,11,0.9114625925675102,0.8910594715671005,2019-11-28 11:00:00,2020-11-28 11:00:00,2020-11-28 11:00:00,366,1
235,2020-11-28 11:00:00,Naive,11,0.9114625925675102,1.8158740397629525,2019-11-28 11:00:00,2020-11-28 11:00:00,2020-11-28 11:00:00,366,1
236,2020-11-29 11:00:00,Decision Tree,11,0.7633128248744651,0.7097704443611594,2019-11-29 11:00:00,2020-11-29 11:00:00,2020-11-29 11:00:00,366,1
237,2020-11-29 11:00:00,Random Forest,11,0.7633128248744651,0.6858266103226313,2019-11-29 11:00:00,2020-11-29 11:00:00,2020-11-29 11:00:00,366,1
238,2020-11-29 11:00:00,Neural Network,11,0.7633128248744651,0.5350205783833522,2019-11-29 11:00:00,2020-11-29 11:00:00,2020-11-29 11:00:00,366,1
239,2020-11-29 11:00:00,Naive,11,0.7633128248744651,0.9114625925675102,2019-11-29 11:00:00,2020-11-29 11:00:00,2020-11-29 11:00:00,366,1
240,2020-11-30 11:00:00,Decision Tree,11,1.336204959073487,1.4213001208851967,2019-11-30 11:00:00,2020-11-30 11:00:00,2020-11-30 11:00:00,366,1
241,2020-11-30 11:00:00,Random Forest,11,1.336204959073487,1.2691959016707015,2019-11-30 11:00:00,2020-11-30 11:00:00,2020-11-30 11:00:00,366,1
242,2020-11-30 11:00:00,Neural Network,11,1.336204959073487,1.242438080453923,2019-11-30 11:00:00,2020-11-30 11:00:00,2020-11-30 11:00:00,366,1
243,2020-11-30 11:00:00,Naive,11,1.336204959073487,0.7633128248744651,2019-11-30 11:00:00,2020-11-30 11:00:00,2020-11-30 11:00:00,366,1
244,2020-12-01 11:00:00,Decision Tree,11,1.5110918161652342,1.410663225658733,2019-12-01 11:00:00,2020-12-01 11:00:00,2020-12-01 11:00:00,366,1
245,2020-12-01 11:00:00,Random Forest,11,1.5110918161652342,1.4315884218462835,2019-12-01 11:00:00,2020-12-01 11:00:00,2020-12-01 11:00:00,366,1
246,2020-12-01 11:00:00,Neural Network,11,1.5110918161652342,1.5634840036046824,2019-12-01 11:00:00,2020-12-01 11:00:00,2020-12-01 11:00:00,366,1
247,2020-12-01 11:00:00,Naive,11,1.5110918161652342,1.336204959073487,2019-12-01 11:00:00,2020-12-01 11:00:00,2020-12-01 11:00:00,366,1
248,2020-12-02 11:00:00,Decision Tree,11,2.2140498787878204,1.421821957937233,2019-12-02 11:00:00,2020-12-02 11:00:00,2020-12-02 11:00:00,366,1
249,2020-12-02 11:00:00,Random Forest,11,2.2140498787878204,1.5577007709648336,2019-12-02 11:00:00,2020-12-02 11:00:00,2020-12-02 11:00:00,366,1
250,2020-12-02 11:00:00,Neural Network,11,2.2140498787878204,2.8929286161530188,2019-12-02 11:00:00,2020-12-02 11:00:00,2020-12-02 11:00:00,366,1
251,2020-12-02 11:00:00,Naive,11,2.2140498787878204,1.5110918161652342,2019-12-02 11:00:00,2020-12-02 11:00:00,2020-12-02 11:00:00,366,1
252,2020-12-03 11:00:00,Decision Tree,11,1.468349193988877,1.2661725543036841,2019-12-03 11:00:00,2020-12-03 11:00:00,2020-12-03 11:00:00,366,1
253,2020-12-03 11:00:00,Random Forest,11,1.468349193988877,1.3952528890413687,2019-12-03 11:00:00,2020-12-03 11:00:00,2020-12-03 11:00:00,366,1
254,2020-12-03 11:00:00,Neural Network,11,1.468349193988877,1.246289512756889,2019-12-03 11:00:00,2020-12-03 11:00:00,2020-12-03 11:00:00,366,1
255,2020-12-03 11:00:00,Naive,11,1.468349193988877,2.2140498787878204,2019-12-03 11:00:00,2020-12-03 11:00:00,2020-12-03 11:00:00,366,1
256,2020-12-04 11:00:00,Decision Tree,11,0.5308816322770753,0.5438591646686658,2019-12-04 11:00:00,2020-12-04 11:00:00,2020-12-04 11:00:00,366,1
257,2020-12-04 11:00:00,Random Forest,11,0.5308816322770753,0.48221855447408996,2019-12-04 11:00:00,2020-12-04 11:00:00,2020-12-04 11:00:00,366,1
258,2020-12-04 11:00:00,Neural Network,11,0.5308816322770753,0.30697714517361463,2019-12-04 11:00:00,2020-12-04 11:00:00,2020-12-04 11:00:00,366,1
259,2020-12-04 11:00:00,Naive,11,0.5308816322770753,1.468349193988877,2019-12-04 11:00:00,2020-12-04 11:00:00,2020-12-04 11:00:00,366,1
260,2020-12-05 11:00:00,Decision Tree,11,1.172801895895595,1.0413283409018883,2019-12-05 11:00:00,2020-12-05 11:00:00,2020-12-05 11:00:00,366,1
261,2020-12-05 11:00:00,Random Forest,11,1.172801895895595,1.0765725758054279,2019-12-05 11:00:00,2020-12-05 11:00:00,2020-12-05 11:00:00,366,1
262,2020-12-05 11:00:00,Neural Network,11,1.172801895895595,1.0150607608274553,2019-12-05 11:00:00,2020-12-05 11:00:00,2020-12-05 11:00:00,366,1
263,2020-12-05 11:00:00,Naive,11,1.172801895895595,0.5308816322770753,2019-12-05 11:00:00,2020-12-05 11:00:00,2020-12-05 11:00:00,366,1
264,2020-12-06 11:00:00,Decision Tree,11,1.1775618879198624,1.2349817511904004,2019-12-06 11:00:00,2020-12-06 11:00:00,2020-12-06 11:00:00,366,1
265,2020-12-06 11:00:00,Random Forest,11,1.1775618879198624,1.1443009403644715,2019-12-06 11:00:00,2020-12-06 11:00:00,2020-12-06 11:00:00,366,1
266,2020-12-06 11:00:00,Neural Network,11,1.1775618879198624,1.2276964166531974,2019-12-06 11:00:00,2020-12-06 11:00:00,2020-12-06 11:00:00,366,1
267,2020-12-06 11:00:00,Naive,11,1.1775618879198624,1.172801895895595,2019-12-06 11:00:00,2020-12-06 11:00:00,2020-12-06 11:00:00,366,1
268,2020-12-07 11:00:00,Decision Tree,11,0.1184393200116994,0.03884041077199288,2019-12-07 11:00:00,2020-12-07 11:00:00,2020-12-07 11:00:00,366,1
269,2020-12-07 11:00:00,Random Forest,11,0.1184393200116994,0.05592600474867263,2019-12-07 11:00:00,2020-12-07 11:00:00,2020-12-07 11:00:00,366,1
270,2020-12-07 11:00:00,Neural Network,11,0.1184393200116994,0.3152764752600864,2019-12-07 11:00:00,2020-12-07 11:00:00,2020-12-07 11:00:00,366,1
271,2020-12-07 11:00:00,Naive,11,0.1184393200116994,1.1775618879198624,2019-12-07 11:00:00,2020-12-07 11:00:00,2020-12-07 11:00:00,366,1
272,2020-12-08 11:00:00,Decision Tree,11,1.8648888826541676,1.6611568482550616,2019-12-08 11:00:00,2020-12-08 11:00:00,2020-12-08 11:00:00,366,1
273,2020-12-08 11:00:00,Random Forest,11,1.8648888826541676,1.6762747707514705,2019-12-08 11:00:00,2020-12-08 11:00:00,2020-12-08 11:00:00,366,1
274,2020-12-08 11:00:00,Neural Network,11,1.8648888826541676,2.024798775700684,2019-12-08 11:00:00,2020-12-08 11:00:00,2020-12-08 11:00:00,366,1
275,2020-12-08 11:00:00,Naive,11,1.8648888826541676,0.1184393200116994,2019-12-08 11:00:00,2020-12-08 11:00:00,2020-12-08 11:00:00,366,1
276,2020-12-09 11:00:00,Decision Tree,11,2.375702823274327,1.7704777924060848,2019-12-09 11:00:00,2020-12-09 11:00:00,2020-12-09 11:00:00,366,1
277,2020-12-09 11:00:00,Random Forest,11,2.375702823274327,1.8140780322243495,2019-12-09 11:00:00,2020-12-09 11:00:00,2020-12-09 11:00:00,366,1
278,2020-12-09 11:00:00,Neural Network,11,2.375702823274327,3.0181170546992644,2019-12-09 11:00:00,2020-12-09 11:00:00,2020-12-09 11:00:00,366,1
279,2020-12-09 11:00:00,Naive,11,2.375702823274327,1.8648888826541676,2019-12-09 11:00:00,2020-12-09 11:00:00,2020-12-09 11:00:00,366,1
280,2020-12-10 11:00:00,Decision Tree,11,2.1837429919816924,1.9535101378272384,2019-12-10 11:00:00,2020-12-10 11:00:00,2020-12-10 11:00:00,366,1
281,2020-12-10 11:00:00,Random Forest,11,2.1837429919816924,2.0683783055510485,2019-12-10 11:00:00,2020-12-10 11:00:00,2020-12-10 11:00:00,366,1
282,2020-12-10 11:00:00,Neural Network,11,2.1837429919816924,2.5406813748435084,2019-12-10 11:00:00,2020-12-10 11:00:00,2020-12-10 11:00:00,366,1
283,2020-12-10 11:00:00,Naive,11,2.1837429919816924,2.375702823274327,2019-12-10 11:00:00,2020-12-10 11:00:00,2020-12-10 11:00:00,366,1
284,2020-12-11 11:00:00,Decision Tree,11,1.2004617253400138,1.1603340981218548,2019-12-11 11:00:00,2020-12-11 11:00:00,2020-12-11 11:00:00,366,1
285,2020-12-11 11:00:00,Random Forest,11,1.2004617253400138,1.1592102370376747,2019-12-11 11:00:00,2020-12-11 11:00:00,2020-12-11 11:00:00,366,1
286,2020-12-11 11:00:00,Neural Network,11,1.2004617253400138,0.8965191968519375,2019-12-11 11:00:00,2020-12-11 11:00:00,2020-12-11 11:00:00,366,1
287,2020-12-11 11:00:00,Naive,11,1.2004617253400138,2.1837429919816924,2019-12-11 11:00:00,2020-12-11 11:00:00,2020-12-11 11:00:00,366,1
288,2020-12-12 11:00:00,Decision Tree,11,1.1423722619786225,1.029603122812375,2019-12-12 11:00:00,2020-12-12 11:00:00,2020-12-12 11:00:00,366,1
289,2020-12-12 11:00:00,Random Forest,11,1.1423722619786225,1.0509342058043483,2019-12-12 11:00:00,2020-12-12 11:00:00,2020-12-12 11:00:00,366,1
290,2020-12-12 11:00:00,Neural Network,11,1.1423722619786225,1.1067024820826143,2019-12-12 11:00:00,2020-12-12 11:00:00,2020-12-12 11:00:00,366,1
291,2020-12-12 11:00:00,Naive,11,1.1423722619786225,1.2004617253400138,2019-12-12 11:00:00,2020-12-12 11:00:00,2020-12-12 11:00:00,366,1
292,2020-12-13 11:00:00,Decision Tree,11,1.0113193636766558,0.9489908615863214,2019-12-13 11:00:00,2020-12-13 11:00:00,2020-12-13 11:00:00,366,1
293,2020-12-13 11:00:00,Random Forest,11,1.0113193636766558,0.9425440946898505,2019-12-13 11:00:00,2020-12-13 11:00:00,2020-12-13 11:00:00,366,1
294,2020-12-13 11:00:00,Neural Network,11,1.0113193636766558,0.987018475727871,2019-12-13 11:00:00,2020-12-13 11:00:00,2020-12-13 11:00:00,366,1
295,2020-12-13 11:00:00,Naive,11,1.0113193636766558,1.1423722619786225,2019-12-13 11:00:00,2020-12-13 11:00:00,2020-12-13 11:00:00,366,1
296,2020-12-14 11:00:00,Decision Tree,11,0.655545867580661,0.6362158662277039,2019-12-14 11:00:00,2020-12-14 11:00:00,2020-12-14 11:00:00,366,1
297,2020-12-14 11:00:00,Random Forest,11,0.655545867580661,0.6214249716511788,2019-12-14 11:00:00,2020-12-14 11:00:00,2020-12-14 11:00:00,366,1
298,2020-12-14 11:00:00,Neural Network,11,0.655545867580661,0.6553326155354773,2019-12-14 11:00:00,2020-12-14 11:00:00,2020-12-14 11:00:00,366,1
299,2020-12-14 11:00:00,Naive,11,0.655545867580661,1.0113193636766558,2019-12-14 11:00:00,2020-12-14 11:00:00,2020-12-14 11:00:00,366,1
300,2020-12-15 11:00:00,Decision Tree,11,1.3921637027484295,1.399095322226673,2019-12-15 11:00:00,2020-12-15 11:00:00,2020-12-15 11:00:00,366,1
301,2020-12-15 11:00:00,Random Forest,11,1.3921637027484295,1.3519718806521608,2019-12-15 11:00:00,2020-12-15 11:00:00,2020-12-15 11:00:00,366,1
302,2020-12-15 11:00:00,Neural Network,11,1.3921637027484295,1.2392979966714972,2019-12-15 11:00:00,2020-12-15 11:00:00,2020-12-15 11:00:00,366,1
303,2020-12-15 11:00:00,Naive,11,1.3921637027484295,0.655545867580661,2019-12-15 11:00:00,2020-12-15 11:00:00,2020-12-15 11:00:00,366,1
304,2020-12-16 11:00:00,Decision Tree,11,1.2192130751589116,1.1358722889445294,2019-12-16 11:00:00,2020-12-16 11:00:00,2020-12-16 11:00:00,366,1
305,2020-12-16 11:00:00,Random Forest,11,1.2192130751589116,1.1984908578137297,2019-12-16 11:00:00,2020-12-16 11:00:00,2020-12-16 11:00:00,366,1
306,2020-12-16 11:00:00,Neural Network,11,1.2192130751589116,1.0977073204620775,2019-12-16 11:00:00,2020-12-16 11:00:00,2020-12-16 11:00:00,366,1
307,2020-12-16 11:00:00,Naive,11,1.2192130751589116,1.3921637027484295,2019-12-16 11:00:00,2020-12-16 11:00:00,2020-12-16 11:00:00,366,1
308,2020-12-17 11:00:00,Decision Tree,11,0.5782806847624563,0.5012460831074694,2019-12-17 11:00:00,2020-12-17 11:00:00,2020-12-17 11:00:00,366,1
309,2020-12-17 11:00:00,Random Forest,11,0.5782806847624563,0.521240703941225,2019-12-17 11:00:00,2020-12-17 11:00:00,2020-12-17 11:00:00,366,1
310,2020-12-17 11:00:00,Neural Network,11,0.5782806847624563,0.5357622067571064,2019-12-17 11:00:00,2020-12-17 11:00:00,2020-12-17 11:00:00,366,1
311,2020-12-17 11:00:00,Naive,11,0.5782806847624563,1.2192130751589116,2019-12-17 11:00:00,2020-12-17 11:00:00,2020-12-17 11:00:00,366,1
312,2020-12-18 11:00:00,Decision Tree,11,0.7902267590560358,0.7164632419253226,2019-12-18 11:00:00,2020-12-18 11:00:00,2020-12-18 11:00:00,366,1
313,2020-12-18 11:00:00,Random Forest,11,0.7902267590560358,0.7185409586501986,2019-12-18 11:00:00,2020-12-18 11:00:00,2020-12-18 11:00:00,366,1
314,2020-12-18 11:00:00,Neural Network,11,0.7902267590560358,0.5799408638709873,2019-12-18 11:00:00,2020-12-18 11:00:00,2020-12-18 11:00:00,366,1
315,2020-12-18 11:00:00,Naive,11,0.7902267590560358,0.5782806847624563,2019-12-18 11:00:00,2020-12-18 11:00:00,2020-12-18 11:00:00,366,1
316,2020-12-19 11:00:00,Decision Tree,11,-0.14739382006730511,-0.20063899062110102,2019-12-19 11:00:00,2020-12-19 11:00:00,2020-12-19 11:00:00,366,1
317,2020-12-19 11:00:00,Random Forest,11,-0.14739382006730511,-0.1934413671965541,2019-12-19 11:00:00,2020-12-19 11:00:00,2020-12-19 11:00:00,366,1
318,2020-12-19 11:00:00,Neural Network,11,-0.14739382006730511,-0.048406029297130976,2019-12-19 11:00:00,2020-12-19 11:00:00,2020-12-19 11:00:00,366,1
319,2020-12-19 11:00:00,Naive,11,-0.14739382006730511,0.7902267590560358,2019-12-19 11:00:00,2020-12-19 11:00:00,2020-12-19 11:00:00,366,1
320,2020-12-20 11:00:00,Decision Tree,11,0.6278223782200574,0.5108754083143429,2019-12-20 11:00:00,2020-12-20 11:00:00,2020-12-20 11:00:00,366,1
321,2020-12-20 11:00:00,Random Forest,11,0.6278223782200574,0.5347208678099984,2019-12-20 11:00:00,2020-12-20 11:00:00,2020-12-20 11:00:00,366,1
322,2020-12-20 11:00:00,Neural Network,11,0.6278223782200574,0.5831551752556735,2019-12-20 11:00:00,2020-12-20 11:00:00,2020-12-20 11:00:00,366,1
323,2020-12-20 11:00:00,Naive,11,0.6278223782200574,-0.14739382006730511,2019-12-20 11:00:00,2020-12-20 11:00:00,2020-12-20 11:00:00,366,1
324,2020-12-21 11:00:00,Decision Tree,11,1.124759651308251,0.9515670320317444,2019-12-21 11:00:00,2020-12-21 11:00:00,2020-12-21 11:00:00,366,1
325,2020-12-21 11:00:00,Random Forest,11,1.124759651308251,1.0561764610992292,2019-12-21 11:00:00,2020-12-21 11:00:00,2020-12-21 11:00:00,366,1
326,2020-12-21 11:00:00,Neural Network,11,1.124759651308251,0.996776226764855,2019-12-21 11:00:00,2020-12-21 11:00:00,2020-12-21 11:00:00,366,1
327,2020-12-21 11:00:00,Naive,11,1.124759651308251,0.6278223782200574,2019-12-21 11:00:00,2020-12-21 11:00:00,2020-12-21 11:00:00,366,1
328,2020-12-22 11:00:00,Decision Tree,11,-0.1522850460667077,-0.2317862147844648,2019-12-22 11:00:00,2020-12-22 11:00:00,2020-12-22 11:00:00,366,1
329,2020-12-22 11:00:00,Random Forest,11,-0.1522850460667077,-0.19153625864627186,2019-12-22 11:00:00,2020-12-22 11:00:00,2020-12-22 11:00:00,366,1
330,2020-12-22 11:00:00,Neural Network,11,-0.1522850460667077,-0.0852808658530918,2019-12-22 11:00:00,2020-12-22 11:00:00,2020-12-22 11:00:00,366,1
331,2020-12-22 11:00:00,Naive,11,-0.1522850460667077,1.124759651308251,2019-12-22 11:00:00,2020-12-22 11:00:00,2020-12-22 11:00:00,366,1
332,2020-12-23 11:00:00,Decision Tree,11,1.2440404075547837,1.1868984766264576,2019-12-23 11:00:00,2020-12-23 11:00:00,2020-12-23 11:00:00,366,1
333,2020-12-23 11:00:00,Random Forest,11,1.2440404075547837,1.1693967719472504,2019-12-23 11:00:00,2020-12-23 11:00:00,2020-12-23 11:00:00,366,1
334,2020-12-23 11:00:00,Neural Network,11,1.2440404075547837,1.1399543431115808,2019-12-23 11:00:00,2020-12-23 11:00:00,2020-12-23 11:00:00,366,1
335,2020-12-23 11:00:00,Naive,11,1.2440404075547837,-0.1522850460667077,2019-12-23 11:00:00,2020-12-23 11:00:00,2020-12-23 11:00:00,366,1
336,2020-12-24 11:00:00,Decision Tree,11,0.05640158949595342,-0.029329815829233098,2019-12-24 11:00:00,2020-12-24 11:00:00,2020-12-24 11:00:00,366,1
337,2020-12-24 11:00:00,Random Forest,11,0.05640158949595342,-0.015226468286595667,2019-12-24 11:00:00,2020-12-24 11:00:00,2020-12-24 11:00:00,366,1
338,2020-12-24 11:00:00,Neural Network,11,0.05640158949595342,-0.020161477814380824,2019-12-24 11:00:00,2020-12-24 11:00:00,2020-12-24 11:00:00,366,1
339,2020-12-24 11:00:00,Naive,11,0.05640158949595342,1.2440404075547837,2019-12-24 11:00:00,2020-12-24 11:00:00,2020-12-24 11:00:00,366,1
340,2020-12-25 11:00:00,Decision Tree,11,0.7185827677190021,0.6375829303958677,2019-12-25 11:00:00,2020-12-25 11:00:00,2020-12-25 11:00:00,366,1
341,2020-12-25 11:00:00,Random Forest,11,0.7185827677190021,0.6167973407608042,2019-12-25 11:00:00,2020-12-25 11:00:00,2020-12-25 11:00:00,366,1
342,2020-12-25 11:00:00,Neural Network,11,0.7185827677190021,-0.6097701870565132,2019-12-25 11:00:00,2020-12-25 11:00:00,2020-12-25 11:00:00,366,1
343,2020-12-25 11:00:00,Naive,11,0.7185827677190021,0.05640158949595342,2019-12-25 11:00:00,2020-12-25 11:00:00,2020-12-25 11:00:00,366,1
344,2020-12-26 11:00:00,Decision Tree,11,-0.3260596040669545,-0.34248570713459525,2019-12-26 11:00:00,2020-12-26 11:00:00,2020-12-26 11:00:00,366,1
345,2020-12-26 11:00:00,Random Forest,11,-0.3260596040669545,-0.3490841910434336,2019-12-26 11:00:00,2020-12-26 11:00:00,2020-12-26 11:00:00,366,1
346,2020-12-26 11:00:00,Neural Network,11,-0.3260596040669545,-0.8736636413394544,2019-12-26 11:00:00,2020-12-26 11:00:00,2020-12-26 11:00:00,366,1
347,2020-12-26 11:00:00,Naive,11,-0.3260596040669545,0.7185827677190021,2019-12-26 11:00:00,2020-12-26 11:00:00,2020-12-26 11:00:00,366,1
348,2020-12-27 11:00:00,Decision Tree,11,-2.0007823987046263,-2.1292062531974936,2019-12-27 11:00:00,2020-12-27 11:00:00,2020-12-27 11:00:00,366,1
349,2020-12-27 11:00:00,Random Forest,11,-2.0007823987046263,-1.9060861233291215,2019-12-27 11:00:00,2020-12-27 11:00:00,2020-12-27 11:00:00,366,1
350,2020-12-27 11:00:00,Neural Network,11,-2.0007823987046263,-1.780447017489968,2019-12-27 11:00:00,2020-12-27 11:00:00,2020-12-27 11:00:00,366,1
351,2020-12-27 11:00:00,Naive,11,-2.0007823987046263,-0.3260596040669545,2019-12-27 11:00:00,2020-12-27 11:00:00,2020-12-27 11:00:00,366,1
352,2020-12-28 11:00:00,Decision Tree,11,1.0519292980954786,0.9515670320317444,2019-12-28 11:00:00,2020-12-28 11:00:00,2020-12-28 11:00:00,366,1
353,2020-12-28 11:00:00,Random Forest,11,1.0519292980954786,0.9854062514754912,2019-12-28 11:00:00,2020-12-28 11:00:00,2020-12-28 11:00:00,366,1
354,2020-12-28 11:00:00,Neural Network,11,1.0519292980954786,0.7483726993088418,2019-12-28 11:00:00,2020-12-28 11:00:00,2020-12-28 11:00:00,366,1
355,2020-12-28 11:00:00,Naive,11,1.0519292980954786,-2.0007823987046263,2019-12-28 11:00:00,2020-12-28 11:00:00,2020-12-28 11:00:00,366,1
356,2020-12-29 11:00:00,Decision Tree,11,1.1832150871641012,1.1950616096162183,2019-12-29 11:00:00,2020-12-29 11:00:00,2020-12-29 11:00:00,366,1
357,2020-12-29 11:00:00,Random Forest,11,1.1832150871641012,1.1720714957789848,2019-12-29 11:00:00,2020-12-29 11:00:00,2020-12-29 11:00:00,366,1
358,2020-12-29 11:00:00,Neural Network,11,1.1832150871641012,0.9103549331429392,2019-12-29 11:00:00,2020-12-29 11:00:00,2020-12-29 11:00:00,366,1
359,2020-12-29 11:00:00,Naive,11,1.1832150871641012,1.0519292980954786,2019-12-29 11:00:00,2020-12-29 11:00:00,2020-12-29 11:00:00,366,1
360,2020-12-30 11:00:00,Decision Tree,11,1.0741354193419907,1.0163417269652741,2019-12-30 11:00:00,2020-12-30 11:00:00,2020-12-30 11:00:00,366,1
361,2020-12-30 11:00:00,Random Forest,11,1.0741354193419907,1.0312047042252608,2019-12-30 11:00:00,2020-12-30 11:00:00,2020-12-30 11:00:00,366,1
362,2020-12-30 11:00:00,Neural Network,11,1.0741354193419907,0.8441760375529053,2019-12-30 11:00:00,2020-12-30 11:00:00,2020-12-30 11:00:00,366,1
363,2020-12-30 11:00:00,Naive,11,1.0741354193419907,1.1832150871641012,2019-12-30 11:00:00,2020-12-30 11:00:00,2020-12-30 11:00:00,366,1
364,2020-12-31 11:00:00,Decision Tree,11,0.6117683920776271,0.5108754083143429,2019-12-31 11:00:00,2020-12-31 11:00:00,2020-12-31 11:00:00,366,1
365,2020-12-31 11:00:00,Random Forest,11,0.6117683920776271,0.5295560293246194,2019-12-31 11:00:00,2020-12-31 11:00:00,2020-12-31 11:00:00,366,1
366,2020-12-31 11:00:00,Neural Network,11,0.6117683920776271,0.5040715765962903,2019-12-31 11:00:00,2020-12-31 11:00:00,2020-12-31 11:00:00,366,1
367,2020-12-31 11:00:00,Naive,11,0.6117683920776271,1.0741354193419907,2019-12-31 11:00:00,2020-12-31 11:00:00,2020-12-31 11:00:00,366,1
368,2021-01-01 11:00:00,Decision Tree,11,0.83063043881589,0.7246591882731797,2020-01-01 11:00:00,2021-01-01 11:00:00,2021-01-01 11:00:00,366,1
369,2021-01-01 11:00:00,Random Forest,11,0.83063043881589,0.720215574754254,2020-01-01 11:00:00,2021-01-01 11:00:00,2021-01-01 11:00:00,366,1
370,2021-01-01 11:00:00,Neural Network,11,0.83063043881589,0.32454014178306967,2020-01-01 11:00:00,2021-01-01 11:00:00,2021-01-01 11:00:00,366,1
371,2021-01-01 11:00:00,Naive,11,0.83063043881589,0.6117683920776271,2020-01-01 11:00:00,2021-01-01 11:00:00,2021-01-01 11:00:00,366,1
372,2021-01-02 11:00:00,Decision Tree,11,1.0845660909117105,0.9609992643724955,2020-01-02 11:00:00,2021-01-02 11:00:00,2021-01-02 11:00:00,366,1
373,2021-01-02 11:00:00,Random Forest,11,1.0845660909117105,1.009516678389119,2020-01-02 11:00:00,2021-01-02 11:00:00,2021-01-02 11:00:00,366,1
374,2021-01-02 11:00:00,Neural Network,11,1.0845660909117105,1.755639188036475,2020-01-02 11:00:00,2021-01-02 11:00:00,2021-01-02 11:00:00,366,1
375,2021-01-02 11:00:00,Naive,11,1.0845660909117105,0.83063043881589,2020-01-02 11:00:00,2021-01-02 11:00:00,2021-01-02 11:00:00,366,1
376,2021-01-03 11:00:00,Decision Tree,11,0.6200966113529153,0.5409044605082579,2020-01-03 11:00:00,2021-01-03 11:00:00,2021-01-03 11:00:00,366,1
377,2021-01-03 11:00:00,Random Forest,11,0.6200966113529153,0.5589477661775503,2020-01-03 11:00:00,2021-01-03 11:00:00,2021-01-03 11:00:00,366,1
378,2021-01-03 11:00:00,Neural Network,11,0.6200966113529153,0.9204189184499644,2020-01-03 11:00:00,2021-01-03 11:00:00,2021-01-03 11:00:00,366,1
379,2021-01-03 11:00:00,Naive,11,0.6200966113529153,1.0845660909117105,2020-01-03 11:00:00,2021-01-03 11:00:00,2021-01-03 11:00:00,366,1
380,2021-01-04 11:00:00,Decision Tree,11,1.4076052299461717,1.398325142284646,2020-01-04 11:00:00,2021-01-04 11:00:00,2021-01-04 11:00:00,366,1
381,2021-01-04 11:00:00,Random Forest,11,1.4076052299461717,1.4274885927503498,2020-01-04 11:00:00,2021-01-04 11:00:00,2021-01-04 11:00:00,366,1
382,2021-01-04 11:00:00,Neural Network,11,1.4076052299461717,0.682087290235392,2020-01-04 11:00:00,2021-01-04 11:00:00,2021-01-04 11:00:00,366,1
383,2021-01-04 11:00:00,Naive,11,1.4076052299461717,0.6200966113529153,2020-01-04 11:00:00,2021-01-04 11:00:00,2021-01-04 11:00:00,366,1
384,2021-01-05 11:00:00,Decision Tree,11,1.6018014401640885,1.4532644561904522,2020-01-05 11:00:00,2021-01-05 11:00:00,2021-01-05 11:00:00,366,1
385,2021-01-05 11:00:00,Random Forest,11,1.6018014401640885,1.5488162059457926,2020-01-05 11:00:00,2021-01-05 11:00:00,2021-01-05 11:00:00,366,1
386,2021-01-05 11:00:00,Neural Network,11,1.6018014401640885,1.357119865568239,2020-01-05 11:00:00,2021-01-05 11:00:00,2021-01-05 11:00:00,366,1
387,2021-01-05 11:00:00,Naive,11,1.6018014401640885,1.4076052299461717,2020-01-05 11:00:00,2021-01-05 11:00:00,2021-01-05 11:00:00,366,1
388,2021-01-06 11:00:00,Decision Tree,11,1.3455786472692868,1.3425857232547316,2020-01-06 11:00:00,2021-01-06 11:00:00,2021-01-06 11:00:00,366,1
389,2021-01-06 11:00:00,Random Forest,11,1.3455786472692868,1.31876483360897,2020-01-06 11:00:00,2021-01-06 11:00:00,2021-01-06 11:00:00,366,1
390,2021-01-06 11:00:00,Neural Network,11,1.3455786472692868,1.4062699218983465,2020-01-06 11:00:00,2021-01-06 11:00:00,2021-01-06 11:00:00,366,1
391,2021-01-06 11:00:00,Naive,11,1.3455786472692868,1.6018014401640885,2020-01-06 11:00:00,2021-01-06 11:00:00,2021-01-06 11:00:00,366,1
392,2021-01-07 11:00:00,Decision Tree,11,2.1293351540864744,2.090851723292192,2020-01-07 11:00:00,2021-01-07 11:00:00,2021-01-07 11:00:00,366,1
393,2021-01-07 11:00:00,Random Forest,11,2.1293351540864744,2.080586845516857,2020-01-07 11:00:00,2021-01-07 11:00:00,2021-01-07 11:00:00,366,1
394,2021-01-07 11:00:00,Neural Network,11,2.1293351540864744,1.5283406151110668,2020-01-07 11:00:00,2021-01-07 11:00:00,2021-01-07 11:00:00,366,1
395,2021-01-07 11:00:00,Naive,11,2.1293351540864744,1.3455786472692868,2020-01-07 11:00:00,2021-01-07 11:00:00,2021-01-07 11:00:00,366,1
396,2021-01-08 11:00:00,Decision Tree,11,2.4124376115087265,2.0972656284245725,2020-01-08 11:00:00,2021-01-08 11:00:00,2021-01-08 11:00:00,366,1
397,2021-01-08 11:00:00,Random Forest,11,2.4124376115087265,2.1325224804536376,2020-01-08 11:00:00,2021-01-08 11:00:00,2021-01-08 11:00:00,366,1
398,2021-01-08 11:00:00,Neural Network,11,2.4124376115087265,2.0171906895882694,2020-01-08 11:00:00,2021-01-08 11:00:00,2021-01-08 11:00:00,366,1
399,2021-01-08 11:00:00,Naive,11,2.4124376115087265,2.1293351540864744,2020-01-08 11:00:00,2021-01-08 11:00:00,2021-01-08 11:00:00,366,1
400,2021-01-09 11:00:00,Decision Tree,11,1.660414079272376,1.6027973619372577,2020-01-09 11:00:00,2021-01-09 11:00:00,2021-01-09 11:00:00,366,1
401,2021-01-09 11:00:00,Random Forest,11,1.660414079272376,1.5763859411508547,2020-01-09 11:00:00,2021-01-09 11:00:00,2021-01-09 11:00:00,366,1
402,2021-01-09 11:00:00,Neural Network,11,1.660414079272376,1.7891519905732787,2020-01-09 11:00:00,2021-01-09 11:00:00,2021-01-09 11:00:00,366,1
403,2021-01-09 11:00:00,Naive,11,1.660414079272376,2.4124376115087265,2020-01-09 11:00:00,2021-01-09 11:00:00,2021-01-09 11:00:00,366,1
404,2021-01-10 11:00:00,Decision Tree,11,1.2358498036864602,1.1935807943097039,2020-01-10 11:00:00,2021-01-10 11:00:00,2021-01-10 11:00:00,366,1
405,2021-01-10 11:00:00,Random Forest,11,1.2358498036864602,1.2017136692664494,2020-01-10 11:00:00,2021-01-10 11:00:00,2021-01-10 11:00:00,366,1
406,2021-01-10 11:00:00,Neural Network,11,1.2358498036864602,1.604958035298543,2020-01-10 11:00:00,2021-01-10 11:00:00,2021-01-10 11:00:00,366,1
407,2021-01-10 11:00:00,Naive,11,1.2358498036864602,1.660414079272376,2020-01-10 11:00:00,2021-01-10 11:00:00,2021-01-10 11:00:00,366,1
408,2021-01-11 11:00:00,Decision Tree,11,1.1902699941804493,1.1982773509071214,2020-01-11 11:00:00,2021-01-11 11:00:00,2021-01-11 11:00:00,366,1
409,2021-01-11 11:00:00,Random Forest,11,1.1902699941804493,1.205733091143075,2020-01-11 11:00:00,2021-01-11 11:00:00,2021-01-11 11:00:00,366,1
410,2021-01-11 11:00:00,Neural Network,11,1.1902699941804493,0.8947410335472572,2020-01-11 11:00:00,2021-01-11 11:00:00,2021-01-11 11:00:00,366,1
411,2021-01-11 11:00:00,Naive,11,1.1902699941804493,1.2358498036864602,2020-01-11 11:00:00,2021-01-11 11:00:00,2021-01-11 11:00:00,366,1
412,2021-01-12 11:00:00,Decision Tree,11,1.325809322635489,1.3430132838282396,2020-01-12 11:00:00,2021-01-12 11:00:00,2021-01-12 11:00:00,366,1
413,2021-01-12 11:00:00,Random Forest,11,1.325809322635489,1.3109829258875796,2020-01-12 11:00:00,2021-01-12 11:00:00,2021-01-12 11:00:00,366,1
414,2021-01-12 11:00:00,Neural Network,11,1.325809322635489,0.9148384972581186,2020-01-12 11:00:00,2021-01-12 11:00:00,2021-01-12 11:00:00,366,1
415,2021-01-12 11:00:00,Naive,11,1.325809322635489,1.1902699941804493,2020-01-12 11:00:00,2021-01-12 11:00:00,2021-01-12 11:00:00,366,1
416,2021-01-13 11:00:00,Decision Tree,11,0.6239405237858416,0.587642206614752,2020-01-13 11:00:00,2021-01-13 11:00:00,2021-01-13 11:00:00,366,1
417,2021-01-13 11:00:00,Random Forest,11,0.6239405237858416,0.6060938484405246,2020-01-13 11:00:00,2021-01-13 11:00:00,2021-01-13 11:00:00,366,1
418,2021-01-13 11:00:00,Neural Network,11,0.6239405237858416,0.248076311336649,2020-01-13 11:00:00,2021-01-13 11:00:00,2021-01-13 11:00:00,366,1
419,2021-01-13 11:00:00,Naive,11,0.6239405237858416,1.325809322635489,2020-01-13 11:00:00,2021-01-13 11:00:00,2021-01-13 11:00:00,366,1
420,2021-01-14 11:00:00,Decision Tree,11,2.1693602587029037,2.263053691927808,2020-01-14 11:00:00,2021-01-14 11:00:00,2021-01-14 11:00:00,366,1
421,2021-01-14 11:00:00,Random Forest,11,2.1693602587029037,2.198153596197136,2020-01-14 11:00:00,2021-01-14 11:00:00,2021-01-14 11:00:00,366,1
422,2021-01-14 11:00:00,Neural Network,11,2.1693602587029037,1.882611213194683,2020-01-14 11:00:00,2021-01-14 11:00:00,2021-01-14 11:00:00,366,1
423,2021-01-14 11:00:00,Naive,11,2.1693602587029037,0.6239405237858416,2020-01-14 11:00:00,2021-01-14 11:00:00,2021-01-14 11:00:00,366,1
424,2021-01-15 11:00:00,Decision Tree,11,2.0954047874283694,2.2474381197236575,2020-01-15 11:00:00,2021-01-15 11:00:00,2021-01-15 11:00:00,366,1
425,2021-01-15 11:00:00,Random Forest,11,2.0954047874283694,2.1322654470892832,2020-01-15 11:00:00,2021-01-15 11:00:00,2021-01-15 11:00:00,366,1
426,2021-01-15 11:00:00,Neural Network,11,2.0954047874283694,2.077540217094875,2020-01-15 11:00:00,2021-01-15 11:00:00,2021-01-15 11:00:00,366,1
427,2021-01-15 11:00:00,Naive,11,2.0954047874283694,2.1693602587029037,2020-01-15 11:00:00,2021-01-15 11:00:00,2021-01-15 11:00:00,366,1
428,2021-01-16 11:00:00,Decision Tree,11,1.4781258290064103,1.446597719460028,2020-01-16 11:00:00,2021-01-16 11:00:00,2021-01-16 11:00:00,366,1
429,2021-01-16 11:00:00,Random Forest,11,1.4781258290064103,1.4663805297000754,2020-01-16 11:00:00,2021-01-16 11:00:00,2021-01-16 11:00:00,366,1
430,2021-01-16 11:00:00,Neural Network,11,1.4781258290064103,1.4569700956227944,2020-01-16 11:00:00,2021-01-16 11:00:00,2021-01-16 11:00:00,366,1
431,2021-01-16 11:00:00,Naive,11,1.4781258290064103,2.0954047874283694,2020-01-16 11:00:00,2021-01-16 11:00:00,2021-01-16 11:00:00,366,1
432,2021-01-17 11:00:00,Decision Tree,11,1.4008681573592583,1.3917373386005956,2020-01-17 11:00:00,2021-01-17 11:00:00,2021-01-17 11:00:00,366,1
433,2021-01-17 11:00:00,Random Forest,11,1.4008681573592583,1.361450989830046,2020-01-17 11:00:00,2021-01-17 11:00:00,2021-01-17 11:00:00,366,1
434,2021-01-17 11:00:00,Neural Network,11,1.4008681573592583,1.4704892261979228,2020-01-17 11:00:00,2021-01-17 11:00:00,2021-01-17 11:00:00,366,1
435,2021-01-17 11:00:00,Naive,11,1.4008681573592583,1.4781258290064103,2020-01-17 11:00:00,2021-01-17 11:00:00,2021-01-17 11:00:00,366,1
436,2021-01-18 11:00:00,Decision Tree,11,1.6109501092864498,1.502824073358349,2020-01-18 11:00:00,2021-01-18 11:00:00,2021-01-18 11:00:00,366,1
437,2021-01-18 11:00:00,Random Forest,11,1.6109501092864498,1.573072025133844,2020-01-18 11:00:00,2021-01-18 11:00:00,2021-01-18 11:00:00,366,1
438,2021-01-18 11:00:00,Neural Network,11,1.6109501092864498,1.5378179911159986,2020-01-18 11:00:00,2021-01-18 11:00:00,2021-01-18 11:00:00,366,1
439,2021-01-18 11:00:00,Naive,11,1.6109501092864498,1.4008681573592583,2020-01-18 11:00:00,2021-01-18 11:00:00,2021-01-18 11:00:00,366,1
440,2021-01-19 11:00:00,Decision Tree,11,1.1871671854944499,1.1848621181000043,2020-01-19 11:00:00,2021-01-19 11:00:00,2021-01-19 11:00:00,366,1
441,2021-01-19 11:00:00,Random Forest,11,1.1871671854944499,1.2029005825853099,2020-01-19 11:00:00,2021-01-19 11:00:00,2021-01-19 11:00:00,366,1
442,2021-01-19 11:00:00,Neural Network,11,1.1871671854944499,0.8131247747608126,2020-01-19 11:00:00,2021-01-19 11:00:00,2021-01-19 11:00:00,366,1
443,2021-01-19 11:00:00,Naive,11,1.1871671854944499,1.6109501092864498,2020-01-19 11:00:00,2021-01-19 11:00:00,2021-01-19 11:00:00,366,1
444,2021-01-20 11:00:00,Decision Tree,11,0.20787759159404195,0.15436879636350173,2020-01-20 11:00:00,2021-01-20 11:00:00,2021-01-20 11:00:00,366,1
445,2021-01-20 11:00:00,Random Forest,11,0.20787759159404195,0.15040403640574973,2020-01-20 11:00:00,2021-01-20 11:00:00,2021-01-20 11:00:00,366,1
446,2021-01-20 11:00:00,Neural Network,11,0.20787759159404195,0.1835739004987729,2020-01-20 11:00:00,2021-01-20 11:00:00,2021-01-20 11:00:00,366,1
447,2021-01-20 11:00:00,Naive,11,0.20787759159404195,1.1871671854944499,2020-01-20 11:00:00,2021-01-20 11:00:00,2021-01-20 11:00:00,366,1
448,2021-01-21 11:00:00,Decision Tree,11,-0.14200935046108815,-0.1702868487054698,2020-01-21 11:00:00,2021-01-21 11:00:00,2021-01-21 11:00:00,366,1
449,2021-01-21 11:00:00,Random Forest,11,-0.14200935046108815,-0.1708643950219106,2020-01-21 11:00:00,2021-01-21 11:00:00,2021-01-21 11:00:00,366,1
450,2021-01-21 11:00:00,Neural Network,11,-0.14200935046108815,-0.19278460283783122,2020-01-21 11:00:00,2021-01-21 11:00:00,2021-01-21 11:00:00,366,1
451,2021-01-21 11:00:00,Naive,11,-0.14200935046108815,0.20787759159404195,2020-01-21 11:00:00,2021-01-21 11:00:00,2021-01-21 11:00:00,366,1
452,2021-01-22 11:00:00,Decision Tree,11,0.9849179979910514,1.0343443064400102,2020-01-22 11:00:00,2021-01-22 11:00:00,2021-01-22 11:00:00,366,1
453,2021-01-22 11:00:00,Random Forest,11,0.9849179979910514,0.9579669750153192,2020-01-22 11:00:00,2021-01-22 11:00:00,2021-01-22 11:00:00,366,1
454,2021-01-22 11:00:00,Neural Network,11,0.9849179979910514,0.9281546552052187,2020-01-22 11:00:00,2021-01-22 11:00:00,2021-01-22 11:00:00,366,1
455,2021-01-22 11:00:00,Naive,11,0.9849179979910514,-0.14200935046108815,2020-01-22 11:00:00,2021-01-22 11:00:00,2021-01-22 11:00:00,366,1
456,2021-01-23 11:00:00,Decision Tree,11,1.3706851590092393,1.347530051865825,2020-01-23 11:00:00,2021-01-23 11:00:00,2021-01-23 11:00:00,366,1
457,2021-01-23 11:00:00,Random Forest,11,1.3706851590092393,1.3336556554817376,2020-01-23 11:00:00,2021-01-23 11:00:00,2021-01-23 11:00:00,366,1
458,2021-01-23 11:00:00,Neural Network,11,1.3706851590092393,1.2909912121787221,2020-01-23 11:00:00,2021-01-23 11:00:00,2021-01-23 11:00:00,366,1
459,2021-01-23 11:00:00,Naive,11,1.3706851590092393,0.9849179979910514,2020-01-23 11:00:00,2021-01-23 11:00:00,2021-01-23 11:00:00,366,1
460,2021-01-24 11:00:00,Decision Tree,11,1.1866979089847682,1.1822032101308915,2020-01-24 11:00:00,2021-01-24 11:00:00,2021-01-24 11:00:00,366,1
461,2021-01-24 11:00:00,Random Forest,11,1.1866979089847682,1.162194471341826,2020-01-24 11:00:00,2021-01-24 11:00:00,2021-01-24 11:00:00,366,1
462,2021-01-24 11:00:00,Neural Network,11,1.1866979089847682,1.372329585804482,2020-01-24 11:00:00,2021-01-24 11:00:00,2021-01-24 11:00:00,366,1
463,2021-01-24 11:00:00,Naive,11,1.1866979089847682,1.3706851590092393,2020-01-24 11:00:00,2021-01-24 11:00:00,2021-01-24 11:00:00,366,1
464,2021-01-25 11:00:00,Decision Tree,11,1.7773704826636483,1.9131833886408678,2020-01-25 11:00:00,2021-01-25 11:00:00,2021-01-25 11:00:00,366,1
465,2021-01-25 11:00:00,Random Forest,11,1.7773704826636483,1.8589915205949668,2020-01-25 11:00:00,2021-01-25 11:00:00,2021-01-25 11:00:00,366,1
466,2021-01-25 11:00:00,Neural Network,11,1.7773704826636483,1.6112152969189162,2020-01-25 11:00:00,2021-01-25 11:00:00,2021-01-25 11:00:00,366,1
467,2021-01-25 11:00:00,Naive,11,1.7773704826636483,1.1866979089847682,2020-01-25 11:00:00,2021-01-25 11:00:00,2021-01-25 11:00:00,366,1
468,2021-01-26 11:00:00,Decision Tree,11,1.7722545977804356,1.8427904543563027,2020-01-26 11:00:00,2021-01-26 11:00:00,2021-01-26 11:00:00,366,1
469,2021-01-26 11:00:00,Random Forest,11,1.7722545977804356,1.8364902136552992,2020-01-26 11:00:00,2021-01-26 11:00:00,2021-01-26 11:00:00,366,1
470,2021-01-26 11:00:00,Neural Network,11,1.7722545977804356,1.6508157090278957,2020-01-26 11:00:00,2021-01-26 11:00:00,2021-01-26 11:00:00,366,1
471,2021-01-26 11:00:00,Naive,11,1.7722545977804356,1.7773704826636483,2020-01-26 11:00:00,2021-01-26 11:00:00,2021-01-26 11:00:00,366,1
472,2021-01-27 11:00:00,Decision Tree,11,1.6015981373078725,1.5182706499195062,2020-01-27 11:00:00,2021-01-27 11:00:00,2021-01-27 11:00:00,366,1
473,2021-01-27 11:00:00,Random Forest,11,1.6015981373078725,1.5886565620015065,2020-01-27 11:00:00,2021-01-27 11:00:00,2021-01-27 11:00:00,366,1
474,2021-01-27 11:00:00,Neural Network,11,1.6015981373078725,1.6004492881986858,2020-01-27 11:00:00,2021-01-27 11:00:00,2021-01-27 11:00:00,366,1
475,2021-01-27 11:00:00,Naive,11,1.6015981373078725,1.7722545977804356,2020-01-27 11:00:00,2021-01-27 11:00:00,2021-01-27 11:00:00,366,1
476,2021-01-28 11:00:00,Decision Tree,11,1.5417835715229082,1.5286865858430523,2020-01-28 11:00:00,2021-01-28 11:00:00,2021-01-28 11:00:00,366,1
477,2021-01-28 11:00:00,Random Forest,11,1.5417835715229082,1.544648958875476,2020-01-28 11:00:00,2021-01-28 11:00:00,2021-01-28 11:00:00,366,1
478,2021-01-28 11:00:00,Neural Network,11,1.5417835715229082,1.665215289851432,2020-01-28 11:00:00,2021-01-28 11:00:00,2021-01-28 11:00:00,366,1
479,2021-01-28 11:00:00,Naive,11,1.5417835715229082,1.6015981373078725,2020-01-28 11:00:00,2021-01-28 11:00:00,2021-01-28 11:00:00,366,1
480,2021-01-29 11:00:00,Decision Tree,11,1.2011820591213902,1.1829523266065378,2020-01-29 11:00:00,2021-01-29 11:00:00,2021-01-29 11:00:00,366,1
481,2021-01-29 11:00:00,Random Forest,11,1.2011820591213902,1.195177215514925,2020-01-29 11:00:00,2021-01-29 11:00:00,2021-01-29 11:00:00,366,1
482,2021-01-29 11:00:00,Neural Network,11,1.2011820591213902,1.3145471653889436,2020-01-29 11:00:00,2021-01-29 11:00:00,2021-01-29 11:00:00,366,1
483,2021-01-29 11:00:00,Naive,11,1.2011820591213902,1.5417835715229082,2020-01-29 11:00:00,2021-01-29 11:00:00,2021-01-29 11:00:00,366,1
484,2021-01-30 11:00:00,Decision Tree,11,1.3257983318826405,1.3621896788159253,2020-01-30 11:00:00,2021-01-30 11:00:00,2021-01-30 11:00:00,366,1
485,2021-01-30 11:00:00,Random Forest,11,1.3257983318826405,1.3434398139454344,2020-01-30 11:00:00,2021-01-30 11:00:00,2021-01-30 11:00:00,366,1
486,2021-01-30 11:00:00,Neural Network,11,1.3257983318826405,1.3968368407399978,2020-01-30 11:00:00,2021-01-30 11:00:00,2021-01-30 11:00:00,366,1
487,2021-01-30 11:00:00,Naive,11,1.3257983318826405,1.2011820591213902,2020-01-30 11:00:00,2021-01-30 11:00:00,2021-01-30 11:00:00,366,1
488,2021-01-31 11:00:00,Decision Tree,11,1.0388889571527964,0.9703840211264906,2020-01-31 11:00:00,2021-01-31 11:00:00,2021-01-31 11:00:00,366,1
489,2021-01-31 11:00:00,Random Forest,11,1.0388889571527964,0.9859343335974458,2020-01-31 11:00:00,2021-01-31 11:00:00,2021-01-31 11:00:00,366,1
490,2021-01-31 11:00:00,Neural Network,11,1.0388889571527964,1.0944243547665975,2020-01-31 11:00:00,2021-01-31 11:00:00,2021-01-31 11:00:00,366,1
491,2021-01-31 11:00:00,Naive,11,1.0388889571527964,1.3257983318826405,2020-01-31 11:00:00,2021-01-31 11:00:00,2021-01-31 11:00:00,366,1
492,2021-02-01 11:00:00,Decision Tree,11,1.5927082888081499,1.5301418064741472,2020-02-01 11:00:00,2021-02-01 11:00:00,2021-02-01 11:00:00,366,1
493,2021-02-01 11:00:00,Random Forest,11,1.5927082888081499,1.558126162671545,2020-02-01 11:00:00,2021-02-01 11:00:00,2021-02-01 11:00:00,366,1
494,2021-02-01 11:00:00,Neural Network,11,1.5927082888081499,1.4479836839267912,2020-02-01 11:00:00,2021-02-01 11:00:00,2021-02-01 11:00:00,366,1
495,2021-02-01 11:00:00,Naive,11,1.5927082888081499,1.0388889571527964,2020-02-01 11:00:00,2021-02-01 11:00:00,2021-02-01 11:00:00,366,1
496,2021-02-02 11:00:00,Decision Tree,11,1.581042262161192,1.5897683094178938,2020-02-02 11:00:00,2021-02-02 11:00:00,2021-02-02 11:00:00,366,1
497,2021-02-02 11:00:00,Random Forest,11,1.581042262161192,1.5663535920771923,2020-02-02 11:00:00,2021-02-02 11:00:00,2021-02-02 11:00:00,366,1
498,2021-02-02 11:00:00,Neural Network,11,1.581042262161192,1.5661762805663675,2020-02-02 11:00:00,2021-02-02 11:00:00,2021-02-02 11:00:00,366,1
499,2021-02-02 11:00:00,Naive,11,1.581042262161192,1.5927082888081499,2020-02-02 11:00:00,2021-02-02 11:00:00,2021-02-02 11:00:00,366,1
500,2021-02-03 11:00:00,Decision Tree,11,1.2949037288517162,1.2112335268835073,2020-02-03 11:00:00,2021-02-03 11:00:00,2021-02-03 11:00:00,366,1
501,2021-02-03 11:00:00,Random Forest,11,1.2949037288517162,1.271583482991517,2020-02-03 11:00:00,2021-02-03 11:00:00,2021-02-03 11:00:00,366,1
502,2021-02-03 11:00:00,Neural Network,11,1.2949037288517162,1.3146873765966325,2020-02-03 11:00:00,2021-02-03 11:00:00,2021-02-03 11:00:00,366,1
503,2021-02-03 11:00:00,Naive,11,1.2949037288517162,1.581042262161192,2020-02-03 11:00:00,2021-02-03 11:00:00,2021-02-03 11:00:00,366,1
504,2021-02-04 11:00:00,Decision Tree,11,1.2730686059510083,1.2112335268835073,2020-02-04 11:00:00,2021-02-04 11:00:00,2021-02-04 11:00:00,366,1
505,2021-02-04 11:00:00,Random Forest,11,1.2730686059510083,1.211944790383804,2020-02-04 11:00:00,2021-02-04 11:00:00,2021-02-04 11:00:00,366,1
506,2021-02-04 11:00:00,Neural Network,11,1.2730686059510083,1.1657577060195,2020-02-04 11:00:00,2021-02-04 11:00:00,2021-02-04 11:00:00,366,1
507,2021-02-04 11:00:00,Naive,11,1.2730686059510083,1.2949037288517162,2020-02-04 11:00:00,2021-02-04 11:00:00,2021-02-04 11:00:00,366,1
508,2021-02-05 11:00:00,Decision Tree,11,1.3557337788209542,1.325658997942524,2020-02-05 11:00:00,2021-02-05 11:00:00,2021-02-05 11:00:00,366,1
509,2021-02-05 11:00:00,Random Forest,11,1.3557337788209542,1.3543017771517774,2020-02-05 11:00:00,2021-02-05 11:00:00,2021-02-05 11:00:00,366,1
510,2021-02-05 11:00:00,Neural Network,11,1.3557337788209542,1.3500797161538927,2020-02-05 11:00:00,2021-02-05 11:00:00,2021-02-05 11:00:00,366,1
511,2021-02-05 11:00:00,Naive,11,1.3557337788209542,1.2730686059510083,2020-02-05 11:00:00,2021-02-05 11:00:00,2021-02-05 11:00:00,366,1
512,2021-02-06 11:00:00,Decision Tree,11,0.6044291204926098,0.5339123063925134,2020-02-06 11:00:00,2021-02-06 11:00:00,2021-02-06 11:00:00,366,1
513,2021-02-06 11:00:00,Random Forest,11,0.6044291204926098,0.5434360085138233,2020-02-06 11:00:00,2021-02-06 11:00:00,2021-02-06 11:00:00,366,1
514,2021-02-06 11:00:00,Neural Network,11,0.6044291204926098,0.026239225113540002,2020-02-06 11:00:00,2021-02-06 11:00:00,2021-02-06 11:00:00,366,1
515,2021-02-06 11:00:00,Naive,11,0.6044291204926098,1.3557337788209542,2020-02-06 11:00:00,2021-02-06 11:00:00,2021-02-06 11:00:00,366,1
516,2021-02-07 11:00:00,Decision Tree,11,0.14203097709629664,0.061602788453591524,2020-02-07 11:00:00,2021-02-07 11:00:00,2021-02-07 11:00:00,366,1
517,2021-02-07 11:00:00,Random Forest,11,0.14203097709629664,0.06787939739888255,2020-02-07 11:00:00,2021-02-07 11:00:00,2021-02-07 11:00:00,366,1
518,2021-02-07 11:00:00,Neural Network,11,0.14203097709629664,-0.009469332095545749,2020-02-07 11:00:00,2021-02-07 11:00:00,2021-02-07 11:00:00,366,1
519,2021-02-07 11:00:00,Naive,11,0.14203097709629664,0.6044291204926098,2020-02-07 11:00:00,2021-02-07 11:00:00,2021-02-07 11:00:00,366,1
520,2021-02-08 11:00:00,Decision Tree,11,1.3076068187290948,1.3306714614222623,2020-02-08 11:00:00,2021-02-08 11:00:00,2021-02-08 11:00:00,366,1
521,2021-02-08 11:00:00,Random Forest,11,1.3076068187290948,1.2870021450150402,2020-02-08 11:00:00,2021-02-08 11:00:00,2021-02-08 11:00:00,366,1
522,2021-02-08 11:00:00,Neural Network,11,1.3076068187290948,1.1473207422226783,2020-02-08 11:00:00,2021-02-08 11:00:00,2021-02-08 11:00:00,366,1
523,2021-02-08 11:00:00,Naive,11,1.3076068187290948,0.14203097709629664,2020-02-08 11:00:00,2021-02-08 11:00:00,2021-02-08 11:00:00,366,1
524,2021-02-09 11:00:00,Decision Tree,11,1.8583891057008597,1.7781604164267162,2020-02-09 11:00:00,2021-02-09 11:00:00,2021-02-09 11:00:00,366,1
525,2021-02-09 11:00:00,Random Forest,11,1.8583891057008597,1.8254101156223115,2020-02-09 11:00:00,2021-02-09 11:00:00,2021-02-09 11:00:00,366,1
526,2021-02-09 11:00:00,Neural Network,11,1.8583891057008597,1.6510476214773433,2020-02-09 11:00:00,2021-02-09 11:00:00,2021-02-09 11:00:00,366,1
527,2021-02-09 11:00:00,Naive,11,1.8583891057008597,1.3076068187290948,2020-02-09 11:00:00,2021-02-09 11:00:00,2021-02-09 11:00:00,366,1
528,2021-02-10 11:00:00,Decision Tree,11,2.122639214007634,2.225719072252902,2020-02-10 11:00:00,2021-02-10 11:00:00,2021-02-10 11:00:00,366,1
529,2021-02-10 11:00:00,Random Forest,11,2.122639214007634,2.1555354512847886,2020-02-10 11:00:00,2021-02-10 11:00:00,2021-02-10 11:00:00,366,1
530,2021-02-10 11:00:00,Neural Network,11,2.122639214007634,1.9261526855106803,2020-02-10 11:00:00,2021-02-10 11:00:00,2021-02-10 11:00:00,366,1
531,2021-02-10 11:00:00,Naive,11,2.122639214007634,1.8583891057008597,2020-02-10 11:00:00,2021-02-10 11:00:00,2021-02-10 11:00:00,366,1
532,2021-02-11 11:00:00,Decision Tree,11,2.1787729132222076,2.2128340899722434,2020-02-11 11:00:00,2021-02-11 11:00:00,2021-02-11 11:00:00,366,1
533,2021-02-11 11:00:00,Random Forest,11,2.1787729132222076,2.162592990058144,2020-02-11 11:00:00,2021-02-11 11:00:00,2021-02-11 11:00:00,366,1
534,2021-02-11 11:00:00,Neural Network,11,2.1787729132222076,2.0733160623268905,2020-02-11 11:00:00,2021-02-11 11:00:00,2021-02-11 11:00:00,366,1
535,2021-02-11 11:00:00,Naive,11,2.1787729132222076,2.122639214007634,2020-02-11 11:00:00,2021-02-11 11:00:00,2021-02-11 11:00:00,366,1
536,2021-02-12 11:00:00,Decision Tree,11,1.821372706939442,1.7915318646390732,2020-02-12 11:00:00,2021-02-12 11:00:00,2021-02-12 11:00:00,366,1
537,2021-02-12 11:00:00,Random Forest,11,1.821372706939442,1.862361503018427,2020-02-12 11:00:00,2021-02-12 11:00:00,2021-02-12 11:00:00,366,1
538,2021-02-12 11:00:00,Neural Network,11,1.821372706939442,1.596610171662949,2020-02-12 11:00:00,2021-02-12 11:00:00,2021-02-12 11:00:00,366,1
539,2021-02-12 11:00:00,Naive,11,1.821372706939442,2.1787729132222076,2020-02-12 11:00:00,2021-02-12 11:00:00,2021-02-12 11:00:00,366,1
540,2021-02-13 11:00:00,Decision Tree,11,1.3578958439261055,1.3273765124660954,2020-02-13 11:00:00,2021-02-13 11:00:00,2021-02-13 11:00:00,366,1
541,2021-02-13 11:00:00,Random Forest,11,1.3578958439261055,1.3487122676444396,2020-02-13 11:00:00,2021-02-13 11:00:00,2021-02-13 11:00:00,366,1
542,2021-02-13 11:00:00,Neural Network,11,1.3578958439261055,1.302294742964797,2020-02-13 11:00:00,2021-02-13 11:00:00,2021-02-13 11:00:00,366,1
543,2021-02-13 11:00:00,Naive,11,1.3578958439261055,1.821372706939442,2020-02-13 11:00:00,2021-02-13 11:00:00,2021-02-13 11:00:00,366,1
544,2021-02-14 11:00:00,Decision Tree,11,0.7384207927140971,0.6156838699480943,2020-02-14 11:00:00,2021-02-14 11:00:00,2021-02-14 11:00:00,366,1
545,2021-02-14 11:00:00,Random Forest,11,0.7384207927140971,0.6525766783066468,2020-02-14 11:00:00,2021-02-14 11:00:00,2021-02-14 11:00:00,366,1
546,2021-02-14 11:00:00,Neural Network,11,0.7384207927140971,0.9176784006416934,2020-02-14 11:00:00,2021-02-14 11:00:00,2021-02-14 11:00:00,366,1
547,2021-02-14 11:00:00,Naive,11,0.7384207927140971,1.3578958439261055,2020-02-14 11:00:00,2021-02-14 11:00:00,2021-02-14 11:00:00,366,1
548,2021-02-15 11:00:00,Decision Tree,11,1.4047472767248095,1.3728585748987387,2020-02-15 11:00:00,2021-02-15 11:00:00,2021-02-15 11:00:00,366,1
549,2021-02-15 11:00:00,Random Forest,11,1.4047472767248095,1.3746888618873867,2020-02-15 11:00:00,2021-02-15 11:00:00,2021-02-15 11:00:00,366,1
550,2021-02-15 11:00:00,Neural Network,11,1.4047472767248095,1.3419842222448026,2020-02-15 11:00:00,2021-02-15 11:00:00,2021-02-15 11:00:00,366,1
551,2021-02-15 11:00:00,Naive,11,1.4047472767248095,0.7384207927140971,2020-02-15 11:00:00,2021-02-15 11:00:00,2021-02-15 11:00:00,366,1
552,2021-02-16 11:00:00,Decision Tree,11,1.532931037781006,1.4830285999972013,2020-02-16 11:00:00,2021-02-16 11:00:00,2021-02-16 11:00:00,366,1
553,2021-02-16 11:00:00,Random Forest,11,1.532931037781006,1.5253637806384206,2020-02-16 11:00:00,2021-02-16 11:00:00,2021-02-16 11:00:00,366,1
554,2021-02-16 11:00:00,Neural Network,11,1.532931037781006,1.5290597574277611,2020-02-16 11:00:00,2021-02-16 11:00:00,2021-02-16 11:00:00,366,1
555,2021-02-16 11:00:00,Naive,11,1.532931037781006,1.4047472767248095,2020-02-16 11:00:00,2021-02-16 11:00:00,2021-02-16 11:00:00,366,1
556,2021-02-17 11:00:00,Decision Tree,11,1.0640545901927843,1.0189996236364376,2020-02-17 11:00:00,2021-02-17 11:00:00,2021-02-17 11:00:00,366,1
557,2021-02-17 11:00:00,Random Forest,11,1.0640545901927843,1.024785721555356,2020-02-17 11:00:00,2021-02-17 11:00:00,2021-02-17 11:00:00,366,1
558,2021-02-17 11:00:00,Neural Network,11,1.0640545901927843,1.0314953944020013,2020-02-17 11:00:00,2021-02-17 11:00:00,2021-02-17 11:00:00,366,1
559,2021-02-17 11:00:00,Naive,11,1.0640545901927843,1.532931037781006,2020-02-17 11:00:00,2021-02-17 11:00:00,2021-02-17 11:00:00,366,1
560,2021-02-18 11:00:00,Decision Tree,11,0.8947864545174913,0.8499014957965167,2020-02-18 11:00:00,2021-02-18 11:00:00,2021-02-18 11:00:00,366,1
561,2021-02-18 11:00:00,Random Forest,11,0.8947864545174913,0.8166803527773747,2020-02-18 11:00:00,2021-02-18 11:00:00,2021-02-18 11:00:00,366,1
562,2021-02-18 11:00:00,Neural Network,11,0.8947864545174913,0.7917384793312928,2020-02-18 11:00:00,2021-02-18 11:00:00,2021-02-18 11:00:00,366,1
563,2021-02-18 11:00:00,Naive,11,0.8947864545174913,1.0640545901927843,2020-02-18 11:00:00,2021-02-18 11:00:00,2021-02-18 11:00:00,366,1
564,2021-02-19 11:00:00,Decision Tree,11,0.8486926871813895,0.7805066891830504,2020-02-19 11:00:00,2021-02-19 11:00:00,2021-02-19 11:00:00,366,1
565,2021-02-19 11:00:00,Random Forest,11,0.8486926871813895,0.7846068064817217,2020-02-19 11:00:00,2021-02-19 11:00:00,2021-02-19 11:00:00,366,1
566,2021-02-19 11:00:00,Neural Network,11,0.8486926871813895,0.8025448031503639,2020-02-19 11:00:00,2021-02-19 11:00:00,2021-02-19 11:00:00,366,1
567,2021-02-19 11:00:00,Naive,11,0.8486926871813895,0.8947864545174913,2020-02-19 11:00:00,2021-02-19 11:00:00,2021-02-19 11:00:00,366,1
568,2021-02-20 11:00:00,Decision Tree,11,-0.36132204880927854,-0.3493779758020059,2020-02-20 11:00:00,2021-02-20 11:00:00,2021-02-20 11:00:00,366,1
569,2021-02-20 11:00:00,Random Forest,11,-0.36132204880927854,-0.3776622531328206,2020-02-20 11:00:00,2021-02-20 11:00:00,2021-02-20 11:00:00,366,1
570,2021-02-20 11:00:00,Neural Network,11,-0.36132204880927854,-0.19744479521489577,2020-02-20 11:00:00,2021-02-20 11:00:00,2021-02-20 11:00:00,366,1
571,2021-02-20 11:00:00,Naive,11,-0.36132204880927854,0.8486926871813895,2020-02-20 11:00:00,2021-02-20 11:00:00,2021-02-20 11:00:00,366,1
572,2021-02-21 11:00:00,Decision Tree,11,-0.24062667776049163,-0.2771957768183336,2020-02-21 11:00:00,2021-02-21 11:00:00,2021-02-21 11:00:00,366,1
573,2021-02-21 11:00:00,Random Forest,11,-0.24062667776049163,-0.27182241163990944,2020-02-21 11:00:00,2021-02-21 11:00:00,2021-02-21 11:00:00,366,1
574,2021-02-21 11:00:00,Neural Network,11,-0.24062667776049163,0.008781439539785885,2020-02-21 11:00:00,2021-02-21 11:00:00,2021-02-21 11:00:00,366,1
575,2021-02-21 11:00:00,Naive,11,-0.24062667776049163,-0.36132204880927854,2020-02-21 11:00:00,2021-02-21 11:00:00,2021-02-21 11:00:00,366,1
576,2021-02-22 11:00:00,Decision Tree,11,0.7291611885972397,0.6659613278845048,2020-02-22 11:00:00,2021-02-22 11:00:00,2021-02-22 11:00:00,366,1
577,2021-02-22 11:00:00,Random Forest,11,0.7291611885972397,0.6872680561381714,2020-02-22 11:00:00,2021-02-22 11:00:00,2021-02-22 11:00:00,366,1
578,2021-02-22 11:00:00,Neural Network,11,0.7291611885972397,0.6087067172663438,2020-02-22 11:00:00,2021-02-22 11:00:00,2021-02-22 11:00:00,366,1
579,2021-02-22 11:00:00,Naive,11,0.7291611885972397,-0.24062667776049163,2020-02-22 11:00:00,2021-02-22 11:00:00,2021-02-22 11:00:00,366,1
580,2021-02-23 11:00:00,Decision Tree,11,0.49210874242697294,0.437040987699338,2020-02-23 11:00:00,2021-02-23 11:00:00,2021-02-23 11:00:00,366,1
581,2021-02-23 11:00:00,Random Forest,11,0.49210874242697294,0.39933395073944755,2020-02-23 11:00:00,2021-02-23 11:00:00,2021-02-23 11:00:00,366,1
582,2021-02-23 11:00:00,Neural Network,11,0.49210874242697294,0.5193169269097109,2020-02-23 11:00:00,2021-02-23 11:00:00,2021-02-23 11:00:00,366,1
583,2021-02-23 11:00:00,Naive,11,0.49210874242697294,0.7291611885972397,2020-02-23 11:00:00,2021-02-23 11:00:00,2021-02-23 11:00:00,366,1
584,2021-02-24 11:00:00,Decision Tree,11,0.0638274265556746,-0.00919323773063327,2020-02-24 11:00:00,2021-02-24 11:00:00,2021-02-24 11:00:00,366,1
585,2021-02-24 11:00:00,Random Forest,11,0.0638274265556746,0.008175061745670856,2020-02-24 11:00:00,2021-02-24 11:00:00,2021-02-24 11:00:00,366,1
586,2021-02-24 11:00:00,Neural Network,11,0.0638274265556746,0.0017173816438248585,2020-02-24 11:00:00,2021-02-24 11:00:00,2021-02-24 11:00:00,366,1
587,2021-02-24 11:00:00,Naive,11,0.0638274265556746,0.49210874242697294,2020-02-24 11:00:00,2021-02-24 11:00:00,2021-02-24 11:00:00,366,1
588,2021-02-25 11:00:00,Decision Tree,11,0.46594401315268813,0.3543168313241076,2020-02-25 11:00:00,2021-02-25 11:00:00,2021-02-25 11:00:00,366,1
589,2021-02-25 11:00:00,Random Forest,11,0.46594401315268813,0.3938733930222462,2020-02-25 11:00:00,2021-02-25 11:00:00,2021-02-25 11:00:00,366,1
590,2021-02-25 11:00:00,Neural Network,11,0.46594401315268813,0.2471280170272258,2020-02-25 11:00:00,2021-02-25 11:00:00,2021-02-25 11:00:00,366,1
591,2021-02-25 11:00:00,Naive,11,0.46594401315268813,0.0638274265556746,2020-02-25 11:00:00,2021-02-25 11:00:00,2021-02-25 11:00:00,366,1
592,2021-02-26 11:00:00,Decision Tree,11,0.6638291849860023,0.621497251940748,2020-02-26 11:00:00,2021-02-26 11:00:00,2021-02-26 11:00:00,366,1
593,2021-02-26 11:00:00,Random Forest,11,0.6638291849860023,0.6054349874230244,2020-02-26 11:00:00,2021-02-26 11:00:00,2021-02-26 11:00:00,366,1
594,2021-02-26 11:00:00,Neural Network,11,0.6638291849860023,0.7507366444083722,2020-02-26 11:00:00,2021-02-26 11:00:00,2021-02-26 11:00:00,366,1
595,2021-02-26 11:00:00,Naive,11,0.6638291849860023,0.46594401315268813,2020-02-26 11:00:00,2021-02-26 11:00:00,2021-02-26 11:00:00,366,1
596,2021-02-27 11:00:00,Decision Tree,11,0.43270206882439416,0.35217487135001235,2020-02-27 11:00:00,2021-02-27 11:00:00,2021-02-27 11:00:00,366,1
597,2021-02-27 11:00:00,Random Forest,11,0.43270206882439416,0.3361866466623267,2020-02-27 11:00:00,2021-02-27 11:00:00,2021-02-27 11:00:00,366,1
598,2021-02-27 11:00:00,Neural Network,11,0.43270206882439416,0.8908522037673735,2020-02-27 11:00:00,2021-02-27 11:00:00,2021-02-27 11:00:00,366,1
599,2021-02-27 11:00:00,Naive,11,0.43270206882439416,0.6638291849860023,2020-02-27 11:00:00,2021-02-27 11:00:00,2021-02-27 11:00:00,366,1
600,2021-02-28 11:00:00,Decision Tree,11,0.27092540570116747,0.1737351612048728,2020-02-28 11:00:00,2021-02-28 11:00:00,2021-02-28 11:00:00,366,1
601,2021-02-28 11:00:00,Random Forest,11,0.27092540570116747,0.15835584930244806,2020-02-28 11:00:00,2021-02-28 11:00:00,2021-02-28 11:00:00,366,1
602,2021-02-28 11:00:00,Neural Network,11,0.27092540570116747,0.443444615087003,2020-02-28 11:00:00,2021-02-28 11:00:00,2021-02-28 11:00:00,366,1
603,2021-02-28 11:00:00,Naive,11,0.27092540570116747,0.43270206882439416,2020-02-28 11:00:00,2021-02-28 11:00:00,2021-02-28 11:00:00,366,1
604,2021-03-01 11:00:00,Decision Tree,11,0.6638655476925133,0.6262008000568875,2020-03-01 11:00:00,2021-03-01 11:00:00,2021-03-01 11:00:00,365,1
605,2021-03-01 11:00:00,Random Forest,11,0.6638655476925133,0.6272369112493141,2020-03-01 11:00:00,2021-03-01 11:00:00,2021-03-01 11:00:00,365,1
606,2021-03-01 11:00:00,Neural Network,11,0.6638655476925133,0.6425619202921851,2020-03-01 11:00:00,2021-03-01 11:00:00,2021-03-01 11:00:00,365,1
607,2021-03-01 11:00:00,Naive,11,0.6638655476925133,0.27092540570116747,2020-03-01 11:00:00,2021-03-01 11:00:00,2021-03-01 11:00:00,365,1
608,2021-03-02 11:00:00,Decision Tree,11,0.6760043473334295,0.6550320559875026,2020-03-02 11:00:00,2021-03-02 11:00:00,2021-03-02 11:00:00,365,1
609,2021-03-02 11:00:00,Random Forest,11,0.6760043473334295,0.6458231500002826,2020-03-02 11:00:00,2021-03-02 11:00:00,2021-03-02 11:00:00,365,1
610,2021-03-02 11:00:00,Neural Network,11,0.6760043473334295,0.6514930217457373,2020-03-02 11:00:00,2021-03-02 11:00:00,2021-03-02 11:00:00,365,1
611,2021-03-02 11:00:00,Naive,11,0.6760043473334295,0.6638655476925133,2020-03-02 11:00:00,2021-03-02 11:00:00,2021-03-02 11:00:00,365,1
612,2021-03-03 11:00:00,Decision Tree,11,0.6776861298762646,0.6585274378784906,2020-03-03 11:00:00,2021-03-03 11:00:00,2021-03-03 11:00:00,365,1
613,2021-03-03 11:00:00,Random Forest,11,0.6776861298762646,0.6493408891984848,2020-03-03 11:00:00,2021-03-03 11:00:00,2021-03-03 11:00:00,365,1
614,2021-03-03 11:00:00,Neural Network,11,0.6776861298762646,0.7027098110815068,2020-03-03 11:00:00,2021-03-03 11:00:00,2021-03-03 11:00:00,365,1
615,2021-03-03 11:00:00,Naive,11,0.6776861298762646,0.6760043473334295,2020-03-03 11:00:00,2021-03-03 11:00:00,2021-03-03 11:00:00,365,1
616,2021-03-04 11:00:00,Decision Tree,11,1.2668522126286976,1.2277651965581295,2020-03-04 11:00:00,2021-03-04 11:00:00,2021-03-04 11:00:00,365,1
617,2021-03-04 11:00:00,Random Forest,11,1.2668522126286976,1.2270322266960858,2020-03-04 11:00:00,2021-03-04 11:00:00,2021-03-04 11:00:00,365,1
618,2021-03-04 11:00:00,Neural Network,11,1.2668522126286976,1.0369236354977078,2020-03-04 11:00:00,2021-03-04 11:00:00,2021-03-04 11:00:00,365,1
619,2021-03-04 11:00:00,Naive,11,1.2668522126286976,0.6776861298762646,2020-03-04 11:00:00,2021-03-04 11:00:00,2021-03-04 11:00:00,365,1
620,2021-03-05 11:00:00,Decision Tree,11,1.3119573185194096,1.3273765124660954,2020-03-05 11:00:00,2021-03-05 11:00:00,2021-03-05 11:00:00,365,1
621,2021-03-05 11:00:00,Random Forest,11,1.3119573185194096,1.325646594523182,2020-03-05 11:00:00,2021-03-05 11:00:00,2021-03-05 11:00:00,365,1
622,2021-03-05 11:00:00,Neural Network,11,1.3119573185194096,1.0668858793487033,2020-03-05 11:00:00,2021-03-05 11:00:00,2021-03-05 11:00:00,365,1
623,2021-03-05 11:00:00,Naive,11,1.3119573185194096,1.2668522126286976,2020-03-05 11:00:00,2021-03-05 11:00:00,2021-03-05 11:00:00,365,1
624,2021-03-06 11:00:00,Decision Tree,11,0.24470964519274566,0.11737699577127624,2020-03-06 11:00:00,2021-03-06 11:00:00,2021-03-06 11:00:00,365,1
625,2021-03-06 11:00:00,Random Forest,11,0.24470964519274566,0.17801584796887676,2020-03-06 11:00:00,2021-03-06 11:00:00,2021-03-06 11:00:00,365,1
626,2021-03-06 11:00:00,Neural Network,11,0.24470964519274566,0.08027864013707213,2020-03-06 11:00:00,2021-03-06 11:00:00,2021-03-06 11:00:00,365,1
627,2021-03-06 11:00:00,Naive,11,0.24470964519274566,1.3119573185194096,2020-03-06 11:00:00,2021-03-06 11:00:00,2021-03-06 11:00:00,365,1
628,2021-03-07 11:00:00,Decision Tree,11,0.26215800740406014,0.21678582329625057,2020-03-07 11:00:00,2021-03-07 11:00:00,2021-03-07 11:00:00,365,1
629,2021-03-07 11:00:00,Random Forest,11,0.26215800740406014,0.22254269527969006,2020-03-07 11:00:00,2021-03-07 11:00:00,2021-03-07 11:00:00,365,1
630,2021-03-07 11:00:00,Neural Network,11,0.26215800740406014,0.107939979256786,2020-03-07 11:00:00,2021-03-07 11:00:00,2021-03-07 11:00:00,365,1
631,2021-03-07 11:00:00,Naive,11,0.26215800740406014,0.24470964519274566,2020-03-07 11:00:00,2021-03-07 11:00:00,2021-03-07 11:00:00,365,1
632,2021-03-08 11:00:00,Decision Tree,11,1.3133334761196709,1.3254491132227597,2020-03-08 11:00:00,2021-03-08 11:00:00,2021-03-08 11:00:00,365,1
633,2021-03-08 11:00:00,Random Forest,11,1.3133334761196709,1.321397986578413,2020-03-08 11:00:00,2021-03-08 11:00:00,2021-03-08 11:00:00,365,1
634,2021-03-08 11:00:00,Neural Network,11,1.3133334761196709,0.8148437090103618,2020-03-08 11:00:00,2021-03-08 11:00:00,2021-03-08 11:00:00,365,1
635,2021-03-08 11:00:00,Naive,11,1.3133334761196709,0.26215800740406014,2020-03-08 11:00:00,2021-03-08 11:00:00,2021-03-08 11:00:00,365,1
636,2021-03-09 11:00:00,Decision Tree,11,1.3870827424533734,1.3461253026245026,2020-03-09 11:00:00,2021-03-09 11:00:00,2021-03-09 11:00:00,365,1
637,2021-03-09 11:00:00,Random Forest,11,1.3870827424533734,1.382615462508718,2020-03-09 11:00:00,2021-03-09 11:00:00,2021-03-09 11:00:00,365,1
638,2021-03-09 11:00:00,Neural Network,11,1.3870827424533734,1.1355617450538222,2020-03-09 11:00:00,2021-03-09 11:00:00,2021-03-09 11:00:00,365,1
639,2021-03-09 11:00:00,Naive,11,1.3870827424533734,1.3133334761196709,2020-03-09 11:00:00,2021-03-09 11:00:00,2021-03-09 11:00:00,365,1
640,2021-03-10 11:00:00,Decision Tree,11,0.9832775115330634,1.0189996236364376,2020-03-10 11:00:00,2021-03-10 11:00:00,2021-03-10 11:00:00,365,1
641,2021-03-10 11:00:00,Random Forest,11,0.9832775115330634,0.9655503875867102,2020-03-10 11:00:00,2021-03-10 11:00:00,2021-03-10 11:00:00,365,1
642,2021-03-10 11:00:00,Neural Network,11,0.9832775115330634,0.9686876033763016,2020-03-10 11:00:00,2021-03-10 11:00:00,2021-03-10 11:00:00,365,1
643,2021-03-10 11:00:00,Naive,11,0.9832775115330634,1.3870827424533734,2020-03-10 11:00:00,2021-03-10 11:00:00,2021-03-10 11:00:00,365,1
644,2021-03-11 11:00:00,Decision Tree,11,0.02307061333686367,0.03298680991457136,2020-03-11 11:00:00,2021-03-11 11:00:00,2021-03-11 11:00:00,365,1
645,2021-03-11 11:00:00,Random Forest,11,0.02307061333686367,-0.015423210085844283,2020-03-11 11:00:00,2021-03-11 11:00:00,2021-03-11 11:00:00,365,1
646,2021-03-11 11:00:00,Neural Network,11,0.02307061333686367,-0.3333074648104342,2020-03-11 11:00:00,2021-03-11 11:00:00,2021-03-11 11:00:00,365,1
647,2021-03-11 11:00:00,Naive,11,0.02307061333686367,0.9832775115330634,2020-03-11 11:00:00,2021-03-11 11:00:00,2021-03-11 11:00:00,365,1
648,2021-03-12 11:00:00,Decision Tree,11,-1.7281883924770196,-1.6451985041107668,2020-03-12 11:00:00,2021-03-12 11:00:00,2021-03-12 11:00:00,365,1
649,2021-03-12 11:00:00,Random Forest,11,-1.7281883924770196,-1.6596292867660092,2020-03-12 11:00:00,2021-03-12 11:00:00,2021-03-12 11:00:00,365,1
650,2021-03-12 11:00:00,Neural Network,11,-1.7281883924770196,-1.5995085487196752,2020-03-12 11:00:00,2021-03-12 11:00:00,2021-03-12 11:00:00,365,1
651,2021-03-12 11:00:00,Naive,11,-1.7281883924770196,0.02307061333686367,2020-03-12 11:00:00,2021-03-12 11:00:00,2021-03-12 11:00:00,365,1
652,2021-03-13 11:00:00,Decision Tree,11,-1.7284531949554551,-1.7488592570093793,2020-03-13 11:00:00,2021-03-13 11:00:00,2021-03-13 11:00:00,365,1
653,2021-03-13 11:00:00,Random Forest,11,-1.7284531949554551,-1.6949666907450454,2020-03-13 11:00:00,2021-03-13 11:00:00,2021-03-13 11:00:00,365,1
654,2021-03-13 11:00:00,Neural Network,11,-1.7284531949554551,-1.2113777899656188,2020-03-13 11:00:00,2021-03-13 11:00:00,2021-03-13 11:00:00,365,1
655,2021-03-13 11:00:00,Naive,11,-1.7284531949554551,-1.7281883924770196,2020-03-13 11:00:00,2021-03-13 11:00:00,2021-03-13 11:00:00,365,1
656,2021-03-14 11:00:00,Decision Tree,11,-1.4234093929653704,-1.332156930533203,2020-03-14 11:00:00,2021-03-14 11:00:00,2021-03-14 11:00:00,365,1
657,2021-03-14 11:00:00,Random Forest,11,-1.4234093929653704,-1.3336561289504565,2020-03-14 11:00:00,2021-03-14 11:00:00,2021-03-14 11:00:00,365,1
658,2021-03-14 11:00:00,Neural Network,11,-1.4234093929653704,-1.1698957225409432,2020-03-14 11:00:00,2021-03-14 11:00:00,2021-03-14 11:00:00,365,1
659,2021-03-14 11:00:00,Naive,11,-1.4234093929653704,-1.7284531949554551,2020-03-14 11:00:00,2021-03-14 11:00:00,2021-03-14 11:00:00,365,1
660,2021-03-15 11:00:00,Decision Tree,11,0.9818594883126123,1.0130459382858754,2020-03-15 11:00:00,2021-03-15 11:00:00,2021-03-15 11:00:00,365,1
661,2021-03-15 11:00:00,Random Forest,11,0.9818594883126123,0.9904796355078249,2020-03-15 11:00:00,2021-03-15 11:00:00,2021-03-15 11:00:00,365,1
662,2021-03-15 11:00:00,Neural Network,11,0.9818594883126123,0.3834861545615464,2020-03-15 11:00:00,2021-03-15 11:00:00,2021-03-15 11:00:00,365,1
663,2021-03-15 11:00:00,Naive,11,0.9818594883126123,-1.4234093929653704,2020-03-15 11:00:00,2021-03-15 11:00:00,2021-03-15 11:00:00,365,1
664,2021-03-16 11:00:00,Decision Tree,11,1.338916530078701,1.3241029313224164,2020-03-16 11:00:00,2021-03-16 11:00:00,2021-03-16 11:00:00,365,1
665,2021-03-16 11:00:00,Random Forest,11,1.338916530078701,1.3508284026901904,2020-03-16 11:00:00,2021-03-16 11:00:00,2021-03-16 11:00:00,365,1
666,2021-03-16 11:00:00,Neural Network,11,1.338916530078701,1.1712039313531937,2020-03-16 11:00:00,2021-03-16 11:00:00,2021-03-16 11:00:00,365,1
667,2021-03-16 11:00:00,Naive,11,1.338916530078701,0.9818594883126123,2020-03-16 11:00:00,2021-03-16 11:00:00,2021-03-16 11:00:00,365,1
668,2021-03-17 11:00:00,Decision Tree,11,1.369939265485171,1.3779822270521502,2020-03-17 11:00:00,2021-03-17 11:00:00,2021-03-17 11:00:00,365,1
669,2021-03-17 11:00:00,Random Forest,11,1.369939265485171,1.3751283941904437,2020-03-17 11:00:00,2021-03-17 11:00:00,2021-03-17 11:00:00,365,1
670,2021-03-17 11:00:00,Neural Network,11,1.369939265485171,1.131462037752623,2020-03-17 11:00:00,2021-03-17 11:00:00,2021-03-17 11:00:00,365,1
671,2021-03-17 11:00:00,Naive,11,1.369939265485171,1.338916530078701,2020-03-17 11:00:00,2021-03-17 11:00:00,2021-03-17 11:00:00,365,1
672,2021-03-18 11:00:00,Decision Tree,11,1.6390184055352583,1.4913456729611687,2020-03-18 11:00:00,2021-03-18 11:00:00,2021-03-18 11:00:00,365,1
673,2021-03-18 11:00:00,Random Forest,11,1.6390184055352583,1.5660622959185562,2020-03-18 11:00:00,2021-03-18 11:00:00,2021-03-18 11:00:00,365,1
674,2021-03-18 11:00:00,Neural Network,11,1.6390184055352583,1.5316501675576193,2020-03-18 11:00:00,2021-03-18 11:00:00,2021-03-18 11:00:00,365,1
675,2021-03-18 11:00:00,Naive,11,1.6390184055352583,1.369939265485171,2020-03-18 11:00:00,2021-03-18 11:00:00,2021-03-18 11:00:00,365,1
676,2021-03-19 11:00:00,Decision Tree,11,0.6879415531646677,0.6875555041459286,2020-03-19 11:00:00,2021-03-19 11:00:00,2021-03-19 11:00:00,365,1
677,2021-03-19 11:00:00,Random Forest,11,0.6879415531646677,0.6931053287405434,2020-03-19 11:00:00,2021-03-19 11:00:00,2021-03-19 11:00:00,365,1
678,2021-03-19 11:00:00,Neural Network,11,0.6879415531646677,0.7418839673046861,2020-03-19 11:00:00,2021-03-19 11:00:00,2021-03-19 11:00:00,365,1
679,2021-03-19 11:00:00,Naive,11,0.6879415531646677,1.6390184055352583,2020-03-19 11:00:00,2021-03-19 11:00:00,2021-03-19 11:00:00,365,1
680,2021-03-20 11:00:00,Decision Tree,11,0.7081477298990307,0.6876106540057485,2020-03-20 11:00:00,2021-03-20 11:00:00,2021-03-20 11:00:00,365,1
681,2021-03-20 11:00:00,Random Forest,11,0.7081477298990307,0.684791773875823,2020-03-20 11:00:00,2021-03-20 11:00:00,2021-03-20 11:00:00,365,1
682,2021-03-20 11:00:00,Neural Network,11,0.7081477298990307,0.527887479356153,2020-03-20 11:00:00,2021-03-20 11:00:00,2021-03-20 11:00:00,365,1
683,2021-03-20 11:00:00,Naive,11,0.7081477298990307,0.6879415531646677,2020-03-20 11:00:00,2021-03-20 11:00:00,2021-03-20 11:00:00,365,1
684,2021-03-21 11:00:00,Decision Tree,11,-0.05384219751948222,-0.07529054200025556,2020-03-21 11:00:00,2021-03-21 11:00:00,2021-03-21 11:00:00,365,1
685,2021-03-21 11:00:00,Random Forest,11,-0.05384219751948222,-0.07477985178913835,2020-03-21 11:00:00,2021-03-21 11:00:00,2021-03-21 11:00:00,365,1
686,2021-03-21 11:00:00,Neural Network,11,-0.05384219751948222,-0.21274805678076292,2020-03-21 11:00:00,2021-03-21 11:00:00,2021-03-21 11:00:00,365,1
687,2021-03-21 11:00:00,Naive,11,-0.05384219751948222,0.7081477298990307,2020-03-21 11:00:00,2021-03-21 11:00:00,2021-03-21 11:00:00,365,1
688,2021-03-22 11:00:00,Decision Tree,11,1.4604485402026521,1.4830285999972013,2020-03-22 11:00:00,2021-03-22 11:00:00,2021-03-22 11:00:00,365,1
689,2021-03-22 11:00:00,Random Forest,11,1.4604485402026521,1.4815295719322445,2020-03-22 11:00:00,2021-03-22 11:00:00,2021-03-22 11:00:00,365,1
690,2021-03-22 11:00:00,Neural Network,11,1.4604485402026521,1.2248353763327384,2020-03-22 11:00:00,2021-03-22 11:00:00,2021-03-22 11:00:00,365,1
691,2021-03-22 11:00:00,Naive,11,1.4604485402026521,-0.05384219751948222,2020-03-22 11:00:00,2021-03-22 11:00:00,2021-03-22 11:00:00,365,1
692,2021-03-23 11:00:00,Decision Tree,11,1.4440103384624243,1.4792652566981097,2020-03-23 11:00:00,2021-03-23 11:00:00,2021-03-23 11:00:00,365,1
693,2021-03-23 11:00:00,Random Forest,11,1.4440103384624243,1.4791373476553973,2020-03-23 11:00:00,2021-03-23 11:00:00,2021-03-23 11:00:00,365,1
694,2021-03-23 11:00:00,Neural Network,11,1.4440103384624243,1.3608001745339529,2020-03-23 11:00:00,2021-03-23 11:00:00,2021-03-23 11:00:00,365,1
695,2021-03-23 11:00:00,Naive,11,1.4440103384624243,1.4604485402026521,2020-03-23 11:00:00,2021-03-23 11:00:00,2021-03-23 11:00:00,365,1
696,2021-03-24 11:00:00,Decision Tree,11,0.6197464351349069,0.6049024936533973,2020-03-24 11:00:00,2021-03-24 11:00:00,2021-03-24 11:00:00,365,1
697,2021-03-24 11:00:00,Random Forest,11,0.6197464351349069,0.6451864639628625,2020-03-24 11:00:00,2021-03-24 11:00:00,2021-03-24 11:00:00,365,1
698,2021-03-24 11:00:00,Neural Network,11,0.6197464351349069,0.4932408002244095,2020-03-24 11:00:00,2021-03-24 11:00:00,2021-03-24 11:00:00,365,1
699,2021-03-24 11:00:00,Naive,11,0.6197464351349069,1.4440103384624243,2020-03-24 11:00:00,2021-03-24 11:00:00,2021-03-24 11:00:00,365,1
700,2021-03-25 11:00:00,Decision Tree,11,0.7408589774716707,0.7528922826094373,2020-03-25 11:00:00,2021-03-25 11:00:00,2021-03-25 11:00:00,365,1
701,2021-03-25 11:00:00,Random Forest,11,0.7408589774716707,0.7307019068889367,2020-03-25 11:00:00,2021-03-25 11:00:00,2021-03-25 11:00:00,365,1
702,2021-03-25 11:00:00,Neural Network,11,0.7408589774716707,0.7718997637139808,2020-03-25 11:00:00,2021-03-25 11:00:00,2021-03-25 11:00:00,365,1
703,2021-03-25 11:00:00,Naive,11,0.7408589774716707,0.6197464351349069,2020-03-25 11:00:00,2021-03-25 11:00:00,2021-03-25 11:00:00,365,1
704,2021-03-26 11:00:00,Decision Tree,11,0.14834457232289897,0.19695502824353675,2020-03-26 11:00:00,2021-03-26 11:00:00,2021-03-26 11:00:00,365,1
705,2021-03-26 11:00:00,Random Forest,11,0.14834457232289897,0.15881736134119437,2020-03-26 11:00:00,2021-03-26 11:00:00,2021-03-26 11:00:00,365,1
706,2021-03-26 11:00:00,Neural Network,11,0.14834457232289897,-0.06276345555921964,2020-03-26 11:00:00,2021-03-26 11:00:00,2021-03-26 11:00:00,365,1
707,2021-03-26 11:00:00,Naive,11,0.14834457232289897,0.7408589774716707,2020-03-26 11:00:00,2021-03-26 11:00:00,2021-03-26 11:00:00,365,1
708,2021-03-27 11:00:00,Decision Tree,11,-1.7798715430410763,-1.727304544058584,2020-03-27 11:00:00,2021-03-27 11:00:00,2021-03-27 11:00:00,365,1
709,2021-03-27 11:00:00,Random Forest,11,-1.7798715430410763,-1.724624066999081,2020-03-27 11:00:00,2021-03-27 11:00:00,2021-03-27 11:00:00,365,1
710,2021-03-27 11:00:00,Neural Network,11,-1.7798715430410763,-1.8347223720994075,2020-03-27 11:00:00,2021-03-27 11:00:00,2021-03-27 11:00:00,365,1
711,2021-03-27 11:00:00,Naive,11,-1.7798715430410763,0.14834457232289897,2020-03-27 11:00:00,2021-03-27 11:00:00,2021-03-27 11:00:00,365,1
712,2021-03-28 11:00:00,Decision Tree,11,-1.6534734297347211,-1.6047108979172413,2020-03-28 11:00:00,2021-03-28 11:00:00,2021-03-28 11:00:00,365,1
713,2021-03-28 11:00:00,Random Forest,11,-1.6534734297347211,-1.6224582734451376,2020-03-28 11:00:00,2021-03-28 11:00:00,2021-03-28 11:00:00,365,1
714,2021-03-28 11:00:00,Neural Network,11,-1.6534734297347211,-1.3332116078169116,2020-03-28 11:00:00,2021-03-28 11:00:00,2021-03-28 11:00:00,365,1
715,2021-03-28 11:00:00,Naive,11,-1.6534734297347211,-1.7798715430410763,2020-03-28 11:00:00,2021-03-28 11:00:00,2021-03-28 11:00:00,365,1
716,2021-03-29 11:00:00,Decision Tree,11,-0.4578427766592175,-0.44137639097599546,2020-03-29 11:00:00,2021-03-29 11:00:00,2021-03-29 11:00:00,365,1
717,2021-03-29 11:00:00,Random Forest,11,-0.4578427766592175,-0.4555619869364433,2020-03-29 11:00:00,2021-03-29 11:00:00,2021-03-29 11:00:00,365,1
718,2021-03-29 11:00:00,Neural Network,11,-0.4578427766592175,-0.7012761399418985,2020-03-29 11:00:00,2021-03-29 11:00:00,2021-03-29 11:00:00,365,1
719,2021-03-29 11:00:00,Naive,11,-0.4578427766592175,-1.6534734297347211,2020-03-29 11:00:00,2021-03-29 11:00:00,2021-03-29 11:00:00,365,1
720,2021-03-30 11:00:00,Decision Tree,11,0.7317445519031395,0.8044952724698824,2020-03-30 11:00:00,2021-03-30 11:00:00,2021-03-30 11:00:00,365,1
721,2021-03-30 11:00:00,Random Forest,11,0.7317445519031395,0.728414580078291,2020-03-30 11:00:00,2021-03-30 11:00:00,2021-03-30 11:00:00,365,1
722,2021-03-30 11:00:00,Neural Network,11,0.7317445519031395,0.4464970758491972,2020-03-30 11:00:00,2021-03-30 11:00:00,2021-03-30 11:00:00,365,1
723,2021-03-30 11:00:00,Naive,11,0.7317445519031395,-0.4578427766592175,2020-03-30 11:00:00,2021-03-30 11:00:00,2021-03-30 11:00:00,365,1
724,2021-03-31 11:00:00,Decision Tree,11,0.9613841504752416,0.9354694058218047,2020-03-31 11:00:00,2021-03-31 11:00:00,2021-03-31 11:00:00,365,1
725,2021-03-31 11:00:00,Random Forest,11,0.9613841504752416,0.9432079564347159,2020-03-31 11:00:00,2021-03-31 11:00:00,2021-03-31 11:00:00,365,1
726,2021-03-31 11:00:00,Neural Network,11,0.9613841504752416,0.888717097446159,2020-03-31 11:00:00,2021-03-31 11:00:00,2021-03-31 11:00:00,365,1
727,2021-03-31 11:00:00,Naive,11,0.9613841504752416,0.7317445519031395,2020-03-31 11:00:00,2021-03-31 11:00:00,2021-03-31 11:00:00,365,1
728,2021-04-01 11:00:00,Decision Tree,11,0.7009118973629164,0.6901777884924086,2020-04-01 11:00:00,2021-04-01 11:00:00,2021-04-01 11:00:00,365,1
729,2021-04-01 11:00:00,Random Forest,11,0.7009118973629164,0.6858418598775609,2020-04-01 11:00:00,2021-04-01 11:00:00,2021-04-01 11:00:00,365,1
730,2021-04-01 11:00:00,Neural Network,11,0.7009118973629164,0.3090128865518319,2020-04-01 11:00:00,2021-04-01 11:00:00,2021-04-01 11:00:00,365,1
731,2021-04-01 11:00:00,Naive,11,0.7009118973629164,0.9613841504752416,2020-04-01 11:00:00,2021-04-01 11:00:00,2021-04-01 11:00:00,365,1
732,2021-04-02 11:00:00,Decision Tree,11,0.33885844541951704,0.30054115694407874,2020-04-02 11:00:00,2021-04-02 11:00:00,2021-04-02 11:00:00,365,1
733,2021-04-02 11:00:00,Random Forest,11,0.33885844541951704,0.27127456837428704,2020-04-02 11:00:00,2021-04-02 11:00:00,2021-04-02 11:00:00,365,1
734,2021-04-02 11:00:00,Neural Network,11,0.33885844541951704,-0.26446549835417543,2020-04-02 11:00:00,2021-04-02 11:00:00,2021-04-02 11:00:00,365,1
735,2021-04-02 11:00:00,Naive,11,0.33885844541951704,0.7009118973629164,2020-04-02 11:00:00,2021-04-02 11:00:00,2021-04-02 11:00:00,365,1
736,2021-04-03 11:00:00,Decision Tree,11,0.10471290370540007,0.13055512528849764,2020-04-03 11:00:00,2021-04-03 11:00:00,2021-04-03 11:00:00,365,1
737,2021-04-03 11:00:00,Random Forest,11,0.10471290370540007,0.11290763516920327,2020-04-03 11:00:00,2021-04-03 11:00:00,2021-04-03 11:00:00,365,1
738,2021-04-03 11:00:00,Neural Network,11,0.10471290370540007,-0.05046696731071722,2020-04-03 11:00:00,2021-04-03 11:00:00,2021-04-03 11:00:00,365,1
739,2021-04-03 11:00:00,Naive,11,0.10471290370540007,0.33885844541951704,2020-04-03 11:00:00,2021-04-03 11:00:00,2021-04-03 11:00:00,365,1
740,2021-04-04 11:00:00,Decision Tree,11,-1.1600567349985802,-1.115119107223903,2020-04-04 11:00:00,2021-04-04 11:00:00,2021-04-04 11:00:00,365,1
741,2021-04-04 11:00:00,Random Forest,11,-1.1600567349985802,-1.1303158430088671,2020-04-04 11:00:00,2021-04-04 11:00:00,2021-04-04 11:00:00,365,1
742,2021-04-04 11:00:00,Neural Network,11,-1.1600567349985802,-0.6643566486313591,2020-04-04 11:00:00,2021-04-04 11:00:00,2021-04-04 11:00:00,365,1
743,2021-04-04 11:00:00,Naive,11,-1.1600567349985802,0.10471290370540007,2020-04-04 11:00:00,2021-04-04 11:00:00,2021-04-04 11:00:00,365,1
744,2021-04-05 11:00:00,Decision Tree,11,-1.9905921982402548,-2.3150543707413873,2020-04-05 11:00:00,2021-04-05 11:00:00,2021-04-05 11:00:00,365,1
745,2021-04-05 11:00:00,Random Forest,11,-1.9905921982402548,-2.015461944089065,2020-04-05 11:00:00,2021-04-05 11:00:00,2021-04-05 11:00:00,365,1
746,2021-04-05 11:00:00,Neural Network,11,-1.9905921982402548,-2.0271535106259493,2020-04-05 11:00:00,2021-04-05 11:00:00,2021-04-05 11:00:00,365,1
747,2021-04-05 11:00:00,Naive,11,-1.9905921982402548,-1.1600567349985802,2020-04-05 11:00:00,2021-04-05 11:00:00,2021-04-05 11:00:00,365,1
748,2021-04-06 11:00:00,Decision Tree,11,-0.4946343326970134,-0.4670596753844749,2020-04-06 11:00:00,2021-04-06 11:00:00,2021-04-06 11:00:00,365,1
749,2021-04-06 11:00:00,Random Forest,11,-0.4946343326970134,-0.47040773704390393,2020-04-06 11:00:00,2021-04-06 11:00:00,2021-04-06 11:00:00,365,1
750,2021-04-06 11:00:00,Neural Network,11,-0.4946343326970134,-0.8813559079190444,2020-04-06 11:00:00,2021-04-06 11:00:00,2021-04-06 11:00:00,365,1
751,2021-04-06 11:00:00,Naive,11,-0.4946343326970134,-1.9905921982402548,2020-04-06 11:00:00,2021-04-06 11:00:00,2021-04-06 11:00:00,365,1
752,2021-04-07 11:00:00,Decision Tree,11,1.0293343679768845,1.0255204161033922,2020-04-07 11:00:00,2021-04-07 11:00:00,2021-04-07 11:00:00,365,1
753,2021-04-07 11:00:00,Random Forest,11,1.0293343679768845,1.0089490226296667,2020-04-07 11:00:00,2021-04-07 11:00:00,2021-04-07 11:00:00,365,1
754,2021-04-07 11:00:00,Neural Network,11,1.0293343679768845,0.5980003090935674,2020-04-07 11:00:00,2021-04-07 11:00:00,2021-04-07 11:00:00,365,1
755,2021-04-07 11:00:00,Naive,11,1.0293343679768845,-0.4946343326970134,2020-04-07 11:00:00,2021-04-07 11:00:00,2021-04-07 11:00:00,365,1
756,2021-04-08 11:00:00,Decision Tree,11,1.2879143846296013,1.3404486475755837,2020-04-08 11:00:00,2021-04-08 11:00:00,2021-04-08 11:00:00,365,1
757,2021-04-08 11:00:00,Random Forest,11,1.2879143846296013,1.3476424199091463,2020-04-08 11:00:00,2021-04-08 11:00:00,2021-04-08 11:00:00,365,1
758,2021-04-08 11:00:00,Neural Network,11,1.2879143846296013,0.9382389449843462,2020-04-08 11:00:00,2021-04-08 11:00:00,2021-04-08 11:00:00,365,1
759,2021-04-08 11:00:00,Naive,11,1.2879143846296013,1.0293343679768845,2020-04-08 11:00:00,2021-04-08 11:00:00,2021-04-08 11:00:00,365,1
760,2021-04-09 11:00:00,Decision Tree,11,0.4552321870963551,0.4638422898518705,2020-04-09 11:00:00,2021-04-09 11:00:00,2021-04-09 11:00:00,365,1
761,2021-04-09 11:00:00,Random Forest,11,0.4552321870963551,0.4595404003311961,2020-04-09 11:00:00,2021-04-09 11:00:00,2021-04-09 11:00:00,365,1
762,2021-04-09 11:00:00,Neural Network,11,0.4552321870963551,-0.06363124473074092,2020-04-09 11:00:00,2021-04-09 11:00:00,2021-04-09 11:00:00,365,1
763,2021-04-09 11:00:00,Naive,11,0.4552321870963551,1.2879143846296013,2020-04-09 11:00:00,2021-04-09 11:00:00,2021-04-09 11:00:00,365,1
764,2021-04-10 11:00:00,Decision Tree,11,1.3818755432352336,1.3619126504118186,2020-04-10 11:00:00,2021-04-10 11:00:00,2021-04-10 11:00:00,365,1
765,2021-04-10 11:00:00,Random Forest,11,1.3818755432352336,1.392871878842513,2020-04-10 11:00:00,2021-04-10 11:00:00,2021-04-10 11:00:00,365,1
766,2021-04-10 11:00:00,Neural Network,11,1.3818755432352336,1.023068390980167,2020-04-10 11:00:00,2021-04-10 11:00:00,2021-04-10 11:00:00,365,1
767,2021-04-10 11:00:00,Naive,11,1.3818755432352336,0.4552321870963551,2020-04-10 11:00:00,2021-04-10 11:00:00,2021-04-10 11:00:00,365,1
768,2021-04-11 11:00:00,Decision Tree,11,0.7959953549453868,0.7923701523754252,2020-04-11 11:00:00,2021-04-11 11:00:00,2021-04-11 11:00:00,365,1
769,2021-04-11 11:00:00,Random Forest,11,0.7959953549453868,0.7628923791744792,2020-04-11 11:00:00,2021-04-11 11:00:00,2021-04-11 11:00:00,365,1
770,2021-04-11 11:00:00,Neural Network,11,0.7959953549453868,0.44983340661736676,2020-04-11 11:00:00,2021-04-11 11:00:00,2021-04-11 11:00:00,365,1
771,2021-04-11 11:00:00,Naive,11,0.7959953549453868,1.3818755432352336,2020-04-11 11:00:00,2021-04-11 11:00:00,2021-04-11 11:00:00,365,1
772,2021-04-12 11:00:00,Decision Tree,11,1.5542045484540383,1.4792652566981097,2020-04-12 11:00:00,2021-04-12 11:00:00,2021-04-12 11:00:00,365,1
773,2021-04-12 11:00:00,Random Forest,11,1.5542045484540383,1.5235068070515605,2020-04-12 11:00:00,2021-04-12 11:00:00,2021-04-12 11:00:00,365,1
774,2021-04-12 11:00:00,Neural Network,11,1.5542045484540383,1.5836991925553419,2020-04-12 11:00:00,2021-04-12 11:00:00,2021-04-12 11:00:00,365,1
775,2021-04-12 11:00:00,Naive,11,1.5542045484540383,0.7959953549453868,2020-04-12 11:00:00,2021-04-12 11:00:00,2021-04-12 11:00:00,365,1
776,2021-04-13 11:00:00,Decision Tree,11,0.7325976497199648,0.7106829187824075,2020-04-13 11:00:00,2021-04-13 11:00:00,2021-04-13 11:00:00,365,1
777,2021-04-13 11:00:00,Random Forest,11,0.7325976497199648,0.7367229422330152,2020-04-13 11:00:00,2021-04-13 11:00:00,2021-04-13 11:00:00,365,1
778,2021-04-13 11:00:00,Neural Network,11,0.7325976497199648,0.6882423446484163,2020-04-13 11:00:00,2021-04-13 11:00:00,2021-04-13 11:00:00,365,1
779,2021-04-13 11:00:00,Naive,11,0.7325976497199648,1.5542045484540383,2020-04-13 11:00:00,2021-04-13 11:00:00,2021-04-13 11:00:00,365,1
780,2021-04-14 11:00:00,Decision Tree,11,1.4070092647334405,1.364764492243735,2020-04-14 11:00:00,2021-04-14 11:00:00,2021-04-14 11:00:00,365,1
781,2021-04-14 11:00:00,Random Forest,11,1.4070092647334405,1.4537547557694928,2020-04-14 11:00:00,2021-04-14 11:00:00,2021-04-14 11:00:00,365,1
782,2021-04-14 11:00:00,Neural Network,11,1.4070092647334405,1.3861722405295922,2020-04-14 11:00:00,2021-04-14 11:00:00,2021-04-14 11:00:00,365,1
783,2021-04-14 11:00:00,Naive,11,1.4070092647334405,0.7325976497199648,2020-04-14 11:00:00,2021-04-14 11:00:00,2021-04-14 11:00:00,365,1
784,2021-04-15 11:00:00,Decision Tree,11,1.4723085014640795,1.5254779567597805,2020-04-15 11:00:00,2021-04-15 11:00:00,2021-04-15 11:00:00,365,1
785,2021-04-15 11:00:00,Random Forest,11,1.4723085014640795,1.5008039759895004,2020-04-15 11:00:00,2021-04-15 11:00:00,2021-04-15 11:00:00,365,1
786,2021-04-15 11:00:00,Neural Network,11,1.4723085014640795,1.5325469575849604,2020-04-15 11:00:00,2021-04-15 11:00:00,2021-04-15 11:00:00,365,1
787,2021-04-15 11:00:00,Naive,11,1.4723085014640795,1.4070092647334405,2020-04-15 11:00:00,2021-04-15 11:00:00,2021-04-15 11:00:00,365,1
788,2021-04-16 11:00:00,Decision Tree,11,1.321866419318963,1.3629308877336417,2020-04-16 11:00:00,2021-04-16 11:00:00,2021-04-16 11:00:00,365,1
789,2021-04-16 11:00:00,Random Forest,11,1.321866419318963,1.3805568978282758,2020-04-16 11:00:00,2021-04-16 11:00:00,2021-04-16 11:00:00,365,1
790,2021-04-16 11:00:00,Neural Network,11,1.321866419318963,1.2989682765160862,2020-04-16 11:00:00,2021-04-16 11:00:00,2021-04-16 11:00:00,365,1
791,2021-04-16 11:00:00,Naive,11,1.321866419318963,1.4723085014640795,2020-04-16 11:00:00,2021-04-16 11:00:00,2021-04-16 11:00:00,365,1
792,2021-04-17 11:00:00,Decision Tree,11,1.2048886178142526,1.2342796992365577,2020-04-17 11:00:00,2021-04-17 11:00:00,2021-04-17 11:00:00,365,1
793,2021-04-17 11:00:00,Random Forest,11,1.2048886178142526,1.2274091428487552,2020-04-17 11:00:00,2021-04-17 11:00:00,2021-04-17 11:00:00,365,1
794,2021-04-17 11:00:00,Neural Network,11,1.2048886178142526,1.056813232885955,2020-04-17 11:00:00,2021-04-17 11:00:00,2021-04-17 11:00:00,365,1
795,2021-04-17 11:00:00,Naive,11,1.2048886178142526,1.321866419318963,2020-04-17 11:00:00,2021-04-17 11:00:00,2021-04-17 11:00:00,365,1
796,2021-04-18 11:00:00,Decision Tree,11,1.2142258345203054,1.2300809733190854,2020-04-18 11:00:00,2021-04-18 11:00:00,2021-04-18 11:00:00,365,1
797,2021-04-18 11:00:00,Random Forest,11,1.2142258345203054,1.2383332618657024,2020-04-18 11:00:00,2021-04-18 11:00:00,2021-04-18 11:00:00,365,1
798,2021-04-18 11:00:00,Neural Network,11,1.2142258345203054,1.0933044716184652,2020-04-18 11:00:00,2021-04-18 11:00:00,2021-04-18 11:00:00,365,1
799,2021-04-18 11:00:00,Naive,11,1.2142258345203054,1.2048886178142526,2020-04-18 11:00:00,2021-04-18 11:00:00,2021-04-18 11:00:00,365,1
800,2021-04-19 11:00:00,Decision Tree,11,1.7697083431658016,1.8183583025835846,2020-04-19 11:00:00,2021-04-19 11:00:00,2021-04-19 11:00:00,365,1
801,2021-04-19 11:00:00,Random Forest,11,1.7697083431658016,1.8245428729065145,2020-04-19 11:00:00,2021-04-19 11:00:00,2021-04-19 11:00:00,365,1
802,2021-04-19 11:00:00,Neural Network,11,1.7697083431658016,1.7058860266299551,2020-04-19 11:00:00,2021-04-19 11:00:00,2021-04-19 11:00:00,365,1
803,2021-04-19 11:00:00,Naive,11,1.7697083431658016,1.2142258345203054,2020-04-19 11:00:00,2021-04-19 11:00:00,2021-04-19 11:00:00,365,1
804,2021-04-20 11:00:00,Decision Tree,11,1.4025224989955343,1.4515886332787609,2020-04-20 11:00:00,2021-04-20 11:00:00,2021-04-20 11:00:00,365,1
805,2021-04-20 11:00:00,Random Forest,11,1.4025224989955343,1.4648458033508407,2020-04-20 11:00:00,2021-04-20 11:00:00,2021-04-20 11:00:00,365,1
806,2021-04-20 11:00:00,Neural Network,11,1.4025224989955343,1.4926559043632959,2020-04-20 11:00:00,2021-04-20 11:00:00,2021-04-20 11:00:00,365,1
807,2021-04-20 11:00:00,Naive,11,1.4025224989955343,1.7697083431658016,2020-04-20 11:00:00,2021-04-20 11:00:00,2021-04-20 11:00:00,365,1
808,2021-04-21 11:00:00,Decision Tree,11,1.238747325018902,1.3141127535796138,2020-04-21 11:00:00,2021-04-21 11:00:00,2021-04-21 11:00:00,365,1
809,2021-04-21 11:00:00,Random Forest,11,1.238747325018902,1.3119228875878597,2020-04-21 11:00:00,2021-04-21 11:00:00,2021-04-21 11:00:00,365,1
810,2021-04-21 11:00:00,Neural Network,11,1.238747325018902,0.9626637832753205,2020-04-21 11:00:00,2021-04-21 11:00:00,2021-04-21 11:00:00,365,1
811,2021-04-21 11:00:00,Naive,11,1.238747325018902,1.4025224989955343,2020-04-21 11:00:00,2021-04-21 11:00:00,2021-04-21 11:00:00,365,1
812,2021-04-22 11:00:00,Decision Tree,11,-0.4801826595183165,-0.47807731734189945,2020-04-22 11:00:00,2021-04-22 11:00:00,2021-04-22 11:00:00,365,1
813,2021-04-22 11:00:00,Random Forest,11,-0.4801826595183165,-0.4790167861533712,2020-04-22 11:00:00,2021-04-22 11:00:00,2021-04-22 11:00:00,365,1
814,2021-04-22 11:00:00,Neural Network,11,-0.4801826595183165,-0.4710551111847133,2020-04-22 11:00:00,2021-04-22 11:00:00,2021-04-22 11:00:00,365,1
815,2021-04-22 11:00:00,Naive,11,-0.4801826595183165,1.238747325018902,2020-04-22 11:00:00,2021-04-22 11:00:00,2021-04-22 11:00:00,365,1
816,2021-04-23 11:00:00,Decision Tree,11,0.9324550388954862,0.993833568061396,2020-04-23 11:00:00,2021-04-23 11:00:00,2021-04-23 11:00:00,365,1
817,2021-04-23 11:00:00,Random Forest,11,0.9324550388954862,0.9889802900582104,2020-04-23 11:00:00,2021-04-23 11:00:00,2021-04-23 11:00:00,365,1
818,2021-04-23 11:00:00,Neural Network,11,0.9324550388954862,0.5117758711624624,2020-04-23 11:00:00,2021-04-23 11:00:00,2021-04-23 11:00:00,365,1
819,2021-04-23 11:00:00,Naive,11,0.9324550388954862,-0.4801826595183165,2020-04-23 11:00:00,2021-04-23 11:00:00,2021-04-23 11:00:00,365,1
820,2021-04-24 11:00:00,Decision Tree,11,0.7812658505348603,0.7869182380866188,2020-04-24 11:00:00,2021-04-24 11:00:00,2021-04-24 11:00:00,365,1
821,2021-04-24 11:00:00,Random Forest,11,0.7812658505348603,0.7646836791545087,2020-04-24 11:00:00,2021-04-24 11:00:00,2021-04-24 11:00:00,365,1
822,2021-04-24 11:00:00,Neural Network,11,0.7812658505348603,0.4911655956969122,2020-04-24 11:00:00,2021-04-24 11:00:00,2021-04-24 11:00:00,365,1
823,2021-04-24 11:00:00,Naive,11,0.7812658505348603,0.9324550388954862,2020-04-24 11:00:00,2021-04-24 11:00:00,2021-04-24 11:00:00,365,1
824,2021-04-25 11:00:00,Decision Tree,11,-1.1737297895321328,-1.1714800296047472,2020-04-25 11:00:00,2021-04-25 11:00:00,2021-04-25 11:00:00,365,1
825,2021-04-25 11:00:00,Random Forest,11,-1.1737297895321328,-1.1484587952970817,2020-04-25 11:00:00,2021-04-25 11:00:00,2021-04-25 11:00:00,365,1
826,2021-04-25 11:00:00,Neural Network,11,-1.1737297895321328,-0.8565322319875429,2020-04-25 11:00:00,2021-04-25 11:00:00,2021-04-25 11:00:00,365,1
827,2021-04-25 11:00:00,Naive,11,-1.1737297895321328,0.7812658505348603,2020-04-25 11:00:00,2021-04-25 11:00:00,2021-04-25 11:00:00,365,1
828,2021-04-26 11:00:00,Decision Tree,11,0.938798211592856,0.9415799893914617,2020-04-26 11:00:00,2021-04-26 11:00:00,2021-04-26 11:00:00,365,1
829,2021-04-26 11:00:00,Random Forest,11,0.938798211592856,0.9491316355599912,2020-04-26 11:00:00,2021-04-26 11:00:00,2021-04-26 11:00:00,365,1
830,2021-04-26 11:00:00,Neural Network,11,0.938798211592856,0.893299024203978,2020-04-26 11:00:00,2021-04-26 11:00:00,2021-04-26 11:00:00,365,1
831,2021-04-26 11:00:00,Naive,11,0.938798211592856,-1.1737297895321328,2020-04-26 11:00:00,2021-04-26 11:00:00,2021-04-26 11:00:00,365,1
832,2021-04-27 11:00:00,Decision Tree,11,0.8816056840291113,0.936025090016216,2020-04-27 11:00:00,2021-04-27 11:00:00,2021-04-27 11:00:00,365,1
833,2021-04-27 11:00:00,Random Forest,11,0.8816056840291113,0.9354965031289308,2020-04-27 11:00:00,2021-04-27 11:00:00,2021-04-27 11:00:00,365,1
834,2021-04-27 11:00:00,Neural Network,11,0.8816056840291113,0.7611555478746784,2020-04-27 11:00:00,2021-04-27 11:00:00,2021-04-27 11:00:00,365,1
835,2021-04-27 11:00:00,Naive,11,0.8816056840291113,0.938798211592856,2020-04-27 11:00:00,2021-04-27 11:00:00,2021-04-27 11:00:00,365,1
836,2021-04-28 11:00:00,Decision Tree,11,0.9516276996132818,0.9360250900162159,2020-04-28 11:00:00,2021-04-28 11:00:00,2021-04-28 11:00:00,365,1
837,2021-04-28 11:00:00,Random Forest,11,0.9516276996132818,0.9628994563672025,2020-04-28 11:00:00,2021-04-28 11:00:00,2021-04-28 11:00:00,365,1
838,2021-04-28 11:00:00,Neural Network,11,0.9516276996132818,1.0104177795885412,2020-04-28 11:00:00,2021-04-28 11:00:00,2021-04-28 11:00:00,365,1
839,2021-04-28 11:00:00,Naive,11,0.9516276996132818,0.8816056840291113,2020-04-28 11:00:00,2021-04-28 11:00:00,2021-04-28 11:00:00,365,1
840,2021-04-29 11:00:00,Decision Tree,11,1.246992862347662,1.305738817072868,2020-04-29 11:00:00,2021-04-29 11:00:00,2021-04-29 11:00:00,365,1
841,2021-04-29 11:00:00,Random Forest,11,1.246992862347662,1.3103766243751966,2020-04-29 11:00:00,2021-04-29 11:00:00,2021-04-29 11:00:00,365,1
842,2021-04-29 11:00:00,Neural Network,11,1.246992862347662,1.1284889109019682,2020-04-29 11:00:00,2021-04-29 11:00:00,2021-04-29 11:00:00,365,1
843,2021-04-29 11:00:00,Naive,11,1.246992862347662,0.9516276996132818,2020-04-29 11:00:00,2021-04-29 11:00:00,2021-04-29 11:00:00,365,1
844,2021-04-30 11:00:00,Decision Tree,11,1.7044944038223853,1.811408308381044,2020-04-30 11:00:00,2021-04-30 11:00:00,2021-04-30 11:00:00,365,1
845,2021-04-30 11:00:00,Random Forest,11,1.7044944038223853,1.8142562657989587,2020-04-30 11:00:00,2021-04-30 11:00:00,2021-04-30 11:00:00,365,1
846,2021-04-30 11:00:00,Neural Network,11,1.7044944038223853,1.7503810857209752,2020-04-30 11:00:00,2021-04-30 11:00:00,2021-04-30 11:00:00,365,1
847,2021-04-30 11:00:00,Naive,11,1.7044944038223853,1.246992862347662,2020-04-30 11:00:00,2021-04-30 11:00:00,2021-04-30 11:00:00,365,1
848,2021-05-01 11:00:00,Decision Tree,11,1.0318811570053403,1.0890864934418365,2020-05-01 11:00:00,2021-05-01 11:00:00,2021-05-01 11:00:00,365,1
849,2021-05-01 11:00:00,Random Forest,11,1.0318811570053403,1.0478905991746656,2020-05-01 11:00:00,2021-05-01 11:00:00,2021-05-01 11:00:00,365,1
850,2021-05-01 11:00:00,Neural Network,11,1.0318811570053403,0.43809794736422203,2020-05-01 11:00:00,2021-05-01 11:00:00,2021-05-01 11:00:00,365,1
851,2021-05-01 11:00:00,Naive,11,1.0318811570053403,1.7044944038223853,2020-05-01 11:00:00,2021-05-01 11:00:00,2021-05-01 11:00:00,365,1
852,2021-05-02 11:00:00,Decision Tree,11,0.6611030555118417,0.6913704672557984,2020-05-02 11:00:00,2021-05-02 11:00:00,2021-05-02 11:00:00,365,1
853,2021-05-02 11:00:00,Random Forest,11,0.6611030555118417,0.6974860308484682,2020-05-02 11:00:00,2021-05-02 11:00:00,2021-05-02 11:00:00,365,1
854,2021-05-02 11:00:00,Neural Network,11,0.6611030555118417,0.2935533161012305,2020-05-02 11:00:00,2021-05-02 11:00:00,2021-05-02 11:00:00,365,1
855,2021-05-02 11:00:00,Naive,11,0.6611030555118417,1.0318811570053403,2020-05-02 11:00:00,2021-05-02 11:00:00,2021-05-02 11:00:00,365,1
856,2021-05-03 11:00:00,Decision Tree,11,1.183277555132569,1.279789073327049,2020-05-03 11:00:00,2021-05-03 11:00:00,2021-05-03 11:00:00,365,1
857,2021-05-03 11:00:00,Random Forest,11,1.183277555132569,1.262208154272525,2020-05-03 11:00:00,2021-05-03 11:00:00,2021-05-03 11:00:00,365,1
858,2021-05-03 11:00:00,Neural Network,11,1.183277555132569,0.9506032699581757,2020-05-03 11:00:00,2021-05-03 11:00:00,2021-05-03 11:00:00,365,1
859,2021-05-03 11:00:00,Naive,11,1.183277555132569,0.6611030555118417,2020-05-03 11:00:00,2021-05-03 11:00:00,2021-05-03 11:00:00,365,1
860,2021-05-04 11:00:00,Decision Tree,11,-0.21033848775732142,-0.24117960004227482,2020-05-04 11:00:00,2021-05-04 11:00:00,2021-05-04 11:00:00,365,1
861,2021-05-04 11:00:00,Random Forest,11,-0.21033848775732142,-0.22548444151225325,2020-05-04 11:00:00,2021-05-04 11:00:00,2021-05-04 11:00:00,365,1
862,2021-05-04 11:00:00,Neural Network,11,-0.21033848775732142,-0.3601055672590795,2020-05-04 11:00:00,2021-05-04 11:00:00,2021-05-04 11:00:00,365,1
863,2021-05-04 11:00:00,Naive,11,-0.21033848775732142,1.183277555132569,2020-05-04 11:00:00,2021-05-04 11:00:00,2021-05-04 11:00:00,365,1
864,2021-05-05 11:00:00,Decision Tree,11,0.1321417229467378,0.1633809939399164,2020-05-05 11:00:00,2021-05-05 11:00:00,2021-05-05 11:00:00,365,1
865,2021-05-05 11:00:00,Random Forest,11,0.1321417229467378,0.16085221545575745,2020-05-05 11:00:00,2021-05-05 11:00:00,2021-05-05 11:00:00,365,1
866,2021-05-05 11:00:00,Neural Network,11,0.1321417229467378,0.01976216458520927,2020-05-05 11:00:00,2021-05-05 11:00:00,2021-05-05 11:00:00,365,1
867,2021-05-05 11:00:00,Naive,11,0.1321417229467378,-0.21033848775732142,2020-05-05 11:00:00,2021-05-05 11:00:00,2021-05-05 11:00:00,365,1
868,2021-05-06 11:00:00,Decision Tree,11,1.0942113026376692,1.2022580384669013,2020-05-06 11:00:00,2021-05-06 11:00:00,2021-05-06 11:00:00,365,1
869,2021-05-06 11:00:00,Random Forest,11,1.0942113026376692,1.195580966119984,2020-05-06 11:00:00,2021-05-06 11:00:00,2021-05-06 11:00:00,365,1
870,2021-05-06 11:00:00,Neural Network,11,1.0942113026376692,1.04341281604912,2020-05-06 11:00:00,2021-05-06 11:00:00,2021-05-06 11:00:00,365,1
871,2021-05-06 11:00:00,Naive,11,1.0942113026376692,0.1321417229467378,2020-05-06 11:00:00,2021-05-06 11:00:00,2021-05-06 11:00:00,365,1
872,2021-05-07 11:00:00,Decision Tree,11,1.7685875391755164,1.7980440703112117,2020-05-07 11:00:00,2021-05-07 11:00:00,2021-05-07 11:00:00,365,1
873,2021-05-07 11:00:00,Random Forest,11,1.7685875391755164,1.8315861287294588,2020-05-07 11:00:00,2021-05-07 11:00:00,2021-05-07 11:00:00,365,1
874,2021-05-07 11:00:00,Neural Network,11,1.7685875391755164,1.6820241723586533,2020-05-07 11:00:00,2021-05-07 11:00:00,2021-05-07 11:00:00,365,1
875,2021-05-07 11:00:00,Naive,11,1.7685875391755164,1.0942113026376692,2020-05-07 11:00:00,2021-05-07 11:00:00,2021-05-07 11:00:00,365,1
876,2021-05-08 11:00:00,Decision Tree,11,0.3396779649056833,0.35863632159868614,2020-05-08 11:00:00,2021-05-08 11:00:00,2021-05-08 11:00:00,365,1
877,2021-05-08 11:00:00,Random Forest,11,0.3396779649056833,0.35742735318515473,2020-05-08 11:00:00,2021-05-08 11:00:00,2021-05-08 11:00:00,365,1
878,2021-05-08 11:00:00,Neural Network,11,0.3396779649056833,0.07978822520374312,2020-05-08 11:00:00,2021-05-08 11:00:00,2021-05-08 11:00:00,365,1
879,2021-05-08 11:00:00,Naive,11,0.3396779649056833,1.7685875391755164,2020-05-08 11:00:00,2021-05-08 11:00:00,2021-05-08 11:00:00,365,1
880,2021-05-09 11:00:00,Decision Tree,11,-1.8953862354484072,-2.1384729737291828,2020-05-09 11:00:00,2021-05-09 11:00:00,2021-05-09 11:00:00,365,1
881,2021-05-09 11:00:00,Random Forest,11,-1.8953862354484072,-1.9736742425053262,2020-05-09 11:00:00,2021-05-09 11:00:00,2021-05-09 11:00:00,365,1
882,2021-05-09 11:00:00,Neural Network,11,-1.8953862354484072,-1.9813431781891988,2020-05-09 11:00:00,2021-05-09 11:00:00,2021-05-09 11:00:00,365,1
883,2021-05-09 11:00:00,Naive,11,-1.8953862354484072,0.3396779649056833,2020-05-09 11:00:00,2021-05-09 11:00:00,2021-05-09 11:00:00,365,1
884,2021-05-10 11:00:00,Decision Tree,11,0.6929399740610739,0.7641366928528022,2020-05-10 11:00:00,2021-05-10 11:00:00,2021-05-10 11:00:00,365,1
885,2021-05-10 11:00:00,Random Forest,11,0.6929399740610739,0.7260591188105531,2020-05-10 11:00:00,2021-05-10 11:00:00,2021-05-10 11:00:00,365,1
886,2021-05-10 11:00:00,Neural Network,11,0.6929399740610739,0.671743629987013,2020-05-10 11:00:00,2021-05-10 11:00:00,2021-05-10 11:00:00,365,1
887,2021-05-10 11:00:00,Naive,11,0.6929399740610739,-1.8953862354484072,2020-05-10 11:00:00,2021-05-10 11:00:00,2021-05-10 11:00:00,365,1
888,2021-05-11 11:00:00,Decision Tree,11,1.7749375155397966,1.7947711224072453,2020-05-11 11:00:00,2021-05-11 11:00:00,2021-05-11 11:00:00,365,1
889,2021-05-11 11:00:00,Random Forest,11,1.7749375155397966,1.7949401960920541,2020-05-11 11:00:00,2021-05-11 11:00:00,2021-05-11 11:00:00,365,1
890,2021-05-11 11:00:00,Neural Network,11,1.7749375155397966,1.9009033315232937,2020-05-11 11:00:00,2021-05-11 11:00:00,2021-05-11 11:00:00,365,1
891,2021-05-11 11:00:00,Naive,11,1.7749375155397966,0.6929399740610739,2020-05-11 11:00:00,2021-05-11 11:00:00,2021-05-11 11:00:00,365,1
892,2021-05-12 11:00:00,Decision Tree,11,1.6828741022855362,1.7667203682932908,2020-05-12 11:00:00,2021-05-12 11:00:00,2021-05-12 11:00:00,365,1
893,2021-05-12 11:00:00,Random Forest,11,1.6828741022855362,1.7745816171699478,2020-05-12 11:00:00,2021-05-12 11:00:00,2021-05-12 11:00:00,365,1
894,2021-05-12 11:00:00,Neural Network,11,1.6828741022855362,1.744152977407313,2020-05-12 11:00:00,2021-05-12 11:00:00,2021-05-12 11:00:00,365,1
895,2021-05-12 11:00:00,Naive,11,1.6828741022855362,1.7749375155397966,2020-05-12 11:00:00,2021-05-12 11:00:00,2021-05-12 11:00:00,365,1
896,2021-05-13 11:00:00,Decision Tree,11,1.1954885562100652,1.3004153874613062,2020-05-13 11:00:00,2021-05-13 11:00:00,2021-05-13 11:00:00,365,1
897,2021-05-13 11:00:00,Random Forest,11,1.1954885562100652,1.2732286728693472,2020-05-13 11:00:00,2021-05-13 11:00:00,2021-05-13 11:00:00,365,1
898,2021-05-13 11:00:00,Neural Network,11,1.1954885562100652,0.8375512405648182,2020-05-13 11:00:00,2021-05-13 11:00:00,2021-05-13 11:00:00,365,1
899,2021-05-13 11:00:00,Naive,11,1.1954885562100652,1.6828741022855362,2020-05-13 11:00:00,2021-05-13 11:00:00,2021-05-13 11:00:00,365,1
900,2021-05-14 11:00:00,Decision Tree,11,1.5016422499208644,1.4990362053817672,2020-05-14 11:00:00,2021-05-14 11:00:00,2021-05-14 11:00:00,365,1
901,2021-05-14 11:00:00,Random Forest,11,1.5016422499208644,1.5321349963217767,2020-05-14 11:00:00,2021-05-14 11:00:00,2021-05-14 11:00:00,365,1
902,2021-05-14 11:00:00,Neural Network,11,1.5016422499208644,1.2098013882101182,2020-05-14 11:00:00,2021-05-14 11:00:00,2021-05-14 11:00:00,365,1
903,2021-05-14 11:00:00,Naive,11,1.5016422499208644,1.1954885562100652,2020-05-14 11:00:00,2021-05-14 11:00:00,2021-05-14 11:00:00,365,1
904,2021-05-15 11:00:00,Decision Tree,11,0.9884408189204298,1.0214583904894314,2020-05-15 11:00:00,2021-05-15 11:00:00,2021-05-15 11:00:00,365,1
905,2021-05-15 11:00:00,Random Forest,11,0.9884408189204298,1.021459743116761,2020-05-15 11:00:00,2021-05-15 11:00:00,2021-05-15 11:00:00,365,1
906,2021-05-15 11:00:00,Neural Network,11,0.9884408189204298,0.92319798494116,2020-05-15 11:00:00,2021-05-15 11:00:00,2021-05-15 11:00:00,365,1
907,2021-05-15 11:00:00,Naive,11,0.9884408189204298,1.5016422499208644,2020-05-15 11:00:00,2021-05-15 11:00:00,2021-05-15 11:00:00,365,1
908,2021-05-16 11:00:00,Decision Tree,11,-0.45640542543088863,-0.47518698270616017,2020-05-16 11:00:00,2021-05-16 11:00:00,2021-05-16 11:00:00,365,1
909,2021-05-16 11:00:00,Random Forest,11,-0.45640542543088863,-0.4718136495807178,2020-05-16 11:00:00,2021-05-16 11:00:00,2021-05-16 11:00:00,365,1
910,2021-05-16 11:00:00,Neural Network,11,-0.45640542543088863,-0.13845889932756833,2020-05-16 11:00:00,2021-05-16 11:00:00,2021-05-16 11:00:00,365,1
911,2021-05-16 11:00:00,Naive,11,-0.45640542543088863,0.9884408189204298,2020-05-16 11:00:00,2021-05-16 11:00:00,2021-05-16 11:00:00,365,1
912,2021-05-17 11:00:00,Decision Tree,11,1.855007184648653,1.7401203807978074,2020-05-17 11:00:00,2021-05-17 11:00:00,2021-05-17 11:00:00,365,1
913,2021-05-17 11:00:00,Random Forest,11,1.855007184648653,1.7890255430465463,2020-05-17 11:00:00,2021-05-17 11:00:00,2021-05-17 11:00:00,365,1
914,2021-05-17 11:00:00,Neural Network,11,1.855007184648653,2.069219325052897,2020-05-17 11:00:00,2021-05-17 11:00:00,2021-05-17 11:00:00,365,1
915,2021-05-17 11:00:00,Naive,11,1.855007184648653,-0.45640542543088863,2020-05-17 11:00:00,2021-05-17 11:00:00,2021-05-17 11:00:00,365,1
916,2021-05-18 11:00:00,Decision Tree,11,1.8130103616262374,1.815341801521107,2020-05-18 11:00:00,2021-05-18 11:00:00,2021-05-18 11:00:00,365,1
917,2021-05-18 11:00:00,Random Forest,11,1.8130103616262374,1.8170246402296069,2020-05-18 11:00:00,2021-05-18 11:00:00,2021-05-18 11:00:00,365,1
918,2021-05-18 11:00:00,Neural Network,11,1.8130103616262374,1.9535269104210764,2020-05-18 11:00:00,2021-05-18 11:00:00,2021-05-18 11:00:00,365,1
919,2021-05-18 11:00:00,Naive,11,1.8130103616262374,1.855007184648653,2020-05-18 11:00:00,2021-05-18 11:00:00,2021-05-18 11:00:00,365,1
920,2021-05-19 11:00:00,Decision Tree,11,1.849878955749726,1.815050371534248,2020-05-19 11:00:00,2021-05-19 11:00:00,2021-05-19 11:00:00,365,1
921,2021-05-19 11:00:00,Random Forest,11,1.849878955749726,1.8047469241027303,2020-05-19 11:00:00,2021-05-19 11:00:00,2021-05-19 11:00:00,365,1
922,2021-05-19 11:00:00,Neural Network,11,1.849878955749726,1.9443456621024393,2020-05-19 11:00:00,2021-05-19 11:00:00,2021-05-19 11:00:00,365,1
923,2021-05-19 11:00:00,Naive,11,1.849878955749726,1.8130103616262374,2020-05-19 11:00:00,2021-05-19 11:00:00,2021-05-19 11:00:00,365,1
924,2021-05-20 11:00:00,Decision Tree,11,1.5429388624739608,1.7060710118932734,2020-05-20 11:00:00,2021-05-20 11:00:00,2021-05-20 11:00:00,365,1
925,2021-05-20 11:00:00,Random Forest,11,1.5429388624739608,1.5934120083203511,2020-05-20 11:00:00,2021-05-20 11:00:00,2021-05-20 11:00:00,365,1
926,2021-05-20 11:00:00,Neural Network,11,1.5429388624739608,1.5362583005763968,2020-05-20 11:00:00,2021-05-20 11:00:00,2021-05-20 11:00:00,365,1
927,2021-05-20 11:00:00,Naive,11,1.5429388624739608,1.849878955749726,2020-05-20 11:00:00,2021-05-20 11:00:00,2021-05-20 11:00:00,365,1
928,2021-05-21 11:00:00,Decision Tree,11,-0.8292987580239813,-0.9092366396264552,2020-05-21 11:00:00,2021-05-21 11:00:00,2021-05-21 11:00:00,365,1
929,2021-05-21 11:00:00,Random Forest,11,-0.8292987580239813,-0.85851996013348,2020-05-21 11:00:00,2021-05-21 11:00:00,2021-05-21 11:00:00,365,1
930,2021-05-21 11:00:00,Neural Network,11,-0.8292987580239813,-0.8759569838960752,2020-05-21 11:00:00,2021-05-21 11:00:00,2021-05-21 11:00:00,365,1
931,2021-05-21 11:00:00,Naive,11,-0.8292987580239813,1.5429388624739608,2020-05-21 11:00:00,2021-05-21 11:00:00,2021-05-21 11:00:00,365,1
932,2021-05-22 11:00:00,Decision Tree,11,-2.4576369262100095,-2.097958517349053,2020-05-22 11:00:00,2021-05-22 11:00:00,2021-05-22 11:00:00,365,1
933,2021-05-22 11:00:00,Random Forest,11,-2.4576369262100095,-2.161458310596691,2020-05-22 11:00:00,2021-05-22 11:00:00,2021-05-22 11:00:00,365,1
934,2021-05-22 11:00:00,Neural Network,11,-2.4576369262100095,-2.366775297404071,2020-05-22 11:00:00,2021-05-22 11:00:00,2021-05-22 11:00:00,365,1
935,2021-05-22 11:00:00,Naive,11,-2.4576369262100095,-0.8292987580239813,2020-05-22 11:00:00,2021-05-22 11:00:00,2021-05-22 11:00:00,365,1
936,2021-05-23 11:00:00,Decision Tree,11,-1.547691394516034,-1.525929080605019,2020-05-23 11:00:00,2021-05-23 11:00:00,2021-05-23 11:00:00,365,1
937,2021-05-23 11:00:00,Random Forest,11,-1.547691394516034,-1.6136949747439702,2020-05-23 11:00:00,2021-05-23 11:00:00,2021-05-23 11:00:00,365,1
938,2021-05-23 11:00:00,Neural Network,11,-1.547691394516034,-1.3782322010119146,2020-05-23 11:00:00,2021-05-23 11:00:00,2021-05-23 11:00:00,365,1
939,2021-05-23 11:00:00,Naive,11,-1.547691394516034,-2.4576369262100095,2020-05-23 11:00:00,2021-05-23 11:00:00,2021-05-23 11:00:00,365,1
940,2021-05-24 11:00:00,Decision Tree,11,-1.6196297519950091,-1.7783022413993834,2020-05-24 11:00:00,2021-05-24 11:00:00,2021-05-24 11:00:00,365,1
941,2021-05-24 11:00:00,Random Forest,11,-1.6196297519950091,-1.6868377911462111,2020-05-24 11:00:00,2021-05-24 11:00:00,2021-05-24 11:00:00,365,1
942,2021-05-24 11:00:00,Neural Network,11,-1.6196297519950091,-1.813526905379369,2020-05-24 11:00:00,2021-05-24 11:00:00,2021-05-24 11:00:00,365,1
943,2021-05-24 11:00:00,Naive,11,-1.6196297519950091,-1.547691394516034,2020-05-24 11:00:00,2021-05-24 11:00:00,2021-05-24 11:00:00,365,1
944,2021-05-25 11:00:00,Decision Tree,11,1.3179909068949838,1.4434109442315564,2020-05-25 11:00:00,2021-05-25 11:00:00,2021-05-25 11:00:00,365,1
945,2021-05-25 11:00:00,Random Forest,11,1.3179909068949838,1.4091185912393236,2020-05-25 11:00:00,2021-05-25 11:00:00,2021-05-25 11:00:00,365,1
946,2021-05-25 11:00:00,Neural Network,11,1.3179909068949838,1.341954054633271,2020-05-25 11:00:00,2021-05-25 11:00:00,2021-05-25 11:00:00,365,1
947,2021-05-25 11:00:00,Naive,11,1.3179909068949838,-1.6196297519950091,2020-05-25 11:00:00,2021-05-25 11:00:00,2021-05-25 11:00:00,365,1
948,2021-05-26 11:00:00,Decision Tree,11,1.5751533215759135,1.7516732586982897,2020-05-26 11:00:00,2021-05-26 11:00:00,2021-05-26 11:00:00,365,1
949,2021-05-26 11:00:00,Random Forest,11,1.5751533215759135,1.7192928951641655,2020-05-26 11:00:00,2021-05-26 11:00:00,2021-05-26 11:00:00,365,1
950,2021-05-26 11:00:00,Neural Network,11,1.5751533215759135,1.7051857770422212,2020-05-26 11:00:00,2021-05-26 11:00:00,2021-05-26 11:00:00,365,1
951,2021-05-26 11:00:00,Naive,11,1.5751533215759135,1.3179909068949838,2020-05-26 11:00:00,2021-05-26 11:00:00,2021-05-26 11:00:00,365,1
952,2021-05-27 11:00:00,Decision Tree,11,1.7512200622816574,1.8189202142248568,2020-05-27 11:00:00,2021-05-27 11:00:00,2021-05-27 11:00:00,365,1
953,2021-05-27 11:00:00,Random Forest,11,1.7512200622816574,1.7960224575683423,2020-05-27 11:00:00,2021-05-27 11:00:00,2021-05-27 11:00:00,365,1
954,2021-05-27 11:00:00,Neural Network,11,1.7512200622816574,1.885281929273296,2020-05-27 11:00:00,2021-05-27 11:00:00,2021-05-27 11:00:00,365,1
955,2021-05-27 11:00:00,Naive,11,1.7512200622816574,1.5751533215759135,2020-05-27 11:00:00,2021-05-27 11:00:00,2021-05-27 11:00:00,365,1
956,2021-05-28 11:00:00,Decision Tree,11,1.7695689763102,1.7923237832999868,2020-05-28 11:00:00,2021-05-28 11:00:00,2021-05-28 11:00:00,365,1
957,2021-05-28 11:00:00,Random Forest,11,1.7695689763102,1.790176691656859,2020-05-28 11:00:00,2021-05-28 11:00:00,2021-05-28 11:00:00,365,1
958,2021-05-28 11:00:00,Neural Network,11,1.7695689763102,1.8537200612767752,2020-05-28 11:00:00,2021-05-28 11:00:00,2021-05-28 11:00:00,365,1
959,2021-05-28 11:00:00,Naive,11,1.7695689763102,1.7512200622816574,2020-05-28 11:00:00,2021-05-28 11:00:00,2021-05-28 11:00:00,365,1
960,2021-05-29 11:00:00,Decision Tree,11,0.9243477390653377,1.011299269232291,2020-05-29 11:00:00,2021-05-29 11:00:00,2021-05-29 11:00:00,365,1
961,2021-05-29 11:00:00,Random Forest,11,0.9243477390653377,0.9937510127124449,2020-05-29 11:00:00,2021-05-29 11:00:00,2021-05-29 11:00:00,365,1
962,2021-05-29 11:00:00,Neural Network,11,0.9243477390653377,0.7922488034297563,2020-05-29 11:00:00,2021-05-29 11:00:00,2021-05-29 11:00:00,365,1
963,2021-05-29 11:00:00,Naive,11,0.9243477390653377,1.7695689763102,2020-05-29 11:00:00,2021-05-29 11:00:00,2021-05-29 11:00:00,365,1
964,2021-05-30 11:00:00,Decision Tree,11,-1.3859407337578558,-1.5295561329235214,2020-05-30 11:00:00,2021-05-30 11:00:00,2021-05-30 11:00:00,365,1
965,2021-05-30 11:00:00,Random Forest,11,-1.3859407337578558,-1.4683223284310463,2020-05-30 11:00:00,2021-05-30 11:00:00,2021-05-30 11:00:00,365,1
966,2021-05-30 11:00:00,Neural Network,11,-1.3859407337578558,-0.8437277399758842,2020-05-30 11:00:00,2021-05-30 11:00:00,2021-05-30 11:00:00,365,1
967,2021-05-30 11:00:00,Naive,11,-1.3859407337578558,0.9243477390653377,2020-05-30 11:00:00,2021-05-30 11:00:00,2021-05-30 11:00:00,365,1
968,2021-05-31 11:00:00,Decision Tree,11,1.2576407365428175,1.337693244762339,2020-05-31 11:00:00,2021-05-31 11:00:00,2021-05-31 11:00:00,365,1
969,2021-05-31 11:00:00,Random Forest,11,1.2576407365428175,1.3439301594257087,2020-05-31 11:00:00,2021-05-31 11:00:00,2021-05-31 11:00:00,365,1
970,2021-05-31 11:00:00,Neural Network,11,1.2576407365428175,1.3385346707048573,2020-05-31 11:00:00,2021-05-31 11:00:00,2021-05-31 11:00:00,365,1
971,2021-05-31 11:00:00,Naive,11,1.2576407365428175,-1.3859407337578558,2020-05-31 11:00:00,2021-05-31 11:00:00,2021-05-31 11:00:00,365,1
972,2021-06-01 11:00:00,Decision Tree,11,1.267701041313928,1.2819944281064914,2020-06-01 11:00:00,2021-06-01 11:00:00,2021-06-01 11:00:00,365,1
973,2021-06-01 11:00:00,Random Forest,11,1.267701041313928,1.3036186779296854,2020-06-01 11:00:00,2021-06-01 11:00:00,2021-06-01 11:00:00,365,1
974,2021-06-01 11:00:00,Neural Network,11,1.267701041313928,1.3533975200087662,2020-06-01 11:00:00,2021-06-01 11:00:00,2021-06-01 11:00:00,365,1
975,2021-06-01 11:00:00,Naive,11,1.267701041313928,1.2576407365428175,2020-06-01 11:00:00,2021-06-01 11:00:00,2021-06-01 11:00:00,365,1
976,2021-06-02 11:00:00,Decision Tree,11,1.1246871492271788,1.2804062740184288,2020-06-02 11:00:00,2021-06-02 11:00:00,2021-06-02 11:00:00,365,1
977,2021-06-02 11:00:00,Random Forest,11,1.1246871492271788,1.2212814464193007,2020-06-02 11:00:00,2021-06-02 11:00:00,2021-06-02 11:00:00,365,1
978,2021-06-02 11:00:00,Neural Network,11,1.1246871492271788,1.029698272837336,2020-06-02 11:00:00,2021-06-02 11:00:00,2021-06-02 11:00:00,365,1
979,2021-06-02 11:00:00,Naive,11,1.1246871492271788,1.267701041313928,2020-06-02 11:00:00,2021-06-02 11:00:00,2021-06-02 11:00:00,365,1
980,2021-06-03 11:00:00,Decision Tree,11,0.8958548316119007,0.9851660342715415,2020-06-03 11:00:00,2021-06-03 11:00:00,2021-06-03 11:00:00,365,1
981,2021-06-03 11:00:00,Random Forest,11,0.8958548316119007,0.976956858629253,2020-06-03 11:00:00,2021-06-03 11:00:00,2021-06-03 11:00:00,365,1
982,2021-06-03 11:00:00,Neural Network,11,0.8958548316119007,0.672099296238285,2020-06-03 11:00:00,2021-06-03 11:00:00,2021-06-03 11:00:00,365,1
983,2021-06-03 11:00:00,Naive,11,0.8958548316119007,1.1246871492271788,2020-06-03 11:00:00,2021-06-03 11:00:00,2021-06-03 11:00:00,365,1
984,2021-06-04 11:00:00,Decision Tree,11,1.6511489486520659,1.7885313154683555,2020-06-04 11:00:00,2021-06-04 11:00:00,2021-06-04 11:00:00,365,1
985,2021-06-04 11:00:00,Random Forest,11,1.6511489486520659,1.7875453052614576,2020-06-04 11:00:00,2021-06-04 11:00:00,2021-06-04 11:00:00,365,1
986,2021-06-04 11:00:00,Neural Network,11,1.6511489486520659,1.7496859747988927,2020-06-04 11:00:00,2021-06-04 11:00:00,2021-06-04 11:00:00,365,1
987,2021-06-04 11:00:00,Naive,11,1.6511489486520659,0.8958548316119007,2020-06-04 11:00:00,2021-06-04 11:00:00,2021-06-04 11:00:00,365,1
988,2021-06-05 11:00:00,Decision Tree,11,1.140868606037494,1.280406274018429,2020-06-05 11:00:00,2021-06-05 11:00:00,2021-06-05 11:00:00,365,1
989,2021-06-05 11:00:00,Random Forest,11,1.140868606037494,1.231176476179578,2020-06-05 11:00:00,2021-06-05 11:00:00,2021-06-05 11:00:00,365,1
990,2021-06-05 11:00:00,Neural Network,11,1.140868606037494,0.9882956607076154,2020-06-05 11:00:00,2021-06-05 11:00:00,2021-06-05 11:00:00,365,1
991,2021-06-05 11:00:00,Naive,11,1.140868606037494,1.6511489486520659,2020-06-05 11:00:00,2021-06-05 11:00:00,2021-06-05 11:00:00,365,1
992,2021-06-06 11:00:00,Decision Tree,11,1.1523901194658441,1.3533051256240307,2020-06-06 11:00:00,2021-06-06 11:00:00,2021-06-06 11:00:00,365,1
993,2021-06-06 11:00:00,Random Forest,11,1.1523901194658441,1.253021888707559,2020-06-06 11:00:00,2021-06-06 11:00:00,2021-06-06 11:00:00,365,1
994,2021-06-06 11:00:00,Neural Network,11,1.1523901194658441,1.1004035733821542,2020-06-06 11:00:00,2021-06-06 11:00:00,2021-06-06 11:00:00,365,1
995,2021-06-06 11:00:00,Naive,11,1.1523901194658441,1.140868606037494,2020-06-06 11:00:00,2021-06-06 11:00:00,2021-06-06 11:00:00,365,1
996,2021-06-07 11:00:00,Decision Tree,11,1.7797528032371885,1.8117209537429793,2020-06-07 11:00:00,2021-06-07 11:00:00,2021-06-07 11:00:00,365,1
997,2021-06-07 11:00:00,Random Forest,11,1.7797528032371885,1.7611555783654642,2020-06-07 11:00:00,2021-06-07 11:00:00,2021-06-07 11:00:00,365,1
998,2021-06-07 11:00:00,Neural Network,11,1.7797528032371885,1.9093139583688121,2020-06-07 11:00:00,2021-06-07 11:00:00,2021-06-07 11:00:00,365,1
999,2021-06-07 11:00:00,Naive,11,1.7797528032371885,1.1523901194658441,2020-06-07 11:00:00,2021-06-07 11:00:00,2021-06-07 11:00:00,365,1
1000,2021-06-08 11:00:00,Decision Tree,11,1.699515729604407,1.7850716626237138,2020-06-08 11:00:00,2021-06-08 11:00:00,2021-06-08 11:00:00,365,1
1001,2021-06-08 11:00:00,Random Forest,11,1.699515729604407,1.781155370727018,2020-06-08 11:00:00,2021-06-08 11:00:00,2021-06-08 11:00:00,365,1
1002,2021-06-08 11:00:00,Neural Network,11,1.699515729604407,1.8647756708369116,2020-06-08 11:00:00,2021-06-08 11:00:00,2021-06-08 11:00:00,365,1
1003,2021-06-08 11:00:00,Naive,11,1.699515729604407,1.7797528032371885,2020-06-08 11:00:00,2021-06-08 11:00:00,2021-06-08 11:00:00,365,1
1004,2021-06-09 11:00:00,Decision Tree,11,1.566089554867127,1.72092404569637,2020-06-09 11:00:00,2021-06-09 11:00:00,2021-06-09 11:00:00,365,1
1005,2021-06-09 11:00:00,Random Forest,11,1.566089554867127,1.6990344582108514,2020-06-09 11:00:00,2021-06-09 11:00:00,2021-06-09 11:00:00,365,1
1006,2021-06-09 11:00:00,Neural Network,11,1.566089554867127,1.8098481531830897,2020-06-09 11:00:00,2021-06-09 11:00:00,2021-06-09 11:00:00,365,1
1007,2021-06-09 11:00:00,Naive,11,1.566089554867127,1.699515729604407,2020-06-09 11:00:00,2021-06-09 11:00:00,2021-06-09 11:00:00,365,1
1008,2021-06-10 11:00:00,Decision Tree,11,1.737454179715362,1.72092404569637,2020-06-10 11:00:00,2021-06-10 11:00:00,2021-06-10 11:00:00,365,1
1009,2021-06-10 11:00:00,Random Forest,11,1.737454179715362,1.728957976231851,2020-06-10 11:00:00,2021-06-10 11:00:00,2021-06-10 11:00:00,365,1
1010,2021-06-10 11:00:00,Neural Network,11,1.737454179715362,1.8897425557040788,2020-06-10 11:00:00,2021-06-10 11:00:00,2021-06-10 11:00:00,365,1
1011,2021-06-10 11:00:00,Naive,11,1.737454179715362,1.566089554867127,2020-06-10 11:00:00,2021-06-10 11:00:00,2021-06-10 11:00:00,365,1
1012,2021-06-11 11:00:00,Decision Tree,11,1.6096766313033937,1.7236790680328682,2020-06-11 11:00:00,2021-06-11 11:00:00,2021-06-11 11:00:00,365,1
1013,2021-06-11 11:00:00,Random Forest,11,1.6096766313033937,1.72018767011957,2020-06-11 11:00:00,2021-06-11 11:00:00,2021-06-11 11:00:00,365,1
1014,2021-06-11 11:00:00,Neural Network,11,1.6096766313033937,1.5922144997921373,2020-06-11 11:00:00,2021-06-11 11:00:00,2021-06-11 11:00:00,365,1
1015,2021-06-11 11:00:00,Naive,11,1.6096766313033937,1.737454179715362,2020-06-11 11:00:00,2021-06-11 11:00:00,2021-06-11 11:00:00,365,1
1016,2021-06-12 11:00:00,Decision Tree,11,-0.3357210906212408,-0.3440077381379353,2020-06-12 11:00:00,2021-06-12 11:00:00,2021-06-12 11:00:00,365,1
1017,2021-06-12 11:00:00,Random Forest,11,-0.3357210906212408,-0.3298911758522812,2020-06-12 11:00:00,2021-06-12 11:00:00,2021-06-12 11:00:00,365,1
1018,2021-06-12 11:00:00,Neural Network,11,-0.3357210906212408,-0.4147226684752653,2020-06-12 11:00:00,2021-06-12 11:00:00,2021-06-12 11:00:00,365,1
1019,2021-06-12 11:00:00,Naive,11,-0.3357210906212408,1.6096766313033937,2020-06-12 11:00:00,2021-06-12 11:00:00,2021-06-12 11:00:00,365,1
1020,2021-06-13 11:00:00,Decision Tree,11,-1.5909060174908112,-1.7017270434993486,2020-06-13 11:00:00,2021-06-13 11:00:00,2021-06-13 11:00:00,365,1
1021,2021-06-13 11:00:00,Random Forest,11,-1.5909060174908112,-1.6644429524114077,2020-06-13 11:00:00,2021-06-13 11:00:00,2021-06-13 11:00:00,365,1
1022,2021-06-13 11:00:00,Neural Network,11,-1.5909060174908112,-1.4216860343002533,2020-06-13 11:00:00,2021-06-13 11:00:00,2021-06-13 11:00:00,365,1
1023,2021-06-13 11:00:00,Naive,11,-1.5909060174908112,-0.3357210906212408,2020-06-13 11:00:00,2021-06-13 11:00:00,2021-06-13 11:00:00,365,1
1024,2021-06-14 11:00:00,Decision Tree,11,1.257314222574041,1.2970697664454933,2020-06-14 11:00:00,2021-06-14 11:00:00,2021-06-14 11:00:00,365,1
1025,2021-06-14 11:00:00,Random Forest,11,1.257314222574041,1.319270930642894,2020-06-14 11:00:00,2021-06-14 11:00:00,2021-06-14 11:00:00,365,1
1026,2021-06-14 11:00:00,Neural Network,11,1.257314222574041,1.24771746461874,2020-06-14 11:00:00,2021-06-14 11:00:00,2021-06-14 11:00:00,365,1
1027,2021-06-14 11:00:00,Naive,11,1.257314222574041,-1.5909060174908112,2020-06-14 11:00:00,2021-06-14 11:00:00,2021-06-14 11:00:00,365,1
1028,2021-06-15 11:00:00,Decision Tree,11,1.7669741126964784,1.816551161516257,2020-06-15 11:00:00,2021-06-15 11:00:00,2021-06-15 11:00:00,365,1
1029,2021-06-15 11:00:00,Random Forest,11,1.7669741126964784,1.7566030122550682,2020-06-15 11:00:00,2021-06-15 11:00:00,2021-06-15 11:00:00,365,1
1030,2021-06-15 11:00:00,Neural Network,11,1.7669741126964784,1.9077012059620693,2020-06-15 11:00:00,2021-06-15 11:00:00,2021-06-15 11:00:00,365,1
1031,2021-06-15 11:00:00,Naive,11,1.7669741126964784,1.257314222574041,2020-06-15 11:00:00,2021-06-15 11:00:00,2021-06-15 11:00:00,365,1
1032,2021-06-16 11:00:00,Decision Tree,11,1.6876676502385806,1.7813398678126449,2020-06-16 11:00:00,2021-06-16 11:00:00,2021-06-16 11:00:00,365,1
1033,2021-06-16 11:00:00,Random Forest,11,1.6876676502385806,1.7518206899403883,2020-06-16 11:00:00,2021-06-16 11:00:00,2021-06-16 11:00:00,365,1
1034,2021-06-16 11:00:00,Neural Network,11,1.6876676502385806,1.8038460047313107,2020-06-16 11:00:00,2021-06-16 11:00:00,2021-06-16 11:00:00,365,1
1035,2021-06-16 11:00:00,Naive,11,1.6876676502385806,1.7669741126964784,2020-06-16 11:00:00,2021-06-16 11:00:00,2021-06-16 11:00:00,365,1
1036,2021-06-17 11:00:00,Decision Tree,11,1.4259805108568144,1.548005707458381,2020-06-17 11:00:00,2021-06-17 11:00:00,2021-06-17 11:00:00,365,1
1037,2021-06-17 11:00:00,Random Forest,11,1.4259805108568144,1.5529000283878565,2020-06-17 11:00:00,2021-06-17 11:00:00,2021-06-17 11:00:00,365,1
1038,2021-06-17 11:00:00,Neural Network,11,1.4259805108568144,1.4582088288793835,2020-06-17 11:00:00,2021-06-17 11:00:00,2021-06-17 11:00:00,365,1
1039,2021-06-17 11:00:00,Naive,11,1.4259805108568144,1.6876676502385806,2020-06-17 11:00:00,2021-06-17 11:00:00,2021-06-17 11:00:00,365,1
1040,2021-06-18 11:00:00,Decision Tree,11,1.7477299533884312,1.748283544439562,2020-06-18 11:00:00,2021-06-18 11:00:00,2021-06-18 11:00:00,365,1
1041,2021-06-18 11:00:00,Random Forest,11,1.7477299533884312,1.7332871085710568,2020-06-18 11:00:00,2021-06-18 11:00:00,2021-06-18 11:00:00,365,1
1042,2021-06-18 11:00:00,Neural Network,11,1.7477299533884312,1.8366015526167534,2020-06-18 11:00:00,2021-06-18 11:00:00,2021-06-18 11:00:00,365,1
1043,2021-06-18 11:00:00,Naive,11,1.7477299533884312,1.4259805108568144,2020-06-18 11:00:00,2021-06-18 11:00:00,2021-06-18 11:00:00,365,1
1044,2021-06-19 11:00:00,Decision Tree,11,0.9692780615953851,1.1484872147851366,2020-06-19 11:00:00,2021-06-19 11:00:00,2021-06-19 11:00:00,365,1
1045,2021-06-19 11:00:00,Random Forest,11,0.9692780615953851,1.1376815868676498,2020-06-19 11:00:00,2021-06-19 11:00:00,2021-06-19 11:00:00,365,1
1046,2021-06-19 11:00:00,Neural Network,11,0.9692780615953851,0.8666859810602712,2020-06-19 11:00:00,2021-06-19 11:00:00,2021-06-19 11:00:00,365,1
1047,2021-06-19 11:00:00,Naive,11,0.9692780615953851,1.7477299533884312,2020-06-19 11:00:00,2021-06-19 11:00:00,2021-06-19 11:00:00,365,1
1048,2021-06-20 11:00:00,Decision Tree,11,0.5237137715639567,0.6744733089950335,2020-06-20 11:00:00,2021-06-20 11:00:00,2021-06-20 11:00:00,365,1
1049,2021-06-20 11:00:00,Random Forest,11,0.5237137715639567,0.6888211568795285,2020-06-20 11:00:00,2021-06-20 11:00:00,2021-06-20 11:00:00,365,1
1050,2021-06-20 11:00:00,Neural Network,11,0.5237137715639567,0.6222322347863465,2020-06-20 11:00:00,2021-06-20 11:00:00,2021-06-20 11:00:00,365,1
1051,2021-06-20 11:00:00,Naive,11,0.5237137715639567,0.9692780615953851,2020-06-20 11:00:00,2021-06-20 11:00:00,2021-06-20 11:00:00,365,1
1052,2021-06-21 11:00:00,Decision Tree,11,1.75903271287329,1.7806180792482114,2020-06-21 11:00:00,2021-06-21 11:00:00,2021-06-21 11:00:00,365,1
1053,2021-06-21 11:00:00,Random Forest,11,1.75903271287329,1.7744245141245154,2020-06-21 11:00:00,2021-06-21 11:00:00,2021-06-21 11:00:00,365,1
1054,2021-06-21 11:00:00,Neural Network,11,1.75903271287329,1.9608869638870938,2020-06-21 11:00:00,2021-06-21 11:00:00,2021-06-21 11:00:00,365,1
1055,2021-06-21 11:00:00,Naive,11,1.75903271287329,0.5237137715639567,2020-06-21 11:00:00,2021-06-21 11:00:00,2021-06-21 11:00:00,365,1
1056,2021-06-22 11:00:00,Decision Tree,11,1.9125805291347282,2.209049514777795,2020-06-22 11:00:00,2021-06-22 11:00:00,2021-06-22 11:00:00,365,1
1057,2021-06-22 11:00:00,Random Forest,11,1.9125805291347282,2.1818750800417117,2020-06-22 11:00:00,2021-06-22 11:00:00,2021-06-22 11:00:00,365,1
1058,2021-06-22 11:00:00,Neural Network,11,1.9125805291347282,2.0632398569541692,2020-06-22 11:00:00,2021-06-22 11:00:00,2021-06-22 11:00:00,365,1
1059,2021-06-22 11:00:00,Naive,11,1.9125805291347282,1.75903271287329,2020-06-22 11:00:00,2021-06-22 11:00:00,2021-06-22 11:00:00,365,1
1060,2021-06-23 11:00:00,Decision Tree,11,1.9442819907248656,2.2729412437549548,2020-06-23 11:00:00,2021-06-23 11:00:00,2021-06-23 11:00:00,365,1
1061,2021-06-23 11:00:00,Random Forest,11,1.9442819907248656,2.1612975652994,2020-06-23 11:00:00,2021-06-23 11:00:00,2021-06-23 11:00:00,365,1
1062,2021-06-23 11:00:00,Neural Network,11,1.9442819907248656,1.2753637556172557,2020-06-23 11:00:00,2021-06-23 11:00:00,2021-06-23 11:00:00,365,1
1063,2021-06-23 11:00:00,Naive,11,1.9442819907248656,1.9125805291347282,2020-06-23 11:00:00,2021-06-23 11:00:00,2021-06-23 11:00:00,365,1
1064,2021-06-24 11:00:00,Decision Tree,11,1.9919979048564562,2.0779548855509375,2020-06-24 11:00:00,2021-06-24 11:00:00,2021-06-24 11:00:00,365,1
1065,2021-06-24 11:00:00,Random Forest,11,1.9919979048564562,2.0805795332376618,2020-06-24 11:00:00,2021-06-24 11:00:00,2021-06-24 11:00:00,365,1
1066,2021-06-24 11:00:00,Neural Network,11,1.9919979048564562,2.1259839281490005,2020-06-24 11:00:00,2021-06-24 11:00:00,2021-06-24 11:00:00,365,1
1067,2021-06-24 11:00:00,Naive,11,1.9919979048564562,1.9442819907248656,2020-06-24 11:00:00,2021-06-24 11:00:00,2021-06-24 11:00:00,365,1
1068,2021-06-25 11:00:00,Decision Tree,11,1.8862471256547275,2.0656753168802973,2020-06-25 11:00:00,2021-06-25 11:00:00,2021-06-25 11:00:00,365,1
1069,2021-06-25 11:00:00,Random Forest,11,1.8862471256547275,1.9826475329957987,2020-06-25 11:00:00,2021-06-25 11:00:00,2021-06-25 11:00:00,365,1
1070,2021-06-25 11:00:00,Neural Network,11,1.8862471256547275,1.9977207011009077,2020-06-25 11:00:00,2021-06-25 11:00:00,2021-06-25 11:00:00,365,1
1071,2021-06-25 11:00:00,Naive,11,1.8862471256547275,1.9919979048564562,2020-06-25 11:00:00,2021-06-25 11:00:00,2021-06-25 11:00:00,365,1
1072,2021-06-26 11:00:00,Decision Tree,11,1.5495520778524126,1.6870352844644392,2020-06-26 11:00:00,2021-06-26 11:00:00,2021-06-26 11:00:00,365,1
1073,2021-06-26 11:00:00,Random Forest,11,1.5495520778524126,1.6725741516835027,2020-06-26 11:00:00,2021-06-26 11:00:00,2021-06-26 11:00:00,365,1
1074,2021-06-26 11:00:00,Neural Network,11,1.5495520778524126,1.4327332264320272,2020-06-26 11:00:00,2021-06-26 11:00:00,2021-06-26 11:00:00,365,1
1075,2021-06-26 11:00:00,Naive,11,1.5495520778524126,1.8862471256547275,2020-06-26 11:00:00,2021-06-26 11:00:00,2021-06-26 11:00:00,365,1
1076,2021-06-27 11:00:00,Decision Tree,11,0.8708528652359986,1.0212933558300756,2020-06-27 11:00:00,2021-06-27 11:00:00,2021-06-27 11:00:00,365,1
1077,2021-06-27 11:00:00,Random Forest,11,0.8708528652359986,0.9854678911477248,2020-06-27 11:00:00,2021-06-27 11:00:00,2021-06-27 11:00:00,365,1
1078,2021-06-27 11:00:00,Neural Network,11,0.8708528652359986,0.9299929561356197,2020-06-27 11:00:00,2021-06-27 11:00:00,2021-06-27 11:00:00,365,1
1079,2021-06-27 11:00:00,Naive,11,0.8708528652359986,1.5495520778524126,2020-06-27 11:00:00,2021-06-27 11:00:00,2021-06-27 11:00:00,365,1
1080,2021-06-28 11:00:00,Decision Tree,11,1.8433756817099294,1.9898314858317199,2020-06-28 11:00:00,2021-06-28 11:00:00,2021-06-28 11:00:00,365,1
1081,2021-06-28 11:00:00,Random Forest,11,1.8433756817099294,1.9538761783605085,2020-06-28 11:00:00,2021-06-28 11:00:00,2021-06-28 11:00:00,365,1
1082,2021-06-28 11:00:00,Neural Network,11,1.8433756817099294,1.9975142139444668,2020-06-28 11:00:00,2021-06-28 11:00:00,2021-06-28 11:00:00,365,1
1083,2021-06-28 11:00:00,Naive,11,1.8433756817099294,0.8708528652359986,2020-06-28 11:00:00,2021-06-28 11:00:00,2021-06-28 11:00:00,365,1
1084,2021-06-29 11:00:00,Decision Tree,11,2.0276659593853883,1.9898314858317199,2020-06-29 11:00:00,2021-06-29 11:00:00,2021-06-29 11:00:00,365,1
1085,2021-06-29 11:00:00,Random Forest,11,2.0276659593853883,2.0319435612688386,2020-06-29 11:00:00,2021-06-29 11:00:00,2021-06-29 11:00:00,365,1
1086,2021-06-29 11:00:00,Neural Network,11,2.0276659593853883,2.184942166476182,2020-06-29 11:00:00,2021-06-29 11:00:00,2021-06-29 11:00:00,365,1
1087,2021-06-29 11:00:00,Naive,11,2.0276659593853883,1.8433756817099294,2020-06-29 11:00:00,2021-06-29 11:00:00,2021-06-29 11:00:00,365,1
1088,2021-06-30 11:00:00,Decision Tree,11,2.098614278937023,1.952554701951233,2020-06-30 11:00:00,2021-06-30 11:00:00,2021-06-30 11:00:00,365,1
1089,2021-06-30 11:00:00,Random Forest,11,2.098614278937023,2.0366653580462404,2020-06-30 11:00:00,2021-06-30 11:00:00,2021-06-30 11:00:00,365,1
1090,2021-06-30 11:00:00,Neural Network,11,2.098614278937023,2.2712740664273516,2020-06-30 11:00:00,2021-06-30 11:00:00,2021-06-30 11:00:00,365,1
1091,2021-06-30 11:00:00,Naive,11,2.098614278937023,2.0276659593853883,2020-06-30 11:00:00,2021-06-30 11:00:00,2021-06-30 11:00:00,365,1
1092,2021-07-01 11:00:00,Decision Tree,11,2.0060666658938895,2.1230707386324807,2020-07-01 11:00:00,2021-07-01 11:00:00,2021-07-01 11:00:00,365,1
1093,2021-07-01 11:00:00,Random Forest,11,2.0060666658938895,2.1071280254251556,2020-07-01 11:00:00,2021-07-01 11:00:00,2021-07-01 11:00:00,365,1
1094,2021-07-01 11:00:00,Neural Network,11,2.0060666658938895,2.0894216151779745,2020-07-01 11:00:00,2021-07-01 11:00:00,2021-07-01 11:00:00,365,1
1095,2021-07-01 11:00:00,Naive,11,2.0060666658938895,2.098614278937023,2020-07-01 11:00:00,2021-07-01 11:00:00,2021-07-01 11:00:00,365,1
1096,2021-07-02 11:00:00,Decision Tree,11,2.0571330839878548,1.981064922083868,2020-07-02 11:00:00,2021-07-02 11:00:00,2021-07-02 11:00:00,365,1
1097,2021-07-02 11:00:00,Random Forest,11,2.0571330839878548,1.9975957904642105,2020-07-02 11:00:00,2021-07-02 11:00:00,2021-07-02 11:00:00,365,1
1098,2021-07-02 11:00:00,Neural Network,11,2.0571330839878548,2.1544501743174305,2020-07-02 11:00:00,2021-07-02 11:00:00,2021-07-02 11:00:00,365,1
1099,2021-07-02 11:00:00,Naive,11,2.0571330839878548,2.0060666658938895,2020-07-02 11:00:00,2021-07-02 11:00:00,2021-07-02 11:00:00,365,1
1100,2021-07-03 11:00:00,Decision Tree,11,1.4426774487576761,1.5232920161150916,2020-07-03 11:00:00,2021-07-03 11:00:00,2021-07-03 11:00:00,365,1
1101,2021-07-03 11:00:00,Random Forest,11,1.4426774487576761,1.538290404888415,2020-07-03 11:00:00,2021-07-03 11:00:00,2021-07-03 11:00:00,365,1
1102,2021-07-03 11:00:00,Neural Network,11,1.4426774487576761,1.2677620417238036,2020-07-03 11:00:00,2021-07-03 11:00:00,2021-07-03 11:00:00,365,1
1103,2021-07-03 11:00:00,Naive,11,1.4426774487576761,2.0571330839878548,2020-07-03 11:00:00,2021-07-03 11:00:00,2021-07-03 11:00:00,365,1
1104,2021-07-04 11:00:00,Decision Tree,11,1.6386487445729399,1.6876628896691273,2020-07-04 11:00:00,2021-07-04 11:00:00,2021-07-04 11:00:00,365,1
1105,2021-07-04 11:00:00,Random Forest,11,1.6386487445729399,1.6777668285846794,2020-07-04 11:00:00,2021-07-04 11:00:00,2021-07-04 11:00:00,365,1
1106,2021-07-04 11:00:00,Neural Network,11,1.6386487445729399,1.5850643898068193,2020-07-04 11:00:00,2021-07-04 11:00:00,2021-07-04 11:00:00,365,1
1107,2021-07-04 11:00:00,Naive,11,1.6386487445729399,1.4426774487576761,2020-07-04 11:00:00,2021-07-04 11:00:00,2021-07-04 11:00:00,365,1
1108,2021-07-05 11:00:00,Decision Tree,11,2.045160354115898,1.9905734423218666,2020-07-05 11:00:00,2021-07-05 11:00:00,2021-07-05 11:00:00,365,1
1109,2021-07-05 11:00:00,Random Forest,11,2.045160354115898,2.0293493004667447,2020-07-05 11:00:00,2021-07-05 11:00:00,2021-07-05 11:00:00,365,1
1110,2021-07-05 11:00:00,Neural Network,11,2.045160354115898,2.105864419956246,2020-07-05 11:00:00,2021-07-05 11:00:00,2021-07-05 11:00:00,365,1
1111,2021-07-05 11:00:00,Naive,11,2.045160354115898,1.6386487445729399,2020-07-05 11:00:00,2021-07-05 11:00:00,2021-07-05 11:00:00,365,1
1112,2021-07-06 11:00:00,Decision Tree,11,1.4358076669039026,1.5132151951954147,2020-07-06 11:00:00,2021-07-06 11:00:00,2021-07-06 11:00:00,365,1
1113,2021-07-06 11:00:00,Random Forest,11,1.4358076669039026,1.5186681442098442,2020-07-06 11:00:00,2021-07-06 11:00:00,2021-07-06 11:00:00,365,1
1114,2021-07-06 11:00:00,Neural Network,11,1.4358076669039026,1.484731159273375,2020-07-06 11:00:00,2021-07-06 11:00:00,2021-07-06 11:00:00,365,1
1115,2021-07-06 11:00:00,Naive,11,1.4358076669039026,2.045160354115898,2020-07-06 11:00:00,2021-07-06 11:00:00,2021-07-06 11:00:00,365,1
1116,2021-07-07 11:00:00,Decision Tree,11,2.0274783360829067,1.9966386547434256,2020-07-07 11:00:00,2021-07-07 11:00:00,2021-07-07 11:00:00,365,1
1117,2021-07-07 11:00:00,Random Forest,11,2.0274783360829067,2.037120038372566,2020-07-07 11:00:00,2021-07-07 11:00:00,2021-07-07 11:00:00,365,1
1118,2021-07-07 11:00:00,Neural Network,11,2.0274783360829067,2.1632768119512438,2020-07-07 11:00:00,2021-07-07 11:00:00,2021-07-07 11:00:00,365,1
1119,2021-07-07 11:00:00,Naive,11,2.0274783360829067,1.4358076669039026,2020-07-07 11:00:00,2021-07-07 11:00:00,2021-07-07 11:00:00,365,1
1120,2021-07-08 11:00:00,Decision Tree,11,2.1496680535065185,2.051210402501814,2020-07-08 11:00:00,2021-07-08 11:00:00,2021-07-08 11:00:00,365,1
1121,2021-07-08 11:00:00,Random Forest,11,2.1496680535065185,2.0955085856645783,2020-07-08 11:00:00,2021-07-08 11:00:00,2021-07-08 11:00:00,365,1
1122,2021-07-08 11:00:00,Neural Network,11,2.1496680535065185,2.300808791960018,2020-07-08 11:00:00,2021-07-08 11:00:00,2021-07-08 11:00:00,365,1
1123,2021-07-08 11:00:00,Naive,11,2.1496680535065185,2.0274783360829067,2020-07-08 11:00:00,2021-07-08 11:00:00,2021-07-08 11:00:00,365,1
1124,2021-07-09 11:00:00,Decision Tree,11,2.059485396804966,2.067620011002598,2020-07-09 11:00:00,2021-07-09 11:00:00,2021-07-09 11:00:00,365,1
1125,2021-07-09 11:00:00,Random Forest,11,2.059485396804966,2.1126465441418723,2020-07-09 11:00:00,2021-07-09 11:00:00,2021-07-09 11:00:00,365,1
1126,2021-07-09 11:00:00,Neural Network,11,2.059485396804966,2.148733599916352,2020-07-09 11:00:00,2021-07-09 11:00:00,2021-07-09 11:00:00,365,1
1127,2021-07-09 11:00:00,Naive,11,2.059485396804966,2.1496680535065185,2020-07-09 11:00:00,2021-07-09 11:00:00,2021-07-09 11:00:00,365,1
1128,2021-07-10 11:00:00,Decision Tree,11,1.3680822499406518,1.4770318797680342,2020-07-10 11:00:00,2021-07-10 11:00:00,2021-07-10 11:00:00,365,1
1129,2021-07-10 11:00:00,Random Forest,11,1.3680822499406518,1.4619990239950362,2020-07-10 11:00:00,2021-07-10 11:00:00,2021-07-10 11:00:00,365,1
1130,2021-07-10 11:00:00,Neural Network,11,1.3680822499406518,1.2661936683335178,2020-07-10 11:00:00,2021-07-10 11:00:00,2021-07-10 11:00:00,365,1
1131,2021-07-10 11:00:00,Naive,11,1.3680822499406518,2.059485396804966,2020-07-10 11:00:00,2021-07-10 11:00:00,2021-07-10 11:00:00,365,1
1132,2021-07-11 11:00:00,Decision Tree,11,1.499365463451379,1.6822168735473286,2020-07-11 11:00:00,2021-07-11 11:00:00,2021-07-11 11:00:00,365,1
1133,2021-07-11 11:00:00,Random Forest,11,1.499365463451379,1.6141742736337583,2020-07-11 11:00:00,2021-07-11 11:00:00,2021-07-11 11:00:00,365,1
1134,2021-07-11 11:00:00,Neural Network,11,1.499365463451379,1.345942683750821,2020-07-11 11:00:00,2021-07-11 11:00:00,2021-07-11 11:00:00,365,1
1135,2021-07-11 11:00:00,Naive,11,1.499365463451379,1.3680822499406518,2020-07-11 11:00:00,2021-07-11 11:00:00,2021-07-11 11:00:00,365,1
1136,2021-07-12 11:00:00,Decision Tree,11,1.9374522087896076,1.9482348432529335,2020-07-12 11:00:00,2021-07-12 11:00:00,2021-07-12 11:00:00,365,1
1137,2021-07-12 11:00:00,Random Forest,11,1.9374522087896076,2.0076406133238236,2020-07-12 11:00:00,2021-07-12 11:00:00,2021-07-12 11:00:00,365,1
1138,2021-07-12 11:00:00,Neural Network,11,1.9374522087896076,2.0827734569751093,2020-07-12 11:00:00,2021-07-12 11:00:00,2021-07-12 11:00:00,365,1
1139,2021-07-12 11:00:00,Naive,11,1.9374522087896076,1.499365463451379,2020-07-12 11:00:00,2021-07-12 11:00:00,2021-07-12 11:00:00,365,1
1140,2021-07-13 11:00:00,Decision Tree,11,2.0807094503278094,2.0589090160893053,2020-07-13 11:00:00,2021-07-13 11:00:00,2021-07-13 11:00:00,365,1
1141,2021-07-13 11:00:00,Random Forest,11,2.0807094503278094,2.052789434601267,2020-07-13 11:00:00,2021-07-13 11:00:00,2021-07-13 11:00:00,365,1
1142,2021-07-13 11:00:00,Neural Network,11,2.0807094503278094,2.32964112715833,2020-07-13 11:00:00,2021-07-13 11:00:00,2021-07-13 11:00:00,365,1
1143,2021-07-13 11:00:00,Naive,11,2.0807094503278094,1.9374522087896076,2020-07-13 11:00:00,2021-07-13 11:00:00,2021-07-13 11:00:00,365,1
1144,2021-07-14 11:00:00,Decision Tree,11,2.03095474257948,2.06133128656025,2020-07-14 11:00:00,2021-07-14 11:00:00,2021-07-14 11:00:00,365,1
1145,2021-07-14 11:00:00,Random Forest,11,2.03095474257948,2.0801134098553633,2020-07-14 11:00:00,2021-07-14 11:00:00,2021-07-14 11:00:00,365,1
1146,2021-07-14 11:00:00,Neural Network,11,2.03095474257948,2.123197224347401,2020-07-14 11:00:00,2021-07-14 11:00:00,2021-07-14 11:00:00,365,1
1147,2021-07-14 11:00:00,Naive,11,2.03095474257948,2.0807094503278094,2020-07-14 11:00:00,2021-07-14 11:00:00,2021-07-14 11:00:00,365,1
1148,2021-07-15 11:00:00,Decision Tree,11,2.021902806280572,2.0274652116115126,2020-07-15 11:00:00,2021-07-15 11:00:00,2021-07-15 11:00:00,365,1
1149,2021-07-15 11:00:00,Random Forest,11,2.021902806280572,2.0376659083095046,2020-07-15 11:00:00,2021-07-15 11:00:00,2021-07-15 11:00:00,365,1
1150,2021-07-15 11:00:00,Neural Network,11,2.021902806280572,2.1573180190357295,2020-07-15 11:00:00,2021-07-15 11:00:00,2021-07-15 11:00:00,365,1
1151,2021-07-15 11:00:00,Naive,11,2.021902806280572,2.03095474257948,2020-07-15 11:00:00,2021-07-15 11:00:00,2021-07-15 11:00:00,365,1
1152,2021-07-16 11:00:00,Decision Tree,11,1.8469800814077768,1.9345119518320768,2020-07-16 11:00:00,2021-07-16 11:00:00,2021-07-16 11:00:00,365,1
1153,2021-07-16 11:00:00,Random Forest,11,1.8469800814077768,1.9336921495976165,2020-07-16 11:00:00,2021-07-16 11:00:00,2021-07-16 11:00:00,365,1
1154,2021-07-16 11:00:00,Neural Network,11,1.8469800814077768,1.8748483634221158,2020-07-16 11:00:00,2021-07-16 11:00:00,2021-07-16 11:00:00,365,1
1155,2021-07-16 11:00:00,Naive,11,1.8469800814077768,2.021902806280572,2020-07-16 11:00:00,2021-07-16 11:00:00,2021-07-16 11:00:00,365,1
1156,2021-07-17 11:00:00,Decision Tree,11,1.3005106574406844,1.4603687500041507,2020-07-17 11:00:00,2021-07-17 11:00:00,2021-07-17 11:00:00,365,1
1157,2021-07-17 11:00:00,Random Forest,11,1.3005106574406844,1.477960875542884,2020-07-17 11:00:00,2021-07-17 11:00:00,2021-07-17 11:00:00,365,1
1158,2021-07-17 11:00:00,Neural Network,11,1.3005106574406844,1.3682912225688444,2020-07-17 11:00:00,2021-07-17 11:00:00,2021-07-17 11:00:00,365,1
1159,2021-07-17 11:00:00,Naive,11,1.3005106574406844,1.8469800814077768,2020-07-17 11:00:00,2021-07-17 11:00:00,2021-07-17 11:00:00,365,1
1160,2021-07-18 11:00:00,Decision Tree,11,-0.6470554831266472,-0.6370795111116392,2020-07-18 11:00:00,2021-07-18 11:00:00,2021-07-18 11:00:00,365,1
1161,2021-07-18 11:00:00,Random Forest,11,-0.6470554831266472,-0.6613851483755598,2020-07-18 11:00:00,2021-07-18 11:00:00,2021-07-18 11:00:00,365,1
1162,2021-07-18 11:00:00,Neural Network,11,-0.6470554831266472,-0.513500436145121,2020-07-18 11:00:00,2021-07-18 11:00:00,2021-07-18 11:00:00,365,1
1163,2021-07-18 11:00:00,Naive,11,-0.6470554831266472,1.3005106574406844,2020-07-18 11:00:00,2021-07-18 11:00:00,2021-07-18 11:00:00,365,1
1164,2021-07-19 11:00:00,Decision Tree,11,1.8898521864041422,1.9055083871423413,2020-07-19 11:00:00,2021-07-19 11:00:00,2021-07-19 11:00:00,365,1
1165,2021-07-19 11:00:00,Random Forest,11,1.8898521864041422,1.939806579524627,2020-07-19 11:00:00,2021-07-19 11:00:00,2021-07-19 11:00:00,365,1
1166,2021-07-19 11:00:00,Neural Network,11,1.8898521864041422,1.953471525636024,2020-07-19 11:00:00,2021-07-19 11:00:00,2021-07-19 11:00:00,365,1
1167,2021-07-19 11:00:00,Naive,11,1.8898521864041422,-0.6470554831266472,2020-07-19 11:00:00,2021-07-19 11:00:00,2021-07-19 11:00:00,365,1
1168,2021-07-20 11:00:00,Decision Tree,11,1.8090899924155508,1.9028990203526412,2020-07-20 11:00:00,2021-07-20 11:00:00,2021-07-20 11:00:00,365,1
1169,2021-07-20 11:00:00,Random Forest,11,1.8090899924155508,1.8954803304223056,2020-07-20 11:00:00,2021-07-20 11:00:00,2021-07-20 11:00:00,365,1
1170,2021-07-20 11:00:00,Neural Network,11,1.8090899924155508,1.8785059610506258,2020-07-20 11:00:00,2021-07-20 11:00:00,2021-07-20 11:00:00,365,1
1171,2021-07-20 11:00:00,Naive,11,1.8090899924155508,1.8898521864041422,2020-07-20 11:00:00,2021-07-20 11:00:00,2021-07-20 11:00:00,365,1
1172,2021-07-21 11:00:00,Decision Tree,11,1.6239931952299065,1.770913328076698,2020-07-21 11:00:00,2021-07-21 11:00:00,2021-07-21 11:00:00,365,1
1173,2021-07-21 11:00:00,Random Forest,11,1.6239931952299065,1.7175106251728216,2020-07-21 11:00:00,2021-07-21 11:00:00,2021-07-21 11:00:00,365,1
1174,2021-07-21 11:00:00,Neural Network,11,1.6239931952299065,1.7455211829668367,2020-07-21 11:00:00,2021-07-21 11:00:00,2021-07-21 11:00:00,365,1
1175,2021-07-21 11:00:00,Naive,11,1.6239931952299065,1.8090899924155508,2020-07-21 11:00:00,2021-07-21 11:00:00,2021-07-21 11:00:00,365,1
1176,2021-07-22 11:00:00,Decision Tree,11,1.7326487011047569,1.6701521595549362,2020-07-22 11:00:00,2021-07-22 11:00:00,2021-07-22 11:00:00,365,1
1177,2021-07-22 11:00:00,Random Forest,11,1.7326487011047569,1.7736971005153892,2020-07-22 11:00:00,2021-07-22 11:00:00,2021-07-22 11:00:00,365,1
1178,2021-07-22 11:00:00,Neural Network,11,1.7326487011047569,1.783876535805525,2020-07-22 11:00:00,2021-07-22 11:00:00,2021-07-22 11:00:00,365,1
1179,2021-07-22 11:00:00,Naive,11,1.7326487011047569,1.6239931952299065,2020-07-22 11:00:00,2021-07-22 11:00:00,2021-07-22 11:00:00,365,1
1180,2021-07-23 11:00:00,Decision Tree,11,1.8183974716871087,1.8894977306473428,2020-07-23 11:00:00,2021-07-23 11:00:00,2021-07-23 11:00:00,365,1
1181,2021-07-23 11:00:00,Random Forest,11,1.8183974716871087,1.869406460413314,2020-07-23 11:00:00,2021-07-23 11:00:00,2021-07-23 11:00:00,365,1
1182,2021-07-23 11:00:00,Neural Network,11,1.8183974716871087,1.8476276137364511,2020-07-23 11:00:00,2021-07-23 11:00:00,2021-07-23 11:00:00,365,1
1183,2021-07-23 11:00:00,Naive,11,1.8183974716871087,1.7326487011047569,2020-07-23 11:00:00,2021-07-23 11:00:00,2021-07-23 11:00:00,365,1
1184,2021-07-24 11:00:00,Decision Tree,11,1.429116154141231,1.442606739719321,2020-07-24 11:00:00,2021-07-24 11:00:00,2021-07-24 11:00:00,365,1
1185,2021-07-24 11:00:00,Random Forest,11,1.429116154141231,1.4964184246055203,2020-07-24 11:00:00,2021-07-24 11:00:00,2021-07-24 11:00:00,365,1
1186,2021-07-24 11:00:00,Neural Network,11,1.429116154141231,1.3491677925175432,2020-07-24 11:00:00,2021-07-24 11:00:00,2021-07-24 11:00:00,365,1
1187,2021-07-24 11:00:00,Naive,11,1.429116154141231,1.8183974716871087,2020-07-24 11:00:00,2021-07-24 11:00:00,2021-07-24 11:00:00,365,1
1188,2021-07-25 11:00:00,Decision Tree,11,0.6674156138561993,0.9760036042578768,2020-07-25 11:00:00,2021-07-25 11:00:00,2021-07-25 11:00:00,365,1
1189,2021-07-25 11:00:00,Random Forest,11,0.6674156138561993,0.9483930434037634,2020-07-25 11:00:00,2021-07-25 11:00:00,2021-07-25 11:00:00,365,1
1190,2021-07-25 11:00:00,Neural Network,11,0.6674156138561993,0.7618955780093679,2020-07-25 11:00:00,2021-07-25 11:00:00,2021-07-25 11:00:00,365,1
1191,2021-07-25 11:00:00,Naive,11,0.6674156138561993,1.429116154141231,2020-07-25 11:00:00,2021-07-25 11:00:00,2021-07-25 11:00:00,365,1
1192,2021-07-26 11:00:00,Decision Tree,11,1.8160258149194408,1.8806101982773133,2020-07-26 11:00:00,2021-07-26 11:00:00,2021-07-26 11:00:00,365,1
1193,2021-07-26 11:00:00,Random Forest,11,1.8160258149194408,1.8738227920930137,2020-07-26 11:00:00,2021-07-26 11:00:00,2021-07-26 11:00:00,365,1
1194,2021-07-26 11:00:00,Neural Network,11,1.8160258149194408,1.900138731750196,2020-07-26 11:00:00,2021-07-26 11:00:00,2021-07-26 11:00:00,365,1
1195,2021-07-26 11:00:00,Naive,11,1.8160258149194408,0.6674156138561993,2020-07-26 11:00:00,2021-07-26 11:00:00,2021-07-26 11:00:00,365,1
1196,2021-07-27 11:00:00,Decision Tree,11,1.6896007890494078,1.769952232354577,2020-07-27 11:00:00,2021-07-27 11:00:00,2021-07-27 11:00:00,365,1
1197,2021-07-27 11:00:00,Random Forest,11,1.6896007890494078,1.7487750034333818,2020-07-27 11:00:00,2021-07-27 11:00:00,2021-07-27 11:00:00,365,1
1198,2021-07-27 11:00:00,Neural Network,11,1.6896007890494078,1.8187437245911153,2020-07-27 11:00:00,2021-07-27 11:00:00,2021-07-27 11:00:00,365,1
1199,2021-07-27 11:00:00,Naive,11,1.6896007890494078,1.8160258149194408,2020-07-27 11:00:00,2021-07-27 11:00:00,2021-07-27 11:00:00,365,1
1200,2021-07-28 11:00:00,Decision Tree,11,1.6078293104463668,1.7902286199561874,2020-07-28 11:00:00,2021-07-28 11:00:00,2021-07-28 11:00:00,365,1
1201,2021-07-28 11:00:00,Random Forest,11,1.6078293104463668,1.7116345508564739,2020-07-28 11:00:00,2021-07-28 11:00:00,2021-07-28 11:00:00,365,1
1202,2021-07-28 11:00:00,Neural Network,11,1.6078293104463668,1.693874325148218,2020-07-28 11:00:00,2021-07-28 11:00:00,2021-07-28 11:00:00,365,1
1203,2021-07-28 11:00:00,Naive,11,1.6078293104463668,1.6896007890494078,2020-07-28 11:00:00,2021-07-28 11:00:00,2021-07-28 11:00:00,365,1
1204,2021-07-29 11:00:00,Decision Tree,11,-1.5059653023013484,-1.7054385974438226,2020-07-29 11:00:00,2021-07-29 11:00:00,2021-07-29 11:00:00,365,1
1205,2021-07-29 11:00:00,Random Forest,11,-1.5059653023013484,-1.6730646343687565,2020-07-29 11:00:00,2021-07-29 11:00:00,2021-07-29 11:00:00,365,1
1206,2021-07-29 11:00:00,Neural Network,11,-1.5059653023013484,-1.5266867085689977,2020-07-29 11:00:00,2021-07-29 11:00:00,2021-07-29 11:00:00,365,1
1207,2021-07-29 11:00:00,Naive,11,-1.5059653023013484,1.6078293104463668,2020-07-29 11:00:00,2021-07-29 11:00:00,2021-07-29 11:00:00,365,1
1208,2021-07-30 11:00:00,Decision Tree,11,0.6572903981133953,0.8531370254862708,2020-07-30 11:00:00,2021-07-30 11:00:00,2021-07-30 11:00:00,365,1
1209,2021-07-30 11:00:00,Random Forest,11,0.6572903981133953,0.8243483395238432,2020-07-30 11:00:00,2021-07-30 11:00:00,2021-07-30 11:00:00,365,1
1210,2021-07-30 11:00:00,Neural Network,11,0.6572903981133953,0.5572741835217403,2020-07-30 11:00:00,2021-07-30 11:00:00,2021-07-30 11:00:00,365,1
1211,2021-07-30 11:00:00,Naive,11,0.6572903981133953,-1.5059653023013484,2020-07-30 11:00:00,2021-07-30 11:00:00,2021-07-30 11:00:00,365,1
1212,2021-07-31 11:00:00,Decision Tree,11,-1.5076732650944202,-1.583336960266277,2020-07-31 11:00:00,2021-07-31 11:00:00,2021-07-31 11:00:00,365,1
1213,2021-07-31 11:00:00,Random Forest,11,-1.5076732650944202,-1.6270094731461295,2020-07-31 11:00:00,2021-07-31 11:00:00,2021-07-31 11:00:00,365,1
1214,2021-07-31 11:00:00,Neural Network,11,-1.5076732650944202,-1.6089738940096616,2020-07-31 11:00:00,2021-07-31 11:00:00,2021-07-31 11:00:00,365,1
1215,2021-07-31 11:00:00,Naive,11,-1.5076732650944202,0.6572903981133953,2020-07-31 11:00:00,2021-07-31 11:00:00,2021-07-31 11:00:00,365,1
1216,2021-08-01 11:00:00,Decision Tree,11,1.0222953099596301,1.3067249882845482,2020-08-01 11:00:00,2021-08-01 11:00:00,2021-08-01 11:00:00,365,1
1217,2021-08-01 11:00:00,Random Forest,11,1.0222953099596301,1.2910250302709483,2020-08-01 11:00:00,2021-08-01 11:00:00,2021-08-01 11:00:00,365,1
1218,2021-08-01 11:00:00,Neural Network,11,1.0222953099596301,1.1592435462866526,2020-08-01 11:00:00,2021-08-01 11:00:00,2021-08-01 11:00:00,365,1
1219,2021-08-01 11:00:00,Naive,11,1.0222953099596301,-1.5076732650944202,2020-08-01 11:00:00,2021-08-01 11:00:00,2021-08-01 11:00:00,365,1
1220,2021-08-02 11:00:00,Decision Tree,11,1.600260480117541,1.6585441480806753,2020-08-02 11:00:00,2021-08-02 11:00:00,2021-08-02 11:00:00,365,1
1221,2021-08-02 11:00:00,Random Forest,11,1.600260480117541,1.6508397913847346,2020-08-02 11:00:00,2021-08-02 11:00:00,2021-08-02 11:00:00,365,1
1222,2021-08-02 11:00:00,Neural Network,11,1.600260480117541,1.5630844608018664,2020-08-02 11:00:00,2021-08-02 11:00:00,2021-08-02 11:00:00,365,1
1223,2021-08-02 11:00:00,Naive,11,1.600260480117541,1.0222953099596301,2020-08-02 11:00:00,2021-08-02 11:00:00,2021-08-02 11:00:00,365,1
1224,2021-08-03 11:00:00,Decision Tree,11,1.885786602050527,2.025343587228995,2020-08-03 11:00:00,2021-08-03 11:00:00,2021-08-03 11:00:00,365,1
1225,2021-08-03 11:00:00,Random Forest,11,1.885786602050527,1.9895648077367676,2020-08-03 11:00:00,2021-08-03 11:00:00,2021-08-03 11:00:00,365,1
1226,2021-08-03 11:00:00,Neural Network,11,1.885786602050527,2.002865079679928,2020-08-03 11:00:00,2021-08-03 11:00:00,2021-08-03 11:00:00,365,1
1227,2021-08-03 11:00:00,Naive,11,1.885786602050527,1.600260480117541,2020-08-03 11:00:00,2021-08-03 11:00:00,2021-08-03 11:00:00,365,1
1228,2021-08-04 11:00:00,Decision Tree,11,1.9904554600452058,2.0433416650300718,2020-08-04 11:00:00,2021-08-04 11:00:00,2021-08-04 11:00:00,365,1
1229,2021-08-04 11:00:00,Random Forest,11,1.9904554600452058,2.0488347937524094,2020-08-04 11:00:00,2021-08-04 11:00:00,2021-08-04 11:00:00,365,1
1230,2021-08-04 11:00:00,Neural Network,11,1.9904554600452058,2.105586823848126,2020-08-04 11:00:00,2021-08-04 11:00:00,2021-08-04 11:00:00,365,1
1231,2021-08-04 11:00:00,Naive,11,1.9904554600452058,1.885786602050527,2020-08-04 11:00:00,2021-08-04 11:00:00,2021-08-04 11:00:00,365,1
1232,2021-08-05 11:00:00,Decision Tree,11,1.9742585199056892,2.0246994510677214,2020-08-05 11:00:00,2021-08-05 11:00:00,2021-08-05 11:00:00,365,1
1233,2021-08-05 11:00:00,Random Forest,11,1.9742585199056892,2.027581635644631,2020-08-05 11:00:00,2021-08-05 11:00:00,2021-08-05 11:00:00,365,1
1234,2021-08-05 11:00:00,Neural Network,11,1.9742585199056892,2.0602677612662554,2020-08-05 11:00:00,2021-08-05 11:00:00,2021-08-05 11:00:00,365,1
1235,2021-08-05 11:00:00,Naive,11,1.9742585199056892,1.9904554600452058,2020-08-05 11:00:00,2021-08-05 11:00:00,2021-08-05 11:00:00,365,1
1236,2021-08-06 11:00:00,Decision Tree,11,1.3221612992737894,1.5232920161150918,2020-08-06 11:00:00,2021-08-06 11:00:00,2021-08-06 11:00:00,365,1
1237,2021-08-06 11:00:00,Random Forest,11,1.3221612992737894,1.4848584401705562,2020-08-06 11:00:00,2021-08-06 11:00:00,2021-08-06 11:00:00,365,1
1238,2021-08-06 11:00:00,Neural Network,11,1.3221612992737894,1.3869345198788232,2020-08-06 11:00:00,2021-08-06 11:00:00,2021-08-06 11:00:00,365,1
1239,2021-08-06 11:00:00,Naive,11,1.3221612992737894,1.9742585199056892,2020-08-06 11:00:00,2021-08-06 11:00:00,2021-08-06 11:00:00,365,1
1240,2021-08-07 11:00:00,Decision Tree,11,0.7940282932552327,1.0179362612394631,2020-08-07 11:00:00,2021-08-07 11:00:00,2021-08-07 11:00:00,365,1
1241,2021-08-07 11:00:00,Random Forest,11,0.7940282932552327,1.0132956058615519,2020-08-07 11:00:00,2021-08-07 11:00:00,2021-08-07 11:00:00,365,1
1242,2021-08-07 11:00:00,Neural Network,11,0.7940282932552327,0.8183320360646622,2020-08-07 11:00:00,2021-08-07 11:00:00,2021-08-07 11:00:00,365,1
1243,2021-08-07 11:00:00,Naive,11,0.7940282932552327,1.3221612992737894,2020-08-07 11:00:00,2021-08-07 11:00:00,2021-08-07 11:00:00,365,1
1244,2021-08-08 11:00:00,Decision Tree,11,-1.7863140360471428,-2.0459639012098916,2020-08-08 11:00:00,2021-08-08 11:00:00,2021-08-08 11:00:00,365,1
1245,2021-08-08 11:00:00,Random Forest,11,-1.7863140360471428,-2.0508446726887315,2020-08-08 11:00:00,2021-08-08 11:00:00,2021-08-08 11:00:00,365,1
1246,2021-08-08 11:00:00,Neural Network,11,-1.7863140360471428,-1.9443130020216077,2020-08-08 11:00:00,2021-08-08 11:00:00,2021-08-08 11:00:00,365,1
1247,2021-08-08 11:00:00,Naive,11,-1.7863140360471428,0.7940282932552327,2020-08-08 11:00:00,2021-08-08 11:00:00,2021-08-08 11:00:00,365,1
1248,2021-08-09 11:00:00,Decision Tree,11,0.9603218373575869,1.1228859071866009,2020-08-09 11:00:00,2021-08-09 11:00:00,2021-08-09 11:00:00,365,1
1249,2021-08-09 11:00:00,Random Forest,11,0.9603218373575869,1.1452840283655832,2020-08-09 11:00:00,2021-08-09 11:00:00,2021-08-09 11:00:00,365,1
1250,2021-08-09 11:00:00,Neural Network,11,0.9603218373575869,0.8911908661221888,2020-08-09 11:00:00,2021-08-09 11:00:00,2021-08-09 11:00:00,365,1
1251,2021-08-09 11:00:00,Naive,11,0.9603218373575869,-1.7863140360471428,2020-08-09 11:00:00,2021-08-09 11:00:00,2021-08-09 11:00:00,365,1
1252,2021-08-10 11:00:00,Decision Tree,11,1.748824306188164,1.8443553581474246,2020-08-10 11:00:00,2021-08-10 11:00:00,2021-08-10 11:00:00,365,1
1253,2021-08-10 11:00:00,Random Forest,11,1.748824306188164,1.821726009242534,2020-08-10 11:00:00,2021-08-10 11:00:00,2021-08-10 11:00:00,365,1
1254,2021-08-10 11:00:00,Neural Network,11,1.748824306188164,1.7598921291242897,2020-08-10 11:00:00,2021-08-10 11:00:00,2021-08-10 11:00:00,365,1
1255,2021-08-10 11:00:00,Naive,11,1.748824306188164,0.9603218373575869,2020-08-10 11:00:00,2021-08-10 11:00:00,2021-08-10 11:00:00,365,1
1256,2021-08-11 11:00:00,Decision Tree,11,1.7557676859799183,1.830708065010387,2020-08-11 11:00:00,2021-08-11 11:00:00,2021-08-11 11:00:00,365,1
1257,2021-08-11 11:00:00,Random Forest,11,1.7557676859799183,1.8006632083762968,2020-08-11 11:00:00,2021-08-11 11:00:00,2021-08-11 11:00:00,365,1
1258,2021-08-11 11:00:00,Neural Network,11,1.7557676859799183,1.8184955065245552,2020-08-11 11:00:00,2021-08-11 11:00:00,2021-08-11 11:00:00,365,1
1259,2021-08-11 11:00:00,Naive,11,1.7557676859799183,1.748824306188164,2020-08-11 11:00:00,2021-08-11 11:00:00,2021-08-11 11:00:00,365,1
1260,2021-08-12 11:00:00,Decision Tree,11,1.9137688462080829,2.0174936037588593,2020-08-12 11:00:00,2021-08-12 11:00:00,2021-08-12 11:00:00,365,1
1261,2021-08-12 11:00:00,Random Forest,11,1.9137688462080829,1.9624165010660992,2020-08-12 11:00:00,2021-08-12 11:00:00,2021-08-12 11:00:00,365,1
1262,2021-08-12 11:00:00,Neural Network,11,1.9137688462080829,1.9919695966592186,2020-08-12 11:00:00,2021-08-12 11:00:00,2021-08-12 11:00:00,365,1
1263,2021-08-12 11:00:00,Naive,11,1.9137688462080829,1.7557676859799183,2020-08-12 11:00:00,2021-08-12 11:00:00,2021-08-12 11:00:00,365,1
1264,2021-08-13 11:00:00,Decision Tree,11,1.735993654131064,1.7413188571118874,2020-08-13 11:00:00,2021-08-13 11:00:00,2021-08-13 11:00:00,365,1
1265,2021-08-13 11:00:00,Random Forest,11,1.735993654131064,1.7598871564673193,2020-08-13 11:00:00,2021-08-13 11:00:00,2021-08-13 11:00:00,365,1
1266,2021-08-13 11:00:00,Neural Network,11,1.735993654131064,1.8566806566288157,2020-08-13 11:00:00,2021-08-13 11:00:00,2021-08-13 11:00:00,365,1
1267,2021-08-13 11:00:00,Naive,11,1.735993654131064,1.9137688462080829,2020-08-13 11:00:00,2021-08-13 11:00:00,2021-08-13 11:00:00,365,1
1268,2021-08-14 11:00:00,Decision Tree,11,0.9449592516158124,1.091328371775338,2020-08-14 11:00:00,2021-08-14 11:00:00,2021-08-14 11:00:00,365,1
1269,2021-08-14 11:00:00,Random Forest,11,0.9449592516158124,1.0490264856553226,2020-08-14 11:00:00,2021-08-14 11:00:00,2021-08-14 11:00:00,365,1
1270,2021-08-14 11:00:00,Neural Network,11,0.9449592516158124,1.0252881805952394,2020-08-14 11:00:00,2021-08-14 11:00:00,2021-08-14 11:00:00,365,1
1271,2021-08-14 11:00:00,Naive,11,0.9449592516158124,1.735993654131064,2020-08-14 11:00:00,2021-08-14 11:00:00,2021-08-14 11:00:00,365,1
1272,2021-08-15 11:00:00,Decision Tree,11,0.7403222895251315,0.908668603718167,2020-08-15 11:00:00,2021-08-15 11:00:00,2021-08-15 11:00:00,365,1
1273,2021-08-15 11:00:00,Random Forest,11,0.7403222895251315,0.8696929940646024,2020-08-15 11:00:00,2021-08-15 11:00:00,2021-08-15 11:00:00,365,1
1274,2021-08-15 11:00:00,Neural Network,11,0.7403222895251315,0.23938202957588262,2020-08-15 11:00:00,2021-08-15 11:00:00,2021-08-15 11:00:00,365,1
1275,2021-08-15 11:00:00,Naive,11,0.7403222895251315,0.9449592516158124,2020-08-15 11:00:00,2021-08-15 11:00:00,2021-08-15 11:00:00,365,1
1276,2021-08-16 11:00:00,Decision Tree,11,0.7399829865437955,0.972692778341948,2020-08-16 11:00:00,2021-08-16 11:00:00,2021-08-16 11:00:00,365,1
1277,2021-08-16 11:00:00,Random Forest,11,0.7399829865437955,0.9978169436161987,2020-08-16 11:00:00,2021-08-16 11:00:00,2021-08-16 11:00:00,365,1
1278,2021-08-16 11:00:00,Neural Network,11,0.7399829865437955,0.6089259961629717,2020-08-16 11:00:00,2021-08-16 11:00:00,2021-08-16 11:00:00,365,1
1279,2021-08-16 11:00:00,Naive,11,0.7399829865437955,0.7403222895251315,2020-08-16 11:00:00,2021-08-16 11:00:00,2021-08-16 11:00:00,365,1
1280,2021-08-17 11:00:00,Decision Tree,11,-0.410443993836017,-0.3354761454364733,2020-08-17 11:00:00,2021-08-17 11:00:00,2021-08-17 11:00:00,365,1
1281,2021-08-17 11:00:00,Random Forest,11,-0.410443993836017,-0.35446611571292186,2020-08-17 11:00:00,2021-08-17 11:00:00,2021-08-17 11:00:00,365,1
1282,2021-08-17 11:00:00,Neural Network,11,-0.410443993836017,-0.3275575078456413,2020-08-17 11:00:00,2021-08-17 11:00:00,2021-08-17 11:00:00,365,1
1283,2021-08-17 11:00:00,Naive,11,-0.410443993836017,0.7399829865437955,2020-08-17 11:00:00,2021-08-17 11:00:00,2021-08-17 11:00:00,365,1
1284,2021-08-18 11:00:00,Decision Tree,11,1.854329362044791,1.9496090455391197,2020-08-18 11:00:00,2021-08-18 11:00:00,2021-08-18 11:00:00,365,1
1285,2021-08-18 11:00:00,Random Forest,11,1.854329362044791,2.019374814981061,2020-08-18 11:00:00,2021-08-18 11:00:00,2021-08-18 11:00:00,365,1
1286,2021-08-18 11:00:00,Neural Network,11,1.854329362044791,2.3513849961336217,2020-08-18 11:00:00,2021-08-18 11:00:00,2021-08-18 11:00:00,365,1
1287,2021-08-18 11:00:00,Naive,11,1.854329362044791,-0.410443993836017,2020-08-18 11:00:00,2021-08-18 11:00:00,2021-08-18 11:00:00,365,1
1288,2021-08-19 11:00:00,Decision Tree,11,1.761346444025039,1.9390224140397498,2020-08-19 11:00:00,2021-08-19 11:00:00,2021-08-19 11:00:00,365,1
1289,2021-08-19 11:00:00,Random Forest,11,1.761346444025039,1.9099933815927073,2020-08-19 11:00:00,2021-08-19 11:00:00,2021-08-19 11:00:00,365,1
1290,2021-08-19 11:00:00,Neural Network,11,1.761346444025039,1.7999275010378515,2020-08-19 11:00:00,2021-08-19 11:00:00,2021-08-19 11:00:00,365,1
1291,2021-08-19 11:00:00,Naive,11,1.761346444025039,1.854329362044791,2020-08-19 11:00:00,2021-08-19 11:00:00,2021-08-19 11:00:00,365,1
1292,2021-08-20 11:00:00,Decision Tree,11,1.9885462087739507,2.0193980934030216,2020-08-20 11:00:00,2021-08-20 11:00:00,2021-08-20 11:00:00,365,1
1293,2021-08-20 11:00:00,Random Forest,11,1.9885462087739507,2.019541289943917,2020-08-20 11:00:00,2021-08-20 11:00:00,2021-08-20 11:00:00,365,1
1294,2021-08-20 11:00:00,Neural Network,11,1.9885462087739507,2.0406114262080637,2020-08-20 11:00:00,2021-08-20 11:00:00,2021-08-20 11:00:00,365,1
1295,2021-08-20 11:00:00,Naive,11,1.9885462087739507,1.761346444025039,2020-08-20 11:00:00,2021-08-20 11:00:00,2021-08-20 11:00:00,365,1
1296,2021-08-21 11:00:00,Decision Tree,11,1.5223652788564943,1.6684541349874855,2020-08-21 11:00:00,2021-08-21 11:00:00,2021-08-21 11:00:00,365,1
1297,2021-08-21 11:00:00,Random Forest,11,1.5223652788564943,1.6371005414143247,2020-08-21 11:00:00,2021-08-21 11:00:00,2021-08-21 11:00:00,365,1
1298,2021-08-21 11:00:00,Neural Network,11,1.5223652788564943,1.5324130085099386,2020-08-21 11:00:00,2021-08-21 11:00:00,2021-08-21 11:00:00,365,1
1299,2021-08-21 11:00:00,Naive,11,1.5223652788564943,1.9885462087739507,2020-08-21 11:00:00,2021-08-21 11:00:00,2021-08-21 11:00:00,365,1
1300,2021-08-22 11:00:00,Decision Tree,11,1.476613302467252,1.623585624036301,2020-08-22 11:00:00,2021-08-22 11:00:00,2021-08-22 11:00:00,365,1
1301,2021-08-22 11:00:00,Random Forest,11,1.476613302467252,1.6089521844169448,2020-08-22 11:00:00,2021-08-22 11:00:00,2021-08-22 11:00:00,365,1
1302,2021-08-22 11:00:00,Neural Network,11,1.476613302467252,1.5782535865940175,2020-08-22 11:00:00,2021-08-22 11:00:00,2021-08-22 11:00:00,365,1
1303,2021-08-22 11:00:00,Naive,11,1.476613302467252,1.5223652788564943,2020-08-22 11:00:00,2021-08-22 11:00:00,2021-08-22 11:00:00,365,1
1304,2021-08-23 11:00:00,Decision Tree,11,1.9543486245660595,2.014990681313154,2020-08-23 11:00:00,2021-08-23 11:00:00,2021-08-23 11:00:00,365,1
1305,2021-08-23 11:00:00,Random Forest,11,1.9543486245660595,2.017473284396922,2020-08-23 11:00:00,2021-08-23 11:00:00,2021-08-23 11:00:00,365,1
1306,2021-08-23 11:00:00,Neural Network,11,1.9543486245660595,2.05616323421825,2020-08-23 11:00:00,2021-08-23 11:00:00,2021-08-23 11:00:00,365,1
1307,2021-08-23 11:00:00,Naive,11,1.9543486245660595,1.476613302467252,2020-08-23 11:00:00,2021-08-23 11:00:00,2021-08-23 11:00:00,365,1
1308,2021-08-24 11:00:00,Decision Tree,11,1.830848524117346,1.9172833758117314,2020-08-24 11:00:00,2021-08-24 11:00:00,2021-08-24 11:00:00,365,1
1309,2021-08-24 11:00:00,Random Forest,11,1.830848524117346,1.9055775400256107,2020-08-24 11:00:00,2021-08-24 11:00:00,2021-08-24 11:00:00,365,1
1310,2021-08-24 11:00:00,Neural Network,11,1.830848524117346,1.9927992128681287,2020-08-24 11:00:00,2021-08-24 11:00:00,2021-08-24 11:00:00,365,1
1311,2021-08-24 11:00:00,Naive,11,1.830848524117346,1.9543486245660595,2020-08-24 11:00:00,2021-08-24 11:00:00,2021-08-24 11:00:00,365,1
1312,2021-08-25 11:00:00,Decision Tree,11,1.5585176889146624,1.5990902371081261,2020-08-25 11:00:00,2021-08-25 11:00:00,2021-08-25 11:00:00,365,1
1313,2021-08-25 11:00:00,Random Forest,11,1.5585176889146624,1.6745972442786865,2020-08-25 11:00:00,2021-08-25 11:00:00,2021-08-25 11:00:00,365,1
1314,2021-08-25 11:00:00,Neural Network,11,1.5585176889146624,1.6725909276160036,2020-08-25 11:00:00,2021-08-25 11:00:00,2021-08-25 11:00:00,365,1
1315,2021-08-25 11:00:00,Naive,11,1.5585176889146624,1.830848524117346,2020-08-25 11:00:00,2021-08-25 11:00:00,2021-08-25 11:00:00,365,1
1316,2021-08-26 11:00:00,Decision Tree,11,1.9233925422858944,1.9642755318997973,2020-08-26 11:00:00,2021-08-26 11:00:00,2021-08-26 11:00:00,365,1
1317,2021-08-26 11:00:00,Random Forest,11,1.9233925422858944,1.9733891158796935,2020-08-26 11:00:00,2021-08-26 11:00:00,2021-08-26 11:00:00,365,1
1318,2021-08-26 11:00:00,Neural Network,11,1.9233925422858944,2.037173568639524,2020-08-26 11:00:00,2021-08-26 11:00:00,2021-08-26 11:00:00,365,1
1319,2021-08-26 11:00:00,Naive,11,1.9233925422858944,1.5585176889146624,2020-08-26 11:00:00,2021-08-26 11:00:00,2021-08-26 11:00:00,365,1
1320,2021-08-27 11:00:00,Decision Tree,11,1.9231853581061928,1.9680042823347412,2020-08-27 11:00:00,2021-08-27 11:00:00,2021-08-27 11:00:00,365,1
1321,2021-08-27 11:00:00,Random Forest,11,1.9231853581061928,1.9601878415579446,2020-08-27 11:00:00,2021-08-27 11:00:00,2021-08-27 11:00:00,365,1
1322,2021-08-27 11:00:00,Neural Network,11,1.9231853581061928,2.17693622660452,2020-08-27 11:00:00,2021-08-27 11:00:00,2021-08-27 11:00:00,365,1
1323,2021-08-27 11:00:00,Naive,11,1.9231853581061928,1.9233925422858944,2020-08-27 11:00:00,2021-08-27 11:00:00,2021-08-27 11:00:00,365,1
1324,2021-08-28 11:00:00,Decision Tree,11,1.6391372765482055,1.5932941587947742,2020-08-28 11:00:00,2021-08-28 11:00:00,2021-08-28 11:00:00,365,1
1325,2021-08-28 11:00:00,Random Forest,11,1.6391372765482055,1.6663453561239923,2020-08-28 11:00:00,2021-08-28 11:00:00,2021-08-28 11:00:00,365,1
1326,2021-08-28 11:00:00,Neural Network,11,1.6391372765482055,1.7488131569699676,2020-08-28 11:00:00,2021-08-28 11:00:00,2021-08-28 11:00:00,365,1
1327,2021-08-28 11:00:00,Naive,11,1.6391372765482055,1.9231853581061928,2020-08-28 11:00:00,2021-08-28 11:00:00,2021-08-28 11:00:00,365,1
1328,2021-08-29 11:00:00,Decision Tree,11,1.5859383375308551,1.5990245485139531,2020-08-29 11:00:00,2021-08-29 11:00:00,2021-08-29 11:00:00,365,1
1329,2021-08-29 11:00:00,Random Forest,11,1.5859383375308551,1.6446114134630958,2020-08-29 11:00:00,2021-08-29 11:00:00,2021-08-29 11:00:00,365,1
1330,2021-08-29 11:00:00,Neural Network,11,1.5859383375308551,1.6619237004563077,2020-08-29 11:00:00,2021-08-29 11:00:00,2021-08-29 11:00:00,365,1
1331,2021-08-29 11:00:00,Naive,11,1.5859383375308551,1.6391372765482055,2020-08-29 11:00:00,2021-08-29 11:00:00,2021-08-29 11:00:00,365,1
1332,2021-08-30 11:00:00,Decision Tree,11,2.2178337411007427,1.9525650799844392,2020-08-30 11:00:00,2021-08-30 11:00:00,2021-08-30 11:00:00,365,1
1333,2021-08-30 11:00:00,Random Forest,11,2.2178337411007427,1.9787193696766368,2020-08-30 11:00:00,2021-08-30 11:00:00,2021-08-30 11:00:00,365,1
1334,2021-08-30 11:00:00,Neural Network,11,2.2178337411007427,2.4048590925679845,2020-08-30 11:00:00,2021-08-30 11:00:00,2021-08-30 11:00:00,365,1
1335,2021-08-30 11:00:00,Naive,11,2.2178337411007427,1.5859383375308551,2020-08-30 11:00:00,2021-08-30 11:00:00,2021-08-30 11:00:00,365,1
1336,2021-08-31 11:00:00,Decision Tree,11,2.095292757100537,1.9525650799844392,2020-08-31 11:00:00,2021-08-31 11:00:00,2021-08-31 11:00:00,365,1
1337,2021-08-31 11:00:00,Random Forest,11,2.095292757100537,2.0026919449733067,2020-08-31 11:00:00,2021-08-31 11:00:00,2021-08-31 11:00:00,365,1
1338,2021-08-31 11:00:00,Neural Network,11,2.095292757100537,2.254792967156666,2020-08-31 11:00:00,2021-08-31 11:00:00,2021-08-31 11:00:00,365,1
1339,2021-08-31 11:00:00,Naive,11,2.095292757100537,2.2178337411007427,2020-08-31 11:00:00,2021-08-31 11:00:00,2021-08-31 11:00:00,365,1
1340,2021-09-01 11:00:00,Decision Tree,11,2.0090554388982254,2.0829479999834186,2020-09-01 11:00:00,2021-09-01 11:00:00,2021-09-01 11:00:00,365,1
1341,2021-09-01 11:00:00,Random Forest,11,2.0090554388982254,2.020720867589874,2020-09-01 11:00:00,2021-09-01 11:00:00,2021-09-01 11:00:00,365,1
1342,2021-09-01 11:00:00,Neural Network,11,2.0090554388982254,2.205067471164833,2020-09-01 11:00:00,2021-09-01 11:00:00,2021-09-01 11:00:00,365,1
1343,2021-09-01 11:00:00,Naive,11,2.0090554388982254,2.095292757100537,2020-09-01 11:00:00,2021-09-01 11:00:00,2021-09-01 11:00:00,365,1
1344,2021-09-02 11:00:00,Decision Tree,11,2.0495086336517083,2.0821375625958467,2020-09-02 11:00:00,2021-09-02 11:00:00,2021-09-02 11:00:00,365,1
1345,2021-09-02 11:00:00,Random Forest,11,2.0495086336517083,2.017738814819049,2020-09-02 11:00:00,2021-09-02 11:00:00,2021-09-02 11:00:00,365,1
1346,2021-09-02 11:00:00,Neural Network,11,2.0495086336517083,2.2215139907986154,2020-09-02 11:00:00,2021-09-02 11:00:00,2021-09-02 11:00:00,365,1
1347,2021-09-02 11:00:00,Naive,11,2.0495086336517083,2.0090554388982254,2020-09-02 11:00:00,2021-09-02 11:00:00,2021-09-02 11:00:00,365,1
1348,2021-09-03 11:00:00,Decision Tree,11,1.8464631213230767,1.9406483159880359,2020-09-03 11:00:00,2021-09-03 11:00:00,2021-09-03 11:00:00,365,1
1349,2021-09-03 11:00:00,Random Forest,11,1.8464631213230767,1.9423351223381269,2020-09-03 11:00:00,2021-09-03 11:00:00,2021-09-03 11:00:00,365,1
1350,2021-09-03 11:00:00,Neural Network,11,1.8464631213230767,1.950550889883272,2020-09-03 11:00:00,2021-09-03 11:00:00,2021-09-03 11:00:00,365,1
1351,2021-09-03 11:00:00,Naive,11,1.8464631213230767,2.0495086336517083,2020-09-03 11:00:00,2021-09-03 11:00:00,2021-09-03 11:00:00,365,1
1352,2021-09-04 11:00:00,Decision Tree,11,1.6777719262866897,1.7865531813442577,2020-09-04 11:00:00,2021-09-04 11:00:00,2021-09-04 11:00:00,365,1
1353,2021-09-04 11:00:00,Random Forest,11,1.6777719262866897,1.7875692833246228,2020-09-04 11:00:00,2021-09-04 11:00:00,2021-09-04 11:00:00,365,1
1354,2021-09-04 11:00:00,Neural Network,11,1.6777719262866897,1.7427512107391525,2020-09-04 11:00:00,2021-09-04 11:00:00,2021-09-04 11:00:00,365,1
1355,2021-09-04 11:00:00,Naive,11,1.6777719262866897,1.8464631213230767,2020-09-04 11:00:00,2021-09-04 11:00:00,2021-09-04 11:00:00,365,1
1356,2021-09-05 11:00:00,Decision Tree,11,1.567305482422944,1.5983366187115262,2020-09-05 11:00:00,2021-09-05 11:00:00,2021-09-05 11:00:00,365,1
1357,2021-09-05 11:00:00,Random Forest,11,1.567305482422944,1.603335005445008,2020-09-05 11:00:00,2021-09-05 11:00:00,2021-09-05 11:00:00,365,1
1358,2021-09-05 11:00:00,Neural Network,11,1.567305482422944,1.6823704295796706,2020-09-05 11:00:00,2021-09-05 11:00:00,2021-09-05 11:00:00,365,1
1359,2021-09-05 11:00:00,Naive,11,1.567305482422944,1.6777719262866897,2020-09-05 11:00:00,2021-09-05 11:00:00,2021-09-05 11:00:00,365,1
1360,2021-09-06 11:00:00,Decision Tree,11,2.0020889913679407,1.9897826159259404,2020-09-06 11:00:00,2021-09-06 11:00:00,2021-09-06 11:00:00,365,1
1361,2021-09-06 11:00:00,Random Forest,11,2.0020889913679407,2.011307808433776,2020-09-06 11:00:00,2021-09-06 11:00:00,2021-09-06 11:00:00,365,1
1362,2021-09-06 11:00:00,Neural Network,11,2.0020889913679407,2.241239452101722,2020-09-06 11:00:00,2021-09-06 11:00:00,2021-09-06 11:00:00,365,1
1363,2021-09-06 11:00:00,Naive,11,2.0020889913679407,1.567305482422944,2020-09-06 11:00:00,2021-09-06 11:00:00,2021-09-06 11:00:00,365,1
1364,2021-09-07 11:00:00,Decision Tree,11,2.114004045942524,2.028898405958473,2020-09-07 11:00:00,2021-09-07 11:00:00,2021-09-07 11:00:00,365,1
1365,2021-09-07 11:00:00,Random Forest,11,2.114004045942524,2.039830363544988,2020-09-07 11:00:00,2021-09-07 11:00:00,2021-09-07 11:00:00,365,1
1366,2021-09-07 11:00:00,Neural Network,11,2.114004045942524,2.4140707920746274,2020-09-07 11:00:00,2021-09-07 11:00:00,2021-09-07 11:00:00,365,1
1367,2021-09-07 11:00:00,Naive,11,2.114004045942524,2.0020889913679407,2020-09-07 11:00:00,2021-09-07 11:00:00,2021-09-07 11:00:00,365,1
1368,2021-09-08 11:00:00,Decision Tree,11,1.9719466302373367,1.972997502769014,2020-09-08 11:00:00,2021-09-08 11:00:00,2021-09-08 11:00:00,365,1
1369,2021-09-08 11:00:00,Random Forest,11,1.9719466302373367,2.046715526371189,2020-09-08 11:00:00,2021-09-08 11:00:00,2021-09-08 11:00:00,365,1
1370,2021-09-08 11:00:00,Neural Network,11,1.9719466302373367,2.111985701198172,2020-09-08 11:00:00,2021-09-08 11:00:00,2021-09-08 11:00:00,365,1
1371,2021-09-08 11:00:00,Naive,11,1.9719466302373367,2.114004045942524,2020-09-08 11:00:00,2021-09-08 11:00:00,2021-09-08 11:00:00,365,1
1372,2021-09-09 11:00:00,Decision Tree,11,2.0885788171847732,2.0889059946830533,2020-09-09 11:00:00,2021-09-09 11:00:00,2021-09-09 11:00:00,365,1
1373,2021-09-09 11:00:00,Random Forest,11,2.0885788171847732,2.0759092645470383,2020-09-09 11:00:00,2021-09-09 11:00:00,2021-09-09 11:00:00,365,1
1374,2021-09-09 11:00:00,Neural Network,11,2.0885788171847732,2.1986796099227854,2020-09-09 11:00:00,2021-09-09 11:00:00,2021-09-09 11:00:00,365,1
1375,2021-09-09 11:00:00,Naive,11,2.0885788171847732,1.9719466302373367,2020-09-09 11:00:00,2021-09-09 11:00:00,2021-09-09 11:00:00,365,1
1376,2021-09-10 11:00:00,Decision Tree,11,2.357159215210326,2.088859255040442,2020-09-10 11:00:00,2021-09-10 11:00:00,2021-09-10 11:00:00,365,1
1377,2021-09-10 11:00:00,Random Forest,11,2.357159215210326,2.0823391899219184,2020-09-10 11:00:00,2021-09-10 11:00:00,2021-09-10 11:00:00,365,1
1378,2021-09-10 11:00:00,Neural Network,11,2.357159215210326,2.3644991577308687,2020-09-10 11:00:00,2021-09-10 11:00:00,2021-09-10 11:00:00,365,1
1379,2021-09-10 11:00:00,Naive,11,2.357159215210326,2.0885788171847732,2020-09-10 11:00:00,2021-09-10 11:00:00,2021-09-10 11:00:00,365,1
1380,2021-09-11 11:00:00,Decision Tree,11,2.249717752105104,1.9122316984978613,2020-09-11 11:00:00,2021-09-11 11:00:00,2021-09-11 11:00:00,365,1
1381,2021-09-11 11:00:00,Random Forest,11,2.249717752105104,2.0454538171139243,2020-09-11 11:00:00,2021-09-11 11:00:00,2021-09-11 11:00:00,365,1
1382,2021-09-11 11:00:00,Neural Network,11,2.249717752105104,2.378979188417648,2020-09-11 11:00:00,2021-09-11 11:00:00,2021-09-11 11:00:00,365,1
1383,2021-09-11 11:00:00,Naive,11,2.249717752105104,2.357159215210326,2020-09-11 11:00:00,2021-09-11 11:00:00,2021-09-11 11:00:00,365,1
1384,2021-09-12 11:00:00,Decision Tree,11,1.8155532603839253,2.0251866200745843,2020-09-12 11:00:00,2021-09-12 11:00:00,2021-09-12 11:00:00,365,1
1385,2021-09-12 11:00:00,Random Forest,11,1.8155532603839253,1.9342839717519231,2020-09-12 11:00:00,2021-09-12 11:00:00,2021-09-12 11:00:00,365,1
1386,2021-09-12 11:00:00,Neural Network,11,1.8155532603839253,1.8048718675955002,2020-09-12 11:00:00,2021-09-12 11:00:00,2021-09-12 11:00:00,365,1
1387,2021-09-12 11:00:00,Naive,11,1.8155532603839253,2.249717752105104,2020-09-12 11:00:00,2021-09-12 11:00:00,2021-09-12 11:00:00,365,1
1388,2021-09-13 11:00:00,Decision Tree,11,2.308320369005457,2.2495917611045324,2020-09-13 11:00:00,2021-09-13 11:00:00,2021-09-13 11:00:00,365,1
1389,2021-09-13 11:00:00,Random Forest,11,2.308320369005457,2.172399430044552,2020-09-13 11:00:00,2021-09-13 11:00:00,2021-09-13 11:00:00,365,1
1390,2021-09-13 11:00:00,Neural Network,11,2.308320369005457,2.560735561804588,2020-09-13 11:00:00,2021-09-13 11:00:00,2021-09-13 11:00:00,365,1
1391,2021-09-13 11:00:00,Naive,11,2.308320369005457,1.8155532603839253,2020-09-13 11:00:00,2021-09-13 11:00:00,2021-09-13 11:00:00,365,1
1392,2021-09-14 11:00:00,Decision Tree,11,2.1335869867211494,2.1228883750652066,2020-09-14 11:00:00,2021-09-14 11:00:00,2021-09-14 11:00:00,365,1
1393,2021-09-14 11:00:00,Random Forest,11,2.1335869867211494,2.118753679177694,2020-09-14 11:00:00,2021-09-14 11:00:00,2021-09-14 11:00:00,365,1
1394,2021-09-14 11:00:00,Neural Network,11,2.1335869867211494,2.234109616692083,2020-09-14 11:00:00,2021-09-14 11:00:00,2021-09-14 11:00:00,365,1
1395,2021-09-14 11:00:00,Naive,11,2.1335869867211494,2.308320369005457,2020-09-14 11:00:00,2021-09-14 11:00:00,2021-09-14 11:00:00,365,1
1396,2021-09-15 11:00:00,Decision Tree,11,2.6354704320360938,2.149187974135848,2020-09-15 11:00:00,2021-09-15 11:00:00,2021-09-15 11:00:00,365,1
1397,2021-09-15 11:00:00,Random Forest,11,2.6354704320360938,2.2379487981364554,2020-09-15 11:00:00,2021-09-15 11:00:00,2021-09-15 11:00:00,365,1
1398,2021-09-15 11:00:00,Neural Network,11,2.6354704320360938,3.0140733015110674,2020-09-15 11:00:00,2021-09-15 11:00:00,2021-09-15 11:00:00,365,1
1399,2021-09-15 11:00:00,Naive,11,2.6354704320360938,2.1335869867211494,2020-09-15 11:00:00,2021-09-15 11:00:00,2021-09-15 11:00:00,365,1
1400,2021-09-16 11:00:00,Decision Tree,11,2.6342801515951377,2.3112891949830927,2020-09-16 11:00:00,2021-09-16 11:00:00,2021-09-16 11:00:00,365,1
1401,2021-09-16 11:00:00,Random Forest,11,2.6342801515951377,2.3732887435070724,2020-09-16 11:00:00,2021-09-16 11:00:00,2021-09-16 11:00:00,365,1
1402,2021-09-16 11:00:00,Neural Network,11,2.6342801515951377,2.960821385592048,2020-09-16 11:00:00,2021-09-16 11:00:00,2021-09-16 11:00:00,365,1
1403,2021-09-16 11:00:00,Naive,11,2.6342801515951377,2.6354704320360938,2020-09-16 11:00:00,2021-09-16 11:00:00,2021-09-16 11:00:00,365,1
1404,2021-09-17 11:00:00,Decision Tree,11,2.527210423051983,2.400463610175477,2020-09-17 11:00:00,2021-09-17 11:00:00,2021-09-17 11:00:00,365,1
1405,2021-09-17 11:00:00,Random Forest,11,2.527210423051983,2.4118950379866018,2020-09-17 11:00:00,2021-09-17 11:00:00,2021-09-17 11:00:00,365,1
1406,2021-09-17 11:00:00,Neural Network,11,2.527210423051983,2.6603033335419153,2020-09-17 11:00:00,2021-09-17 11:00:00,2021-09-17 11:00:00,365,1
1407,2021-09-17 11:00:00,Naive,11,2.527210423051983,2.6342801515951377,2020-09-17 11:00:00,2021-09-17 11:00:00,2021-09-17 11:00:00,365,1
1408,2021-09-18 11:00:00,Decision Tree,11,2.1271653765023557,1.896118625478872,2020-09-18 11:00:00,2021-09-18 11:00:00,2021-09-18 11:00:00,365,1
1409,2021-09-18 11:00:00,Random Forest,11,2.1271653765023557,2.0285679135960644,2020-09-18 11:00:00,2021-09-18 11:00:00,2021-09-18 11:00:00,365,1
1410,2021-09-18 11:00:00,Neural Network,11,2.1271653765023557,2.1034539109414943,2020-09-18 11:00:00,2021-09-18 11:00:00,2021-09-18 11:00:00,365,1
1411,2021-09-18 11:00:00,Naive,11,2.1271653765023557,2.527210423051983,2020-09-18 11:00:00,2021-09-18 11:00:00,2021-09-18 11:00:00,365,1
1412,2021-09-19 11:00:00,Decision Tree,11,1.4347979361441672,1.5983366187115262,2020-09-19 11:00:00,2021-09-19 11:00:00,2021-09-19 11:00:00,365,1
1413,2021-09-19 11:00:00,Random Forest,11,1.4347979361441672,1.5994373184538335,2020-09-19 11:00:00,2021-09-19 11:00:00,2021-09-19 11:00:00,365,1
1414,2021-09-19 11:00:00,Neural Network,11,1.4347979361441672,1.701068103883747,2020-09-19 11:00:00,2021-09-19 11:00:00,2021-09-19 11:00:00,365,1
1415,2021-09-19 11:00:00,Naive,11,1.4347979361441672,2.1271653765023557,2020-09-19 11:00:00,2021-09-19 11:00:00,2021-09-19 11:00:00,365,1
1416,2021-09-20 11:00:00,Decision Tree,11,2.4909736311901205,2.418570297729264,2020-09-20 11:00:00,2021-09-20 11:00:00,2021-09-20 11:00:00,365,1
1417,2021-09-20 11:00:00,Random Forest,11,2.4909736311901205,2.423324381478063,2020-09-20 11:00:00,2021-09-20 11:00:00,2021-09-20 11:00:00,365,1
1418,2021-09-20 11:00:00,Neural Network,11,2.4909736311901205,2.6633645581327263,2020-09-20 11:00:00,2021-09-20 11:00:00,2021-09-20 11:00:00,365,1
1419,2021-09-20 11:00:00,Naive,11,2.4909736311901205,1.4347979361441672,2020-09-20 11:00:00,2021-09-20 11:00:00,2021-09-20 11:00:00,365,1
1420,2021-09-21 11:00:00,Decision Tree,11,2.38538200102891,2.4276207144118707,2020-09-21 11:00:00,2021-09-21 11:00:00,2021-09-21 11:00:00,365,1
1421,2021-09-21 11:00:00,Random Forest,11,2.38538200102891,2.3528045154284007,2020-09-21 11:00:00,2021-09-21 11:00:00,2021-09-21 11:00:00,365,1
1422,2021-09-21 11:00:00,Neural Network,11,2.38538200102891,2.4148550362428614,2020-09-21 11:00:00,2021-09-21 11:00:00,2021-09-21 11:00:00,365,1
1423,2021-09-21 11:00:00,Naive,11,2.38538200102891,2.4909736311901205,2020-09-21 11:00:00,2021-09-21 11:00:00,2021-09-21 11:00:00,365,1
1424,2021-09-22 11:00:00,Decision Tree,11,2.4515865665399343,2.422927524035986,2020-09-22 11:00:00,2021-09-22 11:00:00,2021-09-22 11:00:00,365,1
1425,2021-09-22 11:00:00,Random Forest,11,2.4515865665399343,2.4777244356230144,2020-09-22 11:00:00,2021-09-22 11:00:00,2021-09-22 11:00:00,365,1
1426,2021-09-22 11:00:00,Neural Network,11,2.4515865665399343,2.5047489627510147,2020-09-22 11:00:00,2021-09-22 11:00:00,2021-09-22 11:00:00,365,1
1427,2021-09-22 11:00:00,Naive,11,2.4515865665399343,2.38538200102891,2020-09-22 11:00:00,2021-09-22 11:00:00,2021-09-22 11:00:00,365,1
1428,2021-09-23 11:00:00,Decision Tree,11,0.6403592792842763,1.0098489159988517,2020-09-23 11:00:00,2021-09-23 11:00:00,2021-09-23 11:00:00,365,1
1429,2021-09-23 11:00:00,Random Forest,11,0.6403592792842763,0.9730369615900918,2020-09-23 11:00:00,2021-09-23 11:00:00,2021-09-23 11:00:00,365,1
1430,2021-09-23 11:00:00,Neural Network,11,0.6403592792842763,0.4671333077115547,2020-09-23 11:00:00,2021-09-23 11:00:00,2021-09-23 11:00:00,365,1
1431,2021-09-23 11:00:00,Naive,11,0.6403592792842763,2.4515865665399343,2020-09-23 11:00:00,2021-09-23 11:00:00,2021-09-23 11:00:00,365,1
1432,2021-09-24 11:00:00,Decision Tree,11,1.8811302572942767,1.9527462507275573,2020-09-24 11:00:00,2021-09-24 11:00:00,2021-09-24 11:00:00,365,1
1433,2021-09-24 11:00:00,Random Forest,11,1.8811302572942767,2.018460485598375,2020-09-24 11:00:00,2021-09-24 11:00:00,2021-09-24 11:00:00,365,1
1434,2021-09-24 11:00:00,Neural Network,11,1.8811302572942767,2.0095542586105184,2020-09-24 11:00:00,2021-09-24 11:00:00,2021-09-24 11:00:00,365,1
1435,2021-09-24 11:00:00,Naive,11,1.8811302572942767,0.6403592792842763,2020-09-24 11:00:00,2021-09-24 11:00:00,2021-09-24 11:00:00,365,1
1436,2021-09-25 11:00:00,Decision Tree,11,1.8141209452859086,1.923125923333733,2020-09-25 11:00:00,2021-09-25 11:00:00,2021-09-25 11:00:00,365,1
1437,2021-09-25 11:00:00,Random Forest,11,1.8141209452859086,1.9177238038997435,2020-09-25 11:00:00,2021-09-25 11:00:00,2021-09-25 11:00:00,365,1
1438,2021-09-25 11:00:00,Neural Network,11,1.8141209452859086,1.7806957166423238,2020-09-25 11:00:00,2021-09-25 11:00:00,2021-09-25 11:00:00,365,1
1439,2021-09-25 11:00:00,Naive,11,1.8141209452859086,1.8811302572942767,2020-09-25 11:00:00,2021-09-25 11:00:00,2021-09-25 11:00:00,365,1
1440,2021-09-26 11:00:00,Decision Tree,11,1.8657053674098842,1.911014259106197,2020-09-26 11:00:00,2021-09-26 11:00:00,2021-09-26 11:00:00,365,1
1441,2021-09-26 11:00:00,Random Forest,11,1.8657053674098842,1.9243432874922741,2020-09-26 11:00:00,2021-09-26 11:00:00,2021-09-26 11:00:00,365,1
1442,2021-09-26 11:00:00,Neural Network,11,1.8657053674098842,1.9599092698551117,2020-09-26 11:00:00,2021-09-26 11:00:00,2021-09-26 11:00:00,365,1
1443,2021-09-26 11:00:00,Naive,11,1.8657053674098842,1.8141209452859086,2020-09-26 11:00:00,2021-09-26 11:00:00,2021-09-26 11:00:00,365,1
1444,2021-09-27 11:00:00,Decision Tree,11,2.436890302912482,2.5479042408826538,2020-09-27 11:00:00,2021-09-27 11:00:00,2021-09-27 11:00:00,365,1
1445,2021-09-27 11:00:00,Random Forest,11,2.436890302912482,2.465185413741984,2020-09-27 11:00:00,2021-09-27 11:00:00,2021-09-27 11:00:00,365,1
1446,2021-09-27 11:00:00,Neural Network,11,2.436890302912482,2.55821945763268,2020-09-27 11:00:00,2021-09-27 11:00:00,2021-09-27 11:00:00,365,1
1447,2021-09-27 11:00:00,Naive,11,2.436890302912482,1.8657053674098842,2020-09-27 11:00:00,2021-09-27 11:00:00,2021-09-27 11:00:00,365,1
1448,2021-09-28 11:00:00,Decision Tree,11,2.449245425553189,2.5294019178876255,2020-09-28 11:00:00,2021-09-28 11:00:00,2021-09-28 11:00:00,365,1
1449,2021-09-28 11:00:00,Random Forest,11,2.449245425553189,2.44420259448317,2020-09-28 11:00:00,2021-09-28 11:00:00,2021-09-28 11:00:00,365,1
1450,2021-09-28 11:00:00,Neural Network,11,2.449245425553189,2.52918600002601,2020-09-28 11:00:00,2021-09-28 11:00:00,2021-09-28 11:00:00,365,1
1451,2021-09-28 11:00:00,Naive,11,2.449245425553189,2.436890302912482,2020-09-28 11:00:00,2021-09-28 11:00:00,2021-09-28 11:00:00,365,1
1452,2021-09-29 11:00:00,Decision Tree,11,2.504286884118937,2.517950990411277,2020-09-29 11:00:00,2021-09-29 11:00:00,2021-09-29 11:00:00,365,1
1453,2021-09-29 11:00:00,Random Forest,11,2.504286884118937,2.528609287507476,2020-09-29 11:00:00,2021-09-29 11:00:00,2021-09-29 11:00:00,365,1
1454,2021-09-29 11:00:00,Neural Network,11,2.504286884118937,2.63413298051839,2020-09-29 11:00:00,2021-09-29 11:00:00,2021-09-29 11:00:00,365,1
1455,2021-09-29 11:00:00,Naive,11,2.504286884118937,2.449245425553189,2020-09-29 11:00:00,2021-09-29 11:00:00,2021-09-29 11:00:00,365,1
1456,2021-09-30 11:00:00,Decision Tree,11,1.6267979489447266,1.8379458108320212,2020-09-30 11:00:00,2021-09-30 11:00:00,2021-09-30 11:00:00,365,1
1457,2021-09-30 11:00:00,Random Forest,11,1.6267979489447266,1.8490495792212294,2020-09-30 11:00:00,2021-09-30 11:00:00,2021-09-30 11:00:00,365,1
1458,2021-09-30 11:00:00,Neural Network,11,1.6267979489447266,1.7860863175689827,2020-09-30 11:00:00,2021-09-30 11:00:00,2021-09-30 11:00:00,365,1
1459,2021-09-30 11:00:00,Naive,11,1.6267979489447266,2.504286884118937,2020-09-30 11:00:00,2021-09-30 11:00:00,2021-09-30 11:00:00,365,1
