,timestamp,model,hour,y_true,y_pred,train_start,train_end,test_day,train_rows,test_rows
0,2020-10-02,Decision Tree,0,-0.27819131708924427,-0.2903292020201097,2019-10-02,2020-10-02,2020-10-02,366,1
1,2020-10-02,Random Forest,0,-0.27819131708924427,-0.2795521537938429,2019-10-02,2020-10-02,2020-10-02,366,1
2,2020-10-02,Neural Network,0,-0.27819131708924427,-0.19277566024169124,2019-10-02,2020-10-02,2020-10-02,366,1
3,2020-10-02,Naive,0,-0.27819131708924427,-0.12037803648599593,2019-10-02,2020-10-02,2020-10-02,366,1
4,2020-10-03,Decision Tree,0,-1.655273314987267,-1.6517155183537289,2019-10-03,2020-10-03,2020-10-03,366,1
5,2020-10-03,Random Forest,0,-1.655273314987267,-1.6579053117811016,2019-10-03,2020-10-03,2020-10-03,366,1
6,2020-10-03,Neural Network,0,-1.655273314987267,-1.2234727713144942,2019-10-03,2020-10-03,2020-10-03,366,1
7,2020-10-03,Naive,0,-1.655273314987267,-0.27819131708924427,2019-10-03,2020-10-03,2020-10-03,366,1
8,2020-10-04,Decision Tree,0,-0.6124189351125301,-0.6001959432764192,2019-10-04,2020-10-04,2020-10-04,366,1
9,2020-10-04,Random Forest,0,-0.6124189351125301,-0.6120378078852363,2019-10-04,2020-10-04,2020-10-04,366,1
10,2020-10-04,Neural Network,0,-0.6124189351125301,-0.5027486417970335,2019-10-04,2020-10-04,2020-10-04,366,1
11,2020-10-04,Naive,0,-0.6124189351125301,-1.655273314987267,2019-10-04,2020-10-04,2020-10-04,366,1
12,2020-10-05,Decision Tree,0,-0.975383858506049,-0.9704501463078206,2019-10-05,2020-10-05,2020-10-05,366,1
13,2020-10-05,Random Forest,0,-0.975383858506049,-0.973233329156942,2019-10-05,2020-10-05,2020-10-05,366,1
14,2020-10-05,Neural Network,0,-0.975383858506049,-1.0024380196778597,2019-10-05,2020-10-05,2020-10-05,366,1
15,2020-10-05,Naive,0,-0.975383858506049,-0.6124189351125301,2019-10-05,2020-10-05,2020-10-05,366,1
16,2020-10-06,Decision Tree,0,-0.47782605031781994,-0.4809110093288981,2019-10-06,2020-10-06,2020-10-06,366,1
17,2020-10-06,Random Forest,0,-0.47782605031781994,-0.47923822919840203,2019-10-06,2020-10-06,2020-10-06,366,1
18,2020-10-06,Neural Network,0,-0.47782605031781994,-0.5397652341031696,2019-10-06,2020-10-06,2020-10-06,366,1
19,2020-10-06,Naive,0,-0.47782605031781994,-0.975383858506049,2019-10-06,2020-10-06,2020-10-06,366,1
20,2020-10-07,Decision Tree,0,-0.39360841495982973,-0.3846811614144981,2019-10-07,2020-10-07,2020-10-07,366,1
21,2020-10-07,Random Forest,0,-0.39360841495982973,-0.3958437857638624,2019-10-07,2020-10-07,2020-10-07,366,1
22,2020-10-07,Neural Network,0,-0.39360841495982973,-0.48234206933624324,2019-10-07,2020-10-07,2020-10-07,366,1
23,2020-10-07,Naive,0,-0.39360841495982973,-0.47782605031781994,2019-10-07,2020-10-07,2020-10-07,366,1
24,2020-10-08,Decision Tree,0,-0.6726476213484959,-0.6813195111236792,2019-10-08,2020-10-08,2020-10-08,366,1
25,2020-10-08,Random Forest,0,-0.6726476213484959,-0.6739636915098801,2019-10-08,2020-10-08,2020-10-08,366,1
26,2020-10-08,Neural Network,0,-0.6726476213484959,-0.7245536813304903,2019-10-08,2020-10-08,2020-10-08,366,1
27,2020-10-08,Naive,0,-0.6726476213484959,-0.39360841495982973,2019-10-08,2020-10-08,2020-10-08,366,1
28,2020-10-09,Decision Tree,0,-1.3381681764826288,-1.3360539525439676,2019-10-09,2020-10-09,2020-10-09,366,1
29,2020-10-09,Random Forest,0,-1.3381681764826288,-1.323329314646505,2019-10-09,2020-10-09,2020-10-09,366,1
30,2020-10-09,Neural Network,0,-1.3381681764826288,-1.2775910313530936,2019-10-09,2020-10-09,2020-10-09,366,1
31,2020-10-09,Naive,0,-1.3381681764826288,-0.6726476213484959,2019-10-09,2020-10-09,2020-10-09,366,1
32,2020-10-10,Decision Tree,0,0.0805968134805625,0.052061639895693325,2019-10-10,2020-10-10,2020-10-10,366,1
33,2020-10-10,Random Forest,0,0.0805968134805625,0.060996719785965124,2019-10-10,2020-10-10,2020-10-10,366,1
34,2020-10-10,Neural Network,0,0.0805968134805625,-0.04324160191627768,2019-10-10,2020-10-10,2020-10-10,366,1
35,2020-10-10,Naive,0,0.0805968134805625,-1.3381681764826288,2019-10-10,2020-10-10,2020-10-10,366,1
36,2020-10-11,Decision Tree,0,-0.5469962722792169,-0.5360857665094015,2019-10-11,2020-10-11,2020-10-11,366,1
37,2020-10-11,Random Forest,0,-0.5469962722792169,-0.5455178121620595,2019-10-11,2020-10-11,2020-10-11,366,1
38,2020-10-11,Neural Network,0,-0.5469962722792169,-0.5010227432381151,2019-10-11,2020-10-11,2020-10-11,366,1
39,2020-10-11,Naive,0,-0.5469962722792169,0.0805968134805625,2019-10-11,2020-10-11,2020-10-11,366,1
40,2020-10-12,Decision Tree,0,-0.31386613219783405,-0.312578844043399,2019-10-12,2020-10-12,2020-10-12,366,1
41,2020-10-12,Random Forest,0,-0.31386613219783405,-0.3186753752788702,2019-10-12,2020-10-12,2020-10-12,366,1
42,2020-10-12,Neural Network,0,-0.31386613219783405,-0.2532799333209186,2019-10-12,2020-10-12,2020-10-12,366,1
43,2020-10-12,Naive,0,-0.31386613219783405,-0.5469962722792169,2019-10-12,2020-10-12,2020-10-12,366,1
44,2020-10-13,Decision Tree,0,-0.04950656602180708,-0.05932420513758353,2019-10-13,2020-10-13,2020-10-13,366,1
45,2020-10-13,Random Forest,0,-0.04950656602180708,-0.05841244917417699,2019-10-13,2020-10-13,2020-10-13,366,1
46,2020-10-13,Neural Network,0,-0.04950656602180708,0.06502198037430218,2019-10-13,2020-10-13,2020-10-13,366,1
47,2020-10-13,Naive,0,-0.04950656602180708,-0.31386613219783405,2019-10-13,2020-10-13,2020-10-13,366,1
48,2020-10-14,Decision Tree,0,-0.24032556675332903,-0.26902723177320215,2019-10-14,2020-10-14,2020-10-14,366,1
49,2020-10-14,Random Forest,0,-0.24032556675332903,-0.25324608862214176,2019-10-14,2020-10-14,2020-10-14,366,1
50,2020-10-14,Neural Network,0,-0.24032556675332903,-0.22916722420973606,2019-10-14,2020-10-14,2020-10-14,366,1
51,2020-10-14,Naive,0,-0.24032556675332903,-0.04950656602180708,2019-10-14,2020-10-14,2020-10-14,366,1
52,2020-10-15,Decision Tree,0,-0.5610008294223953,-0.5528594148883689,2019-10-15,2020-10-15,2020-10-15,366,1
53,2020-10-15,Random Forest,0,-0.5610008294223953,-0.5582842884231339,2019-10-15,2020-10-15,2020-10-15,366,1
54,2020-10-15,Neural Network,0,-0.5610008294223953,-0.6123863731821607,2019-10-15,2020-10-15,2020-10-15,366,1
55,2020-10-15,Naive,0,-0.5610008294223953,-0.24032556675332903,2019-10-15,2020-10-15,2020-10-15,366,1
56,2020-10-16,Decision Tree,0,0.010740092239065397,-0.01794120182238844,2019-10-16,2020-10-16,2020-10-16,366,1
57,2020-10-16,Random Forest,0,0.010740092239065397,-0.005434834209916041,2019-10-16,2020-10-16,2020-10-16,366,1
58,2020-10-16,Neural Network,0,0.010740092239065397,-0.045804259369155886,2019-10-16,2020-10-16,2020-10-16,366,1
59,2020-10-16,Naive,0,0.010740092239065397,-0.5610008294223953,2019-10-16,2020-10-16,2020-10-16,366,1
60,2020-10-17,Decision Tree,0,0.36160282396229,0.39939945207534294,2019-10-17,2020-10-17,2020-10-17,366,1
61,2020-10-17,Random Forest,0,0.36160282396229,0.3737602471989989,2019-10-17,2020-10-17,2020-10-17,366,1
62,2020-10-17,Neural Network,0,0.36160282396229,0.3425087085671161,2019-10-17,2020-10-17,2020-10-17,366,1
63,2020-10-17,Naive,0,0.36160282396229,0.010740092239065397,2019-10-17,2020-10-17,2020-10-17,366,1
64,2020-10-18,Decision Tree,0,-0.32006165838381645,-0.3547160874775472,2019-10-18,2020-10-18,2020-10-18,366,1
65,2020-10-18,Random Forest,0,-0.32006165838381645,-0.3188472307656366,2019-10-18,2020-10-18,2020-10-18,366,1
66,2020-10-18,Neural Network,0,-0.32006165838381645,-0.2552787757830856,2019-10-18,2020-10-18,2020-10-18,366,1
67,2020-10-18,Naive,0,-0.32006165838381645,0.36160282396229,2019-10-18,2020-10-18,2020-10-18,366,1
68,2020-10-19,Decision Tree,0,-0.11217969496860104,-0.12063226032643631,2019-10-19,2020-10-19,2020-10-19,366,1
69,2020-10-19,Random Forest,0,-0.11217969496860104,-0.12308012868982243,2019-10-19,2020-10-19,2020-10-19,366,1
70,2020-10-19,Neural Network,0,-0.11217969496860104,-0.10579352773539419,2019-10-19,2020-10-19,2020-10-19,366,1
71,2020-10-19,Naive,0,-0.11217969496860104,-0.32006165838381645,2019-10-19,2020-10-19,2020-10-19,366,1
72,2020-10-20,Decision Tree,0,-0.2761014849444357,-0.26902723177320215,2019-10-20,2020-10-20,2020-10-20,366,1
73,2020-10-20,Random Forest,0,-0.2761014849444357,-0.2801199199628841,2019-10-20,2020-10-20,2020-10-20,366,1
74,2020-10-20,Neural Network,0,-0.2761014849444357,-0.2956068072271646,2019-10-20,2020-10-20,2020-10-20,366,1
75,2020-10-20,Naive,0,-0.2761014849444357,-0.11217969496860104,2019-10-20,2020-10-20,2020-10-20,366,1
76,2020-10-21,Decision Tree,0,-0.5385023850132807,-0.5252506344758865,2019-10-21,2020-10-21,2020-10-21,366,1
77,2020-10-21,Random Forest,0,-0.5385023850132807,-0.5357898111783881,2019-10-21,2020-10-21,2020-10-21,366,1
78,2020-10-21,Neural Network,0,-0.5385023850132807,-0.5459079158425052,2019-10-21,2020-10-21,2020-10-21,366,1
79,2020-10-21,Naive,0,-0.5385023850132807,-0.2761014849444357,2019-10-21,2020-10-21,2020-10-21,366,1
80,2020-10-22,Decision Tree,0,-1.4414742258592654,-1.417396926370934,2019-10-22,2020-10-22,2020-10-22,366,1
81,2020-10-22,Random Forest,0,-1.4414742258592654,-1.4299649887273362,2019-10-22,2020-10-22,2020-10-22,366,1
82,2020-10-22,Neural Network,0,-1.4414742258592654,-1.4380242223354338,2019-10-22,2020-10-22,2020-10-22,366,1
83,2020-10-22,Naive,0,-1.4414742258592654,-0.5385023850132807,2019-10-22,2020-10-22,2020-10-22,366,1
84,2020-10-23,Decision Tree,0,-0.4092652920893231,-0.4099897951383541,2019-10-23,2020-10-23,2020-10-23,366,1
85,2020-10-23,Random Forest,0,-0.4092652920893231,-0.4143321906921928,2019-10-23,2020-10-23,2020-10-23,366,1
86,2020-10-23,Neural Network,0,-0.4092652920893231,-0.5419913856605287,2019-10-23,2020-10-23,2020-10-23,366,1
87,2020-10-23,Naive,0,-0.4092652920893231,-1.4414742258592654,2019-10-23,2020-10-23,2020-10-23,366,1
88,2020-10-24,Decision Tree,0,-0.42290457327232295,-0.4391681437532848,2019-10-24,2020-10-24,2020-10-24,366,1
89,2020-10-24,Random Forest,0,-0.42290457327232295,-0.4245911882341161,2019-10-24,2020-10-24,2020-10-24,366,1
90,2020-10-24,Neural Network,0,-0.42290457327232295,-0.5163698466096759,2019-10-24,2020-10-24,2020-10-24,366,1
91,2020-10-24,Naive,0,-0.42290457327232295,-0.4092652920893231,2019-10-24,2020-10-24,2020-10-24,366,1
92,2020-10-25,Decision Tree,0,-1.6824203867698337,-1.6532563061131815,2019-10-25,2020-10-25,2020-10-25,366,1
93,2020-10-25,Random Forest,0,-1.6824203867698337,-1.6522728298135838,2019-10-25,2020-10-25,2020-10-25,366,1
94,2020-10-25,Neural Network,0,-1.6824203867698337,-1.6286311299758762,2019-10-25,2020-10-25,2020-10-25,366,1
95,2020-10-25,Naive,0,-1.6824203867698337,-0.42290457327232295,2019-10-25,2020-10-25,2020-10-25,366,1
96,2020-10-26,Decision Tree,0,-0.758051303507454,-0.745553484147656,2019-10-26,2020-10-26,2020-10-26,366,1
97,2020-10-26,Random Forest,0,-0.758051303507454,-0.7540907715929186,2019-10-26,2020-10-26,2020-10-26,366,1
98,2020-10-26,Neural Network,0,-0.758051303507454,-0.6894302703561418,2019-10-26,2020-10-26,2020-10-26,366,1
99,2020-10-26,Naive,0,-0.758051303507454,-1.6824203867698337,2019-10-26,2020-10-26,2020-10-26,366,1
100,2020-10-27,Decision Tree,0,-0.48839904141368956,-0.4808516231122071,2019-10-27,2020-10-27,2020-10-27,366,1
101,2020-10-27,Random Forest,0,-0.48839904141368956,-0.49363226955463557,2019-10-27,2020-10-27,2020-10-27,366,1
102,2020-10-27,Neural Network,0,-0.48839904141368956,-0.4888608912830872,2019-10-27,2020-10-27,2020-10-27,366,1
103,2020-10-27,Naive,0,-0.48839904141368956,-0.758051303507454,2019-10-27,2020-10-27,2020-10-27,366,1
104,2020-10-28,Decision Tree,0,-1.5496652323107578,-1.5423734539632932,2019-10-28,2020-10-28,2020-10-28,366,1
105,2020-10-28,Random Forest,0,-1.5496652323107578,-1.5258080209812326,2019-10-28,2020-10-28,2020-10-28,366,1
106,2020-10-28,Neural Network,0,-1.5496652323107578,-1.4283369995766786,2019-10-28,2020-10-28,2020-10-28,366,1
107,2020-10-28,Naive,0,-1.5496652323107578,-0.48839904141368956,2019-10-28,2020-10-28,2020-10-28,366,1
108,2020-10-29,Decision Tree,0,-0.8210976464415168,-0.8118804523599249,2019-10-29,2020-10-29,2020-10-29,366,1
109,2020-10-29,Random Forest,0,-0.8210976464415168,-0.8162624102583143,2019-10-29,2020-10-29,2020-10-29,366,1
110,2020-10-29,Neural Network,0,-0.8210976464415168,-0.897581953384763,2019-10-29,2020-10-29,2020-10-29,366,1
111,2020-10-29,Naive,0,-0.8210976464415168,-1.5496652323107578,2019-10-29,2020-10-29,2020-10-29,366,1
112,2020-10-30,Decision Tree,0,-0.8993222981424701,-0.8996829391164929,2019-10-30,2020-10-30,2020-10-30,366,1
113,2020-10-30,Random Forest,0,-0.8993222981424701,-0.8884136480582558,2019-10-30,2020-10-30,2020-10-30,366,1
114,2020-10-30,Neural Network,0,-0.8993222981424701,-0.8433528295006323,2019-10-30,2020-10-30,2020-10-30,366,1
115,2020-10-30,Naive,0,-0.8993222981424701,-0.8210976464415168,2019-10-30,2020-10-30,2020-10-30,366,1
116,2020-10-31,Decision Tree,0,-0.047951869258194585,-0.05527615634314165,2019-10-31,2020-10-31,2020-10-31,366,1
117,2020-10-31,Random Forest,0,-0.047951869258194585,-0.07281519479552596,2019-10-31,2020-10-31,2020-10-31,366,1
118,2020-10-31,Neural Network,0,-0.047951869258194585,-0.23002536416777208,2019-10-31,2020-10-31,2020-10-31,366,1
119,2020-10-31,Naive,0,-0.047951869258194585,-0.8993222981424701,2019-10-31,2020-10-31,2020-10-31,366,1
120,2020-11-01,Decision Tree,0,-0.7548279534114377,-0.7493239078591634,2019-11-01,2020-11-01,2020-11-01,366,1
121,2020-11-01,Random Forest,0,-0.7548279534114377,-0.7553244223813653,2019-11-01,2020-11-01,2020-11-01,366,1
122,2020-11-01,Neural Network,0,-0.7548279534114377,-0.47594255546188485,2019-11-01,2020-11-01,2020-11-01,366,1
123,2020-11-01,Naive,0,-0.7548279534114377,-0.047951869258194585,2019-11-01,2020-11-01,2020-11-01,366,1
124,2020-11-02,Decision Tree,0,-1.674348451502174,-1.6576052605874434,2019-11-02,2020-11-02,2020-11-02,366,1
125,2020-11-02,Random Forest,0,-1.674348451502174,-1.6671209817136132,2019-11-02,2020-11-02,2020-11-02,366,1
126,2020-11-02,Neural Network,0,-1.674348451502174,-1.697875683906831,2019-11-02,2020-11-02,2020-11-02,366,1
127,2020-11-02,Naive,0,-1.674348451502174,-0.7548279534114377,2019-11-02,2020-11-02,2020-11-02,366,1
128,2020-11-03,Decision Tree,0,-0.8062035560622031,-0.813197194371581,2019-11-03,2020-11-03,2020-11-03,366,1
129,2020-11-03,Random Forest,0,-0.8062035560622031,-0.8157568714806344,2019-11-03,2020-11-03,2020-11-03,366,1
130,2020-11-03,Neural Network,0,-0.8062035560622031,-0.7444481130415331,2019-11-03,2020-11-03,2020-11-03,366,1
131,2020-11-03,Naive,0,-0.8062035560622031,-1.674348451502174,2019-11-03,2020-11-03,2020-11-03,366,1
132,2020-11-04,Decision Tree,0,-0.4754251793302147,-0.5030246973424543,2019-11-04,2020-11-04,2020-11-04,366,1
133,2020-11-04,Random Forest,0,-0.4754251793302147,-0.4907823345847163,2019-11-04,2020-11-04,2020-11-04,366,1
134,2020-11-04,Neural Network,0,-0.4754251793302147,-0.5109307875699776,2019-11-04,2020-11-04,2020-11-04,366,1
135,2020-11-04,Naive,0,-0.4754251793302147,-0.8062035560622031,2019-11-04,2020-11-04,2020-11-04,366,1
136,2020-11-05,Decision Tree,0,-0.24723130364227935,-0.27604778425303356,2019-11-05,2020-11-05,2020-11-05,366,1
137,2020-11-05,Random Forest,0,-0.24723130364227935,-0.27966035911816484,2019-11-05,2020-11-05,2020-11-05,366,1
138,2020-11-05,Neural Network,0,-0.24723130364227935,-0.1914626180991964,2019-11-05,2020-11-05,2020-11-05,366,1
139,2020-11-05,Naive,0,-0.24723130364227935,-0.4754251793302147,2019-11-05,2020-11-05,2020-11-05,366,1
140,2020-11-06,Decision Tree,0,-0.10976659701429176,-0.1398362766588556,2019-11-06,2020-11-06,2020-11-06,366,1
141,2020-11-06,Random Forest,0,-0.10976659701429176,-0.14479556198000432,2019-11-06,2020-11-06,2020-11-06,366,1
142,2020-11-06,Neural Network,0,-0.10976659701429176,-0.09158812624832702,2019-11-06,2020-11-06,2020-11-06,366,1
143,2020-11-06,Naive,0,-0.10976659701429176,-0.24723130364227935,2019-11-06,2020-11-06,2020-11-06,366,1
144,2020-11-07,Decision Tree,0,-0.03284267138776517,-0.06344285839340094,2019-11-07,2020-11-07,2020-11-07,366,1
145,2020-11-07,Random Forest,0,-0.03284267138776517,-0.060046807720692486,2019-11-07,2020-11-07,2020-11-07,366,1
146,2020-11-07,Neural Network,0,-0.03284267138776517,-0.011873478357636635,2019-11-07,2020-11-07,2020-11-07,366,1
147,2020-11-07,Naive,0,-0.03284267138776517,-0.10976659701429176,2019-11-07,2020-11-07,2020-11-07,366,1
148,2020-11-08,Decision Tree,0,0.029639583831104103,-0.03827238139082532,2019-11-08,2020-11-08,2020-11-08,366,1
149,2020-11-08,Random Forest,0,0.029639583831104103,-0.01572867788011434,2019-11-08,2020-11-08,2020-11-08,366,1
150,2020-11-08,Neural Network,0,0.029639583831104103,0.04389716499050422,2019-11-08,2020-11-08,2020-11-08,366,1
151,2020-11-08,Naive,0,0.029639583831104103,-0.03284267138776517,2019-11-08,2020-11-08,2020-11-08,366,1
152,2020-11-09,Decision Tree,0,-0.21436777745257635,-0.25210536000392925,2019-11-09,2020-11-09,2020-11-09,366,1
153,2020-11-09,Random Forest,0,-0.21436777745257635,-0.25128987913551143,2019-11-09,2020-11-09,2020-11-09,366,1
154,2020-11-09,Neural Network,0,-0.21436777745257635,-0.05739370722042836,2019-11-09,2020-11-09,2020-11-09,366,1
155,2020-11-09,Naive,0,-0.21436777745257635,0.029639583831104103,2019-11-09,2020-11-09,2020-11-09,366,1
156,2020-11-10,Decision Tree,0,-0.12881686515795687,-0.19397788684261666,2019-11-10,2020-11-10,2020-11-10,366,1
157,2020-11-10,Random Forest,0,-0.12881686515795687,-0.1919076718188088,2019-11-10,2020-11-10,2020-11-10,366,1
158,2020-11-10,Neural Network,0,-0.12881686515795687,-0.0061466908096727835,2019-11-10,2020-11-10,2020-11-10,366,1
159,2020-11-10,Naive,0,-0.12881686515795687,-0.21436777745257635,2019-11-10,2020-11-10,2020-11-10,366,1
160,2020-11-11,Decision Tree,0,0.3332381469550585,0.2680830599174586,2019-11-11,2020-11-11,2020-11-11,366,1
161,2020-11-11,Random Forest,0,0.3332381469550585,0.280014743808189,2019-11-11,2020-11-11,2020-11-11,366,1
162,2020-11-11,Neural Network,0,0.3332381469550585,0.324229220560036,2019-11-11,2020-11-11,2020-11-11,366,1
163,2020-11-11,Naive,0,0.3332381469550585,-0.12881686515795687,2019-11-11,2020-11-11,2020-11-11,366,1
164,2020-11-12,Decision Tree,0,-0.1999508849722989,-0.22471978694247344,2019-11-12,2020-11-12,2020-11-12,366,1
165,2020-11-12,Random Forest,0,-0.1999508849722989,-0.22822609679944705,2019-11-12,2020-11-12,2020-11-12,366,1
166,2020-11-12,Neural Network,0,-0.1999508849722989,-0.15829967565056935,2019-11-12,2020-11-12,2020-11-12,366,1
167,2020-11-12,Naive,0,-0.1999508849722989,0.3332381469550585,2019-11-12,2020-11-12,2020-11-12,366,1
168,2020-11-13,Decision Tree,0,-0.14416497064014,-0.1953063778064481,2019-11-13,2020-11-13,2020-11-13,366,1
169,2020-11-13,Random Forest,0,-0.14416497064014,-0.1935201263803925,2019-11-13,2020-11-13,2020-11-13,366,1
170,2020-11-13,Neural Network,0,-0.14416497064014,-0.14095634533930407,2019-11-13,2020-11-13,2020-11-13,366,1
171,2020-11-13,Naive,0,-0.14416497064014,-0.1999508849722989,2019-11-13,2020-11-13,2020-11-13,366,1
172,2020-11-14,Decision Tree,0,0.11881291175256456,0.04063192280140496,2019-11-14,2020-11-14,2020-11-14,366,1
173,2020-11-14,Random Forest,0,0.11881291175256456,0.06275351706146344,2019-11-14,2020-11-14,2020-11-14,366,1
174,2020-11-14,Neural Network,0,0.11881291175256456,-0.021156327474074255,2019-11-14,2020-11-14,2020-11-14,366,1
175,2020-11-14,Naive,0,0.11881291175256456,-0.14416497064014,2019-11-14,2020-11-14,2020-11-14,366,1
176,2020-11-15,Decision Tree,0,-1.574639902889445,-1.5435887503545374,2019-11-15,2020-11-15,2020-11-15,366,1
177,2020-11-15,Random Forest,0,-1.574639902889445,-1.5455821575422917,2019-11-15,2020-11-15,2020-11-15,366,1
178,2020-11-15,Neural Network,0,-1.574639902889445,-1.3844193019789577,2019-11-15,2020-11-15,2020-11-15,366,1
179,2020-11-15,Naive,0,-1.574639902889445,0.11881291175256456,2019-11-15,2020-11-15,2020-11-15,366,1
180,2020-11-16,Decision Tree,0,-1.700258326847147,-1.6596981594517848,2019-11-16,2020-11-16,2020-11-16,366,1
181,2020-11-16,Random Forest,0,-1.700258326847147,-1.6647599322653326,2019-11-16,2020-11-16,2020-11-16,366,1
182,2020-11-16,Neural Network,0,-1.700258326847147,-1.6257208062088426,2019-11-16,2020-11-16,2020-11-16,366,1
183,2020-11-16,Naive,0,-1.700258326847147,-1.574639902889445,2019-11-16,2020-11-16,2020-11-16,366,1
184,2020-11-17,Decision Tree,0,-0.23987466531582552,-0.28078462951220884,2019-11-17,2020-11-17,2020-11-17,366,1
185,2020-11-17,Random Forest,0,-0.23987466531582552,-0.27835454602685056,2019-11-17,2020-11-17,2020-11-17,366,1
186,2020-11-17,Neural Network,0,-0.23987466531582552,-0.34870904420245546,2019-11-17,2020-11-17,2020-11-17,366,1
187,2020-11-17,Naive,0,-0.23987466531582552,-1.700258326847147,2019-11-17,2020-11-17,2020-11-17,366,1
188,2020-11-18,Decision Tree,0,-0.18696660793423822,-0.22174569598091423,2019-11-18,2020-11-18,2020-11-18,366,1
189,2020-11-18,Random Forest,0,-0.18696660793423822,-0.21939296312876655,2019-11-18,2020-11-18,2020-11-18,366,1
190,2020-11-18,Neural Network,0,-0.18696660793423822,-0.30754841936099975,2019-11-18,2020-11-18,2020-11-18,366,1
191,2020-11-18,Naive,0,-0.18696660793423822,-0.23987466531582552,2019-11-18,2020-11-18,2020-11-18,366,1
192,2020-11-19,Decision Tree,0,-1.6051418262364585,-1.5480246292880955,2019-11-19,2020-11-19,2020-11-19,366,1
193,2020-11-19,Random Forest,0,-1.6051418262364585,-1.5653243715355432,2019-11-19,2020-11-19,2020-11-19,366,1
194,2020-11-19,Neural Network,0,-1.6051418262364585,-1.4593217407102195,2019-11-19,2020-11-19,2020-11-19,366,1
195,2020-11-19,Naive,0,-1.6051418262364585,-0.18696660793423822,2019-11-19,2020-11-19,2020-11-19,366,1
196,2020-11-20,Decision Tree,0,-0.20411754135328922,-0.20205495853933222,2019-11-20,2020-11-20,2020-11-20,366,1
197,2020-11-20,Random Forest,0,-0.20411754135328922,-0.22833336220803313,2019-11-20,2020-11-20,2020-11-20,366,1
198,2020-11-20,Neural Network,0,-0.20411754135328922,-0.3641685562951637,2019-11-20,2020-11-20,2020-11-20,366,1
199,2020-11-20,Naive,0,-0.20411754135328922,-1.6051418262364585,2019-11-20,2020-11-20,2020-11-20,366,1
200,2020-11-21,Decision Tree,0,0.005945889015660455,-0.04555502486519112,2019-11-21,2020-11-21,2020-11-21,366,1
201,2020-11-21,Random Forest,0,0.005945889015660455,-0.05324858628432467,2019-11-21,2020-11-21,2020-11-21,366,1
202,2020-11-21,Neural Network,0,0.005945889015660455,-0.12511337989087562,2019-11-21,2020-11-21,2020-11-21,366,1
203,2020-11-21,Naive,0,0.005945889015660455,-0.20411754135328922,2019-11-21,2020-11-21,2020-11-21,366,1
204,2020-11-22,Decision Tree,0,-1.3880461205940777,-1.3364063232004113,2019-11-22,2020-11-22,2020-11-22,366,1
205,2020-11-22,Random Forest,0,-1.3880461205940777,-1.3506707100279598,2019-11-22,2020-11-22,2020-11-22,366,1
206,2020-11-22,Neural Network,0,-1.3880461205940777,-1.3383047256556289,2019-11-22,2020-11-22,2020-11-22,366,1
207,2020-11-22,Naive,0,-1.3880461205940777,0.005945889015660455,2019-11-22,2020-11-22,2020-11-22,366,1
208,2020-11-23,Decision Tree,0,-0.1578711654262003,-0.20239872234165837,2019-11-23,2020-11-23,2020-11-23,366,1
209,2020-11-23,Random Forest,0,-0.1578711654262003,-0.2026618599116439,2019-11-23,2020-11-23,2020-11-23,366,1
210,2020-11-23,Neural Network,0,-0.1578711654262003,-0.2261255316615572,2019-11-23,2020-11-23,2020-11-23,366,1
211,2020-11-23,Naive,0,-0.1578711654262003,-1.3880461205940777,2019-11-23,2020-11-23,2020-11-23,366,1
212,2020-11-24,Decision Tree,0,-0.19679792740870478,-0.22174569598091423,2019-11-24,2020-11-24,2020-11-24,366,1
213,2020-11-24,Random Forest,0,-0.19679792740870478,-0.21072055950640128,2019-11-24,2020-11-24,2020-11-24,366,1
214,2020-11-24,Neural Network,0,-0.19679792740870478,-0.28098082774074334,2019-11-24,2020-11-24,2020-11-24,366,1
215,2020-11-24,Naive,0,-0.19679792740870478,-0.1578711654262003,2019-11-24,2020-11-24,2020-11-24,366,1
216,2020-11-25,Decision Tree,0,0.019527444624986165,-0.03847863420362667,2019-11-25,2020-11-25,2020-11-25,366,1
217,2020-11-25,Random Forest,0,0.019527444624986165,-0.029381613496062536,2019-11-25,2020-11-25,2020-11-25,366,1
218,2020-11-25,Neural Network,0,0.019527444624986165,-0.1326904632803,2019-11-25,2020-11-25,2020-11-25,366,1
219,2020-11-25,Naive,0,0.019527444624986165,-0.19679792740870478,2019-11-25,2020-11-25,2020-11-25,366,1
220,2020-11-26,Decision Tree,0,0.16634886845817148,0.11296196134648996,2019-11-26,2020-11-26,2020-11-26,366,1
221,2020-11-26,Random Forest,0,0.16634886845817148,0.09380679107389694,2019-11-26,2020-11-26,2020-11-26,366,1
222,2020-11-26,Neural Network,0,0.16634886845817148,0.02996772093553035,2019-11-26,2020-11-26,2020-11-26,366,1
223,2020-11-26,Naive,0,0.16634886845817148,0.019527444624986165,2019-11-26,2020-11-26,2020-11-26,366,1
224,2020-11-27,Decision Tree,0,0.7434938219921172,0.6006085332691586,2019-11-27,2020-11-27,2020-11-27,366,1
225,2020-11-27,Random Forest,0,0.7434938219921172,0.6546353690368308,2019-11-27,2020-11-27,2020-11-27,366,1
226,2020-11-27,Neural Network,0,0.7434938219921172,0.6597320429282113,2019-11-27,2020-11-27,2020-11-27,366,1
227,2020-11-27,Naive,0,0.7434938219921172,0.16634886845817148,2019-11-27,2020-11-27,2020-11-27,366,1
228,2020-11-28,Decision Tree,0,0.9072838543984656,0.657861636510007,2019-11-28,2020-11-28,2020-11-28,366,1
229,2020-11-28,Random Forest,0,0.9072838543984656,0.6730570778389506,2019-11-28,2020-11-28,2020-11-28,366,1
230,2020-11-28,Neural Network,0,0.9072838543984656,0.8440705432358808,2019-11-28,2020-11-28,2020-11-28,366,1
231,2020-11-28,Naive,0,0.9072838543984656,0.7434938219921172,2019-11-28,2020-11-28,2020-11-28,366,1
232,2020-11-29,Decision Tree,0,0.2773127001483316,0.22582329915352525,2019-11-29,2020-11-29,2020-11-29,366,1
233,2020-11-29,Random Forest,0,0.2773127001483316,0.19089690088905437,2019-11-29,2020-11-29,2020-11-29,366,1
234,2020-11-29,Neural Network,0,0.2773127001483316,0.18618710320378073,2019-11-29,2020-11-29,2020-11-29,366,1
235,2020-11-29,Naive,0,0.2773127001483316,0.9072838543984656,2019-11-29,2020-11-29,2020-11-29,366,1
236,2020-11-30,Decision Tree,0,0.779969771936657,0.7406322564378577,2019-11-30,2020-11-30,2020-11-30,366,1
237,2020-11-30,Random Forest,0,0.779969771936657,0.7079886215016371,2019-11-30,2020-11-30,2020-11-30,366,1
238,2020-11-30,Neural Network,0,0.779969771936657,0.5783414140678605,2019-11-30,2020-11-30,2020-11-30,366,1
239,2020-11-30,Naive,0,0.779969771936657,0.2773127001483316,2019-11-30,2020-11-30,2020-11-30,366,1
240,2020-12-01,Decision Tree,0,-0.23473992306177843,-0.27135945582485255,2019-12-01,2020-12-01,2020-12-01,366,1
241,2020-12-01,Random Forest,0,-0.23473992306177843,-0.2589323259292214,2019-12-01,2020-12-01,2020-12-01,366,1
242,2020-12-01,Neural Network,0,-0.23473992306177843,-0.27755353430426755,2019-12-01,2020-12-01,2020-12-01,366,1
243,2020-12-01,Naive,0,-0.23473992306177843,0.779969771936657,2019-12-01,2020-12-01,2020-12-01,366,1
244,2020-12-02,Decision Tree,0,0.8458018012214668,0.7852540823899637,2019-12-02,2020-12-02,2020-12-02,366,1
245,2020-12-02,Random Forest,0,0.8458018012214668,0.7838044005269947,2019-12-02,2020-12-02,2020-12-02,366,1
246,2020-12-02,Neural Network,0,0.8458018012214668,0.7799358246848159,2019-12-02,2020-12-02,2020-12-02,366,1
247,2020-12-02,Naive,0,0.8458018012214668,-0.23473992306177843,2019-12-02,2020-12-02,2020-12-02,366,1
248,2020-12-03,Decision Tree,0,0.48224727690645225,0.39704364962442024,2019-12-03,2020-12-03,2020-12-03,366,1
249,2020-12-03,Random Forest,0,0.48224727690645225,0.39440985231885606,2019-12-03,2020-12-03,2020-12-03,366,1
250,2020-12-03,Neural Network,0,0.48224727690645225,0.22554063186444728,2019-12-03,2020-12-03,2020-12-03,366,1
251,2020-12-03,Naive,0,0.48224727690645225,0.8458018012214668,2019-12-03,2020-12-03,2020-12-03,366,1
252,2020-12-04,Decision Tree,0,-0.3236522217845421,-0.3789710895833281,2019-12-04,2020-12-04,2020-12-04,366,1
253,2020-12-04,Random Forest,0,-0.3236522217845421,-0.36760672712837883,2019-12-04,2020-12-04,2020-12-04,366,1
254,2020-12-04,Neural Network,0,-0.3236522217845421,-0.3947366096472784,2019-12-04,2020-12-04,2020-12-04,366,1
255,2020-12-04,Naive,0,-0.3236522217845421,0.48224727690645225,2019-12-04,2020-12-04,2020-12-04,366,1
256,2020-12-05,Decision Tree,0,0.42792040743149135,0.4065107193224238,2019-12-05,2020-12-05,2020-12-05,366,1
257,2020-12-05,Random Forest,0,0.42792040743149135,0.36801185835294475,2019-12-05,2020-12-05,2020-12-05,366,1
258,2020-12-05,Neural Network,0,0.42792040743149135,0.31313701329422183,2019-12-05,2020-12-05,2020-12-05,366,1
259,2020-12-05,Naive,0,0.42792040743149135,-0.3236522217845421,2019-12-05,2020-12-05,2020-12-05,366,1
260,2020-12-06,Decision Tree,0,0.43044708146412974,0.34946384638676975,2019-12-06,2020-12-06,2020-12-06,366,1
261,2020-12-06,Random Forest,0,0.43044708146412974,0.38982930514390784,2019-12-06,2020-12-06,2020-12-06,366,1
262,2020-12-06,Neural Network,0,0.43044708146412974,0.4648414460098492,2019-12-06,2020-12-06,2020-12-06,366,1
263,2020-12-06,Naive,0,0.43044708146412974,0.42792040743149135,2019-12-06,2020-12-06,2020-12-06,366,1
264,2020-12-07,Decision Tree,0,0.07403559150682172,-0.005707538540162007,2019-12-07,2020-12-07,2020-12-07,366,1
265,2020-12-07,Random Forest,0,0.07403559150682172,0.006613343881032028,2019-12-07,2020-12-07,2020-12-07,366,1
266,2020-12-07,Neural Network,0,0.07403559150682172,0.008841243810635668,2019-12-07,2020-12-07,2020-12-07,366,1
267,2020-12-07,Naive,0,0.07403559150682172,0.43044708146412974,2019-12-07,2020-12-07,2020-12-07,366,1
268,2020-12-08,Decision Tree,0,0.43389410830456426,0.4580030372594238,2019-12-08,2020-12-08,2020-12-08,366,1
269,2020-12-08,Random Forest,0,0.43389410830456426,0.443878889443045,2019-12-08,2020-12-08,2020-12-08,366,1
270,2020-12-08,Neural Network,0,0.43389410830456426,0.40593409932448576,2019-12-08,2020-12-08,2020-12-08,366,1
271,2020-12-08,Naive,0,0.43389410830456426,0.07403559150682172,2019-12-08,2020-12-08,2020-12-08,366,1
272,2020-12-09,Decision Tree,0,0.3758591727306918,0.3225446325360102,2019-12-09,2020-12-09,2020-12-09,366,1
273,2020-12-09,Random Forest,0,0.3758591727306918,0.30204556622067297,2019-12-09,2020-12-09,2020-12-09,366,1
274,2020-12-09,Neural Network,0,0.3758591727306918,0.3997874947089456,2019-12-09,2020-12-09,2020-12-09,366,1
275,2020-12-09,Naive,0,0.3758591727306918,0.43389410830456426,2019-12-09,2020-12-09,2020-12-09,366,1
276,2020-12-10,Decision Tree,0,0.4008602061726236,0.4539848824336139,2019-12-10,2020-12-10,2020-12-10,366,1
277,2020-12-10,Random Forest,0,0.4008602061726236,0.38665002629927825,2019-12-10,2020-12-10,2020-12-10,366,1
278,2020-12-10,Neural Network,0,0.4008602061726236,0.4477622755230741,2019-12-10,2020-12-10,2020-12-10,366,1
279,2020-12-10,Naive,0,0.4008602061726236,0.3758591727306918,2019-12-10,2020-12-10,2020-12-10,366,1
280,2020-12-11,Decision Tree,0,0.38903705546949,0.44639564296775813,2019-12-11,2020-12-11,2020-12-11,366,1
281,2020-12-11,Random Forest,0,0.38903705546949,0.3808620740060024,2019-12-11,2020-12-11,2020-12-11,366,1
282,2020-12-11,Neural Network,0,0.38903705546949,0.37538145959699376,2019-12-11,2020-12-11,2020-12-11,366,1
283,2020-12-11,Naive,0,0.38903705546949,0.4008602061726236,2019-12-11,2020-12-11,2020-12-11,366,1
284,2020-12-12,Decision Tree,0,0.1304949827384043,0.07702561082592556,2019-12-12,2020-12-12,2020-12-12,366,1
285,2020-12-12,Random Forest,0,0.1304949827384043,0.07599016138270277,2019-12-12,2020-12-12,2020-12-12,366,1
286,2020-12-12,Neural Network,0,0.1304949827384043,0.0028782516580048156,2019-12-12,2020-12-12,2020-12-12,366,1
287,2020-12-12,Naive,0,0.1304949827384043,0.38903705546949,2019-12-12,2020-12-12,2020-12-12,366,1
288,2020-12-13,Decision Tree,0,0.5581691560517231,0.40216882682040656,2019-12-13,2020-12-13,2020-12-13,366,1
289,2020-12-13,Random Forest,0,0.5581691560517231,0.43847092376941127,2019-12-13,2020-12-13,2020-12-13,366,1
290,2020-12-13,Neural Network,0,0.5581691560517231,0.5210222692771657,2019-12-13,2020-12-13,2020-12-13,366,1
291,2020-12-13,Naive,0,0.5581691560517231,0.1304949827384043,2019-12-13,2020-12-13,2020-12-13,366,1
292,2020-12-14,Decision Tree,0,-0.0968590411873037,-0.14230714245860435,2019-12-14,2020-12-14,2020-12-14,366,1
293,2020-12-14,Random Forest,0,-0.0968590411873037,-0.1363276969930377,2019-12-14,2020-12-14,2020-12-14,366,1
294,2020-12-14,Neural Network,0,-0.0968590411873037,-0.09163933085982562,2019-12-14,2020-12-14,2020-12-14,366,1
295,2020-12-14,Naive,0,-0.0968590411873037,0.5581691560517231,2019-12-14,2020-12-14,2020-12-14,366,1
296,2020-12-15,Decision Tree,0,0.13479512753864062,0.13224506431649244,2019-12-15,2020-12-15,2020-12-15,366,1
297,2020-12-15,Random Forest,0,0.13479512753864062,0.11578511881516915,2019-12-15,2020-12-15,2020-12-15,366,1
298,2020-12-15,Neural Network,0,0.13479512753864062,0.028212482072192624,2019-12-15,2020-12-15,2020-12-15,366,1
299,2020-12-15,Naive,0,0.13479512753864062,-0.0968590411873037,2019-12-15,2020-12-15,2020-12-15,366,1
300,2020-12-16,Decision Tree,0,0.5951830215323455,0.7089480851287052,2019-12-16,2020-12-16,2020-12-16,366,1
301,2020-12-16,Random Forest,0,0.5951830215323455,0.5359249120359645,2019-12-16,2020-12-16,2020-12-16,366,1
302,2020-12-16,Neural Network,0,0.5951830215323455,0.4552092362359266,2019-12-16,2020-12-16,2020-12-16,366,1
303,2020-12-16,Naive,0,0.5951830215323455,0.13479512753864062,2019-12-16,2020-12-16,2020-12-16,366,1
304,2020-12-17,Decision Tree,0,0.01643161335357028,-0.022196528035016146,2019-12-17,2020-12-17,2020-12-17,366,1
305,2020-12-17,Random Forest,0,0.01643161335357028,-0.0010377371250849645,2019-12-17,2020-12-17,2020-12-17,366,1
306,2020-12-17,Neural Network,0,0.01643161335357028,-0.07742152521059853,2019-12-17,2020-12-17,2020-12-17,366,1
307,2020-12-17,Naive,0,0.01643161335357028,0.5951830215323455,2019-12-17,2020-12-17,2020-12-17,366,1
308,2020-12-18,Decision Tree,0,0.3560855260628965,0.233178927867069,2019-12-18,2020-12-18,2020-12-18,366,1
309,2020-12-18,Random Forest,0,0.3560855260628965,0.28741848858646185,2019-12-18,2020-12-18,2020-12-18,366,1
310,2020-12-18,Neural Network,0,0.3560855260628965,0.2195121919220142,2019-12-18,2020-12-18,2020-12-18,366,1
311,2020-12-18,Naive,0,0.3560855260628965,0.01643161335357028,2019-12-18,2020-12-18,2020-12-18,366,1
312,2020-12-19,Decision Tree,0,-0.048268661227508794,-0.10560520139017897,2019-12-19,2020-12-19,2020-12-19,366,1
313,2020-12-19,Random Forest,0,-0.048268661227508794,-0.1054200264154165,2019-12-19,2020-12-19,2020-12-19,366,1
314,2020-12-19,Neural Network,0,-0.048268661227508794,-0.0415125490548387,2019-12-19,2020-12-19,2020-12-19,366,1
315,2020-12-19,Naive,0,-0.048268661227508794,0.3560855260628965,2019-12-19,2020-12-19,2020-12-19,366,1
316,2020-12-20,Decision Tree,0,-0.3489219496888983,-0.381410643812745,2019-12-20,2020-12-20,2020-12-20,366,1
317,2020-12-20,Random Forest,0,-0.3489219496888983,-0.3756846878379365,2019-12-20,2020-12-20,2020-12-20,366,1
318,2020-12-20,Neural Network,0,-0.3489219496888983,-0.23204537550624532,2019-12-20,2020-12-20,2020-12-20,366,1
319,2020-12-20,Naive,0,-0.3489219496888983,-0.048268661227508794,2019-12-20,2020-12-20,2020-12-20,366,1
320,2020-12-21,Decision Tree,0,0.30890530323576637,0.233178927867069,2019-12-21,2020-12-21,2020-12-21,366,1
321,2020-12-21,Random Forest,0,0.30890530323576637,0.2409498767693312,2019-12-21,2020-12-21,2020-12-21,366,1
322,2020-12-21,Neural Network,0,0.30890530323576637,0.1314319144774021,2019-12-21,2020-12-21,2020-12-21,366,1
323,2020-12-21,Naive,0,0.30890530323576637,-0.3489219496888983,2019-12-21,2020-12-21,2020-12-21,366,1
324,2020-12-22,Decision Tree,0,-1.680296166332488,-1.6691171708308012,2019-12-22,2020-12-22,2020-12-22,366,1
325,2020-12-22,Random Forest,0,-1.680296166332488,-1.6525594461533801,2019-12-22,2020-12-22,2020-12-22,366,1
326,2020-12-22,Neural Network,0,-1.680296166332488,-1.536443868827395,2019-12-22,2020-12-22,2020-12-22,366,1
327,2020-12-22,Naive,0,-1.680296166332488,0.30890530323576637,2019-12-22,2020-12-22,2020-12-22,366,1
328,2020-12-23,Decision Tree,0,0.25802262383612495,0.14810499525489035,2019-12-23,2020-12-23,2020-12-23,366,1
329,2020-12-23,Random Forest,0,0.25802262383612495,0.1717231678870264,2019-12-23,2020-12-23,2020-12-23,366,1
330,2020-12-23,Neural Network,0,0.25802262383612495,0.1622505646848933,2019-12-23,2020-12-23,2020-12-23,366,1
331,2020-12-23,Naive,0,0.25802262383612495,-1.680296166332488,2019-12-23,2020-12-23,2020-12-23,366,1
332,2020-12-24,Decision Tree,0,-1.6765789803090776,-1.6444387240858034,2019-12-24,2020-12-24,2020-12-24,366,1
333,2020-12-24,Random Forest,0,-1.6765789803090776,-1.6532503208097435,2019-12-24,2020-12-24,2020-12-24,366,1
334,2020-12-24,Neural Network,0,-1.6765789803090776,-1.524256159890494,2019-12-24,2020-12-24,2020-12-24,366,1
335,2020-12-24,Naive,0,-1.6765789803090776,0.25802262383612495,2019-12-24,2020-12-24,2020-12-24,366,1
336,2020-12-25,Decision Tree,0,-0.39666825027972535,-0.42064586147942357,2019-12-25,2020-12-25,2020-12-25,366,1
337,2020-12-25,Random Forest,0,-0.39666825027972535,-0.42151799322608513,2019-12-25,2020-12-25,2020-12-25,366,1
338,2020-12-25,Neural Network,0,-0.39666825027972535,-0.8599404880374625,2019-12-25,2020-12-25,2020-12-25,366,1
339,2020-12-25,Naive,0,-0.39666825027972535,-1.6765789803090776,2019-12-25,2020-12-25,2020-12-25,366,1
340,2020-12-26,Decision Tree,0,0.3471323116952417,0.2443533802379305,2019-12-26,2020-12-26,2020-12-26,366,1
341,2020-12-26,Random Forest,0,0.3471323116952417,0.2777763638334665,2019-12-26,2020-12-26,2020-12-26,366,1
342,2020-12-26,Neural Network,0,0.3471323116952417,0.26486875046805014,2019-12-26,2020-12-26,2020-12-26,366,1
343,2020-12-26,Naive,0,0.3471323116952417,-0.39666825027972535,2019-12-26,2020-12-26,2020-12-26,366,1
344,2020-12-27,Decision Tree,0,-1.8881909842266629,-1.8401023101295657,2019-12-27,2020-12-27,2020-12-27,366,1
345,2020-12-27,Random Forest,0,-1.8881909842266629,-1.8569775536167503,2019-12-27,2020-12-27,2020-12-27,366,1
346,2020-12-27,Neural Network,0,-1.8881909842266629,-1.79991940577475,2019-12-27,2020-12-27,2020-12-27,366,1
347,2020-12-27,Naive,0,-1.8881909842266629,0.3471323116952417,2019-12-27,2020-12-27,2020-12-27,366,1
348,2020-12-28,Decision Tree,0,-1.589050790447076,-1.5551642789066409,2019-12-28,2020-12-28,2020-12-28,366,1
349,2020-12-28,Random Forest,0,-1.589050790447076,-1.5385833517381593,2019-12-28,2020-12-28,2020-12-28,366,1
350,2020-12-28,Neural Network,0,-1.589050790447076,-1.4980254009435416,2019-12-28,2020-12-28,2020-12-28,366,1
351,2020-12-28,Naive,0,-1.589050790447076,-1.8881909842266629,2019-12-28,2020-12-28,2020-12-28,366,1
352,2020-12-29,Decision Tree,0,0.27992271867321145,0.2261395500864914,2019-12-29,2020-12-29,2020-12-29,366,1
353,2020-12-29,Random Forest,0,0.27992271867321145,0.2326776065782677,2019-12-29,2020-12-29,2020-12-29,366,1
354,2020-12-29,Neural Network,0,0.27992271867321145,0.1835514708091337,2019-12-29,2020-12-29,2020-12-29,366,1
355,2020-12-29,Naive,0,0.27992271867321145,-1.589050790447076,2019-12-29,2020-12-29,2020-12-29,366,1
356,2020-12-30,Decision Tree,0,0.223851780318974,0.1326270636433131,2019-12-30,2020-12-30,2020-12-30,366,1
357,2020-12-30,Random Forest,0,0.223851780318974,0.12247355018055717,2019-12-30,2020-12-30,2020-12-30,366,1
358,2020-12-30,Neural Network,0,0.223851780318974,0.05078939717692699,2019-12-30,2020-12-30,2020-12-30,366,1
359,2020-12-30,Naive,0,0.223851780318974,0.27992271867321145,2019-12-30,2020-12-30,2020-12-30,366,1
360,2020-12-31,Decision Tree,0,0.26082986338170944,0.23510341151761138,2019-12-31,2020-12-31,2020-12-31,366,1
361,2020-12-31,Random Forest,0,0.26082986338170944,0.24633879372075987,2019-12-31,2020-12-31,2020-12-31,366,1
362,2020-12-31,Neural Network,0,0.26082986338170944,0.1668212746602744,2019-12-31,2020-12-31,2020-12-31,366,1
363,2020-12-31,Naive,0,0.26082986338170944,0.223851780318974,2019-12-31,2020-12-31,2020-12-31,366,1
364,2021-01-01,Decision Tree,0,1.0237818996380137,0.827855008645134,2020-01-01,2021-01-01,2021-01-01,366,1
365,2021-01-01,Random Forest,0,1.0237818996380137,0.8192998229913431,2020-01-01,2021-01-01,2021-01-01,366,1
366,2021-01-01,Neural Network,0,1.0237818996380137,0.8397923111510756,2020-01-01,2021-01-01,2021-01-01,366,1
367,2021-01-01,Naive,0,1.0237818996380137,0.26082986338170944,2020-01-01,2021-01-01,2021-01-01,366,1
368,2021-01-02,Decision Tree,0,0.8007965012614902,0.8605094904772805,2020-01-02,2021-01-02,2021-01-02,366,1
369,2021-01-02,Random Forest,0,0.8007965012614902,0.8146844224920948,2020-01-02,2021-01-02,2021-01-02,366,1
370,2021-01-02,Neural Network,0,0.8007965012614902,1.3660328252053882,2020-01-02,2021-01-02,2021-01-02,366,1
371,2021-01-02,Naive,0,0.8007965012614902,1.0237818996380137,2020-01-02,2021-01-02,2021-01-02,366,1
372,2021-01-03,Decision Tree,0,0.7673812198793576,0.8519790634464534,2020-01-03,2021-01-03,2021-01-03,366,1
373,2021-01-03,Random Forest,0,0.7673812198793576,0.7610423521583373,2020-01-03,2021-01-03,2021-01-03,366,1
374,2021-01-03,Neural Network,0,0.7673812198793576,0.7142550256677008,2020-01-03,2021-01-03,2021-01-03,366,1
375,2021-01-03,Naive,0,0.7673812198793576,0.8007965012614902,2020-01-03,2021-01-03,2021-01-03,366,1
376,2021-01-04,Decision Tree,0,-0.4350353043135791,-0.44647668637835,2020-01-04,2021-01-04,2021-01-04,366,1
377,2021-01-04,Random Forest,0,-0.4350353043135791,-0.4534828404103706,2020-01-04,2021-01-04,2021-01-04,366,1
378,2021-01-04,Neural Network,0,-0.4350353043135791,0.001673993246221972,2020-01-04,2021-01-04,2021-01-04,366,1
379,2021-01-04,Naive,0,-0.4350353043135791,0.7673812198793576,2020-01-04,2021-01-04,2021-01-04,366,1
380,2021-01-05,Decision Tree,0,0.18389653332128553,0.11635279429645655,2020-01-05,2021-01-05,2021-01-05,366,1
381,2021-01-05,Random Forest,0,0.18389653332128553,0.13052516765171077,2020-01-05,2021-01-05,2021-01-05,366,1
382,2021-01-05,Neural Network,0,0.18389653332128553,-0.08895164399617961,2020-01-05,2021-01-05,2021-01-05,366,1
383,2021-01-05,Naive,0,0.18389653332128553,-0.4350353043135791,2020-01-05,2021-01-05,2021-01-05,366,1
384,2021-01-06,Decision Tree,0,0.6659166791615807,0.5672881488930046,2020-01-06,2021-01-06,2021-01-06,366,1
385,2021-01-06,Random Forest,0,0.6659166791615807,0.6062076061582253,2020-01-06,2021-01-06,2021-01-06,366,1
386,2021-01-06,Neural Network,0,0.6659166791615807,0.3070189119905008,2020-01-06,2021-01-06,2021-01-06,366,1
387,2021-01-06,Naive,0,0.6659166791615807,0.18389653332128553,2020-01-06,2021-01-06,2021-01-06,366,1
388,2021-01-07,Decision Tree,0,1.033974976753519,0.8414043330005664,2020-01-07,2021-01-07,2021-01-07,366,1
389,2021-01-07,Random Forest,0,1.033974976753519,0.8957177737162334,2020-01-07,2021-01-07,2021-01-07,366,1
390,2021-01-07,Neural Network,0,1.033974976753519,0.7678462749446273,2020-01-07,2021-01-07,2021-01-07,366,1
391,2021-01-07,Naive,0,1.033974976753519,0.6659166791615807,2020-01-07,2021-01-07,2021-01-07,366,1
392,2021-01-08,Decision Tree,0,1.0074519450500812,0.8628010711953389,2020-01-08,2021-01-08,2021-01-08,366,1
393,2021-01-08,Random Forest,0,1.0074519450500812,0.9535026882002728,2020-01-08,2021-01-08,2021-01-08,366,1
394,2021-01-08,Neural Network,0,1.0074519450500812,0.9323732585090613,2020-01-08,2021-01-08,2021-01-08,366,1
395,2021-01-08,Naive,0,1.0074519450500812,1.033974976753519,2020-01-08,2021-01-08,2021-01-08,366,1
396,2021-01-09,Decision Tree,0,1.2005500543030099,0.9468367117897515,2020-01-09,2021-01-09,2021-01-09,366,1
397,2021-01-09,Random Forest,0,1.2005500543030099,0.9832055034079658,2020-01-09,2021-01-09,2021-01-09,366,1
398,2021-01-09,Neural Network,0,1.2005500543030099,1.062886293948834,2020-01-09,2021-01-09,2021-01-09,366,1
399,2021-01-09,Naive,0,1.2005500543030099,1.0074519450500812,2020-01-09,2021-01-09,2021-01-09,366,1
400,2021-01-10,Decision Tree,0,1.1971331327684511,1.0059614206366754,2020-01-10,2021-01-10,2021-01-10,366,1
401,2021-01-10,Random Forest,0,1.1971331327684511,1.0379962219203782,2020-01-10,2021-01-10,2021-01-10,366,1
402,2021-01-10,Neural Network,0,1.1971331327684511,1.1533119696585739,2020-01-10,2021-01-10,2021-01-10,366,1
403,2021-01-10,Naive,0,1.1971331327684511,1.2005500543030099,2020-01-10,2021-01-10,2021-01-10,366,1
404,2021-01-11,Decision Tree,0,0.6939305182375194,0.5837262372711006,2020-01-11,2021-01-11,2021-01-11,366,1
405,2021-01-11,Random Forest,0,0.6939305182375194,0.6327141085372402,2020-01-11,2021-01-11,2021-01-11,366,1
406,2021-01-11,Neural Network,0,0.6939305182375194,0.48106856017722566,2020-01-11,2021-01-11,2021-01-11,366,1
407,2021-01-11,Naive,0,0.6939305182375194,1.1971331327684511,2020-01-11,2021-01-11,2021-01-11,366,1
408,2021-01-12,Decision Tree,0,-1.0477886249755672,-1.007751354873827,2020-01-12,2021-01-12,2021-01-12,366,1
409,2021-01-12,Random Forest,0,-1.0477886249755672,-1.007262296061512,2020-01-12,2021-01-12,2021-01-12,366,1
410,2021-01-12,Neural Network,0,-1.0477886249755672,-0.9802518945498448,2020-01-12,2021-01-12,2021-01-12,366,1
411,2021-01-12,Naive,0,-1.0477886249755672,0.6939305182375194,2020-01-12,2021-01-12,2021-01-12,366,1
412,2021-01-13,Decision Tree,0,-0.04788367791693829,-0.11589360750130057,2020-01-13,2021-01-13,2021-01-13,366,1
413,2021-01-13,Random Forest,0,-0.04788367791693829,-0.10287053196200915,2020-01-13,2021-01-13,2021-01-13,366,1
414,2021-01-13,Neural Network,0,-0.04788367791693829,-0.5685832480994862,2020-01-13,2021-01-13,2021-01-13,366,1
415,2021-01-13,Naive,0,-0.04788367791693829,-1.0477886249755672,2020-01-13,2021-01-13,2021-01-13,366,1
416,2021-01-14,Decision Tree,0,0.16096520564861155,0.13704363349733156,2020-01-14,2021-01-14,2021-01-14,366,1
417,2021-01-14,Random Forest,0,0.16096520564861155,0.13535118258380277,2020-01-14,2021-01-14,2021-01-14,366,1
418,2021-01-14,Neural Network,0,0.16096520564861155,-0.06569497180453787,2020-01-14,2021-01-14,2021-01-14,366,1
419,2021-01-14,Naive,0,0.16096520564861155,-0.04788367791693829,2020-01-14,2021-01-14,2021-01-14,366,1
420,2021-01-15,Decision Tree,0,0.9261409881697094,0.8153503949095026,2020-01-15,2021-01-15,2021-01-15,366,1
421,2021-01-15,Random Forest,0,0.9261409881697094,0.9362709257954155,2020-01-15,2021-01-15,2021-01-15,366,1
422,2021-01-15,Neural Network,0,0.9261409881697094,1.0297304559470453,2020-01-15,2021-01-15,2021-01-15,366,1
423,2021-01-15,Naive,0,0.9261409881697094,0.16096520564861155,2020-01-15,2021-01-15,2021-01-15,366,1
424,2021-01-16,Decision Tree,0,1.346020586034462,1.092578401702615,2020-01-16,2021-01-16,2021-01-16,366,1
425,2021-01-16,Random Forest,0,1.346020586034462,1.1026967741203115,2020-01-16,2021-01-16,2021-01-16,366,1
426,2021-01-16,Neural Network,0,1.346020586034462,1.206411659943066,2020-01-16,2021-01-16,2021-01-16,366,1
427,2021-01-16,Naive,0,1.346020586034462,0.9261409881697094,2020-01-16,2021-01-16,2021-01-16,366,1
428,2021-01-17,Decision Tree,0,0.8699816518670649,0.868549787745619,2020-01-17,2021-01-17,2021-01-17,366,1
429,2021-01-17,Random Forest,0,0.8699816518670649,0.8775136608495248,2020-01-17,2021-01-17,2021-01-17,366,1
430,2021-01-17,Neural Network,0,0.8699816518670649,0.8506231608989828,2020-01-17,2021-01-17,2021-01-17,366,1
431,2021-01-17,Naive,0,0.8699816518670649,1.346020586034462,2020-01-17,2021-01-17,2021-01-17,366,1
432,2021-01-18,Decision Tree,0,0.9875296902167725,0.882386817866734,2020-01-18,2021-01-18,2021-01-18,366,1
433,2021-01-18,Random Forest,0,0.9875296902167725,0.9342828240342438,2020-01-18,2021-01-18,2021-01-18,366,1
434,2021-01-18,Neural Network,0,0.9875296902167725,0.670849157301185,2020-01-18,2021-01-18,2021-01-18,366,1
435,2021-01-18,Naive,0,0.9875296902167725,0.8699816518670649,2020-01-18,2021-01-18,2021-01-18,366,1
436,2021-01-19,Decision Tree,0,0.11090144061250443,0.09831618722178091,2020-01-19,2021-01-19,2021-01-19,366,1
437,2021-01-19,Random Forest,0,0.11090144061250443,0.054470417437694915,2020-01-19,2021-01-19,2021-01-19,366,1
438,2021-01-19,Neural Network,0,0.11090144061250443,-0.020427590395929618,2020-01-19,2021-01-19,2021-01-19,366,1
439,2021-01-19,Naive,0,0.11090144061250443,0.9875296902167725,2020-01-19,2021-01-19,2021-01-19,366,1
440,2021-01-20,Decision Tree,0,-0.3707973008122688,-0.3989226301063932,2020-01-20,2021-01-20,2021-01-20,366,1
441,2021-01-20,Random Forest,0,-0.3707973008122688,-0.3957510461716495,2020-01-20,2021-01-20,2021-01-20,366,1
442,2021-01-20,Neural Network,0,-0.3707973008122688,-0.2670426260281955,2020-01-20,2021-01-20,2021-01-20,366,1
443,2021-01-20,Naive,0,-0.3707973008122688,0.11090144061250443,2020-01-20,2021-01-20,2021-01-20,366,1
444,2021-01-21,Decision Tree,0,-0.7350395117483433,-0.712296526303755,2020-01-21,2021-01-21,2021-01-21,366,1
445,2021-01-21,Random Forest,0,-0.7350395117483433,-0.7128666111066148,2020-01-21,2021-01-21,2021-01-21,366,1
446,2021-01-21,Neural Network,0,-0.7350395117483433,-0.556381197241609,2020-01-21,2021-01-21,2021-01-21,366,1
447,2021-01-21,Naive,0,-0.7350395117483433,-0.3707973008122688,2020-01-21,2021-01-21,2021-01-21,366,1
448,2021-01-22,Decision Tree,0,-1.4540835874732083,-1.41389748413682,2020-01-22,2021-01-22,2021-01-22,366,1
449,2021-01-22,Random Forest,0,-1.4540835874732083,-1.4098609375373221,2020-01-22,2021-01-22,2021-01-22,366,1
450,2021-01-22,Neural Network,0,-1.4540835874732083,-0.8889720472097122,2020-01-22,2021-01-22,2021-01-22,366,1
451,2021-01-22,Naive,0,-1.4540835874732083,-0.7350395117483433,2020-01-22,2021-01-22,2021-01-22,366,1
452,2021-01-23,Decision Tree,0,0.6773212491145632,0.5739120507361977,2020-01-23,2021-01-23,2021-01-23,366,1
453,2021-01-23,Random Forest,0,0.6773212491145632,0.6360083086015264,2020-01-23,2021-01-23,2021-01-23,366,1
454,2021-01-23,Neural Network,0,0.6773212491145632,0.688538752584639,2020-01-23,2021-01-23,2021-01-23,366,1
455,2021-01-23,Naive,0,0.6773212491145632,-1.4540835874732083,2020-01-23,2021-01-23,2021-01-23,366,1
456,2021-01-24,Decision Tree,0,0.6895187372680024,0.715815625184305,2020-01-24,2021-01-24,2021-01-24,366,1
457,2021-01-24,Random Forest,0,0.6895187372680024,0.6780181830660162,2020-01-24,2021-01-24,2021-01-24,366,1
458,2021-01-24,Neural Network,0,0.6895187372680024,1.0838070605457313,2020-01-24,2021-01-24,2021-01-24,366,1
459,2021-01-24,Naive,0,0.6895187372680024,0.6773212491145632,2020-01-24,2021-01-24,2021-01-24,366,1
460,2021-01-25,Decision Tree,0,0.799293296156696,0.7120589269105475,2020-01-25,2021-01-25,2021-01-25,366,1
461,2021-01-25,Random Forest,0,0.799293296156696,0.7901767590838421,2020-01-25,2021-01-25,2021-01-25,366,1
462,2021-01-25,Neural Network,0,0.799293296156696,0.810859799355603,2020-01-25,2021-01-25,2021-01-25,366,1
463,2021-01-25,Naive,0,0.799293296156696,0.6895187372680024,2020-01-25,2021-01-25,2021-01-25,366,1
464,2021-01-26,Decision Tree,0,1.0307677862944862,1.1137774692520441,2020-01-26,2021-01-26,2021-01-26,366,1
465,2021-01-26,Random Forest,0,1.0307677862944862,1.0228284572288295,2020-01-26,2021-01-26,2021-01-26,366,1
466,2021-01-26,Neural Network,0,1.0307677862944862,0.8640433338717528,2020-01-26,2021-01-26,2021-01-26,366,1
467,2021-01-26,Naive,0,1.0307677862944862,0.799293296156696,2020-01-26,2021-01-26,2021-01-26,366,1
468,2021-01-27,Decision Tree,0,0.8087459747943584,0.8588605552502653,2020-01-27,2021-01-27,2021-01-27,366,1
469,2021-01-27,Random Forest,0,0.8087459747943584,0.8078289034197264,2020-01-27,2021-01-27,2021-01-27,366,1
470,2021-01-27,Neural Network,0,0.8087459747943584,0.7287719176892786,2020-01-27,2021-01-27,2021-01-27,366,1
471,2021-01-27,Naive,0,0.8087459747943584,1.0307677862944862,2020-01-27,2021-01-27,2021-01-27,366,1
472,2021-01-28,Decision Tree,0,0.8110467768109832,0.8445266259425412,2020-01-28,2021-01-28,2021-01-28,366,1
473,2021-01-28,Random Forest,0,0.8110467768109832,0.8273549785778129,2020-01-28,2021-01-28,2021-01-28,366,1
474,2021-01-28,Neural Network,0,0.8110467768109832,0.9088250003958118,2020-01-28,2021-01-28,2021-01-28,366,1
475,2021-01-28,Naive,0,0.8110467768109832,0.8087459747943584,2020-01-28,2021-01-28,2021-01-28,366,1
476,2021-01-29,Decision Tree,0,0.5522827988065743,0.4314822573549407,2020-01-29,2021-01-29,2021-01-29,366,1
477,2021-01-29,Random Forest,0,0.5522827988065743,0.47415335361194944,2020-01-29,2021-01-29,2021-01-29,366,1
478,2021-01-29,Neural Network,0,0.5522827988065743,0.6391835144416491,2020-01-29,2021-01-29,2021-01-29,366,1
479,2021-01-29,Naive,0,0.5522827988065743,0.8110467768109832,2020-01-29,2021-01-29,2021-01-29,366,1
480,2021-01-30,Decision Tree,0,0.5060822208880853,0.4712037774547196,2020-01-30,2021-01-30,2021-01-30,366,1
481,2021-01-30,Random Forest,0,0.5060822208880853,0.46101212603104386,2020-01-30,2021-01-30,2021-01-30,366,1
482,2021-01-30,Neural Network,0,0.5060822208880853,0.5802135501429669,2020-01-30,2021-01-30,2021-01-30,366,1
483,2021-01-30,Naive,0,0.5060822208880853,0.5522827988065743,2020-01-30,2021-01-30,2021-01-30,366,1
484,2021-01-31,Decision Tree,0,0.5108043779879915,0.47701685136028044,2020-01-31,2021-01-31,2021-01-31,366,1
485,2021-01-31,Random Forest,0,0.5108043779879915,0.4739026573825319,2020-01-31,2021-01-31,2021-01-31,366,1
486,2021-01-31,Neural Network,0,0.5108043779879915,0.738072038052437,2020-01-31,2021-01-31,2021-01-31,366,1
487,2021-01-31,Naive,0,0.5108043779879915,0.5060822208880853,2020-01-31,2021-01-31,2021-01-31,366,1
488,2021-02-01,Decision Tree,0,0.44856606538163474,0.39884456735143736,2020-02-01,2021-02-01,2021-02-01,366,1
489,2021-02-01,Random Forest,0,0.44856606538163474,0.39750358851108253,2020-02-01,2021-02-01,2021-02-01,366,1
490,2021-02-01,Neural Network,0,0.44856606538163474,0.5788404208851841,2020-02-01,2021-02-01,2021-02-01,366,1
491,2021-02-01,Naive,0,0.44856606538163474,0.5108043779879915,2020-02-01,2021-02-01,2021-02-01,366,1
492,2021-02-02,Decision Tree,0,0.770058021128885,0.794538923473257,2020-02-02,2021-02-02,2021-02-02,366,1
493,2021-02-02,Random Forest,0,0.770058021128885,0.7678816149547706,2020-02-02,2021-02-02,2021-02-02,366,1
494,2021-02-02,Neural Network,0,0.770058021128885,0.9224941056961315,2020-02-02,2021-02-02,2021-02-02,366,1
495,2021-02-02,Naive,0,0.770058021128885,0.44856606538163474,2020-02-02,2021-02-02,2021-02-02,366,1
496,2021-02-03,Decision Tree,0,0.029085494658716314,-0.04954783749274514,2020-02-03,2021-02-03,2021-02-03,366,1
497,2021-02-03,Random Forest,0,0.029085494658716314,-0.0032125722847801894,2020-02-03,2021-02-03,2021-02-03,366,1
498,2021-02-03,Neural Network,0,0.029085494658716314,0.19619367403566618,2020-02-03,2021-02-03,2021-02-03,366,1
499,2021-02-03,Naive,0,0.029085494658716314,0.770058021128885,2020-02-03,2021-02-03,2021-02-03,366,1
500,2021-02-04,Decision Tree,0,-0.10292995956684668,-0.11846360801727253,2020-02-04,2021-02-04,2021-02-04,366,1
501,2021-02-04,Random Forest,0,-0.10292995956684668,-0.11562806673022194,2020-02-04,2021-02-04,2021-02-04,366,1
502,2021-02-04,Neural Network,0,-0.10292995956684668,-0.20517344654495467,2020-02-04,2021-02-04,2021-02-04,366,1
503,2021-02-04,Naive,0,-0.10292995956684668,0.029085494658716314,2020-02-04,2021-02-04,2021-02-04,366,1
504,2021-02-05,Decision Tree,0,0.7364215037528443,0.6874122993115636,2020-02-05,2021-02-05,2021-02-05,366,1
505,2021-02-05,Random Forest,0,0.7364215037528443,0.696333654689851,2020-02-05,2021-02-05,2021-02-05,366,1
506,2021-02-05,Neural Network,0,0.7364215037528443,0.6204835857698874,2020-02-05,2021-02-05,2021-02-05,366,1
507,2021-02-05,Naive,0,0.7364215037528443,-0.10292995956684668,2020-02-05,2021-02-05,2021-02-05,366,1
508,2021-02-06,Decision Tree,0,0.4135912306413668,0.4200555685519608,2020-02-06,2021-02-06,2021-02-06,366,1
509,2021-02-06,Random Forest,0,0.4135912306413668,0.39041739000619935,2020-02-06,2021-02-06,2021-02-06,366,1
510,2021-02-06,Neural Network,0,0.4135912306413668,0.22382935039994495,2020-02-06,2021-02-06,2021-02-06,366,1
511,2021-02-06,Naive,0,0.4135912306413668,0.7364215037528443,2020-02-06,2021-02-06,2021-02-06,366,1
512,2021-02-07,Decision Tree,0,-1.7628790535971521,-1.6473030755280464,2020-02-07,2021-02-07,2021-02-07,366,1
513,2021-02-07,Random Forest,0,-1.7628790535971521,-1.676907821317357,2020-02-07,2021-02-07,2021-02-07,366,1
514,2021-02-07,Neural Network,0,-1.7628790535971521,-1.1729477645255395,2020-02-07,2021-02-07,2021-02-07,366,1
515,2021-02-07,Naive,0,-1.7628790535971521,0.4135912306413668,2020-02-07,2021-02-07,2021-02-07,366,1
516,2021-02-08,Decision Tree,0,-1.5025857668031746,-1.418362606729752,2020-02-08,2021-02-08,2021-02-08,366,1
517,2021-02-08,Random Forest,0,-1.5025857668031746,-1.4378971985117939,2020-02-08,2021-02-08,2021-02-08,366,1
518,2021-02-08,Neural Network,0,-1.5025857668031746,-1.3189487048139652,2020-02-08,2021-02-08,2021-02-08,366,1
519,2021-02-08,Naive,0,-1.5025857668031746,-1.7628790535971521,2020-02-08,2021-02-08,2021-02-08,366,1
520,2021-02-09,Decision Tree,0,0.8629346635016819,0.847979626484133,2020-02-09,2021-02-09,2021-02-09,366,1
521,2021-02-09,Random Forest,0,0.8629346635016819,0.8537744761685142,2020-02-09,2021-02-09,2021-02-09,366,1
522,2021-02-09,Neural Network,0,0.8629346635016819,0.6435454602869692,2020-02-09,2021-02-09,2021-02-09,366,1
523,2021-02-09,Naive,0,0.8629346635016819,-1.5025857668031746,2020-02-09,2021-02-09,2021-02-09,366,1
524,2021-02-10,Decision Tree,0,1.0551609512422564,1.1034012588823494,2020-02-10,2021-02-10,2021-02-10,366,1
525,2021-02-10,Random Forest,0,1.0551609512422564,1.0547182039626153,2020-02-10,2021-02-10,2021-02-10,366,1
526,2021-02-10,Neural Network,0,1.0551609512422564,0.9268441850448306,2020-02-10,2021-02-10,2021-02-10,366,1
527,2021-02-10,Naive,0,1.0551609512422564,0.8629346635016819,2020-02-10,2021-02-10,2021-02-10,366,1
528,2021-02-11,Decision Tree,0,1.2388934251441401,1.098041224700117,2020-02-11,2021-02-11,2021-02-11,366,1
529,2021-02-11,Random Forest,0,1.2388934251441401,1.117293358042611,2020-02-11,2021-02-11,2021-02-11,366,1
530,2021-02-11,Neural Network,0,1.2388934251441401,1.1868972710176158,2020-02-11,2021-02-11,2021-02-11,366,1
531,2021-02-11,Naive,0,1.2388934251441401,1.0551609512422564,2020-02-11,2021-02-11,2021-02-11,366,1
532,2021-02-12,Decision Tree,0,1.03144047658338,1.0167012595905744,2020-02-12,2021-02-12,2021-02-12,366,1
533,2021-02-12,Random Forest,0,1.03144047658338,1.0440419460862989,2020-02-12,2021-02-12,2021-02-12,366,1
534,2021-02-12,Neural Network,0,1.03144047658338,1.0140384569114644,2020-02-12,2021-02-12,2021-02-12,366,1
535,2021-02-12,Naive,0,1.03144047658338,1.2388934251441401,2020-02-12,2021-02-12,2021-02-12,366,1
536,2021-02-13,Decision Tree,0,0.8759884113246567,0.882386817866734,2020-02-13,2021-02-13,2021-02-13,366,1
537,2021-02-13,Random Forest,0,0.8759884113246567,0.8798793005151608,2020-02-13,2021-02-13,2021-02-13,366,1
538,2021-02-13,Neural Network,0,0.8759884113246567,0.9252540785038059,2020-02-13,2021-02-13,2021-02-13,366,1
539,2021-02-13,Naive,0,0.8759884113246567,1.03144047658338,2020-02-13,2021-02-13,2021-02-13,366,1
540,2021-02-14,Decision Tree,0,0.7402231878964437,0.7212102236950625,2020-02-14,2021-02-14,2021-02-14,366,1
541,2021-02-14,Random Forest,0,0.7402231878964437,0.7024171384152617,2020-02-14,2021-02-14,2021-02-14,366,1
542,2021-02-14,Neural Network,0,0.7402231878964437,0.7451340198596332,2020-02-14,2021-02-14,2021-02-14,366,1
543,2021-02-14,Naive,0,0.7402231878964437,0.8759884113246567,2020-02-14,2021-02-14,2021-02-14,366,1
544,2021-02-15,Decision Tree,0,0.24628392362647347,0.23877861892676824,2020-02-15,2021-02-15,2021-02-15,366,1
545,2021-02-15,Random Forest,0,0.24628392362647347,0.23792582834357315,2020-02-15,2021-02-15,2021-02-15,366,1
546,2021-02-15,Neural Network,0,0.24628392362647347,0.12110730375357331,2020-02-15,2021-02-15,2021-02-15,366,1
547,2021-02-15,Naive,0,0.24628392362647347,0.7402231878964437,2020-02-15,2021-02-15,2021-02-15,366,1
548,2021-02-16,Decision Tree,0,0.7733389970477188,0.7387400009765265,2020-02-16,2021-02-16,2021-02-16,366,1
549,2021-02-16,Random Forest,0,0.7733389970477188,0.7709439444882469,2020-02-16,2021-02-16,2021-02-16,366,1
550,2021-02-16,Neural Network,0,0.7733389970477188,0.750440281870308,2020-02-16,2021-02-16,2021-02-16,366,1
551,2021-02-16,Naive,0,0.7733389970477188,0.24628392362647347,2020-02-16,2021-02-16,2021-02-16,366,1
552,2021-02-17,Decision Tree,0,0.5006808196087307,0.4818436408785249,2020-02-17,2021-02-17,2021-02-17,366,1
553,2021-02-17,Random Forest,0,0.5006808196087307,0.489545828355155,2020-02-17,2021-02-17,2021-02-17,366,1
554,2021-02-17,Neural Network,0,0.5006808196087307,0.328133124042961,2020-02-17,2021-02-17,2021-02-17,366,1
555,2021-02-17,Naive,0,0.5006808196087307,0.7733389970477188,2020-02-17,2021-02-17,2021-02-17,366,1
556,2021-02-18,Decision Tree,0,0.5176976644226747,0.4841982882198006,2020-02-18,2021-02-18,2021-02-18,366,1
557,2021-02-18,Random Forest,0,0.5176976644226747,0.49942017345600687,2020-02-18,2021-02-18,2021-02-18,366,1
558,2021-02-18,Neural Network,0,0.5176976644226747,0.5246600139817008,2020-02-18,2021-02-18,2021-02-18,366,1
559,2021-02-18,Naive,0,0.5176976644226747,0.5006808196087307,2020-02-18,2021-02-18,2021-02-18,366,1
560,2021-02-19,Decision Tree,0,0.1428907163345237,0.10011408056331285,2020-02-19,2021-02-19,2021-02-19,366,1
561,2021-02-19,Random Forest,0,0.1428907163345237,0.1340859334634845,2020-02-19,2021-02-19,2021-02-19,366,1
562,2021-02-19,Neural Network,0,0.1428907163345237,-0.08170213127678977,2020-02-19,2021-02-19,2021-02-19,366,1
563,2021-02-19,Naive,0,0.1428907163345237,0.5176976644226747,2020-02-19,2021-02-19,2021-02-19,366,1
564,2021-02-20,Decision Tree,0,0.3234804246548238,0.308645499860796,2020-02-20,2021-02-20,2021-02-20,366,1
565,2021-02-20,Random Forest,0,0.3234804246548238,0.26990248863823024,2020-02-20,2021-02-20,2021-02-20,366,1
566,2021-02-20,Neural Network,0,0.3234804246548238,0.39158068836146487,2020-02-20,2021-02-20,2021-02-20,366,1
567,2021-02-20,Naive,0,0.3234804246548238,0.1428907163345237,2020-02-20,2021-02-20,2021-02-20,366,1
568,2021-02-21,Decision Tree,0,-1.0434102051559726,-0.9977246367154754,2020-02-21,2021-02-21,2021-02-21,366,1
569,2021-02-21,Random Forest,0,-1.0434102051559726,-1.0082975729932293,2020-02-21,2021-02-21,2021-02-21,366,1
570,2021-02-21,Neural Network,0,-1.0434102051559726,-0.8755328991011218,2020-02-21,2021-02-21,2021-02-21,366,1
571,2021-02-21,Naive,0,-1.0434102051559726,0.3234804246548238,2020-02-21,2021-02-21,2021-02-21,366,1
572,2021-02-22,Decision Tree,0,0.3649354164460934,0.2760138925444665,2020-02-22,2021-02-22,2021-02-22,366,1
573,2021-02-22,Random Forest,0,0.3649354164460934,0.330588112531098,2020-02-22,2021-02-22,2021-02-22,366,1
574,2021-02-22,Neural Network,0,0.3649354164460934,0.3559558762896707,2020-02-22,2021-02-22,2021-02-22,366,1
575,2021-02-22,Naive,0,0.3649354164460934,-1.0434102051559726,2020-02-22,2021-02-22,2021-02-22,366,1
576,2021-02-23,Decision Tree,0,0.4818170208914021,0.40725967748603226,2020-02-23,2021-02-23,2021-02-23,366,1
577,2021-02-23,Random Forest,0,0.4818170208914021,0.4345751221152027,2020-02-23,2021-02-23,2021-02-23,366,1
578,2021-02-23,Neural Network,0,0.4818170208914021,0.4807193504594195,2020-02-23,2021-02-23,2021-02-23,366,1
579,2021-02-23,Naive,0,0.4818170208914021,0.3649354164460934,2020-02-23,2021-02-23,2021-02-23,366,1
580,2021-02-24,Decision Tree,0,-0.965557635809124,-0.9292501381432634,2020-02-24,2021-02-24,2021-02-24,366,1
581,2021-02-24,Random Forest,0,-0.965557635809124,-0.9290410135629531,2020-02-24,2021-02-24,2021-02-24,366,1
582,2021-02-24,Neural Network,0,-0.965557635809124,-0.6652549755310163,2020-02-24,2021-02-24,2021-02-24,366,1
583,2021-02-24,Naive,0,-0.965557635809124,0.4818170208914021,2020-02-24,2021-02-24,2021-02-24,366,1
584,2021-02-25,Decision Tree,0,0.02845244155602783,0.030236986807760723,2020-02-25,2021-02-25,2021-02-25,366,1
585,2021-02-25,Random Forest,0,0.02845244155602783,0.016849367545493203,2020-02-25,2021-02-25,2021-02-25,366,1
586,2021-02-25,Neural Network,0,0.02845244155602783,0.11516116155843542,2020-02-25,2021-02-25,2021-02-25,366,1
587,2021-02-25,Naive,0,0.02845244155602783,-0.965557635809124,2020-02-25,2021-02-25,2021-02-25,366,1
588,2021-02-26,Decision Tree,0,0.7021617163234247,0.6950353943691647,2020-02-26,2021-02-26,2021-02-26,366,1
589,2021-02-26,Random Forest,0,0.7021617163234247,0.6915014362568386,2020-02-26,2021-02-26,2021-02-26,366,1
590,2021-02-26,Neural Network,0,0.7021617163234247,0.60976168079439,2020-02-26,2021-02-26,2021-02-26,366,1
591,2021-02-26,Naive,0,0.7021617163234247,0.02845244155602783,2020-02-26,2021-02-26,2021-02-26,366,1
592,2021-02-27,Decision Tree,0,0.6335530249454012,0.5739120507361977,2020-02-27,2021-02-27,2021-02-27,366,1
593,2021-02-27,Random Forest,0,0.6335530249454012,0.6122519747311025,2020-02-27,2021-02-27,2021-02-27,366,1
594,2021-02-27,Neural Network,0,0.6335530249454012,0.628534872765646,2020-02-27,2021-02-27,2021-02-27,366,1
595,2021-02-27,Naive,0,0.6335530249454012,0.7021617163234247,2020-02-27,2021-02-27,2021-02-27,366,1
596,2021-02-28,Decision Tree,0,0.4806198698961402,0.3529587982028884,2020-02-28,2021-02-28,2021-02-28,366,1
597,2021-02-28,Random Forest,0,0.4806198698961402,0.4206423453966067,2020-02-28,2021-02-28,2021-02-28,366,1
598,2021-02-28,Neural Network,0,0.4806198698961402,0.6706551174972002,2020-02-28,2021-02-28,2021-02-28,366,1
599,2021-02-28,Naive,0,0.4806198698961402,0.6335530249454012,2020-02-28,2021-02-28,2021-02-28,366,1
600,2021-03-01,Decision Tree,0,0.5354754978190785,0.462908093291003,2020-03-01,2021-03-01,2021-03-01,365,1
601,2021-03-01,Random Forest,0,0.5354754978190785,0.4820163826803711,2020-03-01,2021-03-01,2021-03-01,365,1
602,2021-03-01,Neural Network,0,0.5354754978190785,0.39068663567380824,2020-03-01,2021-03-01,2021-03-01,365,1
603,2021-03-01,Naive,0,0.5354754978190785,0.4806198698961402,2020-03-01,2021-03-01,2021-03-01,365,1
604,2021-03-02,Decision Tree,0,0.6534931386077086,0.5838522131043983,2020-03-02,2021-03-02,2021-03-02,365,1
605,2021-03-02,Random Forest,0,0.6534931386077086,0.6472103404068774,2020-03-02,2021-03-02,2021-03-02,365,1
606,2021-03-02,Neural Network,0,0.6534931386077086,0.6565998528193099,2020-03-02,2021-03-02,2021-03-02,365,1
607,2021-03-02,Naive,0,0.6534931386077086,0.5354754978190785,2020-03-02,2021-03-02,2021-03-02,365,1
608,2021-03-03,Decision Tree,0,0.7267463839245855,0.6960534403626305,2020-03-03,2021-03-03,2021-03-03,365,1
609,2021-03-03,Random Forest,0,0.7267463839245855,0.7079039670094133,2020-03-03,2021-03-03,2021-03-03,365,1
610,2021-03-03,Neural Network,0,0.7267463839245855,0.7895658972888218,2020-03-03,2021-03-03,2021-03-03,365,1
611,2021-03-03,Naive,0,0.7267463839245855,0.6534931386077086,2020-03-03,2021-03-03,2021-03-03,365,1
612,2021-03-04,Decision Tree,0,0.8753431794636652,0.8884241398873719,2020-03-04,2021-03-04,2021-03-04,365,1
613,2021-03-04,Random Forest,0,0.8753431794636652,0.872807272660696,2020-03-04,2021-03-04,2021-03-04,365,1
614,2021-03-04,Neural Network,0,0.8753431794636652,0.7982187575138175,2020-03-04,2021-03-04,2021-03-04,365,1
615,2021-03-04,Naive,0,0.8753431794636652,0.7267463839245855,2020-03-04,2021-03-04,2021-03-04,365,1
616,2021-03-05,Decision Tree,0,0.7297643232975942,0.6998900583078748,2020-03-05,2021-03-05,2021-03-05,365,1
617,2021-03-05,Random Forest,0,0.7297643232975942,0.7188235238222244,2020-03-05,2021-03-05,2021-03-05,365,1
618,2021-03-05,Neural Network,0,0.7297643232975942,0.6809591214154161,2020-03-05,2021-03-05,2021-03-05,365,1
619,2021-03-05,Naive,0,0.7297643232975942,0.8753431794636652,2020-03-05,2021-03-05,2021-03-05,365,1
620,2021-03-06,Decision Tree,0,0.8645281207819888,0.8862439798167542,2020-03-06,2021-03-06,2021-03-06,365,1
621,2021-03-06,Random Forest,0,0.8645281207819888,0.8798814035860979,2020-03-06,2021-03-06,2021-03-06,365,1
622,2021-03-06,Neural Network,0,0.8645281207819888,0.808661430611567,2020-03-06,2021-03-06,2021-03-06,365,1
623,2021-03-06,Naive,0,0.8645281207819888,0.7297643232975942,2020-03-06,2021-03-06,2021-03-06,365,1
624,2021-03-07,Decision Tree,0,0.7036245491383993,0.7032094210845102,2020-03-07,2021-03-07,2021-03-07,365,1
625,2021-03-07,Random Forest,0,0.7036245491383993,0.6768627788585176,2020-03-07,2021-03-07,2021-03-07,365,1
626,2021-03-07,Neural Network,0,0.7036245491383993,0.6586161593575527,2020-03-07,2021-03-07,2021-03-07,365,1
627,2021-03-07,Naive,0,0.7036245491383993,0.8645281207819888,2020-03-07,2021-03-07,2021-03-07,365,1
628,2021-03-08,Decision Tree,0,0.8235858199433507,0.8214365022911126,2020-03-08,2021-03-08,2021-03-08,365,1
629,2021-03-08,Random Forest,0,0.8235858199433507,0.8214874603053872,2020-03-08,2021-03-08,2021-03-08,365,1
630,2021-03-08,Neural Network,0,0.8235858199433507,0.7041838329899793,2020-03-08,2021-03-08,2021-03-08,365,1
631,2021-03-08,Naive,0,0.8235858199433507,0.7036245491383993,2020-03-08,2021-03-08,2021-03-08,365,1
632,2021-03-09,Decision Tree,0,0.8351197745017588,0.8086936737933756,2020-03-09,2021-03-09,2021-03-09,365,1
633,2021-03-09,Random Forest,0,0.8351197745017588,0.8338092741042173,2020-03-09,2021-03-09,2021-03-09,365,1
634,2021-03-09,Neural Network,0,0.8351197745017588,0.7642763883970229,2020-03-09,2021-03-09,2021-03-09,365,1
635,2021-03-09,Naive,0,0.8351197745017588,0.8235858199433507,2020-03-09,2021-03-09,2021-03-09,365,1
636,2021-03-10,Decision Tree,0,1.2213158480427146,1.207551629898464,2020-03-10,2021-03-10,2021-03-10,365,1
637,2021-03-10,Random Forest,0,1.2213158480427146,1.2141109760885374,2020-03-10,2021-03-10,2021-03-10,365,1
638,2021-03-10,Neural Network,0,1.2213158480427146,1.1651129460100118,2020-03-10,2021-03-10,2021-03-10,365,1
639,2021-03-10,Naive,0,1.2213158480427146,0.8351197745017588,2020-03-10,2021-03-10,2021-03-10,365,1
640,2021-03-11,Decision Tree,0,-1.1134500289513727,-1.0536651392699345,2020-03-11,2021-03-11,2021-03-11,365,1
641,2021-03-11,Random Forest,0,-1.1134500289513727,-1.0557992542005192,2020-03-11,2021-03-11,2021-03-11,365,1
642,2021-03-11,Neural Network,0,-1.1134500289513727,-1.1996140482550555,2020-03-11,2021-03-11,2021-03-11,365,1
643,2021-03-11,Naive,0,-1.1134500289513727,1.2213158480427146,2020-03-11,2021-03-11,2021-03-11,365,1
644,2021-03-12,Decision Tree,0,-1.122083720689699,-1.100191068565184,2020-03-12,2021-03-12,2021-03-12,365,1
645,2021-03-12,Random Forest,0,-1.122083720689699,-1.0972562247271076,2020-03-12,2021-03-12,2021-03-12,365,1
646,2021-03-12,Neural Network,0,-1.122083720689699,-1.1391742466933747,2020-03-12,2021-03-12,2021-03-12,365,1
647,2021-03-12,Naive,0,-1.122083720689699,-1.1134500289513727,2020-03-12,2021-03-12,2021-03-12,365,1
648,2021-03-13,Decision Tree,0,-0.636736991593711,-0.6081758294309481,2020-03-13,2021-03-13,2021-03-13,365,1
649,2021-03-13,Random Forest,0,-0.636736991593711,-0.6167211726289795,2020-03-13,2021-03-13,2021-03-13,365,1
650,2021-03-13,Neural Network,0,-0.636736991593711,-0.7268867795585201,2020-03-13,2021-03-13,2021-03-13,365,1
651,2021-03-13,Naive,0,-0.636736991593711,-1.122083720689699,2020-03-13,2021-03-13,2021-03-13,365,1
652,2021-03-14,Decision Tree,0,-1.8489116287218146,-1.7411945965011246,2020-03-14,2021-03-14,2021-03-14,365,1
653,2021-03-14,Random Forest,0,-1.8489116287218146,-1.7500879739172464,2020-03-14,2021-03-14,2021-03-14,365,1
654,2021-03-14,Neural Network,0,-1.8489116287218146,-2.0640441452040483,2020-03-14,2021-03-14,2021-03-14,365,1
655,2021-03-14,Naive,0,-1.8489116287218146,-0.636736991593711,2020-03-14,2021-03-14,2021-03-14,365,1
656,2021-03-15,Decision Tree,0,0.39012413179313904,0.38490188695849403,2020-03-15,2021-03-15,2021-03-15,365,1
657,2021-03-15,Random Forest,0,0.39012413179313904,0.3998410015915274,2020-03-15,2021-03-15,2021-03-15,365,1
658,2021-03-15,Neural Network,0,0.39012413179313904,0.19066362638233175,2020-03-15,2021-03-15,2021-03-15,365,1
659,2021-03-15,Naive,0,0.39012413179313904,-1.8489116287218146,2020-03-15,2021-03-15,2021-03-15,365,1
660,2021-03-16,Decision Tree,0,0.7063516163323845,0.6899270595774263,2020-03-16,2021-03-16,2021-03-16,365,1
661,2021-03-16,Random Forest,0,0.7063516163323845,0.7103685247331051,2020-03-16,2021-03-16,2021-03-16,365,1
662,2021-03-16,Neural Network,0,0.7063516163323845,0.5784589361532883,2020-03-16,2021-03-16,2021-03-16,365,1
663,2021-03-16,Naive,0,0.7063516163323845,0.39012413179313904,2020-03-16,2021-03-16,2021-03-16,365,1
664,2021-03-17,Decision Tree,0,0.7422427408953921,0.7668483663969472,2020-03-17,2021-03-17,2021-03-17,365,1
665,2021-03-17,Random Forest,0,0.7422427408953921,0.7648740362513088,2020-03-17,2021-03-17,2021-03-17,365,1
666,2021-03-17,Neural Network,0,0.7422427408953921,0.6824497034195015,2020-03-17,2021-03-17,2021-03-17,365,1
667,2021-03-17,Naive,0,0.7422427408953921,0.7063516163323845,2020-03-17,2021-03-17,2021-03-17,365,1
668,2021-03-18,Decision Tree,0,1.0086354370556851,1.0243011036826444,2020-03-18,2021-03-18,2021-03-18,365,1
669,2021-03-18,Random Forest,0,1.0086354370556851,1.0586398510705721,2020-03-18,2021-03-18,2021-03-18,365,1
670,2021-03-18,Neural Network,0,1.0086354370556851,0.9646929357642962,2020-03-18,2021-03-18,2021-03-18,365,1
671,2021-03-18,Naive,0,1.0086354370556851,0.7422427408953921,2020-03-18,2021-03-18,2021-03-18,365,1
672,2021-03-19,Decision Tree,0,1.4206478199326404,1.2407826092585557,2020-03-19,2021-03-19,2021-03-19,365,1
673,2021-03-19,Random Forest,0,1.4206478199326404,1.212935248642848,2020-03-19,2021-03-19,2021-03-19,365,1
674,2021-03-19,Neural Network,0,1.4206478199326404,1.4167715558604266,2020-03-19,2021-03-19,2021-03-19,365,1
675,2021-03-19,Naive,0,1.4206478199326404,1.0086354370556851,2020-03-19,2021-03-19,2021-03-19,365,1
676,2021-03-20,Decision Tree,0,1.3354579444456547,1.2707601443709031,2020-03-20,2021-03-20,2021-03-20,365,1
677,2021-03-20,Random Forest,0,1.3354579444456547,1.2955647747497354,2020-03-20,2021-03-20,2021-03-20,365,1
678,2021-03-20,Neural Network,0,1.3354579444456547,1.3051518441425034,2020-03-20,2021-03-20,2021-03-20,365,1
679,2021-03-20,Naive,0,1.3354579444456547,1.4206478199326404,2020-03-20,2021-03-20,2021-03-20,365,1
680,2021-03-21,Decision Tree,0,0.30408576754567074,0.2845984106877268,2020-03-21,2021-03-21,2021-03-21,365,1
681,2021-03-21,Random Forest,0,0.30408576754567074,0.29956171008994764,2020-03-21,2021-03-21,2021-03-21,365,1
682,2021-03-21,Neural Network,0,0.30408576754567074,0.1891220991415749,2020-03-21,2021-03-21,2021-03-21,365,1
683,2021-03-21,Naive,0,0.30408576754567074,1.3354579444456547,2020-03-21,2021-03-21,2021-03-21,365,1
684,2021-03-22,Decision Tree,0,0.9240028863032999,0.889496445406692,2020-03-22,2021-03-22,2021-03-22,365,1
685,2021-03-22,Random Forest,0,0.9240028863032999,0.8949317412923357,2020-03-22,2021-03-22,2021-03-22,365,1
686,2021-03-22,Neural Network,0,0.9240028863032999,0.8278123868977703,2020-03-22,2021-03-22,2021-03-22,365,1
687,2021-03-22,Naive,0,0.9240028863032999,0.30408576754567074,2020-03-22,2021-03-22,2021-03-22,365,1
688,2021-03-23,Decision Tree,0,1.1559942107945014,1.2800026872387247,2020-03-23,2021-03-23,2021-03-23,365,1
689,2021-03-23,Random Forest,0,1.1559942107945014,1.2448546058756271,2020-03-23,2021-03-23,2021-03-23,365,1
690,2021-03-23,Neural Network,0,1.1559942107945014,1.0948515547937046,2020-03-23,2021-03-23,2021-03-23,365,1
691,2021-03-23,Naive,0,1.1559942107945014,0.9240028863032999,2020-03-23,2021-03-23,2021-03-23,365,1
692,2021-03-24,Decision Tree,0,0.8107856754827538,0.8590590705331028,2020-03-24,2021-03-24,2021-03-24,365,1
693,2021-03-24,Random Forest,0,0.8107856754827538,0.8424961067753085,2020-03-24,2021-03-24,2021-03-24,365,1
694,2021-03-24,Neural Network,0,0.8107856754827538,0.7812988052749628,2020-03-24,2021-03-24,2021-03-24,365,1
695,2021-03-24,Naive,0,0.8107856754827538,1.1559942107945014,2020-03-24,2021-03-24,2021-03-24,365,1
696,2021-03-25,Decision Tree,0,1.1508497136608453,1.2645016276831968,2020-03-25,2021-03-25,2021-03-25,365,1
697,2021-03-25,Random Forest,0,1.1508497136608453,1.1923827057777794,2020-03-25,2021-03-25,2021-03-25,365,1
698,2021-03-25,Neural Network,0,1.1508497136608453,1.1320142285514154,2020-03-25,2021-03-25,2021-03-25,365,1
699,2021-03-25,Naive,0,1.1508497136608453,0.8107856754827538,2020-03-25,2021-03-25,2021-03-25,365,1
700,2021-03-26,Decision Tree,0,1.0444553903626916,1.0223428953542741,2020-03-26,2021-03-26,2021-03-26,365,1
701,2021-03-26,Random Forest,0,1.0444553903626916,1.0321594983303177,2020-03-26,2021-03-26,2021-03-26,365,1
702,2021-03-26,Neural Network,0,1.0444553903626916,0.9680790907327719,2020-03-26,2021-03-26,2021-03-26,365,1
703,2021-03-26,Naive,0,1.0444553903626916,1.1508497136608453,2020-03-26,2021-03-26,2021-03-26,365,1
704,2021-03-27,Decision Tree,0,0.5232977149523459,0.5149772000606482,2020-03-27,2021-03-27,2021-03-27,365,1
705,2021-03-27,Random Forest,0,0.5232977149523459,0.5365649588850224,2020-03-27,2021-03-27,2021-03-27,365,1
706,2021-03-27,Neural Network,0,0.5232977149523459,0.3796112350160453,2020-03-27,2021-03-27,2021-03-27,365,1
707,2021-03-27,Naive,0,0.5232977149523459,1.0444553903626916,2020-03-27,2021-03-27,2021-03-27,365,1
708,2021-03-28,Decision Tree,0,0.5732603070981357,0.6210013012846326,2020-03-28,2021-03-28,2021-03-28,365,1
709,2021-03-28,Random Forest,0,0.5732603070981357,0.6165330897590021,2020-03-28,2021-03-28,2021-03-28,365,1
710,2021-03-28,Neural Network,0,0.5732603070981357,0.6406543079803043,2020-03-28,2021-03-28,2021-03-28,365,1
711,2021-03-28,Naive,0,0.5732603070981357,0.5232977149523459,2020-03-28,2021-03-28,2021-03-28,365,1
712,2021-03-29,Decision Tree,0,-0.5707081328329004,-0.5477388999497201,2020-03-29,2021-03-29,2021-03-29,365,1
713,2021-03-29,Random Forest,0,-0.5707081328329004,-0.5569864186381115,2020-03-29,2021-03-29,2021-03-29,365,1
714,2021-03-29,Neural Network,0,-0.5707081328329004,-0.6200998435494406,2020-03-29,2021-03-29,2021-03-29,365,1
715,2021-03-29,Naive,0,-0.5707081328329004,0.5732603070981357,2020-03-29,2021-03-29,2021-03-29,365,1
716,2021-03-30,Decision Tree,0,0.7725130525492457,0.8086679488610059,2020-03-30,2021-03-30,2021-03-30,365,1
717,2021-03-30,Random Forest,0,0.7725130525492457,0.8146510524331715,2020-03-30,2021-03-30,2021-03-30,365,1
718,2021-03-30,Neural Network,0,0.7725130525492457,0.7717905465599475,2020-03-30,2021-03-30,2021-03-30,365,1
719,2021-03-30,Naive,0,0.7725130525492457,-0.5707081328329004,2020-03-30,2021-03-30,2021-03-30,365,1
720,2021-03-31,Decision Tree,0,1.2235459096397157,1.2518736372362687,2020-03-31,2021-03-31,2021-03-31,365,1
721,2021-03-31,Random Forest,0,1.2235459096397157,1.2340516274480775,2020-03-31,2021-03-31,2021-03-31,365,1
722,2021-03-31,Neural Network,0,1.2235459096397157,1.1331783564352997,2020-03-31,2021-03-31,2021-03-31,365,1
723,2021-03-31,Naive,0,1.2235459096397157,0.7725130525492457,2020-03-31,2021-03-31,2021-03-31,365,1
724,2021-04-01,Decision Tree,0,1.1289742869870798,1.1851685919139046,2020-04-01,2021-04-01,2021-04-01,365,1
725,2021-04-01,Random Forest,0,1.1289742869870798,1.174167056018789,2020-04-01,2021-04-01,2021-04-01,365,1
726,2021-04-01,Neural Network,0,1.1289742869870798,1.0194345021885503,2020-04-01,2021-04-01,2021-04-01,365,1
727,2021-04-01,Naive,0,1.1289742869870798,1.2235459096397157,2020-04-01,2021-04-01,2021-04-01,365,1
728,2021-04-02,Decision Tree,0,1.1198011072217937,1.1758028744261004,2020-04-02,2021-04-02,2021-04-02,365,1
729,2021-04-02,Random Forest,0,1.1198011072217937,1.1492865223296111,2020-04-02,2021-04-02,2021-04-02,365,1
730,2021-04-02,Neural Network,0,1.1198011072217937,0.9329662469669359,2020-04-02,2021-04-02,2021-04-02,365,1
731,2021-04-02,Naive,0,1.1198011072217937,1.1289742869870798,2020-04-02,2021-04-02,2021-04-02,365,1
732,2021-04-03,Decision Tree,0,0.44873148851250666,0.5160172644221104,2020-04-03,2021-04-03,2021-04-03,365,1
733,2021-04-03,Random Forest,0,0.44873148851250666,0.4729259955869809,2020-04-03,2021-04-03,2021-04-03,365,1
734,2021-04-03,Neural Network,0,0.44873148851250666,0.36751399129638473,2020-04-03,2021-04-03,2021-04-03,365,1
735,2021-04-03,Naive,0,0.44873148851250666,1.1198011072217937,2020-04-03,2021-04-03,2021-04-03,365,1
736,2021-04-04,Decision Tree,0,0.7834521267244585,0.8077358589375796,2020-04-04,2021-04-04,2021-04-04,365,1
737,2021-04-04,Random Forest,0,0.7834521267244585,0.8136033953212309,2020-04-04,2021-04-04,2021-04-04,365,1
738,2021-04-04,Neural Network,0,0.7834521267244585,0.5498771096166966,2020-04-04,2021-04-04,2021-04-04,365,1
739,2021-04-04,Naive,0,0.7834521267244585,0.44873148851250666,2020-04-04,2021-04-04,2021-04-04,365,1
740,2021-04-05,Decision Tree,0,-1.6952705350267547,-1.66231403551099,2020-04-05,2021-04-05,2021-04-05,365,1
741,2021-04-05,Random Forest,0,-1.6952705350267547,-1.6848248831974568,2020-04-05,2021-04-05,2021-04-05,365,1
742,2021-04-05,Neural Network,0,-1.6952705350267547,-1.666845364862009,2020-04-05,2021-04-05,2021-04-05,365,1
743,2021-04-05,Naive,0,-1.6952705350267547,0.7834521267244585,2020-04-05,2021-04-05,2021-04-05,365,1
744,2021-04-06,Decision Tree,0,-1.2175558680828125,-1.292321837069626,2020-04-06,2021-04-06,2021-04-06,365,1
745,2021-04-06,Random Forest,0,-1.2175558680828125,-1.2433077715709073,2020-04-06,2021-04-06,2021-04-06,365,1
746,2021-04-06,Neural Network,0,-1.2175558680828125,-1.412870306398942,2020-04-06,2021-04-06,2021-04-06,365,1
747,2021-04-06,Naive,0,-1.2175558680828125,-1.6952705350267547,2020-04-06,2021-04-06,2021-04-06,365,1
748,2021-04-07,Decision Tree,0,1.1724322496062365,1.1678026219683422,2020-04-07,2021-04-07,2021-04-07,365,1
749,2021-04-07,Random Forest,0,1.1724322496062365,1.2203178202847154,2020-04-07,2021-04-07,2021-04-07,365,1
750,2021-04-07,Neural Network,0,1.1724322496062365,1.4124273881993499,2020-04-07,2021-04-07,2021-04-07,365,1
751,2021-04-07,Naive,0,1.1724322496062365,-1.2175558680828125,2020-04-07,2021-04-07,2021-04-07,365,1
752,2021-04-08,Decision Tree,0,0.27955020066197905,0.3429474090658724,2020-04-08,2021-04-08,2021-04-08,365,1
753,2021-04-08,Random Forest,0,0.27955020066197905,0.30051961558378165,2020-04-08,2021-04-08,2021-04-08,365,1
754,2021-04-08,Neural Network,0,0.27955020066197905,0.06542692669861819,2020-04-08,2021-04-08,2021-04-08,365,1
755,2021-04-08,Naive,0,0.27955020066197905,1.1724322496062365,2020-04-08,2021-04-08,2021-04-08,365,1
756,2021-04-09,Decision Tree,0,0.4406279578241298,0.49988823011755606,2020-04-09,2021-04-09,2021-04-09,365,1
757,2021-04-09,Random Forest,0,0.4406279578241298,0.48415024004769613,2020-04-09,2021-04-09,2021-04-09,365,1
758,2021-04-09,Neural Network,0,0.4406279578241298,0.29631832342009223,2020-04-09,2021-04-09,2021-04-09,365,1
759,2021-04-09,Naive,0,0.4406279578241298,0.27955020066197905,2020-04-09,2021-04-09,2021-04-09,365,1
760,2021-04-10,Decision Tree,0,1.5367234721122762,1.3129131370393226,2020-04-10,2021-04-10,2021-04-10,365,1
761,2021-04-10,Random Forest,0,1.5367234721122762,1.3147251742853814,2020-04-10,2021-04-10,2021-04-10,365,1
762,2021-04-10,Neural Network,0,1.5367234721122762,1.4924801435467954,2020-04-10,2021-04-10,2021-04-10,365,1
763,2021-04-10,Naive,0,1.5367234721122762,0.4406279578241298,2020-04-10,2021-04-10,2021-04-10,365,1
764,2021-04-11,Decision Tree,0,1.0837989115096631,1.1200149418053824,2020-04-11,2021-04-11,2021-04-11,365,1
765,2021-04-11,Random Forest,0,1.0837989115096631,1.1402839506267912,2020-04-11,2021-04-11,2021-04-11,365,1
766,2021-04-11,Neural Network,0,1.0837989115096631,0.9702229576177464,2020-04-11,2021-04-11,2021-04-11,365,1
767,2021-04-11,Naive,0,1.0837989115096631,1.5367234721122762,2020-04-11,2021-04-11,2021-04-11,365,1
768,2021-04-12,Decision Tree,0,0.842698123417426,0.8990993404024206,2020-04-12,2021-04-12,2021-04-12,365,1
769,2021-04-12,Random Forest,0,0.842698123417426,0.9031402565557601,2020-04-12,2021-04-12,2021-04-12,365,1
770,2021-04-12,Neural Network,0,0.842698123417426,0.6271918302939713,2020-04-12,2021-04-12,2021-04-12,365,1
771,2021-04-12,Naive,0,0.842698123417426,1.0837989115096631,2020-04-12,2021-04-12,2021-04-12,365,1
772,2021-04-13,Decision Tree,0,1.015652863710166,1.0247998392440985,2020-04-13,2021-04-13,2021-04-13,365,1
773,2021-04-13,Random Forest,0,1.015652863710166,1.0552580441446344,2020-04-13,2021-04-13,2021-04-13,365,1
774,2021-04-13,Neural Network,0,1.015652863710166,0.996031548491993,2020-04-13,2021-04-13,2021-04-13,365,1
775,2021-04-13,Naive,0,1.015652863710166,0.842698123417426,2020-04-13,2021-04-13,2021-04-13,365,1
776,2021-04-14,Decision Tree,0,0.9147399556017307,0.8925703291931729,2020-04-14,2021-04-14,2021-04-14,365,1
777,2021-04-14,Random Forest,0,0.9147399556017307,0.9296029032189538,2020-04-14,2021-04-14,2021-04-14,365,1
778,2021-04-14,Neural Network,0,0.9147399556017307,0.9356632129591154,2020-04-14,2021-04-14,2021-04-14,365,1
779,2021-04-14,Naive,0,0.9147399556017307,1.015652863710166,2020-04-14,2021-04-14,2021-04-14,365,1
780,2021-04-15,Decision Tree,0,1.4022928211989873,1.37247914643295,2020-04-15,2021-04-15,2021-04-15,365,1
781,2021-04-15,Random Forest,0,1.4022928211989873,1.385938640379844,2020-04-15,2021-04-15,2021-04-15,365,1
782,2021-04-15,Neural Network,0,1.4022928211989873,1.5235389163824604,2020-04-15,2021-04-15,2021-04-15,365,1
783,2021-04-15,Naive,0,1.4022928211989873,0.9147399556017307,2020-04-15,2021-04-15,2021-04-15,365,1
784,2021-04-16,Decision Tree,0,1.0320623092210433,1.0153569558347595,2020-04-16,2021-04-16,2021-04-16,365,1
785,2021-04-16,Random Forest,0,1.0320623092210433,1.039808252688795,2020-04-16,2021-04-16,2021-04-16,365,1
786,2021-04-16,Neural Network,0,1.0320623092210433,1.0737827728745175,2020-04-16,2021-04-16,2021-04-16,365,1
787,2021-04-16,Naive,0,1.0320623092210433,1.4022928211989873,2020-04-16,2021-04-16,2021-04-16,365,1
788,2021-04-17,Decision Tree,0,1.5266861081428742,1.4082285287448042,2020-04-17,2021-04-17,2021-04-17,365,1
789,2021-04-17,Random Forest,0,1.5266861081428742,1.4178768278535456,2020-04-17,2021-04-17,2021-04-17,365,1
790,2021-04-17,Neural Network,0,1.5266861081428742,1.6650194364348454,2020-04-17,2021-04-17,2021-04-17,365,1
791,2021-04-17,Naive,0,1.5266861081428742,1.0320623092210433,2020-04-17,2021-04-17,2021-04-17,365,1
792,2021-04-18,Decision Tree,0,1.5947886869923686,1.4279714586444825,2020-04-18,2021-04-18,2021-04-18,365,1
793,2021-04-18,Random Forest,0,1.5947886869923686,1.459337505081899,2020-04-18,2021-04-18,2021-04-18,365,1
794,2021-04-18,Neural Network,0,1.5947886869923686,1.7464711616239694,2020-04-18,2021-04-18,2021-04-18,365,1
795,2021-04-18,Naive,0,1.5947886869923686,1.5266861081428742,2020-04-18,2021-04-18,2021-04-18,365,1
796,2021-04-19,Decision Tree,0,1.4234968370015024,1.451802491265609,2020-04-19,2021-04-19,2021-04-19,365,1
797,2021-04-19,Random Forest,0,1.4234968370015024,1.4732837830949668,2020-04-19,2021-04-19,2021-04-19,365,1
798,2021-04-19,Neural Network,0,1.4234968370015024,1.341421832608769,2020-04-19,2021-04-19,2021-04-19,365,1
799,2021-04-19,Naive,0,1.4234968370015024,1.5947886869923686,2020-04-19,2021-04-19,2021-04-19,365,1
800,2021-04-20,Decision Tree,0,1.4761009672816618,1.4482642844825957,2020-04-20,2021-04-20,2021-04-20,365,1
801,2021-04-20,Random Forest,0,1.4761009672816618,1.4900147439090496,2020-04-20,2021-04-20,2021-04-20,365,1
802,2021-04-20,Neural Network,0,1.4761009672816618,1.5547935895369922,2020-04-20,2021-04-20,2021-04-20,365,1
803,2021-04-20,Naive,0,1.4761009672816618,1.4234968370015024,2020-04-20,2021-04-20,2021-04-20,365,1
804,2021-04-21,Decision Tree,0,1.5396733480618598,1.4513572492380475,2020-04-21,2021-04-21,2021-04-21,365,1
805,2021-04-21,Random Forest,0,1.5396733480618598,1.4787061201385083,2020-04-21,2021-04-21,2021-04-21,365,1
806,2021-04-21,Neural Network,0,1.5396733480618598,1.7111187185042396,2020-04-21,2021-04-21,2021-04-21,365,1
807,2021-04-21,Naive,0,1.5396733480618598,1.4761009672816618,2020-04-21,2021-04-21,2021-04-21,365,1
808,2021-04-22,Decision Tree,0,0.7172169191240447,0.8050376664694551,2020-04-22,2021-04-22,2021-04-22,365,1
809,2021-04-22,Random Forest,0,0.7172169191240447,0.7892236276323773,2020-04-22,2021-04-22,2021-04-22,365,1
810,2021-04-22,Neural Network,0,0.7172169191240447,0.7508156430724371,2020-04-22,2021-04-22,2021-04-22,365,1
811,2021-04-22,Naive,0,0.7172169191240447,1.5396733480618598,2020-04-22,2021-04-22,2021-04-22,365,1
812,2021-04-23,Decision Tree,0,1.5363371100217562,1.5347945165182082,2020-04-23,2021-04-23,2021-04-23,365,1
813,2021-04-23,Random Forest,0,1.5363371100217562,1.5268503236072095,2020-04-23,2021-04-23,2021-04-23,365,1
814,2021-04-23,Neural Network,0,1.5363371100217562,1.6602424104077507,2020-04-23,2021-04-23,2021-04-23,365,1
815,2021-04-23,Naive,0,1.5363371100217562,0.7172169191240447,2020-04-23,2021-04-23,2021-04-23,365,1
816,2021-04-24,Decision Tree,0,1.585229893255515,1.5350516154354663,2020-04-24,2021-04-24,2021-04-24,365,1
817,2021-04-24,Random Forest,0,1.585229893255515,1.5363717938361356,2020-04-24,2021-04-24,2021-04-24,365,1
818,2021-04-24,Neural Network,0,1.585229893255515,1.5686784521699757,2020-04-24,2021-04-24,2021-04-24,365,1
819,2021-04-24,Naive,0,1.585229893255515,1.5363371100217562,2020-04-24,2021-04-24,2021-04-24,365,1
820,2021-04-25,Decision Tree,0,0.9267545070273658,1.0167422807649327,2020-04-25,2021-04-25,2021-04-25,365,1
821,2021-04-25,Random Forest,0,0.9267545070273658,1.0305574738136003,2020-04-25,2021-04-25,2021-04-25,365,1
822,2021-04-25,Neural Network,0,0.9267545070273658,0.860024404865753,2020-04-25,2021-04-25,2021-04-25,365,1
823,2021-04-25,Naive,0,0.9267545070273658,1.585229893255515,2020-04-25,2021-04-25,2021-04-25,365,1
824,2021-04-26,Decision Tree,0,1.0064553264754654,1.031626057846963,2020-04-26,2021-04-26,2021-04-26,365,1
825,2021-04-26,Random Forest,0,1.0064553264754654,1.0354864773149526,2020-04-26,2021-04-26,2021-04-26,365,1
826,2021-04-26,Neural Network,0,1.0064553264754654,0.7569509944561809,2020-04-26,2021-04-26,2021-04-26,365,1
827,2021-04-26,Naive,0,1.0064553264754654,0.9267545070273658,2020-04-26,2021-04-26,2021-04-26,365,1
828,2021-04-27,Decision Tree,0,1.0537361559090164,1.0346262936570967,2020-04-27,2021-04-27,2021-04-27,365,1
829,2021-04-27,Random Forest,0,1.0537361559090164,1.0953391043890466,2020-04-27,2021-04-27,2021-04-27,365,1
830,2021-04-27,Neural Network,0,1.0537361559090164,1.0137105637681796,2020-04-27,2021-04-27,2021-04-27,365,1
831,2021-04-27,Naive,0,1.0537361559090164,1.0064553264754654,2020-04-27,2021-04-27,2021-04-27,365,1
832,2021-04-28,Decision Tree,0,1.167799623098403,1.2562776604854873,2020-04-28,2021-04-28,2021-04-28,365,1
833,2021-04-28,Random Forest,0,1.167799623098403,1.2067612704096866,2020-04-28,2021-04-28,2021-04-28,365,1
834,2021-04-28,Neural Network,0,1.167799623098403,1.2004764157777104,2020-04-28,2021-04-28,2021-04-28,365,1
835,2021-04-28,Naive,0,1.167799623098403,1.0537361559090164,2020-04-28,2021-04-28,2021-04-28,365,1
836,2021-04-29,Decision Tree,0,1.0015049821925495,1.0461017186816313,2020-04-29,2021-04-29,2021-04-29,365,1
837,2021-04-29,Random Forest,0,1.0015049821925495,1.04138031783624,2020-04-29,2021-04-29,2021-04-29,365,1
838,2021-04-29,Neural Network,0,1.0015049821925495,0.9904153979333622,2020-04-29,2021-04-29,2021-04-29,365,1
839,2021-04-29,Naive,0,1.0015049821925495,1.167799623098403,2020-04-29,2021-04-29,2021-04-29,365,1
840,2021-04-30,Decision Tree,0,1.1375050295176339,1.262343497672475,2020-04-30,2021-04-30,2021-04-30,365,1
841,2021-04-30,Random Forest,0,1.1375050295176339,1.1809413124678867,2020-04-30,2021-04-30,2021-04-30,365,1
842,2021-04-30,Neural Network,0,1.1375050295176339,1.196058911897993,2020-04-30,2021-04-30,2021-04-30,365,1
843,2021-04-30,Naive,0,1.1375050295176339,1.0015049821925495,2020-04-30,2021-04-30,2021-04-30,365,1
844,2021-05-01,Decision Tree,0,1.588092353771457,1.5422199408383304,2020-05-01,2021-05-01,2021-05-01,365,1
845,2021-05-01,Random Forest,0,1.588092353771457,1.560715030940397,2020-05-01,2021-05-01,2021-05-01,365,1
846,2021-05-01,Neural Network,0,1.588092353771457,2.109055099577985,2020-05-01,2021-05-01,2021-05-01,365,1
847,2021-05-01,Naive,0,1.588092353771457,1.1375050295176339,2020-05-01,2021-05-01,2021-05-01,365,1
848,2021-05-02,Decision Tree,0,1.1266530436552271,1.1453024592862293,2020-05-02,2021-05-02,2021-05-02,365,1
849,2021-05-02,Random Forest,0,1.1266530436552271,1.1624742982938454,2020-05-02,2021-05-02,2021-05-02,365,1
850,2021-05-02,Neural Network,0,1.1266530436552271,0.9931675299935248,2020-05-02,2021-05-02,2021-05-02,365,1
851,2021-05-02,Naive,0,1.1266530436552271,1.588092353771457,2020-05-02,2021-05-02,2021-05-02,365,1
852,2021-05-03,Decision Tree,0,1.0680893007904926,1.142194223347729,2020-05-03,2021-05-03,2021-05-03,365,1
853,2021-05-03,Random Forest,0,1.0680893007904926,1.1409074892924789,2020-05-03,2021-05-03,2021-05-03,365,1
854,2021-05-03,Neural Network,0,1.0680893007904926,0.9367128766067264,2020-05-03,2021-05-03,2021-05-03,365,1
855,2021-05-03,Naive,0,1.0680893007904926,1.1266530436552271,2020-05-03,2021-05-03,2021-05-03,365,1
856,2021-05-04,Decision Tree,0,0.6085962263374155,0.6852445181843841,2020-05-04,2021-05-04,2021-05-04,365,1
857,2021-05-04,Random Forest,0,0.6085962263374155,0.6977061250891975,2020-05-04,2021-05-04,2021-05-04,365,1
858,2021-05-04,Neural Network,0,0.6085962263374155,0.32640310097226544,2020-05-04,2021-05-04,2021-05-04,365,1
859,2021-05-04,Naive,0,0.6085962263374155,1.0680893007904926,2020-05-04,2021-05-04,2021-05-04,365,1
860,2021-05-05,Decision Tree,0,-0.7836114185393634,-0.7699829565154278,2020-05-05,2021-05-05,2021-05-05,365,1
861,2021-05-05,Random Forest,0,-0.7836114185393634,-0.7819727698941329,2020-05-05,2021-05-05,2021-05-05,365,1
862,2021-05-05,Neural Network,0,-0.7836114185393634,-0.9921252695197214,2020-05-05,2021-05-05,2021-05-05,365,1
863,2021-05-05,Naive,0,-0.7836114185393634,0.6085962263374155,2020-05-05,2021-05-05,2021-05-05,365,1
864,2021-05-06,Decision Tree,0,0.7362995756115249,0.8536868223958292,2020-05-06,2021-05-06,2021-05-06,365,1
865,2021-05-06,Random Forest,0,0.7362995756115249,0.8109258854408886,2020-05-06,2021-05-06,2021-05-06,365,1
866,2021-05-06,Neural Network,0,0.7362995756115249,0.6247825611276729,2020-05-06,2021-05-06,2021-05-06,365,1
867,2021-05-06,Naive,0,0.7362995756115249,-0.7836114185393634,2020-05-06,2021-05-06,2021-05-06,365,1
868,2021-05-07,Decision Tree,0,1.7355947485791487,1.547953992454971,2020-05-07,2021-05-07,2021-05-07,365,1
869,2021-05-07,Random Forest,0,1.7355947485791487,1.5654609036757061,2020-05-07,2021-05-07,2021-05-07,365,1
870,2021-05-07,Neural Network,0,1.7355947485791487,1.8350076267702917,2020-05-07,2021-05-07,2021-05-07,365,1
871,2021-05-07,Naive,0,1.7355947485791487,0.7362995756115249,2020-05-07,2021-05-07,2021-05-07,365,1
872,2021-05-08,Decision Tree,0,1.5529337647173556,1.5880628018277692,2020-05-08,2021-05-08,2021-05-08,365,1
873,2021-05-08,Random Forest,0,1.5529337647173556,1.603292709752649,2020-05-08,2021-05-08,2021-05-08,365,1
874,2021-05-08,Neural Network,0,1.5529337647173556,1.5814020882701498,2020-05-08,2021-05-08,2021-05-08,365,1
875,2021-05-08,Naive,0,1.5529337647173556,1.7355947485791487,2020-05-08,2021-05-08,2021-05-08,365,1
876,2021-05-09,Decision Tree,0,-1.1692444299982812,-1.1420351757587723,2020-05-09,2021-05-09,2021-05-09,365,1
877,2021-05-09,Random Forest,0,-1.1692444299982812,-1.2028106937303409,2020-05-09,2021-05-09,2021-05-09,365,1
878,2021-05-09,Neural Network,0,-1.1692444299982812,-1.306873270463593,2020-05-09,2021-05-09,2021-05-09,365,1
879,2021-05-09,Naive,0,-1.1692444299982812,1.5529337647173556,2020-05-09,2021-05-09,2021-05-09,365,1
880,2021-05-10,Decision Tree,0,0.5893750766865334,0.6656934401853903,2020-05-10,2021-05-10,2021-05-10,365,1
881,2021-05-10,Random Forest,0,0.5893750766865334,0.6421499347227202,2020-05-10,2021-05-10,2021-05-10,365,1
882,2021-05-10,Neural Network,0,0.5893750766865334,0.357837077873364,2020-05-10,2021-05-10,2021-05-10,365,1
883,2021-05-10,Naive,0,0.5893750766865334,-1.1692444299982812,2020-05-10,2021-05-10,2021-05-10,365,1
884,2021-05-11,Decision Tree,0,1.585327795731436,1.5836716721889672,2020-05-11,2021-05-11,2021-05-11,365,1
885,2021-05-11,Random Forest,0,1.585327795731436,1.6050028876335867,2020-05-11,2021-05-11,2021-05-11,365,1
886,2021-05-11,Neural Network,0,1.585327795731436,1.5637269046060978,2020-05-11,2021-05-11,2021-05-11,365,1
887,2021-05-11,Naive,0,1.585327795731436,0.5893750766865334,2020-05-11,2021-05-11,2021-05-11,365,1
888,2021-05-12,Decision Tree,0,1.3511166732256827,1.4006694959824848,2020-05-12,2021-05-12,2021-05-12,365,1
889,2021-05-12,Random Forest,0,1.3511166732256827,1.4475390090403402,2020-05-12,2021-05-12,2021-05-12,365,1
890,2021-05-12,Neural Network,0,1.3511166732256827,1.3557490073375031,2020-05-12,2021-05-12,2021-05-12,365,1
891,2021-05-12,Naive,0,1.3511166732256827,1.585327795731436,2020-05-12,2021-05-12,2021-05-12,365,1
892,2021-05-13,Decision Tree,0,1.4378542068480191,1.3935905213029416,2020-05-13,2021-05-13,2021-05-13,365,1
893,2021-05-13,Random Forest,0,1.4378542068480191,1.4998846172807518,2020-05-13,2021-05-13,2021-05-13,365,1
894,2021-05-13,Neural Network,0,1.4378542068480191,1.4456873144283364,2020-05-13,2021-05-13,2021-05-13,365,1
895,2021-05-13,Naive,0,1.4378542068480191,1.3511166732256827,2020-05-13,2021-05-13,2021-05-13,365,1
896,2021-05-14,Decision Tree,0,1.7166752529200424,1.6094357112109825,2020-05-14,2021-05-14,2021-05-14,365,1
897,2021-05-14,Random Forest,0,1.7166752529200424,1.6080081381711249,2020-05-14,2021-05-14,2021-05-14,365,1
898,2021-05-14,Neural Network,0,1.7166752529200424,1.7513382230511578,2020-05-14,2021-05-14,2021-05-14,365,1
899,2021-05-14,Naive,0,1.7166752529200424,1.4378542068480191,2020-05-14,2021-05-14,2021-05-14,365,1
900,2021-05-15,Decision Tree,0,1.6407052926688392,1.635724783143888,2020-05-15,2021-05-15,2021-05-15,365,1
901,2021-05-15,Random Forest,0,1.6407052926688392,1.6256328637046233,2020-05-15,2021-05-15,2021-05-15,365,1
902,2021-05-15,Neural Network,0,1.6407052926688392,1.57931260812099,2020-05-15,2021-05-15,2021-05-15,365,1
903,2021-05-15,Naive,0,1.6407052926688392,1.7166752529200424,2020-05-15,2021-05-15,2021-05-15,365,1
904,2021-05-16,Decision Tree,0,0.9873549132596359,1.065386091524703,2020-05-16,2021-05-16,2021-05-16,365,1
905,2021-05-16,Random Forest,0,0.9873549132596359,1.0334708446176433,2020-05-16,2021-05-16,2021-05-16,365,1
906,2021-05-16,Neural Network,0,0.9873549132596359,0.8143435247355738,2020-05-16,2021-05-16,2021-05-16,365,1
907,2021-05-16,Naive,0,0.9873549132596359,1.6407052926688392,2020-05-16,2021-05-16,2021-05-16,365,1
908,2021-05-17,Decision Tree,0,1.2819398946043612,1.3991234819960763,2020-05-17,2021-05-17,2021-05-17,365,1
909,2021-05-17,Random Forest,0,1.2819398946043612,1.388588763297722,2020-05-17,2021-05-17,2021-05-17,365,1
910,2021-05-17,Neural Network,0,1.2819398946043612,1.3333842868388868,2020-05-17,2021-05-17,2021-05-17,365,1
911,2021-05-17,Naive,0,1.2819398946043612,0.9873549132596359,2020-05-17,2021-05-17,2021-05-17,365,1
912,2021-05-18,Decision Tree,0,1.515893316577481,1.553196054757715,2020-05-18,2021-05-18,2021-05-18,365,1
913,2021-05-18,Random Forest,0,1.515893316577481,1.5921399692133804,2020-05-18,2021-05-18,2021-05-18,365,1
914,2021-05-18,Neural Network,0,1.515893316577481,1.601549213480993,2020-05-18,2021-05-18,2021-05-18,365,1
915,2021-05-18,Naive,0,1.515893316577481,1.2819398946043612,2020-05-18,2021-05-18,2021-05-18,365,1
916,2021-05-19,Decision Tree,0,1.6346648784900841,1.6532790887341846,2020-05-19,2021-05-19,2021-05-19,365,1
917,2021-05-19,Random Forest,0,1.6346648784900841,1.6540099342018095,2020-05-19,2021-05-19,2021-05-19,365,1
918,2021-05-19,Neural Network,0,1.6346648784900841,1.665803768259624,2020-05-19,2021-05-19,2021-05-19,365,1
919,2021-05-19,Naive,0,1.6346648784900841,1.515893316577481,2020-05-19,2021-05-19,2021-05-19,365,1
920,2021-05-20,Decision Tree,0,1.61001408965377,1.6625935936779102,2020-05-20,2021-05-20,2021-05-20,365,1
921,2021-05-20,Random Forest,0,1.61001408965377,1.6482412074259847,2020-05-20,2021-05-20,2021-05-20,365,1
922,2021-05-20,Neural Network,0,1.61001408965377,1.6307373783652992,2020-05-20,2021-05-20,2021-05-20,365,1
923,2021-05-20,Naive,0,1.61001408965377,1.6346648784900841,2020-05-20,2021-05-20,2021-05-20,365,1
924,2021-05-21,Decision Tree,0,0.07083317496794747,0.1054611600347142,2020-05-21,2021-05-21,2021-05-21,365,1
925,2021-05-21,Random Forest,0,0.07083317496794747,0.13686682354572144,2020-05-21,2021-05-21,2021-05-21,365,1
926,2021-05-21,Neural Network,0,0.07083317496794747,-0.04733291175617316,2020-05-21,2021-05-21,2021-05-21,365,1
927,2021-05-21,Naive,0,0.07083317496794747,1.61001408965377,2020-05-21,2021-05-21,2021-05-21,365,1
928,2021-05-22,Decision Tree,0,-0.941660695383438,-0.9740957115354725,2020-05-22,2021-05-22,2021-05-22,365,1
929,2021-05-22,Random Forest,0,-0.941660695383438,-0.9702969568715084,2020-05-22,2021-05-22,2021-05-22,365,1
930,2021-05-22,Neural Network,0,-0.941660695383438,-1.0521372437217436,2020-05-22,2021-05-22,2021-05-22,365,1
931,2021-05-22,Naive,0,-0.941660695383438,0.07083317496794747,2020-05-22,2021-05-22,2021-05-22,365,1
932,2021-05-23,Decision Tree,0,-0.7854493169624066,-0.8087939140532383,2020-05-23,2021-05-23,2021-05-23,365,1
933,2021-05-23,Random Forest,0,-0.7854493169624066,-0.8145630755274591,2020-05-23,2021-05-23,2021-05-23,365,1
934,2021-05-23,Neural Network,0,-0.7854493169624066,-0.6008405666694987,2020-05-23,2021-05-23,2021-05-23,365,1
935,2021-05-23,Naive,0,-0.7854493169624066,-0.941660695383438,2020-05-23,2021-05-23,2021-05-23,365,1
936,2021-05-24,Decision Tree,0,1.0106349847037828,1.090879952483609,2020-05-24,2021-05-24,2021-05-24,365,1
937,2021-05-24,Random Forest,0,1.0106349847037828,1.0693740588742087,2020-05-24,2021-05-24,2021-05-24,365,1
938,2021-05-24,Neural Network,0,1.0106349847037828,0.12149646991523208,2020-05-24,2021-05-24,2021-05-24,365,1
939,2021-05-24,Naive,0,1.0106349847037828,-0.7854493169624066,2020-05-24,2021-05-24,2021-05-24,365,1
940,2021-05-25,Decision Tree,0,0.9538225521081447,1.0179498236282192,2020-05-25,2021-05-25,2021-05-25,365,1
941,2021-05-25,Random Forest,0,0.9538225521081447,1.02225863803696,2020-05-25,2021-05-25,2021-05-25,365,1
942,2021-05-25,Neural Network,0,0.9538225521081447,0.9867664833053958,2020-05-25,2021-05-25,2021-05-25,365,1
943,2021-05-25,Naive,0,0.9538225521081447,1.0106349847037828,2020-05-25,2021-05-25,2021-05-25,365,1
944,2021-05-26,Decision Tree,0,1.2881762772800986,1.386103083396997,2020-05-26,2021-05-26,2021-05-26,365,1
945,2021-05-26,Random Forest,0,1.2881762772800986,1.39295423733768,2020-05-26,2021-05-26,2021-05-26,365,1
946,2021-05-26,Neural Network,0,1.2881762772800986,1.4508188703320353,2020-05-26,2021-05-26,2021-05-26,365,1
947,2021-05-26,Naive,0,1.2881762772800986,0.9538225521081447,2020-05-26,2021-05-26,2021-05-26,365,1
948,2021-05-27,Decision Tree,0,1.247478281477554,1.3344485044594434,2020-05-27,2021-05-27,2021-05-27,365,1
949,2021-05-27,Random Forest,0,1.247478281477554,1.316899858589558,2020-05-27,2021-05-27,2021-05-27,365,1
950,2021-05-27,Neural Network,0,1.247478281477554,1.504009583117103,2020-05-27,2021-05-27,2021-05-27,365,1
951,2021-05-27,Naive,0,1.247478281477554,1.2881762772800986,2020-05-27,2021-05-27,2021-05-27,365,1
952,2021-05-28,Decision Tree,0,1.5851040917103039,1.6675308524623769,2020-05-28,2021-05-28,2021-05-28,365,1
953,2021-05-28,Random Forest,0,1.5851040917103039,1.6161914174362408,2020-05-28,2021-05-28,2021-05-28,365,1
954,2021-05-28,Neural Network,0,1.5851040917103039,1.673673229547122,2020-05-28,2021-05-28,2021-05-28,365,1
955,2021-05-28,Naive,0,1.5851040917103039,1.247478281477554,2020-05-28,2021-05-28,2021-05-28,365,1
956,2021-05-29,Decision Tree,0,1.5715133682132068,1.5819127643630726,2020-05-29,2021-05-29,2021-05-29,365,1
957,2021-05-29,Random Forest,0,1.5715133682132068,1.6038828189687009,2020-05-29,2021-05-29,2021-05-29,365,1
958,2021-05-29,Neural Network,0,1.5715133682132068,1.7068251315085126,2020-05-29,2021-05-29,2021-05-29,365,1
959,2021-05-29,Naive,0,1.5715133682132068,1.5851040917103039,2020-05-29,2021-05-29,2021-05-29,365,1
960,2021-05-30,Decision Tree,0,1.2318159399894737,1.417735539716212,2020-05-30,2021-05-30,2021-05-30,365,1
961,2021-05-30,Random Forest,0,1.2318159399894737,1.314703792133637,2020-05-30,2021-05-30,2021-05-30,365,1
962,2021-05-30,Neural Network,0,1.2318159399894737,1.119160903305887,2020-05-30,2021-05-30,2021-05-30,365,1
963,2021-05-30,Naive,0,1.2318159399894737,1.5715133682132068,2020-05-30,2021-05-30,2021-05-30,365,1
964,2021-05-31,Decision Tree,0,1.2190586591536108,1.2885425293103012,2020-05-31,2021-05-31,2021-05-31,365,1
965,2021-05-31,Random Forest,0,1.2190586591536108,1.2855409824491417,2020-05-31,2021-05-31,2021-05-31,365,1
966,2021-05-31,Neural Network,0,1.2190586591536108,1.1323179186933037,2020-05-31,2021-05-31,2021-05-31,365,1
967,2021-05-31,Naive,0,1.2190586591536108,1.2318159399894737,2020-05-31,2021-05-31,2021-05-31,365,1
968,2021-06-01,Decision Tree,0,1.2975953306949164,1.399955086109799,2020-06-01,2021-06-01,2021-06-01,365,1
969,2021-06-01,Random Forest,0,1.2975953306949164,1.3897563625764588,2020-06-01,2021-06-01,2021-06-01,365,1
970,2021-06-01,Neural Network,0,1.2975953306949164,1.2748670293044375,2020-06-01,2021-06-01,2021-06-01,365,1
971,2021-06-01,Naive,0,1.2975953306949164,1.2190586591536108,2020-06-01,2021-06-01,2021-06-01,365,1
972,2021-06-02,Decision Tree,0,1.3902621903777932,1.3871601166829386,2020-06-02,2021-06-02,2021-06-02,365,1
973,2021-06-02,Random Forest,0,1.3902621903777932,1.4106465589199801,2020-06-02,2021-06-02,2021-06-02,365,1
974,2021-06-02,Neural Network,0,1.3902621903777932,1.4023838629263474,2020-06-02,2021-06-02,2021-06-02,365,1
975,2021-06-02,Naive,0,1.3902621903777932,1.2975953306949164,2020-06-02,2021-06-02,2021-06-02,365,1
976,2021-06-03,Decision Tree,0,1.1429881247517888,1.276961884284186,2020-06-03,2021-06-03,2021-06-03,365,1
977,2021-06-03,Random Forest,0,1.1429881247517888,1.2503307376639619,2020-06-03,2021-06-03,2021-06-03,365,1
978,2021-06-03,Neural Network,0,1.1429881247517888,1.216801120534987,2020-06-03,2021-06-03,2021-06-03,365,1
979,2021-06-03,Naive,0,1.1429881247517888,1.3902621903777932,2020-06-03,2021-06-03,2021-06-03,365,1
980,2021-06-04,Decision Tree,0,1.4244770855254743,1.5310626709832493,2020-06-04,2021-06-04,2021-06-04,365,1
981,2021-06-04,Random Forest,0,1.4244770855254743,1.532796109988563,2020-06-04,2021-06-04,2021-06-04,365,1
982,2021-06-04,Neural Network,0,1.4244770855254743,1.458579150370382,2020-06-04,2021-06-04,2021-06-04,365,1
983,2021-06-04,Naive,0,1.4244770855254743,1.1429881247517888,2020-06-04,2021-06-04,2021-06-04,365,1
984,2021-06-05,Decision Tree,0,1.6477305789429657,1.6675308524623769,2020-06-05,2021-06-05,2021-06-05,365,1
985,2021-06-05,Random Forest,0,1.6477305789429657,1.679948938597528,2020-06-05,2021-06-05,2021-06-05,365,1
986,2021-06-05,Neural Network,0,1.6477305789429657,1.7056730944568521,2020-06-05,2021-06-05,2021-06-05,365,1
987,2021-06-05,Naive,0,1.6477305789429657,1.4244770855254743,2020-06-05,2021-06-05,2021-06-05,365,1
988,2021-06-06,Decision Tree,0,1.1690567499815958,1.276961884284186,2020-06-06,2021-06-06,2021-06-06,365,1
989,2021-06-06,Random Forest,0,1.1690567499815958,1.2422490910040902,2020-06-06,2021-06-06,2021-06-06,365,1
990,2021-06-06,Neural Network,0,1.1690567499815958,1.1021452556528628,2020-06-06,2021-06-06,2021-06-06,365,1
991,2021-06-06,Naive,0,1.1690567499815958,1.6477305789429657,2020-06-06,2021-06-06,2021-06-06,365,1
992,2021-06-07,Decision Tree,0,1.4021356768516404,1.459371552469943,2020-06-07,2021-06-07,2021-06-07,365,1
993,2021-06-07,Random Forest,0,1.4021356768516404,1.4820838540082726,2020-06-07,2021-06-07,2021-06-07,365,1
994,2021-06-07,Neural Network,0,1.4021356768516404,1.3499868058861009,2020-06-07,2021-06-07,2021-06-07,365,1
995,2021-06-07,Naive,0,1.4021356768516404,1.1690567499815958,2020-06-07,2021-06-07,2021-06-07,365,1
996,2021-06-08,Decision Tree,0,1.5502568520681486,1.5880103398160348,2020-06-08,2021-06-08,2021-06-08,365,1
997,2021-06-08,Random Forest,0,1.5502568520681486,1.5905659488935995,2020-06-08,2021-06-08,2021-06-08,365,1
998,2021-06-08,Neural Network,0,1.5502568520681486,1.6861529884877615,2020-06-08,2021-06-08,2021-06-08,365,1
999,2021-06-08,Naive,0,1.5502568520681486,1.4021356768516404,2020-06-08,2021-06-08,2021-06-08,365,1
1000,2021-06-09,Decision Tree,0,1.4717239994507096,1.5541426866043893,2020-06-09,2021-06-09,2021-06-09,365,1
1001,2021-06-09,Random Forest,0,1.4717239994507096,1.5722332777595918,2020-06-09,2021-06-09,2021-06-09,365,1
1002,2021-06-09,Neural Network,0,1.4717239994507096,1.610441230393167,2020-06-09,2021-06-09,2021-06-09,365,1
1003,2021-06-09,Naive,0,1.4717239994507096,1.5502568520681486,2020-06-09,2021-06-09,2021-06-09,365,1
1004,2021-06-10,Decision Tree,0,1.72013635615346,1.675074150320216,2020-06-10,2021-06-10,2021-06-10,365,1
1005,2021-06-10,Random Forest,0,1.72013635615346,1.675513930862863,2020-06-10,2021-06-10,2021-06-10,365,1
1006,2021-06-10,Neural Network,0,1.72013635615346,1.970455580308753,2020-06-10,2021-06-10,2021-06-10,365,1
1007,2021-06-10,Naive,0,1.72013635615346,1.4717239994507096,2020-06-10,2021-06-10,2021-06-10,365,1
1008,2021-06-11,Decision Tree,0,1.7861475962702122,1.6825845179590901,2020-06-11,2021-06-11,2021-06-11,365,1
1009,2021-06-11,Random Forest,0,1.7861475962702122,1.7028963426970514,2020-06-11,2021-06-11,2021-06-11,365,1
1010,2021-06-11,Neural Network,0,1.7861475962702122,2.059160496955853,2020-06-11,2021-06-11,2021-06-11,365,1
1011,2021-06-11,Naive,0,1.7861475962702122,1.72013635615346,2020-06-11,2021-06-11,2021-06-11,365,1
1012,2021-06-12,Decision Tree,0,1.7151020569246516,1.6973792434321073,2020-06-12,2021-06-12,2021-06-12,365,1
1013,2021-06-12,Random Forest,0,1.7151020569246516,1.7070976172325232,2020-06-12,2021-06-12,2021-06-12,365,1
1014,2021-06-12,Neural Network,0,1.7151020569246516,1.8348446491892534,2020-06-12,2021-06-12,2021-06-12,365,1
1015,2021-06-12,Naive,0,1.7151020569246516,1.7861475962702122,2020-06-12,2021-06-12,2021-06-12,365,1
1016,2021-06-13,Decision Tree,0,-0.6937482500780139,-0.7465236757311137,2020-06-13,2021-06-13,2021-06-13,365,1
1017,2021-06-13,Random Forest,0,-0.6937482500780139,-0.7354643997856742,2020-06-13,2021-06-13,2021-06-13,365,1
1018,2021-06-13,Neural Network,0,-0.6937482500780139,-0.41690492926432915,2020-06-13,2021-06-13,2021-06-13,365,1
1019,2021-06-13,Naive,0,-0.6937482500780139,1.7151020569246516,2020-06-13,2021-06-13,2021-06-13,365,1
1020,2021-06-14,Decision Tree,0,1.459449920700707,1.6154534269567205,2020-06-14,2021-06-14,2021-06-14,365,1
1021,2021-06-14,Random Forest,0,1.459449920700707,1.5456514304479263,2020-06-14,2021-06-14,2021-06-14,365,1
1022,2021-06-14,Neural Network,0,1.459449920700707,1.4792494932028408,2020-06-14,2021-06-14,2021-06-14,365,1
1023,2021-06-14,Naive,0,1.459449920700707,-0.6937482500780139,2020-06-14,2021-06-14,2021-06-14,365,1
1024,2021-06-15,Decision Tree,0,1.6975767638138697,1.734731202169503,2020-06-15,2021-06-15,2021-06-15,365,1
1025,2021-06-15,Random Forest,0,1.6975767638138697,1.715311051640848,2020-06-15,2021-06-15,2021-06-15,365,1
1026,2021-06-15,Neural Network,0,1.6975767638138697,1.843191562721181,2020-06-15,2021-06-15,2021-06-15,365,1
1027,2021-06-15,Naive,0,1.6975767638138697,1.459449920700707,2020-06-15,2021-06-15,2021-06-15,365,1
1028,2021-06-16,Decision Tree,0,1.6806024813338962,1.7285387957768974,2020-06-16,2021-06-16,2021-06-16,365,1
1029,2021-06-16,Random Forest,0,1.6806024813338962,1.7187577942566963,2020-06-16,2021-06-16,2021-06-16,365,1
1030,2021-06-16,Neural Network,0,1.6806024813338962,1.9184700872443432,2020-06-16,2021-06-16,2021-06-16,365,1
1031,2021-06-16,Naive,0,1.6806024813338962,1.6975767638138697,2020-06-16,2021-06-16,2021-06-16,365,1
1032,2021-06-17,Decision Tree,0,1.3814165479675746,1.4711022939705611,2020-06-17,2021-06-17,2021-06-17,365,1
1033,2021-06-17,Random Forest,0,1.3814165479675746,1.4760974253688086,2020-06-17,2021-06-17,2021-06-17,365,1
1034,2021-06-17,Neural Network,0,1.3814165479675746,1.481107722906011,2020-06-17,2021-06-17,2021-06-17,365,1
1035,2021-06-17,Naive,0,1.3814165479675746,1.6806024813338962,2020-06-17,2021-06-17,2021-06-17,365,1
1036,2021-06-18,Decision Tree,0,1.6030385959363314,1.6166743383647617,2020-06-18,2021-06-18,2021-06-18,365,1
1037,2021-06-18,Random Forest,0,1.6030385959363314,1.6738904677534132,2020-06-18,2021-06-18,2021-06-18,365,1
1038,2021-06-18,Neural Network,0,1.6030385959363314,1.6827750039933649,2020-06-18,2021-06-18,2021-06-18,365,1
1039,2021-06-18,Naive,0,1.6030385959363314,1.3814165479675746,2020-06-18,2021-06-18,2021-06-18,365,1
1040,2021-06-19,Decision Tree,0,1.727047236813061,1.7216907508564687,2020-06-19,2021-06-19,2021-06-19,365,1
1041,2021-06-19,Random Forest,0,1.727047236813061,1.7110902229823126,2020-06-19,2021-06-19,2021-06-19,365,1
1042,2021-06-19,Neural Network,0,1.727047236813061,1.8312354610199106,2020-06-19,2021-06-19,2021-06-19,365,1
1043,2021-06-19,Naive,0,1.727047236813061,1.6030385959363314,2020-06-19,2021-06-19,2021-06-19,365,1
1044,2021-06-20,Decision Tree,0,1.6287216721521156,1.7223603116010426,2020-06-20,2021-06-20,2021-06-20,365,1
1045,2021-06-20,Random Forest,0,1.6287216721521156,1.7044259987721448,2020-06-20,2021-06-20,2021-06-20,365,1
1046,2021-06-20,Neural Network,0,1.6287216721521156,1.6381695009031423,2020-06-20,2021-06-20,2021-06-20,365,1
1047,2021-06-20,Naive,0,1.6287216721521156,1.727047236813061,2020-06-20,2021-06-20,2021-06-20,365,1
1048,2021-06-21,Decision Tree,0,1.358652540643993,1.3716292485964,2020-06-21,2021-06-21,2021-06-21,365,1
1049,2021-06-21,Random Forest,0,1.358652540643993,1.4098878459884445,2020-06-21,2021-06-21,2021-06-21,365,1
1050,2021-06-21,Neural Network,0,1.358652540643993,1.355358446965321,2020-06-21,2021-06-21,2021-06-21,365,1
1051,2021-06-21,Naive,0,1.358652540643993,1.6287216721521156,2020-06-21,2021-06-21,2021-06-21,365,1
1052,2021-06-22,Decision Tree,0,1.5744898700519994,1.627230687138398,2020-06-22,2021-06-22,2021-06-22,365,1
1053,2021-06-22,Random Forest,0,1.5744898700519994,1.6284664910538031,2020-06-22,2021-06-22,2021-06-22,365,1
1054,2021-06-22,Neural Network,0,1.5744898700519994,1.5850733358696978,2020-06-22,2021-06-22,2021-06-22,365,1
1055,2021-06-22,Naive,0,1.5744898700519994,1.358652540643993,2020-06-22,2021-06-22,2021-06-22,365,1
1056,2021-06-23,Decision Tree,0,1.5347302760772972,1.6184405509573316,2020-06-23,2021-06-23,2021-06-23,365,1
1057,2021-06-23,Random Forest,0,1.5347302760772972,1.609301920147553,2020-06-23,2021-06-23,2021-06-23,365,1
1058,2021-06-23,Neural Network,0,1.5347302760772972,1.2682118089894883,2020-06-23,2021-06-23,2021-06-23,365,1
1059,2021-06-23,Naive,0,1.5347302760772972,1.5744898700519994,2020-06-23,2021-06-23,2021-06-23,365,1
1060,2021-06-24,Decision Tree,0,1.7267139822306956,1.729202001995051,2020-06-24,2021-06-24,2021-06-24,365,1
1061,2021-06-24,Random Forest,0,1.7267139822306956,1.7378487178392037,2020-06-24,2021-06-24,2021-06-24,365,1
1062,2021-06-24,Neural Network,0,1.7267139822306956,2.009714222905012,2020-06-24,2021-06-24,2021-06-24,365,1
1063,2021-06-24,Naive,0,1.7267139822306956,1.5347302760772972,2020-06-24,2021-06-24,2021-06-24,365,1
1064,2021-06-25,Decision Tree,0,1.801660716365146,1.7350294456784163,2020-06-25,2021-06-25,2021-06-25,365,1
1065,2021-06-25,Random Forest,0,1.801660716365146,1.736633768521638,2020-06-25,2021-06-25,2021-06-25,365,1
1066,2021-06-25,Neural Network,0,1.801660716365146,2.098118992701962,2020-06-25,2021-06-25,2021-06-25,365,1
1067,2021-06-25,Naive,0,1.801660716365146,1.7267139822306956,2020-06-25,2021-06-25,2021-06-25,365,1
1068,2021-06-26,Decision Tree,0,1.8831678272585957,1.6942875773262724,2020-06-26,2021-06-26,2021-06-26,365,1
1069,2021-06-26,Random Forest,0,1.8831678272585957,1.7474525133605285,2020-06-26,2021-06-26,2021-06-26,365,1
1070,2021-06-26,Neural Network,0,1.8831678272585957,2.0723997660432905,2020-06-26,2021-06-26,2021-06-26,365,1
1071,2021-06-26,Naive,0,1.8831678272585957,1.801660716365146,2020-06-26,2021-06-26,2021-06-26,365,1
1072,2021-06-27,Decision Tree,0,1.6334954323921267,1.6927674888525188,2020-06-27,2021-06-27,2021-06-27,365,1
1073,2021-06-27,Random Forest,0,1.6334954323921267,1.6944320614040946,2020-06-27,2021-06-27,2021-06-27,365,1
1074,2021-06-27,Neural Network,0,1.6334954323921267,1.7061246680447075,2020-06-27,2021-06-27,2021-06-27,365,1
1075,2021-06-27,Naive,0,1.6334954323921267,1.8831678272585957,2020-06-27,2021-06-27,2021-06-27,365,1
1076,2021-06-28,Decision Tree,0,1.7277350363441937,1.784947471787542,2020-06-28,2021-06-28,2021-06-28,365,1
1077,2021-06-28,Random Forest,0,1.7277350363441937,1.7311045541576857,2020-06-28,2021-06-28,2021-06-28,365,1
1078,2021-06-28,Neural Network,0,1.7277350363441937,1.7686515574188892,2020-06-28,2021-06-28,2021-06-28,365,1
1079,2021-06-28,Naive,0,1.7277350363441937,1.6334954323921267,2020-06-28,2021-06-28,2021-06-28,365,1
1080,2021-06-29,Decision Tree,0,1.722512428041716,1.7850850316937685,2020-06-29,2021-06-29,2021-06-29,365,1
1081,2021-06-29,Random Forest,0,1.722512428041716,1.7238399424837114,2020-06-29,2021-06-29,2021-06-29,365,1
1082,2021-06-29,Neural Network,0,1.722512428041716,1.7824175550009318,2020-06-29,2021-06-29,2021-06-29,365,1
1083,2021-06-29,Naive,0,1.722512428041716,1.7277350363441937,2020-06-29,2021-06-29,2021-06-29,365,1
1084,2021-06-30,Decision Tree,0,1.7177011342420232,1.7173152791871473,2020-06-30,2021-06-30,2021-06-30,365,1
1085,2021-06-30,Random Forest,0,1.7177011342420232,1.7259561451638006,2020-06-30,2021-06-30,2021-06-30,365,1
1086,2021-06-30,Neural Network,0,1.7177011342420232,1.728017020832881,2020-06-30,2021-06-30,2021-06-30,365,1
1087,2021-06-30,Naive,0,1.7177011342420232,1.722512428041716,2020-06-30,2021-06-30,2021-06-30,365,1
1088,2021-07-01,Decision Tree,0,1.729821297622925,1.7842447208559729,2020-07-01,2021-07-01,2021-07-01,365,1
1089,2021-07-01,Random Forest,0,1.729821297622925,1.7728227190041645,2020-07-01,2021-07-01,2021-07-01,365,1
1090,2021-07-01,Neural Network,0,1.729821297622925,1.8175093391155812,2020-07-01,2021-07-01,2021-07-01,365,1
1091,2021-07-01,Naive,0,1.729821297622925,1.7177011342420232,2020-07-01,2021-07-01,2021-07-01,365,1
1092,2021-07-02,Decision Tree,0,1.9041571376634618,1.7857064947722143,2020-07-02,2021-07-02,2021-07-02,365,1
1093,2021-07-02,Random Forest,0,1.9041571376634618,1.785458613313709,2020-07-02,2021-07-02,2021-07-02,365,1
1094,2021-07-02,Neural Network,0,1.9041571376634618,2.062806277018425,2020-07-02,2021-07-02,2021-07-02,365,1
1095,2021-07-02,Naive,0,1.9041571376634618,1.729821297622925,2020-07-02,2021-07-02,2021-07-02,365,1
1096,2021-07-03,Decision Tree,0,1.9318098162202717,1.820990915036068,2020-07-03,2021-07-03,2021-07-03,365,1
1097,2021-07-03,Random Forest,0,1.9318098162202717,1.8344850094809062,2020-07-03,2021-07-03,2021-07-03,365,1
1098,2021-07-03,Neural Network,0,1.9318098162202717,2.1916672117713807,2020-07-03,2021-07-03,2021-07-03,365,1
1099,2021-07-03,Naive,0,1.9318098162202717,1.9041571376634618,2020-07-03,2021-07-03,2021-07-03,365,1
1100,2021-07-04,Decision Tree,0,1.9543340757940382,1.8613886187555373,2020-07-04,2021-07-04,2021-07-04,365,1
1101,2021-07-04,Random Forest,0,1.9543340757940382,1.87799309140435,2020-07-04,2021-07-04,2021-07-04,365,1
1102,2021-07-04,Neural Network,0,1.9543340757940382,2.2110610720025394,2020-07-04,2021-07-04,2021-07-04,365,1
1103,2021-07-04,Naive,0,1.9543340757940382,1.9318098162202717,2020-07-04,2021-07-04,2021-07-04,365,1
1104,2021-07-05,Decision Tree,0,1.7113773555822671,1.7303241249603263,2020-07-05,2021-07-05,2021-07-05,365,1
1105,2021-07-05,Random Forest,0,1.7113773555822671,1.7505033509460661,2020-07-05,2021-07-05,2021-07-05,365,1
1106,2021-07-05,Neural Network,0,1.7113773555822671,1.7311917281237643,2020-07-05,2021-07-05,2021-07-05,365,1
1107,2021-07-05,Naive,0,1.7113773555822671,1.9543340757940382,2020-07-05,2021-07-05,2021-07-05,365,1
1108,2021-07-06,Decision Tree,0,1.8098524623832815,1.8950259146603028,2020-07-06,2021-07-06,2021-07-06,365,1
1109,2021-07-06,Random Forest,0,1.8098524623832815,1.8701492284891033,2020-07-06,2021-07-06,2021-07-06,365,1
1110,2021-07-06,Neural Network,0,1.8098524623832815,1.95115721360163,2020-07-06,2021-07-06,2021-07-06,365,1
1111,2021-07-06,Naive,0,1.8098524623832815,1.7113773555822671,2020-07-06,2021-07-06,2021-07-06,365,1
1112,2021-07-07,Decision Tree,0,1.7175088603488027,1.7207548227411777,2020-07-07,2021-07-07,2021-07-07,365,1
1113,2021-07-07,Random Forest,0,1.7175088603488027,1.7753277158944647,2020-07-07,2021-07-07,2021-07-07,365,1
1114,2021-07-07,Neural Network,0,1.7175088603488027,1.9765270196782907,2020-07-07,2021-07-07,2021-07-07,365,1
1115,2021-07-07,Naive,0,1.7175088603488027,1.8098524623832815,2020-07-07,2021-07-07,2021-07-07,365,1
1116,2021-07-08,Decision Tree,0,1.8485115000141383,1.8808303392807992,2020-07-08,2021-07-08,2021-07-08,365,1
1117,2021-07-08,Random Forest,0,1.8485115000141383,1.8867033147939984,2020-07-08,2021-07-08,2021-07-08,365,1
1118,2021-07-08,Neural Network,0,1.8485115000141383,2.0597281590833307,2020-07-08,2021-07-08,2021-07-08,365,1
1119,2021-07-08,Naive,0,1.8485115000141383,1.7175088603488027,2020-07-08,2021-07-08,2021-07-08,365,1
1120,2021-07-09,Decision Tree,0,1.8184830982947127,1.8762133622427049,2020-07-09,2021-07-09,2021-07-09,365,1
1121,2021-07-09,Random Forest,0,1.8184830982947127,1.8605196391738696,2020-07-09,2021-07-09,2021-07-09,365,1
1122,2021-07-09,Neural Network,0,1.8184830982947127,2.020322235822466,2020-07-09,2021-07-09,2021-07-09,365,1
1123,2021-07-09,Naive,0,1.8184830982947127,1.8485115000141383,2020-07-09,2021-07-09,2021-07-09,365,1
1124,2021-07-10,Decision Tree,0,1.7530282913623756,1.8689970792492059,2020-07-10,2021-07-10,2021-07-10,365,1
1125,2021-07-10,Random Forest,0,1.7530282913623756,1.818138426919507,2020-07-10,2021-07-10,2021-07-10,365,1
1126,2021-07-10,Neural Network,0,1.7530282913623756,1.8778275499158839,2020-07-10,2021-07-10,2021-07-10,365,1
1127,2021-07-10,Naive,0,1.7530282913623756,1.8184830982947127,2020-07-10,2021-07-10,2021-07-10,365,1
1128,2021-07-11,Decision Tree,0,1.8039915640827224,1.8786165596612143,2020-07-11,2021-07-11,2021-07-11,365,1
1129,2021-07-11,Random Forest,0,1.8039915640827224,1.8453586592049651,2020-07-11,2021-07-11,2021-07-11,365,1
1130,2021-07-11,Neural Network,0,1.8039915640827224,1.9538502987049133,2020-07-11,2021-07-11,2021-07-11,365,1
1131,2021-07-11,Naive,0,1.8039915640827224,1.7530282913623756,2020-07-11,2021-07-11,2021-07-11,365,1
1132,2021-07-12,Decision Tree,0,1.7234724956288838,1.7576333523938925,2020-07-12,2021-07-12,2021-07-12,365,1
1133,2021-07-12,Random Forest,0,1.7234724956288838,1.7419480688951494,2020-07-12,2021-07-12,2021-07-12,365,1
1134,2021-07-12,Neural Network,0,1.7234724956288838,1.7102957649689559,2020-07-12,2021-07-12,2021-07-12,365,1
1135,2021-07-12,Naive,0,1.7234724956288838,1.8039915640827224,2020-07-12,2021-07-12,2021-07-12,365,1
1136,2021-07-13,Decision Tree,0,1.8231700219246791,1.869288435213903,2020-07-13,2021-07-13,2021-07-13,365,1
1137,2021-07-13,Random Forest,0,1.8231700219246791,1.8599988310050222,2020-07-13,2021-07-13,2021-07-13,365,1
1138,2021-07-13,Neural Network,0,1.8231700219246791,1.893227947517725,2020-07-13,2021-07-13,2021-07-13,365,1
1139,2021-07-13,Naive,0,1.8231700219246791,1.7234724956288838,2020-07-13,2021-07-13,2021-07-13,365,1
1140,2021-07-14,Decision Tree,0,1.6017856228861616,1.6821110585318664,2020-07-14,2021-07-14,2021-07-14,365,1
1141,2021-07-14,Random Forest,0,1.6017856228861616,1.7038122655043797,2020-07-14,2021-07-14,2021-07-14,365,1
1142,2021-07-14,Neural Network,0,1.6017856228861616,1.69123149643197,2020-07-14,2021-07-14,2021-07-14,365,1
1143,2021-07-14,Naive,0,1.6017856228861616,1.8231700219246791,2020-07-14,2021-07-14,2021-07-14,365,1
1144,2021-07-15,Decision Tree,0,1.5964541771336478,1.6635151127437797,2020-07-15,2021-07-15,2021-07-15,365,1
1145,2021-07-15,Random Forest,0,1.5964541771336478,1.6617870350611528,2020-07-15,2021-07-15,2021-07-15,365,1
1146,2021-07-15,Neural Network,0,1.5964541771336478,1.6849810144372184,2020-07-15,2021-07-15,2021-07-15,365,1
1147,2021-07-15,Naive,0,1.5964541771336478,1.6017856228861616,2020-07-15,2021-07-15,2021-07-15,365,1
1148,2021-07-16,Decision Tree,0,1.621087378300266,1.7565971795470894,2020-07-16,2021-07-16,2021-07-16,365,1
1149,2021-07-16,Random Forest,0,1.621087378300266,1.7201146805043463,2020-07-16,2021-07-16,2021-07-16,365,1
1150,2021-07-16,Neural Network,0,1.621087378300266,1.7090242666380766,2020-07-16,2021-07-16,2021-07-16,365,1
1151,2021-07-16,Naive,0,1.621087378300266,1.5964541771336478,2020-07-16,2021-07-16,2021-07-16,365,1
1152,2021-07-17,Decision Tree,0,1.4697823392819078,1.6080400870887435,2020-07-17,2021-07-17,2021-07-17,365,1
1153,2021-07-17,Random Forest,0,1.4697823392819078,1.5805851722494006,2020-07-17,2021-07-17,2021-07-17,365,1
1154,2021-07-17,Neural Network,0,1.4697823392819078,1.6019082153410404,2020-07-17,2021-07-17,2021-07-17,365,1
1155,2021-07-17,Naive,0,1.4697823392819078,1.621087378300266,2020-07-17,2021-07-17,2021-07-17,365,1
1156,2021-07-18,Decision Tree,0,1.159683318266072,1.3701873921572436,2020-07-18,2021-07-18,2021-07-18,365,1
1157,2021-07-18,Random Forest,0,1.159683318266072,1.3667831088900517,2020-07-18,2021-07-18,2021-07-18,365,1
1158,2021-07-18,Neural Network,0,1.159683318266072,1.2460101496993863,2020-07-18,2021-07-18,2021-07-18,365,1
1159,2021-07-18,Naive,0,1.159683318266072,1.4697823392819078,2020-07-18,2021-07-18,2021-07-18,365,1
1160,2021-07-19,Decision Tree,0,1.4732964732859426,1.523353121938157,2020-07-19,2021-07-19,2021-07-19,365,1
1161,2021-07-19,Random Forest,0,1.4732964732859426,1.5210314924908843,2020-07-19,2021-07-19,2021-07-19,365,1
1162,2021-07-19,Neural Network,0,1.4732964732859426,1.521841553356719,2020-07-19,2021-07-19,2021-07-19,365,1
1163,2021-07-19,Naive,0,1.4732964732859426,1.159683318266072,2020-07-19,2021-07-19,2021-07-19,365,1
1164,2021-07-20,Decision Tree,0,1.7477651360511972,1.756363591995084,2020-07-20,2021-07-20,2021-07-20,365,1
1165,2021-07-20,Random Forest,0,1.7477651360511972,1.776714396863974,2020-07-20,2021-07-20,2021-07-20,365,1
1166,2021-07-20,Neural Network,0,1.7477651360511972,1.8131875166641496,2020-07-20,2021-07-20,2021-07-20,365,1
1167,2021-07-20,Naive,0,1.7477651360511972,1.4732964732859426,2020-07-20,2021-07-20,2021-07-20,365,1
1168,2021-07-21,Decision Tree,0,1.6675852340133657,1.7549305160044362,2020-07-21,2021-07-21,2021-07-21,365,1
1169,2021-07-21,Random Forest,0,1.6675852340133657,1.7378887586890432,2020-07-21,2021-07-21,2021-07-21,365,1
1170,2021-07-21,Neural Network,0,1.6675852340133657,1.7537788598688395,2020-07-21,2021-07-21,2021-07-21,365,1
1171,2021-07-21,Naive,0,1.6675852340133657,1.7477651360511972,2020-07-21,2021-07-21,2021-07-21,365,1
1172,2021-07-22,Decision Tree,0,1.6850276522621312,1.7466856191869071,2020-07-22,2021-07-22,2021-07-22,365,1
1173,2021-07-22,Random Forest,0,1.6850276522621312,1.7345390330818498,2020-07-22,2021-07-22,2021-07-22,365,1
1174,2021-07-22,Neural Network,0,1.6850276522621312,1.8348457830317848,2020-07-22,2021-07-22,2021-07-22,365,1
1175,2021-07-22,Naive,0,1.6850276522621312,1.6675852340133657,2020-07-22,2021-07-22,2021-07-22,365,1
1176,2021-07-23,Decision Tree,0,1.744597107254622,1.7547258784622124,2020-07-23,2021-07-23,2021-07-23,365,1
1177,2021-07-23,Random Forest,0,1.744597107254622,1.766913483671908,2020-07-23,2021-07-23,2021-07-23,365,1
1178,2021-07-23,Neural Network,0,1.744597107254622,1.8732177684541997,2020-07-23,2021-07-23,2021-07-23,365,1
1179,2021-07-23,Naive,0,1.744597107254622,1.6850276522621312,2020-07-23,2021-07-23,2021-07-23,365,1
1180,2021-07-24,Decision Tree,0,1.72352304463619,1.7541047493324449,2020-07-24,2021-07-24,2021-07-24,365,1
1181,2021-07-24,Random Forest,0,1.72352304463619,1.7606121246209347,2020-07-24,2021-07-24,2021-07-24,365,1
1182,2021-07-24,Neural Network,0,1.72352304463619,1.6331598580025175,2020-07-24,2021-07-24,2021-07-24,365,1
1183,2021-07-24,Naive,0,1.72352304463619,1.744597107254622,2020-07-24,2021-07-24,2021-07-24,365,1
1184,2021-07-25,Decision Tree,0,1.029035540530014,1.1616109236344396,2020-07-25,2021-07-25,2021-07-25,365,1
1185,2021-07-25,Random Forest,0,1.029035540530014,1.1886600734330255,2020-07-25,2021-07-25,2021-07-25,365,1
1186,2021-07-25,Neural Network,0,1.029035540530014,1.0324274122108048,2020-07-25,2021-07-25,2021-07-25,365,1
1187,2021-07-25,Naive,0,1.029035540530014,1.72352304463619,2020-07-25,2021-07-25,2021-07-25,365,1
1188,2021-07-26,Decision Tree,0,1.511502090370795,1.655132495792513,2020-07-26,2021-07-26,2021-07-26,365,1
1189,2021-07-26,Random Forest,0,1.511502090370795,1.6450080228638864,2020-07-26,2021-07-26,2021-07-26,365,1
1190,2021-07-26,Neural Network,0,1.511502090370795,1.5516718631308204,2020-07-26,2021-07-26,2021-07-26,365,1
1191,2021-07-26,Naive,0,1.511502090370795,1.029035540530014,2020-07-26,2021-07-26,2021-07-26,365,1
1192,2021-07-27,Decision Tree,0,1.613853586386477,1.6936971819655202,2020-07-27,2021-07-27,2021-07-27,365,1
1193,2021-07-27,Random Forest,0,1.613853586386477,1.7120062676819408,2020-07-27,2021-07-27,2021-07-27,365,1
1194,2021-07-27,Neural Network,0,1.613853586386477,1.7311944497342802,2020-07-27,2021-07-27,2021-07-27,365,1
1195,2021-07-27,Naive,0,1.613853586386477,1.511502090370795,2020-07-27,2021-07-27,2021-07-27,365,1
1196,2021-07-28,Decision Tree,0,1.6628955839079158,1.7262800302630448,2020-07-28,2021-07-28,2021-07-28,365,1
1197,2021-07-28,Random Forest,0,1.6628955839079158,1.7135252487931822,2020-07-28,2021-07-28,2021-07-28,365,1
1198,2021-07-28,Neural Network,0,1.6628955839079158,1.7209428456450033,2020-07-28,2021-07-28,2021-07-28,365,1
1199,2021-07-28,Naive,0,1.6628955839079158,1.613853586386477,2020-07-28,2021-07-28,2021-07-28,365,1
1200,2021-07-29,Decision Tree,0,0.8834585477240557,1.1323068131123593,2020-07-29,2021-07-29,2021-07-29,365,1
1201,2021-07-29,Random Forest,0,0.8834585477240557,1.1382124487339296,2020-07-29,2021-07-29,2021-07-29,365,1
1202,2021-07-29,Neural Network,0,0.8834585477240557,1.0247618116386576,2020-07-29,2021-07-29,2021-07-29,365,1
1203,2021-07-29,Naive,0,0.8834585477240557,1.6628955839079158,2020-07-29,2021-07-29,2021-07-29,365,1
1204,2021-07-30,Decision Tree,0,1.1235567588624222,1.3199187067663996,2020-07-30,2021-07-30,2021-07-30,365,1
1205,2021-07-30,Random Forest,0,1.1235567588624222,1.253131835678057,2020-07-30,2021-07-30,2021-07-30,365,1
1206,2021-07-30,Neural Network,0,1.1235567588624222,1.3575039061383067,2020-07-30,2021-07-30,2021-07-30,365,1
1207,2021-07-30,Naive,0,1.1235567588624222,0.8834585477240557,2020-07-30,2021-07-30,2021-07-30,365,1
1208,2021-07-31,Decision Tree,0,1.0128137569849303,1.2350408064655571,2020-07-31,2021-07-31,2021-07-31,365,1
1209,2021-07-31,Random Forest,0,1.0128137569849303,1.1564767208770617,2020-07-31,2021-07-31,2021-07-31,365,1
1210,2021-07-31,Neural Network,0,1.0128137569849303,1.0995665565039139,2020-07-31,2021-07-31,2021-07-31,365,1
1211,2021-07-31,Naive,0,1.0128137569849303,1.1235567588624222,2020-07-31,2021-07-31,2021-07-31,365,1
1212,2021-08-01,Decision Tree,0,0.7684648011656868,0.9929581275491923,2020-08-01,2021-08-01,2021-08-01,365,1
1213,2021-08-01,Random Forest,0,0.7684648011656868,0.9815020765851779,2020-08-01,2021-08-01,2021-08-01,365,1
1214,2021-08-01,Neural Network,0,0.7684648011656868,0.7608476810883849,2020-08-01,2021-08-01,2021-08-01,365,1
1215,2021-08-01,Naive,0,0.7684648011656868,1.0128137569849303,2020-08-01,2021-08-01,2021-08-01,365,1
1216,2021-08-02,Decision Tree,0,1.1015632399919553,1.0417095844734987,2020-08-02,2021-08-02,2021-08-02,365,1
1217,2021-08-02,Random Forest,0,1.1015632399919553,1.1872431424718526,2020-08-02,2021-08-02,2021-08-02,365,1
1218,2021-08-02,Neural Network,0,1.1015632399919553,1.2725434233796247,2020-08-02,2021-08-02,2021-08-02,365,1
1219,2021-08-02,Naive,0,1.1015632399919553,0.7684648011656868,2020-08-02,2021-08-02,2021-08-02,365,1
1220,2021-08-03,Decision Tree,0,1.7085359467577697,1.7250618853328434,2020-08-03,2021-08-03,2021-08-03,365,1
1221,2021-08-03,Random Forest,0,1.7085359467577697,1.7293445989685332,2020-08-03,2021-08-03,2021-08-03,365,1
1222,2021-08-03,Neural Network,0,1.7085359467577697,1.792647809291827,2020-08-03,2021-08-03,2021-08-03,365,1
1223,2021-08-03,Naive,0,1.7085359467577697,1.1015632399919553,2020-08-03,2021-08-03,2021-08-03,365,1
1224,2021-08-04,Decision Tree,0,1.7193180023704404,1.7227010369649758,2020-08-04,2021-08-04,2021-08-04,365,1
1225,2021-08-04,Random Forest,0,1.7193180023704404,1.7297857915608306,2020-08-04,2021-08-04,2021-08-04,365,1
1226,2021-08-04,Neural Network,0,1.7193180023704404,1.861375848906501,2020-08-04,2021-08-04,2021-08-04,365,1
1227,2021-08-04,Naive,0,1.7193180023704404,1.7085359467577697,2020-08-04,2021-08-04,2021-08-04,365,1
1228,2021-08-05,Decision Tree,0,1.7067995347683642,1.722278157640659,2020-08-05,2021-08-05,2021-08-05,365,1
1229,2021-08-05,Random Forest,0,1.7067995347683642,1.7158251352546476,2020-08-05,2021-08-05,2021-08-05,365,1
1230,2021-08-05,Neural Network,0,1.7067995347683642,1.8403170570518679,2020-08-05,2021-08-05,2021-08-05,365,1
1231,2021-08-05,Naive,0,1.7067995347683642,1.7193180023704404,2020-08-05,2021-08-05,2021-08-05,365,1
1232,2021-08-06,Decision Tree,0,1.2034874084935996,1.391388808273295,2020-08-06,2021-08-06,2021-08-06,365,1
1233,2021-08-06,Random Forest,0,1.2034874084935996,1.3348100793883595,2020-08-06,2021-08-06,2021-08-06,365,1
1234,2021-08-06,Neural Network,0,1.2034874084935996,1.2347429044743294,2020-08-06,2021-08-06,2021-08-06,365,1
1235,2021-08-06,Naive,0,1.2034874084935996,1.7067995347683642,2020-08-06,2021-08-06,2021-08-06,365,1
1236,2021-08-07,Decision Tree,0,1.1865995677137575,1.3600719083100126,2020-08-07,2021-08-07,2021-08-07,365,1
1237,2021-08-07,Random Forest,0,1.1865995677137575,1.2379806950123224,2020-08-07,2021-08-07,2021-08-07,365,1
1238,2021-08-07,Neural Network,0,1.1865995677137575,1.2504532146102108,2020-08-07,2021-08-07,2021-08-07,365,1
1239,2021-08-07,Naive,0,1.1865995677137575,1.2034874084935996,2020-08-07,2021-08-07,2021-08-07,365,1
1240,2021-08-08,Decision Tree,0,-1.031961846454131,-1.1340245345395465,2020-08-08,2021-08-08,2021-08-08,365,1
1241,2021-08-08,Random Forest,0,-1.031961846454131,-1.1572192857387966,2020-08-08,2021-08-08,2021-08-08,365,1
1242,2021-08-08,Neural Network,0,-1.031961846454131,-0.4482683788271567,2020-08-08,2021-08-08,2021-08-08,365,1
1243,2021-08-08,Naive,0,-1.031961846454131,1.1865995677137575,2020-08-08,2021-08-08,2021-08-08,365,1
1244,2021-08-09,Decision Tree,0,0.3314226961555357,0.6086361211306225,2020-08-09,2021-08-09,2021-08-09,365,1
1245,2021-08-09,Random Forest,0,0.3314226961555357,0.5878950435772464,2020-08-09,2021-08-09,2021-08-09,365,1
1246,2021-08-09,Neural Network,0,0.3314226961555357,0.06464836419660708,2020-08-09,2021-08-09,2021-08-09,365,1
1247,2021-08-09,Naive,0,0.3314226961555357,-1.031961846454131,2020-08-09,2021-08-09,2021-08-09,365,1
1248,2021-08-10,Decision Tree,0,1.4357026689584742,1.5048185329881016,2020-08-10,2021-08-10,2021-08-10,365,1
1249,2021-08-10,Random Forest,0,1.4357026689584742,1.5045295078179783,2020-08-10,2021-08-10,2021-08-10,365,1
1250,2021-08-10,Neural Network,0,1.4357026689584742,1.4028997030769879,2020-08-10,2021-08-10,2021-08-10,365,1
1251,2021-08-10,Naive,0,1.4357026689584742,0.3314226961555357,2020-08-10,2021-08-10,2021-08-10,365,1
1252,2021-08-11,Decision Tree,0,1.8002511912361587,1.8641641670706557,2020-08-11,2021-08-11,2021-08-11,365,1
1253,2021-08-11,Random Forest,0,1.8002511912361587,1.8952386527260126,2020-08-11,2021-08-11,2021-08-11,365,1
1254,2021-08-11,Neural Network,0,1.8002511912361587,1.9718477046684335,2020-08-11,2021-08-11,2021-08-11,365,1
1255,2021-08-11,Naive,0,1.8002511912361587,1.4357026689584742,2020-08-11,2021-08-11,2021-08-11,365,1
1256,2021-08-12,Decision Tree,0,1.8913484501366078,1.8878127441856136,2020-08-12,2021-08-12,2021-08-12,365,1
1257,2021-08-12,Random Forest,0,1.8913484501366078,1.8745512578710608,2020-08-12,2021-08-12,2021-08-12,365,1
1258,2021-08-12,Neural Network,0,1.8913484501366078,2.0696916054550005,2020-08-12,2021-08-12,2021-08-12,365,1
1259,2021-08-12,Naive,0,1.8913484501366078,1.8002511912361587,2020-08-12,2021-08-12,2021-08-12,365,1
1260,2021-08-13,Decision Tree,0,1.8576571852397497,1.8963801342101079,2020-08-13,2021-08-13,2021-08-13,365,1
1261,2021-08-13,Random Forest,0,1.8576571852397497,1.8910354421215372,2020-08-13,2021-08-13,2021-08-13,365,1
1262,2021-08-13,Neural Network,0,1.8576571852397497,1.9968482125982083,2020-08-13,2021-08-13,2021-08-13,365,1
1263,2021-08-13,Naive,0,1.8576571852397497,1.8913484501366078,2020-08-13,2021-08-13,2021-08-13,365,1
1264,2021-08-14,Decision Tree,0,1.5232531707395924,1.5889365710154695,2020-08-14,2021-08-14,2021-08-14,365,1
1265,2021-08-14,Random Forest,0,1.5232531707395924,1.5919617459560138,2020-08-14,2021-08-14,2021-08-14,365,1
1266,2021-08-14,Neural Network,0,1.5232531707395924,1.583643005157219,2020-08-14,2021-08-14,2021-08-14,365,1
1267,2021-08-14,Naive,0,1.5232531707395924,1.8576571852397497,2020-08-14,2021-08-14,2021-08-14,365,1
1268,2021-08-15,Decision Tree,0,1.4149655163778931,1.4708249437609024,2020-08-15,2021-08-15,2021-08-15,365,1
1269,2021-08-15,Random Forest,0,1.4149655163778931,1.4891121787552866,2020-08-15,2021-08-15,2021-08-15,365,1
1270,2021-08-15,Neural Network,0,1.4149655163778931,1.2410487261508476,2020-08-15,2021-08-15,2021-08-15,365,1
1271,2021-08-15,Naive,0,1.4149655163778931,1.5232531707395924,2020-08-15,2021-08-15,2021-08-15,365,1
1272,2021-08-16,Decision Tree,0,1.26402822977296,1.4627416815574197,2020-08-16,2021-08-16,2021-08-16,365,1
1273,2021-08-16,Random Forest,0,1.26402822977296,1.4539755604157267,2020-08-16,2021-08-16,2021-08-16,365,1
1274,2021-08-16,Neural Network,0,1.26402822977296,1.352799626401358,2020-08-16,2021-08-16,2021-08-16,365,1
1275,2021-08-16,Naive,0,1.26402822977296,1.4149655163778931,2020-08-16,2021-08-16,2021-08-16,365,1
1276,2021-08-17,Decision Tree,0,0.9892709300769974,1.070958675724744,2020-08-17,2021-08-17,2021-08-17,365,1
1277,2021-08-17,Random Forest,0,0.9892709300769974,1.1010161784246026,2020-08-17,2021-08-17,2021-08-17,365,1
1278,2021-08-17,Neural Network,0,0.9892709300769974,1.0247087905486314,2020-08-17,2021-08-17,2021-08-17,365,1
1279,2021-08-17,Naive,0,0.9892709300769974,1.26402822977296,2020-08-17,2021-08-17,2021-08-17,365,1
1280,2021-08-18,Decision Tree,0,1.0544782763534264,1.0607477075187755,2020-08-18,2021-08-18,2021-08-18,365,1
1281,2021-08-18,Random Forest,0,1.0544782763534264,1.1437871880446815,2020-08-18,2021-08-18,2021-08-18,365,1
1282,2021-08-18,Neural Network,0,1.0544782763534264,0.949389382355895,2020-08-18,2021-08-18,2021-08-18,365,1
1283,2021-08-18,Naive,0,1.0544782763534264,0.9892709300769974,2020-08-18,2021-08-18,2021-08-18,365,1
1284,2021-08-19,Decision Tree,0,1.1767072495358921,1.3352901453676902,2020-08-19,2021-08-19,2021-08-19,365,1
1285,2021-08-19,Random Forest,0,1.1767072495358921,1.2709534161166431,2020-08-19,2021-08-19,2021-08-19,365,1
1286,2021-08-19,Neural Network,0,1.1767072495358921,1.3438580965125126,2020-08-19,2021-08-19,2021-08-19,365,1
1287,2021-08-19,Naive,0,1.1767072495358921,1.0544782763534264,2020-08-19,2021-08-19,2021-08-19,365,1
1288,2021-08-20,Decision Tree,0,1.832801497228276,1.8899263093817147,2020-08-20,2021-08-20,2021-08-20,365,1
1289,2021-08-20,Random Forest,0,1.832801497228276,1.8804116431797417,2020-08-20,2021-08-20,2021-08-20,365,1
1290,2021-08-20,Neural Network,0,1.832801497228276,2.005128642347591,2020-08-20,2021-08-20,2021-08-20,365,1
1291,2021-08-20,Naive,0,1.832801497228276,1.1767072495358921,2020-08-20,2021-08-20,2021-08-20,365,1
1292,2021-08-21,Decision Tree,0,1.9488382512938136,1.8935902049237885,2020-08-21,2021-08-21,2021-08-21,365,1
1293,2021-08-21,Random Forest,0,1.9488382512938136,1.8948740067780936,2020-08-21,2021-08-21,2021-08-21,365,1
1294,2021-08-21,Neural Network,0,1.9488382512938136,2.2136882712034605,2020-08-21,2021-08-21,2021-08-21,365,1
1295,2021-08-21,Naive,0,1.9488382512938136,1.832801497228276,2020-08-21,2021-08-21,2021-08-21,365,1
1296,2021-08-22,Decision Tree,0,1.6403443916801674,1.7560006654502676,2020-08-22,2021-08-22,2021-08-22,365,1
1297,2021-08-22,Random Forest,0,1.6403443916801674,1.7305254340543461,2020-08-22,2021-08-22,2021-08-22,365,1
1298,2021-08-22,Neural Network,0,1.6403443916801674,1.774686130750657,2020-08-22,2021-08-22,2021-08-22,365,1
1299,2021-08-22,Naive,0,1.6403443916801674,1.9488382512938136,2020-08-22,2021-08-22,2021-08-22,365,1
1300,2021-08-23,Decision Tree,0,1.4445941169009608,1.4627416815574197,2020-08-23,2021-08-23,2021-08-23,365,1
1301,2021-08-23,Random Forest,0,1.4445941169009608,1.5173906811291955,2020-08-23,2021-08-23,2021-08-23,365,1
1302,2021-08-23,Neural Network,0,1.4445941169009608,1.4932046762016884,2020-08-23,2021-08-23,2021-08-23,365,1
1303,2021-08-23,Naive,0,1.4445941169009608,1.6403443916801674,2020-08-23,2021-08-23,2021-08-23,365,1
1304,2021-08-24,Decision Tree,0,1.5423338119713697,1.7235663997343378,2020-08-24,2021-08-24,2021-08-24,365,1
1305,2021-08-24,Random Forest,0,1.5423338119713697,1.7002047446177218,2020-08-24,2021-08-24,2021-08-24,365,1
1306,2021-08-24,Neural Network,0,1.5423338119713697,1.5381154957263843,2020-08-24,2021-08-24,2021-08-24,365,1
1307,2021-08-24,Naive,0,1.5423338119713697,1.4445941169009608,2020-08-24,2021-08-24,2021-08-24,365,1
1308,2021-08-25,Decision Tree,0,1.5829367120280664,1.7116807950512587,2020-08-25,2021-08-25,2021-08-25,365,1
1309,2021-08-25,Random Forest,0,1.5829367120280664,1.7027813980352662,2020-08-25,2021-08-25,2021-08-25,365,1
1310,2021-08-25,Neural Network,0,1.5829367120280664,1.7192895250162255,2020-08-25,2021-08-25,2021-08-25,365,1
1311,2021-08-25,Naive,0,1.5829367120280664,1.5423338119713697,2020-08-25,2021-08-25,2021-08-25,365,1
1312,2021-08-26,Decision Tree,0,1.3796741055175792,1.4356340545023047,2020-08-26,2021-08-26,2021-08-26,365,1
1313,2021-08-26,Random Forest,0,1.3796741055175792,1.458293933196457,2020-08-26,2021-08-26,2021-08-26,365,1
1314,2021-08-26,Neural Network,0,1.3796741055175792,1.788114698280027,2020-08-26,2021-08-26,2021-08-26,365,1
1315,2021-08-26,Naive,0,1.3796741055175792,1.5829367120280664,2020-08-26,2021-08-26,2021-08-26,365,1
1316,2021-08-27,Decision Tree,0,1.6613514295692589,1.8364481003572188,2020-08-27,2021-08-27,2021-08-27,365,1
1317,2021-08-27,Random Forest,0,1.6613514295692589,1.8247125325845468,2020-08-27,2021-08-27,2021-08-27,365,1
1318,2021-08-27,Neural Network,0,1.6613514295692589,1.9169636581962728,2020-08-27,2021-08-27,2021-08-27,365,1
1319,2021-08-27,Naive,0,1.6613514295692589,1.3796741055175792,2020-08-27,2021-08-27,2021-08-27,365,1
1320,2021-08-28,Decision Tree,0,1.6902823863645648,1.8402474772106383,2020-08-28,2021-08-28,2021-08-28,365,1
1321,2021-08-28,Random Forest,0,1.6902823863645648,1.8569493215183699,2020-08-28,2021-08-28,2021-08-28,365,1
1322,2021-08-28,Neural Network,0,1.6902823863645648,1.976667153129076,2020-08-28,2021-08-28,2021-08-28,365,1
1323,2021-08-28,Naive,0,1.6902823863645648,1.6613514295692589,2020-08-28,2021-08-28,2021-08-28,365,1
1324,2021-08-29,Decision Tree,0,1.4655975888767487,1.4294162823928909,2020-08-29,2021-08-29,2021-08-29,365,1
1325,2021-08-29,Random Forest,0,1.4655975888767487,1.5113284088672168,2020-08-29,2021-08-29,2021-08-29,365,1
1326,2021-08-29,Neural Network,0,1.4655975888767487,1.7225200362648456,2020-08-29,2021-08-29,2021-08-29,365,1
1327,2021-08-29,Naive,0,1.4655975888767487,1.6902823863645648,2020-08-29,2021-08-29,2021-08-29,365,1
1328,2021-08-30,Decision Tree,0,1.4979398766727607,1.6234497463226856,2020-08-30,2021-08-30,2021-08-30,365,1
1329,2021-08-30,Random Forest,0,1.4979398766727607,1.5573769819640888,2020-08-30,2021-08-30,2021-08-30,365,1
1330,2021-08-30,Neural Network,0,1.4979398766727607,1.5318932916757404,2020-08-30,2021-08-30,2021-08-30,365,1
1331,2021-08-30,Naive,0,1.4979398766727607,1.4655975888767487,2020-08-30,2021-08-30,2021-08-30,365,1
1332,2021-08-31,Decision Tree,0,1.7856642939972582,1.853777830680126,2020-08-31,2021-08-31,2021-08-31,365,1
1333,2021-08-31,Random Forest,0,1.7856642939972582,1.8448357797687704,2020-08-31,2021-08-31,2021-08-31,365,1
1334,2021-08-31,Neural Network,0,1.7856642939972582,1.864996146713479,2020-08-31,2021-08-31,2021-08-31,365,1
1335,2021-08-31,Naive,0,1.7856642939972582,1.4979398766727607,2020-08-31,2021-08-31,2021-08-31,365,1
1336,2021-09-01,Decision Tree,0,1.7820147249810312,1.842425574566315,2020-09-01,2021-09-01,2021-09-01,365,1
1337,2021-09-01,Random Forest,0,1.7820147249810312,1.8167293953742538,2020-09-01,2021-09-01,2021-09-01,365,1
1338,2021-09-01,Neural Network,0,1.7820147249810312,1.853304734426176,2020-09-01,2021-09-01,2021-09-01,365,1
1339,2021-09-01,Naive,0,1.7820147249810312,1.7856642939972582,2020-09-01,2021-09-01,2021-09-01,365,1
1340,2021-09-02,Decision Tree,0,1.8388031290935363,1.833795453196989,2020-09-02,2021-09-02,2021-09-02,365,1
1341,2021-09-02,Random Forest,0,1.8388031290935363,1.8559648535375353,2020-09-02,2021-09-02,2021-09-02,365,1
1342,2021-09-02,Neural Network,0,1.8388031290935363,2.0610604921442355,2020-09-02,2021-09-02,2021-09-02,365,1
1343,2021-09-02,Naive,0,1.8388031290935363,1.7820147249810312,2020-09-02,2021-09-02,2021-09-02,365,1
1344,2021-09-03,Decision Tree,0,1.8773943797025205,1.9002989082042865,2020-09-03,2021-09-03,2021-09-03,365,1
1345,2021-09-03,Random Forest,0,1.8773943797025205,1.851035410600518,2020-09-03,2021-09-03,2021-09-03,365,1
1346,2021-09-03,Neural Network,0,1.8773943797025205,2.041205015050417,2020-09-03,2021-09-03,2021-09-03,365,1
1347,2021-09-03,Naive,0,1.8773943797025205,1.8388031290935363,2020-09-03,2021-09-03,2021-09-03,365,1
1348,2021-09-04,Decision Tree,0,2.0572574855707195,1.8974358421415658,2020-09-04,2021-09-04,2021-09-04,365,1
1349,2021-09-04,Random Forest,0,2.0572574855707195,1.8772601527543467,2020-09-04,2021-09-04,2021-09-04,365,1
1350,2021-09-04,Neural Network,0,2.0572574855707195,2.328472251639935,2020-09-04,2021-09-04,2021-09-04,365,1
1351,2021-09-04,Naive,0,2.0572574855707195,1.8773943797025205,2020-09-04,2021-09-04,2021-09-04,365,1
1352,2021-09-05,Decision Tree,0,1.9872654063417117,1.7831739563637528,2020-09-05,2021-09-05,2021-09-05,365,1
1353,2021-09-05,Random Forest,0,1.9872654063417117,1.9437242050344274,2020-09-05,2021-09-05,2021-09-05,365,1
1354,2021-09-05,Neural Network,0,1.9872654063417117,2.062781894465945,2020-09-05,2021-09-05,2021-09-05,365,1
1355,2021-09-05,Naive,0,1.9872654063417117,2.0572574855707195,2020-09-05,2021-09-05,2021-09-05,365,1
1356,2021-09-06,Decision Tree,0,1.926893754421538,1.9334845170231516,2020-09-06,2021-09-06,2021-09-06,365,1
1357,2021-09-06,Random Forest,0,1.926893754421538,1.937885947693491,2020-09-06,2021-09-06,2021-09-06,365,1
1358,2021-09-06,Neural Network,0,1.926893754421538,2.0012478071441615,2020-09-06,2021-09-06,2021-09-06,365,1
1359,2021-09-06,Naive,0,1.926893754421538,1.9872654063417117,2020-09-06,2021-09-06,2021-09-06,365,1
1360,2021-09-07,Decision Tree,0,1.9953511697932913,1.959529855466061,2020-09-07,2021-09-07,2021-09-07,365,1
1361,2021-09-07,Random Forest,0,1.9953511697932913,1.882025407462023,2020-09-07,2021-09-07,2021-09-07,365,1
1362,2021-09-07,Neural Network,0,1.9953511697932913,2.2203351650147645,2020-09-07,2021-09-07,2021-09-07,365,1
1363,2021-09-07,Naive,0,1.9953511697932913,1.926893754421538,2020-09-07,2021-09-07,2021-09-07,365,1
1364,2021-09-08,Decision Tree,0,2.0453265777609886,1.9831212134842147,2020-09-08,2021-09-08,2021-09-08,365,1
1365,2021-09-08,Random Forest,0,2.0453265777609886,1.9127632072927303,2020-09-08,2021-09-08,2021-09-08,365,1
1366,2021-09-08,Neural Network,0,2.0453265777609886,2.292765898317404,2020-09-08,2021-09-08,2021-09-08,365,1
1367,2021-09-08,Naive,0,2.0453265777609886,1.9953511697932913,2020-09-08,2021-09-08,2021-09-08,365,1
1368,2021-09-09,Decision Tree,0,1.944929312608842,1.9934887741970104,2020-09-09,2021-09-09,2021-09-09,365,1
1369,2021-09-09,Random Forest,0,1.944929312608842,1.9509895511530233,2020-09-09,2021-09-09,2021-09-09,365,1
1370,2021-09-09,Neural Network,0,1.944929312608842,2.053567994655809,2020-09-09,2021-09-09,2021-09-09,365,1
1371,2021-09-09,Naive,0,1.944929312608842,2.0453265777609886,2020-09-09,2021-09-09,2021-09-09,365,1
1372,2021-09-10,Decision Tree,0,2.0883937558953294,1.9865517082558435,2020-09-10,2021-09-10,2021-09-10,365,1
1373,2021-09-10,Random Forest,0,2.0883937558953294,2.0054929312254113,2020-09-10,2021-09-10,2021-09-10,365,1
1374,2021-09-10,Neural Network,0,2.0883937558953294,2.2658323286283197,2020-09-10,2021-09-10,2021-09-10,365,1
1375,2021-09-10,Naive,0,2.0883937558953294,1.944929312608842,2020-09-10,2021-09-10,2021-09-10,365,1
1376,2021-09-11,Decision Tree,0,2.314885801742441,2.0347188790724084,2020-09-11,2021-09-11,2021-09-11,365,1
1377,2021-09-11,Random Forest,0,2.314885801742441,2.036098070331704,2020-09-11,2021-09-11,2021-09-11,365,1
1378,2021-09-11,Neural Network,0,2.314885801742441,2.4913964478402444,2020-09-11,2021-09-11,2021-09-11,365,1
1379,2021-09-11,Naive,0,2.314885801742441,2.0883937558953294,2020-09-11,2021-09-11,2021-09-11,365,1
1380,2021-09-12,Decision Tree,0,1.8963444772876987,1.930644869573254,2020-09-12,2021-09-12,2021-09-12,365,1
1381,2021-09-12,Random Forest,0,1.8963444772876987,1.915878964540035,2020-09-12,2021-09-12,2021-09-12,365,1
1382,2021-09-12,Neural Network,0,1.8963444772876987,1.861831297938849,2020-09-12,2021-09-12,2021-09-12,365,1
1383,2021-09-12,Naive,0,1.8963444772876987,2.314885801742441,2020-09-12,2021-09-12,2021-09-12,365,1
1384,2021-09-13,Decision Tree,0,2.0032165399448414,2.0814133661840803,2020-09-13,2021-09-13,2021-09-13,365,1
1385,2021-09-13,Random Forest,0,2.0032165399448414,2.0677841894608933,2020-09-13,2021-09-13,2021-09-13,365,1
1386,2021-09-13,Neural Network,0,2.0032165399448414,1.9753288530986863,2020-09-13,2021-09-13,2021-09-13,365,1
1387,2021-09-13,Naive,0,2.0032165399448414,1.8963444772876987,2020-09-13,2021-09-13,2021-09-13,365,1
1388,2021-09-14,Decision Tree,0,2.11287553554637,2.070242391007046,2020-09-14,2021-09-14,2021-09-14,365,1
1389,2021-09-14,Random Forest,0,2.11287553554637,2.1147090021980532,2020-09-14,2021-09-14,2021-09-14,365,1
1390,2021-09-14,Neural Network,0,2.11287553554637,2.388437983094219,2020-09-14,2021-09-14,2021-09-14,365,1
1391,2021-09-14,Naive,0,2.11287553554637,2.0032165399448414,2020-09-14,2021-09-14,2021-09-14,365,1
1392,2021-09-15,Decision Tree,0,2.250058106287905,2.12374783130317,2020-09-15,2021-09-15,2021-09-15,365,1
1393,2021-09-15,Random Forest,0,2.250058106287905,2.1366370079313324,2020-09-15,2021-09-15,2021-09-15,365,1
1394,2021-09-15,Neural Network,0,2.250058106287905,2.322378606655154,2020-09-15,2021-09-15,2021-09-15,365,1
1395,2021-09-15,Naive,0,2.250058106287905,2.11287553554637,2020-09-15,2021-09-15,2021-09-15,365,1
1396,2021-09-16,Decision Tree,0,2.2095685865978334,2.162307955446607,2020-09-16,2021-09-16,2021-09-16,365,1
1397,2021-09-16,Random Forest,0,2.2095685865978334,2.194084248594052,2020-09-16,2021-09-16,2021-09-16,365,1
1398,2021-09-16,Neural Network,0,2.2095685865978334,2.1766052539602607,2020-09-16,2021-09-16,2021-09-16,365,1
1399,2021-09-16,Naive,0,2.2095685865978334,2.250058106287905,2020-09-16,2021-09-16,2021-09-16,365,1
1400,2021-09-17,Decision Tree,0,2.159604455915021,2.154052264200227,2020-09-17,2021-09-17,2021-09-17,365,1
1401,2021-09-17,Random Forest,0,2.159604455915021,2.207224696684174,2020-09-17,2021-09-17,2021-09-17,365,1
1402,2021-09-17,Neural Network,0,2.159604455915021,2.166221909619015,2020-09-17,2021-09-17,2021-09-17,365,1
1403,2021-09-17,Naive,0,2.159604455915021,2.2095685865978334,2020-09-17,2021-09-17,2021-09-17,365,1
1404,2021-09-18,Decision Tree,0,2.376937754149189,2.154746288164576,2020-09-18,2021-09-18,2021-09-18,365,1
1405,2021-09-18,Random Forest,0,2.376937754149189,2.2004099609228356,2020-09-18,2021-09-18,2021-09-18,365,1
1406,2021-09-18,Neural Network,0,2.376937754149189,2.5791383404166406,2020-09-18,2021-09-18,2021-09-18,365,1
1407,2021-09-18,Naive,0,2.376937754149189,2.159604455915021,2020-09-18,2021-09-18,2021-09-18,365,1
1408,2021-09-19,Decision Tree,0,1.4577297781315137,1.6698810028623445,2020-09-19,2021-09-19,2021-09-19,365,1
1409,2021-09-19,Random Forest,0,1.4577297781315137,1.6505000646527948,2020-09-19,2021-09-19,2021-09-19,365,1
1410,2021-09-19,Neural Network,0,1.4577297781315137,1.5669400974586274,2020-09-19,2021-09-19,2021-09-19,365,1
1411,2021-09-19,Naive,0,1.4577297781315137,2.376937754149189,2020-09-19,2021-09-19,2021-09-19,365,1
1412,2021-09-20,Decision Tree,0,1.8157594582173273,1.9575484159559626,2020-09-20,2021-09-20,2021-09-20,365,1
1413,2021-09-20,Random Forest,0,1.8157594582173273,1.894988201038901,2020-09-20,2021-09-20,2021-09-20,365,1
1414,2021-09-20,Neural Network,0,1.8157594582173273,1.7816016992010653,2020-09-20,2021-09-20,2021-09-20,365,1
1415,2021-09-20,Naive,0,1.8157594582173273,1.4577297781315137,2020-09-20,2021-09-20,2021-09-20,365,1
1416,2021-09-21,Decision Tree,0,2.174531334392057,2.179434228829533,2020-09-21,2021-09-21,2021-09-21,365,1
1417,2021-09-21,Random Forest,0,2.174531334392057,2.2103923723485224,2020-09-21,2021-09-21,2021-09-21,365,1
1418,2021-09-21,Neural Network,0,2.174531334392057,2.3508802238724487,2020-09-21,2021-09-21,2021-09-21,365,1
1419,2021-09-21,Naive,0,2.174531334392057,1.8157594582173273,2020-09-21,2021-09-21,2021-09-21,365,1
1420,2021-09-22,Decision Tree,0,1.859802260681346,1.9575484159559626,2020-09-22,2021-09-22,2021-09-22,365,1
1421,2021-09-22,Random Forest,0,1.859802260681346,1.9022782211889229,2020-09-22,2021-09-22,2021-09-22,365,1
1422,2021-09-22,Neural Network,0,1.859802260681346,1.918567115992467,2020-09-22,2021-09-22,2021-09-22,365,1
1423,2021-09-22,Naive,0,1.859802260681346,2.174531334392057,2020-09-22,2021-09-22,2021-09-22,365,1
1424,2021-09-23,Decision Tree,0,1.7057838775616545,1.7793781770969723,2020-09-23,2021-09-23,2021-09-23,365,1
1425,2021-09-23,Random Forest,0,1.7057838775616545,1.822189879836269,2020-09-23,2021-09-23,2021-09-23,365,1
1426,2021-09-23,Neural Network,0,1.7057838775616545,1.8068392563938271,2020-09-23,2021-09-23,2021-09-23,365,1
1427,2021-09-23,Naive,0,1.7057838775616545,1.859802260681346,2020-09-23,2021-09-23,2021-09-23,365,1
1428,2021-09-24,Decision Tree,0,0.9626789794321721,1.2944521066243078,2020-09-24,2021-09-24,2021-09-24,365,1
1429,2021-09-24,Random Forest,0,0.9626789794321721,1.17101706944636,2020-09-24,2021-09-24,2021-09-24,365,1
1430,2021-09-24,Neural Network,0,0.9626789794321721,0.8572956469043197,2020-09-24,2021-09-24,2021-09-24,365,1
1431,2021-09-24,Naive,0,0.9626789794321721,1.7057838775616545,2020-09-24,2021-09-24,2021-09-24,365,1
1432,2021-09-25,Decision Tree,0,1.767234610063364,1.7671124605077526,2020-09-25,2021-09-25,2021-09-25,365,1
1433,2021-09-25,Random Forest,0,1.767234610063364,1.8081580908619481,2020-09-25,2021-09-25,2021-09-25,365,1
1434,2021-09-25,Neural Network,0,1.767234610063364,1.7246699332107727,2020-09-25,2021-09-25,2021-09-25,365,1
1435,2021-09-25,Naive,0,1.767234610063364,0.9626789794321721,2020-09-25,2021-09-25,2021-09-25,365,1
1436,2021-09-26,Decision Tree,0,2.31345886404729,2.2651963166338853,2020-09-26,2021-09-26,2021-09-26,365,1
1437,2021-09-26,Random Forest,0,2.31345886404729,2.288847293194696,2020-09-26,2021-09-26,2021-09-26,365,1
1438,2021-09-26,Neural Network,0,2.31345886404729,2.3870707620435594,2020-09-26,2021-09-26,2021-09-26,365,1
1439,2021-09-26,Naive,0,2.31345886404729,1.767234610063364,2020-09-26,2021-09-26,2021-09-26,365,1
1440,2021-09-27,Decision Tree,0,2.1899945748533565,2.292981822564932,2020-09-27,2021-09-27,2021-09-27,365,1
1441,2021-09-27,Random Forest,0,2.1899945748533565,2.2720167242578317,2020-09-27,2021-09-27,2021-09-27,365,1
1442,2021-09-27,Neural Network,0,2.1899945748533565,2.166631709419537,2020-09-27,2021-09-27,2021-09-27,365,1
1443,2021-09-27,Naive,0,2.1899945748533565,2.31345886404729,2020-09-27,2021-09-27,2021-09-27,365,1
1444,2021-09-28,Decision Tree,0,1.8429503583966622,1.9453301465466353,2020-09-28,2021-09-28,2021-09-28,365,1
1445,2021-09-28,Random Forest,0,1.8429503583966622,1.8495554552973443,2020-09-28,2021-09-28,2021-09-28,365,1
1446,2021-09-28,Neural Network,0,1.8429503583966622,1.8056247509462133,2020-09-28,2021-09-28,2021-09-28,365,1
1447,2021-09-28,Naive,0,1.8429503583966622,2.1899945748533565,2020-09-28,2021-09-28,2021-09-28,365,1
1448,2021-09-29,Decision Tree,0,2.0440135839015308,2.106331524180081,2020-09-29,2021-09-29,2021-09-29,365,1
1449,2021-09-29,Random Forest,0,2.0440135839015308,2.0974697657588943,2020-09-29,2021-09-29,2021-09-29,365,1
1450,2021-09-29,Neural Network,0,2.0440135839015308,1.994904868923113,2020-09-29,2021-09-29,2021-09-29,365,1
1451,2021-09-29,Naive,0,2.0440135839015308,1.8429503583966622,2020-09-29,2021-09-29,2021-09-29,365,1
1452,2021-09-30,Decision Tree,0,1.1509674300342985,1.3124275297760664,2020-09-30,2021-09-30,2021-09-30,365,1
1453,2021-09-30,Random Forest,0,1.1509674300342985,1.3883102619535543,2020-09-30,2021-09-30,2021-09-30,365,1
1454,2021-09-30,Neural Network,0,1.1509674300342985,1.350897773222913,2020-09-30,2021-09-30,2021-09-30,365,1
1455,2021-09-30,Naive,0,1.1509674300342985,2.0440135839015308,2020-09-30,2021-09-30,2021-09-30,365,1
1456,2021-10-01,Decision Tree,0,1.5855470669842724,1.7899115787549154,2020-10-01,2021-10-01,2021-10-01,365,1
1457,2021-10-01,Random Forest,0,1.5855470669842724,1.7595649401822164,2020-10-01,2021-10-01,2021-10-01,365,1
1458,2021-10-01,Neural Network,0,1.5855470669842724,1.8264257163042956,2020-10-01,2021-10-01,2021-10-01,365,1
1459,2021-10-01,Naive,0,1.5855470669842724,1.1509674300342985,2020-10-01,2021-10-01,2021-10-01,365,1
